# Blender 5.2.2 LTS
# www.blender.org
mtllib HoloEsq7.mtl
g Triángulo2BI_Holocron.006
v 4.938992 -2.916867 3.895501
v 4.943459 -4.091076 2.688517
v 4.940693 -3.366282 3.527982
v 4.942207 -3.764288 3.114003
v 4.944576 -4.384791 2.184762
v 4.936859 -2.352388 4.239698
v 5.050671 -2.912829 3.891420
v 5.055134 -4.087042 2.684436
v 5.052372 -3.362244 3.523901
v 5.053886 -3.760254 3.109921
v 5.056252 -4.380755 2.180680
v 5.048538 -2.348352 4.235616
v 4.991928 -2.141020 4.107255
v 4.994320 -2.775035 3.735467
v 4.996021 -3.224674 3.368202
v 4.995342 -3.054661 4.051453
v 4.993473 -2.559721 4.368059
v 5.000839 -4.496942 2.392553
v 4.999809 -4.228938 2.844544
v 4.997044 -3.503852 3.683680
v 4.991333 -1.992313 4.662683
v 4.998783 -3.949180 2.528410
v 4.999989 -4.268609 1.972888
v 4.997536 -3.622467 2.953977
v 5.001747 -4.731779 1.895228
v 4.998558 -3.902076 3.269946
v 5.089718 -4.954255 0.555015
v 5.089161 -4.884338 4.960788
v 5.079998 -0.475817 4.879191
v 4.848751 -4.881859 5.202844
v 0.437344 -4.879859 5.199123
v 4.839561 -0.464665 5.121081
v 4.850227 -5.124652 4.968019
v 4.833328 -5.187884 0.552444
v 0.454010 -5.109303 4.999969
v 3.853573 -5.024512 2.899371
v 2.649891 -5.020231 4.076964
v 3.487316 -5.022500 3.349813
v 3.074455 -5.021069 3.748982
v 2.146961 -5.019946 4.372098
v 4.196186 -5.027501 2.333934
v 3.849915 -5.136242 2.896622
v 2.646233 -5.131964 4.074216
v 3.483658 -5.134232 3.347065
v 3.070801 -5.132801 3.746234
v 2.136726 -5.124520 4.378160
v 4.192528 -5.139231 2.331188
v 4.063370 -5.085493 2.123585
v 3.693363 -5.082076 2.758634
v 3.327362 -5.080064 3.209301
v 4.010128 -5.078676 3.037359
v 4.325344 -5.081240 2.541536
v 2.348717 -5.070284 4.490160
v 2.806519 -5.074396 4.215017
v 3.643616 -5.076668 3.487577
v 4.618374 -5.084445 1.973310
v 2.489605 -5.077798 3.936164
v 1.934971 -5.074181 4.260098
v 2.914253 -5.078635 3.608253
v 3.231003 -5.075235 3.886962
v 2.756485 -3.907107 5.085345
v 3.941208 -2.711130 5.044463
v 3.208759 -3.543133 5.080836
v 3.610390 -3.132921 5.066405
v 4.238785 -2.215635 5.015024
v 2.189869 -4.247677 5.077160
v 2.743378 -3.889796 5.195042
v 3.928101 -2.693818 5.154159
v 3.195648 -3.525824 5.190534
v 3.597279 -3.115609 5.176102
v 4.225677 -2.198323 5.124722
v 2.176758 -4.230366 5.186857
v 1.976357 -4.109095 5.098539
v 2.612591 -3.741276 5.109478
v 3.065086 -3.377556 5.105018
v 2.887272 -4.055626 5.170909
v 2.390274 -4.368947 5.165480
v 4.344639 -2.411491 5.099893
v 4.072060 -2.859723 5.130041
v 3.339321 -3.691402 5.166351
v 1.821346 -4.660290 5.151196
v 3.797249 -2.545227 5.068580
v 4.119820 -2.002467 5.039853
v 3.466503 -2.967097 5.090539
v 4.584740 -1.918172 5.061533
v 3.741169 -3.281430 5.151968
v 4.941483 -3.573352 3.324302
v 4.939861 -3.146593 3.718859
v 4.942863 -3.936380 2.902640
v 4.944004 -4.234194 2.461477
v 4.945221 -4.559029 1.829956
v 4.938053 -2.668906 4.061988
v 4.935261 -1.927382 4.446968
v 5.053158 -3.569318 3.320221
v 5.051537 -3.142557 3.714777
v 5.054543 -3.932342 2.898557
v 5.055683 -4.230160 2.457395
v 5.056900 -4.554994 1.825873
v 5.049732 -2.664870 4.057906
v 5.046936 -1.923346 4.442887
v 4.993347 -2.518327 3.905341
v 4.995190 -3.004903 3.558983
v 4.994438 -2.815451 4.214555
v 5.000343 -4.368841 2.623974
v 4.996212 -3.284249 3.874653
v 4.989254 -1.435646 4.670661
v 4.999340 -4.095511 2.294899
v 4.996807 -3.431665 3.164431
v 4.989769 -1.568404 4.373337
v 5.001759 -4.746174 1.426568
v 4.992428 -2.282323 4.516518
v 5.001301 -4.616539 2.147749
v 4.998192 -3.794491 2.742542
v 5.000824 -4.497483 1.508081
v 4.997829 -3.711002 3.480091
v 4.999214 -4.074230 3.058656
v 4.602173 -5.111796 2.884083
v 2.766441 -2.806945 5.115175
v 5.037052 -2.814796 4.679132
v 3.370396 -3.424301 3.459434
v 5.089439 -4.919297 2.757903
v 5.084579 -2.680077 4.919990
v 5.084858 -2.715036 2.717105
v 2.643047 -4.880859 5.200985
v 4.844154 -2.673261 5.161962
v 2.638451 -2.672261 5.160103
v 4.841778 -5.156269 2.760232
v 2.652119 -5.116978 4.983994
v 2.643669 -5.148594 2.776207
v 3.385826 -5.062029 3.497726
v 4.990757 -3.447530 3.468181
v 3.380264 -3.420653 5.079208
v 5.037292 -2.846398 2.845199
v 2.770367 -4.650308 5.150362
v 2.780876 -5.081638 4.745433
v 5.041195 -4.681088 2.880224
v 4.603966 -2.801974 5.115333
v 3.284218 -5.021708 3.557456
v 3.677574 -5.023438 3.129591
v 2.863575 -5.020578 3.921665
v 2.423252 -5.020024 4.220721
v 1.792648 -5.019977 4.547332
v 4.019363 -5.025763 2.650946
v 4.402264 -5.029956 1.908352
v 3.280563 -5.133441 3.554708
v 3.673920 -5.135171 3.126843
v 2.859921 -5.132311 3.918917
v 2.418774 -5.130860 4.219075
v 1.768429 -5.109339 4.572113
v 4.015709 -5.137496 2.648199
v 4.398609 -5.141686 1.905604
v 3.862514 -5.083383 2.501453
v 3.517525 -5.081004 2.988994
v 4.172558 -5.079876 2.797693
v 2.585522 -5.073710 4.356275
v 3.833973 -5.077606 3.267439
v 4.624794 -5.088703 1.416637
v 2.256504 -5.077174 4.083520
v 3.124172 -5.079274 3.416863
v 4.327847 -5.088852 1.550231
v 1.370270 -5.054459 4.762680
v 4.473026 -5.082790 2.263725
v 2.090294 -5.062183 4.622911
v 2.703300 -5.078145 3.780874
v 1.470783 -5.067136 4.496533
v 3.440609 -5.075877 3.695299
v 3.020195 -5.074743 4.059710
v 3.417572 -3.341332 5.074708
v 2.987534 -3.732199 5.084363
v 3.784447 -2.923414 5.056347
v 4.086437 -2.486506 5.030626
v 4.414074 -1.872375 4.997995
v 2.507401 -4.071893 5.083554
v 1.763893 -4.452585 5.064879
v 3.404461 -3.324019 5.184403
v 2.974426 -3.714888 5.194060
v 3.771336 -2.906103 5.166045
v 4.073326 -2.469195 5.140324
v 4.400963 -1.855064 5.107693
v 2.494286 -4.054582 5.193251
v 1.750782 -4.435274 5.174576
v 2.354744 -3.909407 5.107329
v 2.843777 -3.566526 5.108526
v 2.646942 -4.217069 5.169475
v 4.214161 -2.641007 5.116116
v 3.118183 -3.880561 5.169898
v 1.266663 -4.667030 5.104032
v 3.945602 -2.314694 5.054833
v 3.273819 -3.175663 5.098871
v 1.402596 -4.372086 5.080438
v 4.597301 -1.477343 5.035062
v 2.112076 -4.515771 5.159019
v 4.466816 -2.168667 5.081356
v 3.640495 -2.757521 5.080468
v 4.348221 -1.558775 5.024334
v 3.548214 -3.489688 5.160241
v 3.915287 -3.071996 5.141925
v 4.943409 -3.071936 4.070753
v 4.939552 -3.070327 4.068918
v 4.941936 -3.072207 4.071052
v 4.940689 -3.071996 4.070808
v 4.939850 -3.071338 4.070058
v 4.942768 -3.917726 3.287392
v 4.946625 -3.919351 3.289245
v 4.943066 -3.918741 3.288540
v 4.943901 -3.919405 3.289295
v 4.945152 -3.919620 3.289543
v 4.938431 -2.763416 3.722098
v 4.942394 -2.761547 3.720003
v 4.938728 -2.762385 3.720934
v 4.939587 -2.761667 3.720126
v 4.940872 -2.761373 3.719800
v 4.945610 -3.608978 2.938515
v 4.941647 -3.610853 2.940615
v 4.944092 -3.608807 2.938312
v 4.942802 -3.609100 2.938640
v 4.941944 -3.609821 2.939449
v 4.945107 -3.521128 3.702981
v 4.941254 -3.519520 3.701147
v 4.943638 -3.521398 3.703279
v 4.942387 -3.521186 3.703035
v 4.941551 -3.520528 3.702287
v 4.944096 -3.211188 3.352738
v 4.940136 -3.213049 3.354825
v 4.942577 -3.211014 3.352534
v 4.941288 -3.211306 3.352859
v 4.940434 -3.212020 3.353663
v 4.946865 -3.935696 2.512949
v 4.942894 -3.937601 2.515084
v 4.945343 -3.935524 2.512748
v 4.944054 -3.935825 2.513083
v 4.943195 -3.936555 2.513903
v 4.944016 -4.244551 2.861950
v 4.947891 -4.246209 2.863838
v 4.944313 -4.245581 2.863113
v 4.945156 -4.246254 2.863879
v 4.946411 -4.246474 2.864134
v 4.948078 -4.255125 1.957429
v 4.944099 -4.256550 1.960546
v 4.946552 -4.254915 1.957301
v 4.945259 -4.255114 1.957849
v 4.944397 -4.255689 1.958989
v 4.945049 -4.513034 2.408979
v 4.948944 -4.514204 2.411839
v 4.945351 -4.513877 2.410515
v 4.946194 -4.514396 2.411599
v 4.947456 -4.514510 2.412064
v 4.949883 -4.747110 0.946891
v 4.945858 -4.741869 0.959458
v 4.949852 -4.745229 0.946334
v 4.948345 -4.746403 0.949729
v 4.947041 -4.745158 0.953112
v 4.948513 -4.746189 0.947507
v 4.947239 -4.745183 0.949708
v 4.947639 -4.745051 0.948225
v 4.946159 -4.741823 0.956193
v 4.947025 -4.742444 0.952552
v 4.946167 -4.743565 0.956529
v 4.946609 -4.743697 0.952644
v 4.947231 -4.744031 0.949468
v 4.950226 -4.746643 0.944996
v 4.948322 -4.743641 0.949091
v 4.948502 -4.744891 0.947203
v 4.948608 -4.745836 0.946189
v 4.949883 -4.749032 1.914502
v 4.945953 -4.746071 1.915661
v 4.948383 -4.749205 1.915037
v 4.947113 -4.748703 1.915444
v 4.946259 -4.747602 1.915663
v 4.941555 -2.576993 4.387353
v 4.937679 -2.574296 4.386159
v 4.940075 -2.577182 4.387702
v 4.938820 -2.576735 4.387597
v 4.937977 -2.575721 4.387055
v 4.936043 -2.130565 4.093290
v 4.940002 -2.127533 4.091792
v 4.936340 -2.129088 4.092354
v 4.937195 -2.127994 4.091741
v 4.938484 -2.127448 4.091544
v 4.935555 -2.010236 4.679138
v 4.939438 -2.009574 4.681968
v 4.935848 -2.010379 4.680664
v 4.936691 -2.010303 4.681738
v 4.937954 -2.010020 4.682194
v 4.935287 -0.869898 4.663262
v 4.935268 -0.869415 4.661440
v 4.931347 -0.883355 4.658084
v 4.935501 -0.868573 4.663165
v 4.933773 -0.872941 4.662548
v 4.933914 -0.870687 4.662306
v 4.933994 -0.869358 4.661945
v 4.933056 -0.871528 4.661164
v 4.933762 -0.872395 4.659831
v 4.932484 -0.876092 4.658629
v 4.935493 -0.868309 4.662179
v 4.933910 -0.870430 4.661032
v 4.932667 -0.872863 4.660160
v 4.931641 -0.880220 4.659744
v 4.932491 -0.876564 4.661311
v 4.931637 -0.879940 4.658013
v 4.932064 -0.876184 4.659843
v 4.932671 -0.873064 4.661297
v 5.051109 -3.033211 4.027456
v 5.047279 -3.037383 4.032153
v 5.050819 -3.034416 4.028815
v 5.049992 -3.035632 4.030185
v 5.048748 -3.036674 4.031357
v 5.050491 -3.884800 3.250646
v 5.054329 -3.880613 3.245931
v 5.051964 -3.884089 3.249849
v 5.053207 -3.883043 3.248674
v 5.054039 -3.881822 3.247298
v 5.046246 -2.788523 3.750931
v 5.050228 -2.792460 3.755398
v 5.047768 -2.789138 3.751634
v 5.049057 -2.790103 3.752729
v 5.049923 -2.791270 3.754051
v 5.053444 -3.639894 2.973912
v 5.049461 -3.635953 2.969441
v 5.053139 -3.638702 2.972564
v 5.052273 -3.637535 2.971241
v 5.050980 -3.636568 2.970144
v 5.052811 -3.482405 3.659685
v 5.048981 -3.486573 3.664378
v 5.052525 -3.483610 3.661044
v 5.051693 -3.484822 3.662413
v 5.050453 -3.485864 3.663584
v 5.051933 -3.242090 3.388122
v 5.047947 -3.238162 3.383667
v 5.051624 -3.240904 3.386780
v 5.050762 -3.239741 3.385462
v 5.049469 -3.238777 3.384368
v 5.054695 -3.966641 2.548381
v 5.050701 -3.962666 2.543871
v 5.054386 -3.965438 2.547019
v 5.053520 -3.964260 2.545684
v 5.052227 -3.963285 2.544579
v 5.051727 -4.211665 2.825248
v 5.055576 -4.207437 2.820488
v 5.053204 -4.210948 2.824446
v 5.054451 -4.209895 2.823260
v 5.055286 -4.208662 2.821870
v 5.055897 -4.285459 1.994096
v 5.051903 -4.282093 1.988348
v 5.055588 -4.284489 1.992262
v 5.054722 -4.283508 1.990524
v 5.053429 -4.282667 1.989151
v 5.052742 -4.479675 2.373265
v 5.056610 -4.476056 2.367265
v 5.054222 -4.479003 2.372367
v 5.055481 -4.478083 2.370910
v 5.056316 -4.477046 2.369118
v 5.053661 -4.773745 0.977764
v 5.053673 -4.772195 0.977252
v 5.057648 -4.769346 0.995987
v 5.054008 -4.773505 0.975893
v 5.055191 -4.773563 0.981912
v 5.055256 -4.773516 0.979645
v 5.055275 -4.773292 0.978268
v 5.056034 -4.772772 0.981169
v 5.055195 -4.771141 0.981457
v 5.056484 -4.770228 0.986497
v 5.055256 -4.772378 0.979427
v 5.056347 -4.771883 0.982876
v 5.057354 -4.771182 0.991777
v 5.056488 -4.772665 0.986831
v 5.057346 -4.769598 0.991597
v 5.056911 -4.771505 0.986976
v 5.056351 -4.772915 0.983021
v 5.057510 -4.708969 1.874252
v 5.053623 -4.714520 1.875949
v 5.057220 -4.710696 1.874457
v 5.056377 -4.712358 1.874852
v 5.055115 -4.713700 1.875375
v 5.049236 -2.536904 4.344861
v 5.045395 -2.542448 4.348763
v 5.048950 -2.538633 4.345915
v 5.048119 -2.540294 4.347026
v 5.046871 -2.541633 4.348026
v 5.043850 -2.154508 4.122718
v 5.047844 -2.159904 4.126432
v 5.045372 -2.155234 4.123364
v 5.046665 -2.156516 4.124296
v 5.047535 -2.158156 4.125373
v 5.043236 -1.975046 4.643395
v 5.047112 -1.973106 4.637722
v 5.044720 -1.974502 4.642521
v 5.045975 -1.973944 4.641136
v 5.046814 -1.973453 4.639452
v 5.039101 -0.896840 4.693882
v 5.043159 -0.915597 4.689930
v 5.039112 -0.896388 4.692365
v 5.040642 -0.901099 4.693821
v 5.041954 -0.906157 4.693049
v 5.040680 -0.898786 4.693731
v 5.041798 -0.902250 4.693226
v 5.041470 -0.900363 4.693040
v 5.042839 -0.911126 4.690090
v 5.041958 -0.905902 4.690611
v 5.042839 -0.911250 4.691681
v 5.042381 -0.906338 4.691907
v 5.041798 -0.902140 4.692195
v 5.039391 -0.894970 4.693614
v 5.040649 -0.900729 4.691410
v 5.040680 -0.898608 4.692602
v 5.040688 -0.897389 4.693486
v 5.084450 -4.649471 4.709901
v 5.084442 -4.645138 4.714080
v 5.088718 -4.653802 4.718795
v 5.084450 -4.649118 4.711525
v 5.084446 -4.648171 4.712891
v 5.086082 -4.649774 4.711858
v 5.086021 -4.649438 4.712874
v 5.086075 -4.647050 4.714463
v 5.087463 -4.649367 4.715493
v 5.084446 -4.646772 4.713788
v 5.086021 -4.648090 4.714164
v 5.088390 -4.652121 4.716671
v 5.087917 -4.650739 4.715594
v 5.087284 -4.650000 4.714219
v 0.937092 -4.654435 5.193696
v 0.935833 -4.651422 5.193636
v 0.923321 -4.658695 5.197978
v 0.935692 -4.654210 5.193690
v 0.933952 -4.654742 5.195325
v 0.932003 -4.654850 5.196145
v 0.929832 -4.655872 5.196716
v 0.935009 -4.652580 5.193658
v 0.933178 -4.653980 5.195253
v 0.926380 -4.657628 5.197654
v 0.928993 -4.656195 5.197169
v 5.084930 -4.712524 1.050553
v 5.089203 -4.717214 1.036895
v 5.084923 -4.709532 1.049250
v 5.086563 -4.712912 1.047508
v 5.084930 -4.712317 1.049149
v 5.088875 -4.716105 1.039856
v 5.088398 -4.714552 1.042511
v 5.084927 -4.710698 1.048443
v 5.086502 -4.712199 1.046607
v 5.076656 -0.984272 4.644196
v 5.076653 -0.983080 4.641157
v 5.080891 -0.970390 4.648595
v 5.076653 -0.982159 4.643272
v 5.078281 -0.981290 4.644494
v 5.079094 -0.979176 4.644645
v 5.078278 -0.980204 4.643562
v 5.080574 -0.973779 4.646875
v 5.080105 -0.976138 4.646050
v 4.578194 -5.175902 1.045338
v 4.575150 -5.175734 1.044280
v 4.580753 -5.179982 1.032889
v 4.577194 -5.176083 1.043268
v 4.577835 -5.177426 1.042619
v 4.577667 -5.178221 1.040533
v 4.577045 -5.177339 1.041327
v 4.578773 -5.178708 1.038126
v 4.579224 -5.179635 1.035884
v 4.578156 -5.178758 1.039284
v 4.580078 -5.179637 1.035163
v 4.603626 -4.644517 5.194009
v 4.612381 -4.648859 5.198354
v 4.607876 -4.640248 5.193927
v 4.605576 -4.644821 5.195645
v 4.605255 -4.644189 5.194005
v 4.606594 -4.644497 5.195582
v 4.607922 -4.645051 5.196854
v 4.609200 -4.644445 5.197023
v 4.610313 -4.647168 5.197999
v 4.609272 -4.645796 5.197500
v 4.607559 -4.641878 5.193959
v 4.606636 -4.643263 5.193986
v 4.608223 -4.642143 5.195596
v 4.607906 -4.643174 5.195558
v 4.600044 -0.962042 5.123715
v 4.604710 -0.948081 5.127761
v 4.597034 -0.960806 5.123692
v 4.600395 -0.959033 5.125293
v 4.599815 -0.960642 5.123689
v 4.600586 -0.956901 5.126077
v 4.602921 -0.951477 5.127483
v 4.602047 -0.953847 5.127044
v 4.598183 -0.959974 5.123676
v 4.599701 -0.958030 5.125217
v 4.610783 -5.125815 4.724286
v 4.614582 -5.129932 4.732362
v 4.606564 -5.125737 4.728627
v 4.611092 -5.127414 4.726325
v 4.610474 -5.125782 4.725919
v 4.610764 -5.127338 4.727273
v 4.611282 -5.128579 4.728555
v 4.612862 -5.129640 4.730931
v 4.610737 -5.128740 4.729720
v 4.611946 -5.129191 4.729754
v 4.608192 -5.125741 4.728271
v 4.609562 -5.125756 4.727319
v 4.608524 -5.127371 4.728910
v 4.609489 -5.127316 4.728559
v 0.969296 -5.110465 4.796378
v 0.958206 -5.113194 4.802758
v 0.967941 -5.110484 4.793219
v 0.967827 -5.110448 4.796150
v 0.966164 -5.111479 4.797596
v 0.962860 -5.112399 4.800232
v 0.960396 -5.113001 4.801341
v 0.967094 -5.110458 4.794440
v 0.967052 -5.110446 4.795469
v 5.079102 0.018757 5.109788
v 5.075615 0.021360 5.110911
v 5.074425 0.018777 5.114402
v 5.078835 0.019847 5.109262
v 5.078079 0.020725 5.109289
v 5.078747 0.018776 5.111567
v 5.078339 0.020737 5.111308
v 5.077721 0.022018 5.111251
v 5.074562 0.021288 5.112241
v 5.073967 0.020772 5.113370
v 5.076950 0.021256 5.109868
v 5.076355 0.021939 5.111642
v 5.075958 0.022038 5.112998
v 5.076214 0.018787 5.114063
v 5.077732 0.018786 5.113067
v 5.073917 0.019890 5.114129
v 5.075993 0.020755 5.113629
v 5.077564 0.021184 5.112861
v 5.085594 -5.195775 0.072583
v 5.086754 -5.192321 0.070633
v 5.090237 -5.191300 0.073130
v 5.085098 -5.195521 0.071728
v 5.085144 -5.194775 0.071059
v 5.087372 -5.195437 0.072722
v 5.087154 -5.195059 0.070960
v 5.087120 -5.194464 0.069827
v 5.088085 -5.191333 0.070656
v 5.089214 -5.190791 0.071139
v 5.085724 -5.193652 0.070674
v 5.087509 -5.193114 0.069975
v 5.088867 -5.192759 0.069867
v 5.089886 -5.193015 0.073019
v 5.088882 -5.194468 0.072875
v 5.089970 -5.190781 0.072009
v 5.089478 -5.192800 0.071101
v 5.088715 -5.194324 0.070610
v 5.089607 -5.114868 5.202776
v 5.085087 -5.114825 5.207332
v 5.085537 -5.119380 5.203341
v 5.089264 -5.114845 5.204520
v 5.088284 -5.114827 5.205998
v 5.089302 -5.116587 5.202922
v 5.088806 -5.116505 5.204568
v 5.088142 -5.116446 5.205885
v 5.087788 -5.117418 5.205548
v 5.085194 -5.116538 5.207051
v 5.085320 -5.118006 5.206193
v 5.086815 -5.114821 5.206985
v 5.086834 -5.116481 5.206556
v 5.086861 -5.117815 5.205972
v 5.087101 -5.119027 5.203228
v 5.088421 -5.118047 5.203082
v 5.085438 -5.119004 5.204891
v 5.086971 -5.118504 5.204753
v 5.088203 -5.117835 5.204628
v -0.048611 -5.101013 5.200273
v -0.051182 -5.101936 5.196763
v -0.049385 -5.105420 5.196868
v -0.049778 -5.100463 5.199979
v -0.050674 -5.100444 5.199207
v -0.048817 -5.102688 5.200024
v -0.050739 -5.102432 5.199624
v -0.052002 -5.102366 5.199016
v -0.051403 -5.103280 5.196084
v -0.051140 -5.104413 5.195863
v -0.051167 -5.100964 5.198079
v -0.051975 -5.102724 5.197751
v -0.052204 -5.104064 5.197587
v -0.049236 -5.105072 5.198182
v -0.049038 -5.104113 5.199289
v -0.050430 -5.105165 5.196139
v -0.051056 -5.104673 5.197797
v -0.051304 -5.103930 5.199050
v 4.997940 -4.712709 1.050545
v 4.997932 -4.709715 1.049243
v 4.993668 -4.708356 1.056480
v 4.997940 -4.712704 1.048685
v 4.997936 -4.712132 1.047783
v 4.996307 -4.712183 1.051453
v 4.996349 -4.711668 1.048855
v 4.995476 -4.711185 1.049966
v 4.996300 -4.709416 1.050250
v 4.994919 -4.709053 1.051979
v 4.997936 -4.711082 1.047979
v 4.993996 -4.709826 1.054664
v 4.994923 -4.711169 1.052900
v 4.993992 -4.708681 1.054166
v 4.994389 -4.710204 1.052230
v 4.995140 -4.711282 1.050911
v 4.997459 -4.649656 4.709893
v 4.993187 -4.645405 4.709811
v 4.997448 -4.645323 4.714071
v 4.995827 -4.649336 4.709888
v 4.994442 -4.648415 4.709869
v 4.997459 -4.649303 4.711517
v 4.995785 -4.648916 4.711549
v 4.994659 -4.648171 4.711452
v 4.993515 -4.645377 4.711443
v 4.994438 -4.645351 4.712823
v 4.993515 -4.647036 4.709842
v 4.993908 -4.647045 4.711515
v 4.994656 -4.646941 4.712637
v 4.997452 -4.646959 4.713779
v 4.997456 -4.648356 4.712883
v 4.995819 -4.645331 4.713748
v 4.995781 -4.647010 4.713388
v 4.995869 -4.648147 4.712659
v 4.989666 -0.984457 4.644187
v 4.985416 -0.990561 4.640040
v 4.989662 -0.983265 4.641149
v 4.988037 -0.985390 4.643688
v 4.986656 -0.986876 4.642726
v 4.989662 -0.982597 4.644111
v 4.987991 -0.983560 4.643558
v 4.986870 -0.984881 4.642766
v 4.987206 -0.983941 4.642637
v 4.985737 -0.988237 4.640283
v 4.986656 -0.986033 4.640577
v 4.985737 -0.988694 4.641444
v 4.986122 -0.986246 4.641734
v 4.989658 -0.981952 4.642468
v 4.989658 -0.981718 4.643508
v 4.988033 -0.984288 4.640882
v 4.987991 -0.983036 4.642222
v 4.603638 -4.646181 5.107032
v 4.607891 -4.641909 5.106950
v 4.603630 -4.642003 5.102692
v 4.605270 -4.645853 5.107028
v 4.606647 -4.644926 5.107009
v 4.603638 -4.645888 5.105396
v 4.605309 -4.645493 5.105350
v 4.606430 -4.644740 5.105418
v 4.607567 -4.641942 5.105321
v 4.606644 -4.641969 5.103940
v 4.607571 -4.643541 5.106982
v 4.607178 -4.643614 5.105313
v 4.606430 -4.643552 5.104187
v 4.603634 -4.643625 5.103047
v 4.603638 -4.644990 5.103996
v 4.605259 -4.641993 5.103015
v 4.605305 -4.643655 5.103439
v 4.605225 -4.644765 5.104209
v 0.937107 -4.656096 5.106717
v 0.943100 -4.651901 5.102377
v 0.935844 -4.653083 5.106659
v 0.938019 -4.655610 5.105077
v 0.939480 -4.654643 5.103675
v 0.935246 -4.656062 5.106717
v 0.936188 -4.655519 5.105033
v 0.936546 -4.654608 5.104228
v 0.940781 -4.652187 5.102706
v 0.938591 -4.652512 5.103635
v 0.941265 -4.653341 5.102727
v 0.938824 -4.653675 5.103126
v 0.937134 -4.653866 5.103878
v 0.934563 -4.654432 5.106686
v 0.934353 -4.655477 5.106706
v 0.936855 -4.652827 5.105023
v 0.935635 -4.654194 5.105010
v 4.600060 -0.963703 5.036739
v 4.597046 -0.962469 5.036716
v 4.595810 -0.969847 5.032596
v 4.599827 -0.962303 5.036714
v 4.599739 -0.965123 5.035136
v 4.599380 -0.963427 5.035161
v 4.598869 -0.962347 5.035182
v 4.598385 -0.963544 5.034287
v 4.596302 -0.963714 5.035110
v 4.595802 -0.965552 5.033761
v 4.598198 -0.961634 5.036700
v 4.597748 -0.962757 5.035149
v 4.597420 -0.964068 5.033914
v 4.597439 -0.968448 5.032893
v 4.598816 -0.966790 5.033786
v 4.595631 -0.967707 5.032880
v 4.597370 -0.966032 5.033319
v 4.598705 -0.964597 5.033923
v 4.609226 -5.106614 1.044037
v 4.606709 -5.102633 1.050015
v 4.606003 -5.106824 1.042935
v 4.609570 -5.105102 1.045397
v 4.609211 -5.103815 1.047011
v 4.608887 -5.106863 1.042653
v 4.609131 -5.105299 1.043718
v 4.608986 -5.104059 1.044856
v 4.608448 -5.104478 1.043857
v 4.606224 -5.102980 1.048060
v 4.605919 -5.103897 1.046028
v 4.608208 -5.102947 1.048632
v 4.607861 -5.103437 1.046320
v 4.607582 -5.104095 1.044435
v 4.607143 -5.106976 1.042056
v 4.608158 -5.106992 1.041956
v 4.605843 -5.105247 1.044229
v 4.607361 -5.105370 1.043161
v 4.608540 -5.105426 1.042676
v 4.610485 -5.038858 4.722673
v 4.606224 -5.038795 4.726933
v 4.606209 -5.034615 4.722594
v 4.610161 -5.038828 4.724303
v 4.609238 -5.038806 4.725686
v 4.610157 -5.037230 4.722642
v 4.609764 -5.037159 4.724313
v 4.609016 -5.037225 4.725440
v 4.606220 -5.037171 4.726577
v 4.606216 -5.035806 4.725629
v 4.607857 -5.038794 4.726608
v 4.607891 -5.037130 4.726186
v 4.607803 -5.036022 4.725419
v 4.607841 -5.034934 4.722601
v 4.609226 -5.035849 4.722619
v 4.606209 -5.034909 4.724229
v 4.607883 -5.035294 4.724279
v 4.609013 -5.036039 4.724208
v 0.941807 -5.051561 4.729810
v 0.940495 -5.051624 4.726655
v 0.946293 -5.048799 4.722360
v 0.940342 -5.051571 4.729569
v 0.939575 -5.051587 4.728883
v 0.942833 -5.050481 4.728263
v 0.941002 -5.050533 4.727940
v 0.939827 -5.050573 4.727458
v 0.940716 -5.049972 4.726310
v 0.941017 -5.050552 4.724862
v 0.942303 -5.049639 4.723416
v 0.939629 -5.051604 4.727860
v 0.945263 -5.048987 4.724231
v 0.944050 -5.049579 4.726305
v 0.944157 -5.049025 4.722537
v 0.942848 -5.049310 4.724565
v 0.941750 -5.049708 4.726336
v 4.029274 -5.026473 3.053987
v 4.027420 -5.022645 3.052337
v 4.029568 -5.024998 3.054238
v 4.029316 -5.023751 3.054013
v 4.028564 -5.022925 3.053346
v 3.248272 -5.019202 3.901925
v 3.250149 -5.023026 3.903591
v 3.249424 -5.019482 3.902941
v 3.250187 -5.020308 3.903613
v 3.250439 -5.021551 3.903842
v 3.679741 -5.026377 2.746416
v 3.677658 -5.030369 2.744597
v 3.678577 -5.026691 2.745390
v 3.677769 -5.027559 2.744686
v 3.677448 -5.028851 2.744407
v 2.898552 -5.026929 3.594218
v 2.900642 -5.022935 3.596040
v 2.898342 -5.025412 3.594028
v 2.898666 -5.024119 3.594306
v 2.899471 -5.023250 3.595013
v 3.662766 -5.024457 3.504206
v 3.660908 -5.020637 3.502558
v 3.663055 -5.022984 3.504457
v 3.662804 -5.021741 3.504232
v 3.662052 -5.020917 3.503566
v 3.311657 -5.028355 3.195264
v 3.313732 -5.024363 3.197074
v 3.311447 -5.026837 3.195073
v 3.311768 -5.025546 3.195350
v 3.312569 -5.024676 3.196052
v 2.473904 -5.026099 3.922132
v 2.476028 -5.022098 3.923983
v 2.473698 -5.024579 3.921942
v 2.474026 -5.023284 3.922227
v 2.474846 -5.022414 3.922945
v 2.823750 -5.018365 4.229947
v 2.825661 -5.022195 4.231644
v 2.824917 -5.018647 4.230974
v 2.825691 -5.019473 4.231658
v 2.825951 -5.020720 4.231894
v 1.919327 -5.025708 4.243379
v 1.922390 -5.021805 4.244495
v 1.919178 -5.024226 4.243054
v 1.919708 -5.022963 4.243153
v 1.920837 -5.022113 4.243659
v 2.371536 -5.018084 4.499702
v 2.373829 -5.021930 4.501260
v 2.373032 -5.018367 4.500572
v 2.373993 -5.019196 4.501173
v 2.374271 -5.020447 4.501415
v 0.910473 -5.025054 4.739749
v 0.922672 -5.021897 4.732631
v 0.909721 -5.024889 4.737725
v 0.913269 -5.023843 4.738328
v 0.916569 -5.022819 4.736477
v 0.909100 -5.025184 4.739718
v 0.910965 -5.023941 4.738157
v 0.913101 -5.022963 4.736578
v 0.911602 -5.023262 4.736609
v 0.919491 -5.022137 4.732688
v 0.915916 -5.022787 4.733676
v 0.919872 -5.022136 4.734477
v 0.915989 -5.022479 4.734792
v 0.908691 -5.025094 4.738625
v 0.912483 -5.023756 4.735445
v 0.910591 -5.023896 4.736803
v 1.864216 -5.022024 4.740365
v 1.879799 -5.022251 4.736854
v 1.878876 -5.018236 4.734130
v 1.867916 -5.022015 4.740092
v 1.872173 -5.022055 4.739330
v 1.867577 -5.020572 4.739280
v 1.871246 -5.020630 4.738906
v 1.874428 -5.020685 4.738513
v 1.875565 -5.019866 4.737862
v 1.879921 -5.020704 4.736942
v 1.879787 -5.019396 4.736456
v 1.876350 -5.022140 4.738192
v 1.877239 -5.020696 4.737754
v 1.877750 -5.019539 4.737250
v 1.875511 -5.018523 4.735907
v 1.871544 -5.019344 4.737715
v 1.879421 -5.018528 4.735468
v 1.876835 -5.018954 4.736650
v 1.874153 -5.019512 4.737812
v 4.344482 -5.029048 2.558159
v 4.343266 -5.025212 2.555421
v 4.344826 -5.027569 2.558331
v 4.344715 -5.026318 2.557869
v 4.344170 -5.025490 2.556849
v 4.049160 -5.029786 2.112531
v 4.047668 -5.033788 2.109550
v 4.048218 -5.030103 2.111061
v 4.047607 -5.030974 2.109977
v 4.047413 -5.032268 2.109447
v 4.634663 -5.028400 1.990550
v 4.637505 -5.032282 1.989925
v 4.636189 -5.028688 1.990692
v 4.637268 -5.029527 1.990624
v 4.637730 -5.030788 1.990354
v 4.615612 -5.041234 0.850330
v 4.613785 -5.041231 0.849852
v 4.610455 -5.037163 0.863755
v 4.615128 -5.041547 0.848449
v 4.614899 -5.039687 0.853356
v 4.614655 -5.039858 0.851107
v 4.614288 -5.039956 0.849779
v 4.613510 -5.038997 0.851941
v 4.612179 -5.039693 0.852821
v 4.610981 -5.038381 0.856506
v 4.613377 -5.039861 0.850854
v 4.612507 -5.038594 0.853274
v 4.612106 -5.037483 0.860622
v 4.613667 -5.038369 0.856970
v 4.610374 -5.037490 0.860346
v 4.612194 -5.037953 0.856589
v 4.613644 -5.038589 0.853473
v 3.986294 -5.134779 3.016620
v 3.990982 -5.130888 3.020730
v 3.987652 -5.134472 3.017817
v 3.989021 -5.133625 3.019017
v 3.990189 -5.132368 3.020041
v 3.211849 -5.127455 3.870329
v 3.207157 -5.131338 3.866216
v 3.211060 -5.128928 3.869640
v 3.209892 -5.130186 3.868618
v 3.208519 -5.131031 3.867415
v 3.709068 -5.133784 2.772670
v 3.713558 -5.137707 2.776639
v 3.709774 -5.135297 2.773302
v 3.710880 -5.136574 2.774277
v 3.712208 -5.137421 2.775449
v 2.934448 -5.134264 3.626257
v 2.929955 -5.130339 3.622288
v 2.933098 -5.133977 3.625068
v 2.931770 -5.133130 3.623896
v 2.930668 -5.131852 3.622921
v 3.619785 -5.132771 3.466844
v 3.624466 -5.128886 3.470944
v 3.621143 -5.132466 3.468037
v 3.622509 -5.131619 3.469235
v 3.623676 -5.130363 3.470256
v 3.347542 -5.135694 3.227294
v 3.343063 -5.131772 3.223337
v 3.346199 -5.135406 3.226110
v 3.344872 -5.134560 3.224941
v 3.343773 -5.133283 3.223969
v 2.509834 -5.133427 3.954196
v 2.505306 -5.129494 3.950198
v 2.508469 -5.133139 3.952996
v 2.507133 -5.132290 3.951815
v 2.506020 -5.131010 3.950833
v 2.787369 -5.126616 4.198385
v 2.782642 -5.130500 4.194243
v 2.786575 -5.128091 4.197693
v 2.785400 -5.129347 4.196664
v 2.784019 -5.130193 4.195452
v 1.956249 -5.126474 4.280524
v 1.950615 -5.122651 4.276816
v 1.954479 -5.126196 4.279513
v 1.952785 -5.125373 4.278455
v 1.951427 -5.124128 4.277507
v 2.323578 -5.118680 4.479049
v 2.317223 -5.122563 4.475809
v 2.322483 -5.120150 4.478531
v 2.320892 -5.121406 4.477736
v 2.319046 -5.122253 4.476779
v 0.941143 -5.090208 4.799385
v 0.940548 -5.090544 4.797742
v 0.956711 -5.093568 4.797487
v 0.944759 -5.091395 4.800043
v 0.942646 -5.091493 4.799924
v 0.941364 -5.091570 4.799644
v 0.943932 -5.092189 4.799575
v 0.944202 -5.091748 4.797529
v 0.948559 -5.092746 4.797406
v 0.939491 -5.090608 4.798579
v 0.942379 -5.091662 4.798747
v 0.945412 -5.092514 4.798882
v 0.953182 -5.093214 4.799016
v 0.948986 -5.092451 4.799913
v 0.952950 -5.093383 4.797390
v 0.948994 -5.092921 4.798935
v 0.945595 -5.092389 4.799944
v 1.757992 -5.080494 4.771307
v 1.758514 -5.085103 4.768902
v 1.772675 -5.081228 4.767637
v 1.758148 -5.082027 4.771673
v 1.758301 -5.083441 4.771347
v 1.761490 -5.080627 4.770991
v 1.760712 -5.082091 4.771214
v 1.760223 -5.083305 4.771152
v 1.762249 -5.083025 4.770689
v 1.761871 -5.084729 4.769024
v 1.765739 -5.083859 4.768827
v 1.758430 -5.084523 4.770372
v 1.760895 -5.084064 4.770261
v 1.763474 -5.083487 4.770063
v 1.769440 -5.081025 4.769006
v 1.765511 -5.080813 4.770184
v 1.769535 -5.082632 4.768341
v 1.766251 -5.082382 4.769610
v 1.763374 -5.082171 4.770653
v 4.302303 -5.137350 2.519428
v 4.306202 -5.133435 2.524911
v 4.303360 -5.137039 2.521149
v 4.304470 -5.136186 2.522795
v 4.305470 -5.134922 2.524117
v 4.079075 -5.137197 2.137620
v 4.082817 -5.141115 2.143051
v 4.079727 -5.138710 2.138363
v 4.080669 -5.139984 2.139657
v 4.081753 -5.140829 2.141303
v 4.599243 -5.136621 1.956690
v 4.593578 -5.140536 1.954820
v 4.598373 -5.138113 1.956169
v 4.596992 -5.139380 1.955629
v 4.595306 -5.140232 1.955155
v 4.646713 -5.144618 0.878369
v 4.642826 -5.148474 0.897179
v 4.645191 -5.144637 0.877923
v 4.646667 -5.146110 0.882644
v 4.645916 -5.147367 0.887718
v 4.646572 -5.146172 0.880332
v 4.646080 -5.147253 0.883810
v 4.645889 -5.146947 0.881921
v 4.642975 -5.148205 0.892704
v 4.643475 -5.147381 0.887474
v 4.644566 -5.148197 0.892824
v 4.644775 -5.147793 0.887907
v 4.645050 -5.147260 0.883704
v 4.646439 -5.144925 0.876504
v 4.644253 -5.146129 0.882283
v 4.645443 -5.146181 0.880158
v 4.646324 -5.146194 0.878937
v 2.908501 -4.080992 5.123229
v 2.907234 -4.079627 5.119061
v 2.908886 -4.081465 5.121828
v 2.908779 -4.081371 5.120543
v 2.908199 -4.080724 5.119571
v 3.761116 -3.305412 5.100114
v 3.762394 -3.306795 5.104290
v 3.762085 -3.306519 5.100628
v 3.762672 -3.307170 5.101603
v 3.762779 -3.307268 5.102889
v 2.605751 -3.734601 5.051632
v 2.603588 -3.732047 5.055151
v 2.604713 -3.733408 5.051704
v 2.603939 -3.732503 5.052398
v 2.603542 -3.732026 5.053608
v 3.457500 -2.957869 5.036214
v 3.459667 -2.960427 5.032695
v 3.457455 -2.957848 5.034672
v 3.457848 -2.958327 5.033461
v 3.458626 -2.959232 5.032769
v 3.360550 -3.716770 5.118667
v 3.359287 -3.715403 5.114502
v 3.360939 -3.717241 5.117267
v 3.360832 -3.717147 5.115984
v 3.360252 -3.716502 5.115014
v 3.056084 -3.368326 5.050691
v 3.058235 -3.370872 5.047172
v 3.056034 -3.368304 5.049150
v 3.056427 -3.368781 5.047939
v 3.057201 -3.369682 5.047246
v 3.788250 -2.535998 5.014258
v 3.790443 -2.538588 5.010744
v 3.788208 -2.535979 5.012717
v 3.788605 -2.536463 5.011506
v 3.789391 -2.537381 5.010814
v 4.091972 -2.883667 5.078181
v 4.093277 -2.885080 5.082379
v 4.092957 -2.884787 5.078699
v 4.093552 -2.885449 5.079678
v 4.093662 -2.885550 5.080970
v 4.110821 -1.993238 4.985532
v 4.112560 -1.996745 4.982007
v 4.110741 -1.993288 4.983988
v 4.111046 -1.993973 4.982775
v 4.111683 -1.995185 4.982081
v 4.365005 -2.434509 5.048040
v 4.365849 -2.436831 5.052256
v 4.365814 -2.435982 5.048557
v 4.366261 -2.436940 5.049538
v 4.366272 -2.437238 5.050838
v 4.600887 -1.031642 4.954486
v 4.596062 -1.043899 4.950951
v 4.598946 -1.031115 4.954391
v 4.600327 -1.034427 4.953097
v 4.599216 -1.037734 4.951940
v 4.600765 -1.030302 4.954618
v 4.600082 -1.032289 4.953103
v 4.599205 -1.034486 4.951929
v 4.599030 -1.033041 4.952224
v 4.595982 -1.040732 4.951049
v 4.596500 -1.037190 4.951737
v 4.597717 -1.041059 4.951185
v 4.597794 -1.037329 4.951398
v 4.598053 -1.034255 4.951842
v 4.599716 -1.030014 4.954566
v 4.597542 -1.033813 4.952911
v 4.598774 -1.031998 4.953015
v 4.599709 -1.031019 4.953090
v 4.605930 -1.943495 5.013933
v 4.603279 -1.945067 5.010415
v 4.606224 -1.944205 5.012558
v 4.605820 -1.944752 5.011406
v 4.604786 -1.945055 5.010654
v 2.411495 -4.394308 5.117809
v 2.409138 -4.393577 5.113611
v 2.411800 -4.394831 5.116405
v 2.411457 -4.394876 5.115112
v 2.410526 -4.394435 5.114132
v 1.970680 -4.101833 5.040723
v 1.967354 -4.099868 5.044215
v 1.969196 -4.100863 5.040783
v 1.968044 -4.100149 5.041470
v 1.967396 -4.099800 5.042675
v 1.843571 -4.683291 5.099422
v 1.842560 -4.685638 5.103547
v 1.843670 -4.684771 5.099906
v 1.843513 -4.685739 5.100862
v 1.843124 -4.686042 5.102139
v 0.707363 -4.664636 5.002954
v 0.706905 -4.662825 5.002680
v 0.721157 -4.659995 4.999558
v 0.706024 -4.664508 5.003047
v 0.710526 -4.664113 5.001620
v 0.708271 -4.663851 5.001549
v 0.706944 -4.663478 5.001476
v 0.709194 -4.662818 5.000636
v 0.710018 -4.661415 5.001245
v 0.713821 -4.660381 5.000146
v 0.705776 -4.663528 5.002900
v 0.708031 -4.662586 5.001371
v 0.710571 -4.661873 5.000241
v 0.717991 -4.661601 4.999784
v 0.714256 -4.663050 5.000507
v 0.717731 -4.659883 4.999555
v 0.713932 -4.661637 4.999881
v 0.710754 -4.663002 5.000394
v 2.861629 -4.025126 5.221489
v 2.866043 -4.030257 5.218595
v 2.862835 -4.026516 5.221463
v 2.864098 -4.027977 5.220904
v 2.865227 -4.029292 5.219897
v 3.719940 -3.256066 5.199647
v 3.715511 -3.250916 5.202542
v 3.719120 -3.255097 5.200952
v 3.717991 -3.253778 5.201960
v 3.716724 -3.252309 5.202518
v 2.621593 -3.750507 5.163804
v 2.625134 -3.754477 5.168597
v 2.622074 -3.751024 5.165443
v 2.622913 -3.751961 5.166929
v 2.623989 -3.753172 5.168037
v 3.479046 -2.980300 5.149659
v 3.475502 -2.976328 5.144865
v 3.477901 -2.978998 5.149099
v 3.476826 -2.977785 5.147990
v 3.475983 -2.976845 5.146503
v 3.313683 -3.660905 5.216931
v 3.318092 -3.666029 5.214038
v 3.314888 -3.662290 5.216907
v 3.316151 -3.663752 5.216346
v 3.317276 -3.665065 5.215341
v 3.077618 -3.390747 5.164135
v 3.074085 -3.386786 5.159346
v 3.076477 -3.389448 5.163576
v 3.075405 -3.388239 5.162469
v 3.074566 -3.387305 5.160984
v 3.809826 -2.558464 5.127708
v 3.806252 -2.554456 5.122903
v 3.808670 -2.557146 5.127145
v 3.807583 -2.555921 5.126033
v 3.806736 -2.554976 5.124544
v 4.050838 -2.834365 5.177707
v 4.046368 -2.829167 5.180611
v 4.050014 -2.833392 5.179016
v 4.048874 -2.832061 5.180028
v 4.047596 -2.830579 5.180586
v 4.131813 -2.016855 5.098967
v 4.128822 -2.011696 5.094173
v 4.130882 -2.015096 5.098407
v 4.129982 -2.013499 5.097301
v 4.129261 -2.012305 5.095812
v 4.323433 -2.386144 5.147534
v 4.319530 -2.379775 5.150474
v 4.322647 -2.385077 5.148854
v 4.321632 -2.383492 5.149876
v 4.320534 -2.381631 5.150445
v 4.618580 -1.050095 5.063223
v 4.616947 -1.049571 5.063027
v 4.613899 -1.066833 5.067941
v 4.618576 -1.048757 5.063324
v 4.618279 -1.053825 5.064956
v 4.618206 -1.051629 5.064847
v 4.617962 -1.050299 5.064750
v 4.617386 -1.052969 5.065669
v 4.615788 -1.053374 5.064746
v 4.614803 -1.057991 5.066283
v 4.617035 -1.051411 5.064746
v 4.616470 -1.054556 5.066033
v 4.615746 -1.062884 5.067509
v 4.617283 -1.058318 5.066462
v 4.614140 -1.062716 5.067405
v 4.616074 -1.058382 5.066816
v 4.617519 -1.054698 5.066111
v 4.557701 -1.890597 5.112995
v 4.563545 -1.892845 5.109140
v 4.559444 -1.890869 5.112626
v 4.561169 -1.891391 5.111764
v 4.562611 -1.892086 5.110540
v 2.363258 -4.339239 5.216036
v 2.369049 -4.343585 5.213155
v 2.364990 -4.340324 5.216020
v 2.366699 -4.341530 5.215466
v 2.368126 -4.342677 5.214460
v 1.985355 -4.118326 5.152862
v 1.990364 -4.121552 5.157694
v 1.985947 -4.118786 5.154502
v 1.987106 -4.119563 5.156000
v 1.988659 -4.120533 5.157119
v 1.800129 -4.634936 5.198853
v 1.797951 -4.628837 5.201857
v 1.799477 -4.633891 5.200172
v 1.798836 -4.632366 5.201206
v 1.798298 -4.630589 5.201797
v 0.725338 -4.682790 5.111527
v 0.743748 -4.678433 5.116627
v 0.724907 -4.681282 5.111323
v 0.729454 -4.682559 5.113400
v 0.734398 -4.681649 5.115026
v 0.727150 -4.682459 5.113232
v 0.730515 -4.681835 5.114565
v 0.728664 -4.681685 5.114064
v 0.739315 -4.678621 5.115961
v 0.734177 -4.679228 5.114718
v 0.739418 -4.680202 5.116159
v 0.734558 -4.680465 5.115325
v 0.730419 -4.680809 5.114437
v 0.723770 -4.681962 5.111518
v 0.729118 -4.680164 5.113090
v 0.726986 -4.681340 5.113088
v 0.725761 -4.682213 5.113094
v 4.942039 -3.726666 3.497550
v 4.945896 -3.728278 3.499392
v 4.942337 -3.727676 3.498693
v 4.943176 -3.728337 3.499444
v 4.944424 -3.728548 3.499689
v 4.939301 -2.993277 3.545607
v 4.943264 -2.991415 3.543519
v 4.939598 -2.992248 3.544445
v 4.940456 -2.991533 3.543641
v 4.941742 -2.991239 3.543315
v 4.940422 -3.299919 3.892122
v 4.944275 -3.301526 3.893954
v 4.940720 -3.300925 3.893260
v 4.941555 -3.301584 3.894008
v 4.942802 -3.301793 3.894252
v 4.940918 -3.420045 3.151058
v 4.944885 -3.418177 3.148968
v 4.941219 -3.419014 3.149896
v 4.942078 -3.418297 3.149090
v 4.943363 -3.418003 3.148764
v 4.942303 -3.782893 2.729195
v 4.946270 -3.781005 2.727080
v 4.942604 -3.781853 2.728021
v 4.943459 -3.781129 2.727209
v 4.944748 -3.780831 2.726877
v 4.943428 -4.089864 3.076084
v 4.947289 -4.091503 3.077952
v 4.943722 -4.090884 3.077238
v 4.944561 -4.091553 3.077998
v 4.945816 -4.091770 3.078249
v 4.944557 -4.384503 2.641244
v 4.948437 -4.386107 2.643264
v 4.944855 -4.385512 2.642458
v 4.945694 -4.386172 2.643267
v 4.946953 -4.386381 2.643552
v 4.943455 -4.083880 2.281706
v 4.947426 -4.082027 2.279438
v 4.943752 -4.082855 2.280473
v 4.944614 -4.082141 2.279609
v 4.945904 -4.081852 2.279247
v 4.945904 -4.743970 1.437564
v 4.950054 -4.748043 1.428458
v 4.946224 -4.745575 1.434124
v 4.947128 -4.746912 1.431186
v 4.948471 -4.747778 1.429196
v 4.945518 -4.633645 2.162038
v 4.949421 -4.633797 2.167029
v 4.945816 -4.634102 2.164394
v 4.946663 -4.634291 2.166169
v 4.947929 -4.634183 2.167095
v 4.944927 -4.484405 1.497855
v 4.948910 -4.484001 1.492622
v 4.945229 -4.483933 1.495488
v 4.946091 -4.483688 1.493662
v 4.947384 -4.483714 1.492655
v 4.937462 -2.506858 3.891894
v 4.941425 -2.504841 3.889877
v 4.937759 -2.505769 3.890760
v 4.938618 -2.505003 3.889978
v 4.939903 -2.504677 3.889668
v 4.938648 -2.830974 4.232103
v 4.942513 -2.832725 4.233852
v 4.938946 -2.832038 4.233211
v 4.939785 -2.832743 4.233933
v 4.941036 -2.832983 4.234158
v 4.933449 -1.446548 4.668606
v 4.937565 -1.437515 4.672549
v 4.933754 -1.443137 4.670162
v 4.934639 -1.440222 4.671458
v 4.935978 -1.438247 4.672297
v 4.933895 -1.560384 4.358261
v 4.937847 -1.554918 4.357874
v 4.934189 -1.557975 4.357750
v 4.935043 -1.556091 4.357498
v 4.936329 -1.555017 4.357541
v 4.936626 -2.294732 4.535760
v 4.940517 -2.299592 4.535808
v 4.936928 -2.296986 4.536220
v 4.937775 -2.298700 4.536390
v 4.939037 -2.299616 4.536245
v 5.049770 -3.693726 3.460790
v 5.053600 -3.689550 3.456090
v 5.051239 -3.693015 3.459994
v 5.052483 -3.691972 3.458822
v 5.053310 -3.690757 3.457450
v 5.047115 -3.018389 3.574447
v 5.051098 -3.022319 3.578905
v 5.048637 -3.019004 3.575149
v 5.049927 -3.019968 3.576243
v 5.050793 -3.021131 3.577561
v 5.048149 -3.266971 3.855352
v 5.051979 -3.262803 3.850660
v 5.049618 -3.266262 3.854557
v 5.050861 -3.265220 3.853386
v 5.051689 -3.264007 3.852018
v 5.048733 -3.445153 3.179895
v 5.052719 -3.449085 3.184355
v 5.050255 -3.445769 3.180597
v 5.051548 -3.446732 3.181691
v 5.052414 -3.447897 3.183011
v 5.050114 -3.807979 2.758005
v 5.054100 -3.811933 2.762493
v 5.051636 -3.808596 2.758710
v 5.052929 -3.809565 2.759810
v 5.053795 -3.810736 2.761139
v 5.051144 -4.056954 3.039358
v 5.054985 -4.052750 3.034623
v 5.052616 -4.056242 3.038559
v 5.053864 -4.055193 3.037378
v 5.054695 -4.053966 3.035997
v 5.052258 -4.351572 2.604682
v 5.056114 -4.347405 2.599750
v 5.053734 -4.350862 2.603865
v 5.054989 -4.349820 2.602643
v 5.055824 -4.348607 2.601198
v 5.051258 -4.108995 2.310359
v 5.055252 -4.112906 2.315034
v 5.052784 -4.109611 2.311078
v 5.054077 -4.110570 2.312218
v 5.054947 -4.111727 2.313608
v 5.053444 -4.744306 1.424678
v 5.057579 -4.739155 1.435135
v 5.055031 -4.743869 1.425428
v 5.056377 -4.742734 1.427679
v 5.057270 -4.741081 1.431088
v 5.053192 -4.599276 2.128464
v 5.057076 -4.596946 2.119754
v 5.054680 -4.598703 2.127361
v 5.055939 -4.598058 2.125316
v 5.056782 -4.597441 2.122647
v 5.052734 -4.510967 1.523540
v 5.056725 -4.513037 1.531969
v 5.054260 -4.511444 1.524545
v 5.055553 -4.512003 1.526501
v 5.056419 -4.512563 1.529107
v 5.045273 -2.531815 3.920804
v 5.049259 -2.535939 3.925171
v 5.046795 -2.532446 3.921499
v 5.048088 -2.533451 3.922574
v 5.048954 -2.534676 3.923863
v 5.046368 -2.798174 4.195256
v 5.050205 -2.793823 4.190664
v 5.047840 -2.797450 4.194468
v 5.049088 -2.796371 4.193319
v 5.049915 -2.795097 4.191983
v 5.040928 -1.433780 4.668772
v 5.045135 -1.443993 4.663842
v 5.042526 -1.434512 4.668350
v 5.043884 -1.436708 4.667266
v 5.044800 -1.440039 4.665682
v 5.041691 -1.581891 4.388800
v 5.045700 -1.590311 4.391133
v 5.043217 -1.582848 4.389340
v 5.044514 -1.584784 4.389974
v 5.045387 -1.587405 4.390603
v 5.044342 -2.265054 4.497225
v 5.048180 -2.256862 4.494717
v 5.045818 -2.264037 4.496594
v 5.047066 -2.262122 4.495895
v 5.047897 -2.259604 4.495236
v 4.987190 -0.882903 4.676901
v 4.987194 -0.883371 4.678576
v 4.987186 -0.881738 4.677562
v 5.001762 -4.758713 0.961793
v 5.001770 -4.760434 0.962330
v 5.001770 -4.759988 0.960342
v 5.089920 -5.153092 2.637892
v 5.085571 -5.157580 2.637765
v 5.089592 -5.154819 2.637172
v 5.088654 -5.156278 2.636896
v 5.087238 -5.157248 2.637105
v 2.518154 -5.107925 5.203803
v 2.518074 -5.112401 5.200084
v 2.517406 -5.109613 5.203536
v 2.517128 -5.111057 5.202734
v 2.517365 -5.112036 5.201522
v 2.517788 -5.147129 2.633698
v 2.518311 -5.150600 2.634569
v 2.517296 -5.148468 2.633247
v 2.517578 -5.150349 2.633719
v 5.079769 -2.547897 5.160864
v 5.084354 -2.548001 5.156294
v 5.081524 -2.547157 5.160512
v 5.083012 -2.546917 5.159517
v 5.084003 -2.547214 5.158036
v 5.081184 -2.585482 2.590771
v 5.084671 -2.586304 2.591470
v 5.082520 -2.585021 2.590282
v 5.084404 -2.585467 2.590661
v 2.512215 -2.540287 5.153836
v 2.512966 -2.541096 5.157337
v 2.511738 -2.539799 5.155158
v 2.511711 -2.539781 5.156288
v 5.084690 -4.680998 2.880228
v 5.088959 -4.685498 2.877914
v 5.086323 -4.681339 2.880051
v 5.087708 -4.682312 2.879550
v 5.088631 -4.683773 2.878799
v 5.084805 -2.812153 4.683684
v 5.080547 -2.814704 4.679138
v 5.084484 -2.813127 4.681944
v 5.083561 -2.813952 4.680470
v 5.082180 -2.814507 4.679484
v 5.085045 -2.843768 2.842738
v 5.080788 -2.846304 2.845204
v 5.084724 -2.844736 2.843681
v 5.083801 -2.845557 2.844481
v 5.082420 -2.846109 2.845016
v 2.770359 -4.649476 5.193852
v 2.767952 -4.653773 5.198165
v 2.770176 -4.649780 5.195487
v 2.769653 -4.650701 5.196880
v 2.768875 -4.652104 5.197821
v 4.603962 -2.801145 5.158824
v 4.608536 -2.798631 5.163060
v 4.604309 -2.800927 5.160451
v 4.605301 -2.800375 5.161828
v 4.606785 -2.799567 5.162744
v 2.763939 -2.803426 5.162868
v 2.766434 -2.806115 5.158663
v 2.764893 -2.804431 5.162565
v 2.765705 -2.805294 5.161659
v 2.766243 -2.805886 5.160288
v 4.597675 -5.154954 2.882852
v 4.594452 -5.150754 2.884809
v 4.596188 -5.154628 2.883626
v 4.595055 -5.153715 2.884268
v 4.594444 -5.152355 2.884684
v 2.786358 -5.121562 4.767594
v 2.787769 -5.117780 4.762331
v 2.787121 -5.121295 4.766132
v 2.787659 -5.120483 4.764617
v 2.787888 -5.119247 4.763284
v 2.768272 -5.142478 2.921558
v 2.769207 -5.146584 2.918046
v 2.774555 -5.142596 2.915016
v 2.769123 -5.144036 2.921085
v 2.769600 -5.145362 2.920250
v 2.769844 -5.142508 2.919921
v 2.770145 -5.144003 2.919916
v 2.770412 -5.145205 2.919668
v 2.770660 -5.146276 2.918109
v 2.772190 -5.145412 2.917554
v 2.769630 -5.146259 2.919183
v 2.771557 -5.145225 2.918477
v 2.772984 -5.142566 2.916651
v 2.771412 -5.142537 2.918286
v 2.773556 -5.144120 2.916469
v 2.772320 -5.144042 2.917654
v 2.771225 -5.143984 2.918818
v 4.993427 -4.676895 2.882268
v 4.997700 -4.681183 2.880220
v 4.993759 -4.678542 2.881483
v 4.994682 -4.679933 2.880819
v 4.996067 -4.680861 2.880375
v 4.993557 -2.814890 4.679129
v 4.989304 -2.817102 4.674910
v 4.991928 -2.815061 4.678808
v 4.990547 -2.815543 4.677893
v 4.989624 -2.816257 4.676524
v 4.993797 -2.846491 2.845196
v 4.989544 -2.849457 2.848262
v 4.992168 -2.846720 2.845429
v 4.990788 -2.847362 2.846093
v 4.989864 -2.848324 2.847089
v 2.772488 -4.646954 5.102533
v 2.770370 -4.651140 5.106875
v 2.771679 -4.648581 5.102889
v 2.770992 -4.649947 5.103838
v 2.770535 -4.650844 5.105238
v 4.599720 -2.805035 5.067626
v 4.603973 -2.802806 5.071847
v 4.601349 -2.804206 5.067935
v 4.602726 -2.803492 5.068844
v 4.603653 -2.802998 5.070218
v 2.766445 -2.807776 5.071686
v 2.769463 -2.810867 5.067486
v 2.766678 -2.808035 5.070061
v 2.767330 -2.808714 5.068692
v 2.768307 -2.809708 5.067788
v 4.609894 -5.072841 2.883358
v 4.606461 -5.068639 2.885418
v 4.609886 -5.071239 2.883490
v 4.609230 -5.069878 2.883930
v 4.608028 -5.068966 2.884605
v 2.773987 -5.045498 4.728539
v 2.775375 -5.041710 4.722477
v 2.773869 -5.044025 4.727525
v 2.774090 -5.042787 4.726017
v 2.774620 -5.041975 4.724246
v 2.770180 -5.079745 2.888480
v 2.776577 -5.079838 2.882062
v 2.776508 -5.075716 2.886179
v 2.771778 -5.079769 2.886876
v 2.773376 -5.079791 2.885271
v 2.771023 -5.078214 2.887334
v 2.772430 -5.078288 2.886054
v 2.773636 -5.078343 2.884803
v 2.775951 -5.078287 2.882390
v 2.775719 -5.076959 2.883287
v 2.774979 -5.079815 2.883667
v 2.774830 -5.078321 2.883647
v 2.774681 -5.077123 2.883954
v 2.774448 -5.076032 2.886089
v 2.772522 -5.076910 2.886497
v 2.775917 -5.076056 2.884618
v 2.774529 -5.076503 2.884913
v 2.773281 -5.077102 2.885356
v 5.040955 -4.649564 4.709898
v 5.040947 -4.645230 4.714077
v 5.040955 -4.649212 4.711522
v 5.040951 -4.648265 4.712884
v 5.040947 -4.646866 4.713783
v 5.033157 -0.983172 4.641152
v 5.033161 -0.984364 4.644191
v 5.033157 -0.982323 4.642291
v 5.033157 -0.982967 4.643934
v 0.937099 -4.655267 5.150207
v 0.935841 -4.652254 5.150148
v 0.934967 -4.654389 5.150188
v 4.600052 -0.962872 5.080228
v 4.597042 -0.961637 5.080205
v 4.599167 -0.960746 5.080188
v 4.606396 -5.082267 4.727779
v 4.610634 -5.082336 4.723478
v 4.608025 -5.082273 4.727439
v 4.609402 -5.082288 4.726503
v 4.610317 -5.082310 4.725112
v 4.590580 -5.141274 1.043607
v 4.593708 -5.141258 1.044689
v 4.591770 -5.141291 1.042716
v 4.592785 -5.141293 1.042607
v 5.041435 -4.712618 1.050550
v 5.041428 -4.709622 1.049246
v 5.041435 -4.711770 1.048403
v 4.607883 -4.641077 5.150439
v 4.603634 -4.645349 5.150520
v 4.607563 -4.642708 5.150470
v 4.606644 -4.644093 5.150497
v 4.605263 -4.645019 5.150515
v 0.954220 -5.081059 4.759943
v 0.955551 -5.081010 4.763091
v 0.953365 -5.081039 4.761159
v 0.953320 -5.081022 4.762187
v 0.954086 -5.081012 4.762864
v 3.457893 -5.019844 3.710274
v 3.459755 -5.023667 3.711929
v 3.459042 -5.020122 3.711284
v 3.459797 -5.020948 3.711953
v 3.460049 -5.022191 3.712180
v 3.503895 -5.025303 2.976769
v 3.501820 -5.029293 2.974958
v 3.502735 -5.025619 2.975747
v 3.501930 -5.026486 2.975044
v 3.501610 -5.027778 2.974766
v 3.851265 -5.021574 3.282421
v 3.853119 -5.025397 3.284068
v 3.852409 -5.021856 3.283428
v 3.853161 -5.022680 3.284096
v 3.853413 -5.023926 3.284320
v 3.110546 -5.023574 3.404640
v 3.108467 -5.027566 3.402827
v 3.109383 -5.023888 3.403617
v 3.108578 -5.024757 3.402913
v 3.108257 -5.026050 3.402637
v 2.689705 -5.022444 3.768674
v 2.687599 -5.026442 3.766838
v 2.688530 -5.022761 3.767642
v 2.687717 -5.023630 3.766932
v 2.687393 -5.024925 3.766649
v 3.037449 -5.018711 4.074656
v 3.039341 -5.022537 4.076336
v 3.038605 -5.018992 4.075676
v 3.039371 -5.019818 4.076355
v 3.039631 -5.021063 4.076585
v 2.603439 -5.018157 4.370519
v 2.605415 -5.021992 4.372208
v 2.604652 -5.018437 4.371531
v 2.605453 -5.019265 4.372207
v 2.605721 -5.020512 4.372446
v 2.243065 -5.021889 4.070921
v 2.240810 -5.025882 4.069150
v 2.241833 -5.022202 4.069904
v 2.240971 -5.023073 4.069211
v 2.240612 -5.024363 4.068945
v 1.400780 -5.020066 4.733379
v 1.389675 -5.023516 4.740139
v 1.397194 -5.020330 4.735196
v 1.393822 -5.021079 4.737118
v 1.391182 -5.022197 4.738854
v 2.124935 -5.018130 4.621010
v 2.127716 -5.022027 4.622480
v 2.127121 -5.018414 4.621560
v 2.128418 -5.019257 4.622033
v 2.128624 -5.020525 4.622355
v 1.460342 -5.021824 4.473652
v 1.455246 -5.025427 4.474144
v 1.457985 -5.022110 4.473254
v 1.456188 -5.022897 4.473207
v 1.455227 -5.024060 4.473519
v 3.848816 -5.027683 2.489383
v 3.846813 -5.031676 2.487418
v 3.847683 -5.027997 2.488301
v 3.846901 -5.028870 2.487548
v 3.846596 -5.030160 2.487237
v 4.189930 -5.023844 2.812529
v 4.191700 -5.027677 2.814318
v 4.191040 -5.024124 2.813591
v 4.191769 -5.024951 2.814304
v 4.192001 -5.026197 2.814559
v 4.622551 -5.032783 1.426905
v 4.626488 -5.036987 1.417908
v 4.624100 -5.033120 1.423493
v 4.625393 -5.034035 1.420584
v 4.626232 -5.035393 1.418623
v 4.312531 -5.033132 1.541616
v 4.312145 -5.037148 1.536195
v 4.312012 -5.033454 1.539212
v 4.311760 -5.034332 1.537339
v 4.311806 -5.035628 1.536279
v 4.492085 -5.026776 2.275442
v 4.492161 -5.030612 2.280345
v 4.492550 -5.027051 2.277699
v 4.492729 -5.027878 2.279422
v 4.492592 -5.029129 2.280353
v 3.421459 -5.128095 3.678666
v 3.416775 -5.131978 3.674562
v 3.420670 -5.129570 3.677979
v 3.419502 -5.130827 3.676956
v 3.418133 -5.131671 3.675757
v 3.533226 -5.132711 3.003031
v 3.537708 -5.136633 3.006990
v 3.533936 -5.134223 3.003661
v 3.535038 -5.135500 3.004635
v 3.536362 -5.136346 3.005805
v 3.814823 -5.129822 3.250809
v 3.810143 -5.133708 3.246707
v 3.814034 -5.131299 3.250120
v 3.812866 -5.132556 3.249099
v 3.811501 -5.133401 3.247900
v 3.139874 -5.130980 3.430899
v 3.144356 -5.134904 3.434860
v 3.140583 -5.132493 3.431530
v 3.141685 -5.133769 3.432504
v 3.143009 -5.134615 3.433673
v 2.719006 -5.129847 3.794909
v 2.723511 -5.133774 3.798890
v 2.719719 -5.131359 3.795542
v 2.720825 -5.132638 3.796520
v 2.722157 -5.133484 3.797695
v 3.001045 -5.126962 4.043077
v 2.996334 -5.130845 4.038949
v 3.000252 -5.128437 4.042387
v 2.999081 -5.129693 4.041359
v 2.997704 -5.130538 4.040154
v 2.565620 -5.125451 4.340335
v 2.560684 -5.129336 4.336295
v 2.564789 -5.126927 4.339664
v 2.563560 -5.128181 4.338662
v 2.562119 -5.129028 4.337478
v 2.272198 -5.128466 4.097889
v 2.276875 -5.132387 4.101860
v 2.272926 -5.129976 4.098532
v 2.274071 -5.131253 4.099513
v 2.275455 -5.132099 4.100680
v 1.350895 -5.085353 4.785183
v 1.357552 -5.089284 4.783185
v 1.350731 -5.086725 4.785811
v 1.351936 -5.087953 4.785654
v 1.354332 -5.088852 4.784730
v 2.052734 -5.102491 4.623346
v 2.042652 -5.106342 4.622190
v 2.050888 -5.103944 4.623271
v 2.048321 -5.105186 4.623024
v 2.045429 -5.106029 4.622644
v 1.486320 -5.108843 4.518925
v 1.494282 -5.112337 4.522050
v 1.487335 -5.110202 4.519749
v 1.489204 -5.111342 4.520632
v 1.491646 -5.112092 4.521441
v 3.878220 -5.135091 2.515490
v 3.882610 -5.139013 2.519644
v 3.878922 -5.136601 2.516136
v 3.880001 -5.137877 2.517151
v 3.881298 -5.138726 2.518384
v 4.153412 -5.132079 2.781065
v 4.148827 -5.135979 2.776774
v 4.152630 -5.133560 2.780362
v 4.151482 -5.134820 2.779298
v 4.150146 -5.135670 2.778039
v 4.623104 -5.140402 1.415365
v 4.618217 -5.144507 1.425640
v 4.622692 -5.141992 1.416114
v 4.621616 -5.143330 1.418332
v 4.620049 -5.144215 1.421675
v 4.343552 -5.140558 1.564267
v 4.345921 -5.144456 1.572722
v 4.344101 -5.142067 1.565241
v 4.344742 -5.143338 1.567190
v 4.345383 -5.144176 1.569816
v 4.453888 -5.134975 2.247103
v 4.451370 -5.138914 2.238970
v 4.453259 -5.136466 2.246106
v 4.452560 -5.137737 2.244209
v 4.451897 -5.138596 2.241704
v 4.629490 -5.092933 0.863887
v 4.631165 -5.092925 0.864353
v 4.631054 -5.092933 0.862971
v 0.925133 -5.057715 4.767732
v 0.925804 -5.057616 4.769558
v 0.924015 -5.057687 4.768450
v 0.924377 -5.057634 4.769438
v 1.826542 -5.051564 4.752142
v 1.810982 -5.051330 4.755858
v 1.823116 -5.051456 4.753525
v 1.818951 -5.051374 4.754716
v 1.814693 -5.051329 4.755536
v 3.568172 -3.513683 5.108390
v 3.569443 -3.515056 5.112558
v 3.569141 -3.514784 5.108902
v 3.569721 -3.515431 5.109874
v 3.569828 -3.515527 5.111157
v 2.836929 -3.559842 5.050681
v 2.834778 -3.557295 5.054201
v 2.835896 -3.558651 5.050755
v 2.835121 -3.557748 5.051448
v 2.834728 -3.557273 5.052659
v 3.138149 -3.904565 5.118050
v 3.139412 -3.905929 5.122212
v 3.139114 -3.905663 5.118560
v 3.139694 -3.906306 5.119530
v 3.139797 -3.906400 5.120813
v 3.266972 -3.168981 5.041027
v 3.264816 -3.166432 5.044546
v 3.265934 -3.167789 5.041100
v 3.265163 -3.166888 5.041793
v 3.264771 -3.166409 5.043005
v 3.633671 -2.750864 5.022627
v 3.631493 -2.748292 5.026145
v 3.632626 -2.749662 5.022698
v 3.631847 -2.748752 5.023392
v 3.631447 -2.748271 5.024602
v 3.935219 -3.095961 5.090068
v 3.936508 -3.097359 5.094254
v 3.936195 -3.097074 5.090584
v 3.936783 -3.097730 5.091560
v 3.936893 -3.097830 5.092848
v 4.234119 -2.664820 5.064254
v 4.235374 -2.666356 5.068467
v 4.235088 -2.665989 5.064774
v 4.235664 -2.666691 5.065757
v 4.235767 -2.666821 5.067053
v 3.938747 -2.308182 4.996997
v 3.936604 -2.305465 5.000513
v 3.937714 -2.306925 4.997068
v 3.936943 -2.305967 4.997759
v 3.936554 -2.305456 4.998971
v 4.599670 -1.494528 4.980608
v 4.603378 -1.485365 4.984235
v 4.601234 -1.491217 4.980764
v 4.602489 -1.488312 4.981507
v 4.603241 -1.486258 4.982728
v 4.488152 -2.189655 5.029519
v 4.488014 -2.194002 5.033736
v 4.488590 -2.191907 5.030031
v 4.488716 -2.193523 5.031013
v 4.488514 -2.194259 5.032314
v 4.339973 -1.555027 4.966467
v 4.339218 -1.549546 4.970015
v 4.339474 -1.552713 4.966548
v 4.339157 -1.550859 4.967249
v 4.339066 -1.549746 4.968467
v 2.348053 -3.902654 5.049489
v 2.345745 -3.900176 5.053004
v 2.346958 -3.901491 5.049560
v 2.346138 -3.900609 5.050252
v 2.345711 -3.900150 5.051463
v 2.666759 -4.241150 5.117622
v 2.668167 -4.242434 5.121798
v 2.667782 -4.242219 5.118135
v 2.668407 -4.242837 5.119108
v 2.668541 -4.242912 5.120396
v 1.282120 -4.671637 5.049469
v 1.272732 -4.675041 5.053258
v 1.278675 -4.673137 5.049669
v 1.275681 -4.674310 5.050460
v 1.273594 -4.674978 5.051721
v 1.399361 -4.363723 5.022701
v 1.393593 -4.362858 5.026115
v 1.396942 -4.363177 5.022732
v 1.394997 -4.362818 5.023392
v 1.393822 -4.362706 5.024580
v 2.128773 -4.541530 5.107096
v 2.133297 -4.541128 5.111356
v 2.130989 -4.541956 5.107637
v 2.132626 -4.542030 5.108636
v 2.133438 -4.541738 5.109943
v 3.526985 -3.464319 5.207925
v 3.522568 -3.459187 5.210819
v 3.526169 -3.463354 5.209229
v 3.525040 -3.462040 5.210237
v 3.523777 -3.460576 5.210794
v 2.852779 -3.575755 5.162853
v 2.856312 -3.579718 5.167645
v 2.853260 -3.576274 5.164492
v 2.854099 -3.577208 5.165977
v 2.855171 -3.578419 5.167084
v 3.096954 -3.855190 5.217585
v 3.092545 -3.850065 5.220478
v 3.096138 -3.854225 5.218886
v 3.095013 -3.852910 5.219893
v 3.093750 -3.851451 5.220451
v 3.282818 -3.184894 5.153198
v 3.286354 -3.188856 5.157990
v 3.283298 -3.185411 5.154837
v 3.284138 -3.186346 5.156322
v 3.285210 -3.187556 5.157429
v 3.649498 -2.766748 5.134792
v 3.653053 -2.770739 5.139592
v 3.649979 -2.767268 5.136433
v 3.650826 -2.768210 5.137920
v 3.651905 -2.769428 5.139031
v 3.894062 -3.046634 5.189600
v 3.889614 -3.041463 5.192498
v 3.893242 -3.045661 5.190905
v 3.892109 -3.044338 5.191915
v 3.890831 -3.042864 5.192474
v 4.192947 -2.615653 5.163771
v 4.188530 -2.610293 5.166684
v 4.192127 -2.614665 5.165084
v 4.190998 -2.613298 5.166099
v 4.189735 -2.611764 5.166660
v 3.954605 -2.323923 5.109155
v 3.958115 -2.328084 5.113961
v 3.955082 -2.324457 5.110796
v 3.955917 -2.325435 5.112286
v 3.956982 -2.326709 5.113397
v 4.591232 -1.469327 5.085868
v 4.585789 -1.478781 5.090376
v 4.590668 -1.469851 5.087451
v 4.589436 -1.471832 5.088863
v 4.587723 -1.474969 5.089891
v 4.445610 -2.143330 5.128982
v 4.442955 -2.134366 5.131959
v 4.444920 -2.142061 5.130308
v 4.444172 -2.139912 5.131341
v 4.443481 -2.137209 5.131919
v 4.357220 -1.568004 5.078652
v 4.358955 -1.575674 5.083420
v 4.357563 -1.568803 5.080292
v 4.358013 -1.570542 5.081772
v 4.358505 -1.572954 5.082872
v 2.363747 -3.918634 5.161655
v 2.367477 -3.922506 5.166454
v 2.364243 -3.919147 5.163294
v 2.365124 -3.920061 5.164783
v 2.366261 -3.921241 5.165892
v 2.625713 -4.191701 5.217157
v 2.621120 -4.186675 5.220051
v 2.624882 -4.190743 5.218460
v 2.623714 -4.189452 5.219469
v 2.622395 -4.188023 5.220027
v 1.260597 -4.659019 5.154788
v 1.270493 -4.653652 5.159214
v 1.261200 -4.658413 5.156378
v 1.263290 -4.657180 5.157779
v 1.266556 -4.655508 5.158774
v 1.411594 -4.381317 5.134759
v 1.419628 -4.383176 5.139692
v 1.412418 -4.381673 5.136412
v 1.414234 -4.382153 5.137928
v 1.416763 -4.382681 5.139081
v 2.090858 -4.490413 5.206686
v 2.082413 -4.487444 5.209510
v 2.089729 -4.489608 5.207987
v 2.087730 -4.488760 5.208982
v 2.085159 -4.488001 5.209517
v 0.715904 -4.672055 5.057003
v 0.716354 -4.673717 5.057240
v 0.714737 -4.672706 5.056980
v 4.607948 -1.040343 5.008709
v 4.609741 -1.040872 5.008854
v 4.608669 -1.039209 5.008684
v 4.609642 -1.039495 5.008762
v 0.964134 -5.112301 4.799264
v 0.964928 -5.112041 4.798600
v 5.088005 -4.713916 1.043842
v 2.775566 -5.111221 2.898540
v 2.769226 -5.111115 2.905020
v 2.773979 -5.111193 2.900159
v 2.772396 -5.111168 2.901780
v 2.770809 -5.111140 2.903400
v 0.931152 -4.655234 5.196538
v 5.079529 -0.978247 4.645099
v 4.601048 -0.955958 5.126481
v 5.087704 -4.713424 1.044826
vn -0.9950 -0.0565 0.0823
vn -1.0000 -0.0037 -0.0001
vn -0.9951 -0.0601 0.0785
vn 0.3552 -0.5911 0.7242
vn 0.4463 -0.6066 0.6579
vn 0.4460 -0.5660 0.6934
vn -0.9958 0.0601 -0.0690
vn 0.2689 0.7311 -0.6270
vn 0.3611 0.7405 -0.5668
vn 0.2672 0.7652 -0.5858
vn -0.9951 -0.0803 0.0583
vn -0.9950 -0.0780 0.0631
vn 0.3543 -0.5488 0.7572
vn 0.4444 -0.5247 0.7261
vn 0.2712 0.5595 -0.7832
vn 0.3625 0.4785 -0.7998
vn 0.3660 0.5414 -0.7569
vn 0.2725 0.6538 -0.7059
vn 0.3662 0.6720 -0.6436
vn 0.2713 0.6951 -0.6657
vn -0.9952 -0.0718 0.0667
vn -0.9950 -0.0695 0.0712
vn -0.9957 0.0649 -0.0662
vn 0.3566 0.7754 -0.5212
vn 0.2625 0.8010 -0.5380
vn 0.3406 -0.8080 0.4807
vn 0.4356 -0.7447 0.5056
vn 0.3450 -0.7764 0.5274
vn 0.3496 -0.7431 0.5706
vn 0.4434 -0.6786 0.5856
vn 0.3534 -0.7082 0.6111
vn 0.3504 0.8101 -0.4701
vn 0.2572 0.8360 -0.4847
vn 0.3447 0.8349 -0.4291
vn 0.2529 0.8607 -0.4418
vn 0.3328 -0.8520 0.4042
vn 0.4230 -0.8034 0.4191
vn 0.3350 -0.8351 0.4364
vn -0.9948 -0.0863 0.0545
vn 0.3417 0.8457 -0.4098
vn 0.2509 0.8712 -0.4219
vn 0.3557 0.7809 -0.5136
vn 0.0469 0.7738 -0.6316
vn 0.2746 -0.9414 0.1961
vn 0.4177 -0.8213 0.3887
vn -1.0000 -0.0037 -0.0000
vn -0.9943 -0.0955 0.0466
vn -0.9947 -0.0893 0.0501
vn 0.3517 -0.5041 0.7888
vn 0.4416 -0.4826 0.7564
vn 0.3497 -0.4619 0.8151
vn 0.4380 -0.4423 0.7826
vn 0.2646 0.4308 -0.8628
vn 0.3541 0.3875 -0.8511
vn 0.3573 0.4183 -0.8350
vn -0.9958 0.0557 -0.0728
vn 0.3490 -0.4317 0.8317
vn 0.4349 -0.4138 0.7998
vn 0.2994 -0.2048 0.9319
vn 0.3958 -0.2051 0.8952
vn 0.2636 0.3988 -0.8784
vn 0.3575 0.4210 -0.8336
vn -0.9957 0.0450 -0.0806
vn 0.5171 -0.5800 0.6295
vn 0.5173 -0.5416 0.6626
vn 1.0000 0.0037 0.0001
vn 0.9968 -0.0619 0.0500
vn 0.3642 0.7071 -0.6062
vn 0.4412 0.7128 -0.5452
vn 0.9963 0.0723 -0.0469
vn 1.0000 0.0037 -0.0000
vn 0.9961 0.0765 -0.0428
vn 0.5160 -0.5015 0.6944
vn 0.5128 -0.4623 0.7234
vn 0.3674 0.6322 -0.6822
vn 0.4480 0.5653 -0.6927
vn 0.4469 0.6089 -0.6554
vn 0.4462 0.6466 -0.6187
vn 0.3674 0.5891 -0.7197
vn 0.4461 0.5207 -0.7279
vn 0.4454 -0.6445 0.6215
vn 0.4402 -0.7116 0.5475
vn 0.5149 -0.6488 0.5604
vn 0.5119 -0.6806 0.5241
vn 0.4299 0.7812 -0.4526
vn 0.9964 0.0688 -0.0502
vn 0.4297 -0.7762 0.4614
vn 0.5076 -0.7126 0.4843
vn 0.5010 -0.7439 0.4423
vn 0.4194 0.8172 -0.3954
vn 1.0000 0.0038 -0.0000
vn 0.9960 0.0800 -0.0402
vn 0.4948 -0.7701 0.4025
vn 0.3703 -0.9074 0.1989
vn 0.4874 -0.7889 0.3743
vn 0.4872 0.7346 -0.4722
vn 0.9968 -0.0444 0.0666
vn 0.4432 0.4605 -0.7691
vn 0.4358 0.4027 -0.8049
vn 0.5086 -0.4239 0.7495
vn 0.5046 -0.3975 0.7664
vn 0.9967 -0.0364 0.0732
vn 0.9967 -0.0411 0.0696
vn 0.4301 0.3738 -0.8218
vn 0.4996 0.4483 -0.7412
vn 0.4684 -0.2078 0.8587
vn 0.2726 0.6101 -0.7440
vn -0.0639 0.0019 0.9980
vn 0.0376 -0.0294 0.9989
vn 0.1372 -0.0461 0.9895
vn 0.9964 0.0563 -0.0634
vn 0.9965 0.0514 -0.0665
vn 0.4443 0.6798 -0.5835
vn 0.9964 0.0596 -0.0605
vn -0.9954 0.0406 -0.0868
vn -0.9950 -0.0652 0.0752
vn 0.9963 0.0422 -0.0751
vn -0.0649 -0.9978 0.0130
vn -0.2143 -0.9715 -0.1016
vn 0.0379 -0.9982 0.0469
vn -0.0278 -0.9981 -0.0556
vn 0.1379 -0.9883 0.0655
vn 0.9968 -0.0645 0.0462
vn 0.3556 -0.6716 0.6500
vn 0.9968 -0.0481 0.0635
vn 0.5167 -0.6164 0.5942
vn -0.9953 -0.0019 0.0964
vn -0.9951 0.0383 -0.0916
vn -0.9937 -0.0307 0.1074
vn -0.9946 -0.0512 0.0906
vn 0.9953 -0.0211 0.0941
vn 0.9965 -0.0351 0.0761
vn 0.9960 0.0410 -0.0795
vn 0.9959 -0.0007 0.0903
vn -0.9940 -0.0997 0.0442
vn -0.9957 0.0718 -0.0586
vn 0.4363 0.7470 -0.5015
vn 0.9964 -0.0766 0.0372
vn 1.0000 0.0038 -0.0001
vn -0.9958 0.0676 -0.0620
vn -0.9956 0.0760 -0.0543
vn 0.9964 0.0626 -0.0566
vn 0.2685 0.4938 -0.8271
vn 0.1266 0.9880 -0.0882
vn -0.0021 0.9998 -0.0172
vn -0.0021 0.9934 -0.1149
vn 0.9965 0.0459 -0.0695
vn -1.0000 -0.0038 -0.0000
vn -0.9931 -0.1137 0.0275
vn -0.9949 0.0899 -0.0448
vn -0.9951 -0.0993 -0.0003
vn 0.9957 0.0835 -0.0390
vn 0.9959 -0.0897 0.0063
vn 0.9994 -0.0112 -0.0322
vn 0.9958 -0.0878 0.0249
vn -0.2061 0.2712 0.9402
vn -0.4414 0.1041 0.8913
vn -0.9949 -0.0509 0.0872
vn -0.0497 0.0755 0.9959
vn 0.9964 -0.0747 0.0392
vn 0.3562 -0.6336 0.6868
vn 0.9964 0.0658 -0.0535
vn 0.9967 -0.0687 0.0424
vn -0.9955 0.0806 -0.0493
vn 0.4233 0.8061 -0.4135
vn 0.4455 -0.8719 0.2031
vn 0.9968 -0.0593 0.0533
vn 0.9969 -0.0553 0.0567
vn 0.9969 -0.0513 0.0594
vn -0.9958 0.0500 -0.0766
vn -0.9956 0.0810 -0.0461
vn -0.0025 -0.9996 0.0291
vn -0.0019 -0.9999 0.0158
vn -0.0020 -0.9999 0.0150
vn 0.0136 -0.6742 -0.7384
vn -0.0089 -0.4238 -0.9057
vn -0.0158 -0.5050 -0.8630
vn 0.0501 -0.6690 -0.7416
vn -0.0013 -0.4647 -0.8855
vn -0.0934 -0.9928 -0.0746
vn 0.0039 -0.9998 0.0185
vn -0.0961 -0.9952 0.0184
vn -0.0053 0.0048 1.0000
vn -0.0014 0.0197 0.9998
vn 0.0807 -0.0612 0.9949
vn 0.1008 0.9948 -0.0171
vn -0.0041 0.9846 0.1750
vn -1.0000 -0.0021 -0.0001
vn -0.9816 -0.1029 0.1611
vn -0.9953 -0.0003 0.0971
vn 0.0726 -0.9935 0.0872
vn -0.0301 -0.9953 0.0916
vn 1.0000 -0.0080 -0.0041
vn 1.0000 0.0018 0.0004
vn 1.0000 0.0018 0.0001
vn 0.0502 0.9932 0.1047
vn -0.0027 0.9998 -0.0191
vn 0.1892 0.9817 -0.0207
vn 0.9950 0.0002 -0.1000
vn 0.9951 -0.0673 0.0727
vn 0.9973 -0.0686 -0.0277
vn -0.1011 0.9947 -0.0190
vn -0.0027 0.9968 0.0797
vn 1.0000 0.0020 0.0001
vn 0.9938 0.0769 -0.0803
vn -0.0054 0.0173 0.9998
vn -0.1796 0.1964 0.9639
vn -0.1380 -0.0151 0.9903
vn -0.0015 0.0146 0.9999
vn 0.0664 -0.6925 0.7183
vn -0.0009 -0.5432 0.8396
vn 0.0712 -0.6552 0.7521
vn 0.1053 -0.0188 -0.9943
vn -0.0001 0.0793 -0.9968
vn 0.0001 -0.0191 -0.9998
vn 0.0008 -0.9998 0.0185
vn -0.0032 -0.9911 0.1328
vn -0.0038 -0.9998 0.0188
vn -0.0818 -0.9946 -0.0645
vn 0.0361 -0.9885 -0.1469
vn 0.9995 0.0222 -0.0219
vn 0.9940 0.1094 -0.0018
vn 0.0015 -0.7504 0.6609
vn 0.0014 -0.6940 0.7200
vn -0.4605 0.7507 -0.4737
vn -0.5767 0.5672 -0.5880
vn -0.6061 0.5977 -0.5247
vn -0.0017 0.0180 0.9998
vn -0.0013 -0.0716 0.9974
vn 0.0949 -0.0685 0.9931
vn 0.0016 -0.9999 0.0139
vn -0.0999 -0.9949 0.0146
vn 1.0000 0.0021 -0.0002
vn 0.9959 0.0004 -0.0907
vn 0.9956 -0.0933 0.0015
vn 0.9882 -0.0576 -0.1420
vn 0.1018 -0.9947 0.0145
vn -0.9945 -0.0001 0.1048
vn -0.9955 0.0952 -0.0020
vn -0.9893 0.0707 0.1276
vn 0.7444 -0.6653 0.0573
vn 0.7100 -0.7041 0.0135
vn 0.7075 -0.7001 0.0969
vn -0.0023 -0.9999 0.0157
vn -0.1533 -0.9831 0.1004
vn 0.6724 -0.7384 0.0521
vn 0.5611 -0.8276 0.0159
vn -0.9899 -0.0525 0.1316
vn 0.9952 0.0038 0.0979
vn 0.9920 -0.0828 0.0956
vn 0.0060 0.0222 0.9997
vn -0.0005 0.0127 0.9999
vn -0.0004 0.1081 0.9941
vn -0.0272 -0.9996 -0.0058
vn 0.9866 0.1531 0.0572
vn 0.2061 0.9780 0.0312
vn 0.0952 0.9953 -0.0171
vn -0.1088 -0.1203 -0.9868
vn -0.0887 -0.1821 -0.9793
vn 0.6564 -0.0970 0.7482
vn 0.7065 0.1664 0.6879
vn 0.7191 0.0709 0.6912
vn -0.6028 0.5106 -0.6131
vn -0.5153 0.5940 -0.6178
vn -0.4703 0.4713 -0.7461
vn 0.6975 0.2553 0.6695
vn 0.5335 0.7297 0.4277
vn 0.4808 0.7855 0.3896
vn -0.9969 0.0779 0.0072
vn -0.9957 -0.0045 -0.0921
vn -0.9809 0.1944 0.0014
vn 0.0924 0.0184 0.9955
vn -0.0053 0.0188 0.9998
vn -0.0027 0.9966 0.0822
vn 0.0553 0.1578 0.9859
vn -0.7269 0.4835 -0.4876
vn 0.1255 -0.9814 0.1452
vn -0.0975 -0.2161 -0.9715
vn 0.6762 0.3284 0.6595
vn 0.5260 0.7164 0.4584
vn 0.6523 -0.1152 0.7492
vn 0.7044 0.1349 0.6968
vn 0.0983 -0.0188 -0.9950
vn 0.2005 -0.6439 0.7384
vn 0.1528 -0.6969 0.7007
vn 0.1272 -0.6882 0.7142
vn 0.7116 -0.6805 0.1746
vn 0.7066 -0.6987 0.1120
vn -0.9908 0.0966 0.0951
vn 0.6246 -0.7613 0.1741
vn 0.9999 0.0034 0.0121
vn 0.9932 -0.0801 0.0850
vn 0.0972 -0.1239 -0.9875
vn 0.0003 -0.1003 -0.9950
vn 0.1608 -0.0349 -0.9864
vn 0.0946 0.9889 -0.1145
vn -0.0226 0.0392 0.9990
vn -0.0973 0.1150 0.9886
vn -0.0001 0.0191 0.9998
vn -0.0004 0.1169 0.9931
vn 0.0693 -0.0500 0.9963
vn 0.0738 0.0491 0.9961
vn -0.0058 -0.9970 -0.0767
vn 0.0053 -1.0000 0.0074
vn 0.0039 -0.9976 -0.0686
vn 0.0626 -0.9980 0.0131
vn -0.9901 -0.1040 -0.0938
vn -0.9952 0.0981 -0.0003
vn 0.9950 0.0994 -0.0016
vn 0.9969 0.0302 0.0733
vn 0.9903 0.0970 -0.0996
vn 1.0000 0.0021 0.0001
vn -0.0968 0.0188 0.9951
vn -0.0983 0.0188 0.9950
vn -0.0302 -0.0551 0.9980
vn 0.0128 0.9897 0.1426
vn 0.1003 -0.9885 0.1135
vn -0.9397 0.3215 0.1166
vn -0.8952 0.4061 0.1835
vn -0.9667 0.2199 0.1310
vn 0.0786 0.9959 0.0445
vn -0.0040 1.0000 -0.0077
vn 0.0749 0.9960 0.0489
vn 0.7267 -0.3466 0.5931
vn 0.6613 -0.4368 0.6098
vn 0.6967 -0.4368 0.5691
vn -0.0729 0.9948 -0.0710
vn -0.6279 -0.2798 -0.7262
vn -0.5675 -0.3718 -0.7347
vn -0.5866 -0.2790 -0.7603
vn 0.0553 0.9960 0.0697
vn 0.0593 0.9961 0.0658
vn 0.7605 -0.3452 0.5500
vn 0.7293 -0.4355 0.5277
vn -0.7837 -0.2806 -0.5542
vn -0.7997 -0.3710 -0.4721
vn -0.7570 -0.3752 -0.5350
vn -0.7066 -0.2828 -0.6486
vn -0.6440 -0.3764 -0.6660
vn -0.6667 -0.2817 -0.6900
vn 0.0625 0.9962 0.0612
vn 0.0672 0.9961 0.0580
vn -0.0695 0.9947 -0.0754
vn -0.5229 -0.3678 -0.7690
vn -0.5397 -0.2739 -0.7961
vn 0.4842 -0.3289 0.8108
vn 0.5094 -0.4251 0.7482
vn 0.5307 -0.3351 0.7785
vn 0.5747 -0.3390 0.7449
vn 0.5892 -0.4333 0.6819
vn 0.6147 -0.3424 0.7106
vn -0.4717 -0.3806 -0.7954
vn -0.4853 -0.2828 -0.8274
vn -0.4258 -0.4350 -0.7934
vn -0.4361 -0.3380 -0.8340
vn 0.4154 -0.2770 0.8664
vn 0.4261 -0.4048 0.8091
vn 0.4412 -0.3170 0.8396
vn 0.0511 0.9960 0.0739
vn -0.3807 -0.5573 -0.7379
vn -0.3908 -0.4753 -0.7883
vn -0.3731 -0.6746 -0.6370
vn -0.3389 -0.6725 -0.6580
vn 0.3852 -0.1705 0.9069
vn 0.4068 -0.3703 0.8351
vn 0.0425 0.9956 0.0831
vn 0.0462 0.9959 0.0775
vn 0.7913 -0.3437 0.5057
vn 0.7594 -0.4331 0.4855
vn 0.8184 -0.3391 0.4638
vn 0.7856 -0.4298 0.4451
vn -0.8625 -0.2745 -0.4251
vn -0.8508 -0.3618 -0.3810
vn -0.8348 -0.3653 -0.4119
vn -0.0775 0.9947 -0.0674
vn 0.8344 -0.3406 0.4333
vn 0.8026 -0.4270 0.4165
vn 0.9338 -0.2925 0.2060
vn 0.8973 -0.3899 0.2071
vn -0.8785 -0.2715 -0.3931
vn -0.6931 -0.3794 -0.6130
vn -0.0846 0.9948 -0.0560
vn 0.6328 -0.5086 0.5838
vn 0.6664 -0.5091 0.5448
vn 0.0040 -1.0000 0.0077
vn 0.0539 -0.9959 0.0731
vn -0.6067 -0.3746 -0.7011
vn -0.5456 -0.4512 -0.7062
vn -0.0443 -0.9972 -0.0599
vn -0.0033 -0.9998 0.0188
vn -0.0462 -0.9974 -0.0556
vn 0.6978 -0.5075 0.5055
vn 0.7271 -0.5046 0.4655
vn -0.6825 -0.3772 -0.6260
vn -0.6917 -0.4566 -0.5596
vn -0.6557 -0.4570 -0.6011
vn -0.6188 -0.4561 -0.6396
vn -0.7199 -0.3768 -0.5829
vn -0.7275 -0.4549 -0.5136
vn 0.6251 -0.4356 0.6478
vn 0.5512 -0.4299 0.7151
vn 0.5640 -0.5057 0.6528
vn 0.5279 -0.5025 0.6847
vn -0.4579 -0.4541 -0.7643
vn -0.0472 -0.9972 -0.0582
vn 0.0028 -1.0000 0.0091
vn 0.4652 -0.4190 0.7797
vn 0.4880 -0.4976 0.7171
vn 0.4456 -0.4919 0.7480
vn -0.3704 -0.6245 -0.6876
vn -0.0086 -0.9989 0.0457
vn -0.0453 -0.9984 -0.0336
vn 0.4090 -0.4771 0.7779
vn 0.3900 -0.2467 0.8872
vn 0.3903 -0.4434 0.8069
vn -0.3483 -0.7594 -0.5495
vn 0.0704 -0.9960 0.0554
vn -0.7691 -0.4508 -0.4531
vn -0.8045 -0.4432 -0.3955
vn 0.7529 -0.5002 0.4277
vn 0.7696 -0.4972 0.4006
vn 0.0773 -0.9958 0.0482
vn 0.0738 -0.9959 0.0518
vn -0.8208 -0.4381 -0.3665
vn -0.7409 -0.5034 -0.4446
vn 0.8612 -0.4626 0.2106
vn -0.7453 -0.2824 -0.6039
vn 0.9977 0.0669 -0.0054
vn 0.9991 -0.0334 0.0270
vn 0.9901 -0.1327 0.0449
vn -0.0595 -0.9973 -0.0439
vn -0.0623 -0.9973 -0.0396
vn -0.5829 -0.4544 -0.6736
vn -0.0565 -0.9973 -0.0478
vn -0.0904 0.9946 -0.0516
vn 0.0716 0.9960 0.0537
vn -0.0717 -0.9970 -0.0308
vn -0.0587 0.7459 0.6635
vn 0.0089 0.5849 0.8110
vn 0.0007 0.6435 0.7655
vn -0.0332 0.6612 0.7495
vn 0.0201 0.5027 0.8642
vn 0.0492 -0.9957 0.0779
vn 0.6521 -0.3450 0.6751
vn 0.0672 -0.9960 0.0590
vn 0.5982 -0.5076 0.6201
vn 0.0922 0.9957 -0.0093
vn -0.0952 0.9942 -0.0493
vn 0.1036 0.9944 0.0194
vn 0.0866 0.9955 0.0383
vn 0.0946 -0.9950 0.0323
vn 0.0807 -0.9957 0.0465
vn -0.0758 -0.9967 -0.0288
vn 0.0984 -0.9951 0.0120
vn -0.0039 1.0000 -0.0077
vn 0.0399 0.9954 0.0866
vn -0.0626 0.9946 -0.0831
vn -0.5033 -0.4468 -0.7396
vn 0.0286 -0.9847 0.1719
vn -0.0021 -0.9962 0.0874
vn -0.0660 0.9947 -0.0792
vn -0.0581 0.9946 -0.0865
vn -0.0534 -0.9972 -0.0516
vn -0.8274 -0.2774 -0.4883
vn 0.1363 -0.2000 -0.9703
vn 0.0856 -0.1186 -0.9893
vn 0.1408 -0.1964 -0.9704
vn -0.0666 -0.9972 -0.0348
vn -0.0039 1.0000 -0.0076
vn 0.0177 0.9928 0.1183
vn -0.0463 0.9945 -0.0938
vn -0.0039 0.9979 0.0644
vn -0.0384 -0.9993 -0.0050
vn 0.0137 -0.9788 0.2042
vn -0.0144 -0.9923 0.1228
vn 0.0530 -0.9600 0.2748
vn 0.9615 0.2713 -0.0435
vn 0.8744 0.4444 -0.1947
vn 0.0826 0.9958 0.0403
vn 0.9954 0.0538 -0.0793
vn 0.0245 -0.9923 0.1211
vn 0.6901 -0.3454 0.6360
vn -0.0500 -0.9973 -0.0547
vn 0.0384 -0.9951 0.0909
vn 0.0411 0.4094 0.9114
vn 0.0317 0.4891 0.8716
vn -0.0530 0.9945 -0.0901
vn -0.4142 -0.5144 -0.7509
vn 0.0562 0.3299 0.9423
vn 0.0571 -0.9960 0.0694
vn 0.0605 -0.9960 0.0662
vn 0.0635 -0.9960 0.0623
vn -0.0807 0.9948 -0.0624
vn -0.0496 0.9943 -0.0946
vn 0.5513 -0.6780 0.4862
vn 0.5599 -0.6019 0.5695
vn 0.5190 -0.6371 0.5699
vn 0.0223 -0.0490 -0.9986
vn -0.7429 0.6563 0.1319
vn -0.7605 0.6076 0.2292
vn -0.7773 0.6153 0.1316
vn 0.1621 -0.1771 -0.9708
vn 0.1580 -0.1811 -0.9707
vn 0.5079 -0.7116 0.4854
vn 0.4776 -0.6696 0.5688
vn -0.5701 0.8113 0.1294
vn -0.4967 0.8383 0.2247
vn -0.5601 0.7964 0.2281
vn -0.6652 0.7348 0.1326
vn -0.6918 0.6842 0.2309
vn -0.7066 0.6951 0.1325
vn 0.1540 -0.1847 -0.9707
vn 0.1499 -0.1887 -0.9705
vn 0.0179 -0.0528 -0.9984
vn -0.7954 0.5619 0.2273
vn -0.8129 0.5678 0.1294
vn 0.7713 -0.4387 0.4612
vn 0.7002 -0.4523 0.5524
vn 0.7387 -0.4846 0.4685
vn 0.7042 -0.5276 0.4752
vn 0.6327 -0.5306 0.5640
vn 0.6694 -0.5666 0.4805
vn -0.8303 0.5102 0.2243
vn -0.8478 0.5147 0.1280
vn -0.8556 0.4679 0.2213
vn -0.8724 0.4722 0.1261
vn 0.8163 -0.3635 0.4488
vn 0.7609 -0.3680 0.5345
vn 0.7991 -0.3954 0.4530
vn 0.1664 -0.1729 -0.9708
vn -0.8669 0.4474 0.2197
vn -0.8832 0.4520 0.1253
vn -0.8457 0.4850 0.2225
vn -0.8408 0.5412 -0.0149
vn 0.9126 -0.1633 0.3749
vn 0.7795 -0.3385 0.5271
vn 0.0864 -0.1131 -0.9898
vn 0.1634 -0.1553 -0.9743
vn 0.1695 -0.1671 -0.9713
vn 0.4638 -0.7429 0.4827
vn 0.4355 -0.6999 0.5662
vn 0.4214 -0.7689 0.4809
vn 0.3953 -0.7263 0.5624
vn -0.4402 0.8892 0.1250
vn -0.4046 0.8881 0.2179
vn -0.4358 0.8726 0.2205
vn 0.0264 -0.0452 -0.9986
vn 0.3915 -0.7856 0.4791
vn 0.3669 -0.7436 0.5589
vn 0.1681 -0.8897 0.4245
vn 0.1610 -0.8424 0.5142
vn -0.4082 0.9044 0.1244
vn -0.4380 0.8715 0.2206
vn 0.0375 -0.0379 -0.9986
vn 0.5279 -0.5650 0.6341
vn 0.4887 -0.5986 0.6347
vn -0.0856 0.1186 0.9893
vn -0.0207 0.0684 0.9974
vn -0.7269 0.6469 0.2303
vn -0.7397 0.5957 0.3129
vn -0.1539 0.1636 0.9745
vn -0.0857 0.1129 0.9899
vn -0.1616 0.1521 0.9751
vn 0.4492 -0.6299 0.6336
vn 0.4091 -0.6588 0.6314
vn -0.6516 0.7226 0.2307
vn -0.5927 0.7414 0.3146
vn -0.6343 0.7057 0.3156
vn -0.6732 0.6690 0.3151
vn -0.6083 0.7597 0.2299
vn -0.5465 0.7770 0.3123
vn 0.5981 -0.5660 0.5674
vn 0.6664 -0.4933 0.5591
vn 0.5975 -0.4969 0.6294
vn 0.6298 -0.4614 0.6248
vn -0.8092 0.5012 0.3066
vn -0.1497 0.1684 0.9743
vn -0.0858 0.1180 0.9893
vn 0.7327 -0.4091 0.5438
vn 0.6630 -0.4228 0.6178
vn 0.6949 -0.3821 0.6093
vn -0.8465 0.4392 0.3009
vn -0.0773 0.0980 0.9922
vn -0.1650 0.1333 0.9772
vn 0.7230 -0.3436 0.5993
vn 0.8705 -0.1590 0.4658
vn 0.7436 -0.3170 0.5888
vn -0.6455 0.6444 0.4099
vn -0.0384 0.0521 0.9979
vn -0.4853 0.8177 0.3096
vn -0.4271 0.8521 0.3026
vn 0.3715 -0.6849 0.6268
vn 0.3448 -0.7021 0.6230
vn -0.0456 0.0454 0.9979
vn -0.0424 0.0492 0.9979
vn -0.3975 0.8680 0.2976
vn -0.4179 0.8418 0.3416
vn 0.1582 -0.7976 0.5821
vn -0.6201 0.7734 0.1312
vn -0.0089 -0.9985 0.0532
vn 0.0139 -0.9874 0.1575
vn 0.0225 -0.9663 0.2566
vn -0.1364 0.1815 0.9739
vn -0.1316 0.1840 0.9741
vn -0.7074 0.6332 0.3141
vn -0.1397 0.1780 0.9741
vn 0.0422 -0.0323 -0.9986
vn 0.1452 -0.1925 -0.9705
vn -0.1227 0.1928 0.9735
vn 0.9998 -0.0092 0.0154
vn 0.9882 0.0187 -0.1523
vn 0.9915 -0.0379 0.1246
vn 0.9998 -0.0139 0.0157
vn 0.9728 -0.0516 0.2258
vn -0.0164 0.0716 0.9973
vn 0.6338 -0.6038 0.4834
vn -0.0345 0.0553 0.9979
vn 0.5645 -0.5309 0.6320
vn 0.0822 -0.2131 -0.9736
vn 0.0443 -0.0270 -0.9987
vn 0.1110 -0.2247 -0.9681
vn 0.1301 -0.2083 -0.9694
vn -0.0614 0.0277 0.9977
vn -0.0474 0.0422 0.9980
vn -0.1206 0.1970 0.9730
vn -0.0817 0.0235 0.9964
vn 0.0817 -0.0997 -0.9917
vn 0.1380 -0.1361 -0.9810
vn 0.0110 -0.0601 -0.9981
vn 0.0858 -0.1179 -0.9893
vn -0.7741 0.5516 0.3107
vn 0.0445 0.0492 0.9978
vn -0.0510 0.0750 0.9959
vn 0.0141 -0.0560 -0.9983
vn 0.0080 -0.0632 -0.9980
vn -0.1437 0.1750 0.9740
vn -0.5039 0.8544 0.1268
vn -0.1266 0.1878 0.9740
vn 0.0635 -0.0805 -0.9947
vn 0.1043 -0.0985 -0.9897
vn -0.0100 -0.0313 -0.9995
vn 0.1475 -0.0662 -0.9868
vn -0.1513 0.1136 0.9819
vn 0.0561 0.0526 0.9970
vn -0.0416 0.0928 0.9948
vn 0.1091 0.0355 0.9934
vn -0.2670 -0.9572 -0.1116
vn -0.0790 -0.9369 -0.3405
vn 0.1325 -0.2046 -0.9698
vn -0.1902 -0.9508 0.2444
vn 0.0058 0.0678 0.9977
vn 0.5940 -0.6416 0.4853
vn -0.1469 0.1718 0.9741
vn -0.0111 0.0740 0.9972
vn 0.0081 -0.0594 -0.9982
vn -0.8348 0.4596 0.3031
vn 0.8329 -0.1595 0.5299
vn -0.0241 0.0657 0.9975
vn -0.0275 0.0621 0.9977
vn -0.0310 0.0588 0.9978
vn 0.0315 -0.0420 -0.9986
vn 0.0048 -0.0467 -0.9989
vn -0.4072 -0.8944 -0.1847
vn -0.7113 -0.6765 -0.1905
vn -0.3531 -0.8939 -0.2763
vn -0.6001 -0.7985 -0.0477
vn -0.9089 -0.3853 -0.1594
vn -0.6483 -0.7227 -0.2397
vn -0.8792 -0.3991 -0.2603
vn -0.9338 0.2967 -0.1999
vn -0.9655 -0.2551 -0.0521
vn -0.9989 0.0002 -0.0463
vn -0.9126 0.3234 -0.2501
vn -0.9867 -0.0101 -0.1623
vn -0.8440 -0.5351 -0.0369
vn -0.9751 -0.0071 -0.2216
vn -0.4408 0.6715 -0.5956
vn -0.1629 0.8603 -0.4831
vn -0.2420 0.6618 -0.7096
vn -0.1458 0.7158 -0.6829
vn -0.4791 0.7317 -0.4847
vn -0.3176 0.8531 -0.4139
vn -0.7306 0.3992 -0.5539
vn -0.7373 0.1712 0.6536
vn -0.6200 0.0538 0.7827
vn -0.6727 0.5256 0.5208
vn -0.7336 0.3295 0.5943
vn -0.9172 0.1507 0.3688
vn -0.8522 0.0397 0.5217
vn -0.8908 0.2454 0.3825
vn 0.0999 0.5055 -0.8570
vn -0.4439 0.5485 -0.7086
vn -0.2590 0.6012 -0.7560
vn -0.1508 0.4554 -0.8774
vn -0.4670 0.4527 -0.7596
vn -0.4035 0.6108 -0.6813
vn -0.7368 0.5216 -0.4302
vn -0.9678 0.0504 0.2464
vn -0.9329 0.1885 -0.3069
vn -0.9991 0.0412 -0.0059
vn -0.9882 0.1532 -0.0030
vn -0.9127 0.2326 -0.3359
vn -0.9785 0.2061 -0.0037
vn 0.4947 -0.8665 -0.0666
vn 0.2280 -0.9731 0.0343
vn -0.0597 -0.9874 -0.1467
vn 0.4168 -0.8981 -0.1401
vn 0.5070 -0.8618 0.0140
vn 0.7254 -0.6881 0.0181
vn 0.8359 -0.5207 -0.1735
vn 0.7552 0.5463 -0.3624
vn 0.4940 0.6803 -0.5414
vn 0.6368 0.6865 -0.3510
vn 0.9233 0.2989 -0.2413
vn 0.7415 0.5347 -0.4052
vn 0.9125 0.2767 -0.3014
vn 0.9473 -0.3197 -0.0201
vn 0.9669 0.2121 -0.1418
vn 0.9927 -0.0404 -0.1140
vn 0.8557 0.4576 -0.2416
vn 0.9890 -0.0496 -0.1395
vn 0.4831 0.0864 0.8713
vn -0.0956 0.1677 0.9812
vn 0.2052 -0.0131 0.9786
vn 0.4863 0.0042 0.8738
vn 0.3800 0.1581 0.9114
vn 0.8310 0.1876 0.5236
vn 0.7667 0.1059 0.6332
vn 0.9674 0.1378 -0.2125
vn 0.9459 0.0286 0.3232
vn 0.9992 0.0357 0.0152
vn 0.8586 0.2300 -0.4581
vn 0.9922 0.1160 0.0446
vn 0.7160 -0.0023 0.6981
vn 0.9244 0.2340 -0.3013
vn 0.9886 0.1426 0.0485
vn 0.7607 0.3457 -0.5494
vn 0.6438 0.3325 -0.6891
vn 0.5007 0.5190 -0.6928
vn 0.7450 0.3900 -0.5412
vn 0.9130 0.2952 -0.2815
vn 0.2418 0.9008 -0.3608
vn 0.3268 0.9370 -0.1232
vn 0.5340 0.5866 -0.6089
vn 0.5821 0.7080 -0.3999
vn 0.7758 0.5304 -0.3418
vn 0.4682 0.0791 -0.8801
vn 0.2429 0.3284 -0.9128
vn 0.1308 0.0525 -0.9900
vn 0.8691 0.3671 -0.3315
vn 0.6444 0.3745 -0.6667
vn 0.7389 0.1493 -0.6571
vn 0.9642 0.1683 -0.2051
vn 0.9562 0.1647 -0.2421
vn 0.1560 0.9530 0.2597
vn 0.0102 0.8302 0.5574
vn 0.6138 0.2702 0.7418
vn 0.5502 0.3235 0.7698
vn 0.4138 0.3932 0.8211
vn 0.3967 -0.6399 0.6581
vn 0.3967 -0.6400 0.6581
vn 0.2139 0.4463 0.8690
vn 0.2469 0.3713 0.8951
vn 0.6162 -0.5869 0.5252
vn 0.7938 -0.5527 0.2537
vn -0.3966 0.8850 0.2439
vn -0.3966 0.8851 0.2437
vn 0.3385 0.4447 0.8293
vn 0.1238 0.9916 0.0367
vn 0.5031 0.8642 -0.0016
vn 0.2723 0.9515 0.1435
vn 0.8470 -0.3219 0.4231
vn 0.8470 -0.3215 0.4233
vn 0.8470 -0.3216 0.4233
vn 0.2395 -0.5518 0.7989
vn 0.4807 -0.6015 0.6381
vn 0.7681 0.3381 0.5439
vn 0.8248 0.4175 0.3814
vn 0.8444 0.4437 0.3001
vn 0.4575 0.8456 -0.2749
vn 0.4867 0.8342 -0.2594
vn 0.4557 0.8463 -0.2757
vn 0.6698 -0.2965 -0.6808
vn 0.6744 -0.3450 -0.6529
vn 0.7493 -0.3944 -0.5319
vn 0.9162 -0.3387 -0.2142
vn 0.9220 -0.3449 -0.1761
vn 0.7192 -0.6364 0.2790
vn 0.7192 -0.6363 0.2790
vn 0.7739 0.0038 -0.6334
vn 0.6831 0.1360 -0.7175
vn 0.8518 -0.1627 -0.4979
vn 0.8087 -0.3808 -0.4484
vn -0.7356 -0.5444 0.4031
vn -0.7342 -0.5446 0.4053
vn -0.7101 -0.5844 0.3926
vn -0.0979 -0.9269 0.3624
vn -0.0979 -0.9268 0.3626
vn 0.1210 -0.8369 0.5339
vn 0.1209 -0.8369 0.5338
vn 0.1210 -0.8368 0.5339
vn -0.8812 -0.0314 -0.4718
vn -0.8812 -0.0316 -0.4718
vn -0.6743 -0.6664 0.3182
vn -0.8353 -0.5490 -0.0293
vn -0.3233 0.8643 -0.3853
vn -0.1970 0.9517 -0.2354
vn -0.1643 0.9667 -0.1964
vn -0.1106 0.9450 0.3079
vn -0.3467 0.9106 0.2249
vn -0.0736 0.9912 0.1099
vn -0.3351 0.5529 0.7629
vn -0.3903 0.7266 0.5655
vn -0.5997 0.6077 0.5206
vn -0.3269 0.3910 0.8604
vn -0.2434 0.1877 0.9516
vn -0.2050 0.1930 0.9595
vn -0.9078 0.3474 0.2350
vn -0.8812 0.1048 0.4610
vn -0.6619 0.3992 0.6345
vn -0.6572 0.1732 0.7336
vn -0.9019 -0.0071 0.4319
vn -0.9491 -0.1528 0.2754
vn -0.4298 -0.3586 0.8286
vn -0.4168 -0.1792 0.8912
vn -0.4905 -0.1440 0.8594
vn 0.5651 -0.7842 0.2562
vn 0.6142 -0.6132 0.4968
vn -0.3410 -0.5309 0.7758
vn -0.4922 -0.2569 0.8317
vn -0.8538 0.2794 0.4392
vn -0.9560 -0.2888 -0.0519
vn -0.9125 -0.2364 -0.3338
vn -0.9896 -0.1402 -0.0323
vn -0.5822 -0.7447 -0.3264
vn -0.7285 -0.5601 -0.3945
vn -0.6897 -0.2841 -0.6660
vn -0.2571 -0.8373 -0.4825
vn -0.3401 -0.9295 -0.1427
vn -0.1584 -0.9794 -0.1249
vn 0.4048 -0.7076 -0.5792
vn -0.3649 -0.2448 -0.8983
vn -0.1351 -0.5310 -0.8365
vn -0.4180 -0.6225 -0.6617
vn 0.0278 -0.8213 -0.5699
vn 0.1367 -0.8331 -0.5360
vn 0.6610 -0.0486 0.7488
vn 0.6612 -0.0514 0.7485
vn 0.6611 -0.0503 0.7486
vn 0.2830 -0.9031 -0.3231
vn 0.5960 0.6970 0.3987
vn 0.4348 0.8233 0.3648
vn 0.7926 -0.6086 0.0382
vn -0.6075 -0.0798 -0.7903
vn -0.5938 -0.1644 -0.7876
vn -0.6084 -0.0729 -0.7903
vn 0.8645 0.4478 -0.2284
vn 0.9179 0.1286 0.3753
vn 0.4308 0.7407 -0.5155
vn 0.9196 0.3421 0.1932
vn 0.7001 0.0986 0.7072
vn 0.8918 0.4397 0.1072
vn 0.8961 0.2258 0.3822
vn -0.3094 0.8941 -0.3237
vn -0.1799 0.7839 -0.5942
vn -0.5809 0.7913 -0.1908
vn -0.4334 0.8968 -0.0894
vn -0.0765 0.8908 -0.4479
vn 0.2897 0.9146 0.2822
vn 0.2887 0.9146 0.2832
vn 0.0840 0.8795 0.4685
vn 0.3659 0.1338 0.9210
vn -0.2202 0.4549 0.8629
vn 0.1919 0.3463 0.9183
vn -0.2448 0.5993 0.7622
vn 0.3768 0.2295 0.8974
vn 0.1096 0.4416 0.8905
vn 0.1854 -0.9106 -0.3693
vn 0.3844 -0.9163 -0.1125
vn -0.1357 -0.7269 -0.6732
vn -0.0726 -0.9068 -0.4152
vn 0.7057 -0.7039 -0.0807
vn 0.0905 -0.8805 -0.4653
vn 0.3754 -0.9013 -0.2163
vn -0.3306 0.3368 -0.8816
vn -0.5848 0.1893 -0.7888
vn -0.1511 0.5832 -0.7982
vn -0.0888 0.4465 -0.8904
vn -0.4512 0.1432 -0.8809
vn -0.6551 -0.2114 -0.7254
vn 0.2554 -0.2366 -0.9374
vn 0.2517 -0.2413 -0.9373
vn 0.4427 -0.0264 -0.8963
vn 0.9202 -0.3749 -0.1128
vn 0.8692 0.2154 -0.4452
vn 0.9205 -0.1870 -0.3431
vn 0.5008 0.4812 -0.7195
vn 0.8984 -0.3768 -0.2257
vn 0.8903 -0.0980 -0.4446
vn 0.9174 -0.0987 0.3856
vn 0.9271 -0.3511 0.1312
vn 0.7071 -0.0749 0.7032
vn 0.8732 -0.3113 0.3750
vn 0.7449 -0.6575 0.1135
vn 0.6021 -0.5187 0.6070
vn 0.7070 -0.6005 0.3737
vn 0.1244 -0.3360 0.9336
vn 0.3887 -0.0905 0.9169
vn 0.0997 -0.6407 0.7613
vn 0.3746 -0.3050 0.8756
vn 0.6805 -0.2708 0.6809
vn 0.3883 -0.8301 0.4001
vn 0.1412 -0.8953 0.4225
vn 0.4005 -0.9023 0.1599
vn 0.3669 -0.5958 0.7144
vn -0.4306 0.2514 0.8668
vn -0.1209 -0.2855 0.9507
vn -0.5734 0.3110 0.7579
vn -0.3394 -0.0925 0.9361
vn -0.0840 -0.5991 0.7963
vn -0.4328 0.0033 0.9015
vn -0.2521 -0.2616 0.9317
vn -0.8823 0.3545 -0.3097
vn -0.7795 0.5968 -0.1903
vn -0.7948 0.1772 -0.5804
vn -0.8988 0.0953 -0.4279
vn -0.8756 0.4787 -0.0645
vn -0.7465 0.6651 0.0197
vn -0.9303 -0.1733 0.3233
vn -0.9296 -0.1680 0.3280
vn -0.9081 -0.4079 0.0947
vn -0.4190 -0.8790 0.2274
vn -0.4675 -0.8652 -0.1813
vn -0.1158 -0.8834 0.4541
vn -0.3212 -0.8120 0.4874
vn -0.6000 -0.7560 -0.2619
vn -0.4845 -0.8664 0.1207
vn 0.5079 0.8411 0.1858
vn 0.4580 0.8868 0.0615
vn 0.2689 0.9251 0.2680
vn 0.5212 0.7203 0.4578
vn 0.6419 0.7612 0.0924
vn 0.7358 0.6769 0.0210
vn 0.7377 0.5937 0.3215
vn 0.7377 0.5937 0.3216
vn 0.7376 0.5938 0.3214
vn 0.5987 -0.4043 0.6914
vn 0.2714 -0.4332 0.8594
vn 0.5304 -0.4877 0.6934
vn 0.7679 -0.2640 0.5836
vn 0.5215 -0.1540 0.8393
vn 0.9424 0.3289 0.0616
vn 0.9446 -0.1750 0.2776
vn 0.8920 0.4456 0.0767
vn 0.8069 -0.2532 0.5336
vn 0.7347 -0.3968 0.5503
vn 0.3761 0.9196 -0.1134
vn 0.0950 0.9140 -0.3943
vn 0.7027 0.7038 -0.1042
vn 0.3716 0.8432 -0.3884
vn 0.0909 0.6916 -0.7165
vn 0.6598 0.6558 -0.3668
vn 0.3540 0.6498 -0.6726
vn 0.9203 0.0916 -0.3804
vn 0.9197 0.3784 -0.1043
vn 0.7041 0.0795 -0.7056
vn 0.8489 0.3673 -0.3801
vn 0.6602 0.3451 -0.6671
vn 0.0967 0.3608 -0.9276
vn 0.3788 0.0801 -0.9220
vn 0.0970 0.0779 -0.9922
vn 0.3736 0.3580 -0.8557
vn 0.4828 -0.0950 -0.8706
vn 0.1365 -0.0407 -0.9898
vn 0.4591 -0.0346 -0.8877
vn 0.6957 -0.1068 -0.7103
vn 0.5146 -0.4827 -0.7087
vn 0.7787 -0.3468 -0.5228
vn 0.9461 -0.2668 0.1838
vn 0.9439 -0.0709 -0.3225
vn 0.7334 -0.5379 0.4156
vn 0.8070 -0.5222 0.2758
vn 0.8916 -0.0908 -0.4436
vn 0.7363 -0.0440 -0.6752
vn 0.3296 -0.6765 0.6586
vn 0.5258 -0.6329 0.5683
vn 0.6137 -0.7894 0.0134
vn 0.7726 -0.6342 0.0301
vn 0.5159 -0.8356 0.1887
vn 0.7802 -0.5094 0.3632
vn 0.7057 -0.3272 0.6285
vn -0.3810 0.9211 0.0797
vn -0.0997 0.9274 0.3606
vn -0.0992 0.9920 0.0776
vn -0.7074 0.7024 0.0784
vn -0.3756 0.8553 0.3568
vn -0.0939 0.7171 0.6906
vn -0.6616 0.6671 0.3423
vn -0.3572 0.6726 0.6481
vn -0.9208 0.1022 0.3764
vn -0.9222 0.3760 0.0901
vn -0.7043 0.1040 0.7022
vn -0.8499 0.3790 0.3662
vn -0.6623 0.3659 0.6538
vn -0.0982 0.3953 0.9133
vn -0.3783 0.1141 0.9186
vn -0.3743 0.3886 0.8419
vn 0.0292 0.9505 0.3094
vn 0.2268 0.9717 0.0664
vn 0.0602 0.8491 0.5248
vn 0.1789 0.6108 0.7713
vn 0.0089 0.5689 0.8224
vn 0.4697 0.7290 0.4979
vn 0.4699 0.7289 0.4979
vn -0.5403 0.6641 0.5168
vn -0.5404 0.6639 0.5169
vn -0.5405 0.6638 0.5170
vn 0.2782 -0.1638 0.9465
vn 0.0666 0.3426 0.9371
vn 0.5027 -0.4385 0.7450
vn 0.3750 -0.2365 0.8964
vn 0.1850 0.5769 0.7956
vn 0.0951 0.6858 0.7215
vn 0.6670 -0.6096 0.4284
vn 0.6439 -0.6030 0.4710
vn 0.7917 0.0154 0.6107
vn 0.7012 0.1689 0.6927
vn 0.8416 -0.1610 0.5156
vn 0.5553 -0.4811 0.6784
vn 0.6616 0.0444 0.7485
vn 0.6153 -0.1122 0.7802
vn -0.7863 -0.2737 0.5540
vn -0.9017 -0.0748 0.4258
vn -0.9518 -0.2110 0.2225
vn -0.7158 -0.3534 0.6024
vn -0.4973 -0.2396 0.8339
vn -0.6396 -0.0541 0.7668
vn -0.2252 -0.5315 0.8166
vn 0.3604 -0.7440 0.5627
vn 0.5775 -0.8000 0.1627
vn 0.5836 -0.6845 0.4369
vn 0.1743 -0.5157 0.8389
vn -0.2620 -0.9424 0.2080
vn 0.0681 -0.8436 0.5326
vn -0.3797 -0.9170 0.1221
vn -0.3183 -0.0709 0.9453
vn 0.1635 -0.2681 0.9494
vn -0.1044 -0.2351 0.9663
vn 0.4063 -0.4837 0.7752
vn -0.8629 -0.3155 0.3947
vn -0.8658 0.1246 0.4846
vn -0.9869 -0.1120 0.1159
vn -0.8459 -0.4450 0.2941
vn -0.7733 -0.3191 0.5479
vn -0.6634 -0.1718 0.7283
vn -0.6089 -0.5990 0.5201
vn 0.1361 -0.9449 0.2978
vn -0.3547 -0.9283 0.1115
vn 0.3320 -0.7966 0.5052
vn -0.0905 -0.9579 0.2725
vn -0.4251 -0.8902 0.1635
vn 0.1616 -0.8488 0.5034
vn -0.1569 -0.9355 0.3165
vn 0.5354 -0.3701 0.7592
vn 0.3233 -0.6241 0.7113
vn 0.5234 -0.5777 0.6264
vn 0.1616 -0.5362 0.8285
vn 0.3670 -0.4744 0.8001
vn 0.0698 -0.8043 0.5902
vn -0.9202 -0.1074 -0.3763
vn -0.9194 -0.3829 -0.0903
vn -0.7038 -0.1076 -0.7022
vn -0.8481 -0.3828 -0.3662
vn -0.7010 -0.7087 -0.0789
vn -0.6601 -0.3691 -0.6542
vn -0.6579 -0.6705 -0.3429
vn -0.1608 -0.4451 -0.8809
vn -0.3779 -0.1162 -0.9185
vn -0.1234 -0.7453 -0.6552
vn -0.3715 -0.3903 -0.8424
vn -0.3523 -0.6746 -0.6487
vn -0.3744 -0.9238 -0.0803
vn -0.0936 -0.9360 -0.3393
vn -0.3694 -0.8579 -0.3572
vn 0.1035 -0.7746 -0.6239
vn 0.1739 -0.8774 -0.4471
vn 0.0460 -0.8626 -0.5038
vn 0.4159 -0.7494 -0.5152
vn 0.3613 -0.7144 -0.5993
vn 0.1119 -0.9335 -0.3407
vn 0.0355 -0.9334 -0.3570
vn 0.2175 -0.9101 -0.3528
vn 0.8764 -0.0216 0.4811
vn 0.9201 -0.0350 0.3901
vn 0.9573 -0.0819 0.2774
vn 0.8323 0.0574 0.5513
vn 0.9866 -0.1538 0.0545
vn 0.0565 -0.9858 -0.1581
vn 0.3073 -0.9246 0.2252
vn 0.3024 -0.9520 -0.0475
vn 0.4642 -0.8798 0.1027
vn 0.4177 -0.8617 0.2882
vn 0.4866 -0.8533 0.1874
vn -0.3402 0.8837 0.3214
vn -0.0840 0.7254 0.6832
vn -0.0298 0.8366 0.5470
vn -0.0643 0.9149 0.3986
vn -0.3536 0.9350 0.0281
vn -0.5147 0.8564 0.0403
vn -0.0941 0.9887 0.1163
vn -0.3946 0.9015 -0.1779
vn -0.2046 0.9219 -0.3291
vn -0.0417 0.9850 0.1672
vn -0.0422 0.9989 -0.0188
vn -0.2976 0.9159 -0.2694
vn -0.1976 0.9796 -0.0352
vn -0.0255 0.9344 0.3554
vn -0.3324 0.8254 -0.4562
vn -0.3009 0.8506 -0.4313
vn -0.5505 -0.2567 -0.7944
vn -0.3684 -0.5740 -0.7313
vn 0.6316 0.1493 0.7608
vn -0.4674 0.8383 0.2808
vn 0.1254 0.3560 0.9260
vn 0.0385 0.6555 0.7542
vn 0.2082 0.1913 0.9592
vn 0.1070 0.5270 0.8431
vn 0.0189 0.8170 0.5763
vn 0.1909 0.3401 0.9208
vn 0.0756 0.7259 0.6837
vn 0.2825 0.1848 0.9413
vn 0.3185 -0.0105 0.9479
vn 0.3603 0.1329 0.9233
vn 0.2017 0.5703 0.7963
vn 0.1756 0.5492 0.8170
vn 0.0802 0.8580 0.5073
vn 0.1179 0.9057 0.4071
vn 0.0247 0.9484 0.3163
vn 0.2233 0.7720 0.5951
vn 0.6531 0.7324 -0.1926
vn 0.7795 0.6232 -0.0634
vn 0.8751 0.3928 -0.2828
vn 0.6990 0.6729 -0.2421
vn 0.3654 0.9165 -0.1631
vn 0.5175 0.8542 -0.0504
vn 0.3784 0.8888 -0.2587
vn -0.7987 -0.0558 -0.5992
vn -0.7060 0.4311 -0.5619
vn -0.6956 0.2461 -0.6750
vn -0.8792 0.1433 -0.4545
vn -0.7607 0.4621 -0.4558
vn -0.7494 0.1428 -0.6466
vn -0.4325 0.7311 -0.5277
vn -0.5126 0.7018 -0.4946
vn 0.2422 0.9683 -0.0616
vn -0.3115 0.9298 -0.1962
vn -0.0102 0.9986 -0.0522
vn -0.0085 0.9864 -0.1643
vn -0.3403 0.9087 -0.2417
vn -0.0084 0.9757 -0.2189
vn -0.2656 0.3444 0.9005
vn -0.1269 0.2483 0.9603
vn -0.0097 0.2105 0.9775
vn -0.4544 0.3790 0.8062
vn -0.2133 0.5086 0.8342
vn -0.0039 -0.1012 0.9949
vn 0.0328 0.0090 0.9994
vn -0.1418 -0.6393 0.7558
vn -0.2181 -0.7287 0.6492
vn -0.2289 -0.7403 0.6321
vn -0.2776 -0.9172 -0.2859
vn -0.3594 -0.7994 -0.4814
vn -0.3020 -0.8694 -0.3911
vn -0.1845 -0.9786 -0.0911
vn -0.2952 -0.9249 -0.2395
vn -0.2392 -0.9682 -0.0739
vn -0.0139 -0.8938 0.4483
vn -0.1106 -0.9916 -0.0674
vn -0.0332 -0.8875 0.4595
vn -0.0898 -0.9795 0.1805
vn -0.1751 -0.9584 -0.2253
vn -0.1181 -0.9784 0.1697
vn 0.1782 -0.0217 0.9838
vn 0.1415 0.1768 0.9740
vn 0.0971 0.0229 0.9950
vn 0.1909 -0.4242 0.8852
vn 0.2543 -0.1751 0.9511
vn 0.2519 -0.0186 0.9676
vn 0.2286 -0.3997 0.8877
vn 0.1783 -0.7525 0.6340
vn 0.0969 -0.8202 0.5638
vn 0.1425 -0.8723 0.4677
vn 0.2601 -0.5893 0.7649
vn 0.0750 -0.6624 0.7454
vn 0.3157 -0.1881 0.9300
vn 0.3246 -0.5082 0.7977
vn 0.3810 -0.3275 0.8646
vn 0.2993 -0.3692 0.8798
vn 0.2634 -0.6961 0.6679
vn 0.8724 -0.4815 -0.0840
vn 0.9810 0.1001 -0.1660
vn 0.9808 -0.1948 0.0131
vn 0.8801 -0.4747 -0.0011
vn 0.9157 -0.3700 -0.1567
vn 0.5249 -0.8323 -0.1781
vn 0.6329 -0.7676 -0.1009
vn -0.2088 -0.9698 -0.1261
vn 0.3264 -0.9450 -0.0187
vn 0.0189 -0.9995 -0.0242
vn -0.4555 -0.8630 -0.2188
vn 0.0468 -0.9934 -0.1045
vn 0.7028 -0.7113 0.0089
vn -0.2973 -0.9286 -0.2222
vn 0.0527 -0.9899 -0.1318
vn -0.5461 -0.7673 -0.3363
vn -0.6884 -0.6496 -0.3228
vn -0.6950 -0.5018 -0.5149
vn -0.5366 -0.7540 -0.3787
vn -0.2788 -0.9170 -0.2851
vn 0.9356 0.0785 -0.3442
vn 0.7189 0.1464 -0.6795
vn 0.9287 0.1337 -0.3460
vn 0.8411 0.0192 -0.5405
vn 0.4414 0.1111 -0.8904
vn 0.7034 0.1967 -0.6831
vn 0.4437 0.2199 -0.8688
vn -0.2269 0.1444 -0.9632
vn 0.3180 -0.0053 -0.9481
vn 0.0654 -0.0160 -0.9977
vn -0.2672 0.1984 -0.9430
vn 0.0703 0.1067 -0.9918
vn 0.5920 -0.0103 -0.8059
vn 0.0591 0.1672 -0.9841
vn -0.6419 0.5532 -0.5310
vn -0.8337 0.4782 -0.2762
vn 0.0362 0.8256 -0.5630
vn -0.4739 0.6891 -0.5482
vn -0.6810 0.4587 -0.5708
vn -0.8100 0.3993 -0.4296
vn -0.3539 0.5088 -0.7848
vn -0.1183 -0.7352 -0.6674
vn -0.0130 -0.8505 -0.5258
vn -0.1463 -0.8053 -0.5746
vn -0.1674 -0.7271 -0.6659
vn -0.0803 -0.4739 -0.8769
vn 0.0241 -0.6188 -0.7852
vn -0.1776 -0.4846 -0.8565
vn -0.5019 0.8638 -0.0433
vn -0.5016 0.6521 -0.5685
vn -0.5459 0.7716 -0.3266
vn -0.4304 0.8542 -0.2918
vn -0.4034 0.6982 -0.5914
vn -0.7681 -0.0884 -0.6342
vn -0.6323 0.5149 -0.5789
vn -0.7364 -0.2819 -0.6151
vn -0.4540 0.3413 -0.8231
vn 0.0264 -0.3585 -0.9332
vn -0.1057 0.1945 -0.9752
vn 0.0408 -0.1118 -0.9929
vn -0.0715 -0.1126 -0.9911
vn -0.1531 0.2264 -0.9619
vn -0.1263 -0.1111 -0.9857
vn 0.8094 0.1173 0.5754
vn 0.9461 -0.0079 0.3237
vn 0.9995 0.0307 0.0116
vn 0.7768 0.1849 0.6020
vn 0.8046 0.0348 0.5928
vn 0.6299 0.0320 0.7760
vn 0.4591 0.2461 0.8536
vn -0.5877 0.4556 0.6686
vn -0.5015 0.7638 0.4063
vn -0.7312 0.4105 0.5448
vn -0.3597 0.3149 0.8783
vn -0.7257 0.5997 0.3372
vn -0.3304 0.3813 0.8634
vn -0.4550 0.3746 0.8079
vn 0.2574 0.0799 0.9630
vn -0.2697 0.2076 0.9403
vn -0.0199 0.1821 0.9831
vn -0.5140 0.3085 0.8004
vn -0.0080 0.2089 0.9779
vn -0.1538 -0.8087 0.5678
vn -0.3466 -0.8257 0.4451
vn -0.0155 -0.9477 0.3188
vn -0.0548 -0.8094 0.5848
vn -0.1798 -0.9811 0.0712
vn -0.2601 -0.4213 0.8688
vn -0.1773 -0.5363 0.8252
vn -0.2137 0.3261 0.9209
vn -0.1100 -0.2084 0.9718
vn -0.1174 0.1042 0.9876
vn -0.2936 0.5574 0.7766
vn -0.1975 0.0750 0.9774
vn -0.0648 -0.6083 0.7911
vn -0.3049 0.4087 0.8602
vn -0.2239 0.0690 0.9722
vn -0.3954 0.6367 0.6620
vn -0.3748 0.7614 0.5290
vn -0.4521 0.8166 0.3588
vn -0.4224 0.5998 0.6796
vn -0.3659 0.3890 0.8454
vn 0.7290 -0.0506 0.6827
vn 0.7049 0.2410 0.6671
vn 0.6284 -0.4326 0.6465
vn 0.7152 0.0454 0.6975
vn 0.7207 0.0808 0.6885
vn 0.7041 0.2372 0.6693
vn 0.6632 -0.0090 0.7484
vn 0.3797 -0.8452 0.3761
vn 0.3903 -0.8321 0.3940
vn 0.6472 -0.4835 0.5894
vn 0.5499 -0.6512 0.5230
vn 0.5351 -0.6480 0.5420
vn 0.6973 0.2453 0.6735
vn 0.7052 -0.1326 0.6965
vn 0.7238 0.0356 0.6891
vn 0.7521 -0.0312 0.6584
vn 0.6871 0.2195 0.6926
vn 0.6939 -0.1013 0.7129
vn 0.6909 0.2314 0.6849
vn 0.6958 0.2114 0.6864
vn 0.7126 -0.0604 0.6989
vn 0.7119 -0.2695 0.6485
vn 0.7095 -0.0051 0.7047
vn 0.7182 -0.2361 0.6545
vn 0.7471 -0.1645 0.6440
vn 0.6966 0.2148 0.6845
vn 0.5781 -0.6117 0.5400
vn 0.6992 -0.0472 0.7133
vn 0.5749 -0.4410 0.6892
vn 0.2996 -0.9107 0.2842
vn 0.2661 -0.9149 0.3034
vn 0.4677 -0.7863 0.4038
vn 0.4362 -0.7783 0.4516
vn -0.9010 -0.3141 0.2992
vn -0.9008 -0.2959 0.3178
vn -0.7652 -0.4654 0.4448
vn -0.7666 -0.4368 0.4707
vn -0.2498 -0.6582 0.7102
vn 0.0071 -0.7199 0.6941
vn 0.0071 -0.6793 0.7338
vn -0.8999 -0.3331 0.2815
vn -0.7644 -0.4903 0.4188
vn -0.2496 -0.6983 0.6708
vn 0.0053 -0.7581 0.6521
vn -0.9101 0.2797 -0.3058
vn -0.9101 0.2598 -0.3229
vn -0.7820 0.4217 -0.4590
vn -0.3230 0.5971 -0.7342
vn -0.0770 0.6771 -0.7318
vn -0.3218 0.6413 -0.6966
vn -0.9104 0.2372 -0.3390
vn -0.7814 0.3926 -0.4851
vn -0.3212 0.5508 -0.7704
vn -0.0770 0.6303 -0.7725
vn -0.9002 -0.2571 0.3514
vn -0.9005 -0.2774 0.3349
vn -0.7645 -0.3804 0.5204
vn -0.2494 -0.6133 0.7494
vn 0.0069 -0.5873 0.8093
vn -0.2490 -0.5687 0.7839
vn -0.7654 -0.4104 0.4957
vn 0.0066 -0.6335 0.7737
vn -0.9095 0.2990 -0.2889
vn -0.9097 0.3133 -0.2726
vn -0.7815 0.4501 -0.4321
vn -0.7803 0.4754 -0.4064
vn -0.3202 0.7185 -0.6174
vn -0.0777 0.7195 -0.6901
vn -0.0777 0.7565 -0.6494
vn -0.3217 0.6828 -0.6560
vn -0.9092 0.3288 -0.2555
vn -0.9082 0.3460 -0.2356
vn -0.7799 0.4969 -0.3806
vn -0.7780 0.5218 -0.3498
vn -0.3207 0.7843 -0.5310
vn -0.0790 0.7909 -0.6068
vn -0.0806 0.8274 -0.5557
vn -0.3223 0.7500 -0.5776
vn -0.8996 -0.3483 0.2637
vn -0.7640 -0.5118 0.3929
vn -0.2512 -0.7355 0.6292
vn 0.0028 -0.7928 0.6095
vn -0.8979 -0.3659 0.2447
vn -0.7607 -0.5368 0.3648
vn -0.2515 -0.7676 0.5895
vn 0.0006 -0.8268 0.5626
vn -0.8968 -0.3818 0.2237
vn -0.7588 -0.5594 0.3336
vn -0.2509 -0.8017 0.5425
vn -0.0001 -0.8592 0.5116
vn -0.8926 -0.4017 0.2050
vn -0.7531 -0.5817 0.3073
vn -0.2494 -0.8342 0.4919
vn 0.0006 -0.8858 0.4640
vn -0.9059 0.3653 -0.2144
vn -0.9048 0.3763 -0.1993
vn -0.7728 0.5499 -0.3168
vn -0.7677 0.5706 -0.2918
vn -0.3164 0.8410 -0.4389
vn -0.0812 0.8626 -0.4994
vn -0.0805 0.8869 -0.4549
vn -0.3175 0.8188 -0.4782
vn -0.8859 -0.4497 0.1136
vn -0.9229 -0.3851 -0.0015
vn -0.5366 -0.8214 0.1931
vn -0.7026 -0.7116 -0.0025
vn -0.0610 -0.9761 0.2086
vn -0.3629 -0.9318 -0.0027
vn -0.9790 -0.1840 0.0883
vn -0.7430 -0.6033 0.2896
vn -0.2411 -0.8634 0.4431
vn 0.0069 -0.9032 0.4292
vn -0.7348 -0.6158 0.2844
vn -0.2260 -0.8826 0.4121
vn -0.8986 0.3948 -0.1915
vn -0.7622 0.5828 -0.2818
vn -0.0770 0.8968 -0.4356
vn -0.3100 0.8533 -0.4194
vn -0.9092 0.2117 -0.3587
vn -0.7819 0.3580 -0.5105
vn -0.3195 0.4844 -0.8144
vn -0.0769 0.5786 -0.8120
vn -0.9050 0.1889 -0.3813
vn -0.7773 0.3183 -0.5427
vn -0.3106 0.4281 -0.8487
vn -0.0772 0.5093 -0.8571
vn -0.8963 -0.2199 0.3850
vn -0.8990 -0.2386 0.3672
vn -0.7573 -0.3295 0.5638
vn -0.2466 -0.5221 0.8164
vn 0.0085 -0.4940 0.8694
vn -0.2408 -0.4751 0.8463
vn -0.7630 -0.3520 0.5421
vn 0.0065 -0.5399 0.8417
vn -0.9248 0.0035 0.3804
vn -0.7026 0.0100 0.7115
vn -0.3619 0.0148 0.9321
vn -0.8887 -0.1185 0.4430
vn -0.5318 -0.2051 0.8217
vn -0.0399 -0.2215 0.9743
vn -0.8997 0.1780 -0.3986
vn -0.7683 0.2787 -0.5763
vn -0.3016 0.3960 -0.8673
vn -0.0721 0.4433 -0.8935
vn -0.0653 0.4095 -0.9099
vn -0.7580 0.2640 -0.5965
vn -0.3069 0.3884 -0.8689
vn -0.8917 -0.2101 0.4010
vn -0.2246 -0.4458 0.8665
vn -0.7480 -0.3135 0.5850
vn 0.0159 -0.4625 0.8865
vn 0.6905 -0.4893 0.5327
vn 0.6897 -0.5209 0.5030
vn 0.8527 -0.3524 0.3856
vn 0.8524 -0.3754 0.3641
vn 0.9572 -0.1946 0.2144
vn 0.9574 -0.2060 0.2026
vn 0.6883 -0.5487 0.4746
vn 0.8510 -0.3972 0.3437
vn 0.9565 -0.2205 0.1913
vn 0.6445 0.4840 -0.5920
vn 0.6436 0.5210 -0.5607
vn 0.8313 0.3539 -0.4286
vn 0.8317 0.3786 -0.4061
vn 0.9518 0.1973 -0.2348
vn 0.9521 0.2095 -0.2228
vn 0.6432 0.4462 -0.6223
vn 0.8311 0.3251 -0.4512
vn 0.9522 0.1801 -0.2468
vn 0.6896 -0.4586 0.5605
vn 0.6891 -0.4225 0.5888
vn 0.8524 -0.3293 0.4063
vn 0.8516 -0.3055 0.4260
vn 0.9570 -0.1816 0.2264
vn 0.9567 -0.1683 0.2375
vn 0.6411 0.5833 -0.4989
vn 0.6424 0.5541 -0.5294
vn 0.8293 0.4251 -0.3626
vn 0.8304 0.4035 -0.3843
vn 0.9515 0.2347 -0.1989
vn 0.9519 0.2227 -0.2105
vn 0.6340 0.6427 -0.4301
vn 0.6382 0.6119 -0.4672
vn 0.8257 0.4688 -0.3137
vn 0.8278 0.4463 -0.3400
vn 0.9504 0.2586 -0.1729
vn 0.9511 0.2462 -0.1866
vn 0.6856 -0.5765 0.4445
vn 0.8505 -0.4156 0.3224
vn 0.9564 -0.2303 0.1794
vn 0.6819 -0.6049 0.4111
vn 0.8477 -0.4385 0.2987
vn 0.9560 -0.2415 0.1664
vn 0.6765 -0.6327 0.3769
vn 0.8441 -0.4604 0.2747
vn 0.9546 -0.2556 0.1529
vn 0.6693 -0.6583 0.3443
vn 0.8392 -0.4820 0.2519
vn 0.9527 -0.2693 0.1407
vn 0.6217 0.6964 -0.3583
vn 0.6275 0.6741 -0.3896
vn 0.8161 0.5143 -0.2635
vn 0.8221 0.4924 -0.2857
vn 0.9470 0.2858 -0.1467
vn 0.9489 0.2732 -0.1577
vn 0.4221 -0.9045 0.0609
vn 0.6378 -0.7487 0.1810
vn 0.7304 -0.6814 0.0462
vn 0.8228 -0.5520 0.1354
vn 0.9317 -0.3624 0.0250
vn 0.9462 -0.3136 0.0794
vn 0.6618 -0.6772 0.3215
vn 0.8332 -0.4996 0.2371
vn 0.9503 -0.2814 0.1336
vn 0.6144 0.7106 -0.3429
vn 0.8124 0.5247 -0.2545
vn 0.9454 0.2934 -0.1422
vn 0.6396 0.3953 -0.6593
vn 0.8292 0.2879 -0.4792
vn 0.9517 0.1605 -0.2616
vn 0.6312 0.3478 -0.6933
vn 0.8222 0.2569 -0.5080
vn 0.9493 0.1443 -0.2793
vn 0.6856 -0.3908 0.6142
vn 0.6809 -0.3608 0.6373
vn 0.8499 -0.2805 0.4460
vn 0.8457 -0.2618 0.4650
vn 0.9561 -0.1550 0.2486
vn 0.9547 -0.1433 0.2607
vn 0.4188 -0.0417 0.9071
vn 0.7304 -0.0303 0.6823
vn 0.9381 -0.0135 0.3461
vn 0.6536 -0.1822 0.7346
vn 0.8250 -0.1342 0.5489
vn 0.9427 -0.0771 0.3247
vn 0.6228 0.3248 -0.7118
vn 0.8155 0.2418 -0.5259
vn 0.9465 0.1366 -0.2924
vn 0.6759 -0.3381 0.6548
vn 0.8411 -0.2469 0.4812
vn 0.9527 -0.1365 0.2714
vn 0.3611 0.4624 -0.8098
vn 0.3615 0.4662 -0.8075
vn 0.1727 0.9523 0.2515
vn 0.1727 0.9523 0.2514
vn -0.1197 0.5201 0.8457
vn 0.3652 0.6891 -0.6259
vn -0.1829 -0.9592 -0.2154
vn 0.3644 0.7008 -0.6133
vn 0.9272 -0.3746 0.0057
vn 0.7147 -0.6993 0.0105
vn 0.3930 -0.9195 0.0137
vn -0.0022 -0.3279 0.9447
vn -0.0030 -0.8942 0.4476
vn -0.0028 -0.6439 0.7651
vn -0.6942 -0.1981 -0.6920
vn -0.7677 -0.0604 -0.6379
vn -0.5223 -0.6822 -0.5117
vn -0.6262 0.4516 -0.6355
vn -0.6935 -0.2025 -0.6914
vn -0.6129 -0.5076 -0.6055
vn -0.1604 -0.9766 -0.1436
vn 0.3790 0.0175 0.9252
vn 0.7056 0.0143 0.7085
vn 0.9240 0.0088 0.3822
vn 0.2395 0.6764 -0.6965
vn 0.2363 0.6770 -0.6970
vn 0.9755 0.1511 -0.1600
vn -0.4520 0.6170 -0.6442
vn -0.6865 0.6829 -0.2496
vn -0.6607 0.7507 -0.0052
vn -0.3460 0.3607 0.8661
vn -0.7065 0.7072 -0.0270
vn 0.3926 0.9196 -0.0158
vn 0.7323 0.6809 -0.0117
vn 0.8577 0.5140 -0.0088
vn 0.9385 0.3452 -0.0059
vn 0.9942 0.0481 0.0962
vn 0.8886 0.4587 -0.0077
vn 0.9839 0.1410 -0.1096
vn 0.9931 -0.1171 0.0083
vn 0.9314 -0.0048 -0.3639
vn 0.8264 -0.0091 -0.5631
vn 0.7074 -0.0120 -0.7067
vn 0.4860 -0.0158 -0.8738
vn 0.4072 -0.0034 -0.9133
vn 0.7784 -0.0103 -0.6276
vn 0.9163 -0.2769 0.2893
vn 0.7050 -0.5281 0.4734
vn 0.6879 -0.5029 0.5234
vn 0.3290 -0.6552 0.6801
vn 0.8079 -0.4062 0.4268
vn 0.4490 -0.6195 0.6439
vn 0.0757 -0.7626 0.6424
vn -0.0025 0.9274 0.3740
vn -0.0020 0.7100 0.7042
vn -0.0014 0.4745 0.8802
vn -0.0012 0.3872 0.9220
vn -0.1139 0.1594 0.9806
vn -0.0016 0.5196 0.8544
vn 0.0912 0.0913 0.9916
vn -0.9148 0.0058 0.4038
vn -0.6850 0.0124 0.7285
vn -0.5644 0.0146 0.8254
vn -0.3655 0.0170 0.9307
vn 0.0006 -0.0985 0.9951
vn -0.6772 0.0127 0.7357
vn 0.3074 -0.2878 0.9070
vn 0.3490 -0.3293 0.8774
vn 0.5387 -0.5220 0.6613
vn 0.6691 -0.6574 0.3467
vn 0.4502 -0.4317 0.7817
vn -0.2973 -0.9548 -0.0067
vn -0.4283 -0.9036 0.0120
vn -0.6238 -0.7814 0.0163
vn -0.6883 -0.7248 -0.0290
vn -0.9319 -0.3624 0.0133
vn -0.9814 -0.1916 0.0116
vn -0.9646 -0.2634 0.0124
vn -0.9815 -0.1910 0.0114
vn -0.5716 -0.8203 0.0162
vn -0.0104 -0.9478 -0.3187
vn -0.0146 -0.8178 -0.5753
vn -0.0456 -0.6421 -0.7653
vn 0.1212 -0.9923 0.0275
vn -0.0124 -0.8985 -0.4388
vn 0.4118 -0.8136 0.4105
vn 0.6785 -0.3260 0.6583
vn 0.2392 -0.9392 0.2464
vn 0.5207 -0.6826 0.5128
vn 0.6646 -0.3758 0.6458
vn 0.9226 0.3857 -0.0065
vn 0.7053 0.7088 -0.0121
vn 0.3801 0.9248 -0.0158
vn 0.3830 -0.0169 -0.9236
vn 0.7069 -0.0120 -0.7072
vn 0.9225 -0.0054 -0.3859
vn 0.3835 -0.6166 0.6876
vn 0.7074 -0.4891 0.5103
vn 0.9247 -0.2687 0.2697
vn -0.0012 0.4002 0.9164
vn -0.0020 0.7208 0.6932
vn -0.0025 0.9309 0.3653
vn -0.3831 0.0168 0.9236
vn -0.7065 0.0120 0.7076
vn -0.9240 0.0053 0.3825
vn 0.6562 -0.6431 0.3948
vn 0.5021 -0.4844 0.7164
vn 0.2714 -0.2517 0.9290
vn -0.9746 -0.2238 0.0043
vn -0.9515 -0.3060 0.0328
vn -0.7713 -0.6364 0.0118
vn -0.4076 -0.9130 0.0169
vn 0.0031 -0.8399 -0.5427
vn 0.0037 -0.9525 -0.3046
vn 0.0020 -0.6487 -0.7611
vn 0.5525 0.6349 0.5401
vn 0.7044 0.1183 0.6999
vn 0.7043 0.1187 0.6999
vn 0.4473 -0.7730 0.4498
vn -0.0014 0.6942 -0.7198
vn -0.0014 0.6940 -0.7200
vn -0.0007 0.3658 -0.9307
vn -0.0019 0.9170 -0.3988
vn 0.0014 -0.8041 0.5945
vn 0.0864 -0.8377 0.5393
vn -0.0074 -0.9757 0.2189
vn -0.0086 -0.5774 -0.8164
vn -0.0057 -0.9294 -0.3689
vn -0.0082 -0.5655 -0.8247
vn 0.0003 -0.1821 -0.9833
vn -0.0057 -0.9311 -0.3648
vn 0.0117 -0.9310 -0.3648
vn 0.9223 0.3860 -0.0170
vn 0.9222 0.3863 -0.0170
vn 0.8321 -0.5545 0.0087
vn 0.3823 0.9238 -0.0217
vn 0.5442 0.8385 -0.0285
vn 0.9261 -0.3773 0.0032
vn 0.9799 -0.1991 -0.0089
vn 0.8510 -0.5166 0.0950
vn -0.9809 -0.1946 0.0036
vn -0.3811 -0.9241 0.0274
vn -0.9228 -0.3851 0.0072
vn -0.3788 -0.9254 0.0079
vn 0.3876 -0.9217 0.0176
vn -0.3906 -0.0191 -0.9204
vn -0.7117 -0.0159 -0.7023
vn -0.9259 -0.0106 -0.3777
vn 0.3591 -0.1402 0.9227
vn 0.0980 -0.0250 0.9949
vn 0.1059 -0.0284 0.9940
vn 0.0979 -0.0249 0.9949
vn -0.6825 0.3184 0.6579
vn -0.8436 0.3888 0.3704
vn 0.4139 -0.1676 0.8948
vn -0.0062 0.9294 0.3689
vn -0.0147 0.8444 0.5354
vn -0.0125 -0.1835 0.9829
vn -0.0034 -0.3642 0.9313
vn -0.0107 0.3990 0.9169
vn -0.9249 0.3800 -0.0074
vn -0.7076 0.7065 -0.0136
vn -0.7101 0.7039 -0.0136
vn -0.3851 0.9227 -0.0177
vn 0.5784 0.7137 0.3951
vn 0.8919 0.4512 0.0312
vn 0.8894 0.4559 0.0335
vn 0.8922 0.4506 0.0303
vn 0.5801 -0.4759 -0.6611
vn 0.5874 -0.4706 -0.6584
vn 0.5800 -0.4759 -0.6611
vn 0.5718 0.7173 0.3981
vn 0.8887 0.4573 0.0342
vn 0.8850 0.4641 0.0384
vn 0.5871 -0.4704 -0.6588
vn 0.1071 -0.7224 -0.6831
vn 0.2962 0.9058 0.3031
vn 0.3141 0.9054 0.2855
vn 0.4429 0.7732 0.4539
vn 0.4676 0.7740 0.4269
vn 0.7109 0.2624 0.6526
vn 0.6956 0.0054 0.7184
vn 0.7361 0.0055 0.6768
vn 0.2786 0.9056 0.3198
vn 0.4167 0.7736 0.4773
vn 0.6708 0.2643 0.6929
vn 0.6550 0.0067 0.7556
vn -0.3104 0.9056 -0.2890
vn -0.3269 0.9058 -0.2696
vn -0.4642 0.7743 -0.4302
vn -0.7368 0.3114 -0.6001
vn -0.7344 0.0666 -0.6755
vn -0.6989 0.3123 -0.6435
vn -0.3427 0.9062 -0.2478
vn -0.4879 0.7763 -0.3992
vn -0.7741 0.3109 -0.5515
vn -0.7746 0.0656 -0.6291
vn 0.3485 0.9043 0.2465
vn 0.3313 0.9054 0.2655
vn 0.5178 0.7710 0.3708
vn 0.7503 0.2570 0.6091
vn 0.8109 0.0029 0.5851
vn 0.7851 0.2558 0.5641
vn 0.4915 0.7749 0.3973
vn 0.7755 0.0011 0.6314
vn -0.2933 0.9054 -0.3070
vn -0.2774 0.9047 -0.3234
vn -0.4355 0.7765 -0.4554
vn -0.4116 0.7744 -0.4806
vn -0.6218 0.3085 -0.7199
vn -0.6924 0.0680 -0.7183
vn -0.6517 0.0665 -0.7556
vn -0.6590 0.3140 -0.6835
vn -0.2603 0.9041 -0.3390
vn -0.2403 0.9035 -0.3549
vn -0.3853 0.7726 -0.5046
vn -0.3546 0.7705 -0.5297
vn -0.5345 0.3085 -0.7869
vn -0.6088 0.0668 -0.7905
vn -0.5585 0.0685 -0.8267
vn -0.5812 0.3105 -0.7522
vn 0.2608 0.9049 0.3365
vn 0.3902 0.7727 0.5007
vn 0.6314 0.2630 0.7295
vn 0.6116 0.0095 0.7911
vn 0.2408 0.9041 0.3530
vn 0.3607 0.7719 0.5235
vn 0.5887 0.2642 0.7639
vn 0.5642 0.0108 0.8255
vn 0.2202 0.9026 0.3699
vn 0.3313 0.7681 0.5480
vn 0.5424 0.2644 0.7974
vn 0.5140 0.0136 0.8577
vn 0.2010 0.9000 0.3868
vn 0.3031 0.7647 0.5687
vn 0.4933 0.2635 0.8290
vn 0.4664 0.0205 0.8843
vn -0.2196 0.9012 -0.3736
vn -0.2057 0.8956 -0.3944
vn -0.3231 0.7628 -0.5602
vn -0.3006 0.7502 -0.5889
vn -0.4485 0.2530 -0.8572
vn -0.5025 0.0638 -0.8622
vn -0.4591 0.0097 -0.8884
vn -0.4833 0.3046 -0.8208
vn -0.0040 0.9686 0.2484
vn -0.0038 0.8932 0.4496
vn -0.0032 0.7762 0.6305
vn 0.1873 0.8985 0.3969
vn 0.2816 0.7611 0.5843
vn 0.4462 0.2642 0.8550
vn 0.4315 0.0545 0.9005
vn 0.3559 0.3569 0.8637
vn 0.4112 0.2888 0.8646
vn -0.0880 0.9795 -0.1814
vn -0.3005 0.7246 -0.6202
vn -0.4324 -0.1036 -0.8957
vn -0.4347 -0.1370 -0.8901
vn -0.4324 -0.1035 -0.8957
vn -0.3025 0.7296 -0.6133
vn -0.4386 0.1249 -0.8900
vn -0.3624 0.9056 -0.2206
vn -0.5132 0.7763 -0.3662
vn -0.8164 0.3080 -0.4885
vn -0.8140 0.0668 -0.5770
vn -0.3848 0.9015 -0.1980
vn -0.5468 0.7721 -0.3240
vn -0.8486 0.3110 -0.4280
vn -0.8589 0.0672 -0.5077
vn 0.3822 0.9002 0.2086
vn 0.3641 0.9035 0.2262
vn 0.5625 0.7632 0.3180
vn 0.8168 0.2565 0.5168
vn 0.8702 0.0029 0.4927
vn 0.8459 0.2503 0.4709
vn 0.5405 0.7687 0.3420
vn 0.8432 0.0021 0.5376
vn 0.3773 0.9260 -0.0152
vn 0.7087 0.7052 -0.0202
vn 0.9307 0.3652 -0.0215
vn 0.4397 0.8917 0.1076
vn 0.8199 0.5377 0.1968
vn 0.9747 0.0486 0.2181
vn -0.4030 0.8957 -0.1879
vn -0.5790 0.7637 -0.2853
vn -0.8695 0.2931 -0.3975
vn -0.8949 0.0657 -0.4415
vn -0.9106 0.0587 -0.4090
vn -0.6012 0.7516 -0.2714
vn -0.8733 0.2914 -0.3904
vn 0.3974 0.8960 0.1983
vn 0.8671 0.2316 0.4410
vn 0.5832 0.7543 0.3015
vn 0.8878 -0.0079 0.4601
vn 0.5365 -0.6827 0.4960
vn 0.5074 -0.6817 0.5271
vn 0.3898 -0.8468 0.3619
vn 0.3684 -0.8466 0.3840
vn 0.2186 -0.9541 0.2048
vn 0.2066 -0.9540 0.2171
vn 0.4790 -0.6799 0.5552
vn 0.3482 -0.8453 0.4052
vn 0.1953 -0.9536 0.2291
vn -0.5903 -0.6516 -0.4764
vn -0.5597 -0.6516 -0.5119
vn -0.4267 -0.8369 -0.3427
vn -0.4049 -0.8367 -0.3687
vn -0.2317 -0.9552 -0.1840
vn -0.2196 -0.9553 -0.1979
vn -0.6206 -0.6511 -0.4369
vn -0.4490 -0.8364 -0.3145
vn -0.2436 -0.9551 -0.1685
vn 0.5645 -0.6836 0.4626
vn 0.5919 -0.6818 0.4299
vn 0.4097 -0.8476 0.3373
vn 0.4313 -0.8455 0.3148
vn 0.2302 -0.9541 0.1915
vn 0.2421 -0.9536 0.1789
vn -0.4982 -0.6491 -0.5748
vn -0.5278 -0.6519 -0.5445
vn -0.3609 -0.8351 -0.4152
vn -0.3820 -0.8365 -0.3928
vn -0.1961 -0.9547 -0.2239
vn -0.2081 -0.9549 -0.2119
vn -0.4316 -0.6427 -0.6329
vn -0.4669 -0.6463 -0.6036
vn -0.3142 -0.8314 -0.4584
vn -0.3384 -0.8338 -0.4363
vn -0.1712 -0.9538 -0.2468
vn -0.1844 -0.9542 -0.2357
vn 0.4485 -0.6778 0.5826
vn 0.3265 -0.8440 0.4255
vn 0.1834 -0.9530 0.2410
vn 0.4151 -0.6736 0.6116
vn 0.3024 -0.8415 0.4478
vn 0.1696 -0.9521 0.2544
vn 0.3776 -0.6686 0.6407
vn 0.2729 -0.8375 0.4734
vn 0.1497 -0.9500 0.2741
vn 0.3447 -0.6535 0.6739
vn 0.2468 -0.8231 0.5114
vn 0.1290 -0.9424 0.3087
vn -0.3599 -0.6822 -0.6365
vn -0.3965 -0.6435 -0.6548
vn -0.2693 -0.8463 -0.4597
vn -0.2918 -0.8307 -0.4741
vn -0.1508 -0.9605 -0.2338
vn -0.1629 -0.9535 -0.2537
vn 0.0358 -0.0935 0.9950
vn 0.0769 -0.2164 0.9733
vn 0.0283 -0.8388 0.5437
vn 0.0326 0.1661 0.9856
vn 0.0336 -0.6702 0.7414
vn 0.3297 -0.6241 0.7084
vn 0.2399 -0.7944 0.5580
vn 0.1296 -0.9217 0.3656
vn -0.3201 -0.7546 -0.5729
vn -0.2252 -0.8975 -0.3791
vn -0.1363 -0.9714 -0.1942
vn -0.6580 -0.6464 -0.3862
vn -0.4770 -0.8336 -0.2784
vn -0.2589 -0.9543 -0.1492
vn -0.6924 -0.6370 -0.3388
vn -0.5055 -0.8270 -0.2461
vn -0.2769 -0.9517 -0.1330
vn 0.6169 -0.6801 0.3961
vn 0.6422 -0.6733 0.3663
vn 0.4485 -0.8456 0.2894
vn 0.4701 -0.8405 0.2693
vn 0.2526 -0.9534 0.1651
vn 0.2650 -0.9519 0.1536
vn 0.9087 -0.4151 0.0440
vn 0.6881 -0.7247 0.0368
vn 0.3731 -0.9275 0.0241
vn 0.7374 -0.6488 0.1879
vn 0.5431 -0.8276 0.1420
vn 0.3120 -0.9461 0.0864
vn -0.7096 -0.6301 -0.3153
vn -0.5231 -0.8204 -0.2310
vn -0.2895 -0.9489 -0.1255
vn 0.6585 -0.6694 0.3440
vn 0.4850 -0.8366 0.2547
vn 0.2753 -0.9501 0.1464
vn -0.4737 -0.3659 -0.8011
vn -0.7062 -0.3774 -0.5990
vn 0.9607 0.2655 -0.0809
vn -0.3733 -0.7167 -0.5890
vn -0.9297 -0.1238 0.3468
vn -0.9319 -0.1321 0.3377
vn -0.9319 -0.1321 0.3378
vn -0.0718 0.6493 0.7571
vn -0.3910 -0.7144 -0.5802
vn -0.9307 -0.1152 0.3471
vn -0.9304 -0.1182 0.3470
vn 0.3209 -0.0889 0.9429
vn 0.2324 0.0862 0.9688
vn 0.1353 0.2583 0.9565
vn 0.3844 -0.4054 -0.8294
vn 0.3659 -0.4228 -0.8291
vn 0.5202 -0.5341 -0.6664
vn 0.4932 -0.5593 -0.6663
vn 0.6674 -0.7367 -0.1089
vn 0.7089 -0.6898 0.1472
vn 0.6668 -0.7300 0.1500
vn 0.4009 -0.3878 -0.8300
vn 0.5440 -0.5081 -0.6677
vn 0.7080 -0.6974 -0.1114
vn 0.7464 -0.6494 0.1456
vn -0.1999 0.1965 -0.9599
vn -0.1808 0.2131 -0.9602
vn -0.3503 0.3639 -0.8630
vn -0.5614 0.6921 -0.4537
vn -0.6593 0.7194 -0.2187
vn -0.6050 0.6544 -0.4536
vn -0.1593 0.2292 -0.9603
vn -0.3202 0.3888 -0.8639
vn -0.5122 0.7289 -0.4543
vn -0.6125 0.7597 -0.2184
vn 0.3262 -0.4563 -0.8279
vn 0.3458 -0.4401 -0.8287
vn 0.4358 -0.6077 -0.6639
vn 0.6230 -0.7748 -0.1074
vn 0.5748 -0.8043 0.1505
vn 0.5774 -0.8094 -0.1072
vn 0.4643 -0.5845 -0.6654
vn 0.6213 -0.7689 0.1511
vn -0.2189 0.1804 -0.9589
vn -0.2349 0.1639 -0.9581
vn -0.3785 0.3391 -0.8613
vn -0.4024 0.3126 -0.8604
vn -0.6813 0.5777 -0.4495
vn -0.7021 0.6780 -0.2176
vn -0.7396 0.6374 -0.2161
vn -0.6453 0.6153 -0.4528
vn -0.2504 0.1473 -0.9569
vn -0.2653 0.1286 -0.9556
vn -0.4264 0.2876 -0.8576
vn -0.4506 0.2586 -0.8545
vn -0.7486 0.4925 -0.4439
vn -0.7746 0.5944 -0.2159
vn -0.8106 0.5453 -0.2133
vn -0.7138 0.5369 -0.4497
vn 0.4183 -0.3702 -0.8295
vn 0.5685 -0.4825 -0.6664
vn 0.7449 -0.6577 -0.1120
vn 0.7822 -0.6069 0.1411
vn 0.4353 -0.3504 -0.8293
vn 0.5920 -0.4533 -0.6664
vn 0.7795 -0.6158 -0.1148
vn 0.8171 -0.5598 0.1379
vn 0.4521 -0.3294 -0.8289
vn 0.6158 -0.4232 -0.6646
vn 0.8138 -0.5695 -0.1155
vn 0.8499 -0.5102 0.1318
vn 0.4589 -0.3045 -0.8347
vn 0.6306 -0.3924 -0.6696
vn 0.8457 -0.5202 -0.1192
vn 0.8770 -0.4628 0.1292
vn -0.2767 0.1165 -0.9539
vn -0.2892 0.1174 -0.9500
vn -0.4713 0.2342 -0.8503
vn -0.4887 0.2255 -0.8428
vn -0.8003 0.4139 -0.4338
vn -0.8438 0.4930 -0.2119
vn -0.8660 0.4544 -0.2088
vn -0.7795 0.4463 -0.4395
vn 0.4289 -0.1793 -0.8854
vn 0.4171 -0.0564 -0.9071
vn 0.8351 -0.2393 -0.4952
vn 0.7469 -0.0382 -0.6638
vn 0.9780 -0.2067 0.0298
vn 0.9545 -0.0133 -0.2979
vn 0.2107 -0.1776 -0.9613
vn 0.6316 -0.3655 -0.6837
vn 0.8740 -0.4718 -0.1159
vn 0.8943 -0.4279 0.1310
vn 0.6427 -0.3600 -0.6763
vn 0.8928 -0.4373 -0.1082
vn -0.3062 0.1255 -0.9436
vn -0.5050 0.2284 -0.8323
vn -0.8759 0.4374 -0.2036
vn -0.8114 0.3998 -0.4263
vn -0.1319 0.2485 -0.9596
vn -0.2883 0.4149 -0.8630
vn -0.4494 0.7712 -0.4509
vn -0.5600 0.7987 -0.2201
vn -0.1097 0.2721 -0.9560
vn -0.2449 0.4470 -0.8604
vn -0.3903 0.8066 -0.4439
vn -0.4907 0.8433 -0.2193
vn 0.2879 -0.4897 -0.8230
vn 0.3060 -0.4720 -0.8268
vn 0.3818 -0.6508 -0.6562
vn 0.5305 -0.8412 -0.1042
vn 0.4818 -0.8628 0.1527
vn 0.4838 -0.8697 -0.0982
vn 0.4067 -0.6298 -0.6618
vn 0.5271 -0.8364 0.1505
vn 0.0674 -0.4874 -0.8706
vn 0.0386 -0.7900 -0.6119
vn 0.0035 -0.9682 -0.2502
vn 0.1860 -0.5455 -0.8172
vn 0.2376 -0.8793 -0.4129
vn 0.2119 -0.9728 0.0937
vn -0.0994 0.2892 -0.9521
vn -0.2078 0.4824 -0.8509
vn -0.3597 0.8264 -0.4333
vn -0.4247 0.8799 -0.2133
vn -0.3931 0.8963 -0.2054
vn -0.1933 0.5019 -0.8431
vn -0.3512 0.8275 -0.4381
vn 0.2770 -0.5044 -0.8178
vn 0.4520 -0.8882 -0.0829
vn 0.3645 -0.6703 -0.6464
vn 0.4488 -0.8794 0.1588
vn 0.4254 -0.4483 0.7862
vn 0.4566 -0.4197 0.7845
vn 0.2777 -0.2826 0.9182
vn 0.3000 -0.2615 0.9174
vn 0.1133 -0.1001 0.9885
vn 0.1255 -0.0880 0.9882
vn 0.4847 -0.3911 0.7824
vn 0.3211 -0.2415 0.9158
vn 0.1374 -0.0769 0.9875
vn -0.5291 0.6648 0.5273
vn -0.5645 0.6342 0.5283
vn -0.4150 0.5253 0.7428
vn -0.4405 0.5031 0.7435
vn -0.2702 0.3469 0.8981
vn -0.2836 0.3345 0.8987
vn -0.4898 0.6956 0.5256
vn -0.3866 0.5477 0.7420
vn -0.2541 0.3585 0.8983
vn 0.3920 -0.4768 0.7868
vn 0.3593 -0.5040 0.7854
vn 0.2533 -0.3032 0.9186
vn 0.2297 -0.3230 0.9181
vn 0.1000 -0.1118 0.9887
vn 0.0866 -0.1230 0.9886
vn -0.6277 0.5728 0.5271
vn -0.5982 0.6032 0.5276
vn -0.4867 0.4593 0.7431
vn -0.4651 0.4809 0.7432
vn -0.3096 0.3112 0.8985
vn -0.2975 0.3228 0.8985
vn -0.6874 0.5039 0.5231
vn -0.6559 0.5413 0.5261
vn -0.5322 0.4101 0.7407
vn -0.5082 0.4367 0.7423
vn -0.3353 0.2838 0.8984
vn -0.3215 0.2990 0.8985
vn 0.5131 -0.3617 0.7784
vn 0.3424 -0.2204 0.9133
vn 0.1493 -0.0652 0.9866
vn 0.5422 -0.3296 0.7729
vn 0.3643 -0.1974 0.9101
vn 0.1630 -0.0530 0.9852
vn 0.5714 -0.2962 0.7654
vn 0.3875 -0.1745 0.9052
vn 0.1774 -0.0409 0.9833
vn 0.6010 -0.2667 0.7534
vn 0.4183 -0.1577 0.8945
vn 0.2042 -0.0366 0.9782
vn -0.7475 0.4211 0.5137
vn -0.7209 0.4597 0.5186
vn -0.5842 0.3434 0.7354
vn -0.5606 0.3760 0.7378
vn -0.3702 0.2362 0.8984
vn -0.3547 0.2617 0.8976
vn 0.8703 -0.0312 0.4915
vn 0.7120 -0.1290 0.6902
vn 0.6404 -0.0011 0.7680
vn 0.5374 -0.0787 0.8397
vn 0.3349 0.0287 0.9418
vn 0.3365 -0.0241 0.9414
vn 0.6290 -0.2495 0.7363
vn 0.4568 -0.1545 0.8760
vn 0.2525 -0.0476 0.9664
vn -0.7583 0.4013 0.5137
vn -0.5915 0.3245 0.7381
vn -0.3697 0.2176 0.9033
vn -0.4381 0.7315 0.5225
vn -0.3501 0.5747 0.7397
vn -0.2349 0.3736 0.8974
vn -0.3897 0.7644 0.5136
vn -0.3168 0.6019 0.7331
vn -0.2179 0.3901 0.8946
vn 0.3256 -0.5293 0.7835
vn 0.2946 -0.5530 0.7793
vn 0.2061 -0.3428 0.9165
vn 0.1844 -0.3619 0.9138
vn 0.0731 -0.1338 0.9883
vn 0.0617 -0.1461 0.9874
vn -0.0038 -0.8514 0.5245
vn -0.0377 -0.5942 0.8034
vn -0.0661 -0.2567 0.9642
vn 0.1195 -0.6523 0.7485
vn 0.0590 -0.4375 0.8973
vn -0.0052 -0.1940 0.9810
vn -0.3658 0.7815 0.5054
vn -0.3012 0.6191 0.7252
vn -0.2104 0.4028 0.8908
vn 0.2735 -0.5710 0.7741
vn 0.1709 -0.3789 0.9095
vn 0.0547 -0.1568 0.9861
vn -0.4766 0.8503 0.2230
vn -0.4707 -0.8795 -0.0705
vn -0.4696 -0.8800 -0.0707
vn -0.4840 0.8459 0.2242
vn -0.9649 -0.2327 0.1215
vn -0.5202 -0.8521 -0.0572
vn -0.8226 0.5577 0.1106
vn 0.2555 0.9593 0.1206
vn 0.2711 0.9554 0.1173
vn 0.2557 0.9592 0.1206
vn 0.2713 0.9554 0.1169
vn 0.9869 0.0584 -0.1506
vn -0.8172 0.5304 0.2255
vn 0.2708 0.9555 0.1167
vn 0.6156 -0.0835 -0.7836
vn 0.6154 -0.0836 -0.7838
vn 0.6075 -0.6210 0.4952
vn 0.6787 0.3247 0.6587
vn 0.6787 0.3252 0.6585
vn 0.6785 0.3258 0.6584
vn -0.3938 0.8078 -0.4387
vn -0.3938 0.8077 -0.4388
vn -0.3938 0.8078 -0.4386
vn 0.5019 -0.7831 0.3671
vn 0.8616 0.4201 0.2849
vn -0.8016 -0.0644 0.5944
vn -0.8015 -0.0646 0.5945
vn -0.8015 -0.0645 0.5945
vn -0.7068 0.4779 -0.5217
vn -0.5839 0.7829 0.2150
vn 0.7669 -0.6355 -0.0894
vn 0.7294 0.2761 0.6259
vn 0.8940 0.4423 0.0712
vn 0.6666 0.1567 -0.7287
vn -0.8664 -0.4841 -0.1220
vn -0.3482 0.8406 -0.4150
vn -0.2640 -0.6316 0.7290
vn -0.5732 -0.2583 -0.7776
vn 0.4725 0.8782 0.0749
vn 0.0415 -0.4316 -0.9011
vn -0.8521 0.0800 0.5172
vn 0.6889 -0.6752 -0.2637
vn 0.6703 0.2900 0.6831
vn 0.2818 -0.5944 0.7532
vn 0.2123 -0.8691 -0.4467
vn 0.9685 -0.0834 0.2345
vn 0.2197 -0.8877 0.4046
vn -0.1304 -0.6250 0.7696
vn 0.2459 0.8003 -0.5468
vn -0.2401 0.1103 0.9645
vn -0.7467 0.5489 -0.3758
vn -0.0056 -0.9169 0.3992
vn -0.0065 -0.4007 -0.9162
vn -0.8438 0.3852 0.3737
vn 0.8849 0.4642 0.0385
vn -0.1028 -0.9857 -0.1335
vt 0.804176 0.053784
vt 0.800411 0.059951
vt 0.798445 0.055530
vt 0.864542 0.344510
vt 0.849199 0.342331
vt 0.864366 0.341481
vt 0.794701 0.062003
vt 0.790950 0.068841
vt 0.789065 0.064343
vt 0.817222 0.313404
vt 0.802785 0.315517
vt 0.802807 0.312558
vt 0.778304 0.069754
vt 0.771659 0.068135
vt 0.776534 0.065256
vt 0.879667 0.343082
vt 0.879450 0.340045
vt 0.878326 0.311075
vt 0.894777 0.311562
vt 0.878584 0.314026
vt 0.847657 0.313499
vt 0.832349 0.316700
vt 0.832270 0.313741
vt 0.781744 0.062480
vt 0.787197 0.059887
vt 0.785392 0.071476
vt 0.783563 0.066957
vt 0.788816 0.314143
vt 0.788897 0.311191
vt 0.777678 0.341105
vt 0.791290 0.339988
vt 0.791261 0.343029
vt 0.805036 0.344398
vt 0.819223 0.342214
vt 0.819279 0.345250
vt 0.774383 0.312057
vt 0.774523 0.309129
vt 0.755616 0.308501
vt 0.755788 0.305626
vt 0.749929 0.335273
vt 0.764119 0.335494
vt 0.763970 0.338549
vt 0.773380 0.072651
vt 0.767075 0.071144
vt 0.729669 0.303326
vt 0.729772 0.300436
vt 0.698909 0.298502
vt 0.698335 0.295358
vt 0.735936 0.331148
vt 0.750180 0.332201
vt 0.764219 0.078987
vt 0.758416 0.077814
vt 0.762694 0.074343
vt 0.894747 0.341046
vt 0.894486 0.338007
vt 0.910237 0.338335
vt 0.909929 0.335290
vt 0.916501 0.303788
vt 0.948831 0.298409
vt 0.916909 0.306690
vt 0.796642 0.066479
vt 0.926518 0.334832
vt 0.926164 0.331797
vt 0.943109 0.330810
vt 0.942730 0.327786
vt 0.948415 0.295532
vt 0.986533 0.288819
vt 0.813680 0.056450
vt 0.808629 0.062559
vt 0.806377 0.058151
vt 0.849062 0.339311
vt 0.864190 0.338458
vt 0.818237 0.329314
vt 0.804975 0.337932
vt 0.803901 0.328468
vt 0.817251 0.316364
vt 0.802762 0.318488
vt 0.788765 0.317511
vt 0.776066 0.325060
vt 0.774280 0.315398
vt 0.879231 0.337014
vt 0.894224 0.334974
vt 0.847789 0.316458
vt 0.863431 0.318532
vt 0.847922 0.319424
vt 0.832428 0.319670
vt 0.863240 0.315565
vt 0.878841 0.316990
vt 0.834044 0.342557
vt 0.805020 0.341361
vt 0.819167 0.339186
vt 0.805005 0.338333
vt 0.774237 0.314998
vt 0.802792 0.318889
vt 0.790049 0.327094
vt 0.777761 0.338058
vt 0.791322 0.336958
vt 0.777846 0.335022
vt 0.729561 0.306189
vt 0.759873 0.321902
vt 0.755544 0.311778
vt 0.764270 0.332453
vt 0.736408 0.328257
vt 0.750424 0.329173
vt 0.700195 0.301452
vt 0.879217 0.336614
vt 0.863815 0.328552
vt 0.879039 0.327060
vt 0.895118 0.314518
vt 0.917322 0.309599
vt 0.909618 0.332253
vt 0.925813 0.328768
vt 0.894665 0.324806
vt 0.909690 0.331834
vt 0.894223 0.334570
vt 0.949251 0.301284
vt 0.986647 0.291872
vt 0.942348 0.324763
vt 0.863050 0.312611
vt 0.833409 0.052023
vt 0.823071 0.048878
vt 0.833653 0.051030
vt 0.823601 0.047889
vt 0.833894 0.050035
vt 0.863449 0.318932
vt 0.878858 0.317391
vt 0.817281 0.319335
vt 0.847943 0.319824
vt 0.822972 0.054688
vt 0.817279 0.060612
vt 0.792783 0.057566
vt 0.917249 0.310014
vt 0.937556 0.314855
vt 0.913448 0.320945
vt 0.746065 0.094058
vt 0.741192 0.102187
vt 0.745099 0.093655
vt 0.740312 0.101466
vt 0.744134 0.093246
vt 0.791288 0.336556
vt 0.834140 0.345591
vt 0.864172 0.338059
vt 0.848498 0.329427
vt 0.833948 0.339531
vt 0.833208 0.052111
vt 0.829716 0.058035
vt 0.822512 0.049973
vt 0.816490 0.050924
vt 0.942205 0.324401
vt 0.926039 0.328313
vt 0.949007 0.301733
vt 0.964316 0.308460
vt 0.759147 0.083129
vt 0.754186 0.081602
vt 0.775108 0.077212
vt 0.768749 0.075676
vt 0.788733 0.317109
vt 0.750174 0.328718
vt 0.740046 0.317395
vt 0.780082 0.074294
vt 0.770426 0.080258
vt 0.833197 0.329656
vt 0.832453 0.320070
vt 0.894438 0.308621
vt 0.846891 0.182066
vt 0.860997 0.137109
vt 0.848135 0.181724
vt 0.895122 0.314920
vt 0.753073 0.088409
vt 0.750299 0.085336
vt 0.751745 0.095217
vt 0.746260 0.093946
vt 0.729825 0.306602
vt 0.718607 0.313617
vt 0.701066 0.301942
vt 0.737001 0.325083
vt 0.844467 0.053387
vt 0.844354 0.054533
vt 0.810147 0.052237
vt 0.844482 0.052261
vt 0.764165 0.332033
vt 0.849336 0.345363
vt 0.817309 0.319735
vt 0.777802 0.334616
vt 0.715364 0.318145
vt 0.765736 0.083677
vt 0.755436 0.311375
vt 0.716672 0.315882
vt 0.736867 0.325424
vt 0.819139 0.338787
vt 0.833923 0.339133
vt 0.849041 0.338913
vt 0.802412 0.064406
vt 0.759832 0.088459
vt 0.844007 0.075967
vt 0.757201 0.116539
vt 0.859248 0.060305
vt 0.719197 0.203258
vt 0.778491 0.189522
vt 0.778946 0.190580
vt 0.721480 0.201212
vt 0.778045 0.188468
vt 0.823211 0.174226
vt 0.796273 0.146012
vt 0.824095 0.132786
vt 0.901768 0.277142
vt 0.810185 0.286748
vt 0.811396 0.280772
vt 0.859895 0.136707
vt 0.882655 0.087795
vt 0.864633 0.232894
vt 0.896393 0.274449
vt 0.863748 0.233677
vt 0.782824 0.131925
vt 0.824978 0.091385
vt 0.927669 0.248535
vt 0.932336 0.159132
vt 0.934782 0.268194
vt 0.731066 0.237286
vt 0.785149 0.213970
vt 0.733752 0.237325
vt 0.887188 0.202025
vt 0.907320 0.165753
vt 0.923486 0.222106
vt 0.831079 0.199392
vt 0.785594 0.215103
vt 0.879421 0.064635
vt 0.938617 0.157614
vt 0.708107 0.234720
vt 0.808840 0.293389
vt 0.684650 0.231444
vt 0.921310 0.283157
vt 0.926321 0.160596
vt 0.882907 0.087784
vt 0.882820 0.085291
vt 0.881683 0.214793
vt 0.848186 0.181909
vt 0.882427 0.213887
vt 0.830550 0.181504
vt 0.774730 0.203567
vt 0.776901 0.196800
vt 0.752350 0.111038
vt 0.875473 0.044110
vt 0.846642 0.182239
vt 0.855458 0.132078
vt 0.859728 0.136570
vt 0.926135 0.245459
vt 0.924890 0.160988
vt 0.988743 0.053896
vt 0.941022 0.084511
vt 0.937342 0.050844
vt 0.833175 0.191541
vt 0.774813 0.203847
vt 0.834669 0.185774
vt 0.843371 0.128674
vt 0.837417 0.130160
vt 0.880246 0.221216
vt 0.881610 0.214996
vt 0.850599 0.127131
vt 0.875842 0.044309
vt 0.850332 0.127046
vt 0.865514 0.232109
vt 0.831270 0.199438
vt 0.831582 0.198155
vt 0.731075 0.237574
vt 0.811821 0.278914
vt 0.811474 0.280409
vt 0.701775 0.216861
vt 0.684435 0.231061
vt 0.900872 0.276863
vt 0.898443 0.275680
vt 0.901013 0.276612
vt 0.840479 0.183991
vt 0.878596 0.228195
vt 0.834844 0.185593
vt 0.730107 0.237432
vt 0.779934 0.208564
vt 0.784562 0.212667
vt 0.826106 0.177033
vt 0.941956 0.288813
vt 0.882784 0.089948
vt 0.862096 0.137515
vt 0.824888 0.175996
vt 0.825831 0.176910
vt 0.843373 0.076726
vt 0.763395 0.122046
vt 0.761984 0.121436
vt 0.917162 0.099818
vt 0.968563 0.102870
vt 0.948383 0.151844
vt 0.761634 0.121752
vt 0.721424 0.200919
vt 0.719192 0.202923
vt 0.837208 0.130191
vt 0.825023 0.175855
vt 0.836171 0.129999
vt 0.878401 0.228399
vt 0.871729 0.230374
vt 0.784709 0.212836
vt 0.941659 0.289122
vt 0.885941 0.047792
vt 0.834609 0.185540
vt 0.823984 0.175124
vt 0.763128 0.122350
vt 0.723305 0.199180
vt 0.842212 0.078869
vt 0.764933 0.122576
vt 0.883170 0.212974
vt 0.883021 0.089938
vt 0.925110 0.243539
vt 0.923475 0.161375
vt 0.736043 0.237647
vt 0.812164 0.277434
vt 0.830968 0.200668
vt 0.896293 0.274658
vt 0.882664 0.084401
vt 0.926667 0.160507
vt 0.927123 0.247823
vt 0.925910 0.245580
vt 0.924900 0.243653
vt 0.849334 0.181398
vt 0.831552 0.197848
vt 0.829953 0.201963
vt 0.821460 0.241070
vt 0.794257 0.224821
vt 0.817219 0.260595
vt 0.758596 0.247658
vt 0.778947 0.190800
vt 0.718457 0.203709
vt 0.781920 0.173345
vt 0.740669 0.172466
vt 0.824114 0.174988
vt 0.835133 0.129810
vt 0.871013 0.145644
vt 0.891153 0.109399
vt 0.850854 0.181924
vt 0.888516 0.171138
vt 0.865716 0.232026
vt 0.852908 0.237765
vt 0.875842 0.273532
vt 0.736046 0.237395
vt 0.761447 0.121346
vt 0.843606 0.076918
vt 0.842423 0.079073
vt 0.841350 0.080938
vt 0.793308 0.034341
vt 0.789494 0.040475
vt 0.787548 0.036069
vt 0.871618 0.424528
vt 0.856350 0.422371
vt 0.871447 0.421512
vt 0.783816 0.042518
vt 0.780155 0.049313
vt 0.778238 0.044887
vt 0.824105 0.393727
vt 0.809649 0.396102
vt 0.809611 0.393129
vt 0.767664 0.050468
vt 0.761005 0.049061
vt 0.765781 0.046040
vt 0.886636 0.423159
vt 0.886442 0.420142
vt 0.885561 0.391171
vt 0.902032 0.391844
vt 0.885793 0.394133
vt 0.854714 0.393523
vt 0.839340 0.396848
vt 0.839231 0.393875
vt 0.770920 0.043149
vt 0.776325 0.040473
vt 0.774717 0.052004
vt 0.772817 0.047570
vt 0.795595 0.395052
vt 0.795594 0.392081
vt 0.785105 0.422137
vt 0.798640 0.420786
vt 0.798664 0.423817
vt 0.812420 0.424938
vt 0.826514 0.422510
vt 0.826615 0.425527
vt 0.780968 0.393415
vt 0.780991 0.390443
vt 0.761549 0.390758
vt 0.761596 0.387898
vt 0.757361 0.416829
vt 0.771064 0.416923
vt 0.771420 0.419808
vt 0.762873 0.053488
vt 0.756573 0.052233
vt 0.733952 0.386798
vt 0.734094 0.384129
vt 0.701690 0.382161
vt 0.702300 0.379846
vt 0.743418 0.413607
vt 0.756116 0.414242
vt 0.754061 0.060100
vt 0.748296 0.059194
vt 0.752369 0.055578
vt 0.901610 0.421309
vt 0.901392 0.418286
vt 0.917025 0.418887
vt 0.916770 0.415850
vt 0.923818 0.384564
vt 0.955820 0.380473
vt 0.924144 0.387446
vt 0.785752 0.046938
vt 0.933274 0.415731
vt 0.932957 0.412673
vt 0.949940 0.411715
vt 0.949366 0.408803
vt 0.955543 0.377623
vt 0.993391 0.373247
vt 0.802834 0.037164
vt 0.797623 0.043124
vt 0.795460 0.038728
vt 0.856205 0.419363
vt 0.871275 0.418501
vt 0.825351 0.409659
vt 0.812245 0.418489
vt 0.811008 0.409052
vt 0.824179 0.396699
vt 0.809687 0.399082
vt 0.795640 0.398431
vt 0.783038 0.406314
vt 0.781004 0.396790
vt 0.886248 0.417129
vt 0.901173 0.415268
vt 0.854858 0.396499
vt 0.870569 0.398575
vt 0.855001 0.399479
vt 0.839449 0.399829
vt 0.870386 0.395598
vt 0.886027 0.397105
vt 0.841264 0.422685
vt 0.812351 0.421907
vt 0.826415 0.419498
vt 0.812283 0.418885
vt 0.780946 0.396388
vt 0.809725 0.399482
vt 0.797138 0.407966
vt 0.785079 0.419125
vt 0.798617 0.417765
vt 0.785056 0.416124
vt 0.733811 0.389470
vt 0.766155 0.403866
vt 0.761616 0.394031
vt 0.770713 0.414044
vt 0.740988 0.411403
vt 0.754872 0.411646
vt 0.701241 0.384656
vt 0.886237 0.416731
vt 0.870923 0.408613
vt 0.886135 0.407195
vt 0.902328 0.394800
vt 0.924478 0.390330
vt 0.916513 0.412822
vt 0.932642 0.409651
vt 0.901738 0.405116
vt 0.916592 0.412408
vt 0.901177 0.414867
vt 0.956105 0.383304
vt 0.993099 0.376626
vt 0.948805 0.405951
vt 0.870204 0.392629
vt 0.974213 0.396035
vt 0.972865 0.393832
vt 0.971521 0.391623
vt 0.870587 0.398977
vt 0.886041 0.397506
vt 0.824254 0.399678
vt 0.855024 0.399879
vt 0.812453 0.035656
vt 0.806333 0.041428
vt 0.781887 0.038109
vt 0.924395 0.390738
vt 0.944327 0.396114
vt 0.920463 0.401591
vt 0.733404 0.085179
vt 0.735983 0.076266
vt 0.736845 0.076175
vt 0.732687 0.084554
vt 0.735123 0.076356
vt 0.798576 0.417368
vt 0.841384 0.425702
vt 0.871258 0.418104
vt 0.855610 0.409498
vt 0.841144 0.419673
vt 0.823165 0.034022
vt 0.819138 0.039570
vt 0.812219 0.030617
vt 0.805802 0.031656
vt 0.948680 0.405597
vt 0.932871 0.409208
vt 0.955845 0.383730
vt 0.970910 0.391630
vt 0.749226 0.064419
vt 0.744283 0.063140
vt 0.764731 0.057937
vt 0.758402 0.056649
vt 0.795597 0.398030
vt 0.754509 0.411197
vt 0.744506 0.400557
vt 0.769547 0.054911
vt 0.760224 0.061097
vt 0.840310 0.409824
vt 0.839478 0.400230
vt 0.901741 0.388898
vt 0.783439 0.012334
vt 0.779714 0.018460
vt 0.777745 0.014103
vt 0.902326 0.395201
vt 0.743404 0.070006
vt 0.740480 0.067127
vt 0.742409 0.076786
vt 0.737070 0.076023
vt 0.734428 0.389874
vt 0.720436 0.396759
vt 0.702953 0.384844
vt 0.737927 0.408682
vt 0.995199 0.378630
vt 0.997248 0.380438
vt 0.799348 0.032884
vt 0.993161 0.376815
vt 0.770572 0.413631
vt 0.856497 0.425388
vt 0.824287 0.400079
vt 0.785001 0.415724
vt 0.739234 0.068088
vt 0.740234 0.067348
vt 0.755741 0.064650
vt 0.761502 0.393617
vt 0.738242 0.068842
vt 0.826382 0.419102
vt 0.841116 0.419277
vt 0.856182 0.418967
vt 0.791448 0.044891
vt 0.750113 0.069647
vt 0.872511 0.383383
vt 0.856995 0.381377
vt 0.872303 0.380324
vt 0.774085 0.020531
vt 0.770466 0.027313
vt 0.768547 0.022908
vt 0.823806 0.352719
vt 0.809102 0.355386
vt 0.809012 0.352353
vt 0.758027 0.028447
vt 0.751418 0.027009
vt 0.756177 0.024041
vt 0.887739 0.381837
vt 0.887510 0.378775
vt 0.886287 0.349311
vt 0.902997 0.349788
vt 0.886559 0.352316
vt 0.854958 0.352087
vt 0.839369 0.355674
vt 0.839218 0.352649
vt 0.761279 0.021187
vt 0.766638 0.018528
vt 0.765045 0.029995
vt 0.763159 0.025578
vt 0.794731 0.354563
vt 0.794683 0.351528
vt 0.784792 0.382543
vt 0.798448 0.380731
vt 0.798556 0.383795
vt 0.812482 0.384614
vt 0.826716 0.381947
vt 0.826863 0.385009
vt 0.779844 0.353167
vt 0.779850 0.350141
vt 0.760641 0.350855
vt 0.760686 0.347873
vt 0.756446 0.378609
vt 0.770784 0.377733
vt 0.770849 0.380829
vt 0.753240 0.031427
vt 0.746961 0.030120
vt 0.734390 0.347731
vt 0.734393 0.344772
vt 0.703879 0.345184
vt 0.703438 0.341964
vt 0.741627 0.375917
vt 0.756407 0.375491
vt 0.744399 0.037963
vt 0.738609 0.037038
vt 0.742725 0.033434
vt 0.902925 0.379810
vt 0.902667 0.376740
vt 0.918532 0.377181
vt 0.918229 0.374096
vt 0.924815 0.342156
vt 0.956513 0.338412
vt 0.925169 0.345047
vt 0.776036 0.024922
vt 0.934912 0.373679
vt 0.934532 0.370608
vt 0.951432 0.369174
vt 0.950773 0.366329
vt 0.956411 0.335528
vt 0.991508 0.334423
vt 0.792929 0.015022
vt 0.787818 0.020993
vt 0.785621 0.016660
vt 0.856808 0.378328
vt 0.872095 0.377270
vt 0.825331 0.368913
vt 0.812181 0.378093
vt 0.810736 0.368545
vt 0.823929 0.355747
vt 0.809194 0.358426
vt 0.794830 0.358019
vt 0.782268 0.366394
vt 0.779899 0.356614
vt 0.887281 0.375717
vt 0.902409 0.373676
vt 0.855143 0.355111
vt 0.871140 0.357020
vt 0.855328 0.358138
vt 0.839522 0.358705
vt 0.870916 0.353995
vt 0.886833 0.355331
vt 0.841691 0.381905
vt 0.812354 0.381553
vt 0.826570 0.378890
vt 0.812227 0.378497
vt 0.779835 0.356206
vt 0.809240 0.358834
vt 0.796591 0.367733
vt 0.784705 0.379468
vt 0.798342 0.377671
vt 0.784622 0.376396
vt 0.734374 0.350662
vt 0.765701 0.364294
vt 0.760716 0.354248
vt 0.770724 0.374642
vt 0.741791 0.372859
vt 0.756377 0.372400
vt 0.704724 0.348545
vt 0.887265 0.375313
vt 0.871620 0.367224
vt 0.887054 0.365605
vt 0.903335 0.352767
vt 0.925538 0.347932
vt 0.917925 0.371022
vt 0.934165 0.367578
vt 0.902856 0.363310
vt 0.917999 0.370602
vt 0.902409 0.373269
vt 0.956660 0.341299
vt 0.988495 0.335857
vt 0.950142 0.363542
vt 0.870692 0.350978
vt 0.974156 0.352925
vt 0.972574 0.350897
vt 0.971036 0.348840
vt 0.871163 0.357428
vt 0.886853 0.355738
vt 0.824052 0.358782
vt 0.855357 0.358545
vt 0.802525 0.013423
vt 0.796454 0.019223
vt 0.772146 0.016164
vt 0.925457 0.348337
vt 0.945469 0.353860
vt 0.921699 0.359486
vt 0.720646 0.364437
vt 0.702042 0.350798
vt 0.721730 0.361963
vt 0.704676 0.348740
vt 0.722800 0.359495
vt 0.798289 0.377265
vt 0.841857 0.384965
vt 0.872073 0.376867
vt 0.856077 0.368314
vt 0.841525 0.378849
vt 0.813235 0.011836
vt 0.809204 0.017318
vt 0.802263 0.008353
vt 0.795812 0.009508
vt 0.950010 0.363201
vt 0.934386 0.367129
vt 0.956421 0.341683
vt 0.970499 0.348868
vt 0.739580 0.042208
vt 0.734528 0.040982
vt 0.755067 0.035872
vt 0.748756 0.034549
vt 0.794779 0.357609
vt 0.756092 0.371950
vt 0.745367 0.361372
vt 0.759883 0.032878
vt 0.750554 0.039003
vt 0.840538 0.368855
vt 0.839556 0.359112
vt 0.902669 0.346821
vt 0.903338 0.353172
vt 0.733836 0.047681
vt 0.730615 0.044977
vt 0.733205 0.054328
vt 0.727708 0.053653
vt 0.734658 0.351065
vt 0.723412 0.359445
vt 0.705583 0.348947
vt 0.742058 0.369472
vt 0.991592 0.334679
vt 0.995286 0.332667
vt 0.789412 0.010819
vt 0.988550 0.336027
vt 0.770592 0.374221
vt 0.857182 0.384435
vt 0.824093 0.359189
vt 0.784554 0.375987
vt 0.746071 0.042508
vt 0.760587 0.353841
vt 0.741951 0.369852
vt 0.826530 0.378487
vt 0.841491 0.378446
vt 0.856780 0.377925
vt 0.781699 0.022838
vt 0.740556 0.047377
vt 0.742135 0.102887
vt 0.742175 0.102885
vt 0.742123 0.102915
vt 0.742193 0.102840
vt 0.742227 0.102854
vt 0.742169 0.102912
vt 0.742212 0.102884
vt 0.742345 0.102759
vt 0.742317 0.102739
vt 0.742372 0.102701
vt 0.742305 0.102825
vt 0.742281 0.102810
vt 0.742256 0.102789
vt 0.742247 0.102870
vt 0.698389 0.295293
vt 0.698511 0.295302
vt 0.742125 0.102934
vt 0.742199 0.102914
vt 0.742256 0.102898
vt 0.844328 0.054562
vt 0.844282 0.054551
vt 0.844382 0.054540
vt 0.844354 0.054572
vt 0.844271 0.054585
vt 0.844200 0.054569
vt 0.844304 0.054590
vt 0.986199 0.285853
vt 0.986129 0.285797
vt 0.986271 0.285849
vt 0.844290 0.054633
vt 0.844272 0.054611
vt 0.844337 0.054597
vt 0.844391 0.054565
vt 0.844120 0.054587
vt 0.844119 0.054621
vt 0.844053 0.054607
vt 0.844200 0.054602
vt 0.844198 0.054628
vt 0.700120 0.301644
vt 0.700285 0.301654
vt 0.700378 0.301736
vt 0.700083 0.301506
vt 0.700235 0.301594
vt 0.700465 0.301718
vt 0.700619 0.301817
vt 0.700389 0.301661
vt 0.700316 0.301580
vt 0.700115 0.301480
vt 0.700447 0.301579
vt 0.700487 0.301673
vt 0.700856 0.301894
vt 0.700892 0.301830
vt 0.700660 0.301773
vt 0.700676 0.301706
vt 0.844450 0.052222
vt 0.844508 0.052263
vt 0.986521 0.292181
vt 0.986422 0.292174
vt 0.986609 0.292064
vt 0.986756 0.291930
vt 0.986643 0.291993
vt 0.986498 0.292096
vt 0.985955 0.292333
vt 0.985999 0.292398
vt 0.985775 0.292467
vt 0.986183 0.292180
vt 0.986207 0.292252
vt 0.986255 0.292295
vt 0.986392 0.292127
vt 0.986560 0.291998
vt 0.986425 0.292020
vt 0.986758 0.291891
vt 0.846890 0.182116
vt 0.846830 0.182118
vt 0.846898 0.182167
vt 0.846830 0.182153
vt 0.846760 0.182179
vt 0.846865 0.182246
vt 0.846917 0.182216
vt 0.846944 0.182258
vt 0.846775 0.182230
vt 0.846847 0.182215
vt 0.846800 0.182195
vt 0.846838 0.182184
vt 0.846697 0.182218
vt 0.846780 0.182188
vt 0.846739 0.182212
vt 0.846700 0.182229
vt 0.731004 0.237365
vt 0.730768 0.237360
vt 0.730987 0.237430
vt 0.730751 0.237395
vt 0.730528 0.237425
vt 0.730458 0.237425
vt 0.730753 0.237428
vt 0.730604 0.237426
vt 0.730540 0.237426
vt 0.730740 0.237458
vt 0.731007 0.237495
vt 0.730744 0.237484
vt 0.730431 0.237435
vt 0.882552 0.085287
vt 0.882645 0.084998
vt 0.882625 0.085228
vt 0.882612 0.085017
vt 0.882666 0.084787
vt 0.882667 0.084804
vt 0.882746 0.085228
vt 0.882724 0.084982
vt 0.882676 0.084997
vt 0.882703 0.084982
vt 0.882675 0.084699
vt 0.927216 0.247836
vt 0.927306 0.248024
vt 0.927349 0.248025
vt 0.927467 0.248181
vt 0.927503 0.248247
vt 0.927354 0.247679
vt 0.927411 0.248013
vt 0.927322 0.247773
vt 0.927430 0.248006
vt 0.927474 0.248199
vt 0.927379 0.248011
vt 0.843584 0.076796
vt 0.843694 0.076630
vt 0.843657 0.076548
vt 0.843733 0.076441
vt 0.843757 0.076413
vt 0.843648 0.076515
vt 0.843483 0.076699
vt 0.843638 0.076498
vt 0.843813 0.076274
vt 0.843766 0.076381
vt 0.843921 0.076161
vt 0.843919 0.076101
vt 0.831435 0.198043
vt 0.831434 0.198105
vt 0.831383 0.198107
vt 0.831504 0.197990
vt 0.831470 0.198043
vt 0.831503 0.198049
vt 0.831487 0.198112
vt 0.831547 0.197984
vt 0.831527 0.197948
vt 0.831543 0.197907
vt 0.831532 0.197904
vt 0.831494 0.197971
vt 0.831538 0.198129
vt 0.831566 0.198075
vt 0.831534 0.198058
vt 0.831528 0.197996
vt 0.901231 0.276844
vt 0.901030 0.276709
vt 0.901229 0.276796
vt 0.901423 0.276963
vt 0.901387 0.276942
vt 0.900968 0.276825
vt 0.901217 0.276924
vt 0.901219 0.276874
vt 0.901223 0.276905
vt 0.901498 0.277015
vt 0.901349 0.276929
vt 0.826001 0.176840
vt 0.825950 0.176806
vt 0.825974 0.176760
vt 0.826012 0.176925
vt 0.825984 0.176869
vt 0.825962 0.176893
vt 0.825916 0.176848
vt 0.825996 0.176963
vt 0.826035 0.176964
vt 0.826061 0.176996
vt 0.826069 0.176990
vt 0.826033 0.176926
vt 0.825875 0.176883
vt 0.825910 0.176935
vt 0.825939 0.176915
vt 0.825995 0.176941
vt 0.718959 0.203333
vt 0.719127 0.203215
vt 0.718974 0.203360
vt 0.718789 0.203461
vt 0.718852 0.203412
vt 0.718951 0.203305
vt 0.719114 0.203152
vt 0.719132 0.203064
vt 0.718913 0.203283
vt 0.718929 0.203290
vt 0.718806 0.203451
vt 0.718706 0.203504
vt 0.942054 0.288833
vt 0.941889 0.288899
vt 0.942146 0.288896
vt 0.941996 0.288991
vt 0.941819 0.288977
vt 0.942050 0.289078
vt 0.941932 0.289084
vt 0.942159 0.289302
vt 0.942048 0.289195
vt 0.942262 0.289046
vt 0.941909 0.289415
vt 0.941932 0.289202
vt 0.941980 0.289129
vt 0.941743 0.289050
vt 0.941685 0.289219
vt 0.941842 0.289153
vt 0.941754 0.289308
vt 0.875609 0.044023
vt 0.875570 0.044145
vt 0.948336 0.151845
vt 0.948344 0.151869
vt 0.948321 0.151845
vt 0.875663 0.044190
vt 0.875664 0.043945
vt 0.875722 0.044053
vt 0.948381 0.151865
vt 0.948358 0.151845
vt 0.876014 0.044059
vt 0.875849 0.044014
vt 0.875915 0.043898
vt 0.948360 0.151875
vt 0.948374 0.151881
vt 0.875752 0.044246
vt 0.875918 0.044253
vt 0.875818 0.044124
vt 0.875967 0.044173
vt 0.875745 0.043992
vt 0.834807 0.185646
vt 0.834786 0.185568
vt 0.834767 0.185693
vt 0.834756 0.185618
vt 0.834729 0.185551
vt 0.834704 0.185633
vt 0.834713 0.185600
vt 0.834642 0.185716
vt 0.834721 0.185735
vt 0.834623 0.185660
vt 0.834691 0.185685
vt 0.834728 0.185656
vt 0.834668 0.185597
vt 0.834612 0.185602
vt 0.834671 0.185541
vt 0.834671 0.185643
vt 0.684582 0.231534
vt 0.684581 0.231347
vt 0.684487 0.231598
vt 0.684435 0.231419
vt 0.684525 0.231250
vt 0.684299 0.231456
vt 0.684356 0.231306
vt 0.885918 0.047781
vt 0.885946 0.047770
vt 0.885925 0.047809
vt 0.885899 0.047792
vt 0.684356 0.231661
vt 0.885901 0.047778
vt 0.885915 0.047765
vt 0.684327 0.231192
vt 0.684317 0.231029
vt 0.684477 0.231154
vt 0.684222 0.231054
vt 0.684276 0.231334
vt 0.684223 0.231241
vt 0.882868 0.089978
vt 0.882817 0.090031
vt 0.882857 0.089904
vt 0.882896 0.089894
vt 0.882879 0.090050
vt 0.882843 0.090119
vt 0.882898 0.089962
vt 0.882897 0.090016
vt 0.882928 0.089978
vt 0.882937 0.089901
vt 0.882980 0.090034
vt 0.882915 0.090050
vt 0.882866 0.090213
vt 0.882916 0.090215
vt 0.883814 0.089316
vt 0.882894 0.090119
vt 0.882945 0.090123
vt 0.849381 0.181402
vt 0.849337 0.181446
vt 0.849425 0.181411
vt 0.849382 0.181446
vt 0.849346 0.181490
vt 0.849409 0.181473
vt 0.849386 0.181479
vt 0.848624 0.181451
vt 0.849468 0.181425
vt 0.847397 0.182089
vt 0.849455 0.181518
vt 0.849445 0.181463
vt 0.849426 0.181490
vt 0.849415 0.181450
vt 0.849361 0.181533
vt 0.849422 0.181549
vt 0.849382 0.181576
vt 0.849399 0.181510
vt 0.924958 0.243583
vt 0.924986 0.243653
vt 0.924886 0.243564
vt 0.924930 0.243516
vt 0.924992 0.243582
vt 0.925025 0.243641
vt 0.924963 0.243535
vt 0.924878 0.243354
vt 0.924836 0.243381
vt 0.926037 0.243292
vt 0.924950 0.243418
vt 0.924908 0.243448
vt 0.924864 0.243474
vt 0.925009 0.243553
vt 0.925026 0.243478
vt 0.925057 0.243615
vt 0.924961 0.243497
vt 0.830833 0.200625
vt 0.830789 0.200671
vt 0.830784 0.200623
vt 0.830879 0.200633
vt 0.830835 0.200671
vt 0.830800 0.200716
vt 0.830863 0.200698
vt 0.830840 0.200704
vt 0.830940 0.200708
vt 0.830923 0.200647
vt 0.830911 0.200743
vt 0.830900 0.200687
vt 0.830881 0.200714
vt 0.830869 0.200674
vt 0.830816 0.200759
vt 0.830877 0.200774
vt 0.831190 0.198703
vt 0.830854 0.200735
vt 0.736081 0.237484
vt 0.736002 0.237474
vt 0.736136 0.237428
vt 0.736157 0.237493
vt 0.736064 0.237516
vt 0.735992 0.237516
vt 0.736122 0.237514
vt 0.736332 0.237528
vt 0.736329 0.237476
vt 0.735671 0.238537
vt 0.736236 0.237562
vt 0.736231 0.237508
vt 0.736230 0.237454
vt 0.736082 0.237547
vt 0.736143 0.237601
vt 0.736000 0.237559
vt 0.736159 0.237532
vt 0.896313 0.274487
vt 0.896290 0.274417
vt 0.896378 0.274567
vt 0.896316 0.274536
vt 0.896243 0.274466
vt 0.896197 0.274395
vt 0.896262 0.274507
vt 0.896274 0.274563
vt 0.896352 0.274605
vt 0.896201 0.274582
vt 0.896217 0.274513
vt 0.896109 0.274378
vt 0.896072 0.274442
vt 0.896396 0.275607
vt 0.896165 0.274453
vt 0.896132 0.274511
vt 0.841279 0.080944
vt 0.841315 0.080869
vt 0.841285 0.081018
vt 0.841237 0.080997
vt 0.841261 0.080899
vt 0.841285 0.080831
vt 0.841234 0.080951
vt 0.841099 0.081098
vt 0.841169 0.081135
vt 0.840522 0.079365
vt 0.841105 0.081003
vt 0.841178 0.081042
vt 0.841227 0.081079
vt 0.841191 0.080963
vt 0.841164 0.080777
vt 0.841208 0.080887
vt 0.841121 0.080898
vt 0.841248 0.080802
vt 0.824087 0.175029
vt 0.824069 0.174968
vt 0.824057 0.175064
vt 0.824047 0.175008
vt 0.824026 0.174954
vt 0.824027 0.175035
vt 0.824016 0.174995
vt 0.823962 0.175081
vt 0.824024 0.175095
vt 0.823946 0.175037
vt 0.824001 0.175056
vt 0.823986 0.175025
vt 0.823980 0.174946
vt 0.823936 0.174992
vt 0.825310 0.176847
vt 0.823982 0.174992
vt 0.824010 0.175019
vt 0.723382 0.199397
vt 0.723393 0.199276
vt 0.723471 0.199310
vt 0.723314 0.199297
vt 0.723325 0.199340
vt 0.723442 0.199209
vt 0.723539 0.199216
vt 0.723399 0.199202
vt 0.723364 0.199196
vt 0.723311 0.199255
vt 0.723354 0.199243
vt 0.723592 0.199123
vt 0.723543 0.199057
vt 0.722723 0.198562
vt 0.723493 0.199142
vt 0.723468 0.199097
vt 0.723421 0.199159
vt 0.733444 0.085185
vt 0.733392 0.085205
vt 0.733459 0.085141
vt 0.733495 0.085158
vt 0.733439 0.085214
vt 0.733392 0.085220
vt 0.733481 0.085186
vt 0.733618 0.085068
vt 0.733587 0.085047
vt 0.733642 0.085008
vt 0.733572 0.085130
vt 0.733551 0.085118
vt 0.733523 0.085094
vt 0.733514 0.085174
vt 0.702365 0.379794
vt 0.702487 0.379794
vt 0.702200 0.379858
vt 0.702286 0.379800
vt 0.733467 0.085207
vt 0.740263 0.067281
vt 0.740291 0.067299
vt 0.740300 0.067202
vt 0.740321 0.067232
vt 0.740356 0.067239
vt 0.740348 0.067173
vt 0.740371 0.067188
vt 0.740383 0.067054
vt 0.740378 0.067120
vt 0.740340 0.067122
vt 0.740412 0.067072
vt 0.740406 0.067123
vt 0.740377 0.067159
vt 0.740415 0.067147
vt 0.740457 0.067107
vt 0.740421 0.067178
vt 0.740435 0.067089
vt 0.834371 0.037435
vt 0.834344 0.037464
vt 0.834299 0.037449
vt 0.834410 0.037449
vt 0.834372 0.037476
vt 0.834286 0.037482
vt 0.834215 0.037462
vt 0.834319 0.037489
vt 0.993068 0.370278
vt 0.993004 0.370218
vt 0.993136 0.370278
vt 0.992887 0.370231
vt 0.992863 0.370171
vt 0.993079 0.370206
vt 0.992953 0.370168
vt 0.834130 0.037474
vt 0.834126 0.037509
vt 0.834060 0.037488
vt 0.834213 0.037496
vt 0.834209 0.037524
vt 0.834286 0.037506
vt 0.732024 0.083896
vt 0.732010 0.083860
vt 0.732025 0.083823
vt 0.732003 0.083928
vt 0.732000 0.083883
vt 0.732012 0.083802
vt 0.732034 0.083742
vt 0.732002 0.083833
vt 0.701287 0.384774
vt 0.701168 0.384658
vt 0.731958 0.083822
vt 0.731992 0.083801
vt 0.731981 0.083865
vt 0.731989 0.083926
vt 0.732046 0.083655
vt 0.732013 0.083646
vt 0.732046 0.083577
vt 0.732014 0.083733
vt 0.731981 0.083733
vt 0.738233 0.068781
vt 0.738266 0.068777
vt 0.738214 0.068828
vt 0.738206 0.068780
vt 0.738253 0.068729
vt 0.738296 0.068700
vt 0.738227 0.068743
vt 0.738137 0.068782
vt 0.738193 0.068756
vt 0.738164 0.068799
vt 0.738063 0.408795
vt 0.738091 0.408911
vt 0.737979 0.408828
vt 0.738189 0.068814
vt 0.738355 0.409135
vt 0.738395 0.409052
vt 0.738537 0.409169
vt 0.738274 0.068670
vt 0.738328 0.068623
vt 0.738213 0.409014
vt 0.738228 0.408923
vt 0.738228 0.068713
vt 0.993001 0.376827
vt 0.993214 0.376730
vt 0.992905 0.376909
vt 0.992819 0.376893
vt 0.993053 0.376767
vt 0.992897 0.376836
vt 0.992383 0.377017
vt 0.992421 0.377080
vt 0.992205 0.377134
vt 0.992603 0.376887
vt 0.992620 0.376954
vt 0.992662 0.376996
vt 0.992797 0.376849
vt 0.992971 0.376754
vt 0.992837 0.376755
vt 0.993229 0.376681
vt 0.724716 0.062395
vt 0.724751 0.062379
vt 0.724720 0.062426
vt 0.724750 0.062329
vt 0.724788 0.062335
vt 0.724756 0.062405
vt 0.724783 0.062367
vt 0.724893 0.062233
vt 0.724863 0.062215
vt 0.724913 0.062173
vt 0.724862 0.062300
vt 0.724836 0.062287
vt 0.724808 0.062269
vt 0.724811 0.062348
vt 0.724774 0.062430
vt 0.724781 0.062396
vt 0.724825 0.062373
vt 0.724746 0.062442
vt 0.824352 0.015274
vt 0.824319 0.015291
vt 0.824279 0.015264
vt 0.824383 0.015305
vt 0.824338 0.015308
vt 0.824260 0.015295
vt 0.824190 0.015269
vt 0.824289 0.015309
vt 0.995125 0.332415
vt 0.995084 0.332346
vt 0.995220 0.332468
vt 0.824269 0.015341
vt 0.824256 0.015319
vt 0.824316 0.015323
vt 0.824373 0.015317
vt 0.824104 0.015281
vt 0.824100 0.015316
vt 0.824034 0.015295
vt 0.824187 0.015304
vt 0.824182 0.015332
vt 0.704819 0.348732
vt 0.704913 0.348803
vt 0.704602 0.348618
vt 0.704768 0.348679
vt 0.704990 0.348775
vt 0.705143 0.348861
vt 0.704916 0.348727
vt 0.704844 0.348655
vt 0.704639 0.348583
vt 0.704970 0.348642
vt 0.705010 0.348728
vt 0.705374 0.348916
vt 0.705407 0.348848
vt 0.705180 0.348812
vt 0.705194 0.348745
vt 0.988406 0.336040
vt 0.988577 0.335957
vt 0.988324 0.336112
vt 0.988249 0.336100
vt 0.988451 0.335986
vt 0.988314 0.336049
vt 0.987881 0.336211
vt 0.987914 0.336264
vt 0.987733 0.336313
vt 0.988064 0.336098
vt 0.988080 0.336155
vt 0.988117 0.336190
vt 0.988229 0.336062
vt 0.988378 0.335974
vt 0.988262 0.335978
vt 0.988580 0.335924
vt 0.761586 0.121667
vt 0.761700 0.121660
vt 0.761544 0.121570
vt 0.761641 0.121594
vt 0.761707 0.121527
vt 0.761786 0.121574
vt 0.761598 0.121524
vt 0.761593 0.121453
vt 0.761502 0.121464
vt 0.761594 0.121374
vt 0.761733 0.121391
vt 0.761680 0.121445
vt 0.761658 0.121496
vt 0.761884 0.121500
vt 0.761864 0.121410
vt 0.761782 0.121465
vt 0.764690 0.122838
vt 0.764724 0.122921
vt 0.764620 0.122929
vt 0.764764 0.122748
vt 0.764781 0.122845
vt 0.764828 0.122898
vt 0.764875 0.122796
vt 0.764859 0.122840
vt 0.764958 0.122659
vt 0.764844 0.122660
vt 0.764973 0.122739
vt 0.764894 0.122718
vt 0.764835 0.122777
vt 0.764923 0.122771
vt 0.764926 0.122880
vt 0.764990 0.122813
vt 0.767985 0.124354
vt 0.764924 0.122824
vt 0.781732 0.062450
vt 0.787185 0.059857
vt 0.781721 0.062425
vt 0.787174 0.059832
vt 0.781710 0.062400
vt 0.787163 0.059807
vt 0.834141 0.345671
vt 0.849339 0.345443
vt 0.776522 0.065225
vt 0.776511 0.065200
vt 0.776499 0.065176
vt 0.819279 0.345330
vt 0.790963 0.068872
vt 0.796655 0.066510
vt 0.790974 0.068899
vt 0.796666 0.066536
vt 0.790986 0.068925
vt 0.847653 0.313417
vt 0.802425 0.064437
vt 0.802437 0.064464
vt 0.796677 0.066563
vt 0.863044 0.312529
vt 0.798432 0.055501
vt 0.792770 0.057536
vt 0.798421 0.055476
vt 0.792760 0.057511
vt 0.798412 0.055450
vt 0.879673 0.343162
vt 0.792750 0.057486
vt 0.864547 0.344590
vt 0.785405 0.071507
vt 0.780094 0.074325
vt 0.785416 0.071534
vt 0.780105 0.074352
vt 0.785429 0.071560
vt 0.780118 0.074378
vt 0.832269 0.313659
vt 0.817223 0.313322
vt 0.775119 0.077244
vt 0.770437 0.080290
vt 0.775131 0.077271
vt 0.770449 0.080317
vt 0.775144 0.077296
vt 0.770463 0.080342
vt 0.802811 0.312476
vt 0.788903 0.311109
vt 0.771647 0.068105
vt 0.771636 0.068080
vt 0.771623 0.068056
vt 0.805033 0.344478
vt 0.767063 0.071113
vt 0.767052 0.071088
vt 0.767038 0.071065
vt 0.791256 0.343110
vt 0.762684 0.074311
vt 0.762673 0.074285
vt 0.762659 0.074262
vt 0.777671 0.341186
vt 0.758411 0.077777
vt 0.758405 0.077747
vt 0.758393 0.077722
vt 0.763957 0.338629
vt 0.765746 0.083709
vt 0.759836 0.088496
vt 0.765757 0.083737
vt 0.759841 0.088527
vt 0.765771 0.083761
vt 0.759853 0.088554
vt 0.774532 0.309049
vt 0.755802 0.305548
vt 0.750271 0.085323
vt 0.746201 0.093995
vt 0.750244 0.085314
vt 0.746146 0.094035
vt 0.750217 0.085306
vt 0.715352 0.318234
vt 0.735925 0.331230
vt 0.746100 0.094058
vt 0.754195 0.081553
vt 0.754201 0.081513
vt 0.754196 0.081481
vt 0.749903 0.335350
vt 0.751734 0.095265
vt 0.751727 0.095306
vt 0.751730 0.095339
vt 0.729794 0.300359
vt 0.808645 0.062589
vt 0.808657 0.062615
vt 0.802447 0.064490
vt 0.878317 0.310994
vt 0.817303 0.060639
vt 0.817323 0.060663
vt 0.808667 0.062642
vt 0.894425 0.308541
vt 0.810124 0.052211
vt 0.804161 0.053755
vt 0.810105 0.052188
vt 0.804150 0.053731
vt 0.810092 0.052163
vt 0.804133 0.053675
vt 0.810085 0.052133
vt 0.804141 0.053705
vt 0.798404 0.055420
vt 0.833280 0.052094
vt 0.833343 0.052074
vt 0.833388 0.052051
vt 0.822517 0.049944
vt 0.822523 0.049918
vt 0.822530 0.049893
vt 0.822538 0.049863
vt 0.829761 0.058056
vt 0.829799 0.058075
vt 0.817337 0.060688
vt 0.948384 0.295457
vt 0.916481 0.303710
vt 0.829824 0.058097
vt 0.986011 0.285818
vt 0.816449 0.050901
vt 0.816416 0.050881
vt 0.816384 0.050829
vt 0.816394 0.050859
vt 0.849058 0.339217
vt 0.833943 0.339437
vt 0.849052 0.339113
vt 0.833937 0.339333
vt 0.849046 0.339008
vt 0.833930 0.339228
vt 0.819163 0.339092
vt 0.819156 0.338987
vt 0.819148 0.338883
vt 0.863436 0.318627
vt 0.847926 0.319519
vt 0.863441 0.318731
vt 0.847932 0.319623
vt 0.863446 0.318835
vt 0.847938 0.319727
vt 0.878848 0.317085
vt 0.878853 0.317189
vt 0.878856 0.317294
vt 0.864185 0.338364
vt 0.879226 0.336920
vt 0.864180 0.338259
vt 0.879222 0.336815
vt 0.864176 0.338155
vt 0.879219 0.336710
vt 0.817284 0.319430
vt 0.832432 0.319765
vt 0.817291 0.319534
vt 0.832438 0.319869
vt 0.817299 0.319638
vt 0.832445 0.319973
vt 0.788734 0.317205
vt 0.802764 0.318584
vt 0.788741 0.317308
vt 0.802771 0.318687
vt 0.788752 0.317413
vt 0.802781 0.318792
vt 0.805003 0.338238
vt 0.804995 0.338133
vt 0.804985 0.338028
vt 0.791320 0.336863
vt 0.791312 0.336758
vt 0.791301 0.336652
vt 0.777844 0.334927
vt 0.777834 0.334821
vt 0.777819 0.334714
vt 0.764265 0.332356
vt 0.764242 0.332247
vt 0.764206 0.332136
vt 0.755441 0.311469
vt 0.774238 0.315092
vt 0.755464 0.311573
vt 0.774247 0.315196
vt 0.755501 0.311679
vt 0.774263 0.315300
vt 0.718065 0.313558
vt 0.736887 0.325336
vt 0.718205 0.313552
vt 0.736917 0.325244
vt 0.718393 0.313576
vt 0.736956 0.325158
vt 0.717990 0.313605
vt 0.750410 0.329074
vt 0.750355 0.328957
vt 0.750272 0.328835
vt 0.729580 0.306282
vt 0.729637 0.306387
vt 0.729724 0.306497
vt 0.895126 0.314613
vt 0.895128 0.314717
vt 0.895126 0.314822
vt 0.917325 0.309694
vt 0.917311 0.309801
vt 0.917284 0.309911
vt 0.894218 0.334878
vt 0.909617 0.332156
vt 0.894217 0.334773
vt 0.909631 0.332047
vt 0.894219 0.334667
vt 0.909658 0.331937
vt 0.844405 0.052213
vt 0.964870 0.308373
vt 0.964726 0.308373
vt 0.964534 0.308406
vt 0.964951 0.308419
vt 0.942323 0.324672
vt 0.942289 0.324575
vt 0.942248 0.324483
vt 0.949241 0.301381
vt 0.949190 0.301495
vt 0.949107 0.301616
vt 0.925823 0.328668
vt 0.925871 0.328551
vt 0.925947 0.328429
vt 0.986605 0.288808
vt 0.986722 0.291878
vt 0.844507 0.053402
vt 0.844395 0.054549
vt 0.844494 0.053396
vt 0.698260 0.295367
vt 0.741181 0.102214
vt 0.698831 0.298517
vt 0.740297 0.101489
vt 0.850540 0.127082
vt 0.850476 0.127051
vt 0.850406 0.127039
vt 0.774761 0.203787
vt 0.774718 0.203647
vt 0.774728 0.203720
vt 0.917143 0.099830
vt 0.885911 0.047824
vt 0.917115 0.099844
vt 0.885903 0.047834
vt 0.917126 0.099839
vt 0.752254 0.110927
vt 0.878471 0.228368
vt 0.878527 0.228325
vt 0.878569 0.228267
vt 0.948405 0.151848
vt 0.939019 0.157518
vt 0.938750 0.157583
vt 0.988756 0.053921
vt 0.968580 0.102884
vt 0.938885 0.157551
vt 0.988727 0.053873
vt 0.808755 0.293809
vt 0.808812 0.293527
vt 0.937337 0.050822
vt 0.808784 0.293669
vt 0.859849 0.136684
vt 0.859807 0.136652
vt 0.882665 0.084734
vt 0.859768 0.136614
vt 0.882657 0.084573
vt 0.927574 0.248388
vt 0.881622 0.214938
vt 0.881636 0.214886
vt 0.881656 0.214836
vt 0.882675 0.084553
vt 0.926576 0.160530
vt 0.926491 0.160551
vt 0.926407 0.160573
vt 0.927603 0.248402
vt 0.927534 0.248280
vt 0.784684 0.212789
vt 0.784650 0.212746
vt 0.784609 0.212707
vt 0.730291 0.237420
vt 0.865556 0.232079
vt 0.865605 0.232057
vt 0.901465 0.276984
vt 0.865658 0.232040
vt 0.901615 0.277053
vt 0.901630 0.277081
vt 0.811415 0.280677
vt 0.811434 0.280587
vt 0.811453 0.280499
vt 0.730278 0.237440
vt 0.837361 0.130177
vt 0.837309 0.130189
vt 0.843790 0.076363
vt 0.837258 0.130195
vt 0.778963 0.190740
vt 0.778967 0.190684
vt 0.778961 0.190631
vt 0.718632 0.203605
vt 0.718742 0.203505
vt 0.718599 0.203595
vt 0.862221 0.137601
vt 0.862182 0.137565
vt 0.862140 0.137536
vt 0.865017 0.139271
vt 0.883198 0.212933
vt 0.883218 0.212886
vt 0.884122 0.210831
vt 0.850834 0.181960
vt 0.887186 0.202071
vt 0.923393 0.161398
vt 0.923311 0.161420
vt 0.923229 0.161443
vt 0.919571 0.162208
vt 0.787589 0.217747
vt 0.785687 0.215231
vt 0.785648 0.215191
vt 0.785617 0.215148
vt 0.863610 0.233746
vt 0.863661 0.233728
vt 0.863708 0.233706
vt 0.860438 0.235351
vt 0.812184 0.277348
vt 0.812203 0.277262
vt 0.812223 0.277175
vt 0.813303 0.273246
vt 0.835085 0.129806
vt 0.835035 0.129812
vt 0.834983 0.129826
vt 0.830316 0.130974
vt 0.778023 0.188364
vt 0.778025 0.188307
vt 0.778348 0.185469
vt 0.778030 0.188419
vt 0.723398 0.199137
vt 0.848161 0.181816
vt 0.848173 0.181863
vt 0.848148 0.181770
vt 0.926068 0.245495
vt 0.926022 0.245520
vt 0.925977 0.245544
vt 0.733749 0.237460
vt 0.733746 0.237595
vt 0.733750 0.237405
vt 0.733748 0.237515
vt 0.898562 0.275431
vt 0.896391 0.274523
vt 0.898479 0.275605
vt 0.898527 0.275504
vt 0.898503 0.275554
vt 0.901015 0.276775
vt 0.824922 0.175961
vt 0.824956 0.175926
vt 0.824990 0.175891
vt 0.842272 0.078935
vt 0.842308 0.078983
vt 0.842349 0.079025
vt 0.843545 0.076728
vt 0.882780 0.087790
vt 0.882832 0.087787
vt 0.882729 0.087792
vt 0.882685 0.085212
vt 0.831222 0.199426
vt 0.831174 0.199415
vt 0.831127 0.199403
vt 0.721453 0.201006
vt 0.721451 0.201068
vt 0.721451 0.201127
vt 0.770907 0.043119
vt 0.776312 0.040444
vt 0.770895 0.043094
vt 0.776301 0.040419
vt 0.856503 0.425535
vt 0.841386 0.425782
vt 0.856500 0.425467
vt 0.765768 0.046010
vt 0.765757 0.045985
vt 0.841385 0.425849
vt 0.826616 0.425607
vt 0.780168 0.049344
vt 0.785765 0.046968
vt 0.780180 0.049370
vt 0.870192 0.392475
vt 0.854710 0.393441
vt 0.854708 0.393369
vt 0.791462 0.044922
vt 0.785776 0.046995
vt 0.885542 0.391018
vt 0.870199 0.392547
vt 0.787535 0.036040
vt 0.781874 0.038080
vt 0.787524 0.036015
vt 0.871629 0.424674
vt 0.886642 0.423239
vt 0.886651 0.423305
vt 0.781864 0.038055
vt 0.871623 0.424607
vt 0.774730 0.052035
vt 0.769560 0.054941
vt 0.774742 0.052061
vt 0.769572 0.054968
vt 0.824111 0.393573
vt 0.839230 0.393793
vt 0.824106 0.393645
vt 0.839231 0.393721
vt 0.764744 0.057967
vt 0.760237 0.061128
vt 0.764756 0.057994
vt 0.760249 0.061154
vt 0.795610 0.391928
vt 0.809613 0.393047
vt 0.795598 0.391999
vt 0.809622 0.392976
vt 0.760993 0.049031
vt 0.760981 0.049006
vt 0.826612 0.425674
vt 0.812419 0.425018
vt 0.756560 0.052202
vt 0.756548 0.052178
vt 0.756533 0.052156
vt 0.760967 0.048984
vt 0.798661 0.423897
vt 0.752357 0.055548
vt 0.752346 0.055523
vt 0.752330 0.055501
vt 0.785100 0.422217
vt 0.748289 0.059159
vt 0.748279 0.059131
vt 0.748263 0.059110
vt 0.771422 0.419889
vt 0.755753 0.064682
vt 0.750119 0.069684
vt 0.761689 0.387689
vt 0.781015 0.390291
vt 0.761639 0.387751
vt 0.780997 0.390361
vt 0.761607 0.387817
vt 0.781045 0.390222
vt 0.737010 0.076076
vt 0.736947 0.076125
vt 0.736890 0.076160
vt 0.744287 0.063093
vt 0.744282 0.063060
vt 0.744263 0.063041
vt 0.757388 0.416917
vt 0.743403 0.413687
vt 0.742400 0.076834
vt 0.702893 0.379746
vt 0.734180 0.383997
vt 0.702695 0.379769
vt 0.734119 0.384052
vt 0.734272 0.383949
vt 0.797638 0.043154
vt 0.791473 0.044948
vt 0.901711 0.388748
vt 0.885553 0.391090
vt 0.806357 0.041456
vt 0.797650 0.043180
vt 0.923766 0.384421
vt 0.901729 0.388818
vt 0.799325 0.032857
vt 0.793294 0.034312
vt 0.799307 0.032834
vt 0.901633 0.421455
vt 0.917040 0.418966
vt 0.917069 0.419030
vt 0.793283 0.034287
vt 0.901619 0.421389
vt 0.823242 0.034011
vt 0.823308 0.033997
vt 0.823355 0.033978
vt 0.823379 0.033951
vt 0.812225 0.030586
vt 0.812233 0.030559
vt 0.812247 0.030535
vt 0.974227 0.396125
vt 0.819182 0.039594
vt 0.806376 0.041481
vt 0.955452 0.377490
vt 0.923800 0.384486
vt 0.955516 0.377548
vt 0.819219 0.039616
vt 0.992677 0.370200
vt 0.805760 0.031633
vt 0.933361 0.415865
vt 0.949954 0.411796
vt 0.949947 0.411868
vt 0.805726 0.031612
vt 0.933301 0.415808
vt 0.856200 0.419269
vt 0.841139 0.419579
vt 0.856194 0.419166
vt 0.841132 0.419475
vt 0.856188 0.419062
vt 0.841124 0.419372
vt 0.826410 0.419404
vt 0.826402 0.419300
vt 0.826392 0.419196
vt 0.870574 0.398671
vt 0.855006 0.399574
vt 0.870579 0.398775
vt 0.855012 0.399678
vt 0.870583 0.398880
vt 0.855018 0.399782
vt 0.886033 0.397200
vt 0.886037 0.397304
vt 0.886040 0.397409
vt 0.871270 0.418407
vt 0.886243 0.417035
vt 0.871266 0.418304
vt 0.886240 0.416931
vt 0.871262 0.418200
vt 0.886238 0.416827
vt 0.824258 0.399774
vt 0.839454 0.399925
vt 0.824266 0.399877
vt 0.839461 0.400028
vt 0.824276 0.399982
vt 0.839470 0.400133
vt 0.795600 0.398126
vt 0.809691 0.399177
vt 0.795611 0.398230
vt 0.809700 0.399281
vt 0.795625 0.398334
vt 0.809712 0.399385
vt 0.812278 0.418791
vt 0.812269 0.418688
vt 0.812258 0.418584
vt 0.798613 0.417671
vt 0.798603 0.417568
vt 0.798590 0.417463
vt 0.785051 0.416029
vt 0.785038 0.415925
vt 0.785020 0.415820
vt 0.770693 0.413947
vt 0.770659 0.413839
vt 0.770616 0.413730
vt 0.761511 0.393714
vt 0.780950 0.396484
vt 0.761537 0.393821
vt 0.780964 0.396588
vt 0.761574 0.393930
vt 0.780983 0.396693
vt 0.735080 0.076317
vt 0.735075 0.076262
vt 0.735072 0.076190
vt 0.735094 0.076348
vt 0.754808 0.411541
vt 0.754715 0.411423
vt 0.754610 0.411305
vt 0.701405 0.384781
vt 0.733826 0.389570
vt 0.701599 0.384922
vt 0.730496 0.071186
vt 0.734334 0.389765
vt 0.702796 0.384723
vt 0.733879 0.389685
vt 0.729120 0.060395
vt 0.730532 0.071143
vt 0.729156 0.060369
vt 0.730563 0.071096
vt 0.902334 0.394895
vt 0.902335 0.394999
vt 0.902332 0.395103
vt 0.924478 0.390424
vt 0.924461 0.390529
vt 0.924432 0.390637
vt 0.901169 0.415173
vt 0.916514 0.412726
vt 0.901169 0.415069
vt 0.916530 0.412618
vt 0.901172 0.414964
vt 0.916558 0.412509
vt 0.971445 0.391576
vt 0.971307 0.391568
vt 0.971121 0.391591
vt 0.948784 0.405862
vt 0.948755 0.405768
vt 0.948720 0.405677
vt 0.956090 0.383398
vt 0.956035 0.383507
vt 0.955948 0.383621
vt 0.932653 0.409553
vt 0.932701 0.409439
vt 0.932779 0.409320
vt 0.993470 0.373241
vt 0.993188 0.376653
vt 0.834908 0.035173
vt 0.834624 0.036311
vt 0.834881 0.035165
vt 0.834650 0.036325
vt 0.702234 0.379854
vt 0.732675 0.084597
vt 0.732676 0.084582
vt 0.701617 0.382149
vt 0.732010 0.083917
vt 0.740798 0.411362
vt 0.739299 0.067941
vt 0.739264 0.068020
vt 0.743228 0.413566
vt 0.739335 0.067862
vt 0.761267 0.021157
vt 0.766625 0.018499
vt 0.857192 0.384654
vt 0.841860 0.385114
vt 0.857190 0.384584
vt 0.841860 0.385046
vt 0.857187 0.384516
vt 0.756164 0.024012
vt 0.841857 0.385183
vt 0.826861 0.385158
vt 0.826864 0.385089
vt 0.770480 0.027343
vt 0.776049 0.024952
vt 0.770491 0.027369
vt 0.776061 0.024978
vt 0.770503 0.027395
vt 0.854953 0.352004
vt 0.781712 0.022868
vt 0.781724 0.022894
vt 0.776072 0.025005
vt 0.870686 0.350895
vt 0.777732 0.014074
vt 0.872531 0.383600
vt 0.887756 0.381986
vt 0.887769 0.382053
vt 0.872523 0.383531
vt 0.887746 0.381918
vt 0.772133 0.016135
vt 0.872517 0.383463
vt 0.765058 0.030026
vt 0.759895 0.032908
vt 0.765069 0.030052
vt 0.759907 0.032934
vt 0.765082 0.030077
vt 0.759920 0.032959
vt 0.839215 0.352565
vt 0.823805 0.352636
vt 0.755079 0.035903
vt 0.750566 0.039034
vt 0.755091 0.035929
vt 0.750578 0.039060
vt 0.755105 0.035954
vt 0.750593 0.039084
vt 0.809013 0.352269
vt 0.794686 0.351445
vt 0.751406 0.026980
vt 0.826853 0.385227
vt 0.812476 0.384764
vt 0.812482 0.384695
vt 0.746949 0.030090
vt 0.812463 0.384832
vt 0.798546 0.383945
vt 0.798555 0.383877
vt 0.742714 0.033403
vt 0.798527 0.384013
vt 0.784775 0.382693
vt 0.784789 0.382625
vt 0.738603 0.037002
vt 0.784749 0.382759
vt 0.770814 0.380976
vt 0.770842 0.380910
vt 0.746083 0.042539
vt 0.740562 0.047413
vt 0.746095 0.042566
vt 0.740570 0.047444
vt 0.746110 0.042590
vt 0.740582 0.047470
vt 0.779856 0.350057
vt 0.760697 0.347791
vt 0.730585 0.044966
vt 0.727656 0.053705
vt 0.730559 0.044963
vt 0.727608 0.053749
vt 0.730532 0.044964
vt 0.720643 0.364529
vt 0.741626 0.376002
vt 0.727566 0.053777
vt 0.700165 0.353071
vt 0.734534 0.040934
vt 0.770768 0.381038
vt 0.756372 0.378748
vt 0.756428 0.378689
vt 0.756284 0.378799
vt 0.741646 0.376072
vt 0.733199 0.054376
vt 0.733196 0.054416
vt 0.733202 0.054449
vt 0.703606 0.341895
vt 0.734412 0.344691
vt 0.787833 0.021022
vt 0.787845 0.021048
vt 0.781734 0.022921
vt 0.886278 0.349228
vt 0.796478 0.019251
vt 0.924763 0.342013
vt 0.902656 0.346740
vt 0.902634 0.346671
vt 0.789389 0.010792
vt 0.902970 0.380025
vt 0.918579 0.377325
vt 0.918624 0.377386
vt 0.902949 0.379959
vt 0.918548 0.377261
vt 0.783425 0.012305
vt 0.902934 0.379891
vt 0.813310 0.011825
vt 0.813376 0.011811
vt 0.995166 0.333036
vt 0.974180 0.353010
vt 0.995235 0.332839
vt 0.802269 0.008321
vt 0.802278 0.008295
vt 0.974157 0.353135
vt 0.951449 0.369253
vt 0.809248 0.017343
vt 0.796497 0.019275
vt 0.956328 0.335389
vt 0.924798 0.342078
vt 0.956388 0.335451
vt 0.809284 0.017365
vt 0.994755 0.332286
vt 0.994960 0.332340
vt 0.935094 0.373861
vt 0.951461 0.369322
vt 0.951451 0.369394
vt 0.935004 0.373814
vt 0.795770 0.009486
vt 0.934941 0.373757
vt 0.856802 0.378232
vt 0.841519 0.378753
vt 0.856795 0.378127
vt 0.841510 0.378648
vt 0.856787 0.378021
vt 0.841500 0.378543
vt 0.826563 0.378794
vt 0.826554 0.378689
vt 0.826542 0.378583
vt 0.871146 0.357117
vt 0.855334 0.358235
vt 0.871153 0.357222
vt 0.855342 0.358340
vt 0.871158 0.357329
vt 0.855349 0.358446
vt 0.886841 0.355427
vt 0.886846 0.355533
vt 0.886850 0.355639
vt 0.872089 0.377175
vt 0.887275 0.375621
vt 0.872083 0.377070
vt 0.887271 0.375516
vt 0.872078 0.376964
vt 0.887267 0.375410
vt 0.824058 0.358879
vt 0.839528 0.358802
vt 0.824068 0.358984
vt 0.839536 0.358907
vt 0.824080 0.359090
vt 0.839546 0.359014
vt 0.794784 0.357707
vt 0.809200 0.358523
vt 0.794796 0.357813
vt 0.809211 0.358629
vt 0.794813 0.357920
vt 0.809225 0.358735
vt 0.812221 0.378401
vt 0.812209 0.378296
vt 0.812195 0.378190
vt 0.798335 0.377575
vt 0.798322 0.377469
vt 0.798306 0.377362
vt 0.784614 0.376299
vt 0.784598 0.376192
vt 0.784577 0.376085
vt 0.770712 0.374543
vt 0.770682 0.374433
vt 0.770639 0.374322
vt 0.760597 0.353937
vt 0.779840 0.356303
vt 0.760625 0.354042
vt 0.779855 0.356409
vt 0.760667 0.354149
vt 0.779876 0.356515
vt 0.722870 0.359438
vt 0.741963 0.369757
vt 0.723007 0.359417
vt 0.741985 0.369654
vt 0.723196 0.359422
vt 0.742018 0.369556
vt 0.756354 0.372299
vt 0.756291 0.372181
vt 0.756199 0.372061
vt 0.734397 0.350757
vt 0.734459 0.350860
vt 0.734551 0.350966
vt 0.903343 0.352862
vt 0.903345 0.352967
vt 0.903343 0.353073
vt 0.925539 0.348026
vt 0.925522 0.348130
vt 0.925493 0.348236
vt 0.902404 0.373580
vt 0.917925 0.370925
vt 0.902403 0.373474
vt 0.917939 0.370815
vt 0.902405 0.373367
vt 0.917966 0.370704
vt 0.970968 0.348801
vt 0.970846 0.348799
vt 0.970683 0.348826
vt 0.950118 0.363456
vt 0.950087 0.363366
vt 0.950050 0.363278
vt 0.956645 0.341384
vt 0.956594 0.341482
vt 0.956514 0.341585
vt 0.934174 0.367480
vt 0.934221 0.367364
vt 0.934296 0.367243
vt 0.991554 0.334498
vt 0.988561 0.335895
vt 0.995232 0.332519
vt 0.991574 0.334587
vt 0.703361 0.341981
vt 0.703759 0.345205
vt 0.703322 0.341994
vt 0.724728 0.062442
vt 0.723422 0.062666
vt 0.723414 0.062651
vt 0.703798 0.345193
vt 0.722038 0.062887
vt 0.704621 0.348668
vt 0.701976 0.350747
vt 0.901530 0.277018
vt 0.882665 0.084665
vt 0.763329 0.122121
vt 0.763262 0.122197
vt 0.763195 0.122274
vt 0.927442 0.248134
vt 0.718692 0.203528
vt 0.730389 0.237428
vt 0.927540 0.248310
vt 0.885023 0.208774
vt 0.729189 0.060341
vt 0.700086 0.352928
vt 0.700069 0.301551
vt 0.846787 0.182211
vt 0.843851 0.076268
vt 0.875450 0.044030
vt 0.948394 0.151877
vt 0.684173 0.231535
vt 0.834398 0.037442
vt 0.738177 0.068724
vt 0.824376 0.015291
vt 0.833886 0.050000
vt 0.812414 0.425085
vt 0.795635 0.391857
vt 0.741670 0.376139
vt 0.787855 0.021075
vt 0.995245 0.332569
vt 0.723401 0.062621
s 1
g off
g Triángulo2BI_Holocron_Corners.001
usemtl Holocron_Corners.001
f 1244/1/1 1/2/2 199/3/3
f 1195/4/4 20/5/5 105/6/6
f 88/7/2 224/8/7 3/9/2
f 213/10/8 113/11/9 1205/12/10
f 4/13/2 1209/14/11 203/15/12
f 198/16/13 105/6/6 16/17/14
f 209/18/15 101/19/16 14/20/17
f 223/21/18 108/22/19 1200/23/20
f 3/9/2 1184/24/21 219/25/22
f 1199/26/23 4/13/2 87/27/2
f 1205/12/10 22/28/24 228/29/25
f 1215/30/26 19/31/27 234/32/28
f 1210/33/29 26/34/30 204/35/31
f 228/29/25 107/36/32 1220/37/33
f 1220/37/33 23/38/34 238/39/35
f 1230/40/36 18/41/37 244/42/38
f 89/43/2 233/44/39 1209/14/11
f 238/39/35 114/45/40 1235/46/41
f 1235/46/41 1347/47/42 250/48/43
f 265/49/44 112/50/45 1230/40/36
f 90/51/46 243/52/47 1214/53/48
f 1245/54/49 16/17/14 103/55/50
f 270/56/51 103/55/50 17/57/52
f 276/58/53 109/59/54 13/60/55
f 1/2/2 1189/61/56 88/7/2
f 1260/62/57 17/57/52 111/63/58
f 281/64/59 111/63/58 21/65/60
f 1255/66/61 1344/67/62 109/59/54
f 6/68/2 1239/69/63 92/70/2
f 105/6/6 324/71/64 1274/72/65
f 10/73/66 1290/74/67 96/75/66
f 24/76/68 1284/77/69 113/11/9
f 333/78/70 97/79/71 1300/80/72
f 103/55/50 304/81/73 1324/82/74
f 15/83/75 1269/84/76 329/85/77
f 15/83/75 1279/86/78 108/22/19
f 102/87/79 313/88/80 1269/84/76
f 115/89/81 324/71/64 20/5/5
f 116/90/82 308/91/83 26/34/30
f 19/31/27 1289/92/84 116/90/82
f 22/28/24 1299/93/85 107/36/32
f 1285/94/86 8/95/66 333/78/70
f 104/96/87 338/97/88 19/31/27
f 18/41/37 1294/98/89 104/96/87
f 23/38/34 1314/99/90 114/45/40
f 1300/80/72 11/100/91 343/101/92
f 112/50/45 348/102/93 18/41/37
f 25/103/94 1309/104/95 112/50/45
f 114/45/40 354/105/96 1347/47/42
f 303/106/97 95/107/66 7/108/66
f 14/20/17 1319/109/98 313/88/80
f 101/19/16 380/110/99 1319/109/98
f 111/63/58 376/111/100 1339/112/101
f 99/113/66 375/114/102 1325/115/103
f 13/60/55 1334/116/104 380/110/99
f 109/59/54 392/117/105 1334/116/104
f 21/65/60 1339/112/101 385/118/106
f 1190/119/107 14/20/17 102/87/79
f 1250/120/108 21/121/60 106/122/109
f 106/122/109 385/123/106 1329/124/110
f 7/108/66 1270/125/111 314/126/112
f 224/8/7 87/27/2 3/9/2
f 1200/23/20 24/76/68 213/10/8
f 108/22/19 319/127/113 24/76/68
f 95/107/66 328/128/114 1270/125/111
f 93/129/2 275/130/115 6/68/2
f 199/3/3 88/7/2 1194/131/116
f 16/17/14 1274/72/65 304/81/73
f 381/132/117 100/133/66 12/134/66
f 234/32/28 116/90/82 1210/33/29
f 1225/135/118 1348/136/119 110/137/120
f 110/137/120 353/138/121 1304/139/122
f 96/75/66 339/140/123 8/95/66
f 204/35/31 115/89/81 1185/141/124
f 223/21/18 102/87/79 15/83/75
f 1275/142/125 9/143/66 95/107/66
f 26/34/30 1264/144/126 115/89/81
f 1249/145/127 1254/146/128 93/129/2
f 280/147/129 93/129/2 1259/148/130
f 100/133/66 386/149/131 1340/150/132
f 1335/151/133 1330/152/134 100/133/66
f 5/153/46 1229/154/135 243/52/47
f 1204/155/136 2/156/2 89/43/2
f 113/11/9 334/157/137 22/28/24
f 11/100/91 1310/158/138 98/159/139
f 214/160/140 89/43/2 4/13/2
f 229/161/141 90/51/46 2/156/2
f 94/162/66 328/128/114 9/143/66
f 10/73/66 1280/163/142 94/162/66
f 1240/164/143 13/60/55 101/19/16
f 7/108/66 1325/115/103 303/106/97
s 2
f 407/165/144 136/166/145 1492/167/146
s 1
f 1320/168/147 12/134/66 99/113/66
f 91/169/148 266/170/149 1229/154/135
f 1234/171/150 1224/172/151 91/169/148
f 1315/173/152 1305/174/153 355/175/154
f 98/159/139 370/176/155 1305/174/153
f 1250/120/108 1345/177/156 285/178/157
f 271/179/158 92/70/2 1244/1/1
f 17/57/52 1324/82/74 376/111/100
f 106/122/109 390/180/159 1345/177/156
f 244/42/38 104/96/87 1215/30/26
f 1259/148/130 6/68/2 271/179/158
f 12/134/66 1340/150/132 375/114/102
f 97/79/71 349/181/160 11/100/91
f 2/156/2 1214/53/48 233/44/39
f 1185/141/124 20/5/5 218/182/161
f 318/183/162 96/75/66 1285/94/86
f 8/95/66 1295/184/163 97/79/71
f 1225/185/118 25/103/94 265/49/44
f 1219/186/164 5/153/46 90/51/46
f 107/36/32 344/187/165 23/38/34
f 110/188/120 371/189/166 25/103/94
f 1194/131/116 3/9/2 219/25/22
f 87/27/2 203/15/12 1184/24/21
f 309/190/167 94/162/66 1265/191/168
f 1265/191/168 9/143/66 323/192/169
f 92/70/2 208/193/170 1/2/2
f 239/194/171 91/169/148 5/153/46
f 343/101/92 98/159/139 1315/173/152
f 314/126/112 99/113/66 7/108/66
s 2
f 452/195/172 129/196/173 34/197/174
f 499/198/175 135/199/176 1413/200/177
f 1525/201/178 1469/202/179 135/199/176
f 706/203/180 130/204/181 1465/205/182
f 476/206/183 126/207/184 1402/208/185
f 1377/209/186 1516/210/187 136/166/145
f 137/211/188 667/212/189 1455/213/190
f 1465/205/182 1476/214/191 686/215/192
f 443/216/193 123/217/194 29/218/195
f 421/219/196 134/220/197 1501/221/198
f 1440/222/199 1445/223/200 616/224/201
f 1520/225/202 1450/226/203 134/220/197
f 27/227/204 1370/228/205 123/217/194
f 31/229/206 1374/230/207 563/231/208
f 32/232/209 1374/230/207 126/207/184
f 1388/233/210 1517/234/211 434/235/212
f 1383/236/213 1493/237/214 119/238/215
f 33/239/216 1356/240/217 128/241/218
f 34/197/174 1361/242/219 526/243/220
f 409/244/221 121/245/204 1378/246/222
f 1388/233/210 1497/247/223 133/248/224
f 509/249/225 120/250/226 1373/251/227
f 30/252/228 1355/253/229 545/254/230
f 452/195/172 127/255/231 1407/256/232
f 443/216/193 122/257/233 1382/258/234
f 27/227/204 1350/259/235 528/260/236
f 34/197/174 1351/261/237 127/255/231
f 1397/262/238 1519/263/239 463/264/240
f 422/265/241 118/266/242 1403/267/243
f 35/268/244 1361/242/219 129/196/173
f 35/268/244 1356/240/217 565/269/245
f 477/270/246 118/266/242 1505/271/247
f 475/272/248 137/211/188 1397/262/238
f 28/273/204 1365/274/249 544/275/250
f 29/218/195 1365/274/249 122/257/233
f 423/276/251 124/277/252 1393/278/253
f 486/279/254 127/255/231 33/239/216
f 29/218/195 1370/228/205 508/280/255
f 136/166/145 581/281/256 1435/282/257
f 1413/200/177 1507/283/258 487/284/259
f 451/285/260 1871/286/261 1419/287/262
f 1360/288/263 1369/289/264 527/290/265
f 28/273/204 1350/259/235 121/245/204
f 1417/291/266 1524/292/267 501/293/268
f 1408/294/269 1508/295/270 117/296/271
f 30/252/228 1364/297/272 125/298/273
f 31/229/206 1355/253/229 124/277/252
f 1392/299/274 1520/225/202 134/220/197
f 32/232/209 1364/297/272 510/300/275
f 1373/251/227 1360/288/263 564/301/276
f 33/239/216 1351/261/237 546/302/277
f 135/199/176 705/303/278 1507/283/258
f 1872/304/279 723/305/280 1524/292/267
f 1512/306/281 1475/307/282 1871/286/261
f 1493/237/214 1439/308/283 119/238/215
f 133/248/224 582/309/284 1517/234/211
f 133/248/224 617/310/285 1444/311/286
f 118/266/242 652/312/287 1459/313/288
f 1519/263/239 1455/213/190 633/314/289
f 118/266/242 668/315/290 1505/271/247
f 433/316/291 123/217/194 1387/317/292
f 441/318/293 119/238/215 1498/319/294
f 119/238/215 615/320/295 1498/319/294
f 136/166/145 597/321/296 1492/167/146
f 423/276/251 126/207/184 31/229/206
f 462/322/297 124/277/252 30/252/228
f 634/323/298 132/324/299 1449/325/300
f 1449/325/300 1460/326/301 651/327/302
f 486/279/254 128/241/218 1412/328/303
f 500/329/304 128/241/218 35/268/244
f 1476/214/191 1470/330/305 724/331/306
f 117/296/271 704/332/307 1464/333/308
f 409/244/221 122/257/233 28/273/204
f 433/316/291 121/245/204 27/227/204
f 1445/223/200 1434/334/309 583/335/310
f 598/336/311 131/337/312 1440/222/199
f 462/322/297 125/298/273 1398/338/313
f 476/206/183 125/298/273 32/232/209
f 1460/326/301 1454/339/314 669/340/315
f 134/220/197 650/341/316 1501/221/198
f 500/329/304 129/196/173 1418/342/317
f 450/343/318 117/296/271 1513/344/319
f 1513/344/319 1464/333/308 685/345/320
s 3
f 1589/346/321 36/347/322 740/348/323
f 1540/349/324 55/350/325 156/351/326
f 139/352/322 765/353/327 38/354/322
f 754/355/328 164/356/329 1550/357/330
f 39/358/322 1554/359/331 744/360/332
f 739/361/333 156/351/326 51/362/334
f 750/363/335 152/364/336 49/365/337
f 764/366/338 159/367/339 1545/368/340
f 38/354/322 1529/369/341 760/370/342
f 1544/371/343 39/358/322 138/372/322
f 1550/357/330 57/373/344 769/374/345
f 1560/375/346 54/376/347 775/377/348
f 1555/378/349 60/379/350 745/380/351
f 769/374/345 158/381/352 1565/382/353
f 1565/382/353 58/383/354 779/384/355
f 1575/385/356 53/386/357 785/387/358
f 140/388/322 774/389/359 1554/359/331
f 779/384/355 165/390/360 1580/391/361
f 1580/391/361 1692/392/362 791/393/363
f 806/394/364 163/395/365 1575/385/356
f 141/396/322 784/397/366 1559/398/367
f 1590/399/368 51/362/334 154/400/369
f 824/401/370 154/400/369 52/402/371
f 830/403/372 160/404/373 48/405/374
f 36/347/322 1534/406/375 139/352/322
f 1605/407/376 52/402/371 162/408/377
f 835/409/378 162/408/377 56/410/379
f 1600/411/380 1689/412/381 160/404/373
f 41/413/322 1584/414/382 143/415/322
f 156/351/326 877/416/383 1619/417/384
f 45/418/385 1635/419/386 147/420/385
f 59/421/387 1629/422/388 164/356/329
f 886/423/389 148/424/390 1645/425/391
f 154/400/369 857/426/392 1669/427/393
f 50/428/394 1614/429/395 882/430/396
f 50/428/394 1624/431/397 159/367/339
f 153/432/398 866/433/399 1614/429/395
f 166/434/400 877/416/383 55/350/325
f 167/435/401 861/436/402 60/379/350
f 54/376/347 1634/437/403 167/435/401
f 57/373/344 1644/438/404 158/381/352
f 1630/439/405 43/440/406 886/423/389
f 155/441/407 891/442/408 54/376/347
f 53/386/357 1639/443/409 155/441/407
f 58/383/354 1659/444/410 165/390/360
f 1645/425/391 46/445/411 896/446/412
f 163/395/365 901/447/413 53/386/357
f 1696/448/414 1654/449/415 163/395/365
f 165/390/360 907/450/416 1692/392/362
f 856/451/417 146/452/385 42/453/385
f 49/365/337 1664/454/418 866/433/399
f 152/364/336 947/455/419 1664/454/418
f 162/408/377 943/456/420 1684/457/421
f 150/458/385 942/459/422 1670/460/423
f 48/405/374 1679/461/424 947/455/419
f 160/404/373 959/462/425 1679/461/424
f 56/410/379 1684/457/421 952/463/426
f 1535/464/427 49/365/337 153/432/398
f 1595/465/428 56/410/379 157/466/429
f 157/466/429 952/463/426 1674/467/430
f 42/453/385 1615/468/431 867/469/432
f 765/353/327 138/372/322 38/354/322
f 1545/368/340 59/421/387 754/355/328
f 159/367/339 872/470/433 59/421/387
f 146/452/385 881/471/434 1615/468/431
f 144/472/322 829/473/435 41/413/322
f 740/348/323 139/352/322 1539/474/436
f 51/362/334 1619/417/384 857/426/392
f 948/475/437 151/476/385 47/477/385
f 775/377/348 167/435/401 1555/378/349
f 789/478/438 161/479/439 1570/480/440
f 1693/481/441 1649/482/442 161/479/439
f 147/420/385 892/483/443 43/440/406
f 745/380/351 166/434/400 1530/484/444
f 764/366/338 153/432/398 50/428/394
f 1620/485/445 44/486/385 146/452/385
f 60/379/350 1609/487/446 166/434/400
f 1594/488/447 1599/489/448 144/472/322
f 834/490/449 144/472/322 1604/491/450
f 151/476/385 953/492/451 1685/493/452
f 1680/494/453 1675/495/454 151/476/385
f 40/496/455 1574/497/456 784/397/366
f 1549/498/457 37/499/322 140/388/322
f 164/356/329 887/500/458 57/373/344
f 46/445/411 1655/501/459 149/502/460
f 755/503/461 140/388/322 39/358/322
f 770/504/462 141/396/322 37/499/322
f 145/505/385 881/471/434 44/486/385
f 45/418/385 1625/506/463 145/505/385
f 1585/507/464 48/405/374 152/364/336
f 42/453/385 1670/460/423 856/451/417
s 4
f 1761/508/465 61/509/466 975/510/467
s 3
f 1665/511/468 47/477/385 150/458/385
f 142/512/469 807/513/470 1574/497/456
f 1579/514/471 1569/515/472 142/512/469
f 1660/516/473 1650/517/474 908/518/475
f 149/502/460 924/519/476 1650/517/474
f 1595/465/428 1690/520/477 839/521/478
f 825/522/479 143/415/322 1589/346/321
f 52/402/371 1669/427/393 943/456/420
f 157/466/429 957/523/480 1690/520/477
f 785/387/358 155/441/407 1560/375/346
f 1604/491/450 41/413/322 825/522/479
f 47/477/385 1685/493/452 942/459/422
f 148/424/390 902/524/481 46/445/411
f 37/499/322 1559/398/367 774/389/359
f 1530/484/444 55/350/325 759/525/482
f 871/526/483 147/420/385 1630/439/405
f 43/440/406 1640/527/484 148/424/390
f 1570/480/440 1697/528/485 805/529/486
f 1564/530/487 40/496/455 141/396/322
f 158/381/352 897/531/488 58/383/354
f 161/479/439 923/532/489 1697/528/485
f 1539/474/436 38/354/322 760/370/342
f 138/372/322 744/360/332 1529/369/341
f 862/533/490 145/505/385 1610/534/491
f 1610/534/491 44/486/385 876/535/492
f 143/415/322 749/536/493 36/347/322
f 780/537/494 142/512/469 40/496/455
f 896/446/412 149/502/460 1660/516/473
f 867/469/432 150/458/385 42/453/385
s 4
f 1712/538/495 80/539/496 186/540/497
f 169/541/466 1000/542/498 63/543/466
f 989/544/499 194/545/500 1722/546/501
f 64/547/466 1726/548/502 979/549/503
f 974/550/504 186/540/497 76/551/505
f 985/552/506 182/553/507 74/554/508
f 999/555/509 189/556/510 1717/557/511
f 63/543/466 1701/558/512 995/559/513
f 1716/560/514 64/547/466 168/561/466
f 1722/546/501 82/562/515 1004/563/516
f 1732/564/517 79/565/518 1010/566/519
f 1727/567/520 86/568/521 980/569/522
f 1004/563/516 188/570/523 1737/571/524
f 1737/571/524 83/572/525 1014/573/526
f 1747/574/527 78/575/528 1020/576/529
f 170/577/466 1009/578/530 1726/548/502
f 1014/573/526 195/579/531 1752/580/532
f 1752/580/532 1864/581/533 1026/582/534
f 1042/583/535 193/584/536 1747/574/527
f 171/585/537 1019/586/538 1731/587/539
f 1762/588/540 76/551/505 184/589/541
f 1047/590/542 184/589/541 77/591/543
f 1053/592/544 190/593/545 73/594/546
f 61/509/466 1706/595/547 169/541/466
f 1777/596/548 77/591/543 192/597/549
f 1058/598/550 192/597/549 81/599/551
f 1772/600/552 1861/601/553 190/593/545
f 66/602/466 1756/603/554 173/604/466
f 186/540/497 1101/605/555 1791/606/556
f 70/607/557 1807/608/558 177/609/557
f 84/610/559 1801/611/560 194/545/500
f 1110/612/561 178/613/562 1817/614/563
f 184/589/541 1081/615/564 1841/616/565
f 75/617/566 1786/618/567 1106/619/568
f 75/617/566 1796/620/569 189/556/510
f 183/621/570 1090/622/571 1786/618/567
f 196/623/572 1101/605/555 80/539/496
f 197/624/573 1085/625/574 86/568/521
f 79/565/518 1806/626/575 197/624/573
f 82/562/515 1816/627/576 188/570/523
f 1802/628/577 68/629/578 1110/612/561
f 185/630/579 1115/631/580 79/565/518
f 78/575/528 1811/632/581 185/630/579
f 83/572/525 1831/633/582 195/579/531
f 1817/614/563 71/634/583 1120/635/584
f 193/584/536 1125/636/585 78/575/528
f 85/637/586 1826/638/587 193/584/536
f 195/579/531 1131/639/588 1864/581/533
f 1080/640/589 176/641/557 67/642/557
f 74/554/508 1836/643/590 1090/622/571
f 182/553/507 1157/644/591 1836/643/590
f 192/597/549 1153/645/592 1856/646/593
f 180/647/557 1152/648/594 1842/649/595
f 73/594/546 1851/650/596 1157/644/591
f 190/593/545 1169/651/597 1851/650/596
f 81/599/551 1856/646/593 1162/652/598
f 1707/653/599 74/554/508 183/621/570
f 1767/654/600 81/599/551 187/655/601
f 187/655/601 1162/652/598 1846/656/602
f 67/642/557 1787/657/603 1091/658/604
f 1000/542/498 168/561/466 63/543/466
f 1717/557/511 84/610/559 989/544/499
f 189/556/510 1096/659/605 84/610/559
f 176/641/557 1105/660/606 1787/657/603
f 174/661/466 1052/662/607 66/602/466
f 975/510/467 169/541/466 1711/663/608
f 76/551/505 1791/606/556 1081/615/564
f 1158/664/609 181/665/557 72/666/557
f 1010/566/519 197/624/573 1727/567/520
f 1742/667/610 1865/668/611 191/669/612
f 191/669/612 1130/670/613 1821/671/614
f 177/609/557 1116/672/615 68/629/578
f 980/569/522 196/623/572 1702/673/616
f 999/555/509 183/621/570 75/617/566
f 1792/674/617 69/675/557 176/641/557
f 86/568/521 1781/676/618 196/623/572
f 1766/677/619 1771/678/620 174/661/466
f 1057/679/621 174/661/466 1776/680/622
f 181/665/557 1163/681/623 1857/682/624
f 1852/683/625 1847/684/626 181/665/557
f 65/685/627 1746/686/628 1019/586/538
f 1721/687/629 62/688/630 170/577/466
f 194/545/500 1111/689/631 82/562/515
f 71/634/583 1827/690/632 179/691/633
f 990/692/634 170/577/466 64/547/466
f 1005/693/635 171/585/537 62/688/630
f 175/694/557 1105/660/606 69/675/557
f 70/607/557 1797/695/636 175/694/557
f 1757/696/637 73/594/546 182/553/507
f 67/642/557 1842/649/595 1080/640/589
f 1837/697/638 72/666/557 180/647/557
f 172/698/639 1043/699/640 1746/686/628
f 1751/700/641 1741/701/642 172/698/639
f 1832/702/643 1822/703/644 1132/704/645
f 179/691/633 1147/705/646 1822/703/644
f 1767/654/600 1862/706/647 1062/707/648
f 1048/708/649 173/604/466 1761/508/465
f 77/591/543 1841/616/565 1153/645/592
f 187/655/601 1167/709/650 1862/706/647
f 1020/576/529 185/630/579 1732/564/517
f 1776/680/622 66/602/466 1048/708/649
f 72/666/557 1857/682/624 1152/648/594
f 178/613/562 1126/710/651 71/634/583
f 62/688/630 1731/587/539 1009/578/530
f 1702/673/616 80/539/496 994/711/652
f 1095/712/653 177/609/557 1802/628/577
f 68/629/578 1812/713/654 178/613/562
f 1742/667/610 85/637/586 1042/583/535
f 1736/714/655 65/685/627 171/585/537
f 188/570/523 1121/715/656 83/572/525
f 191/669/612 1148/716/657 85/637/586
f 1711/663/608 63/543/466 995/559/513
f 168/561/466 979/549/503 1701/558/512
f 1086/717/658 175/694/557 1782/718/659
f 1782/718/659 69/675/557 1100/719/660
f 173/604/466 984/720/661 61/509/466
f 1015/721/662 172/698/639 65/685/627
f 1120/635/584 179/691/633 1832/702/643
f 1091/658/604 180/647/557 67/642/557
s 1
f 248/722/663 253/723/664 261/724/665
f 251/725/666 254/726/667 253/723/664
f 261/724/665 253/723/664 264/727/668
f 253/723/664 255/728/669 264/727/668
f 256/729/670 258/730/671 249/731/672
f 257/732/673 259/733/674 256/729/670
f 259/733/674 252/734/675 258/730/671
f 260/735/676 254/726/667 259/733/674
f 250/48/43 263/736/677 262/737/678
f 261/738/679 264/727/680 263/739/677
f 262/740/678 260/735/681 257/732/682
f 263/739/677 255/728/683 260/735/681
f 285/178/157 290/741/684 289/742/685
f 288/743/686 291/744/687 290/741/684
f 289/742/685 302/745/688 299/746/689
f 290/741/684 292/747/690 302/745/688
f 286/748/691 296/749/692 295/750/693
f 293/751/694 297/752/695 296/753/692
f 295/754/693 296/753/692 291/744/696
f 296/753/692 292/747/697 291/744/696
f 298/755/698 300/756/699 287/757/700
f 299/746/689 301/758/701 298/755/698
f 301/758/701 294/759/702 300/756/699
f 302/745/688 297/752/703 301/758/701
f 353/760/121 358/761/704 357/762/705
f 356/763/706 359/764/707 358/761/704
f 357/762/705 369/765/708 366/766/709
f 358/761/704 360/767/710 369/765/708
f 354/105/96 363/768/711 356/769/712
f 361/770/713 364/771/714 363/768/711
f 356/769/712 363/768/711 359/764/715
f 363/768/711 360/767/716 359/764/715
f 365/772/717 367/773/718 355/175/154
f 366/766/709 368/774/719 365/772/717
f 368/774/719 362/775/720 367/773/718
f 369/765/721 364/771/714 368/774/719
f 390/180/159 395/776/722 403/777/723
f 393/778/724 396/779/725 395/780/722
f 403/781/723 395/780/722 406/782/726
f 395/780/722 397/783/727 406/782/728
f 398/784/729 400/785/730 391/786/731
f 399/787/732 401/788/733 398/784/729
f 401/788/733 394/789/734 400/785/730
f 402/790/735 396/779/736 401/788/733
f 392/117/105 405/791/737 404/792/738
f 403/793/739 406/782/740 405/791/737
f 404/792/738 402/790/735 399/787/732
f 405/791/737 397/783/741 402/790/735
s 2
f 410/794/742 412/795/743 407/165/144
f 410/794/742 411/796/744 413/797/745
f 412/795/743 413/797/745 420/798/746
f 414/799/747 416/800/748 408/801/749
f 415/802/750 417/803/751 414/799/752
f 417/803/751 411/796/744 416/800/748
f 417/803/751 420/804/746 413/805/745
f 418/806/753 420/807/746 419/808/754
f 419/808/754 415/802/750 418/809/753
f 421/219/196 424/810/755 425/811/756
s 5
f 424/810/757 428/812/758 425/813/759
s 6
f 425/813/760 1876/814/761 427/815/761
s 5
f 425/816/759 426/817/762 1876/818/763
s 2
f 422/265/241 429/819/764 428/820/765
s 7
f 429/821/766 427/822/766 1876/818/767
s 5
f 428/820/758 429/819/768 425/816/759
s 2
f 432/823/769 435/824/770 436/825/771
s 8
f 435/826/772 1870/827/773 1879/828/774
s 2
f 434/235/212 439/829/775 440/830/776
s 9
f 439/829/777 435/831/778 440/832/779
s 10
f 1879/828/780 438/833/781 440/832/782
s 11
f 441/318/783 444/834/784 445/835/785
f 445/836/785 446/837/786 1877/838/787
s 12
f 442/839/788 447/840/788 444/841/789
s 13
f 447/842/790 1877/843/791 446/837/792
s 11
f 444/841/784 447/840/793 445/844/785
s 14
f 450/343/794 453/845/795 454/846/796
s 15
f 454/847/797 455/848/798 459/849/798
s 16
f 451/285/799 456/850/800 453/851/801
s 17
f 456/852/802 457/853/803 459/854/803
s 14
f 453/851/795 456/850/804 454/847/796
f 456/850/804 455/848/805 454/847/796
s 18
f 458/855/806 460/856/807 452/195/808
s 2
f 464/857/809 465/858/810 461/859/811
f 464/857/809 467/860/812 466/861/813
f 465/858/810 466/862/813 472/863/814
f 468/864/815 470/865/816 469/866/817
f 469/867/817 470/865/816 467/868/812
f 471/869/818 473/870/819 463/264/240
f 472/863/814 474/871/820 471/869/818
f 474/871/820 468/864/815 473/870/821
f 474/871/820 466/862/813 467/872/812
f 475/272/248 478/873/822 479/874/823
s 19
f 478/875/824 1878/876/825 480/877/826
s 2
f 477/270/246 483/878/827 484/879/828
s 19
f 483/878/829 478/880/824 484/881/830
s 20
f 484/881/831 1878/876/831 482/882/831
s 19
f 484/881/830 480/883/826 1878/876/825
s 2
f 488/884/832 489/885/833 485/886/834
f 488/884/832 491/887/835 490/888/836
f 489/885/833 490/889/836 496/890/837
f 493/891/838 494/892/839 492/893/840
s 21
f 492/894/841 494/892/841 491/895/841
s 2
f 495/896/842 497/897/843 487/284/259
f 496/890/837 498/898/844 495/896/842
f 498/898/844 493/891/838 497/897/843
f 498/898/844 490/889/836 491/899/835
f 499/198/175 503/900/845 502/901/846
s 22
f 503/902/847 1868/903/848 1869/904/849
s 2
f 502/901/846 503/905/845 507/906/850
f 501/293/268 506/907/851 503/908/852
s 23
f 506/907/853 507/906/853 503/909/853
s 24
f 1869/910/854 504/911/855 503/909/856
s 2
f 511/912/857 513/913/858 508/280/255
f 512/914/859 514/915/860 511/912/857
f 514/915/860 522/916/861 513/913/858
f 514/915/860 515/917/862 525/918/863
f 509/919/225 519/920/864 518/921/865
f 516/922/866 520/923/867 519/920/864
f 518/921/865 515/917/868 512/914/859
s 25
f 519/920/869 525/924/870 515/917/871
s 2
f 521/925/872 523/926/873 510/300/275
f 522/916/861 524/927/874 521/925/872
f 524/927/874 517/928/875 523/926/873
f 524/927/874 525/924/876 520/923/877
f 526/243/220 532/929/878 531/930/879
f 530/931/880 532/932/878 529/933/881
f 532/929/878 540/934/882 531/930/879
f 532/929/878 533/935/883 543/936/884
f 527/290/265 537/937/885 536/938/886
f 534/939/887 538/940/888 537/941/885
f 536/938/886 533/942/889 530/931/890
s 26
f 537/937/891 543/943/892 533/942/893
s 2
f 539/944/894 541/945/895 528/260/236
f 540/934/882 542/946/896 539/944/894
f 542/946/896 535/947/897 541/945/895
f 542/946/896 543/948/898 538/940/899
f 547/949/900 549/950/901 544/275/250
f 548/951/902 550/952/903 547/949/900
f 550/952/903 559/953/904 549/950/901
f 550/952/903 552/954/905 562/955/906
f 553/956/907 555/957/908 545/254/230
f 554/958/909 556/959/910 553/956/907
f 556/959/910 548/951/902 555/957/908
f 556/959/910 552/954/905 551/960/911
f 546/302/277 561/961/912 560/962/913
f 558/963/914 562/955/906 561/961/912
f 560/962/913 557/964/915 554/958/909
f 561/961/912 552/954/905 557/964/915
f 566/965/916 568/966/917 563/231/208
f 567/967/918 569/968/919 566/965/916
f 569/968/919 577/969/920 568/966/917
f 569/968/919 570/970/921 580/971/922
f 564/301/276 574/972/923 573/973/924
f 571/974/925 575/975/926 574/972/923
f 573/976/924 570/970/927 567/967/928
s 27
f 574/972/929 580/977/930 570/978/931
s 2
f 565/269/245 579/979/932 578/980/933
f 576/981/934 580/971/935 579/979/932
f 579/979/932 572/982/936 578/980/933
f 579/979/932 580/983/935 575/984/937
f 581/281/256 587/985/938 586/986/939
f 584/987/940 585/988/941 587/985/938
f 586/986/939 596/989/942 593/990/943
s 28
f 587/991/944 588/992/945 596/989/946
s 2
f 582/309/284 587/993/947 591/994/948
f 589/995/949 596/996/950 587/993/947
f 591/994/948 587/991/947 585/988/951
f 592/997/952 594/998/953 583/999/310
f 593/990/943 595/1000/954 592/997/952
f 595/1000/955 590/1001/956 594/998/953
f 600/1002/957 602/1003/958 597/321/296
f 601/1004/959 603/1005/960 600/1002/957
f 603/1005/960 611/1006/961 602/1003/958
f 603/1005/960 604/1007/962 614/1008/963
f 605/1009/964 607/1010/965 598/1011/311
f 606/1012/966 608/1013/967 605/1009/964
f 608/1013/967 601/1004/959 607/1010/965
f 608/1013/967 609/1014/968 604/1015/962
f 610/1016/969 612/1017/970 599/1018/971
f 611/1006/961 613/1019/972 610/1016/969
f 613/1019/972 606/1012/966 612/1017/970
f 614/1008/963 609/1014/968 613/1019/972
f 615/320/295 621/1020/973 620/1021/974
f 618/1022/975 622/1023/976 621/1020/973
s 29
f 620/1021/977 621/1024/977 629/1025/977
s 2
f 621/1020/973 622/1023/976 623/1026/978
f 624/1027/979 626/1028/980 616/1029/201
f 625/1030/981 627/1031/982 624/1027/979
f 627/1031/983 619/1032/984 626/1028/980
f 617/310/285 631/1033/985 630/1034/986
f 629/1025/987 631/1033/988 628/1035/989
f 630/1034/986 622/1036/990 625/1030/981
f 631/1033/988 623/1026/991 622/1036/990
f 635/1037/992 637/1038/993 632/1039/994
f 636/1040/995 638/1041/996 635/1037/992
f 638/1041/996 646/1042/997 637/1038/993
f 638/1041/996 639/1043/998 649/1044/999
f 640/1045/1000 642/1046/1001 633/314/289
f 641/1047/1002 643/1048/1003 640/1045/1000
f 643/1048/1003 636/1040/995 642/1046/1001
f 643/1048/1003 644/1049/1004 639/1050/998
f 645/1051/1005 647/1052/1006 634/1053/298
f 646/1042/997 648/1054/1007 645/1051/1005
f 648/1054/1007 641/1047/1002 647/1052/1006
f 649/1044/999 644/1049/1004 648/1054/1007
f 650/341/316 656/1055/1008 655/1056/1009
f 653/1057/1010 662/1058/1011 656/1055/1012
s 30
f 655/1056/1013 656/1059/1014 664/1060/1014
s 31
f 656/1055/1015 662/1058/1016 657/1061/1017
s 2
f 658/1062/1018 660/1063/1019 651/1064/302
f 659/1065/1020 661/1066/1021 658/1062/1018
f 661/1066/1022 654/1067/1023 660/1063/1019
f 652/312/287 666/1068/1024 665/1069/1025
s 32
f 664/1060/1026 666/1068/1027 663/1070/1028
s 2
f 665/1069/1025 662/1071/1029 659/1065/1020
s 32
f 666/1068/1027 657/1061/1030 662/1071/1031
s 2
f 667/212/189 672/1072/1032 671/1073/1033
f 670/1074/1034 673/1075/1035 672/1072/1032
f 671/1073/1033 684/1076/1036 681/1077/1037
f 672/1072/1032 674/1078/1038 684/1076/1036
f 668/315/290 678/1079/1039 677/1080/1040
f 675/1081/1041 679/1082/1042 678/1079/1039
f 677/1080/1043 673/1075/1044 670/1074/1045
f 678/1079/1039 674/1078/1038 673/1075/1044
f 680/1083/1046 682/1084/1047 669/1085/315
f 681/1077/1037 683/1086/1048 680/1083/1046
f 683/1086/1048 676/1087/1049 682/1084/1047
f 684/1076/1036 679/1082/1042 683/1086/1048
f 685/345/320 691/1088/1050 690/1089/1051
f 688/1090/1052 692/1091/1053 691/1088/1050
f 690/1089/1051 703/1092/1054 700/1093/1055
f 691/1088/1050 693/1094/1056 703/1092/1054
f 694/1095/1057 696/1096/1058 686/1097/192
f 695/1098/1059 697/1099/1060 694/1095/1057
f 697/1099/1060 689/1100/1061 696/1096/1058
f 698/1101/1062 692/1091/1063 697/1099/1060
f 687/1102/1064 702/1103/1065 701/1104/1066
f 700/1093/1067 702/1103/1065 699/1105/1068
f 701/1104/1066 698/1101/1062 695/1098/1059
f 702/1103/1065 693/1094/1069 698/1101/1062
f 707/1106/1070 709/1107/1071 704/332/307
f 708/1108/1072 710/1109/1073 707/1106/1070
f 710/1109/1073 718/1110/1074 709/1107/1071
f 710/1109/1073 711/1111/1075 721/1112/1076
f 712/1113/1077 714/1114/1078 705/303/278
f 713/1115/1079 715/1116/1080 712/1113/1077
f 715/1116/1080 708/1108/1072 714/1114/1078
f 716/1117/1081 711/1111/1075 715/1116/1080
f 717/1118/1082 719/1119/1083 706/1120/180
f 718/1110/1074 720/1121/1084 717/1118/1082
f 720/1121/1084 713/1115/1079 719/1119/1083
f 720/1121/1084 721/1122/1076 716/1117/1081
f 722/1123/1085 728/1124/1086 727/1125/1087
f 726/1126/1088 728/1124/1086 725/1127/1089
f 727/1125/1087 738/1128/1090 735/1129/1091
f 728/1124/1086 730/1130/1092 738/1128/1090
s 33
f 723/305/1093 730/1131/1094 733/1132/1095
f 733/1132/1095 729/1133/1096 726/1126/1097
s 2
f 734/1134/1098 736/1135/1099 724/1136/306
f 735/1129/1091 737/1137/1100 734/1134/1098
f 737/1137/1100 732/1138/1101 736/1135/1099
f 738/1128/1102 731/1139/1103 737/1137/1100
s 3
f 789/478/438 795/1140/1104 794/1141/1105
f 792/1142/1106 796/1143/1107 795/1140/1104
f 794/1141/1108 791/1144/1109 802/1145/1110
f 795/1140/1104 797/1146/1111 791/1144/1109
f 798/1147/1112 800/1148/1113 790/1149/1114
f 799/1150/1115 801/1151/1116 798/1147/1112
f 801/1151/1116 793/1152/1117 800/1148/1113
f 803/1153/1118 796/1143/1119 801/1151/1116
f 791/393/363 804/1154/1120 803/1155/1121
s 34
f 802/1156/1122 791/1157/1122 804/1154/1122
s 3
f 804/1158/1123 797/1146/1111 803/1153/1118
f 808/1159/1124 810/1160/1125 805/529/486
f 809/1161/1126 811/1162/1127 808/1159/1124
f 811/1162/1127 820/1163/1128 810/1160/1125
f 812/1164/1129 823/1165/1130 811/1162/1127
f 806/1166/364 817/1167/1131 816/1168/1132
f 814/1169/1133 818/1170/1134 817/1167/1131
f 816/1168/1132 812/1164/1129 809/1161/1126
f 817/1167/1131 813/1171/1135 812/1164/1129
f 807/513/470 822/1172/1136 821/1173/1137
f 819/1174/1138 823/1165/1130 822/1172/1136
f 821/1173/1137 818/1170/1134 815/1175/1139
f 822/1172/1136 813/1171/1135 818/1170/1134
f 839/1176/478 844/1177/1140 843/1178/1141
f 842/1179/1142 845/1180/1143 844/1177/1140
f 843/1178/1141 855/1181/1144 852/1182/1145
f 844/1177/1140 846/1183/1146 855/1181/1144
f 840/1184/1147 849/1185/1148 842/1186/1149
f 847/1187/1150 850/1188/1151 849/1185/1148
f 842/1186/1149 849/1185/1148 845/1189/1152
f 849/1185/1148 846/1190/1153 845/1189/1154
f 851/1191/1155 853/1192/1156 841/1193/1157
f 852/1182/1145 854/1194/1158 851/1191/1155
f 854/1194/1158 848/1195/1159 853/1192/1156
f 855/1181/1144 850/1196/1160 854/1194/1158
f 906/1197/1161 910/1198/1162 909/1199/1163
f 915/1200/1164 911/1201/1165 910/1198/1162
f 909/1199/1163 922/1202/1166 919/1203/1167
s 35
f 910/1198/1168 912/1204/1169 922/1202/1170
s 3
f 907/450/416 916/1205/1171 915/1206/1172
f 913/1207/1173 917/1208/1174 916/1209/1171
f 915/1210/1172 916/1209/1171 911/1201/1175
f 916/1209/1171 912/1204/1176 911/1201/1175
f 918/1211/1177 920/1212/1178 908/1213/475
f 919/1203/1179 921/1214/1180 918/1211/1177
f 921/1214/1180 914/1215/1181 920/1212/1178
f 922/1202/1182 917/1208/1174 921/1214/1180
f 923/532/489 929/1216/1183 928/1217/1184
f 926/1218/1185 930/1219/1186 929/1216/1183
f 928/1217/1184 941/1220/1187 938/1221/1188
f 929/1216/1183 931/1222/1189 941/1220/1187
f 924/1223/476 935/1224/1190 934/1225/1191
f 932/1226/1192 936/1227/1193 935/1228/1190
f 934/1225/1191 930/1219/1186 927/1229/1194
f 935/1224/1190 931/1222/1189 930/1219/1186
f 937/1230/1195 939/1231/1196 925/1232/1197
f 938/1221/1188 940/1233/1198 937/1234/1195
f 940/1235/1198 933/1236/1199 939/1231/1196
f 941/1220/1187 936/1237/1193 940/1233/1198
f 957/523/480 962/1238/1200 970/1239/1201
f 960/1240/1202 963/1241/1203 962/1238/1200
f 970/1239/1201 962/1238/1200 973/1242/1204
f 962/1238/1200 964/1243/1205 973/1242/1206
f 965/1244/1207 967/1245/1208 958/1246/1209
f 966/1247/1210 968/1248/1211 965/1244/1207
f 968/1248/1211 961/1249/1212 967/1245/1208
f 969/1250/1213 963/1241/1214 968/1248/1211
f 959/462/425 972/1251/1215 971/1252/1216
f 970/1253/1217 973/1242/1218 972/1251/1215
f 971/1252/1216 969/1250/1213 966/1247/1210
f 972/1251/1215 964/1243/1219 969/1250/1213
s 4
f 1024/1254/1220 1030/1255/1221 1029/1256/1222
f 1027/1257/1223 1031/1258/1224 1030/1255/1221
f 1029/1256/1222 1030/1255/1221 1041/1259/1225
f 1030/1255/1221 1032/1260/1226 1041/1259/1225
f 1033/1261/1227 1035/1262/1228 1025/1263/1229
f 1034/1264/1230 1036/1265/1231 1033/1261/1227
f 1036/1265/1231 1028/1266/1232 1035/1262/1228
f 1037/1267/1233 1031/1258/1224 1036/1265/1231
f 1026/1268/534 1040/1269/1234 1039/1270/1235
f 1038/1271/1236 1041/1259/1237 1040/1269/1234
f 1039/1270/1235 1037/1267/1238 1034/1264/1239
f 1040/1269/1234 1032/1260/1240 1037/1267/1238
f 1062/1272/648 1067/1273/1241 1066/1274/1242
f 1065/1275/1243 1068/1276/1244 1067/1273/1241
f 1066/1274/1242 1079/1277/1245 1076/1278/1246
f 1067/1273/1241 1069/1279/1247 1079/1277/1245
f 1063/1280/1248 1073/1281/1249 1072/1282/1250
f 1070/1283/1251 1074/1284/1252 1073/1285/1249
f 1072/1286/1253 1068/1276/1254 1065/1275/1255
f 1073/1285/1249 1069/1279/1256 1068/1276/1254
f 1075/1287/1257 1077/1288/1258 1064/1289/1259
f 1076/1278/1246 1078/1290/1260 1075/1287/1257
f 1078/1290/1260 1071/1291/1261 1077/1288/1258
f 1079/1277/1245 1074/1284/1262 1078/1290/1260
f 1130/670/613 1135/1292/1263 1134/1293/1264
f 1133/1294/1265 1136/1295/1266 1135/1292/1263
f 1134/1293/1264 1146/1296/1267 1143/1297/1268
f 1135/1292/1263 1137/1298/1269 1146/1296/1267
f 1131/639/588 1140/1299/1270 1133/1300/1271
f 1138/1301/1272 1141/1302/1273 1140/1299/1270
f 1133/1300/1271 1140/1299/1270 1136/1295/1274
f 1140/1299/1270 1137/1298/1275 1136/1295/1276
f 1142/1303/1277 1144/1304/1278 1132/704/645
f 1143/1297/1268 1145/1305/1279 1142/1303/1277
f 1145/1305/1279 1139/1306/1280 1144/1304/1278
f 1146/1296/1281 1141/1302/1273 1145/1305/1279
f 1167/709/650 1172/1307/1282 1180/1308/1283
f 1170/1309/1284 1173/1310/1285 1172/1307/1282
f 1180/1308/1283 1172/1307/1282 1183/1311/1286
f 1172/1307/1282 1174/1312/1287 1183/1311/1288
f 1175/1313/1289 1177/1314/1290 1168/1315/1291
f 1176/1316/1292 1178/1317/1293 1175/1313/1289
f 1178/1317/1293 1171/1318/1294 1177/1314/1290
f 1179/1319/1295 1173/1310/1296 1178/1317/1293
f 1169/651/597 1182/1320/1297 1181/1321/1298
f 1180/1322/1299 1183/1311/1300 1182/1320/1297
f 1181/1321/1298 1179/1319/1295 1176/1316/1292
f 1182/1320/1297 1174/1312/1301 1179/1319/1295
s 2
f 1420/1323/1302 1422/1324/1303 1417/291/266
f 1421/1325/1304 1423/1326/1305 1420/1323/1302
f 1422/1324/1303 1433/1327/1306 1430/1328/1307
f 1424/1329/1308 1433/1327/1306 1423/1326/1305
f 1418/342/317 1425/1330/1309 1427/1331/1310
f 1425/1332/1309 1426/1333/1311 1428/1334/1312
f 1427/1331/1310 1424/1329/1313 1421/1325/1304
f 1425/1330/1309 1428/1335/1312 1424/1329/1313
f 1429/1336/1314 1431/1337/1315 1419/287/262
f 1430/1328/1307 1432/1338/1316 1429/1336/1314
f 1432/1338/1316 1426/1333/1311 1431/1337/1315
f 1432/1338/1316 1433/1327/1306 1428/1334/1317
f 1477/1339/1318 1479/1340/1319 1474/1341/1320
f 1478/1342/1321 1480/1343/1322 1477/1339/1318
f 1480/1343/1322 1488/1344/1323 1479/1340/1319
f 1480/1343/1322 1481/1345/1324 1491/1346/1325
f 1482/1347/1326 1484/1348/1327 1475/307/282
f 1483/1349/1328 1485/1350/1329 1482/1347/1326
f 1484/1348/1327 1481/1351/1324 1478/1342/1321
f 1485/1350/1329 1486/1352/1330 1481/1351/1324
f 1487/1353/1331 1489/1354/1332 1476/1355/191
f 1487/1353/1331 1491/1346/1333 1490/1356/1334
f 1489/1354/1332 1486/1352/1330 1483/1349/1328
f 1491/1346/1325 1486/1352/1330 1490/1356/1334
s 1
f 219/25/22 1186/1357/1335 222/1358/1336
f 222/1358/1336 1187/1359/1337 221/1360/1338
f 221/1360/1339 1188/1361/1340 220/1362/1341
f 1188/1363/1340 218/182/161 220/1364/1341
f 1184/24/21 205/1365/1342 1186/1357/1335
f 1186/1357/1335 206/1366/1343 1187/1359/1337
f 1187/1359/1344 207/1367/1345 1188/1361/1340
f 207/1368/1345 1185/141/124 1188/1363/1340
f 1189/61/56 227/1369/1346 224/8/7
f 1191/1370/1347 226/1371/1348 227/1369/1346
f 1192/1372/1349 225/1373/1350 226/1371/1351
f 225/1374/1350 1190/119/107 223/21/18
f 208/193/170 1191/1370/1347 1189/61/56
f 210/1375/1352 1192/1372/1353 1191/1370/1347
f 211/1376/1354 1193/1377/1355 1192/1372/1349
f 1193/1378/1355 209/18/15 1190/119/107
f 1194/131/116 202/1379/1356 199/3/3
f 1196/1380/1357 201/1381/1358 202/1379/1356
f 1197/1382/1359 200/1383/1360 201/1381/1361
f 200/1384/1360 1195/4/4 198/16/13
f 219/25/22 1196/1380/1357 1194/131/116
f 222/1358/1336 1197/1382/1362 1196/1380/1357
f 221/1360/1339 1198/1385/1363 1197/1382/1359
f 1198/1386/1363 218/182/161 1195/4/4
f 214/160/140 1201/1387/1364 217/1388/1365
f 217/1388/1365 1202/1389/1366 216/1390/1367
f 216/1390/1368 1203/1391/1369 215/1392/1370
f 1203/1393/1369 213/10/8 215/1394/1370
f 1199/26/23 227/1369/1346 1201/1387/1364
f 1201/1387/1364 226/1371/1348 1202/1389/1366
f 1202/1389/1371 225/1373/1350 1203/1391/1369
f 225/1374/1350 1200/23/20 1203/1393/1369
f 229/161/141 1206/1395/1372 232/1396/1373
f 232/1396/1373 1207/1397/1374 231/1398/1375
f 231/1398/1376 1208/1399/1377 230/1400/1378
f 1208/1401/1377 228/29/25 230/1402/1378
f 1204/155/136 217/1388/1365 1206/1395/1372
f 1206/1395/1372 216/1390/1367 1207/1397/1374
f 1207/1397/1379 215/1392/1370 1208/1399/1377
f 215/1394/1370 1205/12/10 1208/1401/1377
f 203/15/12 1211/1403/1380 205/1365/1342
f 205/1365/1342 1212/1404/1381 206/1366/1343
f 206/1366/1382 1213/1405/1383 207/1367/1345
f 1213/1406/1383 204/35/31 207/1368/1345
f 1209/14/11 235/1407/1384 1211/1403/1380
f 1211/1403/1380 236/1408/1385 1212/1404/1381
f 1212/1404/1386 237/1409/1387 1213/1405/1383
f 237/1410/1387 1210/33/29 1213/1406/1383
f 233/44/39 1216/1411/1388 235/1407/1384
f 235/1407/1384 1217/1412/1389 236/1408/1385
f 236/1408/1390 1218/1413/1391 237/1409/1387
f 1218/1414/1391 234/32/28 237/1410/1387
f 1214/53/48 245/1415/1392 1216/1411/1388
f 1216/1411/1388 246/1416/1393 1217/1412/1389
f 1217/1412/1394 247/1417/1395 1218/1413/1391
f 247/1418/1395 1215/30/26 1218/1414/1391
f 239/194/171 1221/1419/1396 242/1420/1397
f 242/1420/1397 1222/1421/1398 241/1422/1399
f 241/1422/1400 1223/1423/1401 240/1424/1402
f 1223/1425/1401 238/39/35 240/1426/1402
f 1219/186/164 232/1396/1373 1221/1419/1396
f 1221/1419/1396 231/1398/1375 1222/1421/1398
f 1222/1421/1403 230/1400/1378 1223/1423/1401
f 230/1402/1378 1220/37/33 1223/1425/1401
f 1224/172/151 269/1427/1404 266/170/149
f 1226/1428/1405 268/1429/1406 269/1427/1404
f 1227/1430/1407 267/1431/1408 268/1429/1406
f 1228/1432/1409 265/49/44 267/1433/1408
f 249/731/672 1226/1428/1405 1224/172/151
f 258/730/671 1227/1430/1407 1226/1428/1405
f 252/734/675 1228/1434/1409 1227/1430/1407
f 251/725/666 1225/135/118 1228/1434/1409
f 243/52/47 1231/1435/1410 245/1415/1392
f 245/1415/1392 1232/1436/1411 246/1416/1393
f 246/1416/1412 1233/1437/1413 247/1417/1395
f 247/1418/1395 1230/40/36 244/42/38
f 1229/154/135 269/1427/1404 1231/1435/1410
f 1231/1435/1414 268/1429/1406 1232/1436/1411
f 1232/1436/1415 267/1431/1408 1233/1437/1413
f 267/1433/1408 1230/40/36 1233/1438/1413
f 249/731/672 1236/1439/1416 256/729/670
f 256/729/670 1237/1440/1417 257/732/673
f 257/732/682 1238/1441/1418 262/740/678
f 262/737/678 1235/46/41 250/48/43
f 1234/171/150 242/1420/1397 1236/1439/1416
f 1236/1439/1416 241/1422/1399 1237/1440/1417
f 1237/1440/1419 240/1424/1402 1238/1441/1418
f 1238/1442/1418 238/39/35 1235/46/41
f 1239/69/63 210/1375/1352 208/193/170
f 1241/1443/1420 211/1376/1421 210/1375/1352
f 1242/1444/1422 212/1445/1423 211/1376/1354
f 212/1446/1423 1240/164/143 209/18/15
f 275/130/115 1241/1443/1420 1239/69/63
f 277/1447/1424 1242/1444/1425 1241/1443/1420
f 278/1448/1426 1243/1449/1427 1242/1444/1422
f 1243/1450/1427 276/58/53 1240/164/143
f 1244/1/1 274/1451/1428 271/179/158
f 1246/1452/1429 273/1453/1430 274/1451/1428
f 1247/1454/1431 272/1455/1432 273/1453/1433
f 272/1455/1432 1245/1456/49 270/1457/51
f 199/3/3 1246/1452/1429 1244/1/1
f 202/1379/1356 1247/1454/1434 1246/1452/1429
f 201/1381/1361 1248/1458/1435 1247/1454/1431
f 1248/1458/1435 198/1459/13 1245/1456/49
f 287/757/700 1251/1460/1436 298/755/698
f 298/755/698 1252/1461/1437 299/746/689
f 299/746/689 1253/1462/1438 289/742/685
f 289/742/685 1250/120/108 285/178/157
f 1249/145/127 282/1463/1439 1251/1460/1436
f 1251/1460/1436 283/1464/1440 1252/1461/1437
f 1252/1461/1437 284/1465/1441 1253/1462/1438
f 1253/1462/1438 281/1466/59 1250/120/108
f 1254/146/128 277/1447/1424 275/130/115
f 1256/1467/1442 278/1448/1443 277/1447/1424
f 1257/1468/1444 279/1469/1445 278/1448/1426
f 1258/1470/1446 276/58/53 279/1471/1445
f 287/757/700 1256/1467/1442 1254/146/128
f 300/756/699 1257/1468/1447 1256/1467/1442
f 294/759/1448 1258/1472/1446 1257/1468/1444
f 293/1473/694 1255/66/61 1258/1470/1446
f 1259/148/130 282/1463/1439 280/147/129
f 1261/1474/1449 283/1464/1440 282/1463/1439
f 1262/1475/1450 284/1465/1441 283/1464/1440
f 284/1465/1441 1260/1476/57 281/1466/59
f 271/179/158 1261/1474/1449 1259/148/130
f 274/1451/1428 1262/1475/1451 1261/1474/1449
f 273/1453/1433 1263/1477/1452 1262/1475/1450
f 272/1455/1432 1260/1476/57 1263/1477/1452
f 1264/144/126 327/1478/1453 324/71/64
f 1266/1479/1454 326/1480/1455 327/1478/1453
f 1267/1481/1456 325/1482/1457 326/1480/1455
f 1268/1483/1458 323/192/169 325/1482/1457
f 308/91/83 1266/1479/1454 1264/144/126
f 310/1484/1459 1267/1481/1456 1266/1479/1454
f 311/1485/1460 1268/1483/1458 1267/1481/1456
f 312/1486/1461 1265/191/168 1268/1483/1458
f 329/85/77 1271/1487/1462 332/1488/1463
f 332/1488/1463 1272/1489/1464 331/1490/1465
f 331/1490/1465 1273/1491/1466 330/1492/1467
f 330/1492/1467 1270/125/111 328/128/114
f 1269/84/76 315/1493/1468 1271/1487/1462
f 1271/1487/1462 316/1494/1469 1272/1489/1464
f 1272/1489/1464 317/1495/1470 1273/1491/1466
f 1273/1491/1466 314/126/112 1270/125/111
f 304/81/73 1276/1496/1471 307/1497/1472
f 307/1497/1472 1277/1498/1473 306/1499/1474
f 306/1499/1474 1278/1500/1475 305/1501/1476
f 305/1501/1476 1275/142/125 303/106/97
f 1274/72/65 327/1478/1453 1276/1496/1471
f 1276/1496/1471 326/1480/1455 1277/1498/1473
f 1277/1498/1473 325/1482/1457 1278/1500/1475
f 1278/1500/1475 323/192/169 1275/142/125
f 1279/86/78 322/1502/1477 319/127/113
f 1281/1503/1478 321/1504/1479 322/1502/1477
f 1282/1505/1480 320/1506/1481 321/1504/1479
f 1283/1507/1482 318/183/162 320/1506/1481
f 329/85/77 1281/1503/1478 1279/86/78
f 332/1488/1463 1282/1505/1480 1281/1503/1478
f 331/1490/1465 1283/1507/1482 1282/1505/1480
f 330/1492/1467 1280/163/142 1283/1507/1482
f 1284/77/69 337/1508/1483 334/157/137
f 1286/1509/1484 336/1510/1485 337/1508/1483
f 1287/1511/1486 335/1512/1487 336/1510/1485
f 1288/1513/1488 333/78/70 335/1512/1487
f 319/127/113 1286/1509/1484 1284/77/69
f 322/1502/1477 1287/1511/1486 1286/1509/1484
f 321/1504/1479 1288/1513/1488 1287/1511/1486
f 320/1506/1481 1285/94/86 1288/1513/1488
f 1289/92/84 310/1484/1459 308/91/83
f 1291/1514/1489 311/1485/1460 310/1484/1459
f 1292/1515/1490 312/1486/1461 311/1485/1460
f 1293/1516/1491 309/190/167 312/1486/1461
f 338/97/88 1291/1514/1489 1289/92/84
f 340/1517/1492 1292/1515/1490 1291/1514/1489
f 341/1518/1493 1293/1516/1491 1292/1515/1490
f 342/1519/1494 1290/74/67 1293/1516/1491
f 1294/98/89 340/1517/1492 338/97/88
f 1296/1520/1495 341/1518/1493 340/1517/1492
f 1297/1521/1496 342/1519/1494 341/1518/1493
f 1298/1522/1497 339/140/123 342/1519/1494
f 348/102/93 1296/1520/1495 1294/98/89
f 350/1523/1498 1297/1521/1496 1296/1520/1495
f 351/1524/1499 1298/1522/1497 1297/1521/1496
f 352/1525/1500 1295/184/163 1298/1522/1497
f 1299/93/85 347/1526/1501 344/187/165
f 1301/1527/1502 346/1528/1503 347/1526/1501
f 1302/1529/1504 345/1530/1505 346/1528/1503
f 1303/1531/1506 343/101/92 345/1530/1505
f 334/157/137 1301/1527/1502 1299/93/85
f 337/1508/1483 1302/1529/1504 1301/1527/1502
f 336/1510/1485 1303/1531/1506 1302/1529/1504
f 335/1512/1487 1300/80/72 1303/1531/1506
f 371/189/166 1306/1532/1507 374/1533/1508
f 374/1533/1508 1307/1534/1509 373/1535/1510
f 373/1535/1510 1308/1536/1511 372/1537/1512
f 372/1537/1512 1305/174/153 370/176/155
f 1304/1538/122 357/762/705 1306/1532/1507
f 1306/1532/1507 366/766/709 1307/1534/1509
f 1307/1534/1509 365/772/717 1308/1536/1511
f 1308/1536/1511 355/175/154 1305/174/153
f 1309/104/95 350/1523/1498 348/102/93
f 1311/1539/1513 351/1524/1499 350/1523/1498
f 1312/1540/1514 352/1525/1500 351/1524/1499
f 1313/1541/1515 349/181/160 352/1525/1500
f 371/189/166 1311/1539/1513 1309/104/95
f 374/1533/1508 1312/1540/1514 1311/1539/1513
f 373/1535/1510 1313/1541/1515 1312/1540/1514
f 372/1537/1512 1310/158/138 1313/1541/1515
f 1314/99/90 361/770/713 354/105/96
f 1316/1542/1516 362/775/720 361/770/713
f 1317/1543/1517 367/773/718 362/775/720
f 1318/1544/1518 355/175/154 367/773/718
f 344/187/165 1316/1542/1516 1314/99/90
f 347/1526/1501 1317/1543/1517 1316/1542/1516
f 346/1528/1503 1318/1544/1518 1317/1543/1517
f 345/1530/1505 1315/173/152 1318/1544/1518
f 313/88/80 1321/1545/1519 315/1493/1468
f 315/1493/1468 1322/1546/1520 316/1494/1469
f 316/1494/1469 1323/1547/1521 317/1495/1470
f 317/1495/1470 1320/168/147 314/126/112
f 1319/109/98 382/1548/1522 1321/1545/1519
f 1321/1545/1519 383/1549/1523 1322/1546/1520
f 1322/1546/1520 384/1550/1524 1323/1547/1521
f 1323/1547/1521 381/132/117 1320/168/147
f 376/111/100 1326/1551/1525 379/1552/1526
f 379/1552/1526 1327/1553/1527 378/1554/1528
f 378/1554/1528 1328/1555/1529 377/1556/1530
f 377/1556/1530 1325/115/103 375/114/102
f 1324/82/74 307/1497/1472 1326/1551/1525
f 1326/1551/1525 306/1499/1474 1327/1553/1527
f 1327/1553/1527 305/1501/1476 1328/1555/1529
f 1328/1555/1529 303/106/97 1325/115/103
f 1329/124/110 393/1557/724 390/180/159
f 1331/1558/1531 394/789/734 393/778/724
f 1332/1559/1532 400/785/730 394/789/734
f 1333/1560/1533 391/786/731 400/785/730
f 385/118/106 1331/1558/1531 1329/1561/110
f 387/1562/1534 1332/1559/1532 1331/1558/1531
f 388/1563/1535 1333/1560/1533 1332/1559/1532
f 389/1564/1536 1330/152/134 1333/1560/1533
f 380/110/99 1336/1565/1537 382/1548/1522
f 382/1548/1522 1337/1566/1538 383/1549/1523
f 383/1549/1523 1338/1567/1539 384/1550/1524
f 384/1550/1524 1335/151/133 381/132/117
f 1334/116/104 404/792/738 1336/1565/1537
f 1336/1565/1537 399/787/732 1337/1566/1538
f 1337/1566/1538 398/784/729 1338/1567/1539
f 1338/1567/1539 391/786/731 1335/151/133
f 385/118/106 1341/1568/1540 387/1562/1534
f 387/1562/1534 1342/1569/1541 388/1563/1535
f 388/1563/1535 1343/1570/1542 389/1564/1536
f 389/1564/1536 1340/150/132 386/149/131
f 1339/112/101 379/1552/1526 1341/1568/1540
f 1341/1568/1540 378/1554/1528 1342/1569/1541
f 1342/1569/1541 377/1556/1530 1343/1570/1542
f 1343/1570/1542 375/114/102 1340/150/132
f 392/117/105 1346/1571/1543 403/1572/739
f 403/777/723 1345/177/156 390/180/159
f 1344/67/62 295/750/1544 1346/1571/1543
s 36
f 1346/1573/1545 295/1574/1546 288/743/1545
s 1
f 1346/1575/1547 285/178/157 1345/177/156
f 1347/47/42 261/1576/1548 250/48/43
f 1349/1577/1549 248/722/663 261/724/665
f 354/105/96 1349/1578/1550 1347/47/42
f 356/1579/706 1348/136/119 1349/1577/1549
s 2
f 528/260/236 1352/1580/1551 539/944/894
f 539/944/894 1353/1581/1552 540/934/882
f 1353/1581/1552 531/930/879 540/934/882
f 1354/1582/1553 526/243/220 531/930/879
f 1350/259/235 549/950/901 1352/1580/1551
f 1352/1580/1551 559/953/904 1353/1581/1552
f 559/953/904 1354/1582/1553 1353/1581/1552
f 558/963/914 1351/261/237 1354/1582/1553
f 1355/253/229 553/956/907 545/254/230
f 1357/1583/1554 554/958/909 553/956/907
f 554/958/909 1359/1584/1555 560/962/913
f 560/962/913 1356/240/217 546/302/277
f 563/231/208 1357/1583/1554 1355/253/229
f 568/966/917 1358/1585/1556 1357/1583/1554
f 1358/1585/1556 576/981/934 1359/1584/1555
f 1359/1584/1555 565/269/245 1356/240/217
f 1360/288/263 571/974/925 564/301/276
f 1362/1586/1557 572/1587/1558 571/974/925
f 572/1587/936 1363/1588/1559 578/1589/933
f 578/980/933 1361/242/219 565/269/245
f 1360/288/263 536/938/886 1362/1586/1560
f 1362/1586/1557 530/931/890 1363/1590/1561
f 1363/1590/1561 530/931/890 529/933/1562
f 1363/1591/1563 526/243/220 1361/242/219
f 510/300/275 1366/1592/1564 521/925/872
f 521/925/872 1367/1593/1565 522/916/861
f 1367/1593/1565 513/913/858 522/916/861
f 1368/1594/1566 508/280/255 513/913/858
f 1364/297/272 555/957/908 1366/1592/1564
f 1366/1592/1564 548/951/902 1367/1593/1565
f 548/951/902 1368/1594/1566 1367/1593/1565
f 547/949/900 1365/274/249 1368/1594/1566
f 1369/289/264 534/1595/887 527/290/265
f 1371/1596/1567 535/947/897 534/939/887
f 535/947/897 1372/1597/1568 541/945/895
f 1372/1597/1569 528/260/236 541/945/895
f 1369/289/264 518/1598/865 1371/1599/1570
f 1371/1596/1567 512/914/859 1372/1600/1568
f 1372/1600/1568 512/914/859 511/912/857
f 1372/1597/1569 508/280/255 1370/228/205
f 1373/251/227 516/1601/866 509/249/225
f 1375/1602/1571 517/928/1572 516/922/866
f 517/928/875 1376/1603/1573 523/926/873
f 1376/1603/1573 510/300/275 523/926/873
f 1373/251/227 573/973/924 1375/1604/1571
f 1375/1602/1571 567/967/928 1376/1605/1574
f 1376/1605/1573 567/967/918 566/965/916
f 1376/1603/1573 563/231/208 1374/230/207
f 432/823/769 1379/1606/1575 435/826/770
f 435/826/770 1380/1607/1576 1870/1608/1577
f 1870/1608/1577 1381/1609/1578 437/1610/1579
f 437/1610/1579 1378/246/222 433/316/291
f 407/165/144 1379/1606/1575 1377/209/186
f 412/795/743 1380/1607/1576 1379/1606/1575
f 420/798/1580 1381/1609/1578 1380/1607/1576
f 418/806/1581 1378/246/222 1381/1609/1578
f 1382/258/234 448/1611/1582 443/216/193
f 1384/1612/1583 1877/838/1584 448/1611/1582
f 1385/1613/1585 445/835/1586 1877/838/1584
f 1386/1614/1587 441/318/293 445/835/1586
f 1382/258/234 418/809/1581 1384/1612/1583
f 1384/1612/1583 415/802/1588 1385/1613/1585
f 1385/1613/1585 414/799/747 1386/1614/1587
f 1386/1614/1587 408/801/749 1383/236/213
f 1387/317/292 437/1615/1579 433/316/291
f 1389/1616/1589 438/833/1590 437/1615/1579
f 1390/1617/1591 440/830/776 438/833/1590
f 1391/1618/1592 434/235/212 440/830/776
f 1387/317/292 448/1619/1582 1389/1616/1589
f 1389/1616/1589 449/1620/1593 1390/1617/1591
f 1390/1617/1591 447/842/1594 1391/1618/1592
f 1391/1618/1592 442/839/1595 1388/233/210
f 461/859/811 1394/1621/1596 464/857/809
f 464/857/809 1395/1622/1597 467/868/812
f 467/868/1598 1396/1623/1599 469/867/1600
f 469/867/1600 1393/278/253 462/322/297
f 421/219/196 1394/1621/1596 1392/299/274
f 425/811/756 1395/1622/1597 1394/1621/1596
f 427/815/1601 1396/1623/1599 1395/1622/1597
f 430/1624/1602 1393/278/253 1396/1623/1599
f 475/272/248 1399/1625/1603 478/875/822
f 478/875/822 1400/1626/1604 1878/1627/1605
f 1878/1627/1605 1401/1628/1606 481/1629/1607
f 481/1629/1607 1398/338/313 476/206/183
f 463/264/240 1399/1625/1603 1397/262/238
f 473/870/819 1400/1626/1604 1399/1625/1603
f 468/864/1608 1401/1628/1606 1400/1626/1604
f 469/866/1600 1398/338/313 1401/1628/1606
f 1402/208/185 481/1630/1607 476/206/183
f 1404/1631/1609 482/882/1610 481/1630/1607
f 1405/1632/1611 484/879/828 482/882/1610
f 1406/1633/1612 477/270/246 484/879/828
f 1402/208/185 430/1634/1602 1404/1631/1609
f 1404/1631/1609 427/822/1613 1405/1632/1611
f 1405/1632/1611 429/821/764 1406/1633/1612
f 1406/1633/1612 422/265/241 1403/267/243
f 1407/256/232 458/855/1614 452/195/172
f 1409/1635/1615 1410/1636/1616 459/1637/1617
f 1410/1636/1618 454/846/1619 459/1637/1620
f 1411/1638/1621 450/343/318 454/846/1619
f 1407/256/232 492/894/840 1409/1635/1615
f 1409/1635/1615 491/895/1622 1410/1636/1616
f 1410/1636/1618 488/884/832 1411/1638/1621
f 1411/1638/1621 485/886/834 1408/294/269
f 1412/328/303 492/893/840 486/279/254
f 1414/1639/1623 493/891/838 492/893/840
f 1415/1640/1624 497/897/843 493/891/838
f 1416/1641/1625 487/284/259 497/897/843
f 1412/328/303 505/1642/1626 1414/1639/1623
f 1414/1639/1623 1868/1643/1627 1415/1640/1624
f 1415/1640/1624 503/902/845 1416/1641/1625
f 1416/1641/1625 499/198/175 1413/200/177
f 1418/342/317 505/1644/1626 500/329/304
f 1427/1331/1310 504/911/1628 505/1644/1626
f 1421/1325/1304 503/908/1629 504/911/1628
f 1420/1323/1302 501/293/268 503/908/852
f 1418/342/317 460/856/1630 1425/1332/1309
f 1425/1332/1309 457/853/1631 1426/1333/1311
f 1426/1333/1311 456/852/1632 1431/1337/1315
f 1431/1337/1315 451/285/260 1419/287/262
f 583/999/310 1436/1645/1633 592/997/952
f 592/997/952 1437/1646/1634 593/990/943
f 593/990/943 1438/1647/1635 586/986/939
f 586/986/939 1435/282/257 581/281/256
f 1434/1648/309 607/1010/965 1436/1645/1633
f 1436/1645/1633 601/1004/959 1437/1646/1634
f 1437/1646/1634 600/1002/957 1438/1647/1635
f 1438/1647/1635 597/321/296 1435/282/257
f 1439/308/283 618/1022/975 615/320/295
f 1441/1649/1636 619/1032/984 618/1022/975
f 1442/1650/1637 626/1028/980 619/1032/984
f 1443/1651/1638 616/1029/201 626/1028/980
f 599/1018/971 1441/1649/1636 1439/308/283
f 612/1017/970 1442/1650/1637 1441/1649/1636
f 606/1012/966 1443/1651/1638 1442/1650/1637
f 605/1652/964 1440/222/199 1443/1653/1638
f 1444/311/286 589/995/949 582/309/284
f 1446/1654/1639 590/1001/956 589/995/949
f 1447/1655/1640 594/998/953 590/1001/956
f 1448/1656/1641 583/999/310 594/998/953
f 1444/311/286 630/1034/986 1446/1654/1639
f 1446/1654/1639 625/1030/981 1447/1655/1640
f 1447/1655/1640 624/1027/979 1448/1656/1641
f 1448/1656/1641 616/1029/201 1445/1657/200
f 1449/1658/300 645/1051/1005 634/1053/298
f 1451/1659/1642 646/1042/997 645/1051/1005
f 1452/1660/1643 637/1038/993 646/1042/997
f 1453/1661/1644 632/1039/994 637/1038/993
f 651/1064/302 1451/1659/1642 1449/1658/300
f 660/1063/1019 1452/1660/1643 1451/1659/1642
f 654/1067/1023 1453/1661/1644 1452/1660/1643
f 653/1057/1010 1450/226/203 1453/1661/1644
f 669/1085/315 1456/1662/1645 680/1083/1046
f 680/1083/1046 1457/1663/1646 681/1077/1037
f 681/1077/1037 1458/1664/1647 671/1073/1033
f 671/1073/1033 1455/213/190 667/212/189
f 1454/1665/314 647/1052/1006 1456/1662/1645
f 1456/1662/1645 641/1047/1002 1457/1663/1646
f 1457/1663/1646 640/1045/1000 1458/1664/1647
f 1458/1664/1647 633/314/289 1455/213/190
f 1459/313/288 675/1081/1041 668/315/290
f 1461/1666/1648 676/1087/1049 675/1081/1041
f 1462/1667/1649 682/1084/1047 676/1087/1049
f 1463/1668/1650 669/1085/315 682/1084/1047
f 1459/313/288 665/1069/1025 1461/1666/1648
f 1461/1666/1648 659/1065/1020 1462/1667/1649
f 1462/1667/1649 658/1062/1018 1463/1668/1650
f 1463/1668/1650 651/1064/302 1460/1669/301
f 1464/333/308 688/1090/1052 685/345/320
f 1466/1670/1651 689/1100/1652 688/1090/1052
f 1467/1671/1653 696/1096/1058 689/1100/1061
f 1468/1672/1654 686/1097/192 696/1096/1058
f 704/332/307 1466/1670/1651 1464/333/308
f 709/1107/1071 1467/1671/1653 1466/1670/1651
f 718/1110/1074 1468/1672/1654 1467/1671/1653
f 717/1118/1082 1465/1673/182 1468/1672/1654
f 1469/202/179 712/1113/1077 705/303/278
f 712/1113/1077 1472/1674/1655 713/1115/1079
f 713/1115/1079 1473/1675/1656 719/1119/1083
f 719/1119/1083 1470/1676/305 706/1120/180
f 1469/202/179 727/1125/1087 1471/1677/1657
f 1471/1677/1657 735/1129/1091 1472/1674/1655
f 1472/1674/1655 734/1134/1098 1473/1675/1656
f 1473/1675/1656 724/1136/306 1470/1676/305
f 1474/1341/1320 731/1678/1658 723/305/280
f 1479/1340/1319 732/1138/1659 731/1678/1660
f 1488/1344/1661 736/1135/1099 732/1138/1101
f 1487/1353/1331 724/1136/306 736/1135/1099
f 1475/307/282 701/1104/1066 1482/1347/1326
f 1482/1347/1326 695/1098/1059 1483/1349/1328
f 1483/1349/1328 694/1095/1057 1489/1354/1332
f 1489/1354/1332 686/1097/192 1476/1355/191
f 1492/167/146 410/794/742 407/165/144
f 410/794/742 1495/1679/1662 411/796/1663
f 411/796/1663 1496/1680/1664 416/800/748
f 416/800/748 1493/237/214 408/801/749
f 597/321/296 1494/1681/1665 1492/167/146
f 1494/1681/1665 611/1006/961 1495/1679/1662
f 611/1006/961 1496/1680/1664 1495/1679/1662
f 1496/1680/1664 599/1018/971 1493/237/214
f 617/310/285 1499/1682/1666 628/1035/1667
f 628/1035/1667 1499/1683/1666 629/1025/1668
s 37
f 629/1025/1669 1500/1684/1670 620/1021/1671
s 2
f 1500/1684/1672 615/320/295 620/1021/974
f 442/839/1595 1499/1682/1666 1497/247/223
s 37
f 1499/1683/1673 444/834/1674 1500/1684/1670
s 2
f 1500/1684/1672 441/318/293 1498/319/294
f 1501/221/198 424/810/755 421/219/196
s 38
f 424/810/1675 1503/1685/1675 428/812/1676
s 2
f 428/820/765 1502/1686/1677 422/265/241
f 1501/221/198 655/1056/1009 1503/1687/1678
f 1503/1687/1678 655/1056/1009 664/1060/1679
f 1503/1685/1680 664/1060/1681 663/1070/1682
f 663/1070/1682 1502/1686/1677 1503/1688/1680
f 1504/1689/1683 670/1690/1034 667/212/189
f 670/1074/1045 1506/1691/1684 677/1080/1043
f 677/1080/1040 1505/271/247 668/315/290
f 1504/1689/1683 479/874/823 1506/1692/1685
s 39
f 1506/1693/1686 479/1694/1686 483/878/1686
s 2
f 483/878/827 1505/271/247 1506/1691/1687
f 487/284/259 1509/1695/1688 495/896/842
f 495/896/842 1510/1696/1689 496/890/837
f 496/890/837 1511/1697/1690 489/885/833
f 489/885/833 1508/295/270 485/886/834
f 1507/283/258 714/1114/1078 1509/1695/1688
f 1509/1695/1688 708/1108/1072 1510/1696/1689
f 708/1108/1072 1511/1697/1690 1510/1696/1689
f 707/1106/1070 1508/295/270 1511/1697/1690
f 687/1102/1064 1514/1698/1691 699/1105/1068
f 699/1105/1692 1515/1699/1693 700/1093/1694
f 700/1093/1695 1515/1700/1696 690/1089/1051
f 690/1089/1051 1513/344/319 685/345/320
f 1512/306/281 453/851/1697 1514/1698/1691
f 1514/1698/1691 453/1701/1697 1515/1699/1693
f 1515/1700/1696 450/343/318 1513/344/319
f 1516/210/187 584/987/940 581/281/256
f 584/987/940 1518/1702/1698 585/988/1699
f 585/988/1700 1518/1703/1701 591/994/948
f 591/994/948 1517/234/211 582/309/284
f 1516/210/187 436/825/771 1518/1704/1698
s 40
f 1518/1702/1702 436/1705/1702 439/829/1702
s 2
f 439/829/775 1517/234/211 1518/1703/1701
f 463/264/240 1521/1706/1703 471/869/818
f 471/869/818 1522/1707/1704 472/863/1705
f 1522/1707/1704 465/858/810 472/863/1705
f 1523/1708/1706 461/859/811 465/858/810
f 1519/263/239 642/1046/1001 1521/1706/1703
f 1521/1706/1703 636/1040/995 1522/1707/1704
f 636/1040/995 1523/1708/1706 1522/1707/1704
f 635/1037/992 1520/225/202 1523/1708/1706
f 501/293/268 1526/1709/1707 506/907/851
s 41
f 506/907/1708 1527/1710/1709 507/906/1710
s 2
f 507/906/1711 1528/1711/1712 502/901/1713
f 502/901/846 1525/201/178 499/198/175
f 1524/292/267 733/1132/1714 1526/1709/1707
s 41
f 1526/1709/1715 726/1126/1716 1527/1710/1709
s 2
f 1527/1710/1717 725/1127/1089 1528/1711/1712
f 1528/1711/1718 722/1123/1085 1525/201/178
s 3
f 760/370/342 1531/1712/1719 763/1713/1720
f 763/1713/1720 1532/1714/1721 762/1715/1722
f 762/1716/1723 1533/1717/1724 761/1718/1725
f 1533/1717/1724 759/525/482 761/1718/1725
f 1529/369/341 746/1719/1726 1531/1712/1719
f 1531/1712/1719 747/1720/1727 1532/1714/1721
f 1532/1721/1728 748/1722/1729 1533/1717/1724
f 748/1722/1729 1530/484/444 1533/1717/1724
f 1534/406/375 768/1723/1730 765/353/327
f 1536/1724/1731 767/1725/1732 768/1723/1730
f 1537/1726/1733 766/1727/1734 767/1728/1735
f 766/1727/1734 1535/464/427 764/366/338
f 749/536/493 1536/1724/1731 1534/406/375
f 751/1729/1736 1537/1730/1737 1536/1724/1731
f 752/1731/1738 1538/1732/1739 1537/1726/1733
f 1538/1732/1739 750/363/335 1535/464/427
f 1539/474/436 743/1733/1740 740/348/323
f 1541/1734/1741 742/1735/1742 743/1733/1740
f 1542/1736/1743 741/1737/1744 742/1738/1745
f 741/1737/1744 1540/349/324 739/361/333
f 760/370/342 1541/1734/1741 1539/474/436
f 763/1713/1720 1542/1739/1746 1541/1734/1741
f 762/1716/1723 1543/1740/1747 1542/1736/1743
f 1543/1740/1747 759/525/482 1540/349/324
f 755/503/461 1546/1741/1748 758/1742/1749
f 758/1742/1749 1547/1743/1750 757/1744/1751
f 757/1745/1752 1548/1746/1753 756/1747/1754
f 1548/1746/1753 754/355/328 756/1747/1754
f 1544/371/343 768/1723/1730 1546/1741/1748
f 1546/1741/1748 767/1725/1732 1547/1743/1750
f 1547/1748/1755 766/1727/1734 1548/1746/1753
f 766/1727/1734 1545/368/340 1548/1746/1753
f 770/504/462 1551/1749/1756 773/1750/1757
f 773/1750/1757 1552/1751/1758 772/1752/1759
f 772/1753/1760 1553/1754/1761 771/1755/1762
f 1553/1754/1761 769/374/345 771/1755/1762
f 1549/498/457 758/1742/1749 1551/1749/1756
f 1551/1749/1756 757/1744/1751 1552/1751/1758
f 1552/1756/1763 756/1747/1754 1553/1754/1761
f 756/1747/1754 1550/357/330 1553/1754/1761
f 744/360/332 1556/1757/1764 746/1719/1726
f 746/1719/1726 1557/1758/1765 747/1720/1727
f 747/1759/1766 1558/1760/1767 748/1722/1729
f 1558/1760/1767 745/380/351 748/1722/1729
f 1554/359/331 776/1761/1768 1556/1757/1764
f 1556/1757/1764 777/1762/1769 1557/1758/1765
f 1557/1758/1770 778/1763/1771 1558/1764/1767
f 778/1765/1771 1555/378/349 1558/1760/1767
f 774/389/359 1561/1766/1772 776/1761/1768
f 776/1761/1768 1562/1767/1773 777/1762/1769
f 777/1762/1774 1563/1768/1775 778/1763/1771
f 1563/1769/1775 775/377/348 778/1765/1771
f 1559/398/367 786/1770/1776 1561/1766/1772
f 1561/1766/1772 787/1771/1777 1562/1767/1773
f 1562/1767/1778 788/1772/1779 1563/1768/1775
f 788/1773/1779 1560/375/346 1563/1769/1775
f 780/537/494 1566/1774/1780 783/1775/1781
f 783/1776/1781 1567/1777/1782 782/1778/1783
f 782/1778/1784 1568/1779/1785 781/1780/1786
f 1568/1779/1785 779/384/355 781/1780/1786
f 1564/530/487 773/1750/1757 1566/1774/1780
f 1566/1781/1780 772/1753/1759 1567/1777/1782
f 1567/1777/1787 771/1755/1762 1568/1779/1785
f 771/1755/1762 1565/382/353 1568/1779/1785
f 1569/515/472 819/1174/1138 807/513/470
f 1571/1782/1788 820/1163/1128 819/1174/1138
f 1572/1783/1789 810/1160/1125 820/1163/1128
f 1573/1784/1790 805/529/486 810/1160/1125
f 790/1149/1114 1571/1782/1788 1569/515/472
f 800/1148/1113 1572/1783/1789 1571/1782/1788
f 793/1152/1117 1573/1784/1790 1572/1783/1789
f 792/1142/1106 1570/480/440 1573/1784/1790
f 784/397/366 1576/1785/1791 786/1770/1776
f 786/1770/1776 1577/1786/1792 787/1771/1777
f 787/1771/1793 1578/1787/1794 788/1772/1779
f 1578/1788/1794 785/387/358 788/1773/1779
f 1574/497/456 821/1173/1137 1576/1785/1791
f 1576/1785/1791 815/1175/1139 1577/1786/1792
f 815/1175/1795 1578/1787/1794 1577/1786/1796
f 814/1789/1133 1575/385/356 1578/1788/1794
f 790/1149/1114 1581/1790/1797 798/1147/1112
f 798/1791/1112 1582/1792/1798 799/1793/1115
f 799/1793/1799 1583/1794/1800 803/1155/1801
f 803/1155/1121 1580/391/361 791/393/363
f 1579/514/471 783/1775/1781 1581/1790/1797
f 1581/1795/1802 782/1778/1783 1582/1792/1798
f 1582/1792/1803 781/1780/1786 1583/1794/1800
f 1583/1794/1800 779/384/355 1580/391/361
f 1584/414/382 751/1729/1736 749/536/493
f 1586/1796/1804 752/1797/1805 751/1729/1736
f 1587/1798/1806 753/1799/1807 752/1731/1738
f 753/1799/1807 1585/507/464 750/363/335
f 829/473/435 1586/1796/1804 1584/414/382
f 831/1800/1808 1587/1801/1809 1586/1796/1804
f 832/1802/1810 1588/1803/1811 1587/1798/1806
f 1588/1803/1811 830/403/372 1585/507/464
f 1589/346/321 828/1804/1812 825/522/479
f 1591/1805/1813 827/1806/1814 828/1804/1812
f 1592/1807/1815 826/1808/1816 827/1809/1817
f 826/1808/1816 1590/399/368 824/401/370
f 740/348/323 1591/1805/1813 1589/346/321
f 743/1733/1740 1592/1810/1818 1591/1805/1813
f 742/1738/1745 1593/1811/1819 1592/1807/1815
f 1593/1811/1819 739/361/333 1590/399/368
f 841/1193/1157 1596/1812/1820 851/1191/1155
f 851/1191/1155 1597/1813/1821 852/1182/1145
f 852/1182/1145 1598/1814/1822 843/1178/1141
f 843/1178/1141 1595/1815/428 839/1176/478
f 1594/488/447 836/1816/1823 1596/1812/1820
f 1596/1812/1820 837/1817/1824 1597/1813/1821
f 1597/1813/1821 838/1818/1825 1598/1814/1822
f 1598/1819/1822 835/409/378 1595/465/428
f 1599/489/448 831/1800/1808 829/473/435
f 1601/1820/1826 832/1821/1827 831/1800/1808
f 1602/1822/1828 833/1823/1829 832/1802/1810
f 1603/1824/1830 830/403/372 833/1823/1829
f 841/1193/1157 1601/1820/1826 1599/489/448
f 853/1192/1156 1602/1825/1831 1601/1820/1826
f 848/1826/1832 1603/1824/1830 1602/1822/1828
f 847/1187/1150 1600/411/380 1603/1824/1830
f 1604/491/450 836/1816/1823 834/490/449
f 1606/1827/1833 837/1817/1824 836/1816/1823
f 1607/1828/1834 838/1829/1825 837/1830/1824
f 838/1829/1825 1605/407/376 835/409/378
f 825/522/479 1606/1827/1833 1604/491/450
f 828/1804/1812 1607/1831/1835 1606/1827/1833
f 827/1809/1817 1608/1832/1836 1607/1828/1834
f 826/1808/1816 1605/407/376 1608/1832/1836
f 1609/487/446 880/1833/1837 877/416/383
f 1611/1834/1838 879/1835/1839 880/1833/1837
f 1612/1836/1840 878/1837/1841 879/1835/1839
f 1613/1838/1842 876/535/492 878/1837/1841
f 861/436/402 1611/1834/1838 1609/487/446
f 863/1839/1843 1612/1836/1840 1611/1834/1838
f 864/1840/1844 1613/1838/1842 1612/1836/1840
f 865/1841/1845 1610/534/491 1613/1838/1842
f 882/430/396 1616/1842/1846 885/1843/1847
f 885/1843/1847 1617/1844/1848 884/1845/1849
f 884/1845/1849 1618/1846/1850 883/1847/1851
f 883/1847/1851 1615/468/431 881/471/434
f 1614/429/395 868/1848/1852 1616/1842/1846
f 1616/1842/1846 869/1849/1853 1617/1844/1848
f 1617/1844/1848 870/1850/1854 1618/1846/1850
f 1618/1846/1850 867/469/432 1615/468/431
f 857/426/392 1621/1851/1855 860/1852/1856
f 860/1852/1856 1622/1853/1857 859/1854/1858
f 859/1854/1858 1623/1855/1859 858/1856/1860
f 858/1856/1860 1620/485/445 856/451/417
f 1619/417/384 880/1833/1837 1621/1851/1855
f 1621/1851/1855 879/1835/1839 1622/1853/1857
f 1622/1853/1857 878/1837/1841 1623/1855/1859
f 1623/1855/1859 876/535/492 1620/485/445
f 1624/431/397 875/1857/1861 872/470/433
f 1626/1858/1862 874/1859/1863 875/1857/1861
f 1627/1860/1864 873/1861/1865 874/1859/1863
f 1628/1862/1866 871/526/483 873/1861/1865
f 882/430/396 1626/1858/1862 1624/431/397
f 885/1843/1847 1627/1860/1864 1626/1858/1862
f 884/1845/1849 1628/1862/1866 1627/1860/1864
f 883/1847/1851 1625/506/463 1628/1862/1866
f 1629/422/388 890/1863/1867 887/500/458
f 1631/1864/1868 889/1865/1869 890/1863/1867
f 1632/1866/1870 888/1867/1871 889/1865/1869
f 1633/1868/1872 886/423/389 888/1867/1871
f 872/470/433 1631/1864/1868 1629/422/388
f 875/1857/1861 1632/1866/1870 1631/1864/1868
f 874/1859/1863 1633/1868/1872 1632/1866/1870
f 873/1861/1865 1630/439/405 1633/1868/1872
f 1634/437/403 863/1839/1843 861/436/402
f 1636/1869/1873 864/1840/1844 863/1839/1843
f 1637/1870/1874 865/1841/1845 864/1840/1844
f 1638/1871/1875 862/533/490 865/1841/1845
f 891/442/408 1636/1869/1873 1634/437/403
f 893/1872/1876 1637/1870/1874 1636/1869/1873
f 894/1873/1877 1638/1871/1875 1637/1870/1874
f 895/1874/1878 1635/419/386 1638/1871/1875
f 1639/443/409 893/1872/1876 891/442/408
f 1641/1875/1879 894/1873/1877 893/1872/1876
f 1642/1876/1880 895/1874/1878 894/1873/1877
f 1643/1877/1881 892/483/443 895/1874/1878
f 901/447/413 1641/1875/1879 1639/443/409
f 903/1878/1882 1642/1876/1880 1641/1875/1879
f 904/1879/1883 1643/1877/1881 1642/1876/1880
f 905/1880/1884 1640/527/484 1643/1877/1881
f 1644/438/404 900/1881/1885 897/531/488
f 1646/1882/1886 899/1883/1887 900/1881/1885
f 1647/1884/1888 898/1885/1889 899/1883/1887
f 1648/1886/1890 896/446/412 898/1885/1889
f 887/500/458 1646/1882/1886 1644/438/404
f 890/1863/1867 1647/1884/1888 1646/1882/1886
f 889/1865/1869 1648/1886/1890 1647/1884/1888
f 888/1867/1871 1645/425/391 1648/1886/1890
f 1649/482/442 926/1218/1185 923/532/489
f 926/1218/1185 1652/1887/1891 927/1229/1892
f 927/1229/1194 1653/1888/1893 934/1225/1191
f 934/1225/1191 1650/1889/474 924/1223/476
f 1649/482/442 909/1199/1163 1651/1890/1894
f 1651/1890/1894 919/1203/1167 1652/1887/1891
f 1652/1887/1895 918/1211/1177 1653/1888/1893
f 1653/1888/1893 908/1213/475 1650/1889/474
f 1654/449/415 903/1878/1882 901/447/413
f 1656/1891/1896 904/1879/1883 903/1878/1882
f 1657/1892/1897 905/1880/1884 904/1879/1883
f 1658/1893/1898 902/524/481 905/1880/1884
f 925/1232/1197 1656/1891/1896 1654/449/415
f 939/1231/1196 1657/1892/1897 1656/1891/1896
f 933/1236/1199 1658/1893/1898 1657/1892/1897
f 932/1226/1192 1655/501/459 1658/1893/1898
f 1659/444/410 913/1894/1173 907/450/416
f 1661/1895/1899 914/1896/1181 913/1894/1173
f 1662/1897/1900 920/1212/1178 914/1215/1181
f 1663/1898/1901 908/518/475 920/1899/1178
f 897/531/488 1661/1895/1899 1659/444/410
f 900/1881/1885 1662/1900/1900 1661/1895/1899
f 899/1901/1887 1663/1902/1901 1662/1897/1900
f 898/1903/1889 1660/1904/473 1663/1902/1901
f 866/433/399 1666/1905/1902 868/1848/1852
f 868/1848/1852 1667/1906/1903 869/1849/1853
f 869/1849/1853 1668/1907/1904 870/1850/1854
f 870/1850/1854 1665/511/468 867/469/432
f 1664/454/418 949/1908/1905 1666/1905/1902
f 1666/1905/1902 950/1909/1906 1667/1906/1903
f 1667/1906/1903 951/1910/1907 1668/1907/1904
f 1668/1907/1904 948/475/437 1665/511/468
f 943/456/420 1671/1911/1908 946/1912/1909
f 946/1912/1909 1672/1913/1910 945/1914/1911
f 945/1914/1911 1673/1915/1912 944/1916/1913
f 944/1916/1913 1670/460/423 942/459/422
f 1669/427/393 860/1852/1856 1671/1911/1908
f 1671/1911/1908 859/1854/1858 1672/1913/1910
f 1672/1913/1910 858/1856/1860 1673/1915/1912
f 1673/1915/1912 856/451/417 1670/460/423
f 1674/467/430 960/1240/1202 957/523/480
f 1676/1917/1914 961/1249/1212 960/1240/1202
f 1677/1918/1915 967/1245/1208 961/1249/1212
f 1678/1919/1916 958/1246/1209 967/1245/1208
f 952/463/426 1676/1917/1914 1674/467/430
f 954/1920/1917 1677/1918/1915 1676/1917/1914
f 955/1921/1918 1678/1919/1916 1677/1918/1915
f 956/1922/1919 1675/495/454 1678/1919/1916
f 947/455/419 1681/1923/1920 949/1908/1905
f 949/1908/1905 1682/1924/1921 950/1909/1906
f 950/1909/1906 1683/1925/1922 951/1910/1907
f 951/1910/1907 1680/494/453 948/475/437
f 1679/461/424 971/1252/1216 1681/1923/1920
f 1681/1923/1920 966/1247/1210 1682/1924/1921
f 1682/1924/1921 965/1244/1207 1683/1925/1922
f 1683/1925/1922 958/1246/1209 1680/494/453
f 952/463/426 1686/1926/1923 954/1920/1917
f 954/1920/1917 1687/1927/1924 955/1921/1918
f 955/1921/1918 1688/1928/1925 956/1922/1919
f 956/1922/1919 1685/493/452 953/492/451
f 1684/457/421 946/1912/1909 1686/1926/1923
f 1686/1926/1923 945/1914/1911 1687/1927/1924
f 1687/1927/1924 944/1916/1913 1688/1928/1925
f 1688/1928/1925 942/459/422 1685/493/452
f 959/462/425 1691/1929/1926 970/1930/1217
f 970/1931/1201 1690/1932/477 957/1933/480
f 1689/412/381 842/1186/1927 1691/1929/1926
f 1691/1934/1928 839/1176/478 1690/1932/477
f 1692/392/362 802/1935/1929 791/393/363
s 42
f 1694/1936/1930 794/1141/1931 802/1145/1932
s 3
f 1695/1937/1933 789/478/438 794/1141/1105
f 907/450/416 1694/1938/1934 1692/392/362
s 42
f 1694/1936/1930 915/1939/1935 1695/1937/1936
s 3
f 915/1939/1164 1693/481/441 1695/1937/1933
f 925/1232/1197 1698/1940/1937 937/1230/1195
f 937/1234/1195 1699/1941/1938 938/1221/1188
f 938/1221/1188 1700/1942/1939 928/1217/1184
f 928/1217/1184 1697/528/485 923/532/489
f 1696/448/414 816/1943/1132 1698/1940/1937
f 1698/1944/1937 809/1161/1126 1699/1941/1938
f 1699/1941/1938 808/1159/1124 1700/1942/1939
f 1700/1942/1939 805/529/486 1697/528/485
s 4
f 995/559/513 1703/1945/1940 998/1946/1941
f 998/1947/1941 1704/1948/1942 997/1949/1943
f 997/1949/1944 1705/1950/1945 996/1951/1946
f 1705/1950/1945 994/711/652 996/1951/1946
f 1701/558/512 981/1952/1947 1703/1945/1940
f 1703/1953/1940 982/1954/1948 1704/1948/1942
f 1704/1948/1949 983/1955/1950 1705/1950/1945
f 983/1955/1950 1702/673/616 1705/1950/1945
f 1706/595/547 1003/1956/1951 1000/542/498
f 1708/1957/1952 1002/1958/1953 1003/1956/1951
f 1709/1959/1954 1001/1960/1955 1002/1958/1956
f 1001/1961/1955 1707/653/599 999/555/509
f 984/720/661 1708/1957/1952 1706/595/547
f 986/1962/1957 1709/1959/1958 1708/1957/1952
f 987/1963/1959 1710/1964/1960 1709/1959/1954
f 1710/1965/1960 985/552/506 1707/653/599
f 1711/663/608 978/1966/1961 975/510/467
f 1713/1967/1962 977/1968/1963 978/1969/1961
f 1714/1970/1964 976/1971/1965 977/1968/1966
f 976/1971/1965 1712/538/495 974/550/504
f 995/559/513 1713/1972/1962 1711/663/608
f 998/1947/1941 1714/1970/1967 1713/1967/1962
f 997/1949/1944 1715/1973/1968 1714/1970/1964
f 1715/1973/1968 994/711/652 1712/538/495
f 990/692/634 1718/1974/1969 993/1975/1970
f 993/1975/1970 1719/1976/1971 992/1977/1972
f 992/1977/1973 1720/1978/1974 991/1979/1975
f 1720/1980/1974 989/544/499 991/1981/1975
f 1716/560/514 1003/1956/1951 1718/1974/1969
f 1718/1974/1969 1002/1958/1953 1719/1976/1971
f 1719/1976/1976 1001/1960/1955 1720/1978/1974
f 1001/1961/1955 1717/557/511 1720/1980/1974
f 1005/693/635 1723/1982/1977 1008/1983/1978
f 1008/1983/1978 1724/1984/1979 1007/1985/1980
f 1007/1985/1981 1725/1986/1982 1006/1987/1983
f 1725/1988/1982 1004/563/516 1006/1989/1983
f 1721/687/629 993/1975/1970 1723/1982/1977
f 1723/1982/1977 992/1977/1972 1724/1984/1979
f 1724/1984/1984 991/1979/1975 1725/1986/1982
f 991/1981/1975 1722/546/501 1725/1988/1982
f 979/549/503 1728/1990/1985 981/1952/1947
f 981/1991/1947 1729/1992/1986 982/1954/1948
f 982/1954/1987 1730/1993/1988 983/1955/1950
f 1730/1993/1988 980/569/522 983/1955/1950
f 1726/548/502 1011/1994/1989 1728/1990/1985
f 1728/1995/1985 1012/1996/1990 1729/1992/1986
f 1729/1992/1991 1013/1997/1992 1730/1993/1988
f 1013/1997/1992 1727/567/520 1730/1993/1988
f 1009/578/530 1733/1998/1993 1011/1994/1989
f 1011/1999/1989 1734/2000/1994 1012/1996/1990
f 1012/1996/1995 1735/2001/1996 1013/1997/1992
f 1735/2001/1996 1010/566/519 1013/1997/1992
f 1731/587/539 1021/2002/1997 1733/1998/1993
f 1733/2003/1993 1022/2004/1998 1734/2000/1994
f 1734/2000/1999 1023/2005/2000 1735/2001/1996
f 1023/2005/2000 1732/564/517 1735/2001/1996
f 1015/721/662 1738/2006/2001 1018/2007/2002
f 1018/2007/2002 1739/2008/2003 1017/2009/2004
f 1017/2009/2005 1740/2010/2006 1016/2011/2007
f 1740/2012/2006 1014/573/526 1016/2013/2007
f 1736/714/655 1008/1983/1978 1738/2006/2001
f 1738/2006/2001 1007/1985/1980 1739/2008/2003
f 1739/2008/2008 1006/1987/1983 1740/2010/2006
f 1006/1989/1983 1737/571/524 1740/2012/2006
f 1741/701/642 1046/2014/2009 1043/699/640
f 1743/2015/2010 1045/2016/2011 1046/2014/2009
f 1744/2017/2012 1044/2018/2013 1045/2016/2011
f 1745/2019/2014 1042/583/535 1044/2020/2013
f 1025/1263/1229 1743/2015/2010 1741/701/642
f 1035/1262/1228 1744/2017/2012 1743/2015/2010
f 1028/1266/1232 1745/2021/2014 1744/2017/2012
f 1027/2022/1223 1742/667/610 1745/2019/2014
f 1019/586/538 1748/2023/2015 1021/2002/1997
f 1021/2024/1997 1749/2025/2016 1022/2004/1998
f 1022/2004/2017 1750/2026/2018 1023/2005/2000
f 1023/2005/2000 1747/574/527 1020/576/529
f 1746/686/628 1046/2014/2009 1748/2023/2015
f 1748/2027/2019 1045/2028/2011 1749/2025/2016
f 1749/2025/2020 1044/2020/2013 1750/2026/2018
f 1044/2020/2013 1747/574/527 1750/2026/2018
f 1025/1263/1229 1753/2029/2021 1033/1261/1227
f 1033/1261/1227 1754/2030/2022 1034/1264/1230
f 1034/1264/1239 1755/2031/2023 1039/1270/1235
f 1039/2032/1235 1752/580/532 1026/582/534
f 1751/700/641 1018/2007/2002 1753/2029/2021
f 1753/2029/2021 1017/2009/2004 1754/2030/2022
f 1754/2030/2024 1016/2011/2007 1755/2031/2023
f 1755/2033/2023 1014/573/526 1752/580/532
f 1756/603/554 986/1962/1957 984/720/661
f 1758/2034/2025 987/1963/2026 986/1962/1957
f 1759/2035/2027 988/2036/2028 987/1963/1959
f 988/2037/2028 1757/696/637 985/552/506
f 1052/662/607 1758/2034/2025 1756/603/554
f 1054/2038/2029 1759/2035/2030 1758/2034/2025
f 1055/2039/2031 1760/2040/2032 1759/2041/2027
f 1760/2040/2032 1053/592/544 1757/696/637
f 1761/508/465 1051/2042/2033 1048/708/649
f 1763/2043/2034 1050/2044/2035 1051/2045/2033
f 1764/2046/2036 1049/2047/2037 1050/2044/2038
f 1049/2047/2037 1762/588/540 1047/590/542
f 975/510/467 1763/2048/2034 1761/508/465
f 978/1969/1961 1764/2046/2039 1763/2043/2034
f 977/1968/1966 1765/2049/2040 1764/2046/2036
f 1765/2049/2040 974/550/504 1762/588/540
f 1064/1289/1259 1768/2050/2041 1075/1287/1257
f 1075/1287/1257 1769/2051/2042 1076/1278/1246
f 1076/2052/1246 1770/2053/2043 1066/2054/1242
f 1066/2054/1242 1767/654/600 1062/707/648
f 1766/677/619 1059/2055/2044 1768/2050/2041
f 1768/2050/2041 1060/2056/2045 1769/2051/2042
f 1769/2057/2042 1061/2058/2046 1770/2053/2043
f 1770/2053/2043 1058/598/550 1767/654/600
f 1771/678/620 1054/2038/2029 1052/662/607
f 1773/2059/2047 1055/2060/2048 1054/2038/2029
f 1774/2061/2049 1056/2062/2050 1055/2039/2031
f 1775/2063/2051 1053/592/544 1056/2062/2050
f 1064/1289/1259 1773/2059/2047 1771/678/620
f 1077/1288/1258 1774/2064/2052 1773/2059/2047
f 1071/2065/2053 1775/2063/2051 1774/2061/2049
f 1070/2066/1251 1772/600/552 1775/2063/2051
f 1776/680/622 1059/2055/2044 1057/679/621
f 1778/2067/2054 1060/2068/2045 1059/2069/2044
f 1779/2070/2055 1061/2058/2046 1060/2068/2045
f 1061/2058/2046 1777/596/548 1058/598/550
f 1048/708/649 1778/2071/2054 1776/680/622
f 1051/2045/2033 1779/2070/2056 1778/2067/2054
f 1050/2044/2038 1780/2072/2057 1779/2070/2055
f 1049/2047/2037 1777/596/548 1780/2072/2057
f 1781/676/618 1104/2073/2058 1101/605/555
f 1783/2074/2059 1103/2075/2060 1104/2073/2058
f 1784/2076/2061 1102/2077/2062 1103/2075/2060
f 1785/2078/2063 1100/719/660 1102/2077/2062
f 1085/625/574 1783/2074/2059 1781/676/618
f 1087/2079/2064 1784/2076/2061 1783/2074/2059
f 1088/2080/2065 1785/2078/2063 1784/2076/2061
f 1089/2081/2066 1782/718/659 1785/2078/2063
f 1106/619/568 1788/2082/2067 1109/2083/2068
f 1109/2083/2068 1789/2084/2069 1108/2085/2070
f 1108/2085/2070 1790/2086/2071 1107/2087/2072
f 1107/2087/2072 1787/657/603 1105/660/606
f 1786/618/567 1092/2088/2073 1788/2082/2067
f 1788/2082/2067 1093/2089/2074 1789/2084/2069
f 1789/2084/2069 1094/2090/2075 1790/2086/2071
f 1790/2086/2071 1091/658/604 1787/657/603
f 1081/615/564 1793/2091/2076 1084/2092/2077
f 1084/2092/2077 1794/2093/2078 1083/2094/2079
f 1083/2094/2079 1795/2095/2080 1082/2096/2081
f 1082/2096/2081 1792/674/617 1080/640/589
f 1791/606/556 1104/2073/2058 1793/2091/2076
f 1793/2091/2076 1103/2075/2060 1794/2093/2078
f 1794/2093/2078 1102/2077/2062 1795/2095/2080
f 1795/2095/2080 1100/719/660 1792/674/617
f 1796/620/569 1099/2097/2082 1096/659/605
f 1798/2098/2083 1098/2099/2084 1099/2097/2082
f 1799/2100/2085 1097/2101/2086 1098/2099/2084
f 1800/2102/2087 1095/712/653 1097/2101/2086
f 1106/619/568 1798/2098/2083 1796/620/569
f 1109/2083/2068 1799/2100/2085 1798/2098/2083
f 1108/2085/2070 1800/2102/2087 1799/2100/2085
f 1107/2087/2072 1797/695/636 1800/2102/2087
f 1801/611/560 1114/2103/2088 1111/689/631
f 1803/2104/2089 1113/2105/2090 1114/2103/2088
f 1804/2106/2091 1112/2107/2092 1113/2105/2090
f 1805/2108/2093 1110/612/561 1112/2107/2092
f 1096/659/605 1803/2104/2089 1801/611/560
f 1099/2097/2082 1804/2106/2091 1803/2104/2089
f 1098/2099/2084 1805/2108/2093 1804/2106/2091
f 1097/2101/2086 1802/628/577 1805/2108/2093
f 1806/626/575 1087/2079/2064 1085/625/574
f 1808/2109/2094 1088/2080/2065 1087/2079/2064
f 1809/2110/2095 1089/2081/2066 1088/2080/2065
f 1810/2111/2096 1086/717/658 1089/2081/2066
f 1115/631/580 1808/2109/2094 1806/626/575
f 1117/2112/2097 1809/2110/2095 1808/2109/2094
f 1118/2113/2098 1810/2111/2096 1809/2110/2095
f 1119/2114/2099 1807/608/558 1810/2111/2096
f 1811/632/581 1117/2112/2097 1115/631/580
f 1813/2115/2100 1118/2113/2098 1117/2112/2097
f 1814/2116/2101 1119/2114/2099 1118/2113/2098
f 1815/2117/2102 1116/672/615 1119/2114/2099
f 1125/636/585 1813/2115/2100 1811/632/581
f 1127/2118/2103 1814/2116/2101 1813/2115/2100
f 1128/2119/2104 1815/2117/2102 1814/2116/2101
f 1129/2120/2105 1812/713/654 1815/2117/2102
f 1816/627/576 1124/2121/2106 1121/715/656
f 1818/2122/2107 1123/2123/2108 1124/2121/2106
f 1819/2124/2109 1122/2125/2110 1123/2123/2108
f 1820/2126/2111 1120/635/584 1122/2125/2110
f 1111/689/631 1818/2122/2107 1816/627/576
f 1114/2103/2088 1819/2124/2109 1818/2122/2107
f 1113/2105/2090 1820/2126/2111 1819/2124/2109
f 1112/2107/2092 1817/614/563 1820/2126/2111
f 1148/716/657 1823/2127/2112 1151/2128/2113
f 1151/2128/2113 1824/2129/2114 1150/2130/2115
f 1150/2130/2115 1825/2131/2116 1149/2132/2117
f 1149/2132/2117 1822/703/644 1147/705/646
f 1821/671/614 1134/1293/1264 1823/2127/2112
f 1823/2127/2112 1143/1297/1268 1824/2129/2114
f 1824/2129/2114 1142/1303/1277 1825/2131/2116
f 1825/2131/2116 1132/704/645 1822/703/644
f 1826/638/587 1127/2118/2103 1125/636/585
f 1828/2133/2118 1128/2119/2104 1127/2118/2103
f 1829/2134/2119 1129/2120/2105 1128/2119/2104
f 1830/2135/2120 1126/710/651 1129/2120/2105
f 1148/716/657 1828/2133/2118 1826/638/587
f 1151/2128/2113 1829/2134/2119 1828/2133/2118
f 1150/2130/2115 1830/2135/2120 1829/2134/2119
f 1149/2132/2117 1827/690/632 1830/2135/2120
f 1831/633/582 1138/1301/1272 1131/639/588
f 1833/2136/2121 1139/1306/1280 1138/1301/1272
f 1834/2137/2122 1144/1304/1278 1139/1306/1280
f 1835/2138/2123 1132/704/645 1144/1304/1278
f 1121/715/656 1833/2136/2121 1831/633/582
f 1124/2121/2106 1834/2137/2122 1833/2136/2121
f 1123/2123/2108 1835/2138/2123 1834/2137/2122
f 1122/2125/2110 1832/702/643 1835/2138/2123
f 1090/622/571 1838/2139/2124 1092/2088/2073
f 1092/2088/2073 1839/2140/2125 1093/2089/2074
f 1093/2089/2074 1840/2141/2126 1094/2090/2075
f 1094/2090/2075 1837/697/638 1091/658/604
f 1836/643/590 1159/2142/2127 1838/2139/2124
f 1838/2139/2124 1160/2143/2128 1839/2140/2125
f 1839/2140/2125 1161/2144/2129 1840/2141/2126
f 1840/2141/2126 1158/664/609 1837/697/638
f 1153/645/592 1843/2145/2130 1156/2146/2131
f 1156/2146/2131 1844/2147/2132 1155/2148/2133
f 1155/2148/2133 1845/2149/2134 1154/2150/2135
f 1154/2150/2135 1842/649/595 1152/648/594
f 1841/616/565 1084/2092/2077 1843/2145/2130
f 1843/2145/2130 1083/2094/2079 1844/2147/2132
f 1844/2147/2132 1082/2096/2081 1845/2149/2134
f 1845/2149/2134 1080/640/589 1842/649/595
f 1846/656/602 1170/1309/1284 1167/709/650
f 1848/2151/2136 1171/1318/1294 1170/1309/1284
f 1849/2152/2137 1177/1314/1290 1171/1318/1294
f 1850/2153/2138 1168/1315/1291 1177/1314/1290
f 1162/652/598 1848/2151/2136 1846/656/602
f 1164/2154/2139 1849/2152/2137 1848/2151/2136
f 1165/2155/2140 1850/2153/2138 1849/2152/2137
f 1166/2156/2141 1847/684/626 1850/2153/2138
f 1157/644/591 1853/2157/2142 1159/2142/2127
f 1159/2142/2127 1854/2158/2143 1160/2143/2128
f 1160/2143/2128 1855/2159/2144 1161/2144/2129
f 1161/2144/2129 1852/683/625 1158/664/609
f 1851/650/596 1181/1321/1298 1853/2157/2142
f 1853/2157/2142 1176/1316/1292 1854/2158/2143
f 1854/2158/2143 1175/1313/1289 1855/2159/2144
f 1855/2159/2144 1168/1315/1291 1852/683/625
f 1162/652/598 1858/2160/2145 1164/2154/2139
f 1164/2154/2139 1859/2161/2146 1165/2155/2140
f 1165/2155/2140 1860/2162/2147 1166/2156/2141
f 1166/2156/2141 1857/682/624 1163/681/623
f 1856/646/593 1156/2146/2131 1858/2160/2145
f 1858/2160/2145 1155/2148/2133 1859/2161/2146
f 1859/2161/2146 1154/2150/2135 1860/2162/2147
f 1860/2162/2147 1152/648/594 1857/682/624
f 1169/651/597 1863/2163/2148 1180/2164/1299
f 1180/1308/2149 1862/706/647 1167/709/2150
f 1861/601/553 1072/1282/2151 1863/2163/2148
s 43
f 1863/2163/2152 1072/1282/2152 1065/2165/2152
s 4
f 1863/2166/2153 1062/707/648 1862/706/647
f 1864/581/533 1038/2167/2154 1026/582/534
s 44
f 1038/2167/2155 1866/2168/2156 1029/2169/2157
f 1029/2170/2157 1866/2171/2156 1867/2172/2158
s 4
f 1867/2172/2159 1024/1254/1220 1029/1256/1222
f 1131/639/588 1866/2173/2160 1864/581/533
s 44
f 1866/2171/2156 1133/2174/2161 1867/2172/2158
s 4
f 1133/2175/1265 1865/668/611 1867/2176/2159
s 45
f 481/1629/2162 482/2177/2163 1878/1627/2163
s 2
f 437/1610/1579 438/2178/1590 1870/1608/2164
f 1419/287/262 1873/2179/2165 1429/1336/1314
f 1429/1336/1314 1874/2180/2166 1430/1328/1307
f 1430/1328/1307 1875/2181/2167 1422/1324/1303
f 1422/1324/1303 1872/304/279 1417/291/266
f 1474/1341/1320 1875/2181/2167 1477/1339/1318
f 1477/1339/1318 1874/2180/2166 1478/1342/1321
f 1478/1342/1321 1873/2179/2165 1484/1348/1327
f 1484/1348/1327 1871/286/261 1475/307/282
s 11
f 447/840/793 446/2182/786 445/844/785
s 5
f 429/819/768 426/817/762 425/816/759
s 46
f 505/1642/2168 504/2183/2169 1868/1643/2170
s 47
f 430/1624/2171 427/815/2171 431/2184/2171
s 9
f 440/832/779 435/831/778 1879/828/2172
s 48
f 448/1611/2173 1877/838/2174 449/2185/2175
s 1
f 213/10/8 24/76/68 113/11/9
f 1220/37/33 107/36/32 23/38/34
f 238/39/35 23/38/34 114/45/40
f 105/6/6 20/5/5 324/71/64
f 10/73/66 309/190/167 1290/74/67
f 24/76/68 319/127/113 1284/77/69
f 333/78/70 8/95/66 97/79/71
f 103/55/50 16/17/14 304/81/73
f 15/83/75 102/87/79 1269/84/76
f 15/83/75 329/85/77 1279/86/78
f 102/87/79 14/20/17 313/88/80
f 115/89/81 1264/144/126 324/71/64
f 116/90/82 1289/92/84 308/91/83
f 19/31/27 338/97/88 1289/92/84
f 22/28/24 334/157/137 1299/93/85
f 1285/94/86 96/75/66 8/95/66
f 104/96/87 1294/98/89 338/97/88
f 18/41/37 348/102/93 1294/98/89
f 23/38/34 344/187/165 1314/99/90
f 1300/80/72 97/79/71 11/100/91
f 112/50/45 1309/104/95 348/102/93
f 25/103/94 371/189/166 1309/104/95
f 114/45/40 1314/99/90 354/105/96
f 303/106/97 1275/142/125 95/107/66
f 14/20/17 101/19/16 1319/109/98
f 101/19/16 13/60/55 380/110/99
f 111/63/58 17/57/52 376/111/100
f 99/113/66 12/134/66 375/114/102
f 13/60/55 109/59/54 1334/116/104
f 109/59/54 1344/67/62 392/117/105
f 21/65/60 111/63/58 1339/112/101
f 7/108/66 95/107/66 1270/125/111
f 108/22/19 1279/86/78 319/127/113
f 95/107/66 9/143/66 328/128/114
f 16/17/14 105/6/6 1274/72/65
f 381/132/117 1335/151/133 100/133/66
f 234/32/28 19/31/27 116/90/82
f 96/75/66 1290/74/67 339/140/123
f 1275/142/125 323/192/169 9/143/66
f 26/34/30 308/91/83 1264/144/126
f 100/133/66 1330/152/134 386/149/131
f 1335/151/133 391/786/731 1330/152/134
f 113/11/9 1284/77/69 334/157/137
f 11/100/91 349/181/160 1310/158/138
f 94/162/66 1280/163/142 328/128/114
f 10/73/66 318/183/162 1280/163/142
f 7/108/66 99/113/66 1325/115/103
s 2
f 407/165/144 1377/209/186 136/166/145
s 1
f 1320/168/147 381/132/117 12/134/66
f 1315/173/152 98/159/139 1305/174/153
f 98/159/139 1310/158/138 370/176/155
f 17/57/52 103/55/50 1324/82/74
f 12/134/66 100/133/66 1340/150/132
f 97/79/71 1295/184/163 349/181/160
f 318/183/162 10/73/66 96/75/66
f 8/95/66 339/140/123 1295/184/163
f 107/36/32 1299/93/85 344/187/165
f 309/190/167 10/73/66 94/162/66
f 1265/191/168 94/162/66 9/143/66
f 343/101/92 11/100/91 98/159/139
f 314/126/112 1320/168/147 99/113/66
s 2
f 452/195/172 1418/342/317 129/196/173
f 499/198/175 1525/201/178 135/199/176
f 1525/201/178 722/1123/1085 1469/202/179
f 706/203/180 1470/330/305 130/204/181
f 1377/209/186 432/823/769 1516/210/187
f 1465/205/182 130/204/181 1476/214/191
f 443/216/193 1387/317/292 123/217/194
f 1440/222/199 131/337/312 1445/223/200
f 27/227/204 528/260/236 1370/228/205
f 1388/233/210 133/248/224 1517/234/211
f 1383/236/213 408/801/749 1493/237/214
f 33/239/216 546/302/277 1356/240/217
f 34/197/174 129/196/173 1361/242/219
f 409/244/221 28/273/204 121/245/204
f 1388/233/210 442/839/1595 1497/247/223
f 509/249/225 1369/289/264 120/250/226
f 452/195/172 34/197/174 127/255/231
f 443/216/193 29/218/195 122/257/233
f 27/227/204 121/245/204 1350/259/235
f 34/197/174 526/243/220 1351/261/237
f 35/268/244 565/269/245 1361/242/219
f 35/268/244 128/241/218 1356/240/217
f 28/273/204 122/257/233 1365/274/249
f 29/218/195 508/280/255 1365/274/249
f 486/279/254 1407/256/232 127/255/231
f 29/218/195 123/217/194 1370/228/205
f 136/166/145 1516/210/187 581/281/256
f 1413/200/177 135/199/176 1507/283/258
f 451/285/260 1512/306/281 1871/286/261
f 1360/288/263 120/250/226 1369/289/264
f 28/273/204 544/275/250 1350/259/235
f 30/252/228 545/254/230 1364/297/272
f 32/232/209 125/298/273 1364/297/272
f 1373/251/227 120/250/226 1360/288/263
f 33/239/216 127/255/231 1351/261/237
f 135/199/176 1469/202/179 705/303/278
f 1512/306/281 687/1102/1064 1475/307/282
f 1493/237/214 599/1018/971 1439/308/283
f 133/248/224 1444/311/286 582/309/284
f 133/248/224 1497/247/223 617/310/285
f 433/316/291 27/227/204 123/217/194
f 441/318/293 1383/236/213 119/238/215
f 119/238/215 1439/308/283 615/320/295
f 136/166/145 1435/282/257 597/321/296
f 486/279/254 33/239/216 128/241/218
f 500/329/304 1412/328/303 128/241/218
f 1476/214/191 130/204/181 1470/330/305
f 409/244/221 1382/258/234 122/257/233
f 433/316/291 1378/246/222 121/245/204
f 1445/223/200 131/337/312 1434/334/309
f 598/336/311 1434/334/309 131/337/312
f 500/329/304 35/268/244 129/196/173
s 3
f 1540/349/324 759/525/482 55/350/325
f 754/355/328 59/421/387 164/356/329
f 739/361/333 1540/349/324 156/351/326
f 1560/375/346 155/441/407 54/376/347
f 769/374/345 57/373/344 158/381/352
f 1565/382/353 158/381/352 58/383/354
f 779/384/355 58/383/354 165/390/360
f 1580/391/361 165/390/360 1692/392/362
f 1590/399/368 739/361/333 51/362/334
f 824/401/370 1590/399/368 154/400/369
f 1605/407/376 824/401/370 52/402/371
f 156/351/326 55/350/325 877/416/383
f 45/418/385 862/533/490 1635/419/386
f 886/423/389 43/440/406 148/424/390
f 154/400/369 51/362/334 857/426/392
f 50/428/394 153/432/398 1614/429/395
f 153/432/398 49/365/337 866/433/399
f 166/434/400 1609/487/446 877/416/383
f 167/435/401 1634/437/403 861/436/402
f 54/376/347 891/442/408 1634/437/403
f 1630/439/405 147/420/385 43/440/406
f 155/441/407 1639/443/409 891/442/408
f 53/386/357 901/447/413 1639/443/409
f 58/383/354 897/531/488 1659/444/410
f 1645/425/391 148/424/390 46/445/411
f 163/395/365 1654/449/415 901/447/413
f 165/390/360 1659/444/410 907/450/416
f 856/451/417 1620/485/445 146/452/385
f 162/408/377 52/402/371 943/456/420
f 150/458/385 47/477/385 942/459/422
f 56/410/379 162/408/377 1684/457/421
f 42/453/385 146/452/385 1615/468/431
f 159/367/339 1624/431/397 872/470/433
f 146/452/385 44/486/385 881/471/434
f 51/362/334 156/351/326 1619/417/384
f 948/475/437 1680/494/453 151/476/385
f 775/377/348 54/376/347 167/435/401
f 147/420/385 1635/419/386 892/483/443
f 745/380/351 60/379/350 166/434/400
f 1620/485/445 876/535/492 44/486/385
f 60/379/350 861/436/402 1609/487/446
f 151/476/385 1675/495/454 953/492/451
f 1680/494/453 958/1246/1209 1675/495/454
f 164/356/329 1629/422/388 887/500/458
f 46/445/411 902/524/481 1655/501/459
f 145/505/385 1625/506/463 881/471/434
f 45/418/385 871/526/483 1625/506/463
f 42/453/385 150/458/385 1670/460/423
f 1665/511/468 948/475/437 47/477/385
f 1660/516/473 149/502/460 1650/517/474
f 149/502/460 1655/501/459 924/519/476
f 52/402/371 154/400/369 1669/427/393
f 785/387/358 53/386/357 155/441/407
f 47/477/385 151/476/385 1685/493/452
f 148/424/390 1640/527/484 902/524/481
f 1530/484/444 166/434/400 55/350/325
f 871/526/483 45/418/385 147/420/385
f 43/440/406 892/483/443 1640/527/484
f 158/381/352 1644/438/404 897/531/488
f 862/533/490 45/418/385 145/505/385
f 1610/534/491 145/505/385 44/486/385
f 896/446/412 46/445/411 149/502/460
f 867/469/432 1665/511/468 150/458/385
s 1
f 1266/1479/1454 1267/1481/1456 326/1480/1455
f 310/1484/1459 311/1485/1460 1267/1481/1456
f 329/85/77 1269/84/76 1271/1487/1462
f 331/1490/1465 1272/1489/1464 1273/1491/1466
f 305/1501/1476 1278/1500/1475 1275/142/125
f 1276/1496/1471 327/1478/1453 326/1480/1455
f 1277/1498/1473 326/1480/1455 325/1482/1457
f 1279/86/78 1281/1503/1478 322/1502/1477
f 1282/1505/1480 1283/1507/1482 320/1506/1481
f 329/85/77 332/1488/1463 1281/1503/1478
f 330/1492/1467 328/128/114 1280/163/142
f 1286/1509/1484 1287/1511/1486 336/1510/1485
f 1287/1511/1486 1288/1513/1488 335/1512/1487
f 338/97/88 340/1517/1492 1291/1514/1489
f 1296/1520/1495 1297/1521/1496 341/1518/1493
f 1297/1521/1496 1298/1522/1497 342/1519/1494
f 1298/1522/1497 1295/184/163 339/140/123
f 351/1524/1499 352/1525/1500 1298/1522/1497
f 352/1525/1500 349/181/160 1295/184/163
f 1303/1531/1506 1300/80/72 343/101/92
f 337/1508/1483 336/1510/1485 1302/1529/1504
f 1309/104/95 1311/1539/1513 350/1523/1498
f 1314/99/90 1316/1542/1516 361/770/713
f 315/1493/1468 1321/1545/1519 1322/1546/1520
f 1319/109/98 380/110/99 382/1548/1522
f 1324/82/74 304/81/73 307/1497/1472
f 1328/1555/1529 305/1501/1476 303/106/97
f 388/1563/1535 389/1564/1536 1333/1560/1533
f 389/1564/1536 386/149/131 1330/152/134
f 380/110/99 1334/116/104 1336/1565/1537
f 382/1548/1522 1336/1565/1537 1337/1566/1538
f 383/1549/1523 1337/1566/1538 1338/1567/1539
f 384/1550/1524 1338/1567/1539 1335/151/133
f 1334/116/104 392/117/105 404/792/738
f 1342/1569/1541 378/1554/1528 377/1556/1530
s 2
f 528/260/236 1350/259/235 1352/1580/1551
f 539/944/894 1352/1580/1551 1353/1581/1552
f 1353/1581/1552 1354/1582/1553 531/930/879
f 1354/1582/1553 1351/261/237 526/243/220
f 1350/259/235 544/275/250 549/950/901
f 1352/1580/1551 549/950/901 559/953/904
f 559/953/904 558/963/914 1354/1582/1553
f 558/963/914 546/302/277 1351/261/237
f 1357/1583/1554 1358/1585/1556 554/958/909
f 554/958/909 1358/1585/1556 1359/1584/1555
f 560/962/913 1359/1584/1555 1356/240/217
f 1358/1585/1556 577/969/920 576/981/934
f 1359/1584/1555 576/981/934 565/269/245
f 578/980/933 1363/1591/1563 1361/242/219
f 1360/288/263 527/290/265 536/938/886
f 1362/1586/1557 536/938/886 530/931/890
f 1367/1593/1565 1368/1594/1566 513/913/858
f 1364/297/272 545/254/230 555/957/908
f 547/949/900 544/275/250 1365/274/249
f 1369/289/264 1371/1599/1570 534/1595/887
f 1371/1596/1567 1372/1600/1568 535/947/897
f 1372/1597/1569 1370/228/205 528/260/236
f 1369/289/264 509/249/225 518/1598/865
f 1372/1597/1569 511/912/857 508/280/255
f 435/826/770 1379/1606/1575 1380/1607/1576
f 1870/1608/1577 1380/1607/1576 1381/1609/1578
f 437/1610/1579 1381/1609/1578 1378/246/222
f 407/165/144 412/795/743 1379/1606/1575
f 1382/258/234 1384/1612/1583 448/1611/1582
f 1384/1612/1583 1385/1613/1585 1877/838/1584
f 1385/1613/1585 1386/1614/1587 445/835/1586
f 1384/1612/1583 418/809/1581 415/802/1588
f 1385/1613/1585 415/802/1588 414/799/747
f 1387/317/292 1389/1616/1589 437/1615/1579
f 1389/1616/1589 1390/1617/1591 438/833/1590
f 1390/1617/1591 1391/1618/1592 440/830/776
f 1391/1618/1592 1388/233/210 434/235/212
f 1389/1616/1589 448/1619/1582 449/1620/1593
f 1391/1618/1592 447/842/1594 442/839/1595
f 1407/256/232 486/279/254 492/894/840
f 1410/1636/1618 491/895/835 488/884/832
f 1411/1638/1621 488/884/832 485/886/834
f 1412/328/303 1414/1639/1623 492/893/840
f 1414/1639/1623 1415/1640/1624 493/891/838
f 1415/1640/1624 1416/1641/1625 497/897/843
f 1412/328/303 500/329/304 505/1642/1626
f 1414/1639/1623 505/1642/1626 1868/1643/1627
f 1415/1640/1624 1868/1643/1627 503/902/845
f 1416/1641/1625 503/902/845 499/198/175
f 1418/342/317 1427/1331/1310 505/1644/1626
f 1421/1325/1304 1420/1323/1302 503/908/1629
f 1418/342/317 452/195/172 460/856/1630
f 1425/1332/1309 460/856/1630 457/853/1631
f 1426/1333/1311 457/853/1631 456/852/1632
f 1431/1337/1315 456/852/1632 451/285/260
f 1434/1648/309 598/1011/311 607/1010/965
f 1436/1645/1633 607/1010/965 601/1004/959
f 1437/1646/1634 601/1004/959 600/1002/957
f 1438/1647/1635 600/1002/957 597/321/296
f 1443/1651/1638 1440/2186/199 616/1029/201
f 599/1018/971 612/1017/970 1441/1649/1636
f 612/1017/970 606/1012/966 1442/1650/1637
f 606/1012/966 605/1009/964 1443/1651/1638
f 605/1652/964 598/336/311 1440/222/199
f 1444/311/286 1446/1654/1639 589/995/949
f 1447/1655/1640 1448/1656/1641 594/998/953
f 1444/311/286 617/310/285 630/1034/986
f 1446/1654/1639 630/1034/986 625/1030/981
f 1447/1655/1640 625/1030/981 624/1027/979
f 1448/1656/1641 624/1027/979 616/1029/201
f 1469/202/179 1471/1677/1657 712/1113/1077
f 712/1113/1077 1471/1677/1657 1472/1674/1655
f 713/1115/1079 1472/1674/1655 1473/1675/1656
f 719/1119/1083 1473/1675/1656 1470/1676/305
f 1471/1677/1657 727/1125/1087 735/1129/1091
f 1482/1347/1326 701/1104/1066 695/1098/1059
f 1483/1349/1328 695/1098/1059 694/1095/1057
f 1489/1354/1332 694/1095/1057 686/1097/192
s 3
f 865/1841/1845 862/533/490 1610/534/491
f 860/1852/1856 1621/1851/1855 1622/1853/1857
f 1621/1851/1855 880/1833/1837 879/1835/1839
f 1628/1862/1866 1625/506/463 871/526/483
f 883/1847/1851 881/471/434 1625/506/463
f 872/470/433 875/1857/1861 1631/1864/1868
f 874/1859/1863 873/1861/1865 1633/1868/1872
f 894/1873/1877 895/1874/1878 1638/1871/1875
f 1643/1877/1881 1640/527/484 892/483/443
f 889/1865/1869 888/1867/1871 1648/1886/1890
f 1656/1891/1896 1657/1892/1897 904/1879/1883
f 1659/444/410 1661/1895/1899 913/1894/1173
f 1662/1897/1900 1663/1902/1901 920/1212/1178
f 897/531/488 900/1881/1885 1661/1895/1899
f 898/1903/1889 896/2187/412 1660/1904/473
f 868/1848/1852 1666/1905/1902 1667/1906/1903
f 946/1912/1909 1671/1911/1908 1672/1913/1910
f 1672/1913/1910 859/1854/1858 858/1856/1860
f 951/1910/1907 1683/1925/1922 1680/494/453
f 955/1921/1918 1687/1927/1924 1688/1928/1925
f 956/1922/1919 1688/1928/1925 1685/493/452
f 1687/1927/1924 945/1914/1911 944/1916/1913
f 1688/1928/1925 944/1916/1913 942/459/422
s 1
f 1244/1/1 92/70/2 1/2/2
f 1195/4/4 218/182/161 20/5/5
f 88/7/2 1189/61/56 224/8/7
f 4/13/2 89/43/2 1209/14/11
f 198/16/13 1195/4/4 105/6/6
f 209/18/15 1240/164/143 101/19/16
f 223/21/18 15/83/75 108/22/19
f 3/9/2 87/27/2 1184/24/21
f 1199/26/23 214/160/140 4/13/2
f 1205/12/10 113/11/9 22/28/24
f 1215/30/26 104/96/87 19/31/27
f 1210/33/29 116/90/82 26/34/30
f 228/29/25 22/28/24 107/36/32
f 1230/40/36 112/50/45 18/41/37
f 89/43/2 2/156/2 233/44/39
f 1235/46/41 114/45/40 1347/47/42
f 265/49/44 25/103/94 112/50/45
f 90/51/46 5/153/46 243/52/47
f 1245/54/49 198/16/13 16/17/14
f 270/56/51 1245/54/49 103/55/50
f 276/58/53 1255/66/61 109/59/54
f 1/2/2 208/193/170 1189/61/56
f 1260/62/57 270/56/51 17/57/52
f 281/64/59 1260/62/57 111/63/58
f 1255/66/61 286/748/691 1344/67/62
f 6/68/2 275/130/115 1239/69/63
f 1190/119/107 209/18/15 14/20/17
f 1250/120/108 281/1466/59 21/121/60
f 106/122/109 21/121/60 385/123/106
f 224/8/7 1199/26/23 87/27/2
f 1200/23/20 108/22/19 24/76/68
f 93/129/2 1254/146/128 275/130/115
f 199/3/3 1/2/2 88/7/2
f 1225/135/118 248/722/663 1348/136/119
f 110/137/120 1348/136/119 353/138/121
f 204/35/31 26/34/30 115/89/81
f 223/21/18 1190/119/107 102/87/79
f 1249/145/127 287/757/700 1254/146/128
f 280/147/129 1249/145/127 93/129/2
f 5/153/46 91/169/148 1229/154/135
f 1204/155/136 229/161/141 2/156/2
f 214/160/140 1204/155/136 89/43/2
f 229/161/141 1219/186/164 90/51/46
f 1240/164/143 276/58/53 13/60/55
f 91/169/148 1224/172/151 266/170/149
f 1234/171/150 249/731/672 1224/172/151
f 1250/120/108 106/122/109 1345/177/156
f 271/179/158 6/68/2 92/70/2
f 106/122/109 1329/124/110 390/180/159
f 244/42/38 18/41/37 104/96/87
f 1259/148/130 93/129/2 6/68/2
f 2/156/2 90/51/46 1214/53/48
f 1185/141/124 115/89/81 20/5/5
f 1225/185/118 110/188/120 25/103/94
f 1219/186/164 239/194/171 5/153/46
f 110/188/120 1304/1538/122 371/189/166
f 1194/131/116 88/7/2 3/9/2
f 87/27/2 4/13/2 203/15/12
f 92/70/2 1239/69/63 208/193/170
f 239/194/171 1234/171/150 91/169/148
s 2
f 476/206/183 32/232/209 126/207/184
f 137/211/188 1504/1689/1683 667/212/189
f 421/219/196 1392/299/274 134/220/197
f 1520/225/202 632/1039/994 1450/226/203
f 31/229/206 126/207/184 1374/230/207
f 32/232/209 510/300/275 1374/230/207
f 30/252/228 124/277/252 1355/253/229
f 1397/262/238 137/211/188 1519/263/239
f 422/265/241 1502/1686/1677 118/266/242
f 477/270/246 1403/267/243 118/266/242
f 475/272/248 1504/1689/1683 137/211/188
f 423/276/251 31/229/206 124/277/252
f 1417/291/266 1872/304/279 1524/292/267
f 1408/294/269 485/886/834 1508/295/270
f 31/229/206 563/231/208 1355/253/229
f 1392/299/274 461/859/811 1520/225/202
f 1872/304/279 1474/1341/1320 723/305/280
f 118/266/242 1502/1686/1677 652/312/287
f 1519/263/239 137/211/188 1455/213/190
f 118/266/242 1459/313/288 668/315/290
f 423/276/251 1402/208/185 126/207/184
f 462/322/297 1393/278/253 124/277/252
f 634/323/298 1454/339/314 132/324/299
f 1449/325/300 132/324/299 1460/326/301
f 117/296/271 1508/295/270 704/332/307
f 462/322/297 30/252/228 125/298/273
f 476/206/183 1398/338/313 125/298/273
f 1460/326/301 132/324/299 1454/339/314
f 134/220/197 1450/226/203 650/341/316
f 450/343/318 1408/294/269 117/296/271
f 1513/344/319 117/296/271 1464/333/308
s 3
f 1589/346/321 143/415/322 36/347/322
f 139/352/322 1534/406/375 765/353/327
f 39/358/322 140/388/322 1554/359/331
f 750/363/335 1585/507/464 152/364/336
f 764/366/338 50/428/394 159/367/339
f 38/354/322 138/372/322 1529/369/341
f 1544/371/343 755/503/461 39/358/322
f 1550/357/330 164/356/329 57/373/344
f 1555/378/349 167/435/401 60/379/350
f 1575/385/356 163/395/365 53/386/357
f 140/388/322 37/499/322 774/389/359
f 806/394/364 1696/448/414 163/395/365
f 141/396/322 40/496/455 784/397/366
f 830/403/372 1600/411/380 160/404/373
f 36/347/322 749/536/493 1534/406/375
f 835/409/378 1605/407/376 162/408/377
f 1600/411/380 840/1184/1147 1689/412/381
f 41/413/322 829/473/435 1584/414/382
f 59/421/387 872/470/433 1629/422/388
f 50/428/394 882/430/396 1624/431/397
f 57/373/344 887/500/458 1644/438/404
f 1696/448/414 925/1232/1197 1654/449/415
f 49/365/337 152/364/336 1664/454/418
f 152/364/336 48/405/374 947/455/419
f 48/405/374 160/404/373 1679/461/424
f 160/404/373 1689/412/381 959/462/425
f 1535/464/427 750/363/335 49/365/337
f 1595/465/428 835/409/378 56/410/379
f 157/466/429 56/410/379 952/463/426
f 765/353/327 1544/371/343 138/372/322
f 1545/368/340 159/367/339 59/421/387
f 144/472/322 1599/489/448 829/473/435
f 740/348/323 36/347/322 139/352/322
f 789/478/438 1693/481/441 161/479/439
f 1693/481/441 906/1197/1161 1649/482/442
f 764/366/338 1535/464/427 153/432/398
f 1594/488/447 841/1193/1157 1599/489/448
f 834/490/449 1594/488/447 144/472/322
f 40/496/455 142/512/469 1574/497/456
f 1549/498/457 770/504/462 37/499/322
f 755/503/461 1549/498/457 140/388/322
f 770/504/462 1564/530/487 141/396/322
f 1585/507/464 830/403/372 48/405/374
s 4
f 1761/508/465 173/604/466 61/509/466
s 3
f 142/512/469 1569/515/472 807/513/470
f 1579/514/471 790/1149/1114 1569/515/472
f 1595/465/428 157/466/429 1690/520/477
f 825/522/479 41/413/322 143/415/322
f 157/466/429 1674/467/430 957/523/480
f 1604/491/450 144/472/322 41/413/322
f 37/499/322 141/396/322 1559/398/367
f 1570/480/440 161/479/439 1697/528/485
f 1564/530/487 780/537/494 40/496/455
f 161/479/439 1649/482/442 923/532/489
f 1539/474/436 139/352/322 38/354/322
f 138/372/322 39/358/322 744/360/332
f 143/415/322 1584/414/382 749/536/493
f 780/537/494 1579/514/471 142/512/469
s 4
f 1712/538/495 994/711/652 80/539/496
f 169/541/466 1706/595/547 1000/542/498
f 989/544/499 84/610/559 194/545/500
f 64/547/466 170/577/466 1726/548/502
f 974/550/504 1712/538/495 186/540/497
f 985/552/506 1757/696/637 182/553/507
f 999/555/509 75/617/566 189/556/510
f 63/543/466 168/561/466 1701/558/512
f 1716/560/514 990/692/634 64/547/466
f 1722/546/501 194/545/500 82/562/515
f 1732/564/517 185/630/579 79/565/518
f 1727/567/520 197/624/573 86/568/521
f 1004/563/516 82/562/515 188/570/523
f 1737/571/524 188/570/523 83/572/525
f 1747/574/527 193/584/536 78/575/528
f 170/577/466 62/688/630 1009/578/530
f 1014/573/526 83/572/525 195/579/531
f 1752/580/532 195/579/531 1864/581/533
f 1042/583/535 85/637/586 193/584/536
f 171/585/537 65/685/627 1019/586/538
f 1762/588/540 974/550/504 76/551/505
f 1047/590/542 1762/588/540 184/589/541
f 1053/592/544 1772/600/552 190/593/545
f 61/509/466 984/720/661 1706/595/547
f 1777/596/548 1047/590/542 77/591/543
f 1058/598/550 1777/596/548 192/597/549
f 1772/600/552 1063/1280/1248 1861/601/553
f 66/602/466 1052/662/607 1756/603/554
f 186/540/497 80/539/496 1101/605/555
f 70/607/557 1086/717/658 1807/608/558
f 84/610/559 1096/659/605 1801/611/560
f 1110/612/561 68/629/578 178/613/562
f 184/589/541 76/551/505 1081/615/564
f 75/617/566 183/621/570 1786/618/567
f 75/617/566 1106/619/568 1796/620/569
f 183/621/570 74/554/508 1090/622/571
f 196/623/572 1781/676/618 1101/605/555
f 197/624/573 1806/626/575 1085/625/574
f 79/565/518 1115/631/580 1806/626/575
f 82/562/515 1111/689/631 1816/627/576
f 1802/628/577 177/609/557 68/629/578
f 185/630/579 1811/632/581 1115/631/580
f 78/575/528 1125/636/585 1811/632/581
f 83/572/525 1121/715/656 1831/633/582
f 1817/614/563 178/613/562 71/634/583
f 193/584/536 1826/638/587 1125/636/585
f 85/637/586 1148/716/657 1826/638/587
f 195/579/531 1831/633/582 1131/639/588
f 1080/640/589 1792/674/617 176/641/557
f 74/554/508 182/553/507 1836/643/590
f 182/553/507 73/594/546 1157/644/591
f 192/597/549 77/591/543 1153/645/592
f 180/647/557 72/666/557 1152/648/594
f 73/594/546 190/593/545 1851/650/596
f 190/593/545 1861/601/553 1169/651/597
f 81/599/551 192/597/549 1856/646/593
f 1707/653/599 985/552/506 74/554/508
f 1767/654/600 1058/598/550 81/599/551
f 187/655/601 81/599/551 1162/652/598
f 67/642/557 176/641/557 1787/657/603
f 1000/542/498 1716/560/514 168/561/466
f 1717/557/511 189/556/510 84/610/559
f 189/556/510 1796/620/569 1096/659/605
f 176/641/557 69/675/557 1105/660/606
f 174/661/466 1771/678/620 1052/662/607
f 975/510/467 61/509/466 169/541/466
f 76/551/505 186/540/497 1791/606/556
f 1158/664/609 1852/683/625 181/665/557
f 1010/566/519 79/565/518 197/624/573
f 1742/667/610 1024/2188/1220 1865/668/611
f 191/669/612 1865/668/611 1130/670/613
f 177/609/557 1807/608/558 1116/672/615
f 980/569/522 86/568/521 196/623/572
f 999/555/509 1707/653/599 183/621/570
f 1792/674/617 1100/719/660 69/675/557
f 86/568/521 1085/625/574 1781/676/618
f 1766/677/619 1064/1289/1259 1771/678/620
f 1057/679/621 1766/677/619 174/661/466
f 181/665/557 1847/684/626 1163/681/623
f 1852/683/625 1168/1315/1291 1847/684/626
f 65/685/627 172/698/639 1746/686/628
f 1721/687/629 1005/693/635 62/688/630
f 194/545/500 1801/611/560 1111/689/631
f 71/634/583 1126/710/651 1827/690/632
f 990/692/634 1721/687/629 170/577/466
f 1005/693/635 1736/714/655 171/585/537
f 175/694/557 1797/695/636 1105/660/606
f 70/607/557 1095/712/653 1797/695/636
f 1757/696/637 1053/592/544 73/594/546
f 67/642/557 180/647/557 1842/649/595
f 1837/697/638 1158/664/609 72/666/557
f 172/698/639 1741/701/642 1043/699/640
f 1751/700/641 1025/1263/1229 1741/701/642
f 1832/702/643 179/691/633 1822/703/644
f 179/691/633 1827/690/632 1147/705/646
f 1767/654/600 187/655/601 1862/706/647
f 1048/708/649 66/602/466 173/604/466
f 77/591/543 184/589/541 1841/616/565
f 187/655/601 1846/656/602 1167/709/650
f 1020/576/529 78/575/528 185/630/579
f 1776/680/622 174/661/466 66/602/466
f 72/666/557 181/665/557 1857/682/624
f 178/613/562 1812/713/654 1126/710/651
f 62/688/630 171/585/537 1731/587/539
f 1702/673/616 196/623/572 80/539/496
f 1095/712/653 70/607/557 177/609/557
f 68/629/578 1116/672/615 1812/713/654
f 1742/667/610 191/669/612 85/637/586
f 1736/714/655 1015/721/662 65/685/627
f 188/570/523 1816/627/576 1121/715/656
f 191/669/612 1821/671/614 1148/716/657
f 1711/663/608 169/541/466 63/543/466
f 168/561/466 64/547/466 979/549/503
f 1086/717/658 70/607/557 175/694/557
f 1782/718/659 175/694/557 69/675/557
f 173/604/466 1756/603/554 984/720/661
f 1015/721/662 1751/700/641 172/698/639
f 1120/635/584 71/634/583 179/691/633
f 1091/658/604 1837/697/638 180/647/557
s 1
f 248/722/663 251/725/666 253/723/664
f 251/725/666 252/734/675 254/726/667
f 253/723/664 254/726/667 255/728/669
f 256/729/670 259/733/674 258/730/671
f 257/732/673 260/735/676 259/733/674
f 259/733/674 254/726/667 252/734/675
f 260/735/676 255/728/669 254/726/667
f 250/48/43 261/1576/679 263/736/677
f 262/740/678 263/739/677 260/735/681
f 263/739/677 264/727/2176 255/728/683
f 285/178/157 288/743/686 290/741/684
f 288/743/686 295/1574/2177 291/744/687
f 289/742/685 290/741/684 302/745/688
f 290/741/684 291/744/687 292/747/690
f 286/748/691 293/1473/694 296/749/692
f 293/751/694 294/759/1448 297/752/695
f 296/753/692 297/752/695 292/747/697
f 298/755/698 301/758/701 300/756/699
f 299/746/689 302/745/688 301/758/701
f 301/758/701 297/752/703 294/759/702
f 302/745/688 292/747/690 297/752/703
f 353/760/121 356/2189/706 358/761/704
f 357/762/705 358/761/704 369/765/708
f 358/761/704 359/764/2178 360/767/710
f 354/105/96 361/770/713 363/768/711
f 361/770/713 362/775/720 364/771/714
f 363/768/711 364/771/714 360/767/716
f 365/772/717 368/774/719 367/773/718
f 366/766/709 369/765/721 368/774/719
f 368/774/719 364/771/714 362/775/720
f 369/765/721 360/767/716 364/771/714
f 390/180/159 393/1557/724 395/776/722
f 393/778/724 394/789/734 396/779/725
f 395/780/722 396/779/725 397/783/727
f 398/784/729 401/788/733 400/785/730
f 399/787/732 402/790/735 401/788/733
f 401/788/733 396/779/736 394/789/734
f 402/790/735 397/783/741 396/779/736
f 392/117/105 403/1572/739 405/791/737
f 404/792/738 405/791/737 402/790/735
f 405/791/737 406/782/740 397/783/741
s 2
f 410/794/742 413/797/745 412/795/743
f 414/799/747 417/803/751 416/800/748
f 415/802/750 420/2190/746 417/803/751
f 417/803/751 413/805/745 411/796/744
f 419/808/754 420/2190/746 415/802/750
s 9
f 439/829/777 436/1705/2179 435/831/778
s 10
f 1879/828/780 1870/827/2180 438/833/781
s 13
f 447/842/790 449/1620/2181 1877/843/791
s 14
f 456/850/804 459/854/2182 455/848/805
s 18
f 458/855/806 457/2191/2183 460/856/807
s 2
f 464/857/809 466/861/813 465/858/810
f 468/864/815 467/872/812 470/865/816
f 471/869/818 474/871/820 473/870/819
f 472/863/814 466/862/813 474/871/820
f 474/871/820 467/872/812 468/864/815
s 19
f 483/878/829 479/1694/2184 478/880/824
f 484/881/830 478/880/824 480/883/826
s 2
f 488/884/832 490/888/836 489/885/833
f 493/891/838 491/899/835 494/892/839
f 495/896/842 498/898/844 497/897/843
f 496/890/837 490/889/836 498/898/844
f 498/898/844 491/899/835 493/891/838
s 24
f 1869/910/854 1868/903/2185 504/911/855
s 2
f 511/912/857 514/915/860 513/913/858
f 512/914/859 515/917/862 514/915/860
f 514/915/860 525/918/863 522/916/861
f 509/919/225 516/922/866 519/920/864
f 516/922/866 517/928/1572 520/923/867
f 518/921/865 519/920/864 515/917/868
s 25
f 519/920/869 520/923/2186 525/924/870
s 2
f 521/925/872 524/927/874 523/926/873
f 522/916/861 525/918/876 524/927/874
f 524/927/874 520/923/877 517/928/875
f 526/243/220 529/2192/881 532/929/878
f 530/931/880 533/942/883 532/932/878
f 532/929/878 543/936/884 540/934/882
f 527/290/265 534/1595/887 537/937/885
f 534/939/887 535/947/897 538/940/888
f 536/938/886 537/937/885 533/942/889
s 26
f 537/937/891 538/2193/2187 543/943/892
s 2
f 539/944/894 542/946/896 541/945/895
f 540/934/882 543/936/898 542/946/896
f 542/946/896 538/940/899 535/947/897
f 547/949/900 550/952/903 549/950/901
f 548/951/902 551/960/911 550/952/903
f 550/952/903 562/955/906 559/953/904
f 550/952/903 551/960/911 552/954/905
f 553/956/907 556/959/910 555/957/908
f 554/958/909 557/964/915 556/959/910
f 556/959/910 551/960/911 548/951/902
f 556/959/910 557/964/915 552/954/905
f 546/302/277 558/963/914 561/961/912
f 558/963/914 559/953/904 562/955/906
f 560/962/913 561/961/912 557/964/915
f 561/961/912 562/955/906 552/954/905
f 566/965/916 569/968/919 568/966/917
f 567/967/918 570/970/921 569/968/919
f 569/968/919 580/971/922 577/969/920
f 564/301/276 571/974/925 574/972/923
f 571/974/925 572/1587/1558 575/975/926
f 573/976/924 574/2194/923 570/970/927
s 27
f 574/972/929 575/975/2188 580/977/930
s 2
f 565/269/245 576/981/934 579/979/932
f 576/981/934 577/969/920 580/971/935
f 579/979/932 575/984/937 572/982/936
f 581/281/256 584/987/940 587/985/938
f 586/986/939 587/985/938 596/989/942
f 582/309/284 589/995/949 587/993/947
f 589/995/949 590/1001/956 596/996/950
f 592/997/952 595/1000/954 594/998/953
f 593/990/943 596/989/942 595/1000/954
f 595/1000/955 596/996/950 590/1001/956
f 600/1002/957 603/1005/960 602/1003/958
f 601/1004/959 604/1015/962 603/1005/960
f 603/1005/960 614/1008/963 611/1006/961
f 605/1009/964 608/1013/967 607/1010/965
f 606/1012/966 609/1014/968 608/1013/967
f 608/1013/967 604/1015/962 601/1004/959
f 610/1016/969 613/1019/972 612/1017/970
f 611/1006/961 614/1008/963 613/1019/972
f 613/1019/972 609/1014/968 606/1012/966
f 614/1008/963 604/1007/962 609/1014/968
f 615/320/295 618/1022/975 621/1020/973
f 618/1022/975 619/1032/984 622/1023/976
f 624/1027/979 627/1031/983 626/1028/980
f 625/1030/981 622/1036/990 627/1031/982
f 627/1031/983 622/1023/976 619/1032/984
f 617/310/285 628/1035/1667 631/1033/985
f 629/1025/987 621/1024/2189 631/1033/988
f 630/1034/986 631/1033/988 622/1036/990
f 631/1033/988 621/1024/2189 623/1026/991
f 635/1037/992 638/1041/996 637/1038/993
f 636/1040/995 639/1050/998 638/1041/996
f 638/1041/996 649/1044/999 646/1042/997
f 640/1045/1000 643/1048/1003 642/1046/1001
f 641/1047/1002 644/1049/1004 643/1048/1003
f 643/1048/1003 639/1050/998 636/1040/995
f 645/1051/1005 648/1054/1007 647/1052/1006
f 646/1042/997 649/1044/999 648/1054/1007
f 648/1054/1007 644/1049/1004 641/1047/1002
f 649/1044/999 639/1043/998 644/1049/1004
f 650/341/316 653/1057/1010 656/1055/1008
f 653/1057/1010 654/1067/1023 662/1058/1011
f 658/1062/1018 661/1066/1021 660/1063/1019
f 659/1065/1020 662/1071/1029 661/1066/1021
f 661/1066/1022 662/1058/1011 654/1067/1023
f 652/312/287 663/1070/1682 666/1068/1024
s 32
f 664/1060/1026 656/1059/2190 666/1068/1027
s 2
f 665/1069/1025 666/1068/1024 662/1071/1029
s 32
f 666/1068/1027 656/1059/2190 657/1061/1030
s 2
f 667/212/189 670/1690/1034 672/1072/1032
f 671/1073/1033 672/1072/1032 684/1076/1036
f 672/1072/1032 673/1075/1035 674/1078/1038
f 668/315/290 675/1081/1041 678/1079/1039
f 675/1081/1041 676/1087/1049 679/1082/1042
f 677/1080/1043 678/1079/1039 673/1075/1044
f 678/1079/1039 679/1082/1042 674/1078/1038
f 680/1083/1046 683/1086/1048 682/1084/1047
f 681/1077/1037 684/1076/1036 683/1086/1048
f 683/1086/1048 679/1082/1042 676/1087/1049
f 684/1076/1036 674/1078/1038 679/1082/1042
f 685/345/320 688/1090/1052 691/1088/1050
f 688/1090/1052 689/1100/1652 692/1091/1053
f 690/1089/1051 691/1088/1050 703/1092/1054
f 691/1088/1050 692/1091/1053 693/1094/1056
f 694/1095/1057 697/1099/1060 696/1096/1058
f 695/1098/1059 698/1101/1062 697/1099/1060
f 697/1099/1060 692/1091/1063 689/1100/1061
f 698/1101/1062 693/1094/1069 692/1091/1063
f 687/1102/1064 699/1105/1068 702/1103/1065
f 700/1093/1067 703/1092/2191 702/1103/1065
f 701/1104/1066 702/1103/1065 698/1101/1062
f 702/1103/1065 703/1092/2191 693/1094/1069
f 707/1106/1070 710/1109/1073 709/1107/1071
f 708/1108/1072 711/1111/1075 710/1109/1073
f 710/1109/1073 721/1112/1076 718/1110/1074
f 712/1113/1077 715/1116/1080 714/1114/1078
f 713/1115/1079 716/1117/1081 715/1116/1080
f 715/1116/1080 711/1111/1075 708/1108/1072
f 716/1117/1081 721/1122/1076 711/1111/1075
f 717/1118/1082 720/1121/1084 719/1119/1083
f 718/1110/1074 721/1112/1076 720/1121/1084
f 720/1121/1084 716/1117/1081 713/1115/1079
f 722/1123/1085 725/1127/1089 728/1124/1086
f 726/1126/1088 729/1133/2192 728/1124/1086
f 727/1125/1087 728/1124/1086 738/1128/1090
f 728/1124/1086 729/1133/2192 730/1130/1092
s 33
f 723/305/1093 731/1678/2193 730/1131/1094
f 733/1132/1095 730/1131/1094 729/1133/1096
s 2
f 734/1134/1098 737/1137/1100 736/1135/1099
f 735/1129/1091 738/1128/1090 737/1137/1100
f 737/1137/1100 731/1139/1103 732/1138/1101
f 738/1128/1102 730/1130/2194 731/1139/1103
s 3
f 789/478/438 792/1142/1106 795/1140/1104
f 792/1142/1106 793/1152/1117 796/1143/1107
f 794/1141/1108 795/1140/1104 791/1144/1109
f 795/1140/1104 796/1143/1107 797/1146/1111
f 798/1147/1112 801/1151/1116 800/1148/1113
f 799/1150/1115 803/1153/1118 801/1151/1116
f 801/1151/1116 796/1143/1107 793/1152/1117
f 803/1153/1118 797/1146/1111 796/1143/1119
f 804/1158/1123 791/1144/1109 797/1146/1111
f 808/1159/1124 811/1162/1127 810/1160/1125
f 809/1161/1126 812/1164/1129 811/1162/1127
f 811/1162/1127 823/1165/1130 820/1163/1128
f 812/1164/1129 813/1171/1135 823/1165/1130
f 806/1166/364 814/1169/1133 817/1167/1131
f 814/1169/1133 815/1175/1795 818/1170/1134
f 816/1168/1132 817/1167/1131 812/1164/1129
f 817/1167/1131 818/1170/1134 813/1171/1135
f 807/513/470 819/1174/1138 822/1172/1136
f 819/1174/1138 820/1163/1128 823/1165/1130
f 821/1173/1137 822/1172/1136 818/1170/1134
f 822/1172/1136 823/1165/1130 813/1171/1135
f 839/1176/478 842/2195/1142 844/1177/1140
f 843/1178/1141 844/1177/1140 855/1181/1144
f 844/1177/1140 845/1180/1143 846/1183/1146
f 840/1184/1147 847/1187/1150 849/1185/1148
f 847/1187/1150 848/1826/1832 850/1188/1151
f 849/1185/1148 850/1188/1151 846/1190/1153
f 851/1191/1155 854/1194/1158 853/1192/1156
f 852/1182/1145 855/1181/1144 854/1194/1158
f 854/1194/1158 850/1196/1160 848/1195/1159
f 855/1181/1144 846/1183/1146 850/1196/1160
f 906/1197/1161 915/1939/1164 910/1198/1162
f 909/1199/1163 910/1198/1162 922/1202/1166
s 35
f 910/1198/1168 911/1201/2195 912/1204/1169
s 3
f 907/450/416 913/1894/1173 916/1205/1171
f 913/1207/1173 914/1215/1181 917/1208/1174
f 916/1209/1171 917/1208/1174 912/1204/1176
f 918/1211/1177 921/1214/1180 920/1212/1178
f 919/1203/1179 922/1202/1182 921/1214/1180
f 921/1214/1180 917/1208/1174 914/1215/1181
f 922/1202/1182 912/1204/1176 917/1208/1174
f 923/532/489 926/1218/1185 929/1216/1183
f 926/1218/1185 927/1229/1892 930/1219/1186
f 928/1217/1184 929/1216/1183 941/1220/1187
f 929/1216/1183 930/1219/1186 931/1222/1189
f 924/1223/476 932/2196/1192 935/1224/1190
f 932/1226/1192 933/1236/1199 936/1227/1193
f 934/1225/1191 935/1224/1190 930/1219/1186
f 935/1224/1190 936/1237/1193 931/1222/1189
f 937/1230/1195 940/1235/1198 939/1231/1196
f 938/1221/1188 941/1220/1187 940/1233/1198
f 940/1235/1198 936/1227/1193 933/1236/1199
f 941/1220/1187 931/1222/1189 936/1237/1193
f 957/523/480 960/1240/1202 962/1238/1200
f 960/1240/1202 961/1249/1212 963/1241/1203
f 962/1238/1200 963/1241/1203 964/1243/1205
f 965/1244/1207 968/1248/1211 967/1245/1208
f 966/1247/1210 969/1250/1213 968/1248/1211
f 968/1248/1211 963/1241/1214 961/1249/1212
f 969/1250/1213 964/1243/1219 963/1241/1214
f 959/462/425 970/1930/1217 972/1251/1215
f 971/1252/1216 972/1251/1215 969/1250/1213
f 972/1251/1215 973/1242/1218 964/1243/1219
s 4
f 1024/1254/1220 1027/1257/1223 1030/1255/1221
f 1027/1257/1223 1028/1266/1232 1031/1258/1224
f 1030/1255/1221 1031/1258/1224 1032/1260/1226
f 1033/1261/1227 1036/1265/1231 1035/1262/1228
f 1034/1264/1230 1037/1267/1233 1036/1265/1231
f 1036/1265/1231 1031/1258/1224 1028/1266/1232
f 1037/1267/1233 1032/1260/1226 1031/1258/1224
f 1026/1268/534 1038/1271/2154 1040/1269/1234
f 1038/1271/1236 1029/2170/2196 1041/1259/1237
f 1039/1270/1235 1040/1269/1234 1037/1267/1238
f 1040/1269/1234 1041/1259/1237 1032/1260/1240
f 1062/1272/648 1065/2197/1243 1067/1273/1241
f 1066/1274/1242 1067/1273/1241 1079/1277/1245
f 1067/1273/1241 1068/1276/1244 1069/1279/1247
f 1063/1280/1248 1070/2066/1251 1073/1281/1249
f 1070/1283/1251 1071/1291/2053 1074/1284/1252
f 1072/1286/1253 1073/1285/1249 1068/1276/1254
f 1073/1285/1249 1074/1284/1252 1069/1279/1256
f 1075/1287/1257 1078/1290/1260 1077/1288/1258
f 1076/1278/1246 1079/1277/1245 1078/1290/1260
f 1078/1290/1260 1074/1284/1262 1071/1291/1261
f 1079/1277/1245 1069/1279/1247 1074/1284/1262
f 1130/670/613 1133/2175/1265 1135/1292/1263
f 1134/1293/1264 1135/1292/1263 1146/1296/1267
f 1135/1292/1263 1136/1295/1266 1137/1298/1269
f 1131/639/588 1138/1301/1272 1140/1299/1270
f 1138/1301/1272 1139/1306/1280 1141/1302/1273
f 1140/1299/1270 1141/1302/1273 1137/1298/1275
f 1142/1303/1277 1145/1305/1279 1144/1304/1278
f 1143/1297/1268 1146/1296/1281 1145/1305/1279
f 1145/1305/1279 1141/1302/1273 1139/1306/1280
f 1146/1296/1281 1137/1298/1275 1141/1302/1273
f 1167/709/650 1170/1309/1284 1172/1307/1282
f 1170/1309/1284 1171/1318/1294 1173/1310/1285
f 1172/1307/1282 1173/1310/1285 1174/1312/1287
f 1175/1313/1289 1178/1317/1293 1177/1314/1290
f 1176/1316/1292 1179/1319/1295 1178/1317/1293
f 1178/1317/1293 1173/1310/1296 1171/1318/1294
f 1179/1319/1295 1174/1312/1301 1173/1310/1296
f 1169/651/597 1180/2164/1299 1182/1320/1297
f 1181/1321/1298 1182/1320/1297 1179/1319/1295
f 1182/1320/1297 1183/1311/1300 1174/1312/1301
s 2
f 1420/1323/1302 1423/1326/1305 1422/1324/1303
f 1421/1325/1304 1424/1329/1308 1423/1326/1305
f 1422/1324/1303 1423/1326/1305 1433/1327/1306
f 1424/1329/1308 1428/1335/1317 1433/1327/1306
f 1427/1331/1310 1425/1330/1309 1424/1329/1313
f 1429/1336/1314 1432/1338/1316 1431/1337/1315
f 1430/1328/1307 1433/1327/1306 1432/1338/1316
f 1432/1338/1316 1428/1334/1317 1426/1333/1311
f 1477/1339/1318 1480/1343/1322 1479/1340/1319
f 1478/1342/1321 1481/1351/1324 1480/1343/1322
f 1480/1343/1322 1491/1346/1325 1488/1344/1323
f 1482/1347/1326 1485/1350/1329 1484/1348/1327
f 1483/1349/1328 1486/1352/1330 1485/1350/1329
f 1484/1348/1327 1485/1350/1329 1481/1351/1324
f 1487/1353/1331 1490/1356/1334 1489/1354/1332
f 1487/1353/1331 1488/1344/1661 1491/1346/1333
f 1489/1354/1332 1490/1356/1334 1486/1352/1330
f 1491/1346/1325 1481/1345/1324 1486/1352/1330
s 1
f 219/25/22 1184/24/21 1186/1357/1335
f 222/1358/1336 1186/1357/1335 1187/1359/1337
f 221/1360/1339 1187/1359/1344 1188/1361/1340
f 1188/1363/1340 1185/141/124 218/182/161
f 1184/24/21 203/15/12 205/1365/1342
f 1186/1357/1335 205/1365/1342 206/1366/1343
f 1187/1359/1344 206/1366/1382 207/1367/1345
f 207/1368/1345 204/35/31 1185/141/124
f 1189/61/56 1191/1370/1347 227/1369/1346
f 1191/1370/1347 1192/1372/1353 226/1371/1348
f 1192/1372/1349 1193/1377/1355 225/1373/1350
f 225/1374/1350 1193/1378/1355 1190/119/107
f 208/193/170 210/1375/1352 1191/1370/1347
f 210/1375/1352 211/1376/1421 1192/1372/1353
f 211/1376/1354 212/1445/1423 1193/1377/1355
f 1193/1378/1355 212/1446/1423 209/18/15
f 1194/131/116 1196/1380/1357 202/1379/1356
f 1196/1380/1357 1197/1382/1362 201/1381/1358
f 1197/1382/1359 1198/1385/1363 200/1383/1360
f 200/1384/1360 1198/1386/1363 1195/4/4
f 219/25/22 222/1358/1336 1196/1380/1357
f 222/1358/1336 221/1360/1338 1197/1382/1362
f 221/1360/1339 220/1362/1341 1198/1385/1363
f 1198/1386/1363 220/1364/1341 218/182/161
f 214/160/140 1199/26/23 1201/1387/1364
f 217/1388/1365 1201/1387/1364 1202/1389/1366
f 216/1390/1368 1202/1389/1371 1203/1391/1369
f 1203/1393/1369 1200/23/20 213/10/8
f 1199/26/23 224/8/7 227/1369/1346
f 1201/1387/1364 227/1369/1346 226/1371/1348
f 1202/1389/1371 226/1371/1351 225/1373/1350
f 225/1374/1350 223/21/18 1200/23/20
f 229/161/141 1204/155/136 1206/1395/1372
f 232/1396/1373 1206/1395/1372 1207/1397/1374
f 231/1398/1376 1207/1397/1379 1208/1399/1377
f 1208/1401/1377 1205/12/10 228/29/25
f 1204/155/136 214/160/140 217/1388/1365
f 1206/1395/1372 217/1388/1365 216/1390/1367
f 1207/1397/1379 216/1390/1368 215/1392/1370
f 215/1394/1370 213/10/8 1205/12/10
f 203/15/12 1209/14/11 1211/1403/1380
f 205/1365/1342 1211/1403/1380 1212/1404/1381
f 206/1366/1382 1212/1404/1386 1213/1405/1383
f 1213/1406/1383 1210/33/29 204/35/31
f 1209/14/11 233/44/39 235/1407/1384
f 1211/1403/1380 235/1407/1384 236/1408/1385
f 1212/1404/1386 236/1408/1390 237/1409/1387
f 237/1410/1387 234/32/28 1210/33/29
f 233/44/39 1214/53/48 1216/1411/1388
f 235/1407/1384 1216/1411/1388 1217/1412/1389
f 236/1408/1390 1217/1412/1394 1218/1413/1391
f 1218/1414/1391 1215/30/26 234/32/28
f 1214/53/48 243/52/47 245/1415/1392
f 1216/1411/1388 245/1415/1392 246/1416/1393
f 1217/1412/1394 246/1416/1412 247/1417/1395
f 247/1418/1395 244/42/38 1215/30/26
f 239/194/171 1219/186/164 1221/1419/1396
f 242/1420/1397 1221/1419/1396 1222/1421/1398
f 241/1422/1400 1222/1421/1403 1223/1423/1401
f 1223/1425/1401 1220/37/33 238/39/35
f 1219/186/164 229/161/141 232/1396/1373
f 1221/1419/1396 232/1396/1373 231/1398/1375
f 1222/1421/1403 231/1398/1376 230/1400/1378
f 230/1402/1378 228/29/25 1220/37/33
f 1224/172/151 1226/1428/1405 269/1427/1404
f 1226/1428/1405 1227/1430/1407 268/1429/1406
f 1227/1430/1407 1228/1434/1409 267/1431/1408
f 1228/1432/1409 1225/185/118 265/49/44
f 249/731/672 258/730/671 1226/1428/1405
f 258/730/671 252/734/675 1227/1430/1407
f 252/734/675 251/725/666 1228/1434/1409
f 251/725/666 248/722/663 1225/135/118
f 243/52/47 1229/154/135 1231/1435/1410
f 245/1415/1392 1231/1435/1414 1232/1436/1411
f 246/1416/1412 1232/1436/1415 1233/1437/1413
f 247/1418/1395 1233/1438/1413 1230/40/36
f 1229/154/135 266/170/149 269/1427/1404
f 1231/1435/1414 269/1427/1404 268/1429/1406
f 1232/1436/1415 268/1429/1406 267/1431/1408
f 267/1433/1408 265/49/44 1230/40/36
f 249/731/672 1234/171/150 1236/1439/1416
f 256/729/670 1236/1439/1416 1237/1440/1417
f 257/732/682 1237/1440/1419 1238/1441/1418
f 262/737/678 1238/1442/1418 1235/46/41
f 1234/171/150 239/194/171 242/1420/1397
f 1236/1439/1416 242/1420/1397 241/1422/1399
f 1237/1440/1419 241/1422/1400 240/1424/1402
f 1238/1442/1418 240/1426/1402 238/39/35
f 1239/69/63 1241/1443/1420 210/1375/1352
f 1241/1443/1420 1242/1444/1425 211/1376/1421
f 1242/1444/1422 1243/1449/1427 212/1445/1423
f 212/1446/1423 1243/1450/1427 1240/164/143
f 275/130/115 277/1447/1424 1241/1443/1420
f 277/1447/1424 278/1448/1443 1242/1444/1425
f 278/1448/1426 279/1469/1445 1243/1449/1427
f 1243/1450/1427 279/1471/1445 276/58/53
f 1244/1/1 1246/1452/1429 274/1451/1428
f 1246/1452/1429 1247/1454/1434 273/1453/1430
f 1247/1454/1431 1248/1458/1435 272/1455/1432
f 272/1455/1432 1248/1458/1435 1245/1456/49
f 199/3/3 202/1379/1356 1246/1452/1429
f 202/1379/1356 201/1381/1358 1247/1454/1434
f 201/1381/1361 200/1383/1360 1248/1458/1435
f 1248/1458/1435 200/1383/1360 198/1459/13
f 287/757/700 1249/145/127 1251/1460/1436
f 298/755/698 1251/1460/1436 1252/1461/1437
f 299/746/689 1252/1461/1437 1253/1462/1438
f 289/742/685 1253/1462/1438 1250/120/108
f 1249/145/127 280/147/129 282/1463/1439
f 1251/1460/1436 282/1463/1439 283/1464/1440
f 1252/1461/1437 283/1464/1440 284/1465/1441
f 1253/1462/1438 284/1465/1441 281/1466/59
f 1254/146/128 1256/1467/1442 277/1447/1424
f 1256/1467/1442 1257/1468/1447 278/1448/1443
f 1257/1468/1444 1258/1472/1446 279/1469/1445
f 1258/1470/1446 1255/66/61 276/58/53
f 287/757/700 300/756/699 1256/1467/1442
f 300/756/699 294/759/702 1257/1468/1447
f 294/759/1448 293/751/694 1258/1472/1446
f 293/1473/694 286/748/691 1255/66/61
f 1259/148/130 1261/1474/1449 282/1463/1439
f 1261/1474/1449 1262/1475/1451 283/1464/1440
f 1262/1475/1450 1263/1477/1452 284/1465/1441
f 284/1465/1441 1263/1477/1452 1260/1476/57
f 271/179/158 274/1451/1428 1261/1474/1449
f 274/1451/1428 273/1453/1430 1262/1475/1451
f 273/1453/1433 272/1455/1432 1263/1477/1452
f 272/1455/1432 270/1457/51 1260/1476/57
f 1264/144/126 1266/1479/1454 327/1478/1453
f 1267/1481/1456 1268/1483/1458 325/1482/1457
f 1268/1483/1458 1265/191/168 323/192/169
f 308/91/83 310/1484/1459 1266/1479/1454
f 311/1485/1460 312/1486/1461 1268/1483/1458
f 312/1486/1461 309/190/167 1265/191/168
f 332/1488/1463 1271/1487/1462 1272/1489/1464
f 330/1492/1467 1273/1491/1466 1270/125/111
f 1269/84/76 313/88/80 315/1493/1468
f 1271/1487/1462 315/1493/1468 316/1494/1469
f 1272/1489/1464 316/1494/1469 317/1495/1470
f 1273/1491/1466 317/1495/1470 314/126/112
f 304/81/73 1274/72/65 1276/1496/1471
f 307/1497/1472 1276/1496/1471 1277/1498/1473
f 306/1499/1474 1277/1498/1473 1278/1500/1475
f 1274/72/65 324/71/64 327/1478/1453
f 1278/1500/1475 325/1482/1457 323/192/169
f 1281/1503/1478 1282/1505/1480 321/1504/1479
f 1283/1507/1482 1280/163/142 318/183/162
f 332/1488/1463 331/1490/1465 1282/1505/1480
f 331/1490/1465 330/1492/1467 1283/1507/1482
f 1284/77/69 1286/1509/1484 337/1508/1483
f 1288/1513/1488 1285/94/86 333/78/70
f 319/127/113 322/1502/1477 1286/1509/1484
f 322/1502/1477 321/1504/1479 1287/1511/1486
f 321/1504/1479 320/1506/1481 1288/1513/1488
f 320/1506/1481 318/183/162 1285/94/86
f 1289/92/84 1291/1514/1489 310/1484/1459
f 1291/1514/1489 1292/1515/1490 311/1485/1460
f 1292/1515/1490 1293/1516/1491 312/1486/1461
f 1293/1516/1491 1290/74/67 309/190/167
f 340/1517/1492 341/1518/1493 1292/1515/1490
f 341/1518/1493 342/1519/1494 1293/1516/1491
f 342/1519/1494 339/140/123 1290/74/67
f 1294/98/89 1296/1520/1495 340/1517/1492
f 348/102/93 350/1523/1498 1296/1520/1495
f 350/1523/1498 351/1524/1499 1297/1521/1496
f 1299/93/85 1301/1527/1502 347/1526/1501
f 1301/1527/1502 1302/1529/1504 346/1528/1503
f 1302/1529/1504 1303/1531/1506 345/1530/1505
f 334/157/137 337/1508/1483 1301/1527/1502
f 336/1510/1485 335/1512/1487 1303/1531/1506
f 335/1512/1487 333/78/70 1300/80/72
f 371/189/166 1304/1538/122 1306/1532/1507
f 374/1533/1508 1306/1532/1507 1307/1534/1509
f 373/1535/1510 1307/1534/1509 1308/1536/1511
f 372/1537/1512 1308/1536/1511 1305/174/153
f 1304/1538/122 353/760/121 357/762/705
f 1306/1532/1507 357/762/705 366/766/709
f 1307/1534/1509 366/766/709 365/772/717
f 1308/1536/1511 365/772/717 355/175/154
f 1311/1539/1513 1312/1540/1514 351/1524/1499
f 1312/1540/1514 1313/1541/1515 352/1525/1500
f 1313/1541/1515 1310/158/138 349/181/160
f 371/189/166 374/1533/1508 1311/1539/1513
f 374/1533/1508 373/1535/1510 1312/1540/1514
f 373/1535/1510 372/1537/1512 1313/1541/1515
f 372/1537/1512 370/176/155 1310/158/138
f 1316/1542/1516 1317/1543/1517 362/775/720
f 1317/1543/1517 1318/1544/1518 367/773/718
f 1318/1544/1518 1315/173/152 355/175/154
f 344/187/165 347/1526/1501 1316/1542/1516
f 347/1526/1501 346/1528/1503 1317/1543/1517
f 346/1528/1503 345/1530/1505 1318/1544/1518
f 345/1530/1505 343/101/92 1315/173/152
f 313/88/80 1319/109/98 1321/1545/1519
f 316/1494/1469 1322/1546/1520 1323/1547/1521
f 317/1495/1470 1323/1547/1521 1320/168/147
f 1321/1545/1519 382/1548/1522 383/1549/1523
f 1322/1546/1520 383/1549/1523 384/1550/1524
f 1323/1547/1521 384/1550/1524 381/132/117
f 376/111/100 1324/82/74 1326/1551/1525
f 379/1552/1526 1326/1551/1525 1327/1553/1527
f 378/1554/1528 1327/1553/1527 1328/1555/1529
f 377/1556/1530 1328/1555/1529 1325/115/103
f 1326/1551/1525 307/1497/1472 306/1499/1474
f 1327/1553/1527 306/1499/1474 305/1501/1476
f 1329/124/110 1331/2198/1531 393/1557/724
f 1331/1558/1531 1332/1559/1532 394/789/734
f 1332/1559/1532 1333/1560/1533 400/785/730
f 1333/1560/1533 1330/152/134 391/786/731
f 385/118/106 387/1562/1534 1331/1558/1531
f 387/1562/1534 388/1563/1535 1332/1559/1532
f 1336/1565/1537 404/792/738 399/787/732
f 1337/1566/1538 399/787/732 398/784/729
f 1338/1567/1539 398/784/729 391/786/731
f 385/118/106 1339/112/101 1341/1568/1540
f 387/1562/1534 1341/1568/1540 1342/1569/1541
f 388/1563/1535 1342/1569/1541 1343/1570/1542
f 389/1564/1536 1343/1570/1542 1340/150/132
f 1339/112/101 376/111/100 379/1552/1526
f 1341/1568/1540 379/1552/1526 378/1554/1528
f 1343/1570/1542 377/1556/1530 375/114/102
f 392/117/105 1344/67/62 1346/1571/1543
f 403/777/723 1346/1575/1547 1345/177/156
f 1344/67/62 286/748/691 295/750/1544
f 1346/1575/1547 288/743/2197 285/178/157
f 1347/47/42 1349/1578/1550 261/1576/1548
f 1349/1577/1549 1348/136/119 248/722/663
f 354/105/96 356/769/712 1349/1578/1550
f 356/1579/706 353/138/121 1348/136/119
s 2
f 1355/253/229 1357/1583/1554 553/956/907
f 563/231/208 568/966/917 1357/1583/1554
f 568/966/917 577/969/920 1358/1585/1556
f 1360/288/263 1362/1586/1560 571/974/925
f 1362/1586/1557 1363/1590/1561 572/1587/1558
f 1363/1591/1563 529/2192/881 526/243/220
f 510/300/275 1364/297/272 1366/1592/1564
f 521/925/872 1366/1592/1564 1367/1593/1565
f 1368/1594/1566 1365/274/249 508/280/255
f 1366/1592/1564 555/957/908 548/951/902
f 548/951/902 547/949/900 1368/1594/1566
f 1371/1596/1567 518/921/865 512/914/859
f 1373/251/227 1375/1604/1571 516/1601/866
f 1375/1602/1571 1376/1605/1574 517/928/1572
f 1376/1603/1573 1374/230/207 510/300/275
f 1373/251/227 564/301/276 573/973/924
f 1375/1602/1571 573/976/924 567/967/928
f 1376/1603/1573 566/965/916 563/231/208
f 432/823/769 1377/209/186 1379/1606/1575
f 412/795/743 420/798/746 1380/1607/1576
f 420/798/1580 418/806/1581 1381/1609/1578
f 418/806/1581 409/244/221 1378/246/222
f 1386/1614/1587 1383/236/213 441/318/293
f 1382/258/234 409/244/221 418/809/1581
f 1386/1614/1587 414/799/747 408/801/749
f 1387/317/292 443/216/193 448/1619/1582
f 1390/1617/1591 449/1620/1593 447/842/1594
f 461/859/811 1392/299/274 1394/1621/1596
f 464/857/809 1394/1621/1596 1395/1622/1597
f 467/868/1598 1395/1622/1597 1396/1623/1599
f 469/867/1600 1396/1623/1599 1393/278/253
f 421/219/196 425/811/756 1394/1621/1596
f 425/811/756 427/815/1601 1395/1622/1597
f 427/815/1601 430/1624/1602 1396/1623/1599
f 430/1624/1602 423/276/251 1393/278/253
f 475/272/248 1397/262/238 1399/1625/1603
f 478/875/822 1399/1625/1603 1400/1626/1604
f 1878/1627/1605 1400/1626/1604 1401/1628/1606
f 481/1629/1607 1401/1628/1606 1398/338/313
f 463/264/240 473/870/819 1399/1625/1603
f 473/870/819 468/864/1608 1400/1626/1604
f 468/864/1608 469/866/1600 1401/1628/1606
f 469/866/1600 462/322/297 1398/338/313
f 1402/208/185 1404/1631/1609 481/1630/1607
f 1404/1631/1609 1405/1632/1611 482/882/1610
f 1405/1632/1611 1406/1633/1612 484/879/828
f 1406/1633/1612 1403/267/243 477/270/246
f 1402/208/185 423/276/251 430/1634/1602
f 1404/1631/1609 430/1634/1602 427/822/1613
f 1405/1632/1611 427/822/1613 429/821/764
f 1406/1633/1612 429/821/764 422/265/241
f 1407/256/232 1409/1635/1615 458/855/1614
f 457/2191/2198 458/855/1614 459/1637/1617
f 458/855/1614 1409/1635/1615 459/1637/1617
f 1410/1636/1618 1411/1638/1621 454/846/1619
f 1411/1638/1621 1408/294/269 450/343/318
f 1409/1635/1615 492/894/840 491/895/1622
f 1416/1641/1625 1413/200/177 487/284/259
f 1427/1331/1310 1421/1325/1304 504/911/1628
f 1420/1323/1302 1417/291/266 501/293/268
f 583/999/310 1434/1648/309 1436/1645/1633
f 592/997/952 1436/1645/1633 1437/1646/1634
f 593/990/943 1437/1646/1634 1438/1647/1635
f 586/986/939 1438/1647/1635 1435/282/257
f 1439/308/283 1441/1649/1636 618/1022/975
f 1441/1649/1636 1442/1650/1637 619/1032/984
f 1442/1650/1637 1443/1651/1638 626/1028/980
f 1446/1654/1639 1447/1655/1640 590/1001/956
f 1448/1656/1641 1445/1657/200 583/999/310
f 1449/1658/300 1451/1659/1642 645/1051/1005
f 1451/1659/1642 1452/1660/1643 646/1042/997
f 1452/1660/1643 1453/1661/1644 637/1038/993
f 1453/1661/1644 1450/226/203 632/1039/994
f 651/1064/302 660/1063/1019 1451/1659/1642
f 660/1063/1019 654/1067/1023 1452/1660/1643
f 654/1067/1023 653/1057/1010 1453/1661/1644
f 653/1057/1010 650/341/316 1450/226/203
f 669/1085/315 1454/1665/314 1456/1662/1645
f 680/1083/1046 1456/1662/1645 1457/1663/1646
f 681/1077/1037 1457/1663/1646 1458/1664/1647
f 671/1073/1033 1458/1664/1647 1455/213/190
f 1454/1665/314 634/1053/298 647/1052/1006
f 1456/1662/1645 647/1052/1006 641/1047/1002
f 1457/1663/1646 641/1047/1002 640/1045/1000
f 1458/1664/1647 640/1045/1000 633/314/289
f 1459/313/288 1461/1666/1648 675/1081/1041
f 1461/1666/1648 1462/1667/1649 676/1087/1049
f 1462/1667/1649 1463/1668/1650 682/1084/1047
f 1463/1668/1650 1460/1669/301 669/1085/315
f 1459/313/288 652/312/287 665/1069/1025
f 1461/1666/1648 665/1069/1025 659/1065/1020
f 1462/1667/1649 659/1065/1020 658/1062/1018
f 1463/1668/1650 658/1062/1018 651/1064/302
f 1464/333/308 1466/1670/1651 688/1090/1052
f 1466/1670/1651 1467/1671/1653 689/1100/1652
f 1467/1671/1653 1468/1672/1654 696/1096/1058
f 1468/1672/1654 1465/1673/182 686/1097/192
f 704/332/307 709/1107/1071 1466/1670/1651
f 709/1107/1071 718/1110/1074 1467/1671/1653
f 718/1110/1074 717/1118/1082 1468/1672/1654
f 717/1118/1082 706/1120/180 1465/1673/182
f 1469/202/179 722/1123/1085 727/1125/1087
f 1472/1674/1655 735/1129/1091 734/1134/1098
f 1473/1675/1656 734/1134/1098 724/1136/306
f 1474/1341/1320 1479/1340/1319 731/1678/1658
f 1479/1340/1319 1488/1344/1323 732/1138/1659
f 1488/1344/1661 1487/1353/1331 736/1135/1099
f 1487/1353/1331 1476/1355/191 724/1136/306
f 1475/307/282 687/1102/1064 701/1104/1066
f 1492/167/146 1494/1681/1665 410/794/742
f 410/794/742 1494/1681/1665 1495/1679/1662
f 411/796/1663 1495/1679/1662 1496/1680/1664
f 416/800/748 1496/1680/1664 1493/237/214
f 597/321/296 602/1003/958 1494/1681/1665
f 1494/1681/1665 602/1003/958 611/1006/961
f 611/1006/961 610/1016/969 1496/1680/1664
f 1496/1680/1664 610/1016/969 599/1018/971
f 617/310/285 1497/247/223 1499/1682/1666
s 37
f 629/1025/1669 1499/1683/1673 1500/1684/1670
s 2
f 1500/1684/1672 1498/319/294 615/320/295
f 442/839/1595 444/841/2199 1499/1682/1666
f 1500/1684/1672 444/834/2200 441/318/293
f 1501/221/198 1503/1687/1678 424/810/755
f 428/820/765 1503/1688/1680 1502/1686/1677
f 1501/221/198 650/341/316 655/1056/1009
f 663/1070/1682 652/312/287 1502/1686/1677
f 1504/1689/1683 1506/1692/1685 670/1690/1034
f 677/1080/1040 1506/1691/1687 1505/271/247
f 1504/1689/1683 475/272/248 479/874/823
f 483/878/827 477/270/246 1505/271/247
f 487/284/259 1507/283/258 1509/1695/1688
f 495/896/842 1509/1695/1688 1510/1696/1689
f 496/890/837 1510/1696/1689 1511/1697/1690
f 489/885/833 1511/1697/1690 1508/295/270
f 1507/283/258 705/303/278 714/1114/1078
f 1509/1695/1688 714/1114/1078 708/1108/1072
f 708/1108/1072 707/1106/1070 1511/1697/1690
f 707/1106/1070 704/332/307 1508/295/270
f 687/1102/1064 1512/306/281 1514/1698/1691
f 699/1105/1692 1514/1698/1691 1515/1699/1693
f 690/1089/1051 1515/1700/1696 1513/344/319
f 1512/306/281 451/285/260 453/851/1697
f 1515/1700/1696 453/845/2201 450/343/318
f 1516/210/187 1518/1704/1698 584/987/940
f 591/994/948 1518/1703/1701 1517/234/211
f 1516/210/187 432/823/769 436/825/771
f 439/829/775 434/235/212 1517/234/211
f 463/264/240 1519/263/239 1521/1706/1703
f 471/869/818 1521/1706/1703 1522/1707/1704
f 1522/1707/1704 1523/1708/1706 465/858/810
f 1523/1708/1706 1520/225/202 461/859/811
f 1519/263/239 633/314/289 642/1046/1001
f 1521/1706/1703 642/1046/1001 636/1040/995
f 636/1040/995 635/1037/992 1523/1708/1706
f 635/1037/992 632/1039/994 1520/225/202
f 501/293/268 1524/292/267 1526/1709/1707
s 41
f 506/907/1708 1526/1709/1715 1527/1710/1709
s 2
f 507/906/1711 1527/1710/1717 1528/1711/1712
f 502/901/846 1528/1711/1718 1525/201/178
f 1524/292/267 723/305/280 733/1132/1714
s 41
f 1526/1709/1715 733/1132/2202 726/1126/1716
s 2
f 1527/1710/1717 726/1126/1088 725/1127/1089
f 1528/1711/1718 725/1127/1089 722/1123/1085
s 3
f 760/370/342 1529/369/341 1531/1712/1719
f 763/1713/1720 1531/1712/1719 1532/1714/1721
f 762/1716/1723 1532/1721/1728 1533/1717/1724
f 1533/1717/1724 1530/484/444 759/525/482
f 1529/369/341 744/360/332 746/1719/1726
f 1531/1712/1719 746/1719/1726 747/1720/1727
f 1532/1721/1728 747/1759/1766 748/1722/1729
f 748/1722/1729 745/380/351 1530/484/444
f 1534/406/375 1536/1724/1731 768/1723/1730
f 1536/1724/1731 1537/1730/1737 767/1725/1732
f 1537/1726/1733 1538/1732/1739 766/1727/1734
f 766/1727/1734 1538/1732/1739 1535/464/427
f 749/536/493 751/1729/1736 1536/1724/1731
f 751/1729/1736 752/1797/1805 1537/1730/1737
f 752/1731/1738 753/1799/1807 1538/1732/1739
f 1538/1732/1739 753/1799/1807 750/363/335
f 1539/474/436 1541/1734/1741 743/1733/1740
f 1541/1734/1741 1542/1739/1746 742/1735/1742
f 1542/1736/1743 1543/1740/1747 741/1737/1744
f 741/1737/1744 1543/1740/1747 1540/349/324
f 760/370/342 763/1713/1720 1541/1734/1741
f 763/1713/1720 762/1715/1722 1542/1739/1746
f 762/1716/1723 761/1718/1725 1543/1740/1747
f 1543/1740/1747 761/1718/1725 759/525/482
f 755/503/461 1544/371/343 1546/1741/1748
f 758/1742/1749 1546/1741/1748 1547/1743/1750
f 757/1745/1752 1547/1748/1755 1548/1746/1753
f 1548/1746/1753 1545/368/340 754/355/328
f 1544/371/343 765/353/327 768/1723/1730
f 1546/1741/1748 768/1723/1730 767/1725/1732
f 1547/1748/1755 767/1728/1735 766/1727/1734
f 766/1727/1734 764/366/338 1545/368/340
f 770/504/462 1549/498/457 1551/1749/1756
f 773/1750/1757 1551/1749/1756 1552/1751/1758
f 772/1753/1760 1552/1756/1763 1553/1754/1761
f 1553/1754/1761 1550/357/330 769/374/345
f 1549/498/457 755/503/461 758/1742/1749
f 1551/1749/1756 758/1742/1749 757/1744/1751
f 1552/1756/1763 757/1745/1752 756/1747/1754
f 756/1747/1754 754/355/328 1550/357/330
f 744/360/332 1554/359/331 1556/1757/1764
f 746/1719/1726 1556/1757/1764 1557/1758/1765
f 747/1759/1766 1557/2199/1770 1558/1760/1767
f 1558/1760/1767 1555/378/349 745/380/351
f 1554/359/331 774/389/359 776/1761/1768
f 1556/1757/1764 776/1761/1768 777/1762/1769
f 1557/1758/1770 777/1762/1774 778/1763/1771
f 778/1765/1771 775/377/348 1555/378/349
f 774/389/359 1559/398/367 1561/1766/1772
f 776/1761/1768 1561/1766/1772 1562/1767/1773
f 777/1762/1774 1562/1767/1778 1563/1768/1775
f 1563/1769/1775 1560/375/346 775/377/348
f 1559/398/367 784/397/366 786/1770/1776
f 1561/1766/1772 786/1770/1776 787/1771/1777
f 1562/1767/1778 787/1771/1793 788/1772/1779
f 788/1773/1779 785/387/358 1560/375/346
f 780/537/494 1564/530/487 1566/1774/1780
f 783/1776/1781 1566/1781/1780 1567/1777/1782
f 782/1778/1784 1567/1777/1787 1568/1779/1785
f 1568/1779/1785 1565/382/353 779/384/355
f 1564/530/487 770/504/462 773/1750/1757
f 1566/1781/1780 773/2200/1757 772/1753/1759
f 1567/1777/1787 772/1753/1760 771/1755/1762
f 771/1755/1762 769/374/345 1565/382/353
f 1569/515/472 1571/1782/1788 819/1174/1138
f 1571/1782/1788 1572/1783/1789 820/1163/1128
f 1572/1783/1789 1573/1784/1790 810/1160/1125
f 1573/1784/1790 1570/480/440 805/529/486
f 790/1149/1114 800/1148/1113 1571/1782/1788
f 800/1148/1113 793/1152/1117 1572/1783/1789
f 793/1152/1117 792/1142/1106 1573/1784/1790
f 792/1142/1106 789/478/438 1570/480/440
f 784/397/366 1574/497/456 1576/1785/1791
f 786/1770/1776 1576/1785/1791 1577/1786/1792
f 787/1771/1793 1577/1786/1796 1578/1787/1794
f 1578/1788/1794 1575/385/356 785/387/358
f 1574/497/456 807/513/470 821/1173/1137
f 1576/1785/1791 821/1173/1137 815/1175/1139
f 815/1175/1795 814/1169/1133 1578/1787/1794
f 814/1789/1133 806/394/364 1575/385/356
f 790/1149/1114 1579/514/471 1581/1790/1797
f 798/1791/1112 1581/1795/1802 1582/1792/1798
f 799/1793/1799 1582/1792/1803 1583/1794/1800
f 803/1155/1121 1583/1794/1800 1580/391/361
f 1579/514/471 780/537/494 783/1775/1781
f 1581/1795/1802 783/1776/1781 782/1778/1783
f 1582/1792/1803 782/1778/1784 781/1780/1786
f 1583/1794/1800 781/1780/1786 779/384/355
f 1584/414/382 1586/1796/1804 751/1729/1736
f 1586/1796/1804 1587/1801/1809 752/1797/1805
f 1587/1798/1806 1588/1803/1811 753/1799/1807
f 753/1799/1807 1588/1803/1811 1585/507/464
f 829/473/435 831/1800/1808 1586/1796/1804
f 831/1800/1808 832/1821/1827 1587/1801/1809
f 832/1802/1810 833/1823/1829 1588/1803/1811
f 1588/1803/1811 833/1823/1829 830/403/372
f 1589/346/321 1591/1805/1813 828/1804/1812
f 1591/1805/1813 1592/1810/1818 827/1806/1814
f 1592/1807/1815 1593/1811/1819 826/1808/1816
f 826/1808/1816 1593/1811/1819 1590/399/368
f 740/348/323 743/1733/1740 1591/1805/1813
f 743/1733/1740 742/1735/1742 1592/1810/1818
f 742/1738/1745 741/1737/1744 1593/1811/1819
f 1593/1811/1819 741/1737/1744 739/361/333
f 841/1193/1157 1594/488/447 1596/1812/1820
f 851/1191/1155 1596/1812/1820 1597/1813/1821
f 852/1182/1145 1597/1813/1821 1598/1814/1822
f 843/1178/1141 1598/1814/1822 1595/1815/428
f 1594/488/447 834/490/449 836/1816/1823
f 1596/1812/1820 836/1816/1823 837/1817/1824
f 1597/1813/1821 837/1817/1824 838/1818/1825
f 1598/1819/1822 838/1829/1825 835/409/378
f 1599/489/448 1601/1820/1826 831/1800/1808
f 1601/1820/1826 1602/1825/1831 832/1821/1827
f 1602/1822/1828 1603/1824/1830 833/1823/1829
f 1603/1824/1830 1600/411/380 830/403/372
f 841/1193/1157 853/1192/1156 1601/1820/1826
f 853/1192/1156 848/1195/1159 1602/1825/1831
f 848/1826/1832 847/1187/1150 1603/1824/1830
f 847/1187/1150 840/1184/1147 1600/411/380
f 1604/491/450 1606/1827/1833 836/1816/1823
f 1606/1827/1833 1607/1831/1835 837/1817/1824
f 1607/1828/1834 1608/1832/1836 838/1829/1825
f 838/1829/1825 1608/1832/1836 1605/407/376
f 825/522/479 828/1804/1812 1606/1827/1833
f 828/1804/1812 827/1806/1814 1607/1831/1835
f 827/1809/1817 826/1808/1816 1608/1832/1836
f 826/1808/1816 824/401/370 1605/407/376
f 1609/487/446 1611/1834/1838 880/1833/1837
f 1611/1834/1838 1612/1836/1840 879/1835/1839
f 1612/1836/1840 1613/1838/1842 878/1837/1841
f 1613/1838/1842 1610/534/491 876/535/492
f 861/436/402 863/1839/1843 1611/1834/1838
f 863/1839/1843 864/1840/1844 1612/1836/1840
f 864/1840/1844 865/1841/1845 1613/1838/1842
f 882/430/396 1614/429/395 1616/1842/1846
f 885/1843/1847 1616/1842/1846 1617/1844/1848
f 884/1845/1849 1617/1844/1848 1618/1846/1850
f 883/1847/1851 1618/1846/1850 1615/468/431
f 1614/429/395 866/433/399 868/1848/1852
f 1616/1842/1846 868/1848/1852 869/1849/1853
f 1617/1844/1848 869/1849/1853 870/1850/1854
f 1618/1846/1850 870/1850/1854 867/469/432
f 857/426/392 1619/417/384 1621/1851/1855
f 859/1854/1858 1622/1853/1857 1623/1855/1859
f 858/1856/1860 1623/1855/1859 1620/485/445
f 1619/417/384 877/416/383 880/1833/1837
f 1622/1853/1857 879/1835/1839 878/1837/1841
f 1623/1855/1859 878/1837/1841 876/535/492
f 1624/431/397 1626/1858/1862 875/1857/1861
f 1626/1858/1862 1627/1860/1864 874/1859/1863
f 1627/1860/1864 1628/1862/1866 873/1861/1865
f 882/430/396 885/1843/1847 1626/1858/1862
f 885/1843/1847 884/1845/1849 1627/1860/1864
f 884/1845/1849 883/1847/1851 1628/1862/1866
f 1629/422/388 1631/1864/1868 890/1863/1867
f 1631/1864/1868 1632/1866/1870 889/1865/1869
f 1632/1866/1870 1633/1868/1872 888/1867/1871
f 1633/1868/1872 1630/439/405 886/423/389
f 875/1857/1861 874/1859/1863 1632/1866/1870
f 873/1861/1865 871/526/483 1630/439/405
f 1634/437/403 1636/1869/1873 863/1839/1843
f 1636/1869/1873 1637/1870/1874 864/1840/1844
f 1637/1870/1874 1638/1871/1875 865/1841/1845
f 1638/1871/1875 1635/419/386 862/533/490
f 891/442/408 893/1872/1876 1636/1869/1873
f 893/1872/1876 894/1873/1877 1637/1870/1874
f 895/1874/1878 892/483/443 1635/419/386
f 1639/443/409 1641/1875/1879 893/1872/1876
f 1641/1875/1879 1642/1876/1880 894/1873/1877
f 1642/1876/1880 1643/1877/1881 895/1874/1878
f 901/447/413 903/1878/1882 1641/1875/1879
f 903/1878/1882 904/1879/1883 1642/1876/1880
f 904/1879/1883 905/1880/1884 1643/1877/1881
f 905/1880/1884 902/524/481 1640/527/484
f 1644/438/404 1646/1882/1886 900/1881/1885
f 1646/1882/1886 1647/1884/1888 899/1883/1887
f 1647/1884/1888 1648/1886/1890 898/1885/1889
f 1648/1886/1890 1645/425/391 896/446/412
f 887/500/458 890/1863/1867 1646/1882/1886
f 890/1863/1867 889/1865/1869 1647/1884/1888
f 888/1867/1871 886/423/389 1645/425/391
f 1649/482/442 1651/1890/1894 926/1218/1185
f 926/1218/1185 1651/1890/1894 1652/1887/1891
f 927/1229/1194 1652/1887/1895 1653/1888/1893
f 934/1225/1191 1653/1888/1893 1650/1889/474
f 1649/482/442 906/1197/1161 909/1199/1163
f 1651/1890/1894 909/1199/1163 919/1203/1167
f 1652/1887/1895 919/1203/1179 918/1211/1177
f 1653/1888/1893 918/1211/1177 908/1213/475
f 1654/449/415 1656/1891/1896 903/1878/1882
f 1657/1892/1897 1658/1893/1898 905/1880/1884
f 1658/1893/1898 1655/501/459 902/524/481
f 925/1232/1197 939/1231/1196 1656/1891/1896
f 939/1231/1196 933/1236/1199 1657/1892/1897
f 933/1236/1199 932/1226/1192 1658/1893/1898
f 932/1226/1192 924/519/476 1655/501/459
f 1661/1895/1899 1662/1900/1900 914/1896/1181
f 1663/1898/1901 1660/516/473 908/518/475
f 900/1881/1885 899/1883/1887 1662/1900/1900
f 899/1901/1887 898/1903/1889 1663/1902/1901
f 866/433/399 1664/454/418 1666/1905/1902
f 869/1849/1853 1667/1906/1903 1668/1907/1904
f 870/1850/1854 1668/1907/1904 1665/511/468
f 1664/454/418 947/455/419 949/1908/1905
f 1666/1905/1902 949/1908/1905 950/1909/1906
f 1667/1906/1903 950/1909/1906 951/1910/1907
f 1668/1907/1904 951/1910/1907 948/475/437
f 943/456/420 1669/427/393 1671/1911/1908
f 945/1914/1911 1672/1913/1910 1673/1915/1912
f 944/1916/1913 1673/1915/1912 1670/460/423
f 1669/427/393 857/426/392 860/1852/1856
f 1671/1911/1908 860/1852/1856 859/1854/1858
f 1673/1915/1912 858/1856/1860 856/451/417
f 1674/467/430 1676/1917/1914 960/1240/1202
f 1676/1917/1914 1677/1918/1915 961/1249/1212
f 1677/1918/1915 1678/1919/1916 967/1245/1208
f 1678/1919/1916 1675/495/454 958/1246/1209
f 952/463/426 954/1920/1917 1676/1917/1914
f 954/1920/1917 955/1921/1918 1677/1918/1915
f 955/1921/1918 956/1922/1919 1678/1919/1916
f 956/1922/1919 953/492/451 1675/495/454
f 947/455/419 1679/461/424 1681/1923/1920
f 949/1908/1905 1681/1923/1920 1682/1924/1921
f 950/1909/1906 1682/1924/1921 1683/1925/1922
f 1679/461/424 959/462/425 971/1252/1216
f 1681/1923/1920 971/1252/1216 966/1247/1210
f 1682/1924/1921 966/1247/1210 965/1244/1207
f 1683/1925/1922 965/1244/1207 958/1246/1209
f 952/463/426 1684/457/421 1686/1926/1923
f 954/1920/1917 1686/1926/1923 1687/1927/1924
f 1684/457/421 943/456/420 946/1912/1909
f 1686/1926/1923 946/1912/1909 945/1914/1911
f 959/462/425 1689/412/381 1691/1929/1926
f 970/1931/1201 1691/1934/1928 1690/1932/477
f 1689/412/381 840/1184/1147 842/1186/1927
f 1691/1934/1928 842/2195/1142 839/1176/478
f 1692/392/362 1694/1938/1934 802/1935/1929
s 42
f 1694/1936/1930 1695/1937/1936 794/1141/1931
s 3
f 1695/1937/1933 1693/481/441 789/478/438
f 907/450/416 915/1206/1172 1694/1938/1934
f 915/1939/1164 906/1197/1161 1693/481/441
f 925/1232/1197 1696/448/414 1698/1940/1937
f 937/1234/1195 1698/1944/1937 1699/1941/1938
f 938/1221/1188 1699/1941/1938 1700/1942/1939
f 928/1217/1184 1700/1942/1939 1697/528/485
f 1696/448/414 806/394/364 816/1943/1132
f 1698/1944/1937 816/1168/1132 809/1161/1126
f 1699/1941/1938 809/1161/1126 808/1159/1124
f 1700/1942/1939 808/1159/1124 805/529/486
s 4
f 995/559/513 1701/558/512 1703/1945/1940
f 998/1947/1941 1703/1953/1940 1704/1948/1942
f 997/1949/1944 1704/1948/1949 1705/1950/1945
f 1705/1950/1945 1702/673/616 994/711/652
f 1701/558/512 979/549/503 981/1952/1947
f 1703/1953/1940 981/1991/1947 982/1954/1948
f 1704/1948/1949 982/1954/1987 983/1955/1950
f 983/1955/1950 980/569/522 1702/673/616
f 1706/595/547 1708/1957/1952 1003/1956/1951
f 1708/1957/1952 1709/1959/1958 1002/1958/1953
f 1709/1959/1954 1710/1964/1960 1001/1960/1955
f 1001/1961/1955 1710/1965/1960 1707/653/599
f 984/720/661 986/1962/1957 1708/1957/1952
f 986/1962/1957 987/1963/2026 1709/1959/1958
f 987/1963/1959 988/2036/2028 1710/1964/1960
f 1710/1965/1960 988/2037/2028 985/552/506
f 1711/663/608 1713/1972/1962 978/1966/1961
f 1713/1967/1962 1714/1970/1967 977/1968/1963
f 1714/1970/1964 1715/1973/1968 976/1971/1965
f 976/1971/1965 1715/1973/1968 1712/538/495
f 995/559/513 998/1946/1941 1713/1972/1962
f 998/1947/1941 997/1949/1943 1714/1970/1967
f 997/1949/1944 996/1951/1946 1715/1973/1968
f 1715/1973/1968 996/1951/1946 994/711/652
f 990/692/634 1716/560/514 1718/1974/1969
f 993/1975/1970 1718/1974/1969 1719/1976/1971
f 992/1977/1973 1719/1976/1976 1720/1978/1974
f 1720/1980/1974 1717/557/511 989/544/499
f 1716/560/514 1000/542/498 1003/1956/1951
f 1718/1974/1969 1003/1956/1951 1002/1958/1953
f 1719/1976/1976 1002/1958/1956 1001/1960/1955
f 1001/1961/1955 999/555/509 1717/557/511
f 1005/693/635 1721/687/629 1723/1982/1977
f 1008/1983/1978 1723/1982/1977 1724/1984/1979
f 1007/1985/1981 1724/1984/1984 1725/1986/1982
f 1725/1988/1982 1722/546/501 1004/563/516
f 1721/687/629 990/692/634 993/1975/1970
f 1723/1982/1977 993/1975/1970 992/1977/1972
f 1724/1984/1984 992/1977/1973 991/1979/1975
f 991/1981/1975 989/544/499 1722/546/501
f 979/549/503 1726/548/502 1728/1990/1985
f 981/1991/1947 1728/1995/1985 1729/1992/1986
f 982/1954/1987 1729/1992/1991 1730/1993/1988
f 1730/1993/1988 1727/567/520 980/569/522
f 1726/548/502 1009/578/530 1011/1994/1989
f 1728/1995/1985 1011/1999/1989 1012/1996/1990
f 1729/1992/1991 1012/1996/1995 1013/1997/1992
f 1013/1997/1992 1010/566/519 1727/567/520
f 1009/578/530 1731/587/539 1733/1998/1993
f 1011/1999/1989 1733/2003/1993 1734/2000/1994
f 1012/1996/1995 1734/2000/1999 1735/2001/1996
f 1735/2001/1996 1732/564/517 1010/566/519
f 1731/587/539 1019/586/538 1021/2002/1997
f 1733/2003/1993 1021/2024/1997 1022/2004/1998
f 1734/2000/1999 1022/2004/2017 1023/2005/2000
f 1023/2005/2000 1020/576/529 1732/564/517
f 1015/721/662 1736/714/655 1738/2006/2001
f 1018/2007/2002 1738/2006/2001 1739/2008/2003
f 1017/2009/2005 1739/2008/2008 1740/2010/2006
f 1740/2012/2006 1737/571/524 1014/573/526
f 1736/714/655 1005/693/635 1008/1983/1978
f 1738/2006/2001 1008/1983/1978 1007/1985/1980
f 1739/2008/2008 1007/1985/1981 1006/1987/1983
f 1006/1989/1983 1004/563/516 1737/571/524
f 1741/701/642 1743/2015/2010 1046/2014/2009
f 1743/2015/2010 1744/2017/2012 1045/2016/2011
f 1744/2017/2012 1745/2021/2014 1044/2018/2013
f 1745/2019/2014 1742/667/610 1042/583/535
f 1025/1263/1229 1035/1262/1228 1743/2015/2010
f 1035/1262/1228 1028/1266/1232 1744/2017/2012
f 1028/1266/1232 1027/1257/1223 1745/2021/2014
f 1027/2022/1223 1024/2188/1220 1742/667/610
f 1019/586/538 1746/686/628 1748/2023/2015
f 1021/2024/1997 1748/2027/2019 1749/2025/2016
f 1022/2004/2017 1749/2025/2020 1750/2026/2018
f 1023/2005/2000 1750/2026/2018 1747/574/527
f 1746/686/628 1043/699/640 1046/2014/2009
f 1748/2027/2019 1046/2201/2009 1045/2028/2011
f 1749/2025/2020 1045/2028/2011 1044/2020/2013
f 1044/2020/2013 1042/583/535 1747/574/527
f 1025/1263/1229 1751/700/641 1753/2029/2021
f 1033/1261/1227 1753/2029/2021 1754/2030/2022
f 1034/1264/1239 1754/2030/2024 1755/2031/2023
f 1039/2032/1235 1755/2033/2023 1752/580/532
f 1751/700/641 1015/721/662 1018/2007/2002
f 1753/2029/2021 1018/2007/2002 1017/2009/2004
f 1754/2030/2024 1017/2009/2005 1016/2011/2007
f 1755/2033/2023 1016/2013/2007 1014/573/526
f 1756/603/554 1758/2034/2025 986/1962/1957
f 1758/2034/2025 1759/2035/2030 987/1963/2026
f 1759/2035/2027 1760/2202/2032 988/2036/2028
f 988/2037/2028 1760/2040/2032 1757/696/637
f 1052/662/607 1054/2038/2029 1758/2034/2025
f 1054/2038/2029 1055/2060/2048 1759/2035/2030
f 1055/2039/2031 1056/2062/2050 1760/2040/2032
f 1760/2040/2032 1056/2062/2050 1053/592/544
f 1761/508/465 1763/2048/2034 1051/2042/2033
f 1763/2043/2034 1764/2046/2039 1050/2044/2035
f 1764/2046/2036 1765/2049/2040 1049/2047/2037
f 1049/2047/2037 1765/2049/2040 1762/588/540
f 975/510/467 978/1966/1961 1763/2048/2034
f 978/1969/1961 977/1968/1963 1764/2046/2039
f 977/1968/1966 976/1971/1965 1765/2049/2040
f 1765/2049/2040 976/1971/1965 974/550/504
f 1064/1289/1259 1766/677/619 1768/2050/2041
f 1075/1287/1257 1768/2050/2041 1769/2051/2042
f 1076/2052/1246 1769/2057/2042 1770/2053/2043
f 1066/2054/1242 1770/2053/2043 1767/654/600
f 1766/677/619 1057/679/621 1059/2055/2044
f 1768/2050/2041 1059/2055/2044 1060/2056/2045
f 1769/2057/2042 1060/2068/2045 1061/2058/2046
f 1770/2053/2043 1061/2058/2046 1058/598/550
f 1771/678/620 1773/2059/2047 1054/2038/2029
f 1773/2059/2047 1774/2064/2052 1055/2060/2048
f 1774/2061/2049 1775/2063/2051 1056/2062/2050
f 1775/2063/2051 1772/600/552 1053/592/544
f 1064/1289/1259 1077/1288/1258 1773/2059/2047
f 1077/1288/1258 1071/1291/1261 1774/2064/2052
f 1071/2065/2053 1070/2066/1251 1775/2063/2051
f 1070/2066/1251 1063/1280/1248 1772/600/552
f 1776/680/622 1778/2071/2054 1059/2055/2044
f 1778/2067/2054 1779/2070/2056 1060/2068/2045
f 1779/2070/2055 1780/2072/2057 1061/2058/2046
f 1061/2058/2046 1780/2072/2057 1777/596/548
f 1048/708/649 1051/2042/2033 1778/2071/2054
f 1051/2045/2033 1050/2044/2035 1779/2070/2056
f 1050/2044/2038 1049/2047/2037 1780/2072/2057
f 1049/2047/2037 1047/590/542 1777/596/548
f 1781/676/618 1783/2074/2059 1104/2073/2058
f 1783/2074/2059 1784/2076/2061 1103/2075/2060
f 1784/2076/2061 1785/2078/2063 1102/2077/2062
f 1785/2078/2063 1782/718/659 1100/719/660
f 1085/625/574 1087/2079/2064 1783/2074/2059
f 1087/2079/2064 1088/2080/2065 1784/2076/2061
f 1088/2080/2065 1089/2081/2066 1785/2078/2063
f 1089/2081/2066 1086/717/658 1782/718/659
f 1106/619/568 1786/618/567 1788/2082/2067
f 1109/2083/2068 1788/2082/2067 1789/2084/2069
f 1108/2085/2070 1789/2084/2069 1790/2086/2071
f 1107/2087/2072 1790/2086/2071 1787/657/603
f 1786/618/567 1090/622/571 1092/2088/2073
f 1788/2082/2067 1092/2088/2073 1093/2089/2074
f 1789/2084/2069 1093/2089/2074 1094/2090/2075
f 1790/2086/2071 1094/2090/2075 1091/658/604
f 1081/615/564 1791/606/556 1793/2091/2076
f 1084/2092/2077 1793/2091/2076 1794/2093/2078
f 1083/2094/2079 1794/2093/2078 1795/2095/2080
f 1082/2096/2081 1795/2095/2080 1792/674/617
f 1791/606/556 1101/605/555 1104/2073/2058
f 1793/2091/2076 1104/2073/2058 1103/2075/2060
f 1794/2093/2078 1103/2075/2060 1102/2077/2062
f 1795/2095/2080 1102/2077/2062 1100/719/660
f 1796/620/569 1798/2098/2083 1099/2097/2082
f 1798/2098/2083 1799/2100/2085 1098/2099/2084
f 1799/2100/2085 1800/2102/2087 1097/2101/2086
f 1800/2102/2087 1797/695/636 1095/712/653
f 1106/619/568 1109/2083/2068 1798/2098/2083
f 1109/2083/2068 1108/2085/2070 1799/2100/2085
f 1108/2085/2070 1107/2087/2072 1800/2102/2087
f 1107/2087/2072 1105/660/606 1797/695/636
f 1801/611/560 1803/2104/2089 1114/2103/2088
f 1803/2104/2089 1804/2106/2091 1113/2105/2090
f 1804/2106/2091 1805/2108/2093 1112/2107/2092
f 1805/2108/2093 1802/628/577 1110/612/561
f 1096/659/605 1099/2097/2082 1803/2104/2089
f 1099/2097/2082 1098/2099/2084 1804/2106/2091
f 1098/2099/2084 1097/2101/2086 1805/2108/2093
f 1097/2101/2086 1095/712/653 1802/628/577
f 1806/626/575 1808/2109/2094 1087/2079/2064
f 1808/2109/2094 1809/2110/2095 1088/2080/2065
f 1809/2110/2095 1810/2111/2096 1089/2081/2066
f 1810/2111/2096 1807/608/558 1086/717/658
f 1115/631/580 1117/2112/2097 1808/2109/2094
f 1117/2112/2097 1118/2113/2098 1809/2110/2095
f 1118/2113/2098 1119/2114/2099 1810/2111/2096
f 1119/2114/2099 1116/672/615 1807/608/558
f 1811/632/581 1813/2115/2100 1117/2112/2097
f 1813/2115/2100 1814/2116/2101 1118/2113/2098
f 1814/2116/2101 1815/2117/2102 1119/2114/2099
f 1815/2117/2102 1812/713/654 1116/672/615
f 1125/636/585 1127/2118/2103 1813/2115/2100
f 1127/2118/2103 1128/2119/2104 1814/2116/2101
f 1128/2119/2104 1129/2120/2105 1815/2117/2102
f 1129/2120/2105 1126/710/651 1812/713/654
f 1816/627/576 1818/2122/2107 1124/2121/2106
f 1818/2122/2107 1819/2124/2109 1123/2123/2108
f 1819/2124/2109 1820/2126/2111 1122/2125/2110
f 1820/2126/2111 1817/614/563 1120/635/584
f 1111/689/631 1114/2103/2088 1818/2122/2107
f 1114/2103/2088 1113/2105/2090 1819/2124/2109
f 1113/2105/2090 1112/2107/2092 1820/2126/2111
f 1112/2107/2092 1110/612/561 1817/614/563
f 1148/716/657 1821/671/614 1823/2127/2112
f 1151/2128/2113 1823/2127/2112 1824/2129/2114
f 1150/2130/2115 1824/2129/2114 1825/2131/2116
f 1149/2132/2117 1825/2131/2116 1822/703/644
f 1821/671/614 1130/670/613 1134/1293/1264
f 1823/2127/2112 1134/1293/1264 1143/1297/1268
f 1824/2129/2114 1143/1297/1268 1142/1303/1277
f 1825/2131/2116 1142/1303/1277 1132/704/645
f 1826/638/587 1828/2133/2118 1127/2118/2103
f 1828/2133/2118 1829/2134/2119 1128/2119/2104
f 1829/2134/2119 1830/2135/2120 1129/2120/2105
f 1830/2135/2120 1827/690/632 1126/710/651
f 1148/716/657 1151/2128/2113 1828/2133/2118
f 1151/2128/2113 1150/2130/2115 1829/2134/2119
f 1150/2130/2115 1149/2132/2117 1830/2135/2120
f 1149/2132/2117 1147/705/646 1827/690/632
f 1831/633/582 1833/2136/2121 1138/1301/1272
f 1833/2136/2121 1834/2137/2122 1139/1306/1280
f 1834/2137/2122 1835/2138/2123 1144/1304/1278
f 1835/2138/2123 1832/702/643 1132/704/645
f 1121/715/656 1124/2121/2106 1833/2136/2121
f 1124/2121/2106 1123/2123/2108 1834/2137/2122
f 1123/2123/2108 1122/2125/2110 1835/2138/2123
f 1122/2125/2110 1120/635/584 1832/702/643
f 1090/622/571 1836/643/590 1838/2139/2124
f 1092/2088/2073 1838/2139/2124 1839/2140/2125
f 1093/2089/2074 1839/2140/2125 1840/2141/2126
f 1094/2090/2075 1840/2141/2126 1837/697/638
f 1836/643/590 1157/644/591 1159/2142/2127
f 1838/2139/2124 1159/2142/2127 1160/2143/2128
f 1839/2140/2125 1160/2143/2128 1161/2144/2129
f 1840/2141/2126 1161/2144/2129 1158/664/609
f 1153/645/592 1841/616/565 1843/2145/2130
f 1156/2146/2131 1843/2145/2130 1844/2147/2132
f 1155/2148/2133 1844/2147/2132 1845/2149/2134
f 1154/2150/2135 1845/2149/2134 1842/649/595
f 1841/616/565 1081/615/564 1084/2092/2077
f 1843/2145/2130 1084/2092/2077 1083/2094/2079
f 1844/2147/2132 1083/2094/2079 1082/2096/2081
f 1845/2149/2134 1082/2096/2081 1080/640/589
f 1846/656/602 1848/2151/2136 1170/1309/1284
f 1848/2151/2136 1849/2152/2137 1171/1318/1294
f 1849/2152/2137 1850/2153/2138 1177/1314/1290
f 1850/2153/2138 1847/684/626 1168/1315/1291
f 1162/652/598 1164/2154/2139 1848/2151/2136
f 1164/2154/2139 1165/2155/2140 1849/2152/2137
f 1165/2155/2140 1166/2156/2141 1850/2153/2138
f 1166/2156/2141 1163/681/623 1847/684/626
f 1157/644/591 1851/650/596 1853/2157/2142
f 1159/2142/2127 1853/2157/2142 1854/2158/2143
f 1160/2143/2128 1854/2158/2143 1855/2159/2144
f 1161/2144/2129 1855/2159/2144 1852/683/625
f 1851/650/596 1169/651/597 1181/1321/1298
f 1853/2157/2142 1181/1321/1298 1176/1316/1292
f 1854/2158/2143 1176/1316/1292 1175/1313/1289
f 1855/2159/2144 1175/1313/1289 1168/1315/1291
f 1162/652/598 1856/646/593 1858/2160/2145
f 1164/2154/2139 1858/2160/2145 1859/2161/2146
f 1165/2155/2140 1859/2161/2146 1860/2162/2147
f 1166/2156/2141 1860/2162/2147 1857/682/624
f 1856/646/593 1153/645/592 1156/2146/2131
f 1858/2160/2145 1156/2146/2131 1155/2148/2133
f 1859/2161/2146 1155/2148/2133 1154/2150/2135
f 1860/2162/2147 1154/2150/2135 1152/648/594
f 1169/651/597 1861/601/553 1863/2163/2148
f 1180/1308/2149 1863/2166/2153 1862/706/647
f 1861/601/553 1063/1280/1248 1072/1282/2151
f 1863/2166/2153 1065/2203/2203 1062/707/648
f 1864/581/533 1866/2173/2160 1038/2167/2154
f 1867/2172/2159 1865/2204/611 1024/1254/1220
f 1131/639/588 1133/1300/1271 1866/2173/2160
f 1133/2175/1265 1130/670/613 1865/668/611
s 2
f 1419/287/262 1871/286/261 1873/2179/2165
f 1429/1336/1314 1873/2179/2165 1874/2180/2166
f 1430/1328/1307 1874/2180/2166 1875/2181/2167
f 1422/1324/1303 1875/2181/2167 1872/304/279
f 1474/1341/1320 1872/304/279 1875/2181/2167
f 1477/1339/1318 1875/2181/2167 1874/2180/2166
f 1478/1342/1321 1874/2180/2166 1873/2179/2165
f 1484/1348/1327 1873/2179/2165 1871/286/261
s 5
f 429/819/768 1876/818/763 426/817/762
