# Blender 5.2.2 LTS
# www.blender.org
mtllib HoloEsq1.mtl
g Triángulo1AD_Holocron.001
v -3.024899 4.984570 -3.885089
v -4.176567 5.007104 -2.656779
v -3.467434 4.990932 -3.509365
v -3.857708 4.998688 -3.088158
v -4.460915 5.017567 -2.147779
v -2.466888 4.979395 -4.239646
v -3.021862 5.096348 -3.883733
v -4.173531 5.118882 -2.655423
v -3.464397 5.102709 -3.508008
v -3.854671 5.110464 -3.086802
v -4.457874 5.129343 -2.146424
v -2.463856 5.091170 -4.238292
v -2.253647 5.039545 -4.112527
v -2.880669 5.045005 -3.729096
v -3.323433 5.051361 -3.353621
v -3.166088 5.035914 -4.039728
v -2.677097 5.031019 -4.365409
v -4.577419 5.067817 -2.354711
v -4.317825 5.058444 -2.811489
v -3.608395 5.042282 -3.663752
v -2.115242 5.027046 -4.670473
v -4.032272 5.067541 -2.500713
v -4.341366 5.079090 -1.939493
v -3.713490 5.059121 -2.932173
v -4.803017 5.078457 -1.853238
v -3.998894 5.050032 -3.242787
v -5.009056 5.186615 -0.516342
v -5.013092 5.091192 -4.916617
v -0.614246 5.112901 -4.910337
v -5.012779 4.845098 -5.152906
v -4.997547 0.454695 -5.045910
v -0.605263 4.871408 -5.141378
v -5.251190 4.849958 -4.913679
v -5.249519 4.951173 -0.503816
v -5.247192 0.514960 -4.804546
v -5.103222 3.903978 -2.824207
v -5.109150 2.672589 -3.972795
v -5.106022 3.527097 -3.265795
v -5.108006 3.104846 -3.655016
v -5.109489 2.162779 -4.255869
v -5.099041 4.259960 -2.267100
v -5.214840 3.899364 -2.819282
v -5.220772 2.667976 -3.967869
v -5.217644 3.522482 -3.260870
v -5.219624 3.100231 -3.650090
v -5.221111 2.158162 -4.250946
v -5.210667 4.255348 -2.262175
v -5.151855 4.131684 -2.052610
v -5.156631 3.746653 -2.678658
v -5.159431 3.370023 -3.120476
v -5.161430 4.056688 -2.964832
v -5.157852 4.383624 -2.476665
v -5.167728 2.367852 -4.371942
v -5.167362 2.825372 -4.113485
v -5.164227 3.679556 -3.406191
v -5.153362 4.690111 -1.915587
v -5.162560 2.515197 -3.827179
v -5.162872 1.953089 -4.134873
v -5.161411 2.947531 -3.509474
v -5.167477 1.865710 -4.596290
v -5.166214 3.257547 -3.795631
v -4.015949 2.765267 -5.004084
v -2.830868 3.961552 -5.013711
v -3.656319 3.220838 -5.017119
v -3.249790 3.626444 -5.019899
v -2.323460 4.269308 -4.999516
v -4.350845 2.195908 -4.976087
v -4.000546 2.749700 -5.113743
v -2.815464 3.945982 -5.123373
v -3.640915 3.205271 -5.126780
v -3.234386 3.610877 -5.129561
v -2.308056 4.253739 -5.109177
v -4.335442 2.180341 -5.085747
v -4.210636 1.983226 -4.994985
v -3.849216 2.622364 -5.027897
v -3.489845 3.078151 -5.040981
v -4.167274 2.892603 -5.089931
v -4.475647 2.393025 -5.066847
v -2.536198 4.373631 -5.084424
v -2.982269 4.088949 -5.099575
v -3.807392 3.347957 -5.102914
v -4.761192 1.821953 -5.033621
v -2.664062 3.818583 -5.037509
v -2.095318 4.149416 -5.024269
v -3.083065 3.483549 -5.043716
v -3.401108 3.753773 -5.105746
v -3.670696 4.994686 -3.301919
v -3.251316 4.987555 -3.704247
v -4.025860 5.002817 -2.873685
v -4.315460 5.011765 -2.427175
v -4.628551 5.025095 -1.789889
v -2.780064 4.981930 -4.056121
v -2.045795 4.976739 -4.454743
v -3.667660 5.106463 -3.300563
v -3.248280 5.099331 -3.702891
v -4.022820 5.114592 -2.872329
v -4.312424 5.123540 -2.425819
v -4.625515 5.136869 -1.788533
v -2.777027 5.093707 -4.054765
v -2.042759 5.088516 -4.453387
v -2.627151 5.042332 -3.903675
v -3.107231 5.047983 -3.548409
v -2.929939 5.033306 -4.207212
v -4.453625 5.062967 -2.588412
v -3.392365 5.038900 -3.858730
v -1.558823 5.029882 -4.688819
v -4.174259 5.072338 -2.264581
v -3.526615 5.055118 -3.146086
v -1.686058 5.036283 -4.389159
v -4.808739 5.089534 -1.384523
v -2.402493 5.028971 -4.518971
v -4.692467 5.073032 -2.107790
v -3.881573 5.063251 -2.717630
v -4.561604 5.088930 -1.470632
v -3.811741 5.046034 -3.456396
v -4.167107 5.054155 -3.028385
v -5.202099 4.660583 -2.825251
v -2.916672 2.784643 -5.052074
v -2.938290 5.062588 -4.672563
v -3.540493 3.427718 -3.402006
v -5.011074 5.138902 -2.716481
v -2.813671 5.102047 -4.913476
v -2.811649 5.149755 -2.713338
v -5.005165 2.649897 -5.099409
v -2.809021 4.858254 -5.147142
v -2.801403 2.663054 -5.093645
v -5.250355 4.900564 -2.708747
v -5.249191 2.682457 -4.859112
v -5.248356 2.733065 -2.654180
v -5.147301 3.421741 -3.410492
v -3.548038 5.041664 -3.449258
v -3.535484 3.393450 -5.021854
v -2.935959 5.103570 -2.838830
v -4.760323 2.770772 -5.055485
v -5.196053 2.807472 -4.623716
v -4.770939 5.092031 -2.839622
v -2.929375 4.621611 -5.095911
v -5.196087 2.851462 -2.780349
v -5.107117 3.319111 -3.468539
v -5.104713 3.722545 -3.050169
v -5.108677 2.889915 -3.822628
v -5.109425 2.442597 -4.111115
v -5.109356 1.804394 -4.422619
v -5.101471 4.075639 -2.579806
v -5.095608 4.476120 -1.846554
v -5.218739 3.314496 -3.463615
v -5.216335 3.717932 -3.045243
v -5.220303 2.885300 -3.817701
v -5.221046 2.437980 -4.106188
v -5.220978 1.799776 -4.417696
v -5.213093 4.071025 -2.574881
v -5.207230 4.471506 -1.841629
v -5.154804 3.921886 -2.425581
v -5.158127 3.565378 -2.904762
v -5.159760 4.224781 -2.729105
v -5.167637 2.601915 -4.248726
v -5.162922 3.875101 -3.190651
v -5.147385 4.709790 -1.359241
v -5.162827 2.278662 -3.968575
v -5.160530 3.161947 -3.323137
v -5.147152 4.409743 -1.485729
v -5.164925 1.396857 -4.600855
v -5.155682 4.537881 -2.202454
v -5.167645 2.120591 -4.486374
v -5.162086 2.732529 -3.677021
v -5.162685 1.483578 -4.353941
v -5.165325 3.471660 -3.609016
v -5.166893 3.042685 -3.963308
v -3.456455 3.431581 -5.019723
v -3.843281 2.997869 -5.011858
v -3.041817 3.802606 -5.017900
v -2.605640 4.109749 -5.007394
v -1.951183 4.458781 -4.990731
v -4.178272 2.514793 -4.993299
v -4.551384 1.768482 -4.949869
v -3.441051 3.416010 -5.129385
v -3.827877 2.982300 -5.121519
v -3.026413 3.787037 -5.127560
v -2.590237 4.094183 -5.117055
v -1.935780 4.443213 -5.100390
v -4.162865 2.499225 -5.102960
v -4.535980 1.752916 -5.059528
v -4.014790 2.363114 -5.016484
v -3.676708 2.855099 -5.035702
v -4.326347 2.650905 -5.079773
v -2.764709 4.234263 -5.093137
v -3.994450 3.125069 -5.097673
v -4.761723 1.268514 -4.973196
v -2.431168 3.969666 -5.031312
v -3.289886 3.288815 -5.043570
v -4.467716 1.407673 -4.958357
v -1.517467 4.659153 -5.036345
v -4.619648 2.113727 -5.051042
v -2.294258 4.514074 -5.073612
v -2.875019 3.659648 -5.041699
v -1.592705 4.387920 -5.017509
v -3.607620 3.558775 -5.105539
v -3.193207 3.929995 -5.103757
v -3.183220 4.983377 -4.057463
v -3.181541 4.979582 -4.055568
v -3.183479 4.981896 -4.057722
v -3.183254 4.980656 -4.057452
v -3.182571 4.979843 -4.056695
v -4.014328 4.993699 -3.258609
v -4.016022 4.997498 -3.260522
v -4.015366 4.993959 -3.259744
v -4.016052 4.994772 -3.260506
v -4.016285 4.996016 -3.260779
v -2.868267 4.989560 -3.714625
v -2.866398 4.993589 -3.712659
v -2.867218 4.989897 -3.713488
v -2.866493 4.990780 -3.712715
v -2.866207 4.992077 -3.712424
v -3.699219 5.007709 -2.915738
v -3.701096 5.003676 -2.917708
v -3.699028 5.006195 -2.915503
v -3.699318 5.004896 -2.915794
v -3.700043 5.004013 -2.916569
v -3.625526 4.989744 -3.681489
v -3.623848 4.985952 -3.679594
v -3.625786 4.988264 -3.681747
v -3.625561 4.987024 -3.681478
v -3.624878 4.986211 -3.680721
v -3.309162 4.999945 -3.337184
v -3.311024 4.995916 -3.339141
v -3.308971 4.998432 -3.336948
v -3.309258 4.997132 -3.337236
v -3.309978 4.996250 -3.338006
v -4.018005 5.016132 -2.484279
v -4.019913 5.012096 -2.486283
v -4.017815 5.014618 -2.484046
v -4.018108 5.013318 -2.484344
v -4.018845 5.012432 -2.485130
v -4.333225 5.002115 -2.827272
v -4.334949 5.005924 -2.829219
v -4.334274 5.002375 -2.828421
v -4.334972 5.003191 -2.829195
v -4.335209 5.004438 -2.829475
v -4.327099 5.027689 -1.923061
v -4.328548 5.023624 -1.926056
v -4.326878 5.026168 -1.922902
v -4.327072 5.024863 -1.923416
v -4.327660 5.023969 -1.924523
v -4.593281 5.011508 -2.369504
v -4.594540 5.015321 -2.372433
v -4.594154 5.011762 -2.371032
v -4.594700 5.012577 -2.372124
v -4.594833 5.013826 -2.372617
v -4.800304 5.049125 -0.903816
v -4.795258 5.044851 -0.916380
v -4.798409 5.049129 -0.903294
v -4.799633 5.047530 -0.906629
v -4.798439 5.046156 -0.910004
v -4.800201 5.049418 -0.902500
v -4.799377 5.047755 -0.904417
v -4.798401 5.046435 -0.906604
v -4.798244 5.046873 -0.905134
v -4.795155 5.045232 -0.913124
v -4.795715 5.046178 -0.909494
v -4.796902 5.045215 -0.913428
v -4.796967 5.045748 -0.909552
v -4.797245 5.046444 -0.906387
v -4.799175 5.049419 -0.902218
v -4.796860 5.047549 -0.906042
v -4.798077 5.047762 -0.904138
v -4.799004 5.047882 -0.903108
v -4.820122 5.025991 -1.870950
v -4.817146 5.022060 -1.872070
v -4.820293 5.024477 -1.871445
v -4.819786 5.023201 -1.871832
v -4.818684 5.022352 -1.872051
v -2.694221 4.978500 -4.383142
v -2.691467 4.974680 -4.381907
v -2.694405 4.977013 -4.383452
v -2.693943 4.975763 -4.383326
v -2.692909 4.974945 -4.382783
v -2.242397 4.984110 -4.097440
v -2.239376 4.988134 -4.096094
v -2.240906 4.984443 -4.096539
v -2.239811 4.985325 -4.095966
v -2.239273 4.986621 -4.095809
v -2.132931 4.970727 -4.685262
v -2.132359 4.974550 -4.688195
v -2.133102 4.970984 -4.686791
v -2.133057 4.971804 -4.687885
v -2.132793 4.973055 -4.688378
v -0.992542 4.981297 -4.690736
v -0.992027 4.981329 -4.688924
v -1.005859 4.977361 -4.685215
v -0.991215 4.981527 -4.690670
v -0.995556 4.979772 -4.689929
v -0.993301 4.979940 -4.689736
v -0.991962 4.980043 -4.689401
v -0.994110 4.979105 -4.688556
v -0.994965 4.979830 -4.687224
v -0.998623 4.978550 -4.685922
v -0.990936 4.981544 -4.689689
v -0.993019 4.979969 -4.688467
v -0.995426 4.978727 -4.687519
v -1.002762 4.977642 -4.686941
v -0.999142 4.978489 -4.688596
v -1.002453 4.977683 -4.685216
v -0.998734 4.978100 -4.687125
v -0.995647 4.978699 -4.688652
v -3.144737 5.092434 -4.017465
v -3.148960 5.088451 -4.021989
v -3.145966 5.092101 -4.018795
v -3.147198 5.091228 -4.020121
v -3.148251 5.089947 -4.021244
v -3.981762 5.102568 -3.225051
v -3.977528 5.106550 -3.220507
v -3.981052 5.104063 -3.224302
v -3.979996 5.105346 -3.223176
v -3.978760 5.106218 -3.221844
v -2.894939 5.096422 -3.745533
v -2.898998 5.100263 -3.750019
v -2.895584 5.097921 -3.746260
v -2.896580 5.099178 -3.747367
v -2.897781 5.099999 -3.748687
v -3.731823 5.114377 -2.953099
v -3.727757 5.110534 -2.948608
v -3.730602 5.114113 -2.951766
v -3.729401 5.113291 -2.950444
v -3.728405 5.112035 -2.949336
v -3.587048 5.098803 -3.641492
v -3.591263 5.094825 -3.646014
v -3.588272 5.098471 -3.642821
v -3.589504 5.097599 -3.644147
v -3.590553 5.096319 -3.645268
v -3.341751 5.106617 -3.374532
v -3.337704 5.102776 -3.370058
v -3.340538 5.106354 -3.373205
v -3.339340 5.105532 -3.371889
v -3.338345 5.104275 -3.370782
v -4.050636 5.122797 -2.521674
v -4.046539 5.118949 -2.517146
v -4.049404 5.122533 -2.520327
v -4.048195 5.121709 -2.518994
v -4.047188 5.120451 -2.517877
v -4.300701 5.110969 -2.793757
v -4.296421 5.114968 -2.789169
v -4.299984 5.112470 -2.793005
v -4.298920 5.113758 -2.791867
v -4.297668 5.114633 -2.790520
v -4.359142 5.134319 -1.961702
v -4.355633 5.130493 -1.955925
v -4.358135 5.134065 -1.959879
v -4.357113 5.133250 -1.958139
v -4.356236 5.131995 -1.956751
v -4.560303 5.120322 -2.336986
v -4.556610 5.124364 -2.331148
v -4.559628 5.121831 -2.336135
v -4.558689 5.123131 -2.334727
v -4.557632 5.124019 -2.332976
v -4.828503 5.151889 -0.936637
v -4.826942 5.151928 -0.936156
v -4.824478 5.155483 -0.955031
v -4.828411 5.153324 -0.940822
v -4.828320 5.153442 -0.938560
v -4.828075 5.153496 -0.937189
v -4.827614 5.154191 -0.940116
v -4.825981 5.153360 -0.940416
v -4.825172 5.154537 -0.945499
v -4.827675 5.152197 -0.935072
v -4.827183 5.153459 -0.938364
v -4.826759 5.154472 -0.941846
v -4.826237 5.155269 -0.950777
v -4.827618 5.154512 -0.945786
v -4.824646 5.155283 -0.950631
v -4.826466 5.154939 -0.945964
v -4.827793 5.154462 -0.941972
v -4.780361 5.134910 -1.834022
v -4.785908 5.130933 -1.835522
v -4.782089 5.134599 -1.834187
v -4.783749 5.133733 -1.834531
v -4.785088 5.132448 -1.834999
v -2.654392 5.087528 -4.343973
v -2.659969 5.083547 -4.347678
v -2.656139 5.087199 -4.344987
v -2.657810 5.086328 -4.346048
v -2.659157 5.085045 -4.346993
v -2.267918 5.090960 -4.128964
v -2.273422 5.094812 -4.132669
v -2.268673 5.092460 -4.129632
v -2.269981 5.093719 -4.130570
v -2.271648 5.094543 -4.131637
v -2.098122 5.079552 -4.652748
v -2.096111 5.083576 -4.647204
v -2.097576 5.081059 -4.651920
v -2.097004 5.082354 -4.650576
v -2.096489 5.083239 -4.648921
v -1.021042 5.084100 -4.723300
v -1.039761 5.088078 -4.719094
v -1.020561 5.084150 -4.721793
v -1.025311 5.085603 -4.723196
v -1.030369 5.086888 -4.722360
v -1.019726 5.084322 -4.723344
v -1.022999 5.085663 -4.723150
v -1.026463 5.086761 -4.722607
v -1.024570 5.086455 -4.722448
v -1.035290 5.087794 -4.719331
v -1.030071 5.086952 -4.719926
v -1.035442 5.087757 -4.720920
v -1.030533 5.087337 -4.721225
v -1.026333 5.086787 -4.721578
v -1.024899 5.085671 -4.720792
v -1.022800 5.085693 -4.722024
v -1.021599 5.085688 -4.722932
v -4.773590 5.094618 -4.670129
v -4.769337 5.094551 -4.674388
v -4.778152 5.098642 -4.679069
v -4.773270 5.094582 -4.671760
v -4.772346 5.094556 -4.673143
v -4.773949 5.096203 -4.672114
v -4.773632 5.096124 -4.673139
v -4.773643 5.096972 -4.674491
v -4.771267 5.096162 -4.674776
v -4.773617 5.097504 -4.675801
v -4.770966 5.094545 -4.674064
v -4.772301 5.096103 -4.674457
v -4.774940 5.097525 -4.674510
v -4.776035 5.098377 -4.677309
v -4.775005 5.097945 -4.675888
v -4.747623 0.937025 -5.055235
v -4.744598 0.935796 -5.055193
v -4.752304 0.923653 -5.059137
v -4.746727 0.934901 -5.055180
v -4.747765 0.933649 -5.056723
v -4.747211 0.932788 -5.056759
v -4.750500 0.926944 -5.058908
v -4.751385 0.926216 -5.058891
v -4.749672 0.929024 -5.058470
v -4.748489 0.931466 -5.057926
v -4.768936 5.170834 -1.011087
v -4.773560 5.175401 -0.997546
v -4.765919 5.170877 -1.009840
v -4.768703 5.170868 -1.009685
v -4.769093 5.172485 -1.007688
v -4.769489 5.173396 -1.006086
v -4.770706 5.174005 -1.003748
v -4.771801 5.175001 -1.000826
v -4.767071 5.170889 -1.009011
v -1.107895 5.113141 -4.672732
v -1.106647 5.113209 -4.669717
v -1.094227 5.117334 -4.677417
v -1.105766 5.113173 -4.671850
v -1.104919 5.114775 -4.673120
v -1.102844 5.115597 -4.673322
v -1.103943 5.114738 -4.672420
v -1.101273 5.116125 -4.674135
v -1.097122 5.117033 -4.676370
v -1.099857 5.116589 -4.674789
v -5.245632 4.704220 -0.986139
v -5.245628 4.701288 -0.984869
v -5.249886 4.709251 -0.972290
v -5.245632 4.704030 -0.984737
v -5.247166 4.704168 -0.982460
v -5.248081 4.704909 -0.981027
v -5.248642 4.706253 -0.978582
v -5.245632 4.702442 -0.984048
v -5.249561 4.707364 -0.975670
v -4.772972 4.602443 -5.142705
v -4.777557 4.611135 -5.147176
v -4.768742 4.606733 -5.142791
v -4.773327 4.604344 -5.144382
v -4.774326 4.606663 -5.145822
v -4.772659 4.604074 -5.142741
v -4.773014 4.605373 -5.144347
v -4.773029 4.606685 -5.145256
v -4.775433 4.609411 -5.146810
v -4.773010 4.607967 -5.145846
v -4.774395 4.608019 -5.146305
v -4.770370 4.606398 -5.142787
v -4.771744 4.605463 -5.142770
v -4.770660 4.607027 -5.144435
v -4.771694 4.606702 -5.144372
v -1.089962 4.634508 -5.130675
v -1.076603 4.638921 -5.135041
v -1.088696 4.631511 -5.130598
v -1.086964 4.634827 -5.132307
v -1.088558 4.634289 -5.130668
v -1.084934 4.634989 -5.133129
v -1.079372 4.637932 -5.134685
v -1.082020 4.636390 -5.134175
v -1.087875 4.632668 -5.130628
v -1.085918 4.633921 -5.132279
v -5.245564 4.616447 -4.664353
v -5.249847 4.620645 -4.673149
v -5.245560 4.612085 -4.668502
v -5.247196 4.616728 -4.666303
v -5.248585 4.617625 -4.668658
v -5.245564 4.616085 -4.665977
v -5.247139 4.616384 -4.667314
v -5.248016 4.616353 -4.668634
v -5.249516 4.618647 -4.671403
v -5.248581 4.616322 -4.669908
v -5.249039 4.617655 -4.670003
v -5.245564 4.613724 -4.668222
v -5.245567 4.615128 -4.667335
v -5.247192 4.614016 -4.668890
v -5.247139 4.615040 -4.668593
v -5.242626 1.055000 -4.576975
v -5.246880 1.043874 -4.580608
v -5.243305 1.053284 -4.573313
v -5.244251 1.052431 -4.577126
v -5.243515 1.053867 -4.576618
v -5.246605 1.046311 -4.579960
v -5.245831 1.048955 -4.578350
v -5.243881 1.052936 -4.574636
v -5.243958 1.053141 -4.575798
v -5.244843 1.051813 -4.576233
v -0.134247 5.108471 -5.143262
v -0.131786 5.104958 -5.144277
v -0.133995 5.103861 -5.147714
v -0.133179 5.108212 -5.142736
v -0.132336 5.107453 -5.142744
v -0.134190 5.108078 -5.145010
v -0.132282 5.107685 -5.144765
v -0.131046 5.107078 -5.144704
v -0.131077 5.106497 -5.145864
v -0.131813 5.103930 -5.145584
v -0.132240 5.103359 -5.146698
v -0.131847 5.106310 -5.143283
v -0.131142 5.105719 -5.145051
v -0.131004 5.105324 -5.146400
v -0.134052 5.105585 -5.147418
v -0.134121 5.107065 -5.146469
v -0.133007 5.103334 -5.147443
v -0.132198 5.105360 -5.147010
v -5.249149 5.193150 -0.035228
v -5.245667 5.194436 -0.032629
v -5.244549 5.197826 -0.035143
v -5.248882 5.192673 -0.034114
v -5.248127 5.192750 -0.033229
v -5.248798 5.194942 -0.035225
v -5.248394 5.194768 -0.033261
v -5.247780 5.194771 -0.031982
v -5.247211 5.195957 -0.032053
v -5.244637 5.195765 -0.032726
v -5.244061 5.196874 -0.033236
v -5.246998 5.193369 -0.032707
v -5.246418 5.195177 -0.032062
v -5.246037 5.196539 -0.031984
v -5.246307 5.197472 -0.035178
v -5.247803 5.196458 -0.035205
v -5.244030 5.197598 -0.034086
v -5.246078 5.197116 -0.033245
v -5.248028 5.083740 -5.154162
v -5.247986 5.079046 -5.158633
v -5.252533 5.079239 -5.154172
v -5.248020 5.083345 -5.155904
v -5.248009 5.082315 -5.157365
v -5.249760 5.083384 -5.154182
v -5.249691 5.082840 -5.155850
v -5.249641 5.082127 -5.157182
v -5.250622 5.081734 -5.156776
v -5.249733 5.079073 -5.158292
v -5.251209 5.079119 -5.157327
v -5.247997 5.080805 -5.158324
v -5.249680 5.080766 -5.157828
v -5.251022 5.080750 -5.157167
v -5.252197 5.080948 -5.154185
v -5.251225 5.082405 -5.154190
v -5.252193 5.079178 -5.155879
v -5.251698 5.080837 -5.155839
v -5.251030 5.082167 -5.155810
v -5.242752 -0.014182 -5.032684
v -5.244034 -0.016246 -5.029102
v -5.247501 -0.013664 -5.028358
v -5.242268 -0.015084 -5.032379
v -5.242344 -0.015794 -5.031591
v -5.244576 -0.014075 -5.032345
v -5.244366 -0.015885 -5.031891
v -5.244347 -0.017051 -5.031246
v -5.245361 -0.016225 -5.028166
v -5.246490 -0.015726 -5.027697
v -5.242962 -0.016200 -5.030439
v -5.244759 -0.016910 -5.029909
v -5.246124 -0.017018 -5.029579
v -5.247143 -0.013795 -5.030006
v -5.246117 -0.013939 -5.031406
v -5.247242 -0.014828 -5.027763
v -5.246738 -0.015754 -5.029694
v -5.245956 -0.016250 -5.031160
v -4.768291 5.095006 -1.009212
v -4.765278 5.095058 -1.007967
v -4.764004 5.090635 -1.015121
v -4.768253 5.095052 -1.007352
v -4.767666 5.095077 -1.006462
v -4.767765 5.093358 -1.010090
v -4.767666 5.093360 -1.008258
v -4.766735 5.092573 -1.008600
v -4.764977 5.093406 -1.008937
v -4.764629 5.091985 -1.010639
v -4.766621 5.095079 -1.006677
v -4.766338 5.093386 -1.007711
v -4.765446 5.090993 -1.013287
v -4.766766 5.091949 -1.011521
v -4.764290 5.091012 -1.012810
v -4.765781 5.091440 -1.010856
v -4.766842 5.092213 -1.009534
v -4.772942 5.007666 -4.668056
v -4.768646 5.003438 -4.667953
v -4.768684 5.007597 -4.672313
v -4.772602 5.006039 -4.668016
v -4.771667 5.004664 -4.667984
v -4.772617 5.007629 -4.669684
v -4.772213 5.005960 -4.669686
v -4.771458 5.004845 -4.669574
v -4.768650 5.003725 -4.669590
v -4.768661 5.004616 -4.670993
v -4.770279 5.003751 -4.667961
v -4.770325 5.004101 -4.669641
v -4.770248 5.004826 -4.670784
v -4.770313 5.007591 -4.671989
v -4.771694 5.007604 -4.671067
v -4.768673 5.005974 -4.671950
v -4.770344 5.005930 -4.671557
v -4.771465 5.006024 -4.670812
v -1.107250 5.035063 -4.670817
v -1.113232 5.030860 -4.666457
v -1.106003 5.035144 -4.667804
v -1.108154 5.033440 -4.670262
v -1.109612 5.032070 -4.669240
v -1.105389 5.035078 -4.670779
v -1.107620 5.032300 -4.669322
v -1.106678 5.032645 -4.669219
v -1.110916 5.031195 -4.666749
v -1.108727 5.032127 -4.667110
v -1.111393 5.031164 -4.667903
v -1.108952 5.031565 -4.668248
v -1.104713 5.035122 -4.669149
v -1.104496 5.035099 -4.670192
v -1.107002 5.033512 -4.667480
v -1.105564 5.033516 -4.669705
v -4.773022 4.604518 -5.055738
v -4.768791 4.608809 -5.055837
v -4.768764 4.604651 -5.051477
v -4.772709 4.606150 -5.055776
v -4.771797 4.607538 -5.055807
v -4.772697 4.604559 -5.054105
v -4.772320 4.606235 -5.054105
v -4.771580 4.607362 -5.054215
v -4.768791 4.608524 -5.054198
v -4.768784 4.607633 -5.052795
v -4.770420 4.608473 -5.055830
v -4.770458 4.608120 -5.054149
v -4.770370 4.607400 -5.053007
v -4.770393 4.604632 -5.051799
v -4.771778 4.604599 -5.052724
v -4.768776 4.606274 -5.051837
v -4.770447 4.606293 -5.052230
v -4.771572 4.606182 -5.052978
v -4.747673 0.939101 -4.968267
v -4.743458 0.945235 -4.964149
v -4.744648 0.937872 -4.968237
v -4.747166 0.940060 -4.966658
v -4.746185 0.941562 -4.965311
v -4.747623 0.937241 -4.968222
v -4.746250 0.939565 -4.965479
v -4.746136 0.938617 -4.965794
v -4.743729 0.942909 -4.964418
v -4.744045 0.940693 -4.965290
v -4.744884 0.943381 -4.964428
v -4.745205 0.940930 -4.964762
v -4.745983 0.936576 -4.968204
v -4.747028 0.936354 -4.968199
v -4.744370 0.938924 -4.966629
v -4.746590 0.937475 -4.966640
v -1.090012 4.636393 -5.054336
v -1.088745 4.633394 -5.054264
v -1.096035 4.632191 -5.049977
v -1.088608 4.636173 -5.054330
v -1.091400 4.636097 -5.052698
v -1.089699 4.635754 -5.052747
v -1.088615 4.635254 -5.052775
v -1.089790 4.634780 -5.051847
v -1.089954 4.632675 -5.052618
v -1.091763 4.632195 -5.051223
v -1.087925 4.634552 -5.054290
v -1.089012 4.634130 -5.052709
v -1.090298 4.633821 -5.051443
v -1.094658 4.633823 -5.050340
v -1.093033 4.635196 -5.051295
v -1.093899 4.632025 -5.050298
v -1.092251 4.633768 -5.050809
v -1.090839 4.635103 -5.051473
v -5.158642 4.704722 -0.986148
v -5.154354 4.700344 -0.992097
v -5.158623 4.701744 -0.984835
v -5.157009 4.704374 -0.987529
v -5.155621 4.703418 -0.989145
v -5.158642 4.704525 -0.984743
v -5.157063 4.704060 -0.985825
v -5.155800 4.703365 -0.986953
v -5.156181 4.703066 -0.985901
v -5.154678 4.700217 -0.989959
v -5.155605 4.700439 -0.987830
v -5.154690 4.702003 -0.990749
v -5.155163 4.701995 -0.988341
v -5.155796 4.702093 -0.986391
v -5.158630 4.702915 -0.984032
v -5.156990 4.700975 -0.986029
v -5.157055 4.702446 -0.985112
v -5.157101 4.703577 -0.984734
v -5.158569 4.616944 -4.664363
v -5.158546 4.612585 -4.668521
v -5.154285 4.612711 -4.664262
v -5.158569 4.616583 -4.665987
v -5.158566 4.615625 -4.667345
v -5.156940 4.616630 -4.664355
v -5.156895 4.616200 -4.666017
v -5.156975 4.615423 -4.667123
v -5.156918 4.612602 -4.668197
v -5.155533 4.612633 -4.667274
v -5.158558 4.614222 -4.668235
v -5.156887 4.614282 -4.667844
v -5.155758 4.614222 -4.667095
v -5.154621 4.614338 -4.664300
v -5.155552 4.615715 -4.664332
v -5.154610 4.612669 -4.665893
v -5.155010 4.614337 -4.665973
v -5.155766 4.615459 -4.665916
v -5.137520 0.953581 -4.580946
v -5.136826 0.950595 -4.577372
v -5.133266 0.953871 -4.576950
v -5.138100 0.952151 -4.580605
v -5.138168 0.951081 -4.579805
v -5.135891 0.953634 -4.580721
v -5.136162 0.951413 -4.580248
v -5.136253 0.949942 -4.579588
v -5.135117 0.950133 -4.579142
v -5.135456 0.950652 -4.576548
v -5.134300 0.951297 -4.576178
v -5.137722 0.950534 -4.578671
v -5.135944 0.949988 -4.578266
v -5.134598 0.950035 -4.578035
v -5.133591 0.953791 -4.578558
v -5.134514 0.953707 -4.579884
v -5.133533 0.952423 -4.576317
v -5.133987 0.951545 -4.578205
v -5.134693 0.951072 -4.579617
v -5.109734 4.075908 -2.982883
v -5.105854 4.074129 -2.981263
v -5.108265 4.076208 -2.983169
v -5.107014 4.075976 -2.982962
v -5.106167 4.075245 -2.982292
v -5.110638 3.274969 -3.812048
v -5.114517 3.276767 -3.813683
v -5.110947 3.276094 -3.813082
v -5.111794 3.276830 -3.813757
v -5.113049 3.277067 -3.813969
v -5.100582 3.733844 -2.667164
v -5.104523 3.731766 -2.665223
v -5.100868 3.732698 -2.666106
v -5.101719 3.731903 -2.665366
v -5.103001 3.731574 -2.665056
v -5.109306 2.932643 -3.496039
v -5.105370 2.934726 -3.497986
v -5.107784 2.932453 -3.495873
v -5.106503 2.932781 -3.496183
v -5.105656 2.933579 -3.496925
v -5.112526 3.698777 -3.424242
v -5.108654 3.696998 -3.422621
v -5.111057 3.699077 -3.424528
v -5.109806 3.698846 -3.424320
v -5.108963 3.698115 -3.423651
v -5.107327 3.355134 -3.107041
v -5.103390 3.357202 -3.108974
v -5.105804 3.354942 -3.106873
v -5.104523 3.355266 -3.107181
v -5.103672 3.356061 -3.107919
v -5.110458 2.500310 -3.813747
v -5.106518 2.502425 -3.815723
v -5.108936 2.500120 -3.813581
v -5.107651 2.500458 -3.813900
v -5.106800 2.501267 -3.814651
v -5.111786 2.842755 -4.129866
v -5.115681 2.844586 -4.131531
v -5.112099 2.843895 -4.130913
v -5.112946 2.844642 -4.131599
v -5.114204 2.844885 -4.131817
v -5.110779 1.938205 -4.121443
v -5.106831 1.941313 -4.122963
v -5.109249 1.938091 -4.121243
v -5.107964 1.938640 -4.121462
v -5.107113 1.939773 -4.122066
v -5.112148 2.384248 -4.388777
v -5.116066 2.387058 -4.389978
v -5.112461 2.385762 -4.389649
v -5.113316 2.386832 -4.390184
v -5.114582 2.387285 -4.390299
v -5.110329 0.917563 -4.592108
v -5.106339 0.930258 -4.587162
v -5.110283 0.917044 -4.590217
v -5.108803 0.920422 -4.591473
v -5.107510 0.923839 -4.590306
v -5.110580 0.916239 -4.591999
v -5.108955 0.918205 -4.591209
v -5.107685 0.920431 -4.590259
v -5.108078 0.918949 -4.590095
v -5.106621 0.926995 -4.587044
v -5.107471 0.923335 -4.587584
v -5.106644 0.927294 -4.588793
v -5.107063 0.923403 -4.588840
v -5.107670 0.920219 -4.589104
v -5.110554 0.915959 -4.590973
v -5.108757 0.919842 -4.588698
v -5.108936 0.917929 -4.589908
v -5.109039 0.916894 -4.590828
v -5.115845 1.884905 -4.614317
v -5.111897 1.886145 -4.611408
v -5.114349 1.885442 -4.614512
v -5.113075 1.885866 -4.614029
v -5.112213 1.886114 -4.612938
v -5.106167 4.402839 -2.494711
v -5.102268 4.401724 -2.492018
v -5.104694 4.403192 -2.494917
v -5.103436 4.403104 -2.494478
v -5.102581 4.402588 -2.493459
v -5.095818 4.118253 -2.042269
v -5.099751 4.116796 -2.039177
v -5.096100 4.117347 -2.040770
v -5.096943 4.116752 -2.039656
v -5.098228 4.116560 -2.039097
v -5.097809 4.706494 -1.934254
v -5.101704 4.709317 -1.933625
v -5.098114 4.708015 -1.934428
v -5.098961 4.709084 -1.934369
v -5.100224 4.709541 -1.934087
v -5.089363 4.714576 -0.793865
v -5.089333 4.712762 -0.793344
v -5.085491 4.709136 -0.807236
v -5.089569 4.714504 -0.792534
v -5.087864 4.713806 -0.796901
v -5.087994 4.713612 -0.794644
v -5.088062 4.713277 -0.793305
v -5.087135 4.712455 -0.795465
v -5.087833 4.711101 -0.796301
v -5.086578 4.709827 -0.799979
v -5.089554 4.713524 -0.792252
v -5.087978 4.712343 -0.794359
v -5.086746 4.711427 -0.796782
v -5.085770 4.710862 -0.804138
v -5.086605 4.712501 -0.800508
v -5.085754 4.709138 -0.803819
v -5.086166 4.711043 -0.800100
v -5.086758 4.712558 -0.797008
v -5.216908 4.032836 -2.942484
v -5.213135 4.037466 -2.946780
v -5.216637 4.034172 -2.943720
v -5.215824 4.035522 -2.944969
v -5.214596 4.036678 -2.946045
v -5.217915 3.238329 -3.777582
v -5.221691 3.233680 -3.773268
v -5.219376 3.237538 -3.776844
v -5.220608 3.236376 -3.775765
v -5.221420 3.235022 -3.774509
v -5.208736 3.761544 -2.692093
v -5.212776 3.765905 -2.696094
v -5.210270 3.762226 -2.692713
v -5.211571 3.763294 -2.693690
v -5.212452 3.764585 -2.694877
v -5.217560 2.966786 -3.526915
v -5.213520 2.962421 -3.522907
v -5.217236 2.965464 -3.525696
v -5.216354 2.964171 -3.524508
v -5.215050 2.963104 -3.523529
v -5.219707 3.655708 -3.383843
v -5.215931 3.660334 -3.388136
v -5.219433 3.657042 -3.385078
v -5.218620 3.658390 -3.386326
v -5.217392 3.659546 -3.387401
v -5.215580 3.389263 -3.137902
v -5.211544 3.384912 -3.133910
v -5.215256 3.387949 -3.136689
v -5.214375 3.386658 -3.135505
v -5.213070 3.385594 -3.134529
v -5.218704 2.534487 -3.844651
v -5.214661 2.530083 -3.840611
v -5.218380 2.533151 -3.843422
v -5.217499 2.531848 -3.842220
v -5.216190 2.530770 -3.841233
v -5.219051 2.806158 -4.095440
v -5.222839 2.801464 -4.091086
v -5.220516 2.805362 -4.094698
v -5.221752 2.804192 -4.093609
v -5.222569 2.802824 -4.092341
v -5.219017 1.973630 -4.151762
v -5.214966 1.967974 -4.148304
v -5.218693 1.971815 -4.150755
v -5.217812 1.970104 -4.149744
v -5.216499 1.968756 -4.148882
v -5.219395 2.348646 -4.353901
v -5.223202 2.342703 -4.350132
v -5.220867 2.347752 -4.353201
v -5.222107 2.346309 -4.352240
v -5.222927 2.344537 -4.351162
v -5.214466 0.947294 -4.618637
v -5.214466 0.946812 -4.617077
v -5.218529 0.965582 -4.614592
v -5.214802 0.945424 -4.618355
v -5.216022 0.951432 -4.618534
v -5.216068 0.949168 -4.618435
v -5.216080 0.947798 -4.618185
v -5.216854 0.950702 -4.617716
v -5.216003 0.951031 -4.616098
v -5.217316 0.956081 -4.615284
v -5.216061 0.948974 -4.617295
v -5.217171 0.952427 -4.616861
v -5.218220 0.961330 -4.616343
v -5.217339 0.956361 -4.617726
v -5.218201 0.961189 -4.614754
v -5.217754 0.956529 -4.616570
v -5.217178 0.952550 -4.617897
v -5.222950 1.844909 -4.572642
v -5.219116 1.846512 -4.578258
v -5.222675 1.845080 -4.574377
v -5.221848 1.845443 -4.576052
v -5.220600 1.845947 -4.577415
v -5.213318 4.360605 -2.452966
v -5.209541 4.364408 -2.458617
v -5.213051 4.361622 -2.454718
v -5.212238 4.362703 -2.456407
v -5.211006 4.363681 -2.457777
v -5.203960 4.146575 -2.066044
v -5.208012 4.150152 -2.071490
v -5.205494 4.147195 -2.066774
v -5.206799 4.148095 -2.068065
v -5.207684 4.149131 -2.069721
v -5.205032 4.670901 -1.897547
v -5.208858 4.665248 -1.895460
v -5.206509 4.670032 -1.896975
v -5.207752 4.668651 -1.896378
v -5.208576 4.666973 -1.895846
v -5.193539 4.744046 -0.820692
v -5.197704 4.739679 -0.839335
v -5.193539 4.742540 -0.820210
v -5.195110 4.743888 -0.824937
v -5.196453 4.743001 -0.829970
v -5.193741 4.744087 -0.819372
v -5.195129 4.743846 -0.822623
v -5.196270 4.743261 -0.826069
v -5.195927 4.743119 -0.824182
v -5.197357 4.739935 -0.834867
v -5.196442 4.740568 -0.829665
v -5.197365 4.741523 -0.835027
v -5.196873 4.741853 -0.830124
v -5.196262 4.742232 -0.825936
v -5.195103 4.741484 -0.824518
v -5.195126 4.742721 -0.822422
v -5.195126 4.743631 -0.821222
v -4.191963 2.914733 -5.042295
v -4.190506 2.913583 -5.038130
v -4.192410 2.915147 -5.040896
v -4.192291 2.915073 -5.039616
v -4.191624 2.914524 -5.038643
v -3.424332 3.774745 -5.053945
v -3.425800 3.775907 -5.058103
v -3.425453 3.775690 -5.054458
v -3.426125 3.776243 -5.055429
v -3.426247 3.776318 -5.056707
v -3.841412 2.616973 -4.970041
v -3.838898 2.614750 -4.973556
v -3.840206 2.615944 -4.970112
v -3.839306 2.615158 -4.970803
v -3.838848 2.614741 -4.972014
v -3.072746 3.475934 -4.989376
v -3.075275 3.478168 -4.985864
v -3.072701 3.475924 -4.987834
v -3.073162 3.476346 -4.986623
v -3.074066 3.477135 -4.985932
v -3.832081 3.370089 -5.055273
v -3.830627 3.368938 -5.051116
v -3.832531 3.370502 -5.053876
v -3.832413 3.370430 -5.052598
v -3.831741 3.369880 -5.051630
v -3.479527 3.070537 -4.986641
v -3.482033 3.072753 -4.983127
v -3.479473 3.070527 -4.985098
v -3.479935 3.070945 -4.983890
v -3.480831 3.071726 -4.983195
v -2.653744 3.810968 -4.983175
v -2.656311 3.813236 -4.979665
v -2.653698 3.810963 -4.981631
v -2.654171 3.811392 -4.980422
v -2.655087 3.812190 -4.979733
v -3.005463 4.109896 -5.047765
v -3.006958 4.111080 -5.051932
v -3.006596 4.110849 -5.048280
v -3.007275 4.111411 -5.049253
v -3.007404 4.111492 -5.050537
v -2.085003 4.141803 -4.969937
v -2.088623 4.143579 -4.966393
v -2.085033 4.141759 -4.968390
v -2.085735 4.142082 -4.967173
v -2.086994 4.142721 -4.966470
v -2.558434 4.395109 -5.032660
v -2.560883 4.395761 -5.036787
v -2.559929 4.395862 -5.033159
v -2.560921 4.396250 -5.034119
v -2.561256 4.396215 -5.035392
v -0.984436 4.654917 -4.957038
v -0.997292 4.650391 -4.953118
v -0.983940 4.653021 -4.956747
v -0.987400 4.654440 -4.955551
v -0.990887 4.653414 -4.954282
v -0.983097 4.654771 -4.957164
v -0.985184 4.654161 -4.955554
v -0.987495 4.653348 -4.954296
v -0.985996 4.653143 -4.954605
v -0.994068 4.650248 -4.953252
v -0.990402 4.650696 -4.953989
v -0.994358 4.651992 -4.953429
v -0.990486 4.651997 -4.953683
v -0.987289 4.652197 -4.954170
v -0.982830 4.653746 -4.957006
v -0.986843 4.651670 -4.955216
v -0.984921 4.652859 -4.955397
v -0.983875 4.653770 -4.955530
v -2.064510 4.677790 -5.014045
v -2.073013 4.675898 -5.014197
v -2.070271 4.675381 -5.010411
v -2.066521 4.677629 -5.014237
v -2.068840 4.677214 -5.014333
v -2.065842 4.678154 -5.012619
v -2.067764 4.677883 -5.012794
v -2.069519 4.677637 -5.012912
v -2.072876 4.676638 -5.012805
v -2.072304 4.676800 -5.011596
v -2.071121 4.676605 -5.014319
v -2.071171 4.677149 -5.012882
v -2.071022 4.677441 -5.011734
v -2.068958 4.676849 -5.010653
v -2.067406 4.677824 -5.011428
v -2.071388 4.676359 -5.010756
v -2.070122 4.677245 -5.011125
v -2.068893 4.677886 -5.011662
v -4.500328 2.415147 -5.019226
v -4.499496 2.412901 -5.014988
v -4.500828 2.415479 -5.017818
v -4.500843 2.415170 -5.016520
v -4.500378 2.414264 -5.015524
v -4.202251 1.979004 -4.937199
v -4.200317 1.975610 -4.940645
v -4.201271 1.977526 -4.937243
v -4.200558 1.976362 -4.937914
v -4.200222 1.975690 -4.939108
v -4.783443 1.845203 -4.981968
v -4.785858 1.844064 -4.986019
v -4.784935 1.845275 -4.982427
v -4.785915 1.845083 -4.983357
v -4.786243 1.844659 -4.984619
v -4.752083 0.711836 -4.858937
v -4.750263 0.711402 -4.858690
v -4.747513 0.725754 -4.855961
v -4.751945 0.710496 -4.859003
v -4.751564 0.715035 -4.857693
v -4.751282 0.712787 -4.857574
v -4.750896 0.711465 -4.857474
v -4.750240 0.713739 -4.856701
v -4.748859 0.714559 -4.857357
v -4.747841 0.718397 -4.856369
v -4.750961 0.710262 -4.858870
v -4.750011 0.712561 -4.857413
v -4.749302 0.715132 -4.856358
v -4.749092 0.722567 -4.856081
v -4.750515 0.718804 -4.856690
v -4.747368 0.722327 -4.855877
v -4.749092 0.718505 -4.856083
v -4.750435 0.715306 -4.856495
v -4.137478 2.866046 -5.140451
v -4.142590 2.870475 -5.137567
v -4.138874 2.867239 -5.140429
v -4.140335 2.868500 -5.139873
v -4.141640 2.869636 -5.138866
v -3.376427 3.731646 -5.153378
v -3.371304 3.727208 -5.156264
v -3.375473 3.730804 -5.154679
v -3.374168 3.729666 -5.155685
v -3.372704 3.728403 -5.156242
v -3.859535 2.629979 -5.082237
v -3.863632 2.633373 -5.087040
v -3.860088 2.630417 -5.083879
v -3.861061 2.631214 -5.085366
v -3.862309 2.632252 -5.086476
v -3.097492 3.494567 -5.102861
v -3.093388 3.491165 -5.098056
v -3.096165 3.493443 -5.102298
v -3.094917 3.492402 -5.101186
v -3.093941 3.491602 -5.099699
v -3.777599 3.321404 -5.153438
v -3.782703 3.325827 -5.150552
v -3.778996 3.322595 -5.153411
v -3.780453 3.323853 -5.152856
v -3.781757 3.324989 -5.151853
v -3.504253 3.089154 -5.100124
v -3.500164 3.085768 -5.095325
v -3.502930 3.088037 -5.099563
v -3.501690 3.087001 -5.098453
v -3.500717 3.086205 -5.096964
v -2.678532 3.829638 -5.096664
v -2.674381 3.826199 -5.091847
v -2.677185 3.828501 -5.096097
v -2.675922 3.827448 -5.094984
v -2.674938 3.826639 -5.093490
v -2.957592 4.066829 -5.147192
v -2.952435 4.062359 -5.150086
v -2.956638 4.065983 -5.148498
v -2.955322 4.064837 -5.149507
v -2.953846 4.063564 -5.150065
v -2.111103 4.159843 -5.083379
v -2.105637 4.157031 -5.078599
v -2.109253 4.158947 -5.082829
v -2.107563 4.158096 -5.081728
v -2.106293 4.157424 -5.080242
v -2.511532 4.351523 -5.132019
v -2.505169 4.347715 -5.134995
v -2.510483 4.350725 -5.133338
v -2.508904 4.349721 -5.134368
v -2.507038 4.348663 -5.134948
v -1.005047 4.669874 -5.065633
v -1.004574 4.668247 -5.065406
v -1.022125 4.665579 -5.070089
v -1.003155 4.669506 -5.065773
v -1.008827 4.669639 -5.067319
v -1.006638 4.669498 -5.067241
v -1.005318 4.669220 -5.067157
v -1.008041 4.668701 -5.068028
v -1.008507 4.667152 -5.067066
v -1.013226 4.666258 -5.068539
v -1.006481 4.668334 -5.067120
v -1.009693 4.667824 -5.068357
v -1.018070 4.667314 -5.069732
v -1.013401 4.668738 -5.068759
v -1.018005 4.665708 -5.069601
v -1.013550 4.667522 -5.069091
v -1.009769 4.668873 -5.068452
v -2.017166 4.627896 -5.112820
v -2.019939 4.633800 -5.109212
v -2.017654 4.629644 -5.112545
v -2.018353 4.631378 -5.111763
v -2.019157 4.632838 -5.110593
v -4.446629 2.365087 -5.117298
v -4.450970 2.370899 -5.114472
v -4.447727 2.366808 -5.117302
v -4.448936 2.368517 -5.116766
v -4.450077 2.369953 -5.115772
v -4.220955 1.990841 -5.049322
v -4.224319 1.995703 -5.054214
v -4.221455 1.991389 -5.050970
v -4.222267 1.992505 -5.052477
v -4.223274 1.994023 -5.053617
v -4.736523 1.799836 -5.081227
v -4.730457 1.797651 -5.084292
v -4.735497 1.799165 -5.082552
v -4.733982 1.798514 -5.083596
v -4.732216 1.797981 -5.084209
v -4.772415 0.727043 -4.967551
v -4.768330 0.745372 -4.973167
v -4.770901 0.726630 -4.967364
v -4.772259 0.731117 -4.969523
v -4.771427 0.736030 -4.971283
v -4.772133 0.728815 -4.969305
v -4.771564 0.732157 -4.970728
v -4.771389 0.730321 -4.970185
v -4.768463 0.740949 -4.972393
v -4.768997 0.735834 -4.971016
v -4.770046 0.741037 -4.972563
v -4.770248 0.736193 -4.971611
v -4.770538 0.732073 -4.970615
v -4.771572 0.725487 -4.967520
v -4.769855 0.730807 -4.969253
v -4.771008 0.728666 -4.969175
v -4.771870 0.727433 -4.969139
v -3.827187 4.989703 -3.472230
v -3.828873 4.993497 -3.474133
v -3.828220 4.989962 -3.473361
v -3.828907 4.990774 -3.474119
v -3.829136 4.992016 -3.474390
v -3.094822 4.992540 -3.533931
v -3.092960 4.996569 -3.531972
v -3.093773 4.992875 -3.532796
v -3.093052 4.993758 -3.532025
v -3.092766 4.995057 -3.531736
v -3.407818 4.982570 -3.874574
v -3.409496 4.986363 -3.876466
v -3.408848 4.982830 -3.875701
v -3.409531 4.983643 -3.876456
v -3.409756 4.984882 -3.876725
v -3.514214 4.999671 -3.131610
v -3.512348 5.003699 -3.129650
v -3.513165 5.000006 -3.130476
v -3.512440 5.000891 -3.129704
v -3.512154 5.002187 -3.129414
v -3.869190 5.007806 -2.703181
v -3.867306 5.011840 -2.701195
v -3.868134 5.008142 -2.702034
v -3.867405 5.009028 -2.701255
v -3.867111 5.010326 -2.700960
v -4.182526 4.997827 -3.044190
v -4.184235 5.001629 -3.046118
v -4.183567 4.998086 -3.045331
v -4.184261 4.998901 -3.046098
v -4.184494 5.000144 -3.046375
v -4.469070 5.006642 -2.604059
v -4.470745 5.010461 -2.606140
v -4.470100 5.006903 -2.605260
v -4.470783 5.007720 -2.606078
v -4.471012 5.008969 -2.606386
v -4.161850 5.016888 -2.250288
v -4.159992 5.020932 -2.248149
v -4.160801 5.017228 -2.249083
v -4.160084 5.018114 -2.248252
v -4.159798 5.019414 -2.247926
v -4.806202 5.033454 -1.394231
v -4.810143 5.037784 -1.385151
v -4.807747 5.033844 -1.390770
v -4.809036 5.034802 -1.387830
v -4.809879 5.036186 -1.385855
v -4.709301 5.016769 -2.120430
v -4.709579 5.020550 -2.125508
v -4.709801 5.017005 -2.122779
v -4.710030 5.017808 -2.124570
v -4.709953 5.019052 -2.125529
v -4.547802 5.033418 -1.459329
v -4.547337 5.037529 -1.454201
v -4.547287 5.033782 -1.456980
v -4.547016 5.034690 -1.455181
v -4.547035 5.036006 -1.454205
v -2.614899 4.986889 -3.889125
v -2.612881 4.990917 -3.887240
v -2.613792 4.987224 -3.888019
v -2.613018 4.988107 -3.887271
v -2.612701 4.989403 -3.886998
v -2.945248 4.976974 -4.223138
v -2.947067 4.980777 -4.224946
v -2.946335 4.977235 -4.224233
v -2.947060 4.978048 -4.224961
v -2.947319 4.979294 -4.225212
v -1.569149 4.974045 -4.685237
v -1.560230 4.978148 -4.689446
v -1.565769 4.974342 -4.686864
v -1.562889 4.975227 -4.688235
v -1.560944 4.976562 -4.689141
v -1.677223 4.980861 -4.372914
v -1.671787 4.984872 -4.372724
v -1.674809 4.981190 -4.372456
v -1.672928 4.982066 -4.372258
v -1.671867 4.983361 -4.372353
v -2.414719 4.972616 -4.536649
v -2.419617 4.976460 -4.536698
v -2.416985 4.972886 -4.537075
v -2.418713 4.973711 -4.537232
v -2.419636 4.974968 -4.537099
v -3.794613 5.098574 -3.438659
v -3.790386 5.102554 -3.434129
v -3.793900 5.100067 -3.437912
v -3.792850 5.101351 -3.436789
v -3.791615 5.102222 -3.435461
v -3.121502 5.099401 -3.564846
v -3.125549 5.103241 -3.569322
v -3.122143 5.100899 -3.565570
v -3.123138 5.102156 -3.566677
v -3.124336 5.102978 -3.567995
v -3.375233 5.091442 -3.840991
v -3.371017 5.095421 -3.836472
v -3.374523 5.092936 -3.840246
v -3.373474 5.094217 -3.839125
v -3.372242 5.095089 -3.837799
v -3.540886 5.106532 -3.162522
v -3.544941 5.110373 -3.167002
v -3.541531 5.108030 -3.163249
v -3.542526 5.109286 -3.164355
v -3.543724 5.110109 -3.165673
v -3.895844 5.114664 -2.734064
v -3.899918 5.118510 -2.738570
v -3.896488 5.116165 -2.734793
v -3.897488 5.117422 -2.735905
v -3.898693 5.118244 -2.737232
v -4.149979 5.106687 -3.010651
v -4.145725 5.110677 -3.006088
v -4.149265 5.108184 -3.009900
v -4.148209 5.109469 -3.008770
v -4.146961 5.110343 -3.007431
v -4.436501 5.115484 -2.570684
v -4.432285 5.119495 -2.565924
v -4.435791 5.116989 -2.569917
v -4.434738 5.118280 -2.568743
v -4.433506 5.119159 -2.567340
v -4.188526 5.123743 -2.281014
v -4.192558 5.127587 -2.285709
v -4.189167 5.125246 -2.281758
v -4.190163 5.126504 -2.282912
v -4.191349 5.127326 -2.284299
v -4.807335 5.141265 -1.383896
v -4.802418 5.145196 -1.394541
v -4.806923 5.142839 -1.384692
v -4.805847 5.144140 -1.386994
v -4.804264 5.144966 -1.390453
v -4.675354 5.125522 -2.090070
v -4.672897 5.129636 -2.081498
v -4.674774 5.127042 -2.089010
v -4.674103 5.128356 -2.087008
v -4.673447 5.129269 -2.084371
v -4.575867 5.140330 -1.487063
v -4.578133 5.144104 -1.495544
v -4.576374 5.141829 -1.488096
v -4.576984 5.143071 -1.490071
v -4.577599 5.143871 -1.492686
v -2.641422 5.093747 -3.920110
v -2.645664 5.097589 -3.924493
v -2.642078 5.095245 -3.920829
v -2.643116 5.096502 -3.921915
v -2.644375 5.097325 -3.923201
v -2.912811 5.085840 -4.189477
v -2.908413 5.089825 -4.185059
v -2.912086 5.087336 -4.188737
v -2.910995 5.088619 -4.187638
v -2.909706 5.089493 -4.186347
v -1.557419 5.081600 -4.688193
v -1.567577 5.085829 -4.683174
v -1.558155 5.083199 -4.687796
v -1.560349 5.084565 -4.686702
v -1.563656 5.085488 -4.685079
v -1.700325 5.087696 -4.405593
v -1.708824 5.091567 -4.407861
v -1.701305 5.089199 -4.406152
v -1.703266 5.090462 -4.406779
v -1.705910 5.091293 -4.407381
v -2.385372 5.081488 -4.501242
v -2.377171 5.085459 -4.498978
v -2.384357 5.082988 -4.500665
v -2.382442 5.084271 -4.500032
v -2.379917 5.085138 -4.499440
v -1.006294 5.032739 -4.705359
v -1.006794 5.032696 -4.707021
v -1.005409 5.032707 -4.706937
v -4.812675 5.100530 -0.919725
v -4.814407 5.100507 -0.920231
v -4.814293 5.100540 -0.918836
v -5.246300 5.140783 -2.594606
v -5.250843 5.136210 -2.594484
v -5.248039 5.140446 -2.593874
v -5.249516 5.139459 -2.593595
v -5.250500 5.137971 -2.593808
v -5.245384 2.532435 -5.095659
v -5.250019 2.532939 -5.091274
v -5.247162 2.531776 -5.095303
v -5.248669 2.531642 -5.094345
v -5.249668 2.532049 -5.092930
v -5.244850 2.589094 -2.530866
v -5.248325 2.590135 -2.531453
v -5.246181 2.588650 -2.530367
v -5.247307 2.588691 -2.530302
v -2.690983 5.091465 -5.153173
v -2.691071 5.096106 -5.148727
v -2.690289 5.093204 -5.152872
v -2.690060 5.094699 -5.151919
v -2.690334 5.095716 -5.150465
v -2.688725 5.149696 -2.588456
v -2.689400 5.153146 -2.589247
v -2.688240 5.151037 -2.588006
v -2.688198 5.152162 -2.587999
v -2.687908 2.544359 -5.086691
v -2.688389 2.544883 -5.090200
v -2.687408 2.543846 -5.088013
v -2.687328 2.543765 -5.089144
v -4.771263 5.132726 -2.840608
v -4.775845 5.137022 -2.838355
v -4.771622 5.134358 -2.840469
v -4.772617 5.135747 -2.839992
v -4.774101 5.136684 -2.839249
v -2.936268 5.107989 -4.678231
v -2.938614 5.103846 -4.673561
v -2.937176 5.107710 -4.676475
v -2.937943 5.106825 -4.674972
v -2.938446 5.105467 -4.673947
v -2.933899 5.146369 -2.837429
v -2.936283 5.142043 -2.839778
v -2.934822 5.146019 -2.838359
v -2.935600 5.145074 -2.839135
v -2.936111 5.143678 -2.839632
v -4.760296 2.769734 -5.098970
v -4.764915 2.767372 -5.103157
v -4.760651 2.769523 -5.100595
v -4.761650 2.769001 -5.101961
v -4.763149 2.768246 -5.102861
v -2.929352 4.620623 -5.136734
v -2.927071 4.625019 -5.141109
v -2.929176 4.620925 -5.138372
v -2.928680 4.621866 -5.139780
v -2.927940 4.623304 -5.140740
v -2.914436 2.781241 -5.097088
v -2.916645 2.783652 -5.092897
v -2.915283 2.782134 -5.096790
v -2.916000 2.782906 -5.095890
v -2.916477 2.783438 -5.094522
v -5.249866 4.664928 -2.823006
v -5.245598 4.660333 -2.825247
v -5.249538 4.663162 -2.823864
v -5.248611 4.661668 -2.824590
v -5.247231 4.660676 -2.825075
v -5.248363 2.832029 -4.626871
v -5.244091 2.832533 -4.622726
v -5.248035 2.832905 -4.625257
v -5.247108 2.833308 -4.623903
v -5.245724 2.833176 -4.623014
v -5.248383 2.876028 -2.776937
v -5.244366 2.876647 -2.779353
v -5.248077 2.876908 -2.777836
v -5.247208 2.877335 -2.778611
v -5.245903 2.877244 -2.779145
v -4.766323 5.047058 -2.840658
v -4.770618 5.051337 -2.838634
v -4.767956 5.047388 -2.839853
v -4.769344 5.048317 -2.839184
v -4.770279 5.049704 -2.838756
v -2.937965 5.021330 -4.671566
v -2.940060 5.017156 -4.667203
v -2.938114 5.019707 -4.671203
v -2.938564 5.018343 -4.670246
v -2.939247 5.017447 -4.668841
v -2.935638 5.065101 -2.837884
v -2.938618 5.060749 -2.840789
v -2.935856 5.063465 -2.838074
v -2.936497 5.062063 -2.838692
v -2.937466 5.061108 -2.839647
v -4.756104 2.774065 -5.007792
v -4.760349 2.771810 -5.012003
v -4.757729 2.773233 -5.008099
v -4.759106 2.772512 -5.009007
v -4.760025 2.772013 -5.010378
v -2.931511 4.618430 -5.050725
v -2.929401 4.622602 -5.055086
v -2.930706 4.620058 -5.051089
v -2.930019 4.621424 -5.052045
v -2.929562 4.622316 -5.053449
v -2.916698 2.785634 -5.011251
v -2.919739 2.788721 -5.007065
v -2.916931 2.785900 -5.009626
v -2.917591 2.786581 -5.008259
v -2.918575 2.787571 -5.007360
v -5.158607 4.660833 -2.825256
v -5.154324 4.656547 -2.827293
v -5.156975 4.660516 -2.825413
v -5.155586 4.659588 -2.825853
v -5.154655 4.658195 -2.826514
v -5.148029 2.782419 -4.624706
v -5.143772 2.782415 -4.620586
v -5.146397 2.781735 -4.624420
v -5.145016 2.781493 -4.623537
v -5.144093 2.781732 -4.622190
v -5.147827 2.826283 -2.781345
v -5.143810 2.827115 -2.784517
v -5.146286 2.825702 -2.781612
v -5.144981 2.825656 -2.782307
v -5.144112 2.826151 -2.783328
v -4.773266 5.051142 -4.669094
v -4.769009 5.051073 -4.673350
v -4.772942 5.051107 -4.670722
v -4.772018 5.051084 -4.672105
v -4.770638 5.051071 -4.673028
v -1.106323 5.074177 -4.668761
v -1.107571 5.074100 -4.671775
v -1.105495 5.074156 -4.669913
v -1.106171 5.074116 -4.671546
v -4.747650 0.938063 -5.011751
v -4.744625 0.936835 -5.011715
v -4.747410 0.936664 -5.011717
v -4.745770 0.935999 -5.011698
v -1.089985 4.635449 -5.092506
v -1.088722 4.632454 -5.092433
v -1.088581 4.635232 -5.092498
v -1.087898 4.633610 -5.092458
v -5.202053 4.612335 -4.668513
v -5.202068 4.616696 -4.664360
v -5.202057 4.613974 -4.668230
v -5.202065 4.615377 -4.667340
v -5.202065 4.616335 -4.665980
v -5.202126 4.701515 -0.984851
v -5.202137 4.704472 -0.986143
v -5.202129 4.702678 -0.984041
v -5.202137 4.704278 -0.984740
v -4.768616 5.132921 -1.010149
v -4.765598 5.132967 -1.008902
v -4.768383 5.132953 -1.008749
v -4.766750 5.132978 -1.008073
v -4.768764 4.607773 -5.099315
v -4.772999 4.603480 -5.099221
v -4.770393 4.607435 -5.099309
v -4.771770 4.606503 -5.099290
v -4.772686 4.605112 -5.099258
v -5.190056 1.001929 -4.575344
v -5.190063 1.004279 -4.578960
v -5.190052 1.001010 -4.576683
v -5.190052 1.001135 -4.577839
v -5.190056 1.002282 -4.578642
v -5.109753 3.489094 -3.625444
v -5.113625 3.490881 -3.627070
v -5.110062 3.490215 -3.626475
v -5.110905 3.490947 -3.627146
v -5.112156 3.491180 -3.627355
v -5.102081 3.552559 -2.893263
v -5.106018 3.550489 -2.891327
v -5.102367 3.551418 -2.892207
v -5.103214 3.550624 -2.891468
v -5.104496 3.550298 -2.891161
v -5.107346 3.892545 -3.207084
v -5.111225 3.894323 -3.208702
v -5.107658 3.893662 -3.208113
v -5.108501 3.894391 -3.208781
v -5.109756 3.894624 -3.208988
v -5.104485 3.149132 -3.311640
v -5.108421 3.147059 -3.309702
v -5.104771 3.147990 -3.310585
v -5.105618 3.147195 -3.309845
v -5.106899 3.146868 -3.309536
v -5.106045 2.719741 -3.665546
v -5.109985 2.717642 -3.663587
v -5.106327 2.718588 -3.664482
v -5.107178 2.717785 -3.663735
v -5.108459 2.717453 -3.663421
v -5.111317 3.060093 -3.979707
v -5.115200 3.061905 -3.981358
v -5.111626 3.061223 -3.980751
v -5.112473 3.061965 -3.981430
v -5.113728 3.062203 -3.981642
v -5.112061 2.619159 -4.265152
v -5.115967 2.621124 -4.266769
v -5.112373 2.620350 -4.266182
v -5.113228 2.621142 -4.266851
v -5.114487 2.621413 -4.267057
v -5.106785 2.266028 -3.957075
v -5.110733 2.263777 -3.955145
v -5.107071 2.264817 -3.956019
v -5.107922 2.263963 -3.955284
v -5.109207 2.263600 -3.954975
v -5.109119 1.408208 -4.599285
v -5.113247 1.398995 -4.603136
v -5.109428 1.404733 -4.600813
v -5.110325 1.401764 -4.602082
v -5.111664 1.399747 -4.602899
v -5.112064 2.134828 -4.504181
v -5.115997 2.139794 -4.504408
v -5.112381 2.137171 -4.504683
v -5.113239 2.138938 -4.504902
v -5.114510 2.139858 -4.504805
v -5.106644 1.473941 -4.341055
v -5.110592 1.468694 -4.340510
v -5.106930 1.471584 -4.340530
v -5.107780 1.469756 -4.340242
v -5.109066 1.468745 -4.340235
v -5.098763 3.908993 -2.414235
v -5.102699 3.906996 -2.412148
v -5.099045 3.907881 -2.413121
v -5.099892 3.907110 -2.412333
v -5.101173 3.906799 -2.411991
v -5.104179 4.242308 -2.745397
v -5.108067 4.243997 -2.747154
v -5.104492 4.243392 -2.746481
v -5.105339 4.244094 -2.747194
v -5.106594 4.244308 -2.747432
v -5.091648 4.707817 -1.370500
v -5.095718 4.711925 -1.361521
v -5.091934 4.709442 -1.367120
v -5.092808 4.710793 -1.364227
v -5.094139 4.711666 -1.362260
v -5.091137 4.395149 -1.477797
v -5.095047 4.394856 -1.472295
v -5.091408 4.394687 -1.475377
v -5.092247 4.394468 -1.473481
v -5.093525 4.394531 -1.472399
v -5.100082 4.557168 -2.215666
v -5.104012 4.557092 -2.220496
v -5.100403 4.557579 -2.217928
v -5.101261 4.557708 -2.219639
v -5.102528 4.557537 -2.220541
v -5.217030 3.452439 -3.590964
v -5.220806 3.447805 -3.586666
v -5.218491 3.451650 -3.590229
v -5.219719 3.450493 -3.589151
v -5.220531 3.449142 -3.587902
v -5.210236 3.580269 -2.918196
v -5.214272 3.584621 -2.922190
v -5.211765 3.580949 -2.918816
v -5.213070 3.582016 -2.919792
v -5.213947 3.583305 -2.920977
v -5.214626 3.855880 -3.172598
v -5.218403 3.851255 -3.168306
v -5.216087 3.855091 -3.171861
v -5.217316 3.853937 -3.170789
v -5.218128 3.852588 -3.169539
v -5.212639 3.176838 -3.336572
v -5.216675 3.181192 -3.340569
v -5.214169 3.177518 -3.337192
v -5.215469 3.178584 -3.338169
v -5.216351 3.179876 -3.339355
v -5.214191 2.747417 -3.690454
v -5.218235 2.751799 -3.694474
v -5.215721 2.748101 -3.691075
v -5.217030 2.749172 -3.692058
v -5.217907 2.750472 -3.693252
v -5.218586 3.023470 -3.945261
v -5.222370 3.018803 -3.940929
v -5.220051 3.022678 -3.944521
v -5.221283 3.021513 -3.943438
v -5.222095 3.020151 -3.942175
v -5.219315 2.582701 -4.230684
v -5.223114 2.577839 -4.226389
v -5.220787 2.581891 -4.229946
v -5.222023 2.580684 -4.228870
v -5.222839 2.579261 -4.227621
v -5.214924 2.293549 -3.982006
v -5.218975 2.298119 -3.985983
v -5.216457 2.294246 -3.982626
v -5.217770 2.295363 -3.983597
v -5.218651 2.296723 -3.984778
v -5.216579 1.394723 -4.598577
v -5.220741 1.405259 -4.593617
v -5.218170 1.395470 -4.598143
v -5.219521 1.397739 -4.597046
v -5.220421 1.401173 -4.595459
v -5.219299 2.101391 -4.468338
v -5.223122 2.092706 -4.465797
v -5.220779 2.100288 -4.467730
v -5.222023 2.098251 -4.467033
v -5.222843 2.095587 -4.466353
v -5.214779 1.498463 -4.367373
v -5.218834 1.506826 -4.369587
v -5.216312 1.499451 -4.367857
v -5.217625 1.501387 -4.368447
v -5.218510 1.503977 -4.369057
v -5.206913 3.936775 -2.439016
v -5.210953 3.941032 -2.443203
v -5.208443 3.937447 -2.439650
v -5.209747 3.938493 -2.440668
v -5.210629 3.939752 -2.441915
v -5.211456 4.205562 -2.711056
v -5.215237 4.201039 -2.706581
v -5.212917 4.204781 -2.710305
v -5.214149 4.203648 -2.709191
v -5.214962 4.202334 -2.707884
v -5.199028 4.707654 -1.356962
v -5.203281 4.702487 -1.367039
v -5.200630 4.707208 -1.357673
v -5.202000 4.706069 -1.359837
v -5.202930 4.704412 -1.363127
v -5.199253 4.424633 -1.499162
v -5.203331 4.426765 -1.507600
v -5.200790 4.425144 -1.500120
v -5.202103 4.425730 -1.502060
v -5.202995 4.426300 -1.504686
v -5.207363 4.518670 -2.184410
v -5.211128 4.516311 -2.176142
v -5.208828 4.518051 -2.183369
v -5.210060 4.517387 -2.181432
v -5.210865 4.516777 -2.178894
v -5.141438 4.727651 -0.806778
v -5.141449 4.729314 -0.807281
v -5.141434 4.729236 -0.805898
v -5.162376 0.931929 -4.603645
v -5.162395 0.932430 -4.605379
v -5.162380 0.930451 -4.604889
v -3.630852 3.579756 -5.053739
v -3.632309 3.580908 -5.057893
v -3.631969 3.580696 -5.054250
v -3.632637 3.581246 -5.055222
v -3.632755 3.581321 -5.056501
v -3.668896 2.849703 -4.977846
v -3.666389 2.847486 -4.981360
v -3.667698 2.848676 -4.977915
v -3.666798 2.847895 -4.978609
v -3.666340 2.847475 -4.979817
v -4.017685 3.146052 -5.045875
v -4.019138 3.147201 -5.050033
v -4.018803 3.146994 -5.046385
v -4.019466 3.147541 -5.047357
v -4.019588 3.147614 -5.048636
v -3.282082 3.283424 -4.985715
v -3.279568 3.281199 -4.989227
v -3.280880 3.282394 -4.985785
v -3.279980 3.281610 -4.986476
v -3.279518 3.281190 -4.987686
v -2.867245 3.654284 -4.983852
v -2.864704 3.652035 -4.987361
v -2.866032 3.653243 -4.983921
v -2.865120 3.652451 -4.984611
v -2.864655 3.652027 -4.985818
v -3.216419 3.950956 -5.051952
v -3.217899 3.952129 -5.056116
v -3.217545 3.951907 -5.052467
v -3.218220 3.952461 -5.053440
v -3.218346 3.952540 -5.054719
v -2.787769 4.255273 -5.041333
v -2.789398 4.256395 -5.045497
v -2.788952 4.256204 -5.041846
v -2.789677 4.256744 -5.042819
v -2.789833 4.256811 -5.044101
v -2.423565 3.964270 -4.973466
v -2.420849 3.962053 -4.976978
v -2.422283 3.963243 -4.973534
v -2.421318 3.962461 -4.974226
v -2.420815 3.962044 -4.975433
v -1.533482 4.662877 -4.981694
v -1.524582 4.666342 -4.985709
v -1.530254 4.664385 -4.981945
v -1.527431 4.665575 -4.982795
v -1.525440 4.666262 -4.984118
v -2.314716 4.536545 -5.021932
v -2.318943 4.536203 -5.025976
v -2.316895 4.536917 -5.022398
v -2.318462 4.536983 -5.023331
v -2.319183 4.536732 -5.024587
v -1.588131 4.381122 -4.959571
v -1.582390 4.380307 -4.963180
v -1.585690 4.380631 -4.959674
v -1.583740 4.380304 -4.960395
v -1.582581 4.380191 -4.961627
v -4.006908 2.357869 -4.958639
v -4.004471 2.355499 -4.962145
v -4.005733 2.356784 -4.958706
v -4.004860 2.355952 -4.959395
v -4.004417 2.355500 -4.960602
v -4.349659 2.671741 -5.027966
v -4.351028 2.673031 -5.032143
v -4.350742 2.672736 -5.028482
v -4.351387 2.673332 -5.029457
v -4.351486 2.673435 -5.030743
v -4.765472 1.285228 -4.918936
v -4.768856 1.275720 -4.922436
v -4.766941 1.281767 -4.919026
v -4.768101 1.278745 -4.919725
v -4.768772 1.276623 -4.920921
v -4.458260 1.405897 -4.900730
v -4.457397 1.400057 -4.904019
v -4.457687 1.403485 -4.900715
v -4.457321 1.401524 -4.901333
v -4.457222 1.400323 -4.902494
v -4.644600 2.131426 -4.999058
v -4.644321 2.135845 -5.003428
v -4.645058 2.133622 -4.999641
v -4.645164 2.135235 -5.000679
v -4.644905 2.136013 -5.002008
v -3.582932 3.536645 -5.153174
v -3.577824 3.532219 -5.156059
v -3.581985 3.535806 -5.154478
v -3.580677 3.534670 -5.155480
v -3.579220 3.533409 -5.156037
v -3.687027 2.862716 -5.090044
v -3.691116 2.866102 -5.094843
v -3.687580 2.863153 -5.091683
v -3.688553 2.863949 -5.093172
v -3.689793 2.864985 -5.094282
v -3.969765 3.102940 -5.145310
v -3.964657 3.098516 -5.148194
v -3.968815 3.102103 -5.146610
v -3.967510 3.100967 -5.147616
v -3.966053 3.099708 -5.148171
v -3.300205 3.296429 -5.097909
v -3.304302 3.299821 -5.102714
v -3.300762 3.296865 -5.099550
v -3.301735 3.297664 -5.101039
v -3.302979 3.298702 -5.102149
v -2.885342 3.667265 -5.096036
v -2.889469 3.670683 -5.100851
v -2.885899 3.667704 -5.097681
v -2.886875 3.668507 -5.099168
v -2.888130 3.669552 -5.100284
v -3.168530 3.907872 -5.151384
v -3.163391 3.903421 -5.154275
v -3.167576 3.907029 -5.152689
v -3.166264 3.905888 -5.153696
v -3.164795 3.904621 -5.154253
v -2.740040 4.212147 -5.140744
v -2.734711 4.207756 -5.143655
v -2.739067 4.211308 -5.142055
v -2.737717 4.210178 -5.143068
v -2.736183 4.208931 -5.143631
v -2.441486 3.977281 -5.085646
v -2.445820 3.980650 -5.090465
v -2.442059 3.977717 -5.087287
v -2.443081 3.978510 -5.088781
v -2.444405 3.979540 -5.089899
v -1.510334 4.651941 -5.087149
v -1.519215 4.646753 -5.091379
v -1.510838 4.651370 -5.088705
v -1.512699 4.650185 -5.090055
v -1.515644 4.648562 -5.090993
v -2.269604 4.491971 -5.121192
v -2.261086 4.489363 -5.124284
v -2.268383 4.491262 -5.122525
v -2.266338 4.490518 -5.123580
v -2.263775 4.489851 -5.124198
v -1.603020 4.395535 -5.071840
v -1.611103 4.397153 -5.076543
v -1.603878 4.395837 -5.073474
v -1.605717 4.396250 -5.074945
v -1.608253 4.396711 -5.076023
v -4.025108 2.370728 -5.070826
v -4.029110 2.374309 -5.075638
v -4.025654 2.371178 -5.072466
v -4.026608 2.372019 -5.073958
v -4.027821 2.373118 -5.075070
v -4.301662 2.628777 -5.127403
v -4.296650 2.624165 -5.130283
v -4.300720 2.627925 -5.128706
v -4.299438 2.626747 -5.129711
v -4.298008 2.625428 -5.130263
v -4.754597 1.261313 -5.023933
v -4.749409 1.271147 -5.028691
v -4.754025 1.261883 -5.025549
v -4.752838 1.263952 -5.027022
v -4.751217 1.267205 -5.028126
v -4.478035 1.415285 -5.012693
v -4.480064 1.423187 -5.017784
v -4.478432 1.416066 -5.014359
v -4.478958 1.417843 -5.015907
v -4.479530 1.420343 -5.017111
v -4.594971 2.091607 -5.098660
v -4.591976 2.083131 -5.101338
v -4.594181 2.090455 -5.099949
v -4.593330 2.088442 -5.100912
v -4.592560 2.085869 -5.101399
v -4.760582 0.719015 -4.913027
v -4.762253 0.719442 -4.913244
v -4.761223 0.717839 -4.912964
v -0.994259 4.660635 -5.011075
v -0.994724 4.662388 -5.011243
v -0.993095 4.661313 -5.011075
v -2.048328 4.653768 -5.061834
v -2.039978 4.655923 -5.061433
v -2.042774 4.654267 -5.065151
v -2.046543 4.654584 -5.061749
v -2.044331 4.655280 -5.061642
v -2.042027 4.655749 -5.061531
v -4.769947 5.173833 -1.005178
v -5.248520 4.705417 -0.980075
v -5.245644 1.050369 -4.577536
v -1.083374 4.635754 -5.133758
vn -0.0481 -0.9972 -0.0574
vn 0.0059 -0.9997 0.0239
vn -0.0527 -0.9971 -0.0544
vn -0.6081 0.3326 -0.7209
vn -0.6229 0.4249 -0.6568
vn -0.5829 0.4241 -0.6931
vn 0.0707 -0.9933 0.0913
vn 0.7400 0.2911 0.6064
vn 0.7473 0.3814 0.5442
vn 0.7733 0.2885 0.5647
vn -0.0727 -0.9968 -0.0338
vn -0.0690 -0.9969 -0.0381
vn -0.5654 0.3309 -0.7555
vn -0.5423 0.4221 -0.7265
vn 0.5709 0.2962 0.7657
vn 0.4897 0.3859 0.7819
vn 0.5517 0.3890 0.7378
vn 0.6642 0.2948 0.6870
vn 0.6803 0.3876 0.6221
vn 0.7047 0.2926 0.6463
vn -0.0648 -0.9970 -0.0415
vn -0.0609 -0.9971 -0.0456
vn 0.0750 -0.9933 0.0879
vn 0.7814 0.3760 0.4980
vn 0.8082 0.2828 0.5166
vn -0.8204 0.3207 -0.4733
vn -0.7581 0.4166 -0.5018
vn -0.7891 0.3261 -0.5206
vn -0.7559 0.3304 -0.5651
vn -0.6935 0.4230 -0.5832
vn -0.7234 0.3300 -0.6065
vn 0.8153 0.3689 0.4464
vn 0.8420 0.2778 0.4625
vn 0.8393 0.3625 0.4051
vn 0.8666 0.2698 0.4197
vn -0.8629 0.3142 -0.3958
vn -0.8151 0.4055 -0.4139
vn -0.8463 0.3164 -0.4285
vn -0.0769 -0.9966 -0.0297
vn 0.8499 0.3592 0.3857
vn 0.8765 0.2688 0.3994
vn 0.6804 0.3904 0.6201
vn 0.8467 0.1057 0.5215
vn -0.9476 0.2603 -0.1850
vn -0.8323 0.4007 -0.3830
vn 0.0059 -0.9997 0.0238
vn -0.0864 -0.9960 -0.0207
vn -0.0817 -0.9963 -0.0252
vn -0.5219 0.3285 -0.7872
vn -0.5007 0.4190 -0.7575
vn -0.4801 0.3262 -0.8143
vn -0.4609 0.4151 -0.7844
vn 0.4441 0.2893 0.8480
vn 0.3998 0.3779 0.8351
vn 0.4303 0.3810 0.8183
vn 0.0667 -0.9932 0.0955
vn -0.4504 0.3251 -0.8315
vn -0.4327 0.4118 -0.8020
vn -0.2251 0.2759 -0.9345
vn -0.2255 0.3724 -0.9003
vn 0.4124 0.2879 0.8643
vn 0.6271 0.3925 0.6728
vn 0.0561 -0.9931 0.1033
vn -0.5963 0.4970 -0.6304
vn -0.5579 0.4967 -0.6649
vn -0.0059 0.9997 -0.0239
vn -0.0725 0.9947 -0.0726
vn 0.7146 0.3850 0.5840
vn 0.7186 0.4603 0.5212
vn 0.0637 0.9977 0.0217
vn -0.0059 0.9997 -0.0238
vn 0.0669 0.9976 0.0175
vn -0.5194 0.4941 -0.6971
vn -0.4797 0.4916 -0.7268
vn 0.6411 0.3894 0.6613
vn 0.5750 0.4691 0.6704
vn 0.6160 0.4680 0.6337
vn 0.6534 0.4673 0.5956
vn 0.5988 0.3898 0.6996
vn 0.5298 0.4685 0.7070
vn -0.6601 0.4245 -0.6198
vn -0.7258 0.4205 -0.5444
vn -0.6635 0.4967 -0.5596
vn -0.6949 0.4936 -0.5229
vn 0.7855 0.4473 0.4277
vn 0.0611 0.9978 0.0259
vn -0.7887 0.4114 -0.4568
vn -0.7266 0.4886 -0.4831
vn -0.7566 0.4834 -0.4404
vn 0.8206 0.4353 0.3702
vn 0.0715 0.9973 0.0150
vn -0.7825 0.4773 -0.3999
vn -0.9144 0.3570 -0.1906
vn -0.8006 0.4706 -0.3710
vn 0.7893 0.4728 0.3918
vn -0.0551 0.9945 -0.0893
vn 0.4702 0.4649 0.7502
vn 0.4133 0.4588 0.7866
vn -0.4425 0.4866 -0.7533
vn -0.4163 0.4816 -0.7712
vn -0.0480 0.9942 -0.0964
vn -0.0513 0.9944 -0.0925
vn 0.3848 0.4532 0.8041
vn 0.5741 0.5549 0.6021
vn -0.2281 0.4459 -0.8655
vn 0.6201 0.2961 0.7265
vn -0.0160 -0.0884 -0.9960
vn -0.0482 0.0135 -0.9987
vn -0.0657 0.1133 -0.9914
vn 0.0471 0.9981 0.0387
vn 0.0430 0.9982 0.0417
vn 0.6874 0.4628 0.5598
vn 0.0507 0.9981 0.0351
vn 0.0517 -0.9926 0.1095
vn -0.0569 -0.9971 -0.0500
vn 0.0342 0.9981 0.0510
vn -0.9974 -0.0720 0.0072
vn -0.9694 -0.2403 0.0503
vn -0.9992 0.0275 -0.0291
vn -0.9666 0.0938 0.2383
vn -0.9904 0.1285 -0.0503
vn -0.0759 0.9947 -0.0688
vn -0.6879 0.3345 -0.6441
vn -0.0587 0.9946 -0.0860
vn -0.6319 0.4968 -0.5948
vn 0.0059 -0.9973 -0.0727
vn 0.0498 -0.9921 0.1148
vn -0.0235 -0.9963 -0.0830
vn -0.0419 -0.9970 -0.0656
vn -0.0323 0.9931 -0.1131
vn -0.0462 0.9940 -0.0991
vn 0.0323 0.9980 0.0551
vn -0.0123 0.9928 -0.1188
vn -0.0900 -0.9958 -0.0185
vn 0.0821 -0.9934 0.0804
vn 0.7518 0.4555 0.4769
vn -0.0867 0.9945 -0.0593
vn -0.0058 0.9997 -0.0237
vn 0.0790 -0.9933 0.0845
vn 0.0855 -0.9935 0.0758
vn 0.0542 0.9980 0.0320
vn 0.5064 0.2924 0.8112
vn 0.9951 0.0993 -0.0033
vn 0.9953 0.0098 0.0967
vn 0.9881 0.1385 0.0666
vn 0.0378 0.9982 0.0455
vn 0.0058 -0.9997 0.0237
vn -0.1041 -0.9946 -0.0019
vn 0.0984 -0.9929 0.0668
vn -0.0902 -0.9956 0.0258
vn 0.0744 0.9971 0.0137
vn -0.1008 0.9945 -0.0283
vn -0.0203 0.9998 0.0089
vn -0.0983 0.9940 -0.0472
vn 0.0231 -0.2918 -0.9562
vn 0.0895 -0.4659 -0.8803
vn -0.0443 -0.9971 -0.0625
vn -0.0229 -0.1401 -0.9899
vn -0.0834 0.9946 -0.0613
vn -0.6495 0.3339 -0.6831
vn 0.0575 0.9979 0.0289
vn -0.0794 0.9947 -0.0649
vn 0.0904 -0.9933 0.0716
vn 0.8097 0.4400 0.3884
vn -0.8801 0.4319 -0.1975
vn -0.0687 0.9948 -0.0757
vn -0.0657 0.9947 -0.0790
vn -0.0623 0.9946 -0.0826
vn 0.0624 -0.9931 0.0994
vn 0.0948 -0.9932 0.0681
vn -1.0000 -0.0053 -0.0082
vn -1.0000 -0.0004 -0.0003
vn -1.0000 -0.0009 0.0012
vn 0.0129 0.0563 0.9983
vn 0.0336 0.0249 0.9991
vn -0.0656 0.0253 0.9975
vn 0.1244 0.0903 0.9881
vn -0.0651 0.0238 0.9976
vn -0.9898 -0.1023 0.0997
vn -1.0000 -0.0057 0.0001
vn -0.9946 -0.1038 0.0024
vn -0.0123 -0.0303 -0.9995
vn 0.0042 -0.0252 -0.9997
vn -0.0872 0.0659 -0.9940
vn 0.9930 0.1043 -0.0553
vn 1.0000 0.0079 -0.0014
vn -0.0731 -0.9970 0.0246
vn 0.0075 -0.9972 -0.0743
vn 0.0075 -0.9997 0.0242
vn -0.9955 0.0623 -0.0715
vn -0.9966 -0.0379 -0.0733
vn -0.0153 0.9996 -0.0224
vn -0.0055 0.9997 -0.0218
vn -0.0032 0.9997 -0.0235
vn 0.9928 0.1089 -0.0494
vn 1.0000 0.0069 0.0004
vn 0.9962 0.0874 -0.0015
vn -0.0075 0.9972 0.0742
vn -0.0808 0.9920 -0.0971
vn -0.0777 0.9969 0.0106
vn 0.9913 -0.0922 -0.0943
vn 0.9952 0.0046 -0.0982
vn -0.0045 0.9997 -0.0240
vn 0.1449 0.9812 0.1276
vn 0.0017 -0.0277 -0.9996
vn 0.1653 -0.1865 -0.9684
vn 0.0115 -0.2250 -0.9743
vn 0.0007 -0.0254 -0.9997
vn -0.6560 -0.2036 -0.7268
vn -0.7072 -0.0233 -0.7067
vn -0.6477 -0.0243 -0.7615
vn -0.0011 0.1287 0.9917
vn 0.0968 0.0245 0.9950
vn -0.0006 0.0242 0.9997
vn -1.0000 -0.0029 0.0027
vn -0.9949 -0.0034 -0.1007
vn -1.0000 -0.0008 0.0041
vn -0.9681 -0.1736 0.1809
vn -0.9876 0.0557 0.1470
vn 0.0172 0.9998 -0.0038
vn -0.0030 0.9998 -0.0213
vn 0.0854 0.9961 -0.0211
vn -0.7055 0.0577 -0.7063
vn -0.7621 -0.0222 -0.6470
vn 0.6063 -0.5036 0.6155
vn 0.6045 -0.5914 0.5337
vn 0.7444 -0.4596 0.4844
vn 0.0004 -0.0245 -0.9997
vn -0.0963 -0.0245 -0.9950
vn -0.0941 0.0725 -0.9929
vn -1.0000 -0.0027 0.0003
vn -0.9956 -0.0932 0.0022
vn -0.0050 0.9996 -0.0278
vn -0.0050 0.9970 0.0773
vn -0.1015 0.9946 -0.0218
vn -0.0250 0.9842 0.1750
vn -0.9955 0.0952 -0.0016
vn 0.0078 -0.9968 -0.0794
vn 0.1057 -0.9941 0.0238
vn 0.0788 -0.9911 -0.1068
vn -0.7089 0.6994 -0.0910
vn -0.6525 0.7575 -0.0185
vn -0.7110 0.7030 -0.0175
vn -1.0000 0.0002 0.0009
vn -0.9881 -0.1393 -0.0647
vn -0.7427 0.6593 -0.1175
vn -0.7652 0.6436 -0.0164
vn -0.0366 -0.9970 -0.0681
vn -0.0056 0.9997 -0.0245
vn -0.0046 0.9922 -0.1246
vn -0.1017 0.9874 -0.1210
vn 0.0031 -0.0143 -0.9999
vn -0.0038 -0.0242 -0.9997
vn 0.0849 -0.0233 -0.9961
vn -0.9994 -0.0244 0.0239
vn 0.1938 0.9802 -0.0397
vn 0.9965 0.0064 -0.0830
vn 0.9943 0.1064 -0.0038
vn 0.0008 -0.0729 0.9973
vn -0.1274 -0.0452 0.9908
vn 0.2515 0.6779 -0.6908
vn -0.0021 0.6375 -0.7705
vn 0.3294 0.6582 -0.6770
vn 0.5152 -0.5931 0.6187
vn 0.4628 -0.4482 0.7648
vn 0.5711 0.6037 -0.5562
vn 0.5785 0.6216 -0.5281
vn -0.1218 -0.9881 0.0944
vn 0.0057 -0.9997 0.0239
vn -0.0993 -0.9948 0.0237
vn 0.0020 0.0718 -0.9974
vn 0.0031 -0.0274 -0.9996
vn 0.9944 0.0044 -0.1056
vn 0.9959 -0.0905 0.0028
vn 0.1886 -0.0209 -0.9818
vn 0.4701 -0.7330 0.4916
vn 0.5786 -0.5644 0.5888
vn -0.9906 0.0938 -0.0993
vn -0.0964 -0.0740 0.9926
vn 0.2336 0.6744 -0.7004
vn 0.4151 0.7708 -0.4833
vn -0.1616 0.6046 -0.7800
vn 0.0960 0.1213 0.9880
vn -0.0013 0.1217 0.9926
vn -0.6879 0.1363 -0.7129
vn -0.7274 0.1853 -0.6608
vn -0.7045 0.0754 -0.7056
vn -0.6604 0.7166 -0.2244
vn -0.7075 0.6972 -0.1153
vn 0.1041 -0.9919 -0.0728
vn -0.7718 0.6111 -0.1755
vn 0.0009 0.9995 -0.0326
vn -0.0950 0.9893 -0.1106
vn -0.1057 0.1189 0.9873
vn -0.0814 0.0238 0.9964
vn -0.0508 0.2308 0.9717
vn 0.9895 0.1097 0.0940
vn 0.0225 -0.0438 -0.9988
vn 0.0974 -0.1192 -0.9881
vn 0.0006 -0.0239 -0.9997
vn 0.0990 -0.0231 -0.9948
vn -0.0689 0.0450 -0.9966
vn 0.0297 0.0504 -0.9983
vn -0.9949 0.0018 0.1010
vn -0.9999 0.0134 0.0053
vn -0.9951 -0.0034 0.0986
vn -0.9913 0.1155 0.0639
vn -0.0912 -0.9886 0.1197
vn -0.0917 -0.9955 0.0238
vn 0.0924 0.9954 -0.0239
vn 0.0218 0.9953 -0.0940
vn 0.0898 0.9932 0.0741
vn -0.0075 0.9997 -0.0239
vn 0.0041 -0.1204 -0.9927
vn 0.0013 -0.1219 -0.9925
vn -0.0738 -0.0547 -0.9958
vn 0.9769 0.0507 -0.2077
vn -0.9929 0.0828 -0.0850
vn 0.0242 -0.9994 -0.0262
vn 0.0057 -0.9984 -0.0570
vn -0.1531 -0.9849 -0.0808
vn 0.9940 0.0873 -0.0654
vn 0.9999 0.0054 -0.0109
vn 0.9940 0.0846 -0.0693
vn -0.3636 0.7099 -0.6033
vn -0.4543 0.6425 -0.6170
vn -0.4539 0.6789 -0.5771
vn 0.9966 -0.0623 0.0542
vn -0.2605 -0.6126 0.7462
vn -0.3527 -0.5532 0.7548
vn -0.2575 -0.5711 0.7795
vn 0.9941 0.0624 -0.0891
vn 0.9941 0.0673 -0.0856
vn -0.3622 0.7441 -0.5614
vn -0.4522 0.7124 -0.5366
vn -0.2631 -0.7723 0.5782
vn -0.3545 -0.7915 0.4978
vn -0.3579 -0.7474 0.5597
vn -0.2638 -0.6935 0.6704
vn -0.3578 -0.6314 0.6880
vn -0.2623 -0.6527 0.7108
vn 0.9942 0.0706 -0.0817
vn 0.9941 0.0752 -0.0780
vn 0.9966 -0.0584 0.0589
vn -0.3481 -0.5068 0.7887
vn -0.2543 -0.5225 0.8138
vn -0.3483 0.4618 -0.8157
vn -0.4438 0.4875 -0.7520
vn -0.3545 0.5089 -0.7845
vn -0.3583 0.5536 -0.7517
vn -0.4515 0.5688 -0.6875
vn -0.3620 0.5941 -0.7184
vn -0.3420 -0.4549 0.8223
vn -0.2484 -0.4684 0.8479
vn -0.3363 -0.4134 0.8462
vn -0.2436 -0.4251 0.8718
vn -0.3404 0.3844 -0.8581
vn -0.4311 0.3998 -0.8089
vn -0.3432 0.4176 -0.8413
vn 0.9938 0.0587 -0.0941
vn -0.3334 -0.3938 0.8566
vn -0.2419 -0.4049 0.8818
vn -0.3481 -0.4986 0.7939
vn -0.0766 -0.5213 0.8499
vn -0.2823 0.1750 -0.9432
vn -0.4257 0.3690 -0.8262
vn 0.9935 0.0490 -0.1028
vn 0.9937 0.0540 -0.0982
vn -0.3607 0.7758 -0.5178
vn -0.4493 0.7436 -0.4952
vn -0.3577 0.8032 -0.4763
vn -0.4456 0.7707 -0.4554
vn -0.2564 -0.8551 0.4507
vn -0.3465 -0.8448 0.4078
vn -0.3496 -0.8280 0.4383
vn 0.9965 -0.0668 0.0506
vn -0.3562 0.8207 -0.4467
vn -0.4423 0.7885 -0.4274
vn -0.3067 0.9255 -0.2223
vn -0.4023 0.8884 -0.2210
vn -0.2550 -0.8714 0.4191
vn -0.3620 -0.6815 0.6360
vn 0.9965 -0.0738 0.0393
vn -0.5250 0.6141 -0.5892
vn -0.5254 0.6482 -0.5511
vn -0.9999 -0.0054 0.0109
vn -0.9975 0.0432 -0.0556
vn -0.3557 -0.5932 0.7222
vn -0.4331 -0.5325 0.7272
vn -0.9954 -0.0508 0.0808
vn -0.9953 -0.0469 0.0845
vn -0.5228 0.6812 -0.5125
vn -0.5206 0.7109 -0.4729
vn -0.3590 -0.6708 0.6490
vn -0.4397 -0.6820 0.5844
vn -0.4396 -0.6453 0.6247
vn -0.4382 -0.6075 0.6626
vn -0.3591 -0.7092 0.6067
vn -0.4381 -0.7193 0.5392
vn -0.4535 0.6054 -0.6541
vn -0.4484 0.5300 -0.7198
vn -0.5228 0.5437 -0.6566
vn -0.5193 0.5070 -0.6879
vn -0.4219 -0.4384 0.7936
vn -0.9955 -0.0547 0.0779
vn -0.4378 0.4426 -0.7826
vn -0.5151 0.4667 -0.7189
vn -0.5091 0.4239 -0.7491
vn -0.4112 -0.3795 0.8288
vn -0.9999 -0.0055 0.0110
vn -0.9951 -0.0439 0.0884
vn -0.5023 0.3836 -0.7749
vn -0.3778 0.1778 -0.9086
vn -0.4954 0.3549 -0.7928
vn -0.4797 -0.4593 0.7476
vn -0.9975 0.0596 -0.0381
vn -0.4348 -0.7622 0.4795
vn -0.4282 -0.7986 0.4230
vn -0.5158 0.7376 -0.4358
vn -0.5121 0.7551 -0.4093
vn -0.9973 0.0666 -0.0311
vn -0.9974 0.0637 -0.0350
vn -0.4225 -0.8162 0.3941
vn -0.5276 -0.6167 0.5842
vn -0.4746 0.8516 -0.2226
vn -0.2633 -0.7337 0.6264
vn 0.0587 0.9981 -0.0195
vn -0.0435 0.9978 -0.0501
vn -0.1433 0.9875 -0.0658
vn -0.9956 -0.0679 0.0643
vn -0.9956 -0.0716 0.0597
vn -0.4364 -0.5698 0.6963
vn -0.9956 -0.0641 0.0677
vn 0.9961 -0.0807 0.0353
vn 0.9943 0.0771 -0.0739
vn -0.9955 -0.0799 0.0510
vn 0.0575 -0.0076 -0.9983
vn 0.2078 -0.1216 -0.9706
vn -0.0452 0.0258 -0.9986
vn 0.0211 -0.0763 -0.9969
vn -0.1455 0.0440 -0.9884
vn -0.9975 0.0390 -0.0585
vn -0.3632 0.6327 -0.6840
vn -0.9976 0.0557 -0.0420
vn -0.5242 0.5787 -0.6247
vn 0.9948 0.1010 -0.0111
vn 0.9959 -0.0840 0.0330
vn 0.9929 0.1121 -0.0404
vn 0.9936 0.0965 -0.0590
vn -0.9965 0.0823 -0.0159
vn -0.9970 0.0719 -0.0297
vn -0.9952 -0.0848 0.0493
vn -0.9959 0.0898 0.0042
vn 0.9931 0.0477 -0.1076
vn 0.9966 -0.0508 0.0651
vn -0.4286 -0.4880 0.7604
vn -0.9970 0.0306 -0.0715
vn 0.9965 -0.0554 0.0626
vn 0.9965 -0.0466 0.0692
vn -0.9956 -0.0608 0.0714
vn -0.2604 -0.8180 0.5129
vn -0.1839 0.1579 0.9702
vn -0.1011 0.1081 0.9890
vn -0.1797 0.1622 0.9703
vn -0.9958 -0.0735 0.0547
vn 0.9999 0.0055 -0.0110
vn 0.9922 0.0307 -0.1209
vn 0.9960 -0.0369 0.0810
vn 0.9943 0.0031 -0.1063
vn -0.9949 -0.0421 0.0911
vn -0.9964 -0.0010 -0.0843
vn -0.9992 -0.0387 -0.0042
vn -0.9966 0.0176 -0.0807
vn 0.2642 0.9643 0.0153
vn 0.4416 0.8936 0.0807
vn 0.9938 0.0931 -0.0614
vn 0.1114 0.9934 -0.0273
vn -0.9972 0.0328 -0.0669
vn -0.3642 0.6714 -0.6454
vn -0.9955 -0.0581 0.0746
vn -0.9974 0.0349 -0.0629
vn 0.9964 -0.0422 0.0737
vn -0.4147 -0.3998 0.8174
vn -0.4524 0.1824 -0.8729
vn -0.9975 0.0468 -0.0523
vn -0.9976 0.0493 -0.0493
vn -0.9975 0.0533 -0.0459
vn 0.9965 -0.0701 0.0456
vn 0.9962 -0.0393 0.0778
vn -0.6921 0.5331 -0.4866
vn -0.6176 0.5406 -0.5712
vn -0.6525 0.4993 -0.5701
vn -0.0314 0.0462 0.9984
vn 0.6609 -0.7399 -0.1258
vn 0.6105 -0.7601 -0.2225
vn 0.6202 -0.7745 -0.1243
vn -0.1605 0.1834 0.9698
vn -0.1643 0.1792 0.9700
vn -0.7256 0.4898 -0.4832
vn -0.6845 0.4577 -0.5674
vn 0.8142 -0.5656 -0.1310
vn 0.8388 -0.4942 -0.2285
vn 0.7974 -0.5581 -0.2296
vn 0.7387 -0.6613 -0.1305
vn 0.6865 -0.6908 -0.2271
vn 0.6993 -0.7032 -0.1282
vn -0.1680 0.1751 0.9701
vn -0.1720 0.1712 0.9701
vn -0.0347 0.0417 0.9985
vn 0.5629 -0.7971 -0.2186
vn 0.5706 -0.8124 -0.1203
vn -0.4634 0.7501 -0.4719
vn -0.4701 0.6819 -0.5604
vn -0.5010 0.7218 -0.4775
vn -0.5430 0.6878 -0.4817
vn -0.5470 0.6142 -0.5688
vn -0.5822 0.6527 -0.4848
vn 0.5006 -0.8392 -0.2127
vn 0.5063 -0.8546 -0.1152
vn 0.4435 -0.8722 -0.2064
vn 0.4482 -0.8869 -0.1118
vn -0.4240 0.7753 -0.4681
vn -0.4100 0.7273 -0.5503
vn -0.4377 0.7672 -0.4688
vn -0.1563 0.1871 0.9698
vn 0.4149 -0.8869 -0.2031
vn 0.4197 -0.9010 -0.1100
vn 0.4506 -0.8684 -0.2072
vn 0.5197 -0.8530 0.0484
vn -0.3852 0.7954 -0.4680
vn -0.3974 0.7362 -0.5479
vn -0.0958 0.1081 0.9895
vn -0.1416 0.1765 0.9741
vn -0.1517 0.1877 0.9704
vn -0.7557 0.4451 -0.4803
vn -0.7144 0.4154 -0.5632
vn -0.7818 0.4030 -0.4759
vn -0.7403 0.3750 -0.5579
vn 0.8909 -0.4349 -0.1308
vn 0.8878 -0.4016 -0.2249
vn 0.8725 -0.4330 -0.2264
vn -0.0277 0.0504 0.9983
vn -0.7983 0.3728 -0.4731
vn -0.7573 0.3466 -0.5535
vn -0.8987 0.1496 -0.4122
vn -0.8533 0.1409 -0.5020
vn 0.9060 -0.4026 -0.1309
vn 0.8719 -0.4342 -0.2266
vn -0.0199 0.0611 0.9979
vn -0.5817 0.5072 -0.6358
vn -0.6149 0.4678 -0.6348
vn 0.1011 -0.1081 -0.9890
vn 0.0498 -0.0434 -0.9978
vn 0.6495 -0.7263 -0.2251
vn 0.5967 -0.7415 -0.3068
vn 0.1463 -0.1753 -0.9736
vn 0.0939 -0.1065 -0.9899
vn 0.1339 -0.1826 -0.9740
vn -0.6456 0.4281 -0.6325
vn -0.6747 0.3881 -0.6278
vn 0.7244 -0.6503 -0.2287
vn 0.7412 -0.5933 -0.3142
vn 0.7058 -0.6353 -0.3134
vn 0.6693 -0.6742 -0.3122
vn 0.7611 -0.6066 -0.2295
vn 0.7762 -0.5466 -0.3141
vn -0.5821 0.5792 -0.5707
vn -0.5099 0.6483 -0.5654
vn -0.5141 0.5775 -0.6342
vn -0.4791 0.6108 -0.6304
vn 0.4902 -0.8196 -0.2966
vn 0.1517 -0.1713 -0.9735
vn 0.1005 -0.1082 -0.9890
vn -0.4343 0.7097 -0.5548
vn -0.4414 0.6435 -0.6253
vn -0.4075 0.6707 -0.6198
vn 0.4067 -0.8683 -0.2842
vn 0.0791 -0.0963 -0.9922
vn 0.1136 -0.1841 -0.9763
vn -0.3848 0.6889 -0.6143
vn -0.3716 0.7588 -0.5349
vn -0.1842 0.8133 -0.5519
vn -0.3735 0.6991 -0.6098
vn 0.4922 -0.7925 -0.3602
vn 0.0342 -0.0617 -0.9975
vn 0.8166 -0.4852 -0.3126
vn 0.8502 -0.4263 -0.3088
vn -0.7000 0.3501 -0.6225
vn -0.7170 0.3235 -0.6175
vn 0.0272 -0.0689 -0.9972
vn 0.0308 -0.0655 -0.9974
vn 0.8660 -0.3965 -0.3045
vn 0.8393 -0.4195 -0.3459
vn -0.8099 0.1369 -0.5703
vn 0.7768 -0.6161 -0.1308
vn -0.9992 -0.0193 -0.0342
vn -0.9947 0.0014 -0.1025
vn -0.9804 0.0081 -0.1971
vn 0.1639 -0.1573 -0.9739
vn 0.1674 -0.1535 -0.9739
vn 0.6341 -0.7088 -0.3091
vn 0.1609 -0.1611 -0.9737
vn -0.0139 0.0657 0.9977
vn -0.1753 0.1661 0.9704
vn 0.1762 -0.1442 -0.9737
vn 0.0105 0.9991 -0.0402
vn 0.2861 0.9551 0.0769
vn -0.0132 0.9897 -0.1424
vn 0.1013 0.9901 -0.0972
vn -0.0245 0.9697 -0.2430
vn 0.0536 -0.0399 -0.9978
vn -0.6188 0.6163 -0.4871
vn 0.0374 -0.0580 -0.9976
vn -0.5481 0.5447 -0.6347
vn -0.1961 0.1035 0.9751
vn -0.0087 0.0678 0.9977
vn -0.2077 0.1320 0.9693
vn -0.1911 0.1512 0.9698
vn 0.0101 -0.0851 -0.9963
vn 0.0241 -0.0707 -0.9972
vn 0.1805 -0.1423 -0.9732
vn 0.0063 -0.1053 -0.9944
vn -0.0826 0.1014 0.9914
vn -0.1236 0.1477 0.9813
vn -0.0418 0.0343 0.9985
vn -0.1005 0.1083 0.9890
vn 0.5509 -0.7777 -0.3027
vn 0.0283 0.0169 -0.9995
vn 0.0608 -0.0734 -0.9954
vn -0.0385 0.0383 0.9985
vn -0.0450 0.0314 0.9985
vn 0.1583 -0.1653 -0.9735
vn 0.8567 -0.4990 -0.1310
vn 0.1708 -0.1481 -0.9741
vn -0.0644 0.0832 0.9945
vn -0.0859 0.1773 0.9804
vn -0.0179 0.0059 0.9998
vn -0.0507 0.1720 0.9838
vn 0.0955 -0.1715 -0.9806
vn 0.0447 0.0318 -0.9985
vn 0.0810 -0.0656 -0.9945
vn 0.0228 0.0714 -0.9972
vn -0.9564 -0.2740 0.1015
vn -0.9293 -0.0792 0.3607
vn -0.1877 0.1536 0.9702
vn -0.9397 -0.2028 -0.2753
vn 0.0457 -0.0159 -0.9988
vn -0.6559 0.5761 -0.4878
vn 0.1548 -0.1680 -0.9736
vn 0.0539 -0.0338 -0.9980
vn -0.0023 0.9140 -0.4058
vn 0.0028 0.9440 -0.3299
vn -0.0429 0.0308 0.9986
vn 0.4345 -0.8535 -0.2878
vn 0.0470 -0.0473 -0.9978
vn 0.0440 -0.0507 -0.9977
vn 0.0397 -0.0535 -0.9978
vn -0.0238 0.0549 0.9982
vn -0.0320 0.0246 0.9992
vn -0.8965 -0.4250 0.1249
vn -0.6622 -0.7201 0.2073
vn -0.7699 -0.4912 0.4074
vn -0.7915 -0.6062 0.0776
vn -0.3732 -0.9084 0.1886
vn -0.6005 -0.7052 0.3769
vn -0.2280 -0.5109 0.8288
vn -0.3864 -0.8758 0.2893
vn 0.3079 -0.9264 0.2167
vn -0.2459 -0.9660 0.0799
vn 0.0114 -0.9975 0.0702
vn 0.3385 -0.9026 0.2658
vn 0.0043 -0.9825 0.1863
vn -0.5284 -0.8463 0.0675
vn 0.0076 -0.9696 0.2447
vn 0.6943 -0.4259 0.5802
vn 0.8707 -0.1420 0.4709
vn 0.7361 -0.2436 0.6316
vn 0.6657 -0.3796 0.6425
vn 0.7453 -0.4602 0.4825
vn 0.8626 -0.3028 0.4052
vn 0.4229 -0.7119 0.5607
vn 0.1656 -0.7514 -0.6387
vn 0.0451 -0.6379 -0.7688
vn 0.1375 -0.4574 -0.8786
vn 0.2158 -0.7451 -0.6310
vn 0.1529 -0.9246 -0.3488
vn 0.0374 -0.8642 -0.5018
vn 0.2484 -0.8982 -0.3627
vn 0.5202 0.1258 0.8447
vn 0.5661 -0.4209 0.7088
vn 0.5882 -0.1632 0.7921
vn 0.4734 -0.1256 0.8718
vn 0.4713 -0.4459 0.7609
vn 0.8226 -0.5681 -0.0229
vn 0.6950 -0.4414 0.5676
vn 0.7862 -0.5794 -0.2148
vn 0.5368 -0.7213 0.4377
vn 0.0546 -0.9730 -0.2243
vn 0.2009 -0.9241 0.3251
vn 0.0509 -0.9983 0.0295
vn 0.1621 -0.9865 0.0238
vn 0.2475 -0.9026 0.3523
vn 0.2169 -0.9759 0.0242
vn -0.8689 0.4867 0.0905
vn -0.9762 0.2158 -0.0210
vn -0.9007 0.0548 0.4310
vn -0.9841 -0.0086 0.1776
vn -0.8690 0.4947 -0.0093
vn -0.6946 0.7191 -0.0221
vn -0.5227 0.8369 0.1624
vn 0.5451 0.7715 0.3281
vn 0.7615 0.4904 0.4238
vn 0.6853 0.6528 0.3229
vn 0.2944 0.9315 0.2136
vn 0.5019 0.7886 0.3551
vn 0.2693 0.9231 0.2746
vn -0.3225 0.9466 0.0036
vn 0.2057 0.9719 0.1148
vn -0.0498 0.9946 0.0913
vn 0.4519 0.8665 0.2121
vn -0.0567 0.9915 0.1172
vn 0.0604 0.4654 -0.8830
vn 0.0178 -0.1442 -0.9894
vn -0.0337 0.1811 -0.9829
vn -0.0166 0.4661 -0.8846
vn 0.1253 0.4962 -0.8591
vn 0.1691 0.8191 -0.5481
vn 0.1322 0.9735 0.1866
vn 0.0137 0.9384 -0.3452
vn 0.0259 0.9989 -0.0388
vn 0.2299 0.8718 0.4324
vn 0.1056 0.9920 -0.0698
vn -0.0224 0.6993 -0.7144
vn 0.2304 0.9336 0.2745
vn 0.1327 0.9884 -0.0739
vn 0.3663 0.7721 0.5193
vn 0.3382 0.6637 0.6672
vn 0.6916 0.5440 0.4751
vn 0.5213 0.5063 0.6869
vn 0.2926 0.9210 0.2571
vn 0.9052 0.2582 0.3376
vn 0.8509 0.5170 0.0935
vn 0.5934 0.5525 0.5853
vn 0.6517 0.6604 0.3730
vn 0.5116 0.8472 0.1436
vn 0.3810 0.6622 0.6452
vn 0.4112 0.8162 0.4058
vn 0.1009 0.5310 0.8414
vn 0.3430 0.2665 0.9007
vn 0.0701 0.1550 0.9854
vn 0.1613 0.8679 0.4699
vn 0.1828 0.9588 0.2174
vn 0.1159 0.9861 0.1187
vn 0.6820 0.2738 -0.6782
vn 0.6655 0.2950 -0.6857
vn 0.5622 0.3538 -0.7475
vn 0.4903 0.3460 -0.8000
vn 0.4409 0.3167 -0.8398
vn -0.2632 0.6171 -0.7416
vn -0.2633 0.6171 -0.7416
vn 0.7816 -0.2518 -0.5707
vn 0.5138 -0.0317 -0.8573
vn 0.6779 -0.1261 -0.7243
vn 0.2439 -0.2776 0.9292
vn 0.1522 -0.1629 0.9748
vn 0.1366 -0.1439 0.9801
vn 0.8659 0.4997 -0.0231
vn 0.9526 0.2559 -0.1643
vn -0.2706 0.8067 -0.5254
vn -0.5829 -0.0540 -0.8108
vn -0.6360 -0.3186 -0.7029
vn 0.2313 0.7788 -0.5831
vn 0.2313 0.7789 -0.5830
vn 0.8055 -0.3614 0.4696
vn 0.8019 -0.3702 0.4689
vn 0.7366 -0.5035 0.4515
vn -0.2880 0.6837 0.6705
vn -0.3151 0.6862 0.6556
vn -0.3487 0.7340 0.5828
vn -0.3756 0.9170 -0.1340
vn -0.3756 0.9170 -0.1341
vn -0.6729 0.6808 -0.2894
vn -0.6729 0.6807 -0.2896
vn 0.1991 0.5893 0.7830
vn 0.1160 0.6742 0.7294
vn 0.2283 0.5561 0.7991
vn -0.3363 0.7896 0.5132
vn -0.1728 -0.9758 -0.1339
vn -0.0379 -0.9988 -0.0303
vn -0.8139 -0.2312 -0.5331
vn -0.0906 0.8574 -0.5066
vn 0.0719 0.6640 -0.7443
vn 0.0691 0.6644 -0.7442
vn -0.1168 0.5812 -0.8053
vn 0.0613 -0.8732 0.4835
vn 0.5091 -0.7323 0.4522
vn 0.0898 -0.8700 0.4847
vn 0.8559 -0.1094 -0.5054
vn 0.9091 -0.3444 -0.2343
vn 0.9893 -0.0678 -0.1289
vn 0.5269 -0.1559 -0.8355
vn 0.6607 -0.3988 -0.6359
vn 0.6031 -0.6052 -0.5196
vn 0.1707 -0.5070 -0.8449
vn 0.1922 -0.2623 -0.9456
vn 0.1202 -0.1638 -0.9791
vn 0.3531 -0.9091 -0.2208
vn 0.1122 -0.8668 -0.4860
vn 0.3928 -0.6710 -0.6288
vn 0.4226 -0.4375 -0.7937
vn -0.4390 -0.6360 -0.6346
vn -0.1963 -0.8585 -0.4738
vn -0.1378 -0.8929 -0.4287
vn -0.3304 -0.3341 -0.8827
vn -0.3684 -0.0662 -0.9273
vn -0.3179 -0.3934 -0.8626
vn -0.7825 0.5435 -0.3039
vn -0.6487 0.6180 -0.4442
vn -0.5303 -0.2406 -0.8129
vn 0.0349 -0.6484 -0.7605
vn 0.1154 -0.7398 -0.6629
vn 0.0305 -0.6432 -0.7651
vn -0.4995 -0.8567 0.1286
vn -0.2361 -0.8993 0.3680
vn -0.8161 -0.5493 0.1794
vn -0.6401 -0.6510 0.4081
vn -0.5285 -0.5853 0.6149
vn -0.7993 -0.4155 0.4342
vn -0.6409 -0.3762 0.6691
vn -0.8495 -0.1615 0.5023
vn -0.9488 -0.1954 0.2480
vn -0.9805 -0.1251 0.1516
vn -0.2398 -0.3225 0.9157
vn -0.5022 -0.0869 0.8604
vn -0.7928 0.5180 -0.3212
vn -0.8247 0.5497 -0.1327
vn -0.8254 0.5087 -0.2449
vn -0.4989 0.4802 -0.7214
vn -0.4989 0.4802 -0.7215
vn -0.8555 0.5174 0.0189
vn -0.8929 0.3343 0.3016
vn -0.8865 0.3782 0.2667
vn -0.8242 0.5616 -0.0733
vn -0.5771 -0.3375 0.7437
vn -0.5771 -0.3376 0.7436
vn -0.5771 -0.3377 0.7436
vn 0.4925 0.8454 0.2069
vn 0.1213 0.9133 -0.3888
vn 0.6058 0.7536 0.2551
vn 0.3617 0.8962 -0.2570
vn 0.1240 0.6911 -0.7120
vn 0.4177 0.8080 -0.4156
vn 0.3406 0.6569 -0.6726
vn 0.9422 -0.2225 0.2506
vn 0.7855 -0.1811 0.5918
vn 0.7863 -0.5765 0.2221
vn 0.9449 -0.3046 0.1200
vn 0.9424 -0.0815 0.3245
vn 0.7495 0.0076 0.6620
vn 0.9982 -0.0247 0.0542
vn 0.3775 0.2354 -0.8956
vn 0.5055 -0.2966 -0.8102
vn 0.1205 0.3651 -0.9231
vn 0.6286 -0.2906 -0.7213
vn 0.4287 0.3973 -0.8114
vn -0.8638 -0.2168 0.4547
vn -0.9231 0.3679 0.1116
vn -0.7631 -0.2384 0.6007
vn -0.9033 0.2529 0.3466
vn -0.7088 0.6975 0.1052
vn -0.8207 0.4154 0.3922
vn -0.6746 0.6692 0.3115
vn 0.2110 -0.2032 0.9561
vn 0.1835 -0.5672 0.8029
vn 0.5796 -0.1754 0.7958
vn 0.2993 -0.0688 0.9517
vn 0.0711 -0.2916 0.9539
vn 0.0013 -0.6465 0.7629
vn 0.0066 -0.0055 1.0000
vn -0.3804 0.9193 0.1013
vn 0.2482 0.8507 0.4633
vn -0.2617 0.9050 0.3354
vn 0.2488 0.7694 0.5883
vn -0.4266 0.8173 0.3873
vn -0.1268 0.9030 -0.4105
vn -0.3876 0.9100 -0.1470
vn -0.1073 0.6854 -0.7202
vn -0.3599 0.8493 -0.3862
vn -0.7013 0.7014 -0.1272
vn -0.5712 0.5653 -0.5951
vn -0.6656 0.6603 -0.3478
vn -0.3797 0.1024 -0.9194
vn -0.1217 0.3648 -0.9231
vn -0.6947 0.0908 -0.7135
vn -0.3548 0.3430 -0.8698
vn -0.3212 0.6525 -0.6863
vn -0.9127 0.3855 -0.1354
vn -0.9103 0.1173 -0.3969
vn -0.8550 0.3567 -0.3766
vn -0.6618 0.3129 -0.6813
vn -0.1721 -0.3927 -0.9034
vn -0.3633 -0.1443 -0.9204
vn 0.1373 -0.6776 -0.7225
vn 0.1179 -0.4802 -0.8692
vn -0.6792 -0.1090 -0.7258
vn -0.0811 -0.4839 -0.8713
vn -0.3559 -0.2501 -0.9004
vn 0.3296 -0.8778 0.3475
vn 0.5836 -0.7746 0.2436
vn 0.1673 -0.7804 0.6025
vn 0.0735 -0.8856 0.4585
vn 0.4533 -0.8791 0.1471
vn 0.6592 -0.7477 0.0798
vn -0.2540 -0.9346 -0.2491
vn -0.2503 -0.9347 -0.2524
vn -0.4469 -0.8936 -0.0429
vn -0.9102 -0.1309 -0.3930
vn -0.8821 -0.4224 0.2084
vn -0.9171 -0.3448 -0.2002
vn -0.7823 -0.5676 0.2564
vn -0.8886 -0.2378 -0.3921
vn -0.8927 -0.4385 -0.1043
vn 0.9856 0.1678 -0.0209
vn 0.9050 0.4233 -0.0421
vn 0.8862 0.4622 -0.0312
vn 0.5539 0.6017 -0.5755
vn 0.3801 0.6851 -0.6214
vn 0.7136 0.5057 -0.4849
vn 0.7362 0.6742 -0.0587
vn 0.6746 0.7364 -0.0512
vn 0.4415 0.7433 -0.5025
vn 0.5215 0.7752 -0.3565
vn -0.6483 0.3037 -0.6982
vn -0.5247 0.0581 -0.8493
vn -0.5538 0.5190 -0.6511
vn -0.2994 0.7671 -0.5674
vn -0.3900 0.8198 -0.4194
vn -0.1767 0.4913 -0.8529
vn -0.8479 0.5199 -0.1040
vn -0.8479 0.5198 -0.1039
vn 0.3175 0.9441 -0.0886
vn -0.1883 0.9355 -0.2990
vn 0.4375 0.8929 -0.1063
vn -0.2714 0.7909 -0.5484
vn -0.4070 0.7196 -0.5626
vn 0.9174 0.3884 0.0868
vn 0.9200 0.1140 0.3749
vn 0.6997 0.7106 0.0739
vn 0.8468 0.3885 0.3633
vn 0.7035 0.1139 0.7015
vn 0.6560 0.6748 0.3382
vn 0.6587 0.3758 0.6519
vn 0.0898 0.9299 0.3567
vn 0.3717 0.9253 0.0747
vn 0.0861 0.7215 0.6871
vn 0.3675 0.8603 0.3532
vn 0.3495 0.6790 0.6456
vn 0.3774 0.1220 0.9180
vn 0.0942 0.4009 0.9112
vn 0.3705 0.3963 0.8401
vn -0.2040 0.5286 0.8240
vn -0.2845 0.2906 0.9136
vn -0.0804 0.4813 0.8729
vn -0.1105 0.6614 0.7419
vn -0.4735 0.5344 0.7002
vn -0.3356 0.7445 0.5772
vn -0.3356 0.7444 0.5772
vn -0.2847 0.9364 -0.2051
vn -0.0743 0.9504 0.3020
vn -0.5542 0.7169 -0.4230
vn -0.5370 0.7935 -0.2863
vn -0.0909 0.9011 0.4241
vn -0.0385 0.7517 0.6584
vn -0.6888 0.5821 -0.4321
vn -0.6762 0.5197 -0.5221
vn -0.7693 0.3473 -0.5362
vn -0.8401 0.5099 -0.1849
vn -0.5847 0.7561 -0.2939
vn 0.9232 -0.3743 -0.0875
vn 0.9217 -0.0995 -0.3749
vn 0.7095 -0.7007 -0.0748
vn 0.8521 -0.3767 -0.3634
vn 0.7054 -0.1039 -0.7011
vn 0.6669 -0.6634 -0.3392
vn 0.6642 -0.3657 -0.6520
vn 0.1047 -0.9284 -0.3565
vn 0.3857 -0.9196 -0.0749
vn 0.0974 -0.7200 -0.6871
vn 0.3801 -0.8549 -0.3530
vn 0.3598 -0.6740 -0.6451
vn 0.3791 -0.1170 -0.9179
vn 0.1003 -0.4002 -0.9109
vn 0.3762 -0.3910 -0.8400
vn 0.8356 0.1940 -0.5139
vn 0.9140 0.1653 -0.3704
vn 0.8844 0.0739 -0.4608
vn 0.7580 0.0940 -0.6454
vn 0.7086 0.4651 -0.5306
vn 0.5838 0.3346 -0.7397
vn 0.5837 0.3349 -0.7396
vn 0.5838 0.3347 -0.7397
vn -0.1812 0.2510 -0.9509
vn 0.3252 0.0471 -0.9445
vn -0.4085 0.5264 -0.7456
vn -0.2692 0.5077 -0.8184
vn 0.4447 0.0669 -0.8932
vn 0.6723 0.0229 -0.7399
vn -0.4212 0.6672 -0.6143
vn -0.5132 0.6572 -0.5520
vn -0.4563 0.8407 -0.2914
vn -0.1768 0.8232 -0.5395
vn -0.2784 0.5595 -0.7807
vn -0.0964 -0.9861 -0.1354
vn -0.2758 -0.8024 -0.5292
vn -0.0741 -0.9127 -0.4019
vn -0.8536 -0.4918 -0.1717
vn -0.5514 -0.6669 -0.5011
vn -0.2504 -0.5193 -0.8171
vn -0.0625 -0.6582 -0.7503
vn -0.5440 -0.2503 -0.8009
vn -0.7578 0.3386 -0.5577
vn -0.8254 0.5138 -0.2340
vn -0.6981 0.5658 -0.4389
vn -0.5322 0.1489 -0.8334
vn -0.7636 0.2333 -0.6020
vn -0.0855 -0.3406 -0.9363
vn -0.2877 0.1388 -0.9476
vn -0.2521 -0.1289 -0.9591
vn -0.5016 0.3826 -0.7759
vn -0.5439 -0.7967 -0.2635
vn -0.1421 -0.9803 -0.1372
vn -0.4185 -0.9063 -0.0591
vn -0.8269 -0.5074 -0.2425
vn -0.1803 -0.5032 -0.8451
vn -0.5131 -0.6663 -0.5411
vn -0.0952 -0.4023 -0.9105
vn -0.8055 -0.2421 -0.5410
vn -0.9447 0.1518 -0.2907
vn -0.9429 -0.3232 -0.0803
vn -0.7683 0.3885 -0.5086
vn -0.9611 -0.1152 -0.2509
vn -0.7627 -0.6447 -0.0520
vn -0.8300 0.1567 -0.5354
vn -0.5506 0.3368 -0.7638
vn -0.4274 0.5630 -0.7074
vn -0.2229 0.5068 -0.8327
vn -0.5970 0.2306 -0.7684
vn -0.0920 -0.9117 0.4003
vn -0.3728 -0.9203 0.1185
vn -0.0878 -0.6871 0.7212
vn -0.3689 -0.8419 0.3940
vn -0.7004 -0.7055 0.1083
vn -0.3506 -0.6467 0.6774
vn -0.6570 -0.6566 0.3704
vn -0.3776 -0.0779 0.9227
vn -0.0952 -0.3571 0.9292
vn -0.7033 -0.0797 0.7064
vn -0.3703 -0.3552 0.8583
vn -0.6584 -0.3426 0.6701
vn -0.9183 -0.3814 0.1061
vn -0.9199 -0.0946 0.3807
vn -0.8475 -0.3691 0.3815
vn -0.0028 0.1344 0.9909
vn -0.1674 0.3327 0.9281
vn -0.3402 0.1275 0.9317
vn 0.2436 0.5248 0.8156
vn 0.2154 0.4073 0.8875
vn -0.6850 0.1028 0.7212
vn -0.1343 0.4491 0.8833
vn -0.3504 0.3103 0.8837
vn 0.1168 0.9766 -0.1807
vn 0.5484 0.8257 -0.1322
vn 0.0547 0.8031 -0.5933
vn -0.0749 0.9661 -0.2471
vn 0.3761 0.9266 0.0049
vn 0.6320 0.7657 0.1196
vn -0.1105 0.9921 0.0600
vn -0.1656 0.9862 0.0052
vn -0.9171 0.1141 0.3821
vn -0.9151 0.3656 -0.1699
vn -0.9311 0.3035 0.2024
vn -0.8474 0.4861 -0.2136
vn -0.8732 0.2998 0.3841
vn -0.8892 0.4257 0.1677
vn 0.4108 -0.1156 -0.9044
vn 0.7144 -0.1879 -0.6740
vn 0.4014 -0.1661 -0.9007
vn 0.5945 -0.0614 -0.8017
vn 0.9073 -0.1627 -0.3877
vn 0.7072 -0.2384 -0.6656
vn 0.8778 -0.2630 -0.4003
vn 0.9371 -0.1895 0.2930
vn 0.9638 -0.0520 -0.2616
vn 0.9992 -0.0403 -0.0054
vn 0.9152 -0.2393 0.3242
vn 0.9875 -0.1569 -0.0120
vn 0.8402 -0.0438 -0.5405
vn 0.9763 -0.2162 -0.0083
vn 0.4543 -0.5648 0.6889
vn 0.1724 -0.4642 0.8688
vn 0.5287 -0.8482 -0.0309
vn 0.4608 -0.7071 0.5364
vn 0.4871 -0.4679 0.7375
vn 0.3272 -0.3942 0.8588
vn 0.7330 -0.5402 0.4134
vn 0.7356 0.6602 0.1520
vn 0.6167 0.7865 0.0334
vn 0.4341 0.8915 0.1293
vn 0.7297 0.6535 0.2014
vn 0.9168 0.3753 0.1366
vn 0.8494 0.5273 0.0220
vn 0.8898 0.3932 0.2316
vn -0.0914 -0.8455 0.5260
vn 0.4518 -0.6940 0.5606
vn 0.1978 -0.7825 0.5904
vn 0.1608 -0.8659 0.4736
vn 0.4769 -0.7449 0.4666
vn 0.5795 0.0428 0.8139
vn 0.4681 -0.5512 0.6907
vn 0.5844 0.2347 0.7768
vn 0.7417 -0.4200 0.5230
vn 0.9669 0.2522 0.0377
vn 0.9361 -0.2983 0.1862
vn 0.9994 -0.0008 0.0339
vn 0.9893 0.0054 0.1458
vn 0.9158 -0.3270 0.2332
vn 0.9798 0.0029 0.2001
vn -0.5044 -0.0884 -0.8589
vn -0.2351 0.0124 -0.9719
vn 0.0541 -0.1672 -0.9844
vn -0.4173 -0.1598 -0.8946
vn -0.5141 -0.0080 -0.8577
vn -0.7310 -0.0005 -0.6824
vn -0.8380 -0.1879 -0.5123
vn -0.7501 -0.3556 0.5575
vn -0.4866 -0.5296 0.6948
vn -0.6299 -0.3406 0.6980
vn -0.9197 -0.2405 0.3104
vn -0.7381 -0.3990 0.5441
vn -0.9093 -0.3020 0.2864
vn -0.9504 -0.0320 -0.3094
vn -0.9644 -0.1428 0.2226
vn -0.9922 -0.1204 -0.0336
vn -0.8515 -0.2366 0.4678
vn -0.9883 -0.1470 -0.0416
vn -0.4877 0.8705 0.0668
vn 0.1170 0.9930 0.0133
vn -0.2107 0.9770 -0.0326
vn -0.4962 0.8681 -0.0105
vn -0.5146 0.8473 0.1311
vn -0.8344 0.5202 0.1822
vn -0.9655 -0.2138 0.1488
vn -0.9471 0.3197 0.0286
vn -0.9991 0.0111 0.0420
vn -0.8545 -0.4578 0.2455
vn -0.9915 0.0437 0.1222
vn -0.7184 0.6955 -0.0120
vn -0.9213 -0.3004 0.2468
vn -0.9877 0.0487 0.1488
vn -0.7495 -0.5422 0.3797
vn -0.6383 -0.6852 0.3508
vn -0.5180 -0.4896 0.7014
vn -0.4788 -0.6996 0.5305
vn -0.9085 -0.2829 0.3076
vn 0.0961 0.9479 0.3038
vn 0.1548 0.7481 0.6453
vn 0.5101 0.6206 0.5955
vn 0.0365 0.8623 0.5050
vn 0.1229 0.4748 0.8715
vn 0.3252 0.6825 0.6545
vn 0.7838 0.2872 0.5507
vn 0.2268 0.4807 0.8470
vn 0.1480 -0.2170 0.9649
vn 0.0112 0.3469 0.9379
vn -0.0027 0.0843 0.9964
vn 0.1978 -0.2498 0.9479
vn 0.1144 0.0980 0.9886
vn 0.0083 0.6234 0.7819
vn 0.1739 0.0918 0.9805
vn 0.5342 -0.6387 0.5538
vn 0.4506 -0.8436 0.2921
vn 0.5579 -0.8299 -0.0041
vn 0.5976 -0.6080 0.5228
vn 0.4374 -0.6839 0.5839
vn 0.3742 -0.8187 0.4356
vn 0.4967 -0.3440 0.7968
vn -0.0992 0.9225 -0.3729
vn -0.0389 0.9992 -0.0119
vn -0.1831 0.8892 -0.4194
vn -0.1067 0.9831 -0.1485
vn -0.0435 0.8806 0.4718
vn -0.2116 0.9570 -0.1985
vn -0.2179 0.9758 -0.0186
vn -0.4090 0.9000 -0.1508
vn -0.2869 0.8465 -0.4485
vn -0.4074 0.9132 0.0050
vn -0.3094 0.9186 -0.2459
vn -0.2447 0.9687 -0.0425
vn -0.1597 0.5506 0.8194
vn -0.1954 0.4603 0.8660
vn -0.0927 0.4618 0.8821
vn -0.0708 0.6980 0.7126
vn -0.2861 0.6950 0.6597
vn -0.3375 0.6310 0.6986
vn -0.1464 0.9754 0.1650
vn -0.7220 -0.1094 0.6832
vn -0.8399 -0.0077 0.5427
vn -0.7935 -0.1412 0.5920
vn -0.7128 -0.1609 0.6827
vn -0.4575 -0.0629 0.8870
vn -0.6045 0.0373 0.7958
vn -0.4666 -0.1597 0.8699
vn 0.8700 -0.4916 0.0389
vn 0.6675 -0.4821 0.5674
vn 0.7850 -0.5275 0.3248
vn 0.8639 -0.4153 0.2848
vn 0.7135 -0.3830 0.5868
vn -0.0680 -0.7497 0.6582
vn 0.5282 -0.6146 0.5860
vn -0.2607 -0.7202 0.6429
vn 0.3600 -0.4307 0.8276
vn -0.3422 0.0454 0.9385
vn 0.2142 -0.0808 0.9734
vn -0.0943 0.0637 0.9935
vn -0.0945 -0.0487 0.9943
vn 0.2456 -0.1281 0.9609
vn -0.0921 -0.1033 0.9904
vn 0.1375 0.7914 -0.5957
vn 0.0173 0.9367 -0.3496
vn 0.1991 0.9786 -0.0525
vn 0.2054 0.8028 -0.5597
vn 0.0516 0.7880 -0.6135
vn 0.0426 0.6090 -0.7920
vn 0.2448 0.4239 -0.8720
vn 0.4044 -0.6299 -0.6631
vn 0.5653 -0.7375 -0.3696
vn 0.3788 -0.7604 -0.5275
vn 0.2927 -0.3937 -0.8714
vn 0.4510 -0.6155 -0.6464
vn 0.3577 -0.3676 -0.8584
vn 0.0778 0.2331 -0.9693
vn 0.1892 -0.2994 -0.9352
vn 0.1706 -0.0497 -0.9841
vn 0.2835 -0.5460 -0.7883
vn 0.1989 -0.0388 -0.9793
vn -0.8173 -0.1749 -0.5491
vn -0.8296 -0.3671 -0.4208
vn -0.9531 -0.0318 -0.3010
vn -0.8191 -0.0753 -0.5688
vn -0.9801 -0.1922 -0.0496
vn -0.4327 -0.2865 -0.8548
vn -0.5496 -0.2007 -0.8110
vn 0.3106 -0.2326 -0.9216
vn -0.2254 -0.1347 -0.9649
vn 0.0864 -0.1398 -0.9864
vn 0.5460 -0.3072 -0.7794
vn 0.0585 -0.2201 -0.9737
vn -0.6226 -0.0890 -0.7775
vn 0.3958 -0.3217 -0.8602
vn 0.0534 -0.2463 -0.9677
vn 0.6281 -0.4062 -0.6637
vn 0.7546 -0.3814 -0.5339
vn 0.8138 -0.4545 -0.3622
vn 0.5891 -0.4328 -0.6824
vn 0.3762 -0.3806 -0.8447
vn -0.3020 0.8232 -0.4808
vn -0.2063 0.8605 -0.4659
vn -0.2065 0.8799 -0.4280
vn -0.1000 0.9071 -0.4088
vn -0.3119 -0.9104 -0.2718
vn -0.2937 -0.9109 -0.2899
vn -0.4655 -0.7799 -0.4183
vn -0.4387 -0.7814 -0.4439
vn -0.6688 -0.2720 -0.6919
vn -0.7331 -0.0171 -0.6799
vn -0.6922 -0.0164 -0.7215
vn -0.3281 -0.9098 -0.2543
vn -0.4880 -0.7801 -0.3915
vn -0.7074 -0.2760 -0.6507
vn -0.7691 -0.0201 -0.6388
vn 0.2932 -0.9003 0.3216
vn 0.2747 -0.8997 0.3391
vn 0.4387 -0.7659 0.4700
vn 0.6150 -0.2997 0.7294
vn 0.6909 -0.0530 0.7210
vn 0.6578 -0.2996 0.6911
vn 0.2539 -0.8993 0.3560
vn 0.4080 -0.7675 0.4944
vn 0.5669 -0.2986 0.7678
vn 0.6453 -0.0530 0.7621
vn -0.2555 -0.9105 -0.3251
vn -0.2740 -0.9112 -0.3077
vn -0.3826 -0.7810 -0.4936
vn -0.6255 -0.2704 -0.7319
vn -0.6023 -0.0172 -0.7981
vn -0.5809 -0.2723 -0.7671
vn -0.4096 -0.7824 -0.4691
vn -0.6479 -0.0171 -0.7615
vn 0.3118 -0.8997 0.3055
vn 0.3287 -0.8990 0.2895
vn 0.4654 -0.7657 0.4440
vn 0.4899 -0.7644 0.4190
vn 0.7307 -0.3034 0.6115
vn 0.7328 -0.0556 0.6781
vn 0.7691 -0.0562 0.6367
vn 0.6974 -0.3002 0.6508
vn 0.3429 -0.8993 0.2714
vn 0.3592 -0.8987 0.2516
vn 0.5116 -0.7658 0.3897
vn 0.5380 -0.7621 0.3602
vn 0.7966 -0.3020 0.5237
vn 0.8032 -0.0575 0.5929
vn 0.8381 -0.0607 0.5421
vn 0.7637 -0.3007 0.5712
vn -0.3440 -0.9089 -0.2356
vn -0.5110 -0.7786 -0.3643
vn -0.7434 -0.2729 -0.6106
vn -0.8039 -0.0163 -0.5946
vn -0.3611 -0.9072 -0.2159
vn -0.5347 -0.7757 -0.3352
vn -0.7776 -0.2696 -0.5680
vn -0.8374 -0.0208 -0.5462
vn -0.3789 -0.9046 -0.1951
vn -0.5592 -0.7707 -0.3054
vn -0.8093 -0.2743 -0.5194
vn -0.8685 -0.0204 -0.4953
vn -0.3955 -0.9016 -0.1754
vn -0.5783 -0.7672 -0.2776
vn -0.8410 -0.2665 -0.4708
vn -0.8942 -0.0174 -0.4473
vn 0.3765 -0.8976 0.2295
vn 0.3918 -0.8952 0.2125
vn 0.5630 -0.7600 0.3248
vn 0.5843 -0.7545 0.2989
vn 0.8539 -0.2942 0.4293
vn 0.8723 -0.0602 0.4852
vn 0.8961 -0.0607 0.4398
vn 0.8295 -0.3003 0.4709
vn -0.4435 -0.8923 -0.0837
vn -0.3721 -0.9277 0.0304
vn -0.8197 -0.5485 -0.1650
vn -0.7050 -0.7085 0.0325
vn -0.9792 -0.0746 -0.1888
vn -0.9288 -0.3694 0.0287
vn -0.1781 -0.9821 -0.0611
vn -0.6034 -0.7536 -0.2609
vn -0.8698 -0.2557 -0.4221
vn -0.9111 -0.0131 -0.4121
vn -0.6163 -0.7448 -0.2561
vn -0.8879 -0.2458 -0.3889
vn 0.4031 -0.8917 0.2059
vn 0.5969 -0.7483 0.2893
vn 0.9060 -0.0578 0.4194
vn 0.8651 -0.2910 0.4085
vn 0.2267 -0.8988 0.3753
vn 0.3767 -0.7652 0.5221
vn 0.5048 -0.2957 0.8111
vn 0.5941 -0.0525 0.8027
vn 0.2049 -0.8935 0.3996
vn 0.3339 -0.7624 0.5543
vn 0.4467 -0.2867 0.8475
vn 0.5257 -0.0524 0.8491
vn -0.2182 -0.9074 -0.3593
vn -0.2356 -0.9105 -0.3399
vn -0.3305 -0.7741 -0.5400
vn -0.5347 -0.2703 -0.8007
vn -0.5111 -0.0162 -0.8594
vn -0.4895 -0.2633 -0.8313
vn -0.3545 -0.7804 -0.5151
vn -0.5555 -0.0189 -0.8313
vn 0.0054 -0.9333 -0.3590
vn 0.0037 -0.7191 -0.6949
vn 0.0010 -0.3845 -0.9231
vn -0.1187 -0.8998 -0.4198
vn -0.2152 -0.5536 -0.8045
vn -0.2389 -0.0653 -0.9688
vn 0.1943 -0.8880 0.4168
vn 0.2968 -0.7514 0.5894
vn 0.4150 -0.2764 0.8668
vn 0.4605 -0.0469 0.8864
vn 0.4284 -0.0395 0.9027
vn 0.2819 -0.7412 0.6092
vn 0.4075 -0.2813 0.8688
vn -0.2081 -0.9035 -0.3748
vn -0.4597 -0.2478 -0.8528
vn -0.3153 -0.7656 -0.5607
vn -0.4790 -0.0097 -0.8777
vn -0.5066 0.6720 -0.5402
vn -0.5369 0.6720 -0.5101
vn -0.3684 0.8398 -0.3988
vn -0.3907 0.8396 -0.3774
vn -0.2077 0.9499 -0.2334
vn -0.2198 0.9502 -0.2208
vn -0.5631 0.6731 -0.4795
vn -0.4103 0.8396 -0.3560
vn -0.2313 0.9501 -0.2095
vn 0.4898 0.6625 0.5668
vn 0.5254 0.6609 0.5359
vn 0.3531 0.8447 0.4022
vn 0.3785 0.8443 0.3794
vn 0.1906 0.9593 0.2085
vn 0.2039 0.9593 0.1955
vn 0.4516 0.6617 0.5985
vn 0.3255 0.8446 0.4252
vn 0.1752 0.9596 0.2201
vn -0.4732 0.6727 -0.5688
vn -0.4420 0.6695 -0.5970
vn -0.3448 0.8394 -0.4202
vn -0.3217 0.8381 -0.4405
vn -0.1947 0.9497 -0.2453
vn -0.1820 0.9491 -0.2572
vn 0.5869 0.6571 0.4731
vn 0.5572 0.6606 0.5031
vn 0.4233 0.8421 0.3343
vn 0.4024 0.8432 0.3566
vn 0.2291 0.9581 0.1718
vn 0.2175 0.9586 0.1838
vn 0.6436 0.6506 0.4031
vn 0.6144 0.6545 0.4406
vn 0.4668 0.8370 0.2855
vn 0.4443 0.8399 0.3117
vn 0.2534 0.9564 0.1455
vn 0.2412 0.9572 0.1597
vn -0.5912 0.6695 -0.4498
vn -0.4309 0.8382 -0.3343
vn -0.2430 0.9497 -0.1974
vn -0.6187 0.6664 -0.4161
vn -0.4518 0.8364 -0.3105
vn -0.2551 0.9492 -0.1843
vn -0.6458 0.6617 -0.3808
vn -0.4726 0.8339 -0.2852
vn -0.2675 0.9483 -0.1706
vn -0.6704 0.6555 -0.3476
vn -0.4932 0.8295 -0.2620
vn -0.2810 0.9466 -0.1583
vn 0.6990 0.6345 0.3299
vn 0.6746 0.6433 0.3621
vn 0.5117 0.8265 0.2345
vn 0.4909 0.8326 0.2565
vn 0.2799 0.9527 0.1185
vn 0.2667 0.9550 0.1298
vn -0.9112 0.4085 -0.0538
vn -0.7586 0.6256 -0.1822
vn -0.6896 0.7224 -0.0507
vn -0.5613 0.8149 -0.1446
vn -0.3738 0.9266 -0.0402
vn -0.3222 0.9418 -0.0959
vn -0.6892 0.6479 -0.3242
vn -0.5116 0.8229 -0.2472
vn -0.2932 0.9441 -0.1510
vn 0.7105 0.6291 0.3153
vn 0.5234 0.8219 0.2250
vn 0.2892 0.9504 0.1143
vn 0.4012 0.6587 0.6365
vn 0.2898 0.8428 0.4536
vn 0.1563 0.9589 0.2369
vn 0.3546 0.6504 0.6717
vn 0.2581 0.8367 0.4829
vn 0.1402 0.9569 0.2542
vn -0.4083 0.6677 -0.6225
vn -0.3776 0.6635 -0.6459
vn -0.2988 0.8355 -0.4611
vn -0.2766 0.8330 -0.4792
vn -0.1690 0.9483 -0.2686
vn -0.1573 0.9468 -0.2807
vn -0.0625 0.3963 -0.9160
vn -0.0500 0.7105 -0.7019
vn -0.0303 0.9199 -0.3911
vn -0.2024 0.6342 -0.7462
vn -0.1522 0.8166 -0.5568
vn -0.0912 0.9398 -0.3294
vn 0.3319 0.6426 0.6905
vn 0.2434 0.8305 0.5011
vn 0.1331 0.9545 0.2669
vn -0.3573 0.6556 -0.6653
vn -0.2634 0.8272 -0.4963
vn -0.1503 0.9449 -0.2908
vn 0.8124 0.3739 0.4475
vn 0.4849 0.3857 0.7849
vn 0.9460 0.1741 -0.2736
vn 0.9461 0.1742 -0.2730
vn 0.0607 -0.2866 -0.9561
vn 0.7959 0.3736 0.4764
vn -0.2596 0.2287 0.9382
vn -0.2597 0.2287 0.9382
vn -0.9691 -0.2315 0.0855
vn 0.4490 0.3876 0.8051
vn -0.3858 0.9224 -0.0203
vn -0.7101 0.7039 -0.0152
vn -0.9250 0.3800 -0.0078
vn -0.3680 -0.0234 -0.9295
vn -0.9176 -0.0107 -0.3973
vn -0.6898 -0.0171 -0.7238
vn 0.2386 -0.6728 0.7003
vn -0.0448 -0.7373 0.6741
vn -0.8743 -0.3359 0.3503
vn 0.0173 -0.6934 0.7204
vn 0.0002 0.3610 -0.9325
vn -0.0018 0.6916 -0.7223
vn -0.0036 0.9145 -0.4046
vn 0.6841 -0.2401 0.6887
vn 0.6590 -0.0021 0.7521
vn 0.2882 0.9182 0.2719
vn 0.7064 -0.0283 0.7073
vn 0.6768 -0.6747 0.2945
vn 0.7536 -0.6557 0.0463
vn 0.3185 -0.3378 -0.8857
vn 0.7046 -0.7012 0.1090
vn 0.6079 -0.6182 -0.4983
vn 0.9184 0.3955 -0.0094
vn 0.6945 0.7193 -0.0159
vn 0.5757 0.8175 -0.0178
vn 0.3601 0.9327 -0.0199
vn -0.0078 0.9899 -0.1417
vn -0.0994 0.9949 0.0188
vn -0.0049 0.9482 0.3176
vn -0.0046 0.8736 0.4866
vn -0.0192 0.7439 0.6681
vn -0.0032 0.5541 0.8325
vn -0.0026 0.4266 0.9044
vn -0.3273 0.8843 -0.3330
vn -0.4383 0.7775 -0.4510
vn -0.5201 0.6695 -0.5303
vn -0.5410 0.6352 -0.5512
vn -0.6562 0.3629 -0.6616
vn -0.4501 0.6909 -0.5657
vn -0.6291 0.4470 -0.6359
vn -0.7760 -0.0125 -0.6306
vn 0.9172 -0.0031 -0.3985
vn 0.6993 -0.0122 -0.7147
vn 0.3556 -0.0199 -0.9344
vn 0.8700 -0.0056 -0.4930
vn 0.2183 -0.0219 -0.9756
vn 0.0082 -0.9261 -0.3771
vn 0.0082 -0.8808 -0.4734
vn 0.0076 -0.7068 -0.7073
vn 0.0066 -0.4777 -0.8785
vn 0.0060 -0.3912 -0.9203
vn -0.1019 -0.1027 -0.9895
vn -0.3126 0.2909 -0.9043
vn -0.4764 0.5305 -0.7011
vn -0.5458 0.5268 -0.6516
vn -0.6808 0.6600 -0.3178
vn -0.2037 0.1825 -0.9619
vn -0.4693 0.4485 -0.7607
vn -0.6506 0.6352 -0.4164
vn -0.6332 0.7695 -0.0831
vn -0.9921 0.0131 -0.1244
vn -0.9313 -0.3642 0.0087
vn -0.8367 -0.5475 0.0131
vn -0.7268 -0.6867 0.0163
vn -0.6589 -0.7520 0.0178
vn -0.4002 -0.9162 0.0218
vn -0.9217 0.0092 0.3877
vn -0.6969 0.0179 0.7169
vn -0.3584 0.0237 0.9333
vn -0.9857 0.0737 0.1518
vn -0.8726 0.0117 0.4884
vn -0.5606 0.0208 0.8279
vn -0.8695 0.3454 -0.3530
vn -0.6529 0.5307 -0.5404
vn -0.6731 0.5181 -0.5277
vn -0.4859 0.6118 -0.6242
vn -0.4481 0.6286 -0.6356
vn 0.1729 0.6913 -0.7016
vn 0.5638 0.5787 -0.5893
vn -0.7965 0.4239 -0.4312
vn -0.6610 0.5276 -0.5336
vn -0.2359 0.6809 -0.6933
vn 0.3789 0.9252 -0.0226
vn 0.7001 0.7138 -0.0180
vn 0.9190 0.3941 -0.0106
vn -0.0035 0.4046 0.9145
vn -0.0058 0.7236 0.6902
vn -0.0072 0.9326 0.3609
vn -0.6541 0.3701 -0.6597
vn -0.4995 0.6909 -0.5227
vn -0.2815 0.9126 -0.2965
vn 0.3837 -0.0194 -0.9233
vn 0.7053 -0.0120 -0.7088
vn 0.9223 -0.0028 -0.3864
vn 0.0034 -0.4048 -0.9144
vn 0.0057 -0.7237 -0.6901
vn 0.0071 -0.9327 -0.3605
vn -0.6553 0.6392 -0.4025
vn -0.5012 0.4795 -0.7204
vn -0.2727 0.2485 -0.9294
vn -0.3770 -0.9260 0.0221
vn -0.7022 -0.7118 0.0169
vn -0.9211 -0.3892 0.0092
vn -0.3566 0.0203 0.9340
vn -0.9216 0.0040 0.3881
vn -0.6952 0.0132 0.7187
vn -0.1055 0.6873 -0.7187
vn -0.1962 0.7287 -0.6561
vn -0.5809 0.5610 -0.5897
vn -0.9067 0.2887 -0.3074
vn 0.9239 0.0160 0.3823
vn 0.7073 0.0222 0.7066
vn 0.7069 0.0222 0.7069
vn 0.3819 0.0249 0.9239
vn -0.8133 -0.0212 -0.5814
vn -0.9260 -0.0071 0.3775
vn -0.9824 -0.0237 -0.1855
vn -0.9792 -0.0236 -0.2013
vn -0.5493 0.0054 0.8356
vn -0.1680 0.0225 0.9855
vn -0.9243 0.0125 0.3816
vn -0.9241 -0.0069 0.3820
vn 0.9856 0.1689 -0.0033
vn 0.9216 0.3881 -0.0013
vn 0.3746 0.9267 -0.0314
vn 0.3798 0.9250 -0.0141
vn 0.3757 0.9266 -0.0142
vn -0.5858 0.8102 -0.0194
vn -0.3883 0.9214 -0.0147
vn 0.8210 0.5708 -0.0032
vn -0.2080 0.9780 -0.0140
vn -0.1532 -0.9879 0.0243
vn -0.1527 -0.9804 -0.1244
vn -0.9211 -0.3892 0.0090
vn -0.9176 -0.3877 -0.0883
vn -0.8136 0.5812 -0.0148
vn -0.1544 -0.9877 0.0243
vn -0.9216 -0.3882 0.0090
vn -0.9212 -0.3889 0.0090
vn -0.9215 -0.3882 0.0090
vn 0.0022 -0.3598 0.9330
vn 0.0041 -0.6886 0.7251
vn 0.0040 -0.6898 0.7240
vn 0.0053 -0.9145 0.4045
vn 0.0057 -0.9926 0.1214
vn -0.0028 0.5721 -0.8202
vn 0.0023 -0.4005 -0.9163
vn 0.0023 -0.4004 -0.9163
vn 0.0023 -0.3979 -0.9174
vn 0.0057 -0.9905 -0.1374
vn 0.9868 0.0043 -0.1618
vn 0.9894 0.1429 -0.0254
vn 0.3870 -0.0338 -0.9215
vn 0.8256 -0.0184 -0.5639
vn 0.8349 -0.0174 -0.5501
vn -0.2016 -0.0367 -0.9788
vn -0.5828 -0.0252 -0.8123
vn 0.3819 -0.0196 -0.9240
vn 0.3824 -0.0340 -0.9234
vn 0.3893 -0.9208 0.0222
vn 0.7118 -0.7022 0.0172
vn 0.7125 -0.7014 0.0172
vn 0.9271 -0.3747 0.0095
vn 0.6148 0.6549 -0.4394
vn 0.6937 0.7156 0.0816
vn 0.6937 0.7161 0.0774
vn 0.6937 0.7156 0.0817
vn 0.5039 0.4940 0.7085
vn 0.5054 0.4960 0.7061
vn 0.5038 0.4940 0.7086
vn 0.1883 0.1573 0.9694
vn 0.6124 0.6526 -0.4462
vn 0.5049 0.4956 0.7067
vn 0.1867 0.1555 0.9700
vn 0.8972 0.2970 -0.3270
vn 0.8967 0.3162 -0.3097
vn 0.7610 0.4378 -0.4787
vn 0.7606 0.4654 -0.4526
vn 0.2408 0.6980 -0.6744
vn -0.0149 0.6782 -0.7347
vn -0.0157 0.7198 -0.6940
vn 0.8962 0.2809 -0.3433
vn 0.7587 0.4155 -0.5017
vn 0.2411 0.6572 -0.7142
vn -0.0137 0.6361 -0.7715
vn 0.9135 -0.2960 0.2791
vn 0.9137 -0.3120 0.2605
vn 0.7868 -0.4469 0.4258
vn 0.3289 -0.7198 0.6113
vn 0.0853 -0.7173 0.6915
vn 0.3294 -0.6811 0.6539
vn 0.9137 -0.3282 0.2397
vn 0.7872 -0.4725 0.3964
vn 0.3305 -0.7568 0.5639
vn 0.0856 -0.7590 0.6454
vn 0.8956 0.3526 -0.2712
vn 0.8971 0.3323 -0.2912
vn 0.7590 0.5164 -0.3966
vn 0.2416 0.7353 -0.6332
vn -0.0152 0.7967 -0.6042
vn 0.2400 0.7731 -0.5872
vn 0.7599 0.4916 -0.4253
vn -0.0150 0.7600 -0.6498
vn 0.9135 -0.2779 0.2971
vn 0.9132 -0.2612 0.3128
vn 0.7874 -0.4193 0.4519
vn 0.7865 -0.3929 0.4764
vn 0.3300 -0.6015 0.7276
vn 0.0867 -0.6745 0.7332
vn 0.0874 -0.6329 0.7693
vn 0.3305 -0.6396 0.6940
vn 0.9129 -0.2436 0.3276
vn 0.9120 -0.2238 0.3437
vn 0.7856 -0.3661 0.4988
vn 0.7828 -0.3363 0.5235
vn 0.3314 -0.5103 0.7936
vn 0.0885 -0.5889 0.8033
vn 0.0906 -0.5378 0.8382
vn 0.3303 -0.5606 0.7594
vn 0.8955 0.2620 -0.3599
vn 0.7580 0.3869 -0.5251
vn 0.2436 0.6146 -0.7503
vn -0.0125 0.5929 -0.8052
vn 0.8946 0.2410 -0.3763
vn 0.7571 0.3550 -0.5484
vn 0.2409 0.5746 -0.7822
vn -0.0107 0.5444 -0.8388
vn 0.8919 0.2210 -0.3945
vn 0.7521 0.3271 -0.5722
vn 0.2424 0.5254 -0.8156
vn -0.0080 0.4934 -0.8698
vn 0.8889 0.2005 -0.4119
vn 0.7467 0.2993 -0.5941
vn 0.2408 0.4756 -0.8460
vn -0.0096 0.4458 -0.8951
vn 0.9100 -0.2022 0.3620
vn 0.9074 -0.1855 0.3772
vn 0.7785 -0.3005 0.5511
vn 0.7728 -0.2738 0.5725
vn 0.3236 -0.4189 0.8484
vn 0.0910 -0.4802 0.8724
vn 0.0893 -0.4364 0.8953
vn 0.3286 -0.4583 0.8259
vn 0.8820 0.1091 -0.4584
vn 0.9214 -0.0044 -0.3885
vn 0.5293 0.1788 -0.8294
vn 0.6974 -0.0135 -0.7166
vn 0.0526 0.1884 -0.9807
vn 0.3564 -0.0202 -0.9341
vn 0.9764 0.0911 -0.1956
vn 0.7351 0.2832 -0.6160
vn 0.2321 0.4272 -0.8739
vn -0.0150 0.4100 -0.9120
vn 0.7274 0.2766 -0.6280
vn 0.2167 0.3957 -0.8925
vn 0.9039 -0.1796 0.3881
vn 0.7669 -0.2672 0.5834
vn 0.0862 -0.4139 0.9062
vn 0.3177 -0.3965 0.8613
vn 0.9122 -0.3505 0.2122
vn 0.7869 -0.4971 0.3656
vn 0.3281 -0.8007 0.5013
vn 0.0860 -0.7985 0.5958
vn 0.9073 -0.3750 0.1904
vn 0.7814 -0.5345 0.3221
vn 0.3186 -0.8378 0.4434
vn 0.0859 -0.8458 0.5265
vn 0.8926 0.3852 -0.2344
vn 0.8961 0.3651 -0.2526
vn 0.7528 0.5605 -0.3451
vn 0.2395 0.8064 -0.5406
vn -0.0177 0.8581 -0.5131
vn 0.2305 0.8380 -0.4946
vn 0.7587 0.5364 -0.3696
vn -0.0156 0.8301 -0.5573
vn 0.9223 0.3864 -0.0111
vn 0.6987 0.7153 -0.0099
vn 0.3568 0.9342 -0.0074
vn 0.8853 0.4451 -0.1346
vn 0.5266 0.8196 -0.2259
vn 0.0339 0.9696 -0.2422
vn 0.9037 -0.3883 0.1803
vn 0.7720 -0.5685 0.2844
vn 0.3060 -0.8585 0.4115
vn 0.0806 -0.8836 0.4613
vn 0.0726 -0.9002 0.4294
vn 0.7642 -0.5855 0.2705
vn 0.3135 -0.8592 0.4045
vn 0.8877 0.4020 -0.2246
vn 0.2152 0.8584 -0.4656
vn 0.7449 0.5798 -0.3301
vn -0.0238 0.8765 -0.4809
vn -0.6969 0.5185 -0.4955
vn -0.6962 0.4887 -0.5258
vn -0.8573 0.3727 -0.3552
vn -0.8570 0.3518 -0.3765
vn -0.9597 0.2047 -0.1924
vn -0.9594 0.1935 -0.2050
vn -0.6953 0.4584 -0.5536
vn -0.8562 0.3304 -0.3971
vn -0.9593 0.1819 -0.2159
vn -0.6377 -0.5837 0.5027
vn -0.6374 -0.5528 0.5367
vn -0.8266 -0.4258 0.3681
vn -0.8265 -0.4025 0.3936
vn -0.9494 -0.2360 0.2073
vn -0.9493 -0.2236 0.2212
vn -0.6365 -0.6162 0.4638
vn -0.8264 -0.4486 0.3404
vn -0.9492 -0.2489 0.1925
vn -0.6964 0.5476 -0.4639
vn -0.6947 0.5757 -0.4313
vn -0.8569 0.3947 -0.3317
vn -0.8562 0.4147 -0.3082
vn -0.9597 0.2166 -0.1792
vn -0.9594 0.2281 -0.1660
vn -0.6344 -0.4895 0.5983
vn -0.6363 -0.5207 0.5692
vn -0.8243 -0.3581 0.4386
vn -0.8260 -0.3796 0.4167
vn -0.9484 -0.1996 0.2462
vn -0.9493 -0.2099 0.2341
vn -0.6273 -0.4203 0.6556
vn -0.6310 -0.4584 0.6259
vn -0.8205 -0.3085 0.4813
vn -0.8225 -0.3362 0.4588
vn -0.9474 -0.1725 0.2696
vn -0.9480 -0.1871 0.2575
vn -0.6921 0.4286 -0.5808
vn -0.8551 0.3083 -0.4169
vn -0.9591 0.1686 -0.2272
vn -0.6885 0.3949 -0.6083
vn -0.8523 0.2849 -0.4387
vn -0.9584 0.1556 -0.2392
vn -0.6830 0.3598 -0.6357
vn -0.8495 0.2597 -0.4592
vn -0.9573 0.1414 -0.2520
vn -0.6766 0.3258 -0.6603
vn -0.8441 0.2370 -0.4809
vn -0.9553 0.1300 -0.2656
vn -0.6129 -0.3473 0.7098
vn -0.6203 -0.3792 0.6866
vn -0.8107 -0.2572 0.5260
vn -0.8161 -0.2797 0.5057
vn -0.9440 -0.1456 0.2961
vn -0.9461 -0.1570 0.2831
vn -0.4276 0.0393 -0.9031
vn -0.6438 0.1616 -0.7480
vn -0.7355 0.0278 -0.6769
vn -0.8285 0.1191 -0.5472
vn -0.9333 0.0122 -0.3590
vn -0.9495 0.0676 -0.3065
vn -0.6685 0.3036 -0.6789
vn -0.8381 0.2220 -0.4984
vn -0.9530 0.1220 -0.2774
vn -0.6078 -0.3305 0.7221
vn -0.8057 -0.2478 0.5381
vn -0.9420 -0.1409 0.3047
vn -0.6332 -0.6542 0.4136
vn -0.8243 -0.4771 0.3049
vn -0.9493 -0.2627 0.1729
vn -0.6246 -0.6893 0.3671
vn -0.8183 -0.5057 0.2733
vn -0.9464 -0.2821 0.1571
vn -0.6925 0.6012 -0.3987
vn -0.6870 0.6267 -0.3678
vn -0.8546 0.4339 -0.2853
vn -0.8505 0.4550 -0.2639
vn -0.9588 0.2391 -0.1534
vn -0.9573 0.2519 -0.1416
vn -0.4243 0.9037 -0.0577
vn -0.7320 0.6802 -0.0395
vn -0.9318 0.3627 -0.0156
vn -0.6587 0.7272 -0.1933
vn -0.8344 0.5333 -0.1392
vn -0.9505 0.3012 -0.0759
vn -0.6165 -0.7082 0.3441
vn -0.8118 -0.5236 0.2584
vn -0.9442 -0.2934 0.1499
vn -0.6816 0.6442 -0.3471
vn -0.8456 0.4714 -0.2505
vn -0.9549 0.2644 -0.1351
vn -0.3468 -0.4557 0.8198
vn -0.3550 -0.7932 0.4947
vn -0.1677 0.2699 0.9482
vn -0.1681 0.2703 0.9480
vn -0.1680 0.2700 0.9481
vn 0.2598 0.9643 0.0520
vn -0.3452 -0.4799 0.8065
vn -0.1964 -0.9469 -0.2544
vn 0.1775 -0.2340 -0.9559
vn -0.3579 -0.6005 0.7150
vn -0.3937 0.4004 0.8275
vn -0.4104 0.3813 0.8284
vn -0.5268 0.5315 0.6633
vn -0.5507 0.5031 0.6661
vn -0.7408 0.6632 0.1063
vn -0.6991 0.6987 -0.1521
vn -0.7389 0.6565 -0.1516
vn -0.3763 0.4170 0.8273
vn -0.5012 0.5554 0.6636
vn -0.7020 0.7042 0.1065
vn -0.6593 0.7367 -0.1502
vn 0.2160 -0.1751 0.9606
vn 0.2320 -0.1556 0.9602
vn 0.3837 -0.3263 0.8639
vn 0.7051 -0.5432 0.4558
vn 0.7297 -0.6469 0.2214
vn 0.6685 -0.5877 0.4557
vn 0.2480 -0.1339 0.9595
vn 0.4078 -0.2965 0.8636
vn 0.7422 -0.4945 0.4524
vn 0.7692 -0.5998 0.2203
vn -0.4444 0.3419 0.8280
vn -0.4284 0.3619 0.8279
vn -0.5996 0.4460 0.6645
vn -0.7787 0.6182 0.1069
vn -0.8125 0.5636 -0.1488
vn -0.8129 0.5723 0.1078
vn -0.5773 0.4753 0.6639
vn -0.7776 0.6103 -0.1511
vn 0.1990 -0.1930 0.9608
vn 0.1828 -0.2093 0.9606
vn 0.3567 -0.3532 0.8649
vn 0.3325 -0.3782 0.8640
vn 0.5918 -0.6642 0.4567
vn 0.6884 -0.6902 0.2229
vn 0.6482 -0.7280 0.2234
vn 0.6291 -0.6280 0.4581
vn 0.1663 -0.2250 0.9601
vn 0.1467 -0.2401 0.9596
vn 0.3057 -0.4016 0.8633
vn 0.2757 -0.4275 0.8610
vn 0.5043 -0.7328 0.4569
vn 0.6056 -0.7637 0.2239
vn 0.5538 -0.8014 0.2258
vn 0.5517 -0.6975 0.4573
vn -0.3589 0.4347 0.8260
vn -0.4756 0.5797 0.6616
vn -0.6628 0.7412 0.1065
vn -0.6170 0.7730 -0.1476
vn -0.3395 0.4506 0.8257
vn -0.4472 0.6031 0.6605
vn -0.6210 0.7762 0.1090
vn -0.5713 0.8077 -0.1457
vn -0.3219 0.4619 0.8264
vn -0.4219 0.6220 0.6596
vn -0.5763 0.8100 0.1085
vn -0.5302 0.8357 -0.1428
vn -0.3054 0.4575 0.8351
vn -0.4021 0.6259 0.6682
vn -0.5365 0.8368 0.1088
vn -0.5030 0.8529 -0.1399
vn 0.1302 -0.2552 0.9581
vn 0.1248 -0.2754 0.9532
vn 0.2444 -0.4559 0.8558
vn 0.2257 -0.4846 0.8451
vn 0.4013 -0.8017 0.4431
vn 0.4895 -0.8423 0.2257
vn 0.4346 -0.8733 0.2202
vn 0.4480 -0.7705 0.4534
vn -0.0371 0.4500 0.8922
vn -0.0161 0.7742 0.6328
vn 0.0072 0.9646 0.2635
vn -0.1684 0.2177 0.9614
vn -0.3850 0.6129 0.6900
vn -0.5101 0.8529 0.1112
vn -0.4888 0.8612 -0.1394
vn -0.3836 0.6157 0.6883
vn -0.4971 0.8604 0.1124
vn 0.1289 -0.2993 0.9454
vn 0.2232 -0.5061 0.8331
vn 0.4091 -0.8873 0.2129
vn 0.3786 -0.8187 0.4317
vn 0.2675 -0.1068 0.9576
vn 0.4327 -0.2630 0.8623
vn 0.7835 -0.4307 0.4479
vn 0.8079 -0.5475 0.2182
vn 0.2904 -0.0842 0.9532
vn 0.4651 -0.2203 0.8574
vn 0.8178 -0.3719 0.4392
vn 0.8518 -0.4772 0.2162
vn -0.4773 0.3032 0.8247
vn -0.4595 0.3213 0.8280
vn -0.6432 0.3922 0.6577
vn -0.8443 0.5250 0.1077
vn -0.8701 0.4703 -0.1472
vn -0.8722 0.4781 0.1031
vn -0.6204 0.4162 0.6648
vn -0.8439 0.5156 -0.1482
vn -0.4720 0.0838 0.8776
vn -0.7786 0.0460 0.6258
vn -0.9633 0.0006 0.2685
vn -0.5323 0.2005 0.8225
vn -0.8729 0.2394 0.4251
vn -0.9764 0.2007 -0.0793
vn 0.3074 -0.0738 0.9487
vn 0.4990 -0.1827 0.8471
vn 0.8376 -0.3412 0.4266
vn 0.8875 -0.4115 0.2076
vn 0.9037 -0.3796 0.1980
vn 0.5189 -0.1684 0.8381
vn 0.8389 -0.3333 0.4304
vn -0.4920 0.2918 0.8202
vn -0.8910 0.4456 0.0869
vn -0.6622 0.3738 0.6494
vn -0.8866 0.4367 -0.1528
vn -0.4673 0.4025 -0.7871
vn -0.4387 0.4340 -0.7869
vn -0.3022 0.2530 -0.9191
vn -0.2816 0.2760 -0.9190
vn -0.1202 0.0894 -0.9887
vn -0.1081 0.1018 -0.9889
vn -0.4105 0.4626 -0.7858
vn -0.2623 0.2980 -0.9178
vn -0.0969 0.1137 -0.9888
vn 0.6598 -0.5353 -0.5274
vn 0.6296 -0.5711 -0.5268
vn 0.5152 -0.4276 -0.7427
vn 0.4933 -0.4534 -0.7423
vn 0.3321 -0.2877 -0.8983
vn 0.3203 -0.3019 -0.8979
vn 0.6901 -0.4957 -0.5273
vn 0.5370 -0.3988 -0.7434
vn 0.3440 -0.2722 -0.8986
vn -0.4954 0.3691 -0.7863
vn -0.5219 0.3356 -0.7842
vn -0.3232 0.2292 -0.9182
vn -0.3430 0.2052 -0.9166
vn -0.1309 0.0752 -0.9885
vn -0.1421 0.0619 -0.9879
vn 0.5688 -0.6345 -0.5233
vn 0.5986 -0.6046 -0.5255
vn 0.4496 -0.4995 -0.7405
vn 0.4710 -0.4778 -0.7415
vn 0.2968 -0.3274 -0.8971
vn 0.3086 -0.3156 -0.8973
vn 0.4986 -0.6957 -0.5171
vn 0.5375 -0.6632 -0.5209
vn 0.3993 -0.5457 -0.7367
vn 0.4276 -0.5212 -0.7386
vn 0.2687 -0.3531 -0.8962
vn 0.2850 -0.3395 -0.8964
vn -0.3814 0.4916 -0.7828
vn -0.2415 0.3194 -0.9163
vn -0.0859 0.1265 -0.9882
vn -0.3503 0.5207 -0.7785
vn -0.2195 0.3416 -0.9138
vn -0.0735 0.1390 -0.9876
vn -0.3227 0.5463 -0.7729
vn -0.2008 0.3631 -0.9099
vn -0.0635 0.1527 -0.9862
vn -0.3050 0.5654 -0.7664
vn -0.1916 0.3849 -0.9029
vn -0.0641 0.1762 -0.9823
vn 0.3958 -0.7700 -0.5004
vn 0.4458 -0.7352 -0.5106
vn 0.3195 -0.6090 -0.7260
vn 0.3597 -0.5797 -0.7311
vn 0.2148 -0.3936 -0.8938
vn 0.2438 -0.3756 -0.8941
vn -0.1494 0.6861 -0.7120
vn 0.0105 0.6219 -0.7830
vn -0.0949 0.5005 -0.8605
vn 0.0291 0.3100 -0.9503
vn -0.0362 0.2915 -0.9559
vn -0.0098 0.8611 -0.5083
vn -0.2997 0.5825 -0.7556
vn -0.1961 0.4128 -0.8895
vn -0.0783 0.2143 -0.9736
vn 0.3704 -0.7848 -0.4969
vn 0.2972 -0.6205 -0.7257
vn 0.1954 -0.3956 -0.8974
vn 0.7257 -0.4437 -0.5259
vn 0.5633 -0.3618 -0.7428
vn 0.3582 -0.2523 -0.8989
vn 0.7583 -0.3948 -0.5188
vn 0.5916 -0.3287 -0.7362
vn 0.3757 -0.2356 -0.8963
vn -0.5474 0.3024 -0.7803
vn -0.5707 0.2710 -0.7752
vn -0.3615 0.1809 -0.9147
vn -0.3813 0.1595 -0.9106
vn -0.1528 0.0483 -0.9871
vn -0.1653 0.0367 -0.9856
vn -0.8607 -0.0242 -0.5085
vn -0.6089 -0.0623 -0.7908
vn -0.2734 -0.0915 -0.9575
vn -0.6669 0.0955 -0.7390
vn -0.4544 0.0335 -0.8902
vn -0.2127 -0.0303 -0.9766
vn 0.7751 -0.3704 -0.5119
vn 0.6081 -0.3125 -0.7298
vn 0.3891 -0.2281 -0.8925
vn -0.5879 0.2498 -0.7694
vn -0.3973 0.1458 -0.9060
vn -0.1758 0.0298 -0.9840
vn 0.8505 -0.4739 -0.2281
vn -0.8761 -0.4722 0.0975
vn -0.8767 -0.4711 0.0977
vn 0.8461 -0.4816 -0.2282
vn -0.2185 -0.9712 -0.0947
vn -0.8466 -0.5253 0.0857
vn 0.9603 0.2348 -0.1507
vn 0.5466 0.8372 0.0168
vn 0.1169 0.9883 0.0982
vn 0.4923 -0.8444 -0.2112
vn -0.2900 0.8432 0.4527
vn -0.4896 0.5050 -0.7108
vn 0.5429 -0.7123 0.4449
vn -0.8074 0.5734 -0.1390
vn -0.4846 0.6188 -0.6182
vn 0.7299 -0.5150 0.4494
vn -0.6311 0.7712 0.0832
vn 0.2883 0.8814 0.3742
vn 0.2593 -0.2967 0.9191
vn 0.1101 0.6796 0.7253
vn -0.4815 -0.5801 -0.6570
vn -0.3745 0.0151 -0.9271
vn 0.3663 -0.9077 -0.2049
vn 0.4350 0.8932 0.1141
vn 0.4467 -0.1481 -0.8823
vn -0.8962 -0.1071 0.4306
vn 0.1069 0.9054 0.4109
vn -0.0354 -0.8977 -0.4391
vn 0.2709 0.6754 -0.6859
vn -0.3818 0.5515 0.7417
vn -0.7445 0.5375 0.3961
vn 0.2141 -0.5925 0.7766
vn 0.5297 -0.8142 -0.2377
vn -0.7784 -0.1080 -0.6184
vn -0.8634 -0.4031 0.3034
vn -0.9240 -0.0254 -0.3816
vn -0.3828 0.0111 0.9238
vn 0.8291 0.5590 -0.0033
vn 0.0023 -0.3978 -0.9175
vn -0.9821 -0.1082 0.1541
vt 0.024689 0.243520
vt 0.022089 0.239058
vt 0.025522 0.239321
vt 0.314703 0.122046
vt 0.311195 0.134322
vt 0.312211 0.121843
vt 0.022742 0.234777
vt 0.019737 0.230086
vt 0.023202 0.230447
vt 0.283990 0.157528
vt 0.284306 0.169694
vt 0.281854 0.169389
vt 0.023520 0.221865
vt 0.026821 0.218292
vt 0.026929 0.222312
vt 0.315292 0.109576
vt 0.312797 0.109391
vt 0.288969 0.106791
vt 0.291465 0.093316
vt 0.291432 0.106946
vt 0.287341 0.132371
vt 0.288303 0.145365
vt 0.285846 0.145112
vt 0.026871 0.226510
vt 0.026627 0.230802
vt 0.020000 0.225696
vt 0.023454 0.226109
vt 0.281859 0.181146
vt 0.279411 0.180810
vt 0.303084 0.192695
vt 0.303380 0.181466
vt 0.305863 0.181770
vt 0.308286 0.170643
vt 0.307915 0.158824
vt 0.310404 0.159088
vt 0.278862 0.192968
vt 0.276428 0.192604
vt 0.274378 0.208392
vt 0.271970 0.208030
vt 0.296135 0.214900
vt 0.297378 0.203311
vt 0.299868 0.203670
vt 0.023419 0.217798
vt 0.026544 0.214407
vt 0.268065 0.229920
vt 0.265673 0.229614
vt 0.261491 0.255166
vt 0.259097 0.254903
vt 0.291918 0.226386
vt 0.293633 0.214502
vt 0.022674 0.209888
vt 0.025455 0.206698
vt 0.026093 0.210577
vt 0.315482 0.097096
vt 0.312983 0.096926
vt 0.315290 0.084214
vt 0.312777 0.084050
vt 0.287895 0.074326
vt 0.287783 0.046477
vt 0.290371 0.074377
vt 0.019274 0.234469
vt 0.314736 0.070523
vt 0.312203 0.070367
vt 0.313950 0.056491
vt 0.311473 0.056214
vt 0.285311 0.046453
vt 0.284298 0.013465
vt 0.019763 0.248642
vt 0.017682 0.243344
vt 0.021199 0.243427
vt 0.308712 0.134100
vt 0.309723 0.121641
vt 0.297229 0.158316
vt 0.302989 0.170064
vt 0.295109 0.170027
vt 0.286445 0.157806
vt 0.286763 0.169999
vt 0.284647 0.181492
vt 0.289775 0.192657
vt 0.281636 0.193332
vt 0.310306 0.109207
vt 0.310485 0.096757
vt 0.289798 0.132595
vt 0.293306 0.119952
vt 0.292258 0.132819
vt 0.290763 0.145618
vt 0.290842 0.119758
vt 0.293901 0.107101
vt 0.309738 0.146737
vt 0.305800 0.170360
vt 0.305430 0.158561
vt 0.303320 0.170078
vt 0.281299 0.193335
vt 0.287098 0.170013
vt 0.292679 0.181305
vt 0.300599 0.192365
vt 0.300901 0.181162
vt 0.298120 0.192033
vt 0.270449 0.230226
vt 0.285857 0.205805
vt 0.277129 0.208698
vt 0.294894 0.202949
vt 0.289491 0.225792
vt 0.291158 0.214102
vt 0.263885 0.255429
vt 0.309978 0.109170
vt 0.301579 0.120804
vt 0.302168 0.108165
vt 0.293941 0.093418
vt 0.292850 0.074428
vt 0.310265 0.083891
vt 0.309686 0.070212
vt 0.302276 0.095107
vt 0.309934 0.083775
vt 0.310157 0.096707
vt 0.290260 0.046502
vt 0.286774 0.013498
vt 0.308957 0.055929
vt 0.288382 0.119566
vt 0.310543 0.031937
vt 0.308278 0.032171
vt 0.306013 0.032408
vt 0.293638 0.119983
vt 0.294232 0.107137
vt 0.288903 0.158084
vt 0.292589 0.132846
vt 0.017559 0.255313
vt 0.015885 0.249477
vt 0.026171 0.235086
vt 0.293185 0.074545
vt 0.300021 0.058393
vt 0.301596 0.079204
vt 0.279479 0.243026
vt 0.265484 0.257419
vt 0.277661 0.241747
vt 0.264067 0.255504
vt 0.275842 0.240465
vt 0.300568 0.181152
vt 0.312228 0.146981
vt 0.309395 0.121610
vt 0.300550 0.133464
vt 0.307252 0.146493
vt 0.014994 0.262694
vt 0.012832 0.258269
vt 0.020889 0.256851
vt 0.022315 0.252340
vt 0.308633 0.055983
vt 0.309347 0.069961
vt 0.290608 0.046767
vt 0.297881 0.035055
vt 0.021876 0.205255
vt 0.024619 0.202678
vt 0.019980 0.217289
vt 0.023148 0.213865
vt 0.284311 0.181483
vt 0.290762 0.214278
vt 0.280639 0.222044
vt 0.020076 0.221404
vt 0.019711 0.213308
vt 0.299070 0.146054
vt 0.291095 0.145640
vt 0.288997 0.093215
vt 0.213771 0.100178
vt 0.179987 0.133906
vt 0.178735 0.133547
vt 0.294273 0.093467
vt 0.020681 0.199509
vt 0.023689 0.198737
vt 0.016751 0.196468
vt 0.019384 0.193377
vt 0.270824 0.230033
vt 0.275893 0.239930
vt 0.264399 0.254669
vt 0.286840 0.225071
vt 0.304852 0.008036
vt 0.307123 0.007129
vt 0.023629 0.247821
vt 0.302577 0.008960
vt 0.294541 0.203003
vt 0.313686 0.134545
vt 0.289236 0.158102
vt 0.297783 0.192035
vt 0.019216 0.209183
vt 0.276782 0.208758
vt 0.287118 0.225207
vt 0.305100 0.158543
vt 0.306923 0.146471
vt 0.308383 0.134073
vt 0.018615 0.238799
vt 0.018276 0.203814
vt 0.233452 0.034725
vt 0.139804 0.027773
vt 0.253043 0.028160
vt 0.074143 0.072757
vt 0.121012 0.102083
vt 0.121029 0.103435
vt 0.077648 0.072419
vt 0.121016 0.100698
vt 0.162952 0.114355
vt 0.153020 0.074361
vt 0.185471 0.076802
vt 0.174114 0.243925
vt 0.091218 0.199166
vt 0.095586 0.195535
vt 0.259236 0.065460
vt 0.214500 0.101031
vt 0.172487 0.240873
vt 0.165730 0.186345
vt 0.166838 0.186174
vt 0.148061 0.054394
vt 0.207968 0.039286
vt 0.212040 0.234727
vt 0.265870 0.158078
vt 0.207506 0.255525
vt 0.058556 0.111875
vt 0.112079 0.125365
vt 0.060605 0.113448
vt 0.202691 0.171037
vt 0.238820 0.151192
vt 0.222585 0.207136
vt 0.155649 0.140239
vt 0.111780 0.126486
vt 0.266799 0.043952
vt 0.272243 0.159825
vt 0.043794 0.095353
vt 0.086374 0.203191
vt 0.029162 0.077983
vt 0.187568 0.260340
vt 0.259485 0.065610
vt 0.258442 0.156026
vt 0.258390 0.067670
vt 0.191037 0.180371
vt 0.179934 0.134093
vt 0.192117 0.180018
vt 0.165208 0.124596
vt 0.110539 0.111008
vt 0.116269 0.106864
vt 0.137944 0.021584
vt 0.273561 0.021481
vt 0.178432 0.133568
vt 0.212156 0.093918
vt 0.213690 0.099974
vt 0.259768 0.156400
vt 0.212391 0.231413
vt 0.138263 0.308105
vt 0.132723 0.242487
vt 0.193802 0.279759
vt 0.162356 0.134239
vt 0.110423 0.111260
vt 0.166499 0.130437
vt 0.203403 0.084955
vt 0.197346 0.083349
vt 0.186321 0.184922
vt 0.190863 0.180503
vt 0.210294 0.087096
vt 0.273917 0.021750
vt 0.210090 0.086894
vt 0.167946 0.185998
vt 0.156690 0.139543
vt 0.157644 0.138678
vt 0.095875 0.195290
vt 0.060448 0.113651
vt 0.096982 0.194321
vt 0.051341 0.075041
vt 0.029370 0.077624
vt 0.173488 0.243156
vt 0.172243 0.241019
vt 0.173758 0.243017
vt 0.172309 0.131900
vt 0.181129 0.189790
vt 0.166739 0.130381
vt 0.057707 0.111370
vt 0.111386 0.118039
vt 0.112371 0.124033
vt 0.163711 0.118519
vt 0.202427 0.277348
vt 0.258151 0.067548
vt 0.215226 0.101887
vt 0.163236 0.117016
vt 0.163544 0.118264
vt 0.141317 0.033410
vt 0.230113 0.036326
vt 0.141123 0.035143
vt 0.077184 0.270834
vt 0.082723 0.336452
vt 0.074170 0.072491
vt 0.077686 0.072185
vt 0.163737 0.118215
vt 0.196210 0.082490
vt 0.197139 0.083269
vt 0.180852 0.189859
vt 0.174097 0.187879
vt 0.112380 0.124245
vt 0.156561 0.139401
vt 0.202032 0.277481
vt 0.071645 0.205215
vt 0.116057 0.273809
vt 0.166571 0.130210
vt 0.162944 0.115806
vt 0.140941 0.036912
vt 0.080691 0.071741
vt 0.227937 0.037456
vt 0.181144 0.134431
vt 0.193197 0.179660
vt 0.257492 0.069448
vt 0.212562 0.229384
vt 0.257127 0.155656
vt 0.062159 0.115015
vt 0.098078 0.193361
vt 0.155774 0.140375
vt 0.171129 0.239155
vt 0.259801 0.064701
vt 0.260130 0.156500
vt 0.211953 0.233790
vt 0.212126 0.231393
vt 0.212315 0.229366
vt 0.181195 0.134251
vt 0.157786 0.138416
vt 0.154950 0.141782
vt 0.126541 0.166895
vt 0.114870 0.139234
vt 0.112357 0.179433
vt 0.074828 0.136689
vt 0.120928 0.103603
vt 0.073456 0.072611
vt 0.125536 0.091918
vt 0.088155 0.069502
vt 0.163125 0.115763
vt 0.195279 0.081716
vt 0.218934 0.115065
vt 0.255054 0.095248
vt 0.182779 0.134902
vt 0.220157 0.145767
vt 0.168162 0.186035
vt 0.152416 0.181999
vt 0.149885 0.222176
vt 0.062308 0.114825
vt 0.141306 0.033056
vt 0.232704 0.035276
vt 0.230243 0.036578
vt 0.228047 0.037669
vt 0.054750 0.243297
vt 0.052061 0.238850
vt 0.055507 0.239061
vt 0.403768 0.121458
vt 0.400360 0.134172
vt 0.401194 0.121300
vt 0.052659 0.234541
vt 0.049584 0.229871
vt 0.053070 0.230186
vt 0.372731 0.158093
vt 0.373021 0.170446
vt 0.370536 0.170122
vt 0.053262 0.221545
vt 0.056528 0.217877
vt 0.056711 0.221938
vt 0.404079 0.108565
vt 0.401498 0.108442
vt 0.376972 0.106488
vt 0.378966 0.092745
vt 0.379475 0.106563
vt 0.375931 0.132515
vt 0.377057 0.145714
vt 0.374560 0.145477
vt 0.056716 0.226176
vt 0.056521 0.230503
vt 0.049782 0.225460
vt 0.053265 0.225820
vt 0.370428 0.182046
vt 0.367955 0.181674
vt 0.391944 0.194184
vt 0.392407 0.182627
vt 0.394960 0.182965
vt 0.397529 0.171527
vt 0.397154 0.159376
vt 0.399712 0.159641
vt 0.367188 0.193963
vt 0.364741 0.193544
vt 0.362266 0.209371
vt 0.359868 0.208931
vt 0.384185 0.216909
vt 0.385831 0.205004
vt 0.388384 0.205443
vt 0.053084 0.217447
vt 0.056164 0.213956
vt 0.355245 0.230649
vt 0.352827 0.230265
vt 0.348024 0.256008
vt 0.345322 0.256167
vt 0.379277 0.228246
vt 0.381629 0.216381
vt 0.052153 0.209502
vt 0.054852 0.206217
vt 0.055612 0.210100
vt 0.403894 0.095640
vt 0.401297 0.095557
vt 0.403127 0.082270
vt 0.400519 0.082242
vt 0.374554 0.073991
vt 0.373498 0.047329
vt 0.376975 0.073928
vt 0.049176 0.234277
vt 0.401701 0.068140
vt 0.399076 0.068202
vt 0.399318 0.053860
vt 0.396853 0.054184
vt 0.371037 0.047236
vt 0.372417 0.017162
vt 0.049868 0.248501
vt 0.047674 0.243215
vt 0.051229 0.243251
vt 0.397801 0.133976
vt 0.398627 0.121142
vt 0.386209 0.158876
vt 0.392087 0.170912
vt 0.384021 0.170841
vt 0.375222 0.158372
vt 0.375516 0.170770
vt 0.373253 0.182435
vt 0.378291 0.193887
vt 0.369986 0.194393
vt 0.398923 0.108322
vt 0.398707 0.095477
vt 0.378433 0.132705
vt 0.381761 0.119756
vt 0.380941 0.132896
vt 0.379562 0.145952
vt 0.379246 0.119618
vt 0.381991 0.106636
vt 0.398973 0.146951
vt 0.394974 0.171227
vt 0.394603 0.159111
vt 0.392427 0.170928
vt 0.369645 0.194388
vt 0.375856 0.170787
vt 0.381440 0.182343
vt 0.389391 0.193801
vt 0.389863 0.182288
vt 0.386849 0.193416
vt 0.357641 0.231034
vt 0.373969 0.207174
vt 0.365014 0.209770
vt 0.383291 0.204563
vt 0.376896 0.227552
vt 0.379108 0.215864
vt 0.350635 0.255231
vt 0.398584 0.108293
vt 0.390237 0.120451
vt 0.390501 0.107482
vt 0.381466 0.092738
vt 0.379397 0.073853
vt 0.397922 0.082216
vt 0.396490 0.068256
vt 0.390136 0.094115
vt 0.397576 0.082115
vt 0.398367 0.095437
vt 0.375964 0.047391
vt 0.373450 0.019819
vt 0.394444 0.054493
vt 0.376742 0.119482
vt 0.387265 0.033306
vt 0.385390 0.034526
vt 0.383498 0.035705
vt 0.382100 0.119780
vt 0.382330 0.106661
vt 0.377723 0.158653
vt 0.381280 0.132918
vt 0.047824 0.255130
vt 0.045997 0.249400
vt 0.056098 0.234807
vt 0.379728 0.073952
vt 0.385842 0.057705
vt 0.388666 0.078031
vt 0.048713 0.192910
vt 0.045201 0.187081
vt 0.049294 0.192434
vt 0.045954 0.186766
vt 0.049879 0.191960
vt 0.389521 0.182275
vt 0.401533 0.147184
vt 0.398289 0.121117
vt 0.389417 0.133435
vt 0.396419 0.146718
vt 0.045741 0.262590
vt 0.043283 0.258268
vt 0.051082 0.256504
vt 0.052468 0.252166
vt 0.394145 0.054578
vt 0.396132 0.068031
vt 0.376274 0.047620
vt 0.383485 0.036166
vt 0.051235 0.204890
vt 0.053875 0.202258
vt 0.049609 0.217005
vt 0.052726 0.213490
vt 0.372912 0.182421
vt 0.378700 0.216028
vt 0.368139 0.223375
vt 0.049784 0.221142
vt 0.049255 0.213010
vt 0.388037 0.146331
vt 0.379901 0.145973
vt 0.376480 0.092747
vt 0.028880 0.213574
vt 0.031519 0.218128
vt 0.028018 0.217863
vt 0.381802 0.092772
vt 0.049933 0.199258
vt 0.052817 0.198535
vt 0.046064 0.196122
vt 0.048719 0.193072
vt 0.358015 0.230856
vt 0.362756 0.241007
vt 0.351137 0.254549
vt 0.374289 0.226726
vt 0.372640 0.017106
vt 0.371152 0.013841
vt 0.053745 0.247638
vt 0.373599 0.019782
vt 0.382927 0.204609
vt 0.402929 0.134371
vt 0.378062 0.158671
vt 0.386503 0.193412
vt 0.366228 0.244199
vt 0.048668 0.208883
vt 0.364664 0.209819
vt 0.364461 0.242867
vt 0.374561 0.226874
vt 0.394264 0.159093
vt 0.396081 0.146698
vt 0.397463 0.133952
vt 0.048570 0.238637
vt 0.047624 0.203528
vt 0.359078 0.118585
vt 0.355802 0.130946
vt 0.356577 0.118426
vt 0.030870 0.222486
vt 0.033964 0.227212
vt 0.030447 0.226892
vt 0.329069 0.154813
vt 0.329695 0.166982
vt 0.327243 0.166732
vt 0.030291 0.235627
vt 0.027023 0.239366
vt 0.026799 0.235258
vt 0.359459 0.106073
vt 0.356951 0.105926
vt 0.332905 0.103738
vt 0.335102 0.090156
vt 0.335381 0.103840
vt 0.331828 0.129487
vt 0.333097 0.142514
vt 0.330628 0.142320
vt 0.026769 0.230964
vt 0.026953 0.226575
vt 0.033777 0.231656
vt 0.030262 0.231307
vt 0.327455 0.178489
vt 0.325001 0.178184
vt 0.349029 0.189678
vt 0.349039 0.178366
vt 0.351539 0.178612
vt 0.353712 0.167384
vt 0.353050 0.155546
vt 0.355545 0.155750
vt 0.324543 0.190491
vt 0.322090 0.190118
vt 0.319812 0.206754
vt 0.317380 0.206317
vt 0.343245 0.212847
vt 0.343726 0.200727
vt 0.346243 0.200988
vt 0.030509 0.239761
vt 0.027448 0.243313
vt 0.312311 0.230221
vt 0.309887 0.229749
vt 0.303300 0.257804
vt 0.300999 0.257178
vt 0.340166 0.224859
vt 0.340719 0.212586
vt 0.031540 0.247757
vt 0.028782 0.251138
vt 0.028031 0.247195
vt 0.359473 0.093527
vt 0.356952 0.093392
vt 0.359088 0.080516
vt 0.356546 0.080406
vt 0.331317 0.071330
vt 0.331364 0.044341
vt 0.333745 0.071361
vt 0.034389 0.222776
vt 0.358198 0.066675
vt 0.355621 0.066629
vt 0.356538 0.052499
vt 0.354080 0.052671
vt 0.328978 0.044265
vt 0.329357 0.012520
vt 0.033934 0.208412
vt 0.036015 0.213792
vt 0.032438 0.213689
vt 0.353310 0.130773
vt 0.354079 0.118268
vt 0.342345 0.155288
vt 0.348385 0.166929
vt 0.340497 0.167075
vt 0.331536 0.155031
vt 0.332157 0.167233
vt 0.330258 0.178797
vt 0.335582 0.189997
vt 0.327351 0.190857
vt 0.354445 0.105781
vt 0.354434 0.093261
vt 0.334302 0.129657
vt 0.337555 0.116875
vt 0.336779 0.129828
vt 0.335571 0.142709
vt 0.335075 0.116733
vt 0.337864 0.103942
vt 0.354602 0.143403
vt 0.351212 0.167160
vt 0.350557 0.155341
vt 0.348717 0.166935
vt 0.327010 0.190864
vt 0.332493 0.167240
vt 0.338300 0.178449
vt 0.346522 0.189420
vt 0.346542 0.178120
vt 0.344017 0.189160
vt 0.314742 0.230693
vt 0.331750 0.203782
vt 0.322608 0.207130
vt 0.341210 0.200463
vt 0.337637 0.224597
vt 0.335064 0.224519
vt 0.338196 0.212324
vt 0.305658 0.258244
vt 0.354116 0.105750
vt 0.345883 0.117576
vt 0.346225 0.104868
vt 0.337585 0.090210
vt 0.336174 0.071384
vt 0.354009 0.080301
vt 0.353077 0.066582
vt 0.346085 0.091749
vt 0.353674 0.080192
vt 0.354103 0.093215
vt 0.333734 0.044407
vt 0.332120 0.013122
vt 0.351671 0.052837
vt 0.332603 0.116592
vt 0.346165 0.030792
vt 0.344202 0.031672
vt 0.342235 0.032549
vt 0.337889 0.116899
vt 0.338197 0.103971
vt 0.334007 0.155250
vt 0.337112 0.129848
vt 0.036159 0.201741
vt 0.037864 0.207583
vt 0.027373 0.222195
vt 0.336503 0.071496
vt 0.343075 0.055508
vt 0.345103 0.075866
vt 0.035241 0.264990
vt 0.039248 0.271334
vt 0.034711 0.265485
vt 0.038525 0.271621
vt 0.034177 0.265982
vt 0.346208 0.178118
vt 0.357100 0.143593
vt 0.353749 0.118243
vt 0.345113 0.130301
vt 0.352108 0.143214
vt 0.038484 0.194165
vt 0.040834 0.198599
vt 0.032909 0.200305
vt 0.031403 0.204662
vt 0.351366 0.052903
vt 0.352733 0.066346
vt 0.334059 0.044668
vt 0.342176 0.033055
vt 0.032568 0.252473
vt 0.029728 0.255173
vt 0.034018 0.240173
vt 0.030914 0.243741
vt 0.329920 0.178793
vt 0.337810 0.212494
vt 0.326419 0.221434
vt 0.033805 0.236005
vt 0.034413 0.244189
vt 0.343905 0.142957
vt 0.335904 0.142724
vt 0.332627 0.090099
vt 0.337918 0.090253
vt 0.034039 0.258319
vt 0.030803 0.258977
vt 0.038054 0.261735
vt 0.035240 0.264840
vt 0.315133 0.230508
vt 0.320471 0.240947
vt 0.306189 0.257627
vt 0.334746 0.224407
vt 0.333999 0.011597
vt 0.335711 0.010095
vt 0.029999 0.209200
vt 0.332283 0.013090
vt 0.340855 0.200527
vt 0.358301 0.131119
vt 0.334342 0.155260
vt 0.343678 0.189170
vt 0.030296 0.259694
vt 0.030784 0.259079
vt 0.035064 0.248352
vt 0.322253 0.207193
vt 0.029818 0.260311
vt 0.350227 0.155330
vt 0.351779 0.143199
vt 0.352981 0.130753
vt 0.035041 0.218390
vt 0.036281 0.253886
vt 0.015110 0.188075
vt 0.015103 0.188116
vt 0.015078 0.188058
vt 0.015134 0.188141
vt 0.015116 0.188160
vt 0.015080 0.188107
vt 0.015057 0.188057
vt 0.015098 0.188144
vt 0.015139 0.188261
vt 0.015160 0.188250
vt 0.015167 0.188296
vt 0.015112 0.188216
vt 0.015127 0.188207
vt 0.015148 0.188197
vt 0.015101 0.188169
vt 0.015050 0.188110
vt 0.015078 0.188131
vt 0.015083 0.188169
vt 0.307201 0.007151
vt 0.307216 0.007250
vt 0.009048 0.268621
vt 0.009066 0.268598
vt 0.009086 0.268595
vt 0.009119 0.268578
vt 0.009107 0.268555
vt 0.009149 0.268522
vt 0.009087 0.268569
vt 0.009048 0.268593
vt 0.009068 0.268578
vt 0.009044 0.268612
vt 0.009074 0.268544
vt 0.009094 0.268544
vt 0.009171 0.268463
vt 0.009150 0.268448
vt 0.009185 0.268413
vt 0.009129 0.268507
vt 0.009113 0.268495
vt 0.264082 0.255356
vt 0.264163 0.255275
vt 0.263938 0.255564
vt 0.264023 0.255400
vt 0.264152 0.255194
vt 0.264254 0.255061
vt 0.264095 0.255260
vt 0.264014 0.255323
vt 0.263907 0.255524
vt 0.264023 0.255201
vt 0.264112 0.255170
vt 0.264340 0.254852
vt 0.264286 0.254815
vt 0.264218 0.255020
vt 0.264158 0.255000
vt 0.302521 0.009054
vt 0.302560 0.008903
vt 0.008015 0.270020
vt 0.008001 0.270044
vt 0.008003 0.269986
vt 0.008007 0.269930
vt 0.007994 0.269965
vt 0.007994 0.270014
vt 0.287083 0.014106
vt 0.287147 0.014075
vt 0.287177 0.014282
vt 0.286978 0.013894
vt 0.287041 0.013880
vt 0.007998 0.270112
vt 0.008015 0.270104
vt 0.008016 0.270188
vt 0.286951 0.013716
vt 0.286992 0.013694
vt 0.286868 0.013574
vt 0.286872 0.013682
vt 0.286793 0.013413
vt 0.286871 0.013508
vt 0.286936 0.013630
vt 0.178709 0.133590
vt 0.178656 0.133561
vt 0.178690 0.133639
vt 0.178638 0.133591
vt 0.178565 0.133577
vt 0.178628 0.133622
vt 0.178577 0.133595
vt 0.178620 0.133689
vt 0.178680 0.133691
vt 0.178680 0.133742
vt 0.178570 0.133619
vt 0.178621 0.133653
vt 0.178590 0.133611
vt 0.178529 0.133595
vt 0.178490 0.133578
vt 0.178487 0.133589
vt 0.178551 0.133629
vt 0.058466 0.111903
vt 0.058322 0.111766
vt 0.058416 0.111944
vt 0.058248 0.111808
vt 0.058275 0.111786
vt 0.058115 0.111679
vt 0.058405 0.112107
vt 0.058213 0.111814
vt 0.058394 0.112006
vt 0.058194 0.111820
vt 0.057983 0.111600
vt 0.058083 0.111665
vt 0.057878 0.111477
vt 0.057824 0.111468
vt 0.259477 0.065244
vt 0.259335 0.065446
vt 0.259429 0.065244
vt 0.259605 0.065052
vt 0.259582 0.065087
vt 0.259449 0.065511
vt 0.259559 0.065262
vt 0.259402 0.065463
vt 0.259539 0.065255
vt 0.259661 0.064975
vt 0.212030 0.233854
vt 0.212004 0.234074
vt 0.212042 0.234099
vt 0.212059 0.234304
vt 0.212054 0.234384
vt 0.212242 0.233792
vt 0.212103 0.234123
vt 0.212160 0.233858
vt 0.212124 0.234127
vt 0.212055 0.234324
vt 0.212076 0.234104
vt 0.232719 0.035177
vt 0.232919 0.035083
vt 0.232702 0.035110
vt 0.232919 0.035035
vt 0.233069 0.034934
vt 0.233151 0.034888
vt 0.232552 0.035025
vt 0.232913 0.034974
vt 0.232654 0.035061
vt 0.232910 0.034956
vt 0.233188 0.034854
vt 0.233101 0.034914
vt 0.157587 0.138507
vt 0.157553 0.138557
vt 0.157510 0.138530
vt 0.157673 0.138482
vt 0.157616 0.138527
vt 0.157638 0.138550
vt 0.157591 0.138592
vt 0.157709 0.138522
vt 0.157713 0.138482
vt 0.157747 0.138459
vt 0.157740 0.138450
vt 0.157622 0.138634
vt 0.157675 0.138605
vt 0.157658 0.138574
vt 0.157687 0.138521
vt 0.173844 0.243310
vt 0.173717 0.243114
vt 0.173904 0.243547
vt 0.173821 0.243348
vt 0.173597 0.243179
vt 0.173758 0.243412
vt 0.173666 0.243163
vt 0.173775 0.243398
vt 0.173952 0.243655
vt 0.163722 0.118294
vt 0.163694 0.118241
vt 0.163705 0.118385
vt 0.163691 0.118311
vt 0.163645 0.118259
vt 0.163670 0.118359
vt 0.163661 0.118320
vt 0.163652 0.118398
vt 0.163686 0.118421
vt 0.163691 0.118464
vt 0.163702 0.118461
vt 0.163594 0.118266
vt 0.163594 0.118327
vt 0.163629 0.118327
vt 0.073934 0.072656
vt 0.074063 0.072695
vt 0.073940 0.072688
vt 0.073735 0.072632
vt 0.073813 0.072620
vt 0.073935 0.072626
vt 0.074047 0.072627
vt 0.074076 0.072558
vt 0.073914 0.072563
vt 0.073923 0.072594
vt 0.073794 0.072619
vt 0.073706 0.072606
vt 0.202496 0.277413
vt 0.202328 0.277391
vt 0.202538 0.277504
vt 0.202373 0.277520
vt 0.202231 0.277427
vt 0.202381 0.277622
vt 0.202270 0.277569
vt 0.193827 0.279756
vt 0.193808 0.279787
vt 0.193803 0.279727
vt 0.193838 0.279731
vt 0.193841 0.279775
vt 0.193810 0.279804
vt 0.193846 0.279750
vt 0.202161 0.277580
vt 0.202006 0.277569
vt 0.202133 0.277455
vt 0.202034 0.277641
vt 0.202285 0.277630
vt 0.202200 0.277665
vt 0.273577 0.021385
vt 0.273661 0.021539
vt 0.273630 0.021301
vt 0.273740 0.021418
vt 0.273755 0.021600
vt 0.273813 0.021345
vt 0.273855 0.021464
vt 0.082718 0.336464
vt 0.082696 0.336434
vt 0.082752 0.336469
vt 0.082738 0.336480
vt 0.273733 0.021199
vt 0.273932 0.021298
vt 0.273891 0.021400
vt 0.273839 0.021669
vt 0.274021 0.021726
vt 0.273950 0.021553
vt 0.274117 0.021656
vt 0.274010 0.021433
vt 0.166680 0.130407
vt 0.166704 0.130329
vt 0.166622 0.130425
vt 0.166653 0.130357
vt 0.166665 0.130284
vt 0.166603 0.130342
vt 0.166627 0.130319
vt 0.166507 0.130375
vt 0.166562 0.130435
vt 0.166522 0.130318
vt 0.166564 0.130378
vt 0.166610 0.130374
vt 0.166621 0.130245
vt 0.166543 0.130263
vt 0.166591 0.130292
vt 0.166571 0.130332
vt 0.029089 0.077839
vt 0.029205 0.077888
vt 0.029013 0.077958
vt 0.029078 0.077997
vt 0.029253 0.077797
vt 0.029009 0.077786
vt 0.029118 0.077729
vt 0.071637 0.205191
vt 0.071672 0.205199
vt 0.029128 0.077441
vt 0.029078 0.077602
vt 0.028966 0.077531
vt 0.071654 0.205170
vt 0.071696 0.205187
vt 0.071636 0.205172
vt 0.029310 0.077711
vt 0.029313 0.077545
vt 0.029189 0.077638
vt 0.029236 0.077492
vt 0.029057 0.077705
vt 0.257271 0.069334
vt 0.257332 0.069406
vt 0.257257 0.069427
vt 0.257401 0.069343
vt 0.257360 0.069332
vt 0.257305 0.069475
vt 0.257236 0.069521
vt 0.257339 0.069455
vt 0.257386 0.069436
vt 0.257435 0.069370
vt 0.257405 0.069513
vt 0.257337 0.069495
vt 0.257367 0.069406
vt 0.257209 0.069617
vt 0.257253 0.069645
vt 0.258729 0.069562
vt 0.257283 0.069547
vt 0.257327 0.069577
vt 0.181234 0.134279
vt 0.181173 0.134295
vt 0.181268 0.134310
vt 0.181212 0.134319
vt 0.181158 0.134338
vt 0.181239 0.134339
vt 0.181198 0.134349
vt 0.181281 0.134405
vt 0.181298 0.134345
vt 0.179113 0.133738
vt 0.181237 0.134420
vt 0.181258 0.134366
vt 0.181221 0.134356
vt 0.181148 0.134383
vt 0.181192 0.134428
vt 0.181193 0.134383
vt 0.181227 0.134379
vt 0.212404 0.229337
vt 0.212389 0.229414
vt 0.212352 0.229281
vt 0.212417 0.229263
vt 0.212434 0.229356
vt 0.212430 0.229426
vt 0.212436 0.229299
vt 0.212462 0.229093
vt 0.212409 0.229093
vt 0.213646 0.229963
vt 0.212489 0.229189
vt 0.212436 0.229191
vt 0.212383 0.229189
vt 0.212466 0.229340
vt 0.212522 0.229283
vt 0.212473 0.229421
vt 0.212455 0.229264
vt 0.155688 0.140268
vt 0.155627 0.140281
vt 0.155720 0.140299
vt 0.155664 0.140306
vt 0.155610 0.140323
vt 0.155690 0.140327
vt 0.155649 0.140336
vt 0.155730 0.140394
vt 0.155749 0.140334
vt 0.155686 0.140407
vt 0.155709 0.140355
vt 0.155672 0.140343
vt 0.155599 0.140367
vt 0.155641 0.140413
vt 0.157417 0.138951
vt 0.155644 0.140369
vt 0.155677 0.140366
vt 0.062283 0.114912
vt 0.062229 0.114859
vt 0.062357 0.114900
vt 0.062336 0.114963
vt 0.062252 0.114926
vt 0.062197 0.114885
vt 0.062297 0.114959
vt 0.062451 0.115091
vt 0.062479 0.115049
vt 0.060770 0.115818
vt 0.062357 0.115061
vt 0.062384 0.115017
vt 0.062415 0.114974
vt 0.062248 0.114961
vt 0.062263 0.115037
vt 0.062178 0.114923
vt 0.062315 0.114993
vt 0.171335 0.239031
vt 0.171244 0.239018
vt 0.171264 0.238944
vt 0.171291 0.239094
vt 0.171219 0.239062
vt 0.171195 0.238960
vt 0.171196 0.238873
vt 0.171189 0.239006
vt 0.171168 0.239061
vt 0.171211 0.239142
vt 0.171093 0.239036
vt 0.171146 0.238986
vt 0.171130 0.238808
vt 0.171062 0.238842
vt 0.170446 0.239927
vt 0.171136 0.238905
vt 0.171074 0.238936
vt 0.227963 0.037632
vt 0.228042 0.037592
vt 0.227940 0.037706
vt 0.227890 0.037656
vt 0.227964 0.037582
vt 0.228027 0.037548
vt 0.227909 0.037613
vt 0.227713 0.037687
vt 0.227753 0.037752
vt 0.227981 0.036783
vt 0.227773 0.037613
vt 0.227810 0.037672
vt 0.227845 0.037732
vt 0.227862 0.037608
vt 0.227920 0.037555
vt 0.227843 0.037537
vt 0.163081 0.115783
vt 0.163098 0.115723
vt 0.163038 0.115797
vt 0.163059 0.115744
vt 0.163069 0.115689
vt 0.163028 0.115757
vt 0.163040 0.115717
vt 0.162950 0.115759
vt 0.162993 0.115804
vt 0.162961 0.115715
vt 0.162995 0.115760
vt 0.163022 0.115734
vt 0.163035 0.115659
vt 0.162977 0.115674
vt 0.163269 0.116962
vt 0.163014 0.115697
vt 0.163000 0.115727
vt 0.080655 0.071971
vt 0.080704 0.071877
vt 0.080729 0.071953
vt 0.080641 0.071854
vt 0.080636 0.071903
vt 0.080784 0.071926
vt 0.080702 0.071833
vt 0.080744 0.071855
vt 0.080716 0.071800
vt 0.080655 0.071807
vt 0.080763 0.071759
vt 0.080752 0.071811
vt 0.080731 0.071831
vt 0.080830 0.071893
vt 0.080840 0.071809
vt 0.079331 0.072103
vt 0.080784 0.071838
vt 0.080805 0.071781
vt 0.044439 0.187444
vt 0.044427 0.187470
vt 0.044425 0.187426
vt 0.044449 0.187496
vt 0.044429 0.187513
vt 0.044412 0.187456
vt 0.044415 0.187493
vt 0.044449 0.187620
vt 0.044471 0.187609
vt 0.044478 0.187656
vt 0.044421 0.187572
vt 0.044438 0.187562
vt 0.044461 0.187553
vt 0.044412 0.187520
vt 0.345273 0.256115
vt 0.345293 0.256014
vt 0.044403 0.187430
vt 0.044401 0.187475
vt 0.044391 0.187516
vt 0.040132 0.268910
vt 0.040131 0.268879
vt 0.040164 0.268858
vt 0.040098 0.268922
vt 0.040111 0.268888
vt 0.040147 0.268834
vt 0.040186 0.268794
vt 0.040127 0.268851
vt 0.370928 0.013962
vt 0.370866 0.013993
vt 0.370979 0.013886
vt 0.040111 0.268825
vt 0.040131 0.268823
vt 0.040107 0.268866
vt 0.040092 0.268911
vt 0.040204 0.268734
vt 0.040182 0.268721
vt 0.040215 0.268684
vt 0.040164 0.268782
vt 0.040148 0.268770
vt 0.350789 0.255313
vt 0.350815 0.255176
vt 0.350893 0.255105
vt 0.350669 0.255330
vt 0.350759 0.255211
vt 0.350886 0.255031
vt 0.350986 0.254911
vt 0.350831 0.255089
vt 0.350756 0.255142
vt 0.350651 0.255300
vt 0.350768 0.255032
vt 0.350851 0.255008
vt 0.351074 0.254720
vt 0.351025 0.254684
vt 0.350953 0.254872
vt 0.350899 0.254852
vt 0.373601 0.019906
vt 0.373541 0.019755
vt 0.373657 0.019981
vt 0.373641 0.020045
vt 0.373557 0.019864
vt 0.373602 0.019985
vt 0.373712 0.020366
vt 0.373760 0.020341
vt 0.373790 0.020500
vt 0.373627 0.020203
vt 0.373677 0.020192
vt 0.373710 0.020163
vt 0.373608 0.020059
vt 0.373542 0.019926
vt 0.373538 0.020025
vt 0.373513 0.019751
vt 0.039955 0.270994
vt 0.039969 0.270972
vt 0.039964 0.271010
vt 0.039949 0.270946
vt 0.039968 0.270931
vt 0.039983 0.270986
vt 0.039972 0.271017
vt 0.039980 0.270951
vt 0.039950 0.270824
vt 0.039928 0.270836
vt 0.039922 0.270789
vt 0.039980 0.270872
vt 0.039961 0.270882
vt 0.039939 0.270891
vt 0.039984 0.270926
vt 0.300953 0.257124
vt 0.300975 0.257029
vt 0.300986 0.257262
vt 0.300937 0.257183
vt 0.300925 0.257007
vt 0.300966 0.256858
vt 0.300914 0.257080
vt 0.030768 0.259057
vt 0.030791 0.259054
vt 0.030750 0.259030
vt 0.030777 0.259033
vt 0.030794 0.259029
vt 0.030773 0.259005
vt 0.030782 0.259014
vt 0.030746 0.258971
vt 0.030735 0.259001
vt 0.030723 0.258973
vt 0.030764 0.258972
vt 0.030755 0.258993
vt 0.030765 0.259014
vt 0.030770 0.258990
vt 0.030782 0.258996
vt 0.030782 0.258975
vt 0.030797 0.259004
vt 0.044356 0.187652
vt 0.044367 0.187678
vt 0.044343 0.187704
vt 0.044377 0.187630
vt 0.044383 0.187664
vt 0.044361 0.187722
vt 0.044327 0.187762
vt 0.044375 0.187702
vt 0.326867 0.012473
vt 0.326811 0.012519
vt 0.326874 0.012417
vt 0.326810 0.012617
vt 0.326758 0.012631
vt 0.326810 0.012457
vt 0.326876 0.012387
vt 0.326764 0.012556
vt 0.044310 0.187822
vt 0.044333 0.187836
vt 0.044297 0.187875
vt 0.044349 0.187773
vt 0.044366 0.187783
vt 0.044377 0.187729
vt 0.038494 0.271616
vt 0.038476 0.271592
vt 0.038538 0.271645
vt 0.038504 0.271633
vt 0.038453 0.271592
vt 0.038421 0.271554
vt 0.038469 0.271611
vt 0.305761 0.258202
vt 0.305652 0.258301
vt 0.305786 0.258102
vt 0.305869 0.258092
vt 0.305750 0.258265
vt 0.305835 0.258169
vt 0.038363 0.271513
vt 0.038346 0.271528
vt 0.038310 0.271481
vt 0.038405 0.271563
vt 0.038394 0.271579
vt 0.038443 0.271603
vt 0.332276 0.013224
vt 0.332218 0.013038
vt 0.332333 0.013311
vt 0.332311 0.013381
vt 0.332231 0.013174
vt 0.332272 0.013311
vt 0.332368 0.013755
vt 0.332424 0.013730
vt 0.332446 0.013915
vt 0.332284 0.013559
vt 0.332340 0.013552
vt 0.332380 0.013522
vt 0.332272 0.013395
vt 0.332212 0.013241
vt 0.332199 0.013352
vt 0.332179 0.013020
vt 0.030225 0.259599
vt 0.030243 0.259619
vt 0.030229 0.259688
vt 0.030262 0.259645
vt 0.030281 0.259671
vt 0.026894 0.226512
vt 0.026650 0.230804
vt 0.313863 0.134564
vt 0.312349 0.146997
vt 0.313807 0.134557
vt 0.312294 0.146988
vt 0.313751 0.134552
vt 0.026952 0.222315
vt 0.312404 0.147007
vt 0.310524 0.159107
vt 0.310469 0.159096
vt 0.019713 0.230084
vt 0.019250 0.234467
vt 0.019693 0.230082
vt 0.019230 0.234465
vt 0.019672 0.230080
vt 0.019186 0.234459
vt 0.019649 0.230078
vt 0.018591 0.238797
vt 0.018571 0.238795
vt 0.019209 0.234462
vt 0.018528 0.238788
vt 0.025545 0.239322
vt 0.314881 0.122056
vt 0.315414 0.109580
vt 0.315470 0.109577
vt 0.314825 0.122054
vt 0.315358 0.109580
vt 0.026194 0.235088
vt 0.314769 0.122051
vt 0.019977 0.225694
vt 0.020052 0.221401
vt 0.019956 0.225692
vt 0.020031 0.221399
vt 0.019935 0.225690
vt 0.020011 0.221398
vt 0.019987 0.221399
vt 0.019912 0.225690
vt 0.019956 0.217286
vt 0.019687 0.213304
vt 0.019936 0.217283
vt 0.019666 0.213302
vt 0.019915 0.217283
vt 0.019645 0.213302
vt 0.019622 0.213306
vt 0.019892 0.217285
vt 0.026843 0.218295
vt 0.310578 0.159122
vt 0.308405 0.170666
vt 0.308351 0.170653
vt 0.026567 0.214410
vt 0.308459 0.170686
vt 0.305982 0.181797
vt 0.305929 0.181781
vt 0.026116 0.210582
vt 0.306035 0.181821
vt 0.303203 0.192729
vt 0.303150 0.192708
vt 0.025479 0.206708
vt 0.303252 0.192758
vt 0.299982 0.203719
vt 0.299933 0.203687
vt 0.019192 0.209179
vt 0.018252 0.203804
vt 0.019171 0.209176
vt 0.018230 0.203797
vt 0.019151 0.209176
vt 0.018210 0.203795
vt 0.018187 0.203799
vt 0.019128 0.209181
vt 0.023707 0.198723
vt 0.019371 0.193325
vt 0.023721 0.198708
vt 0.019363 0.193278
vt 0.023733 0.198691
vt 0.279554 0.243042
vt 0.291986 0.226400
vt 0.019363 0.193242
vt 0.019374 0.193220
vt 0.024646 0.202701
vt 0.300026 0.203765
vt 0.296239 0.214982
vt 0.296197 0.214926
vt 0.296269 0.215063
vt 0.292049 0.226396
vt 0.016725 0.196445
vt 0.016702 0.196427
vt 0.016681 0.196418
vt 0.016658 0.196420
vt 0.017658 0.243343
vt 0.017637 0.243342
vt 0.018550 0.238792
vt 0.017594 0.243334
vt 0.015860 0.249483
vt 0.015837 0.249487
vt 0.017617 0.243339
vt 0.288929 0.093217
vt 0.023654 0.247815
vt 0.315660 0.097086
vt 0.315413 0.084195
vt 0.315468 0.084167
vt 0.315604 0.097095
vt 0.315357 0.084211
vt 0.024712 0.243521
vt 0.315548 0.097098
vt 0.014976 0.262746
vt 0.014963 0.262793
vt 0.307317 0.007396
vt 0.310617 0.031959
vt 0.020908 0.256866
vt 0.020921 0.256880
vt 0.310700 0.032035
vt 0.314017 0.056500
vt 0.012802 0.258289
vt 0.012776 0.258305
vt 0.015816 0.249486
vt 0.285244 0.046469
vt 0.287827 0.074332
vt 0.012752 0.258312
vt 0.281772 0.013598
vt 0.314910 0.070405
vt 0.314075 0.056510
vt 0.314131 0.056530
vt 0.314859 0.070470
vt 0.022343 0.252321
vt 0.314803 0.070512
vt 0.308634 0.134093
vt 0.307174 0.146486
vt 0.308548 0.134086
vt 0.307088 0.146480
vt 0.308462 0.134079
vt 0.307002 0.146475
vt 0.305352 0.158555
vt 0.305266 0.158550
vt 0.305179 0.158546
vt 0.293385 0.119958
vt 0.292337 0.132826
vt 0.293471 0.119966
vt 0.292423 0.132833
vt 0.293558 0.119975
vt 0.292509 0.132840
vt 0.293980 0.107107
vt 0.294066 0.107116
vt 0.294152 0.107127
vt 0.309646 0.121634
vt 0.310228 0.109200
vt 0.309560 0.121626
vt 0.310142 0.109191
vt 0.309474 0.121618
vt 0.310057 0.109180
vt 0.288982 0.158091
vt 0.290841 0.145625
vt 0.289068 0.158097
vt 0.290927 0.145631
vt 0.289155 0.158100
vt 0.291014 0.145636
vt 0.284390 0.181491
vt 0.286842 0.170006
vt 0.284477 0.181494
vt 0.286929 0.170010
vt 0.284565 0.181494
vt 0.287016 0.170012
vt 0.303242 0.170071
vt 0.303155 0.170067
vt 0.303068 0.170065
vt 0.300823 0.181155
vt 0.300736 0.181152
vt 0.300649 0.181151
vt 0.298041 0.192027
vt 0.297954 0.192026
vt 0.297865 0.192030
vt 0.294814 0.202946
vt 0.294723 0.202956
vt 0.294629 0.202977
vt 0.276861 0.208761
vt 0.281378 0.193342
vt 0.276950 0.208749
vt 0.281465 0.193343
vt 0.277042 0.208726
vt 0.281553 0.193339
vt 0.275806 0.240397
vt 0.287045 0.225185
vt 0.275810 0.240275
vt 0.286970 0.225153
vt 0.275843 0.240113
vt 0.286900 0.225114
vt 0.291074 0.214108
vt 0.290973 0.214144
vt 0.290866 0.214205
vt 0.270530 0.230218
vt 0.270625 0.230177
vt 0.270726 0.230111
vt 0.294020 0.093424
vt 0.294106 0.093436
vt 0.294192 0.093451
vt 0.292930 0.074439
vt 0.293017 0.074465
vt 0.293104 0.074502
vt 0.310407 0.096750
vt 0.310186 0.083878
vt 0.310321 0.096737
vt 0.310100 0.083852
vt 0.310235 0.096722
vt 0.310013 0.083816
vt 0.302537 0.009155
vt 0.010285 0.278143
vt 0.010269 0.278184
vt 0.297865 0.034862
vt 0.012612 0.286374
vt 0.010307 0.278125
vt 0.012584 0.286374
vt 0.012553 0.286375
vt 0.010258 0.278243
vt 0.308708 0.055958
vt 0.290340 0.046523
vt 0.290430 0.046581
vt 0.290522 0.046667
vt 0.309606 0.070189
vt 0.308877 0.055929
vt 0.309517 0.070133
vt 0.308792 0.055939
vt 0.309428 0.070053
vt 0.284295 0.013406
vt 0.286781 0.013438
vt 0.281832 0.013383
vt 0.008555 0.269228
vt 0.304845 0.007975
vt 0.013688 0.188034
vt 0.015049 0.188077
vt 0.015743 0.186649
vt 0.012326 0.187959
vt 0.013693 0.188002
vt 0.016433 0.185193
vt 0.015783 0.186654
vt 0.210263 0.087025
vt 0.210220 0.086967
vt 0.210162 0.086924
vt 0.110424 0.111187
vt 0.110482 0.111061
vt 0.110443 0.111120
vt 0.071620 0.205223
vt 0.137820 0.021199
vt 0.137902 0.021458
vt 0.077158 0.270830
vt 0.137858 0.021329
vt 0.180928 0.189870
vt 0.181000 0.189862
vt 0.181066 0.189835
vt 0.138280 0.308128
vt 0.082778 0.336474
vt 0.272382 0.159863
vt 0.138294 0.308139
vt 0.272524 0.159901
vt 0.132737 0.242463
vt 0.193803 0.279701
vt 0.132758 0.242432
vt 0.193802 0.279684
vt 0.086262 0.203283
vt 0.132749 0.242444
vt 0.071714 0.205181
vt 0.213742 0.100135
vt 0.213720 0.100086
vt 0.259628 0.065008
vt 0.213704 0.100033
vt 0.259704 0.064856
vt 0.212038 0.234546
vt 0.190905 0.180460
vt 0.190945 0.180424
vt 0.190989 0.180393
vt 0.259734 0.064842
vt 0.260035 0.156474
vt 0.259946 0.156449
vt 0.259859 0.156425
vt 0.212056 0.234572
vt 0.212063 0.234429
vt 0.112388 0.124195
vt 0.112388 0.124143
vt 0.112381 0.124090
vt 0.058065 0.111638
vt 0.057973 0.111563
vt 0.167998 0.185995
vt 0.168052 0.186002
vt 0.173942 0.243611
vt 0.168105 0.186016
vt 0.174032 0.243757
vt 0.174026 0.243789
vt 0.095662 0.195472
vt 0.095734 0.195411
vt 0.095803 0.195352
vt 0.233299 0.034818
vt 0.197287 0.083335
vt 0.197233 0.083319
vt 0.197183 0.083298
vt 0.120974 0.103568
vt 0.121006 0.103530
vt 0.121024 0.103485
vt 0.073596 0.072631
vt 0.073582 0.072606
vt 0.141327 0.033145
vt 0.141331 0.033233
vt 0.141326 0.033320
vt 0.233315 0.034788
vt 0.215294 0.102028
vt 0.215277 0.101976
vt 0.215255 0.101928
vt 0.216503 0.105251
vt 0.193243 0.179640
vt 0.193286 0.179611
vt 0.193328 0.179576
vt 0.196132 0.177484
vt 0.257041 0.155632
vt 0.256955 0.155608
vt 0.256868 0.155583
vt 0.252999 0.154501
vt 0.112420 0.130245
vt 0.111779 0.126637
vt 0.111772 0.126585
vt 0.111772 0.126534
vt 0.165574 0.186329
vt 0.165627 0.186342
vt 0.165679 0.186348
vt 0.162153 0.185447
vt 0.098146 0.193301
vt 0.098213 0.193241
vt 0.098281 0.193181
vt 0.101229 0.190183
vt 0.195236 0.081688
vt 0.195188 0.081666
vt 0.195135 0.081650
vt 0.192593 0.079756
vt 0.121021 0.100647
vt 0.121064 0.100562
vt 0.122011 0.095843
vt 0.121037 0.100602
vt 0.140931 0.037000
vt 0.140923 0.037088
vt 0.140922 0.037173
vt 0.144229 0.042783
vt 0.179974 0.133953
vt 0.179961 0.134000
vt 0.179947 0.134046
vt 0.212312 0.231407
vt 0.212204 0.231399
vt 0.212094 0.233874
vt 0.212257 0.231403
vt 0.060559 0.113508
vt 0.060527 0.113549
vt 0.060495 0.113590
vt 0.172415 0.240917
vt 0.171255 0.239124
vt 0.172315 0.240976
vt 0.172365 0.240946
vt 0.163283 0.117005
vt 0.163329 0.116993
vt 0.163375 0.116982
vt 0.163422 0.116970
vt 0.230151 0.036400
vt 0.227999 0.037509
vt 0.230204 0.036502
vt 0.230177 0.036450
vt 0.258221 0.067584
vt 0.258318 0.067634
vt 0.258269 0.067609
vt 0.156657 0.139507
vt 0.156625 0.139472
vt 0.156593 0.139437
vt 0.077726 0.072295
vt 0.077699 0.072349
vt 0.077723 0.072245
vt 0.056739 0.226178
vt 0.056544 0.230505
vt 0.056758 0.226180
vt 0.056563 0.230506
vt 0.056778 0.226181
vt 0.056582 0.230508
vt 0.401600 0.147191
vt 0.402996 0.134377
vt 0.056735 0.221940
vt 0.056754 0.221942
vt 0.056773 0.221942
vt 0.399779 0.159650
vt 0.049560 0.229869
vt 0.049152 0.234275
vt 0.049539 0.229867
vt 0.049132 0.234273
vt 0.049519 0.229866
vt 0.375862 0.132510
vt 0.048546 0.238636
vt 0.048525 0.238634
vt 0.049111 0.234271
vt 0.376673 0.119478
vt 0.055530 0.239063
vt 0.056121 0.234809
vt 0.055550 0.239064
vt 0.056140 0.234811
vt 0.055569 0.239067
vt 0.056182 0.234816
vt 0.055591 0.239071
vt 0.056160 0.234813
vt 0.056605 0.230510
vt 0.049758 0.225457
vt 0.049760 0.221140
vt 0.049738 0.225455
vt 0.049739 0.221138
vt 0.049717 0.225454
vt 0.049718 0.221137
vt 0.374491 0.145469
vt 0.372662 0.158083
vt 0.049585 0.217002
vt 0.049231 0.213006
vt 0.049564 0.217000
vt 0.049210 0.213004
vt 0.049544 0.217000
vt 0.049190 0.213005
vt 0.370468 0.170111
vt 0.367887 0.181660
vt 0.056551 0.217880
vt 0.056571 0.217881
vt 0.056590 0.217881
vt 0.397596 0.171537
vt 0.056188 0.213959
vt 0.056207 0.213960
vt 0.056227 0.213959
vt 0.395027 0.182977
vt 0.055636 0.210104
vt 0.055656 0.210106
vt 0.055675 0.210104
vt 0.392011 0.194198
vt 0.054877 0.206226
vt 0.054898 0.206233
vt 0.054918 0.206234
vt 0.388450 0.205463
vt 0.048644 0.208879
vt 0.047600 0.203518
vt 0.048623 0.208877
vt 0.047578 0.203511
vt 0.048602 0.208877
vt 0.047557 0.203509
vt 0.364675 0.193528
vt 0.359803 0.208911
vt 0.052835 0.198522
vt 0.048707 0.193018
vt 0.052849 0.198508
vt 0.048700 0.192970
vt 0.052864 0.198493
vt 0.366302 0.244218
vt 0.379345 0.228264
vt 0.048701 0.192933
vt 0.053903 0.202280
vt 0.053927 0.202297
vt 0.053948 0.202305
vt 0.384247 0.216938
vt 0.046037 0.196099
vt 0.046014 0.196081
vt 0.045992 0.196071
vt 0.352764 0.230238
vt 0.047650 0.243214
vt 0.047629 0.243213
vt 0.048505 0.238631
vt 0.376903 0.106488
vt 0.045971 0.249407
vt 0.045949 0.249411
vt 0.047609 0.243210
vt 0.376412 0.092750
vt 0.053770 0.247632
vt 0.054773 0.243297
vt 0.053791 0.247628
vt 0.054793 0.243298
vt 0.053811 0.247628
vt 0.403195 0.082264
vt 0.054812 0.243300
vt 0.054834 0.243305
vt 0.045726 0.262643
vt 0.045716 0.262691
vt 0.045714 0.262728
vt 0.371296 0.013896
vt 0.051100 0.256517
vt 0.051114 0.256531
vt 0.051129 0.256544
vt 0.387340 0.033291
vt 0.043253 0.258290
vt 0.043228 0.258307
vt 0.045928 0.249412
vt 0.370971 0.047250
vt 0.374487 0.074000
vt 0.043204 0.258315
vt 0.370853 0.014099
vt 0.052496 0.252147
vt 0.052520 0.252132
vt 0.399386 0.053852
vt 0.052542 0.252125
vt 0.401768 0.068123
vt 0.397721 0.133970
vt 0.396339 0.146712
vt 0.397633 0.133964
vt 0.396251 0.146706
vt 0.397544 0.133958
vt 0.396162 0.146701
vt 0.394523 0.159104
vt 0.394435 0.159099
vt 0.394346 0.159096
vt 0.381842 0.119761
vt 0.381022 0.132902
vt 0.381929 0.119767
vt 0.381109 0.132908
vt 0.382018 0.119774
vt 0.381198 0.132913
vt 0.382071 0.106640
vt 0.382159 0.106646
vt 0.382248 0.106653
vt 0.398547 0.121137
vt 0.398842 0.108317
vt 0.398458 0.121130
vt 0.398754 0.108310
vt 0.398370 0.121123
vt 0.398665 0.108302
vt 0.377803 0.158660
vt 0.379642 0.145959
vt 0.377891 0.158665
vt 0.379730 0.145964
vt 0.377980 0.158669
vt 0.379819 0.145969
vt 0.372993 0.182430
vt 0.375597 0.170778
vt 0.373081 0.182435
vt 0.375685 0.170783
vt 0.373170 0.182436
vt 0.375774 0.170786
vt 0.392347 0.170921
vt 0.392259 0.170916
vt 0.392169 0.170913
vt 0.389783 0.182281
vt 0.389694 0.182276
vt 0.389604 0.182275
vt 0.386768 0.193408
vt 0.386678 0.193406
vt 0.386586 0.193408
vt 0.383209 0.204558
vt 0.383115 0.204566
vt 0.383018 0.204585
vt 0.364743 0.209824
vt 0.369724 0.194398
vt 0.364833 0.209815
vt 0.369813 0.194400
vt 0.364926 0.209796
vt 0.369902 0.194398
vt 0.362652 0.241456
vt 0.374489 0.226849
vt 0.362660 0.241339
vt 0.374416 0.226814
vt 0.362700 0.241183
vt 0.374347 0.226772
vt 0.362683 0.241524
vt 0.379023 0.215866
vt 0.378920 0.215900
vt 0.378808 0.215957
vt 0.357720 0.231028
vt 0.357815 0.230991
vt 0.357917 0.230929
vt 0.381546 0.092740
vt 0.381633 0.092748
vt 0.381721 0.092760
vt 0.379474 0.073860
vt 0.379560 0.073882
vt 0.379647 0.073914
vt 0.398627 0.095472
vt 0.397841 0.082208
vt 0.398538 0.095462
vt 0.397750 0.082185
vt 0.398448 0.095450
vt 0.397660 0.082153
vt 0.383460 0.035761
vt 0.383450 0.035865
vt 0.383461 0.036006
vt 0.394369 0.054506
vt 0.394290 0.054525
vt 0.394214 0.054550
vt 0.376035 0.047409
vt 0.376115 0.047459
vt 0.376197 0.047534
vt 0.396408 0.068239
vt 0.396315 0.068190
vt 0.396220 0.068117
vt 0.372484 0.017127
vt 0.373487 0.019765
vt 0.371023 0.013878
vt 0.372561 0.017116
vt 0.345322 0.256231
vt 0.348037 0.256107
vt 0.345332 0.256263
vt 0.045187 0.187066
vt 0.348029 0.256075
vt 0.045945 0.186749
vt 0.026745 0.230961
vt 0.026930 0.226573
vt 0.026726 0.230960
vt 0.026910 0.226571
vt 0.026706 0.230959
vt 0.026891 0.226570
vt 0.357165 0.143599
vt 0.358367 0.131124
vt 0.026775 0.235255
vt 0.026756 0.235254
vt 0.026736 0.235254
vt 0.355611 0.155757
vt 0.033988 0.227214
vt 0.332414 0.116586
vt 0.331700 0.129477
vt 0.331639 0.129471
vt 0.332475 0.116587
vt 0.331760 0.129482
vt 0.034413 0.222778
vt 0.332716 0.103744
vt 0.332777 0.103739
vt 0.332534 0.116588
vt 0.027994 0.217861
vt 0.027350 0.222193
vt 0.027975 0.217859
vt 0.027331 0.222191
vt 0.027955 0.217856
vt 0.359525 0.106076
vt 0.027311 0.222189
vt 0.359144 0.118588
vt 0.033801 0.231658
vt 0.033829 0.236008
vt 0.328883 0.154779
vt 0.330500 0.142305
vt 0.328943 0.154794
vt 0.330560 0.142313
vt 0.329002 0.154805
vt 0.330440 0.142295
vt 0.034042 0.240176
vt 0.034438 0.244192
vt 0.034063 0.240177
vt 0.034459 0.244193
vt 0.324877 0.178154
vt 0.327175 0.166722
vt 0.324934 0.178172
vt 0.327058 0.166691
vt 0.327117 0.166708
vt 0.027000 0.239364
vt 0.026980 0.239362
vt 0.026961 0.239363
vt 0.353777 0.167391
vt 0.027424 0.243310
vt 0.027405 0.243309
vt 0.027385 0.243310
vt 0.026938 0.239367
vt 0.028007 0.247192
vt 0.027988 0.247190
vt 0.027968 0.247191
vt 0.027363 0.243314
vt 0.028757 0.251130
vt 0.028737 0.251123
vt 0.028717 0.251122
vt 0.027946 0.247196
vt 0.035088 0.248357
vt 0.036306 0.253896
vt 0.035110 0.248359
vt 0.036328 0.253904
vt 0.317263 0.206259
vt 0.322024 0.190103
vt 0.317315 0.206296
vt 0.321968 0.190079
vt 0.035249 0.264889
vt 0.035254 0.264933
vt 0.035253 0.264967
vt 0.029701 0.255155
vt 0.029679 0.255140
vt 0.029659 0.255133
vt 0.029638 0.255137
vt 0.028696 0.251128
vt 0.038081 0.261759
vt 0.038105 0.261778
vt 0.309824 0.229719
vt 0.309780 0.229659
vt 0.035065 0.218392
vt 0.332440 0.090122
vt 0.332499 0.090109
vt 0.332837 0.103737
vt 0.036040 0.213793
vt 0.331138 0.071394
vt 0.331193 0.071359
vt 0.332559 0.090101
vt 0.029974 0.209206
vt 0.028857 0.213573
vt 0.029952 0.209209
vt 0.028837 0.213572
vt 0.029932 0.209209
vt 0.359155 0.080512
vt 0.028818 0.213568
vt 0.359539 0.093529
vt 0.038500 0.194111
vt 0.038511 0.194062
vt 0.038513 0.194024
vt 0.038503 0.193999
vt 0.032892 0.200291
vt 0.032877 0.200278
vt 0.032863 0.200263
vt 0.346241 0.030790
vt 0.037890 0.207576
vt 0.328808 0.044399
vt 0.328859 0.044326
vt 0.331251 0.071337
vt 0.328913 0.044280
vt 0.040865 0.198578
vt 0.326717 0.012951
vt 0.326762 0.012788
vt 0.031374 0.204680
vt 0.031349 0.204695
vt 0.356606 0.052496
vt 0.031327 0.204701
vt 0.358265 0.066661
vt 0.353232 0.130768
vt 0.352030 0.143209
vt 0.353146 0.130762
vt 0.351944 0.143205
vt 0.353059 0.130757
vt 0.351858 0.143201
vt 0.350479 0.155336
vt 0.350393 0.155333
vt 0.350306 0.155331
vt 0.337634 0.116880
vt 0.336858 0.129833
vt 0.337721 0.116886
vt 0.336944 0.129838
vt 0.337808 0.116893
vt 0.337031 0.129843
vt 0.337943 0.103947
vt 0.338029 0.103954
vt 0.338117 0.103962
vt 0.354000 0.118263
vt 0.354367 0.105775
vt 0.353914 0.118256
vt 0.354281 0.105768
vt 0.353828 0.118249
vt 0.354194 0.105759
vt 0.334086 0.155255
vt 0.335650 0.142715
vt 0.334173 0.155258
vt 0.335736 0.142719
vt 0.334261 0.155260
vt 0.335823 0.142722
vt 0.330000 0.178799
vt 0.332236 0.167239
vt 0.330087 0.178801
vt 0.332323 0.167241
vt 0.330176 0.178800
vt 0.332411 0.167241
vt 0.348638 0.166930
vt 0.348552 0.166928
vt 0.348464 0.166928
vt 0.346463 0.178115
vt 0.346376 0.178114
vt 0.346288 0.178115
vt 0.343937 0.189155
vt 0.343849 0.189157
vt 0.343760 0.189162
vt 0.341128 0.200463
vt 0.341036 0.200476
vt 0.340942 0.200499
vt 0.322334 0.207197
vt 0.327089 0.190872
vt 0.322425 0.207185
vt 0.327178 0.190872
vt 0.322519 0.207161
vt 0.327267 0.190866
vt 0.029805 0.260333
vt 0.034118 0.265982
vt 0.029790 0.260357
vt 0.034072 0.265963
vt 0.029773 0.260381
vt 0.034022 0.265936
vt 0.029757 0.260400
vt 0.034153 0.265989
vt 0.338112 0.212331
vt 0.338012 0.212367
vt 0.337908 0.212425
vt 0.334984 0.224505
vt 0.334899 0.224480
vt 0.334816 0.224446
vt 0.314825 0.230689
vt 0.305928 0.257931
vt 0.314924 0.230651
vt 0.306067 0.257764
vt 0.315029 0.230587
vt 0.337665 0.090215
vt 0.337751 0.090225
vt 0.337837 0.090238
vt 0.336252 0.071394
vt 0.336338 0.071419
vt 0.336423 0.071455
vt 0.354355 0.093254
vt 0.353929 0.080290
vt 0.354269 0.093244
vt 0.353842 0.080266
vt 0.354182 0.093230
vt 0.353754 0.080231
vt 0.342188 0.032607
vt 0.342167 0.032720
vt 0.342165 0.032877
vt 0.351595 0.052845
vt 0.351515 0.052859
vt 0.351436 0.052879
vt 0.333811 0.044429
vt 0.333895 0.044487
vt 0.333980 0.044571
vt 0.352996 0.066562
vt 0.352907 0.066510
vt 0.352816 0.066434
vt 0.329360 0.012454
vt 0.332152 0.013051
vt 0.043028 0.186601
vt 0.043692 0.187139
vt 0.043014 0.186616
vt 0.043708 0.187126
vt 0.300992 0.257233
vt 0.039261 0.271350
vt 0.303281 0.257861
vt 0.038534 0.271637
vt 0.212063 0.234248
vt 0.212052 0.234458
vt 0.233217 0.034852
vt 0.173978 0.243677
vt 0.259665 0.064942
vt 0.337405 0.224761
vt 0.281825 0.013443
vt 0.266894 0.259343
vt 0.307108 0.007072
vt 0.263987 0.255550
vt 0.157671 0.138503
vt 0.173916 0.243567
vt 0.163686 0.118373
vt 0.163663 0.118379
vt 0.071617 0.205188
vt 0.044413 0.187421
vt 0.040111 0.268922
vt 0.350705 0.255346
vt 0.044369 0.187636
vt 0.292111 0.226388
vt 0.305947 0.032452
vt 0.012522 0.286377
vt 0.012325 0.187926
vt 0.016469 0.185207
vt 0.403963 0.095639
vt 0.371067 0.013870
s 1
g off
g Triángulo1AD_Holocron_Corners.001
usemtl Holocron_Corners.001
f 1236/1/1 1/2/2 200/3/3
f 1187/4/4 20/5/5 105/6/6
f 88/7/2 225/8/7 3/9/2
f 214/10/8 113/11/9 1197/12/10
f 4/13/2 1201/14/11 204/15/12
f 199/16/13 105/6/6 16/17/14
f 210/18/15 101/19/16 14/20/17
f 224/21/18 108/22/19 1192/23/20
f 3/9/2 1176/24/21 220/25/22
f 1191/26/23 4/13/2 87/27/2
f 1197/12/10 22/28/24 229/29/25
f 1207/30/26 19/31/27 235/32/28
f 1202/33/29 26/34/30 205/35/31
f 229/29/25 107/36/32 1212/37/33
f 1212/37/33 23/38/34 239/39/35
f 1222/40/36 18/41/37 245/42/38
f 89/43/2 234/44/39 1201/14/11
f 239/39/35 114/45/40 1227/46/41
f 1227/46/41 1339/47/42 251/48/43
f 267/49/44 112/50/45 1222/40/36
f 90/51/46 244/52/47 1206/53/48
f 1237/54/49 16/17/14 103/55/50
f 272/56/51 103/55/50 17/57/52
f 278/58/53 109/59/54 13/60/55
f 1/2/2 1181/61/56 88/7/2
f 1252/62/57 17/57/52 111/63/58
f 283/64/59 111/63/58 21/65/60
f 1247/66/61 1336/67/62 109/59/54
f 6/68/2 1231/69/63 92/70/2
f 105/6/6 326/71/64 1266/72/65
f 10/73/66 1282/74/67 96/75/66
f 24/76/68 1276/77/69 113/11/9
f 335/78/70 97/79/71 1292/80/72
f 103/55/50 306/81/73 1316/82/74
f 15/83/75 1261/84/76 331/85/77
f 15/83/75 1271/86/78 108/22/19
f 102/87/79 315/88/80 1261/84/76
f 115/89/81 326/71/64 20/5/5
f 116/90/82 310/91/83 26/34/30
f 19/31/27 1281/92/84 116/90/82
f 22/28/24 1291/93/85 107/36/32
f 1277/94/86 8/95/66 335/78/70
f 104/96/87 340/97/88 19/31/27
f 18/41/37 1286/98/89 104/96/87
f 23/38/34 1306/99/90 114/45/40
f 1292/80/72 11/100/71 345/101/91
f 112/50/45 350/102/92 18/41/37
f 25/103/93 1301/104/94 112/50/45
f 114/45/40 356/105/95 1339/47/42
f 305/106/96 95/107/66 7/108/66
f 14/20/17 1311/109/97 315/88/80
f 101/19/16 382/110/98 1311/109/97
f 111/63/58 378/111/99 1331/112/100
f 99/113/66 377/114/101 1317/115/102
f 13/60/55 1326/116/103 382/110/98
f 109/59/54 394/117/104 1326/116/103
f 21/65/60 1331/112/100 387/118/105
f 1182/119/106 14/20/17 102/87/79
f 1242/120/107 21/65/60 106/121/108
f 106/121/108 387/118/105 1321/122/109
f 7/108/66 1262/123/110 316/124/111
f 225/8/7 87/27/2 3/9/2
f 1192/23/20 24/76/68 214/10/8
f 108/22/19 321/125/112 24/76/68
f 95/107/66 330/126/113 1262/123/110
f 93/127/2 277/128/114 6/68/2
f 200/3/3 88/7/2 1186/129/115
f 16/17/14 1266/72/65 306/81/73
f 383/130/116 100/131/66 12/132/66
f 235/32/28 116/90/82 1202/33/29
f 1217/133/117 1340/134/118 110/135/119
f 110/135/119 355/136/120 1296/137/121
f 96/75/66 341/138/122 8/95/66
f 205/35/31 115/89/81 1177/139/123
f 224/21/18 102/87/79 15/83/75
f 1267/140/124 9/141/66 95/107/66
f 26/34/30 1256/142/125 115/89/81
f 1241/143/126 1246/144/127 93/127/2
f 282/145/128 93/127/2 1251/146/129
f 100/131/66 388/147/130 1332/148/131
f 1327/149/132 1322/150/133 100/131/66
f 5/151/46 1221/152/134 244/52/47
f 1196/153/135 2/154/2 89/43/2
f 113/11/9 336/155/136 22/28/24
f 11/100/71 1302/156/137 98/157/138
f 215/158/139 89/43/2 4/13/2
f 230/159/140 90/51/46 2/154/2
f 94/160/66 330/126/113 9/141/66
f 10/73/66 1272/161/141 94/160/66
f 1232/162/142 13/60/55 101/19/16
f 7/108/66 1317/115/102 305/106/96
s 2
f 1369/163/143 1459/164/144 409/165/145
s 1
f 1312/166/146 12/132/66 99/113/66
f 91/167/147 268/168/148 1221/152/134
f 1226/169/149 1216/170/150 91/167/147
f 1307/171/151 1297/172/152 357/173/153
f 98/157/138 372/174/154 1297/172/152
f 1242/120/107 1337/175/155 287/176/156
f 273/177/157 92/70/2 1236/1/1
f 17/57/52 1316/82/74 378/111/99
f 106/121/108 392/178/158 1337/175/155
f 245/42/38 104/96/87 1207/30/26
f 1251/146/129 6/68/2 273/177/157
f 12/132/66 1332/148/131 377/114/101
f 97/79/71 351/179/159 11/100/71
f 2/154/2 1206/53/48 234/44/39
f 1177/139/123 20/5/5 219/180/160
f 320/181/161 96/75/66 1277/94/86
f 8/95/66 1287/182/162 97/79/71
f 1217/133/117 25/103/93 267/49/44
f 1211/183/163 5/151/46 90/51/46
f 107/36/32 346/184/164 23/38/34
f 110/135/119 373/185/165 25/103/93
f 1186/129/115 3/9/2 220/25/22
f 87/27/2 204/15/12 1176/24/21
f 311/186/166 94/160/66 1257/187/167
f 1257/187/167 9/141/66 325/188/168
f 92/70/2 209/189/169 1/2/2
f 240/190/170 91/167/147 5/151/46
f 345/101/91 98/157/138 1307/171/151
f 316/124/111 99/113/66 7/108/66
s 2
f 455/191/171 129/192/172 34/193/173
f 502/194/174 135/195/175 1405/196/176
f 1495/197/177 1449/198/178 135/195/175
f 708/199/179 130/200/180 1445/201/181
f 478/202/182 126/203/183 1394/204/184
f 434/205/185 136/206/186 1369/163/143
f 1472/207/187 1435/208/188 137/209/189
f 1445/201/181 1455/210/190 689/211/191
f 445/212/192 123/213/193 29/214/194
f 424/215/195 134/216/196 1468/217/197
f 1420/218/198 1425/219/199 621/220/200
f 134/216/196 636/221/201 1430/222/202
f 27/223/203 1362/224/204 123/213/193
f 31/225/205 1366/226/206 567/227/207
f 32/228/208 1366/226/206 126/203/183
f 436/229/209 133/230/210 1486/231/211
f 1375/232/212 1460/233/213 119/234/214
f 33/235/215 1348/236/216 128/237/217
f 34/193/173 1353/238/218 530/239/219
f 411/240/220 121/241/221 1370/242/222
f 1380/243/223 1464/244/224 133/230/210
s 3
f 1361/245/225 1365/246/226 513/247/227
s 2
f 30/248/228 1347/249/229 549/250/230
f 455/191/171 127/251/231 1399/252/232
f 445/212/192 122/253/233 1374/254/234
f 27/223/203 1342/255/235 532/256/236
f 34/193/173 1343/257/237 127/251/231
f 1389/258/238 1489/259/239 464/260/240
f 1395/261/241 1469/262/242 118/263/243
f 35/264/244 1353/238/218 129/192/172
f 35/264/244 1348/236/216 569/265/245
f 479/266/246 118/263/243 1473/267/247
f 477/268/248 137/209/189 1389/258/238
f 28/269/249 1357/270/250 548/271/251
f 29/214/194 1357/270/250 122/253/233
f 426/272/252 124/273/253 1385/274/254
f 488/275/255 127/251/231 33/235/215
f 29/214/194 1362/224/204 512/276/256
f 1485/277/257 1415/278/258 136/206/186
f 1405/196/176 1476/279/259 489/280/260
f 1410/281/261 1481/282/262 138/283/263
s 3
f 1352/284/264 1361/245/225 531/285/265
s 2
f 28/269/249 1342/255/235 121/241/221
f 504/286/266 138/283/263 1494/287/267
f 487/288/268 117/289/269 1400/290/270
f 30/248/228 1356/291/271 125/292/272
f 31/225/205 1347/249/229 124/273/253
f 1384/293/273 1490/294/274 134/216/196
f 32/228/208 1356/291/271 514/295/275
s 3
f 568/296/276 120/297/277 1352/284/264
s 2
f 33/235/215 1343/257/237 550/298/278
f 135/195/175 707/299/279 1476/279/259
f 1494/287/267 1454/300/280 725/301/281
f 138/283/263 690/302/282 1454/300/280
f 119/234/214 604/303/283 1419/304/284
f 133/230/210 586/305/285 1486/231/211
f 133/230/210 622/306/286 1424/307/287
f 118/263/243 656/308/288 1439/309/289
f 137/209/189 637/310/290 1489/259/239
f 1473/267/247 1439/309/289 671/311/291
f 435/312/292 123/213/193 1379/313/293
f 443/314/294 119/234/214 1465/315/295
f 1465/315/295 1419/304/284 620/316/296
f 136/206/186 602/317/297 1459/164/144
f 426/272/252 126/203/183 31/225/205
f 463/318/298 124/273/253 30/248/228
f 638/319/299 132/320/300 1429/321/301
f 1429/321/301 1440/322/302 655/323/303
f 488/275/255 128/237/217 1404/324/304
f 503/325/305 128/237/217 35/264/244
f 1455/210/190 1450/326/306 726/327/307
f 117/289/269 706/328/308 1444/329/309
f 411/240/220 122/253/233 28/269/249
f 435/312/292 121/241/221 27/223/203
f 1425/219/199 1414/330/310 587/331/311
f 603/332/312 131/333/313 1420/218/198
f 463/318/298 125/292/272 1390/334/314
f 478/202/182 125/292/272 32/228/208
f 1440/322/302 1434/335/315 672/336/316
f 134/216/196 654/337/317 1468/217/197
f 503/325/305 129/192/172 1409/338/318
f 453/339/319 117/289/269 1482/340/320
f 117/289/269 688/341/321 1482/340/320
s 4
f 1559/342/322 36/343/323 744/344/324
f 1510/345/325 55/346/326 157/347/327
f 140/348/323 769/349/328 38/350/323
f 758/351/329 165/352/330 1520/353/331
f 39/354/323 1524/355/332 748/356/333
f 743/357/334 157/347/327 51/358/335
f 754/359/336 153/360/337 49/361/338
f 768/362/339 160/363/340 1515/364/341
f 38/350/323 1499/365/342 764/366/343
f 1514/367/344 39/354/323 139/368/323
f 1520/353/331 57/369/345 773/370/346
f 1530/371/347 54/372/348 779/373/349
f 1525/374/350 61/375/351 749/376/352
f 773/370/346 159/377/353 1535/378/354
f 1535/378/354 58/379/355 783/380/356
f 1545/381/357 53/382/358 789/383/359
f 141/384/323 778/385/360 1524/355/332
f 783/380/356 166/386/361 1550/387/362
f 1550/387/362 1662/388/363 795/389/364
f 811/390/365 164/391/366 1545/381/357
f 142/392/323 788/393/367 1529/394/368
f 1560/395/369 51/358/335 155/396/370
f 816/397/371 155/396/370 52/398/372
f 822/399/373 161/400/374 48/401/375
f 36/343/323 1504/402/376 140/348/323
f 1575/403/377 52/398/372 163/404/378
f 827/405/379 163/404/378 56/406/380
f 1570/407/381 1659/408/382 161/400/374
f 41/409/323 1554/410/383 144/411/323
f 157/347/327 870/412/384 1589/413/385
f 45/414/386 1605/415/387 148/416/386
f 59/417/388 1599/418/389 165/352/330
f 879/419/390 149/420/386 1615/421/391
f 155/396/370 850/422/392 1639/423/393
f 50/424/394 1584/425/395 875/426/396
f 50/424/394 1594/427/397 160/363/340
f 154/428/398 859/429/399 1584/425/395
f 167/430/400 870/412/384 55/346/326
f 168/431/401 854/432/402 61/375/351
f 54/372/348 1604/433/403 168/431/401
f 57/369/345 1614/434/404 159/377/353
f 1600/435/405 43/436/386 879/419/390
f 156/437/406 884/438/407 54/372/348
f 53/382/358 1609/439/408 156/437/406
f 58/379/355 1629/440/409 166/386/361
f 1615/421/391 46/441/410 889/442/411
f 164/391/366 894/443/412 53/382/358
f 60/444/413 1624/445/414 164/391/366
f 166/386/361 900/446/415 1662/388/363
f 849/447/416 147/448/386 42/449/386
f 49/361/338 1634/450/417 859/429/399
f 153/360/337 926/451/418 1634/450/417
f 163/404/378 922/452/419 1654/453/420
f 151/454/386 921/455/421 1640/456/422
f 48/401/375 1649/457/423 926/451/418
f 161/400/374 938/458/424 1649/457/423
f 56/406/380 1654/453/420 931/459/425
f 1505/460/426 49/361/338 154/428/398
f 1565/461/427 56/406/380 158/462/428
f 158/462/428 931/459/425 1644/463/429
f 42/449/386 1585/464/430 860/465/431
f 769/349/328 139/368/323 38/350/323
f 1515/364/341 59/417/388 758/351/329
f 160/363/340 865/466/432 59/417/388
f 147/448/386 874/467/433 1585/464/430
f 145/468/323 821/469/434 41/409/323
f 744/344/324 140/348/323 1509/470/435
f 51/358/335 1589/413/385 850/422/392
f 927/471/436 152/472/386 47/473/386
f 779/373/349 168/431/401 1525/374/350
f 1540/474/437 1663/475/438 162/476/439
f 162/476/439 899/477/440 1619/478/441
f 148/416/386 885/479/442 43/436/386
f 749/376/352 167/430/400 1500/480/443
f 768/362/339 154/428/398 50/424/394
f 1590/481/444 44/482/386 147/448/386
f 61/375/351 1579/483/445 167/430/400
f 1564/484/446 1569/485/447 145/468/323
f 826/486/448 145/468/323 1574/487/449
f 152/472/386 932/488/450 1655/489/451
f 1650/490/452 1645/491/453 152/472/386
f 40/492/323 1544/493/454 788/393/367
f 1519/494/455 37/495/323 141/384/323
f 165/352/330 880/496/456 57/369/345
f 46/441/410 1625/497/457 150/498/410
f 759/499/458 141/384/323 39/354/323
f 774/500/459 142/392/323 37/495/323
f 146/501/386 874/467/433 44/482/386
f 45/414/386 1595/502/460 146/501/386
f 1555/503/461 48/401/375 153/360/337
f 42/449/386 1640/456/422 849/447/416
s 5
f 1725/504/462 62/505/463 954/506/464
s 4
f 1635/507/465 47/473/386 151/454/386
f 143/508/466 812/509/467 1544/493/454
f 1549/510/468 1539/511/469 143/508/466
f 1630/512/470 1620/513/471 901/514/472
f 150/498/410 916/515/473 1620/513/471
f 1565/461/427 1660/516/474 831/517/475
f 817/518/476 144/411/323 1559/342/322
f 52/398/372 1639/423/393 922/452/419
f 158/462/428 936/519/477 1660/516/474
f 789/383/359 156/437/406 1530/371/347
f 1574/487/449 41/409/323 817/518/476
f 47/473/386 1655/489/451 921/455/421
f 149/420/386 895/520/478 46/441/410
f 37/495/323 1529/394/368 778/385/360
f 1500/480/443 55/346/326 763/521/479
f 864/522/480 148/416/386 1600/435/405
f 43/436/386 1610/523/481 149/420/386
f 1540/524/437 60/444/413 811/390/365
f 1534/525/482 40/492/323 142/392/323
f 159/377/353 890/526/483 58/379/355
f 162/527/439 917/528/484 60/444/413
f 1509/470/435 38/350/323 764/366/343
f 139/368/323 748/356/333 1499/365/342
f 855/529/485 146/501/386 1580/530/486
f 1580/530/486 44/482/386 869/531/487
f 144/411/323 753/532/488 36/343/323
f 784/533/489 143/508/466 40/492/323
f 889/442/411 150/498/410 1630/512/470
f 860/465/431 151/454/386 42/449/386
s 5
f 1676/534/490 81/535/491 187/536/492
f 170/537/463 979/538/493 64/539/463
f 968/540/494 195/541/495 1686/542/496
f 65/543/463 1690/544/497 958/545/498
f 953/546/499 187/536/492 77/547/500
f 964/548/501 183/549/502 75/550/503
f 978/551/504 190/552/505 1681/553/506
f 64/539/463 1665/554/507 974/555/508
f 1680/556/509 65/543/463 169/557/463
f 1686/542/496 83/558/510 983/559/511
f 1696/560/512 80/561/513 989/562/514
f 1691/563/515 86/564/516 959/565/517
f 983/559/511 189/566/518 1701/567/519
f 1701/567/519 84/568/520 993/569/521
f 1711/570/522 79/571/523 999/572/524
f 171/573/463 988/574/525 1690/544/497
f 993/569/521 196/575/526 1716/576/527
f 1716/576/527 1828/577/528 1005/578/529
f 1022/579/530 194/580/531 1711/570/522
f 172/581/532 998/582/533 1695/583/534
f 1726/584/535 77/547/500 185/585/536
f 1039/586/537 185/585/536 78/587/538
f 1045/588/539 191/589/540 74/590/541
f 62/505/463 1670/591/542 170/537/463
f 1741/592/543 78/587/538 193/593/544
f 1050/594/545 193/593/544 82/595/546
f 1736/596/547 1825/597/548 191/589/540
f 67/598/463 1720/599/549 174/600/463
f 187/536/492 1093/601/550 1755/602/551
f 71/603/552 1771/604/553 178/605/552
f 85/606/554 1765/607/555 195/541/495
f 1102/608/556 179/609/557 1781/610/558
f 185/585/536 1073/611/559 1805/612/560
f 76/613/561 1750/614/562 1098/615/563
f 76/613/561 1760/616/564 190/552/505
f 184/617/565 1082/618/566 1750/614/562
f 197/619/567 1093/601/550 81/535/491
f 198/620/568 1077/621/569 86/564/516
f 80/561/513 1770/622/570 198/620/568
f 83/558/510 1780/623/571 189/566/518
f 1766/624/572 69/625/573 1102/608/556
f 186/626/574 1107/627/575 80/561/513
f 79/571/523 1775/628/576 186/626/574
f 84/568/520 1795/629/577 196/575/526
f 1781/610/558 72/630/578 1112/631/579
f 194/580/531 1117/632/580 79/571/523
f 1831/633/581 1140/634/582 1790/635/583
f 196/575/526 1123/636/584 1828/577/528
f 1072/637/585 177/638/552 68/639/552
f 75/550/503 1800/640/586 1082/618/566
f 183/549/502 1149/641/587 1800/640/586
f 193/593/544 1145/642/588 1820/643/589
f 181/644/552 1144/645/590 1806/646/591
f 74/590/541 1815/647/592 1149/641/587
f 191/589/540 1161/648/593 1815/647/592
f 82/595/546 1820/643/589 1154/649/594
f 1671/650/595 75/550/503 184/617/565
f 1731/651/596 82/595/546 188/652/597
f 188/652/597 1154/649/594 1810/653/598
f 68/639/552 1751/654/599 1083/655/600
f 979/538/493 169/557/463 64/539/463
f 1681/553/506 85/606/554 968/540/494
f 190/552/505 1088/656/601 85/606/554
f 177/638/552 1097/657/602 1751/654/599
f 175/658/463 1044/659/603 67/598/463
f 954/506/464 170/537/463 1675/660/604
f 77/547/500 1755/602/551 1073/611/559
f 1150/661/605 182/662/552 73/663/552
f 989/562/514 198/620/568 1691/563/515
f 1706/664/606 1829/665/607 192/666/608
f 192/666/608 1122/667/609 1785/668/610
f 178/605/552 1108/669/611 69/625/573
f 959/565/517 197/619/567 1666/670/612
f 978/551/504 184/617/565 76/613/561
f 1756/671/613 70/672/552 177/638/552
f 86/564/516 1745/673/614 197/619/567
f 1730/674/615 1735/675/616 175/658/463
f 1049/676/617 175/658/463 1740/677/618
f 182/662/552 1155/678/619 1821/679/620
f 1816/680/621 1811/681/622 182/662/552
f 66/682/623 1710/683/624 998/582/533
f 1685/684/625 63/685/626 171/573/463
f 195/541/495 1103/686/627 83/558/510
f 72/630/578 1791/687/628 180/688/629
f 969/689/630 171/573/463 65/543/463
f 984/690/631 172/581/532 63/685/626
f 176/691/552 1097/657/602 70/672/552
f 71/603/552 1761/692/632 176/691/552
f 1721/693/633 74/590/541 183/549/502
f 68/639/552 1806/646/591 1072/637/585
f 1801/694/634 73/663/552 181/644/552
f 173/695/635 1023/696/636 1710/683/624
f 1715/697/637 1705/698/638 173/695/635
f 1796/699/639 1786/700/640 1124/701/641
f 180/688/629 1139/702/642 1786/700/640
f 1731/651/596 1826/703/643 1054/704/644
f 1040/705/645 174/600/463 1725/504/462
f 78/587/538 1805/612/560 1145/642/588
f 188/652/597 1159/706/646 1826/703/643
f 999/572/524 186/626/574 1696/560/512
f 1740/677/618 67/598/463 1040/705/645
f 73/663/552 1821/679/620 1144/645/590
f 179/609/557 1118/707/647 72/630/578
f 63/685/626 1695/583/534 988/574/525
f 1666/670/612 81/535/491 973/708/648
f 1087/709/649 178/605/552 1766/624/572
f 69/625/573 1776/710/650 179/609/557
f 1706/664/606 1832/711/651 1021/712/652
f 1700/713/653 66/682/623 172/581/532
f 189/566/518 1113/714/654 84/568/520
f 192/666/608 1785/668/610 1140/715/582
f 1675/660/604 64/539/463 974/555/508
f 169/557/463 958/545/498 1665/554/507
f 1078/716/655 176/691/552 1746/717/656
f 1746/717/656 70/672/552 1092/718/657
f 174/600/463 963/719/658 62/505/463
f 994/720/659 173/695/635 66/682/623
f 1112/631/579 180/688/629 1796/699/639
f 1083/655/600 181/644/552 68/639/552
s 1
f 249/721/660 255/722/661 254/723/662
f 252/724/663 256/725/664 255/722/661
f 254/723/662 266/726/665 263/727/666
f 255/722/661 257/728/667 266/726/665
f 258/729/668 260/730/669 250/731/670
f 259/732/671 261/733/672 258/729/668
f 261/733/672 253/734/673 260/730/669
f 262/735/674 256/725/664 261/733/672
f 251/736/43 265/737/675 264/738/676
f 263/727/677 266/726/678 265/737/675
f 264/738/676 262/735/679 259/732/680
f 265/737/675 257/728/681 262/735/679
f 287/176/156 292/739/682 291/740/683
f 290/741/684 293/742/685 292/743/682
f 291/744/683 304/745/686 301/746/687
f 292/743/682 294/747/688 304/745/686
f 288/748/689 298/749/690 297/750/691
f 295/751/692 299/752/693 298/749/690
f 297/750/694 293/742/695 290/741/696
f 298/749/690 294/747/697 293/742/695
f 300/753/698 302/754/699 289/755/700
f 301/746/687 303/756/701 300/753/698
f 303/756/701 296/757/702 302/754/699
f 304/745/686 299/752/703 303/756/701
f 355/136/120 359/758/704 358/759/705
f 364/760/706 360/761/707 359/758/704
f 358/759/705 371/762/708 368/763/709
f 359/758/704 361/764/710 371/762/708
f 356/105/95 365/765/711 364/766/712
f 362/767/713 366/768/714 365/765/711
f 364/766/712 365/765/711 360/761/715
f 365/765/711 361/764/716 360/761/715
f 367/769/717 369/770/718 357/173/153
f 368/763/709 370/771/719 367/769/717
f 370/771/719 363/772/720 369/770/718
f 371/762/721 366/768/714 370/771/719
f 392/178/158 398/773/722 397/774/723
f 395/775/724 399/776/725 398/777/722
f 397/778/723 398/777/722 408/779/726
f 398/777/722 400/780/727 408/779/726
f 401/781/728 403/782/729 393/783/730
f 402/784/731 404/785/732 401/781/728
f 404/786/732 396/787/733 403/788/729
f 405/789/734 399/790/735 404/785/732
f 394/117/104 407/791/736 406/792/737
f 397/793/738 408/794/739 407/791/736
f 406/792/737 405/789/734 402/784/731
f 407/791/736 400/795/740 405/789/734
s 2
f 412/796/741 414/797/742 409/165/145
f 413/798/743 415/799/744 412/796/741
f 415/799/744 421/800/745 414/797/742
f 415/799/744 420/801/746 416/802/747
f 417/803/748 419/804/749 410/805/750
f 417/803/748 418/806/751 420/807/746
f 419/804/749 420/801/746 413/798/743
f 420/807/746 418/806/751 416/808/747
f 421/800/745 423/809/752 422/810/753
f 422/811/753 423/809/752 418/812/751
f 423/809/752 416/808/747 418/806/751
s 6
f 424/215/754 427/813/755 428/814/756
f 427/815/755 429/816/757 428/817/756
f 428/817/756 429/816/757 433/818/758
s 7
f 425/819/759 429/820/759 427/821/760
s 2
f 429/822/761 432/823/762 433/824/763
s 8
f 430/825/764 431/826/765 426/272/766
s 2
f 434/205/185 438/827/767 437/828/768
s 9
f 438/829/769 1837/830/769 439/831/769
s 2
f 436/229/209 442/832/770 438/833/771
s 10
f 442/832/772 437/834/773 438/835/773
s 11
f 438/835/774 1837/830/775 440/836/776
s 12
f 443/314/777 446/837/778 447/838/779
s 13
f 447/839/780 448/840/780 450/841/781
s 14
f 444/842/782 449/843/783 446/844/782
s 15
f 449/845/784 450/846/785 448/840/786
s 12
f 446/844/778 449/843/787 447/847/779
s 2
f 453/339/319 456/848/788 457/849/789
s 16
f 456/848/790 460/850/790 457/851/790
s 17
f 457/851/791 458/852/791 1838/853/791
s 2
f 454/854/792 457/855/793 460/856/794
s 18
f 457/857/795 459/858/796 1838/859/797
s 2
f 465/860/798 467/861/799 462/862/800
f 466/863/801 468/864/802 465/860/798
f 467/861/799 468/865/802 474/866/803
f 471/867/804 472/868/805 470/869/806
f 472/868/805 466/863/801 470/870/806
f 473/871/807 475/872/808 464/260/240
f 474/866/803 476/873/809 473/871/807
f 476/873/809 471/867/804 475/872/808
f 476/873/809 468/865/802 469/874/810
s 19
f 480/875/811 481/876/812 477/268/813
s 20
f 480/875/814 482/877/815 486/878/816
s 2
f 479/266/246 485/879/817 486/880/818
s 21
f 485/879/819 481/881/819 486/882/819
s 22
f 482/877/820 484/883/821 486/882/822
s 2
f 490/884/823 492/885/824 487/288/268
f 491/886/825 493/887/826 490/884/823
f 493/887/826 499/888/827 492/885/824
f 493/887/826 494/889/828 501/890/829
f 496/891/830 497/892/831 495/893/832
f 497/892/831 491/886/825 495/894/832
f 498/895/833 500/896/834 489/280/260
f 498/895/833 499/888/827 501/897/829
f 501/897/829 496/891/830 500/896/834
s 23
f 502/194/835 505/898/836 506/899/837
s 24
f 505/900/838 508/901/839 1839/902/839
s 23
f 506/899/837 505/903/836 510/904/840
f 504/286/841 509/905/842 511/906/843
f 510/904/840 511/907/843 509/905/842
s 25
f 511/907/844 1839/908/845 508/909/846
s 2
f 515/910/847 517/911/848 512/276/256
f 516/912/849 518/913/850 515/910/847
f 518/913/850 527/914/851 517/911/848
f 518/913/850 519/915/852 520/916/853
s 3
f 513/247/227 524/917/854 523/918/855
f 521/919/856 525/920/857 524/917/854
f 523/918/855 519/921/858 516/922/859
f 524/917/854 520/923/860 519/921/858
s 2
f 514/295/275 529/924/861 528/925/862
f 527/914/851 529/924/861 526/926/863
f 529/924/861 522/927/864 528/925/862
f 529/924/861 520/928/853 525/929/865
f 533/930/866 535/931/867 530/239/219
f 534/932/868 536/933/869 533/930/866
f 536/933/869 545/934/870 535/931/867
f 536/933/869 537/935/871 538/936/872
s 3
f 531/285/265 542/937/873 541/938/874
f 539/939/875 543/940/876 542/937/873
f 541/941/874 537/935/877 534/932/878
f 542/942/873 538/943/879 537/935/877
s 2
f 544/944/880 546/945/881 532/256/236
f 545/934/870 547/946/882 544/944/880
f 547/946/882 540/947/883 546/945/881
f 547/946/882 538/943/872 543/948/884
f 551/949/885 553/950/886 548/271/251
f 552/951/887 554/952/888 551/949/885
f 554/952/888 563/953/889 553/950/886
f 554/952/888 556/954/890 566/955/891
f 557/956/892 559/957/893 549/250/230
f 558/958/894 560/959/895 557/956/892
f 560/959/895 552/951/887 559/957/893
f 560/959/895 556/954/890 555/960/896
f 562/961/897 564/962/898 550/298/278
f 563/953/889 565/963/899 562/961/897
f 565/963/899 558/958/894 564/962/898
f 565/963/899 556/954/890 561/964/900
f 567/227/207 573/965/901 572/966/902
f 571/967/903 573/965/901 570/968/904
f 573/965/901 581/969/905 572/966/902
f 573/965/901 574/970/906 584/971/907
s 3
f 568/296/276 578/972/908 577/973/909
f 575/974/910 579/975/911 578/976/908
f 577/973/909 574/977/912 571/978/913
s 26
f 578/972/914 584/979/915 574/977/916
s 2
f 580/980/917 582/981/918 569/265/245
f 581/969/905 583/982/919 580/980/917
f 583/982/919 576/983/920 582/981/918
f 583/982/919 584/984/921 579/975/922
f 585/985/923 591/986/924 590/987/925
s 27
f 589/988/926 591/986/927 588/989/928
s 2
f 590/987/925 601/990/929 598/991/930
s 27
f 591/986/927 592/992/931 601/990/932
s 2
f 586/305/285 596/993/933 595/994/934
f 593/995/935 601/996/936 596/993/937
s 28
f 595/994/938 596/997/938 589/988/938
s 29
f 596/993/939 601/996/940 592/992/940
s 2
f 597/998/941 599/999/942 587/1000/311
f 598/991/930 600/1001/943 597/998/941
f 600/1001/944 594/1002/945 599/999/942
f 605/1003/946 607/1004/947 602/317/297
f 606/1005/948 608/1006/949 605/1003/946
f 608/1006/949 616/1007/950 607/1004/947
f 609/1008/951 619/1009/952 608/1006/949
f 610/1010/953 612/1011/954 603/1012/312
f 611/1013/955 613/1014/956 610/1010/953
f 613/1014/956 606/1005/948 612/1011/954
f 613/1014/956 614/1015/957 609/1008/951
f 615/1016/958 617/1017/959 604/303/283
f 616/1007/950 618/1018/960 615/1016/958
f 618/1018/960 611/1013/955 617/1017/959
f 618/1018/960 619/1009/952 614/1019/957
f 620/316/296 635/1020/961 625/1021/962
f 623/1022/963 626/1023/964 635/1020/961
f 625/1021/962 635/1024/961 633/1025/965
s 30
f 635/1020/966 626/1023/967 627/1026/967
s 2
f 628/1027/968 630/1028/969 621/1029/200
f 629/1030/970 631/1031/971 628/1027/968
f 631/1031/972 624/1032/973 630/1028/969
f 622/306/286 635/1033/974 634/1034/975
f 632/1035/976 633/1025/977 635/1033/974
f 634/1034/975 626/1036/978 629/1030/970
f 639/1037/979 641/1038/980 636/221/201
f 640/1039/981 642/1040/982 639/1037/979
f 642/1040/982 650/1041/983 641/1038/980
f 643/1042/984 653/1043/985 642/1040/982
f 644/1044/986 646/1045/987 637/310/290
f 645/1046/988 647/1047/989 644/1044/986
f 647/1047/989 640/1039/981 646/1045/987
f 647/1047/989 648/1048/990 643/1042/984
f 649/1049/991 651/1050/992 638/1051/299
f 650/1041/983 652/1052/993 649/1049/991
f 652/1052/993 645/1046/988 651/1050/992
f 652/1052/993 653/1043/985 648/1053/990
f 654/337/317 669/1054/994 659/1055/995
f 657/1056/996 660/1057/997 669/1054/994
f 659/1055/995 669/1058/994 667/1059/998
s 31
f 669/1054/999 660/1057/1000 661/1060/1001
s 2
f 662/1061/1002 664/1062/1003 655/1063/303
f 663/1064/1004 665/1065/1005 662/1061/1002
f 665/1065/1006 658/1066/1007 664/1062/1003
f 656/308/288 669/1067/1008 668/1068/1009
f 666/1069/1010 667/1059/1011 669/1067/1008
f 668/1068/1009 660/1070/1012 663/1064/1004
f 670/1071/1013 675/1072/1014 674/1073/1015
f 673/1074/1016 676/1075/1017 675/1072/1014
f 674/1073/1015 687/1076/1018 684/1077/1019
f 675/1072/1014 677/1078/1020 687/1076/1018
f 671/311/291 681/1079/1021 680/1080/1022
f 678/1081/1023 682/1082/1024 681/1079/1021
f 680/1080/1022 681/1079/1021 676/1075/1025
f 681/1079/1021 677/1078/1020 676/1075/1025
f 683/1083/1026 685/1084/1027 672/1085/316
f 684/1077/1019 686/1086/1028 683/1083/1026
f 686/1086/1028 679/1087/1029 685/1084/1027
f 687/1076/1018 682/1082/1024 686/1086/1028
f 688/341/321 694/1088/1030 693/1089/1031
f 691/1090/1032 695/1091/1033 694/1088/1030
f 693/1089/1034 705/1092/1035 702/1093/1036
f 694/1088/1030 696/1094/1037 705/1092/1035
f 697/1095/1038 699/1096/1039 689/1097/191
f 698/1098/1040 700/1099/1041 697/1095/1038
f 700/1099/1041 692/1100/1042 699/1096/1039
f 701/1101/1043 695/1091/1033 700/1099/1041
f 690/302/282 704/1102/1044 703/1103/1045
f 702/1093/1046 705/1092/1047 704/1102/1044
f 703/1103/1045 701/1101/1043 698/1098/1040
f 704/1102/1044 696/1094/1037 701/1101/1043
f 709/1104/1048 711/1105/1049 706/328/308
f 710/1106/1050 712/1107/1051 709/1104/1048
f 712/1107/1051 720/1108/1052 711/1105/1049
f 713/1109/1053 723/1110/1054 712/1107/1051
f 714/1111/1055 716/1112/1056 707/299/279
f 715/1113/1057 717/1114/1058 714/1111/1055
f 717/1114/1058 710/1106/1050 716/1112/1056
f 717/1114/1058 718/1115/1059 713/1109/1053
f 719/1116/1060 721/1117/1061 708/1118/179
f 720/1108/1052 722/1119/1062 719/1116/1060
f 722/1119/1062 715/1113/1057 721/1117/1061
f 722/1119/1062 723/1110/1054 718/1120/1059
f 724/1121/1063 730/1122/1064 729/1123/1065
f 728/1124/1066 730/1122/1064 727/1125/1067
f 730/1122/1064 739/1126/1068 729/1123/1065
f 731/1127/1069 742/1128/1070 730/1122/1064
f 725/301/281 736/1129/1071 735/1130/1072
f 733/1131/1073 737/1132/1074 736/1129/1071
f 735/1130/1072 731/1127/1075 728/1124/1076
f 736/1129/1071 732/1133/1077 731/1127/1078
f 738/1134/1079 740/1135/1080 726/1136/307
f 739/1126/1068 741/1137/1081 738/1134/1079
f 741/1137/1081 734/1138/1082 740/1135/1080
f 742/1128/1083 737/1132/1084 741/1137/1081
s 4
f 793/1139/1085 799/1140/1086 798/1141/1087
f 796/1142/1088 800/1143/1089 799/1140/1086
f 798/1141/1087 799/1140/1086 810/1144/1090
f 799/1140/1086 801/1145/1091 810/1144/1090
f 802/1146/1092 804/1147/1093 794/1148/1094
f 803/1149/1095 805/1150/1096 802/1146/1092
f 805/1150/1096 797/1151/1097 804/1147/1093
f 806/1152/1098 800/1143/1089 805/1150/1096
f 795/389/364 809/1153/1099 808/1154/1100
f 807/1155/1101 810/1144/1102 809/1156/1099
f 808/1157/1100 806/1152/1103 803/1149/1104
f 809/1156/1099 801/1145/1105 806/1152/1103
f 831/1158/475 836/1159/1106 835/1160/1107
f 834/1161/1108 837/1162/1109 836/1159/1106
f 835/1160/1107 848/1163/1110 845/1164/1111
f 836/1159/1106 838/1165/1112 848/1163/1110
f 832/1166/1113 842/1167/1114 841/1168/1115
f 839/1169/1116 843/1170/1117 842/1171/1114
f 841/1172/1118 837/1162/1119 834/1161/1120
f 842/1171/1114 838/1165/1121 837/1162/1119
f 844/1173/1122 846/1174/1123 833/1175/1124
f 845/1164/1111 847/1176/1125 844/1173/1122
f 847/1176/1125 840/1177/1126 846/1174/1123
f 848/1163/1110 843/1170/1127 847/1176/1125
f 899/1178/440 904/1179/1128 903/1180/1129
f 902/1181/1130 905/1182/1131 904/1179/1128
f 903/1180/1129 915/1183/1132 912/1184/1133
f 904/1179/1128 906/1185/1134 915/1183/1132
f 900/446/415 909/1186/1135 902/1187/1136
f 907/1188/1137 910/1189/1138 909/1186/1135
f 902/1187/1136 909/1186/1135 905/1182/1139
f 909/1186/1135 906/1185/1140 905/1182/1139
f 911/1190/1141 913/1191/1142 901/514/472
f 912/1184/1133 914/1192/1143 911/1190/1141
f 914/1192/1143 908/1193/1144 913/1191/1142
f 915/1183/1145 910/1189/1138 914/1192/1143
f 936/519/477 942/1194/1146 941/1195/1147
f 939/1196/1148 943/1197/1149 942/1194/1146
f 941/1195/1147 942/1194/1146 952/1198/1150
f 942/1194/1146 944/1199/1151 952/1198/1150
f 945/1200/1152 947/1201/1153 937/1202/1154
f 946/1203/1155 948/1204/1156 945/1200/1152
f 948/1204/1156 940/1205/1157 947/1201/1153
f 949/1206/1158 943/1197/1159 948/1204/1156
f 938/458/424 951/1207/1160 950/1208/1161
f 941/1209/1162 952/1198/1163 951/1207/1160
f 950/1208/1161 949/1206/1158 946/1203/1155
f 951/1207/1160 944/1199/1164 949/1206/1158
s 5
f 1003/1210/1165 1009/1211/1166 1008/1212/1167
f 1006/1213/1168 1010/1214/1169 1009/1211/1166
f 1008/1212/1167 1020/1215/1170 1017/1216/1171
f 1009/1211/1166 1011/1217/1172 1020/1215/1170
f 1012/1218/1173 1014/1219/1174 1004/1220/1175
f 1013/1221/1176 1015/1222/1177 1012/1218/1173
f 1015/1222/1177 1007/1223/1178 1014/1219/1174
f 1016/1224/1179 1010/1214/1169 1015/1222/1177
f 1005/578/529 1019/1225/1180 1018/1226/1181
f 1017/1227/1182 1020/1228/1183 1019/1225/1180
f 1018/1226/1181 1016/1229/1184 1013/1230/1185
f 1019/1225/1180 1011/1231/1186 1016/1229/1184
f 1024/1232/1187 1026/1233/1188 1021/712/652
f 1025/1234/1189 1027/1235/1190 1024/1232/1187
f 1027/1235/1190 1035/1236/1191 1026/1233/1188
f 1027/1235/1190 1028/1237/1192 1038/1238/1193
f 1029/1239/1194 1031/1240/1195 1022/1241/530
f 1030/1242/1196 1032/1243/1197 1029/1239/1194
f 1031/1240/1195 1028/1244/1192 1025/1234/1189
f 1032/1243/1197 1033/1245/1198 1028/1244/1192
f 1023/696/636 1037/1246/1199 1036/1247/1200
f 1034/1248/1201 1038/1238/1202 1037/1246/1199
f 1036/1247/1200 1033/1245/1203 1030/1242/1204
f 1037/1246/1205 1028/1237/1192 1033/1245/1198
f 1054/1249/644 1059/1250/1206 1058/1251/1207
f 1057/1252/1208 1060/1253/1209 1059/1250/1206
f 1058/1251/1207 1071/1254/1210 1068/1255/1211
f 1059/1250/1206 1061/1256/1212 1071/1254/1210
f 1055/1257/1213 1065/1258/1214 1064/1259/1215
f 1062/1260/1216 1066/1261/1217 1065/1258/1214
f 1064/1259/1218 1060/1262/1219 1057/1263/1220
f 1065/1258/1214 1061/1264/1221 1060/1262/1219
f 1067/1265/1222 1069/1266/1223 1056/1267/1224
f 1068/1255/1211 1070/1268/1225 1067/1265/1222
f 1070/1268/1225 1063/1269/1226 1069/1266/1223
f 1071/1254/1210 1066/1270/1227 1070/1268/1225
f 1122/667/609 1127/1271/1228 1126/1272/1229
f 1125/1273/1230 1128/1274/1231 1127/1271/1228
f 1126/1272/1229 1138/1275/1232 1135/1276/1233
f 1127/1271/1228 1129/1277/1234 1138/1275/1232
f 1123/636/584 1132/1278/1235 1125/1279/1236
f 1130/1280/1237 1133/1281/1238 1132/1278/1235
f 1125/1279/1236 1132/1278/1235 1128/1282/1239
f 1132/1278/1235 1129/1283/1240 1128/1282/1239
f 1134/1284/1241 1136/1285/1242 1124/1286/641
f 1135/1276/1233 1137/1287/1243 1134/1284/1241
f 1137/1287/1243 1131/1288/1244 1136/1285/1242
f 1138/1275/1245 1133/1289/1238 1137/1287/1243
f 1159/706/646 1164/1290/1246 1172/1291/1247
f 1162/1292/1248 1165/1293/1249 1164/1290/1246
f 1172/1291/1247 1164/1290/1246 1175/1294/1250
f 1164/1290/1246 1166/1295/1251 1175/1294/1252
f 1167/1296/1253 1169/1297/1254 1160/1298/1255
f 1168/1299/1256 1170/1300/1257 1167/1296/1253
f 1170/1300/1257 1163/1301/1258 1169/1297/1254
f 1171/1302/1259 1165/1293/1260 1170/1300/1257
f 1161/648/593 1174/1303/1261 1173/1304/1262
f 1172/1305/1263 1175/1294/1264 1174/1303/1261
f 1173/1304/1262 1171/1302/1259 1168/1299/1256
f 1174/1303/1261 1166/1295/1265 1171/1302/1259
f 1831/1306/581 1834/1307/1266 1833/1308/1267
f 1834/1307/1266 1835/1309/1268 1833/1308/1267
f 1835/1309/1268 1836/1310/1269 1833/1308/1267
f 1836/1310/1269 1832/711/651 1833/1308/1267
s 1
f 220/25/22 1178/1311/1270 223/1312/1271
f 223/1313/1271 1179/1314/1272 222/1315/1273
f 222/1315/1274 1180/1316/1275 221/1317/1276
f 1180/1316/1275 219/180/160 221/1317/1276
f 1176/24/21 206/1318/1277 1178/1311/1270
f 1178/1319/1270 207/1320/1278 1179/1314/1272
f 1179/1314/1279 208/1321/1280 1180/1316/1275
f 208/1321/1280 1177/139/123 1180/1316/1275
f 1181/61/56 228/1322/1281 225/8/7
f 1183/1323/1282 227/1324/1283 228/1322/1281
f 1184/1325/1284 226/1326/1285 227/1324/1286
f 226/1326/1285 1182/1327/106 224/1328/18
f 209/189/169 1183/1323/1282 1181/61/56
f 211/1329/1287 1184/1325/1288 1183/1323/1282
f 212/1330/1289 1185/1331/1290 1184/1325/1284
f 1185/1331/1290 210/1332/15 1182/1327/106
f 1186/129/115 203/1333/1291 200/3/3
f 1188/1334/1292 202/1335/1293 203/1336/1291
f 1189/1337/1294 201/1338/1295 202/1335/1296
f 201/1338/1295 1187/4/4 199/16/13
f 220/25/22 1188/1339/1292 1186/129/115
f 223/1313/1271 1189/1337/1297 1188/1334/1292
f 222/1315/1274 1190/1340/1298 1189/1337/1294
f 1190/1340/1298 219/180/160 1187/4/4
f 215/158/139 1193/1341/1299 218/1342/1300
f 218/1342/1300 1194/1343/1301 217/1344/1302
f 217/1344/1303 1195/1345/1304 216/1346/1305
f 1195/1345/1304 214/1347/8 216/1346/1305
f 1191/26/23 228/1322/1281 1193/1341/1299
f 1193/1341/1299 227/1324/1283 1194/1343/1301
f 1194/1343/1306 226/1326/1285 1195/1345/1304
f 226/1326/1285 1192/1348/20 1195/1345/1304
f 230/159/140 1198/1349/1307 233/1350/1308
f 233/1350/1308 1199/1351/1309 232/1352/1310
f 232/1352/1311 1200/1353/1312 231/1354/1313
f 1200/1353/1312 229/1355/25 231/1354/1313
f 1196/153/135 218/1342/1300 1198/1349/1307
f 1198/1349/1307 217/1344/1302 1199/1351/1309
f 1199/1351/1314 216/1346/1305 1200/1353/1312
f 216/1346/1305 1197/1356/10 1200/1353/1312
f 204/15/12 1203/1357/1315 206/1318/1277
f 206/1358/1277 1204/1359/1316 207/1320/1278
f 207/1320/1317 1205/1360/1318 208/1321/1280
f 1205/1360/1318 205/35/31 208/1321/1280
f 1201/14/11 236/1361/1319 1203/1357/1315
f 1203/1362/1315 237/1363/1320 1204/1359/1316
f 1204/1359/1321 238/1364/1322 1205/1360/1318
f 238/1364/1322 1202/33/29 1205/1360/1318
f 234/44/39 1208/1365/1323 236/1361/1319
f 236/1366/1319 1209/1367/1324 237/1363/1320
f 237/1363/1325 1210/1368/1326 238/1364/1322
f 1210/1368/1326 235/32/28 238/1364/1322
f 1206/53/48 246/1369/1327 1208/1365/1323
f 1208/1370/1323 247/1371/1328 1209/1367/1324
f 1209/1367/1329 248/1372/1330 1210/1368/1326
f 248/1372/1330 1207/30/26 1210/1368/1326
f 240/190/170 1213/1373/1331 243/1374/1332
f 243/1374/1332 1214/1375/1333 242/1376/1334
f 242/1376/1335 1215/1377/1336 241/1378/1337
f 1215/1377/1336 239/1379/35 241/1378/1337
f 1211/183/163 233/1350/1308 1213/1373/1331
f 1213/1373/1331 232/1352/1310 1214/1375/1333
f 1214/1375/1338 231/1354/1313 1215/1377/1336
f 231/1354/1313 1212/1380/33 1215/1377/1336
f 1216/170/150 271/1381/1339 268/168/148
f 1218/1382/1340 270/1383/1341 271/1381/1339
f 1219/1384/1342 269/1385/1343 270/1383/1341
f 1220/1386/1344 267/49/44 269/1387/1343
f 250/731/670 1218/1382/1340 1216/170/150
f 260/730/669 1219/1384/1342 1218/1382/1340
f 253/734/673 1220/1388/1344 1219/1384/1342
f 252/724/663 1217/1389/117 1220/1388/1344
f 244/52/47 1223/1390/1345 246/1369/1327
f 246/1391/1327 1224/1392/1346 247/1371/1328
f 247/1371/1347 1225/1393/1348 248/1372/1330
f 248/1372/1330 1222/40/36 245/42/38
f 1221/152/134 271/1381/1339 1223/1390/1345
f 1223/1394/1349 270/1395/1341 1224/1392/1346
f 1224/1392/1350 269/1387/1343 1225/1393/1348
f 269/1387/1343 1222/40/36 1225/1393/1348
f 250/731/670 1228/1396/1351 258/729/668
f 258/729/668 1229/1397/1352 259/732/671
f 259/732/680 1230/1398/1353 264/738/676
f 264/738/676 1227/1399/41 251/736/43
f 1226/169/149 243/1374/1332 1228/1396/1351
f 1228/1396/1351 242/1376/1334 1229/1397/1352
f 1229/1397/1354 241/1378/1337 1230/1398/1353
f 1230/1398/1353 239/1379/35 1227/1399/41
f 1231/69/63 211/1329/1287 209/189/169
f 1233/1400/1355 212/1330/1356 211/1329/1287
f 1234/1401/1357 213/1402/1358 212/1330/1289
f 213/1402/1358 1232/1403/142 210/1332/15
f 277/128/114 1233/1400/1355 1231/69/63
f 279/1404/1359 1234/1401/1360 1233/1400/1355
f 280/1405/1361 1235/1406/1362 1234/1401/1357
f 1235/1407/1362 278/58/53 1232/162/142
f 1236/1/1 276/1408/1363 273/177/157
f 1238/1409/1364 275/1410/1365 276/1411/1363
f 1239/1412/1366 274/1413/1367 275/1410/1368
f 274/1413/1367 1237/54/49 272/56/51
f 200/3/3 1238/1414/1364 1236/1/1
f 203/1336/1291 1239/1412/1369 1238/1409/1364
f 202/1335/1296 1240/1415/1370 1239/1412/1366
f 1240/1415/1370 199/16/13 1237/54/49
f 289/755/700 1243/1416/1371 300/753/698
f 300/753/698 1244/1417/1372 301/746/687
f 301/1418/687 1245/1419/1373 291/740/683
f 291/740/683 1242/120/107 287/176/156
f 1241/143/126 284/1420/1374 1243/1416/1371
f 1243/1416/1371 285/1421/1375 1244/1417/1372
f 1244/1422/1372 286/1423/1376 1245/1419/1373
f 1245/1419/1373 283/64/59 1242/120/107
f 1246/144/127 279/1404/1359 277/128/114
f 1248/1424/1377 280/1405/1378 279/1404/1359
f 1249/1425/1379 281/1426/1380 280/1405/1361
f 1250/1427/1381 278/58/53 281/1428/1380
f 289/755/700 1248/1424/1377 1246/144/127
f 302/754/699 1249/1425/1382 1248/1424/1377
f 296/757/1383 1250/1429/1381 1249/1425/1379
f 295/1430/692 1247/66/61 1250/1427/1381
f 1251/146/129 284/1420/1374 282/145/128
f 1253/1431/1384 285/1432/1375 284/1433/1374
f 1254/1434/1385 286/1423/1376 285/1432/1375
f 286/1423/1376 1252/62/57 283/64/59
f 273/177/157 1253/1435/1384 1251/146/129
f 276/1411/1363 1254/1434/1386 1253/1431/1384
f 275/1410/1368 1255/1436/1387 1254/1434/1385
f 274/1413/1367 1252/62/57 1255/1436/1387
f 1256/142/125 329/1437/1388 326/71/64
f 1258/1438/1389 328/1439/1390 329/1437/1388
f 1259/1440/1391 327/1441/1392 328/1439/1390
f 1260/1442/1393 325/188/168 327/1441/1392
f 310/91/83 1258/1438/1389 1256/142/125
f 312/1443/1394 1259/1440/1391 1258/1438/1389
f 313/1444/1395 1260/1442/1393 1259/1440/1391
f 314/1445/1396 1257/187/167 1260/1442/1393
f 331/85/77 1263/1446/1397 334/1447/1398
f 334/1447/1398 1264/1448/1399 333/1449/1400
f 333/1449/1400 1265/1450/1401 332/1451/1402
f 332/1451/1402 1262/123/110 330/126/113
f 1261/84/76 317/1452/1403 1263/1446/1397
f 1263/1446/1397 318/1453/1404 1264/1448/1399
f 1264/1448/1399 319/1454/1405 1265/1450/1401
f 1265/1450/1401 316/124/111 1262/123/110
f 306/81/73 1268/1455/1406 309/1456/1407
f 309/1456/1407 1269/1457/1408 308/1458/1409
f 308/1458/1409 1270/1459/1410 307/1460/1411
f 307/1460/1411 1267/140/124 305/106/96
f 1266/72/65 329/1437/1388 1268/1455/1406
f 1268/1455/1406 328/1439/1390 1269/1457/1408
f 1269/1457/1408 327/1441/1392 1270/1459/1410
f 1270/1459/1410 325/188/168 1267/140/124
f 1271/86/78 324/1461/1412 321/125/112
f 1273/1462/1413 323/1463/1414 324/1461/1412
f 1274/1464/1415 322/1465/1416 323/1463/1414
f 1275/1466/1417 320/181/161 322/1465/1416
f 331/85/77 1273/1462/1413 1271/86/78
f 334/1447/1398 1274/1464/1415 1273/1462/1413
f 333/1449/1400 1275/1466/1417 1274/1464/1415
f 332/1451/1402 1272/161/141 1275/1466/1417
f 1276/77/69 339/1467/1418 336/155/136
f 1278/1468/1419 338/1469/1420 339/1467/1418
f 1279/1470/1421 337/1471/1422 338/1469/1420
f 1280/1472/1423 335/78/70 337/1471/1422
f 321/125/112 1278/1468/1419 1276/77/69
f 324/1461/1412 1279/1470/1421 1278/1468/1419
f 323/1463/1414 1280/1472/1423 1279/1470/1421
f 322/1465/1416 1277/94/86 1280/1472/1423
f 1281/92/84 312/1443/1394 310/91/83
f 1283/1473/1424 313/1444/1395 312/1443/1394
f 1284/1474/1425 314/1445/1396 313/1444/1395
f 1285/1475/1426 311/186/166 314/1445/1396
f 340/97/88 1283/1473/1424 1281/92/84
f 342/1476/1427 1284/1474/1425 1283/1473/1424
f 343/1477/1428 1285/1475/1426 1284/1474/1425
f 344/1478/1429 1282/74/67 1285/1475/1426
f 1286/98/89 342/1476/1427 340/97/88
f 1288/1479/1430 343/1477/1428 342/1476/1427
f 1289/1480/1431 344/1478/1429 343/1477/1428
f 1290/1481/1432 341/138/122 344/1478/1429
f 350/102/92 1288/1479/1430 1286/98/89
f 352/1482/1433 1289/1480/1431 1288/1479/1430
f 353/1483/1434 1290/1481/1432 1289/1480/1431
f 354/1484/1435 1287/182/162 1290/1481/1432
f 1291/93/85 349/1485/1436 346/184/164
f 1293/1486/1437 348/1487/1438 349/1485/1436
f 1294/1488/1439 347/1489/1440 348/1487/1438
f 1295/1490/1441 345/101/91 347/1489/1440
f 336/155/136 1293/1486/1437 1291/93/85
f 339/1467/1418 1294/1488/1439 1293/1486/1437
f 338/1469/1420 1295/1490/1441 1294/1488/1439
f 337/1471/1422 1292/80/72 1295/1490/1441
f 373/185/165 1298/1491/1442 376/1492/1443
f 376/1492/1443 1299/1493/1444 375/1494/1445
f 375/1494/1445 1300/1495/1446 374/1496/1447
f 374/1496/1447 1297/172/152 372/174/154
f 1296/137/121 358/759/705 1298/1491/1442
f 1298/1491/1442 368/763/709 1299/1493/1444
f 1299/1493/1444 367/769/717 1300/1495/1446
f 1300/1495/1446 357/173/153 1297/172/152
f 1301/104/94 352/1482/1433 350/102/92
f 1303/1497/1448 353/1483/1434 352/1482/1433
f 1304/1498/1449 354/1484/1435 353/1483/1434
f 1305/1499/1450 351/179/159 354/1484/1435
f 373/185/165 1303/1497/1448 1301/104/94
f 376/1492/1443 1304/1498/1449 1303/1497/1448
f 375/1494/1445 1305/1499/1450 1304/1498/1449
f 374/1496/1447 1302/156/137 1305/1499/1450
f 1306/99/90 362/767/713 356/105/95
f 1308/1500/1451 363/772/720 362/767/713
f 1309/1501/1452 369/770/718 363/772/720
f 1310/1502/1453 357/173/153 369/770/718
f 346/184/164 1308/1500/1451 1306/99/90
f 349/1485/1436 1309/1501/1452 1308/1500/1451
f 348/1487/1438 1310/1502/1453 1309/1501/1452
f 347/1489/1440 1307/171/151 1310/1502/1453
f 315/88/80 1313/1503/1454 317/1452/1403
f 317/1452/1403 1314/1504/1455 318/1453/1404
f 318/1453/1404 1315/1505/1456 319/1454/1405
f 319/1454/1405 1312/166/146 316/124/111
f 1311/109/97 384/1506/1457 1313/1503/1454
f 1313/1503/1454 385/1507/1458 1314/1504/1455
f 1314/1504/1455 386/1508/1459 1315/1505/1456
f 1315/1505/1456 383/130/116 1312/166/146
f 378/111/99 1318/1509/1460 381/1510/1461
f 381/1510/1461 1319/1511/1462 380/1512/1463
f 380/1512/1463 1320/1513/1464 379/1514/1465
f 379/1514/1465 1317/115/102 377/114/101
f 1316/82/74 309/1456/1407 1318/1509/1460
f 1318/1509/1460 308/1458/1409 1319/1511/1462
f 1319/1511/1462 307/1460/1411 1320/1513/1464
f 1320/1513/1464 305/106/96 1317/115/102
f 1321/122/109 395/1515/724 392/178/158
f 1323/1516/1466 396/787/733 395/775/724
f 1324/1517/1467 403/788/729 396/787/733
f 1325/1518/1468 393/783/730 403/782/729
f 387/1519/105 1323/1516/1466 1321/1520/109
f 389/1521/1469 1324/1517/1467 1323/1516/1466
f 390/1522/1470 1325/1523/1468 1324/1517/1467
f 391/1524/1471 1322/150/133 1325/1518/1468
f 382/110/98 1328/1525/1472 384/1506/1457
f 384/1506/1457 1329/1526/1473 385/1507/1458
f 385/1507/1458 1330/1527/1474 386/1508/1459
f 386/1508/1459 1327/149/132 383/130/116
f 1326/116/103 406/792/737 1328/1525/1472
f 1328/1525/1472 402/784/731 1329/1526/1473
f 1329/1526/1473 401/781/728 1330/1527/1474
f 1330/1527/1474 393/783/730 1327/149/132
f 387/118/105 1333/1528/1475 389/1529/1469
f 389/1529/1469 1334/1530/1476 390/1531/1470
f 390/1531/1470 1335/1532/1477 391/1524/1471
f 391/1524/1471 1332/148/131 388/147/130
f 1331/112/100 381/1510/1461 1333/1528/1475
f 1333/1528/1475 380/1512/1463 1334/1530/1476
f 1334/1530/1476 379/1514/1465 1335/1532/1477
f 1335/1532/1477 377/114/101 1332/148/131
f 394/117/104 1338/1533/1478 397/1534/738
f 397/774/723 1337/175/155 392/178/158
f 1336/67/62 297/1535/1479 1338/1533/1478
s 32
f 1338/1536/1480 297/750/1480 290/741/1481
s 1
f 1338/1537/1482 287/176/156 1337/175/155
f 1339/1538/42 263/1539/1483 251/736/43
s 33
f 263/727/1484 1341/1540/1484 254/723/1485
s 1
f 1341/1540/1486 249/721/660 254/723/662
f 356/1541/95 1341/1542/1487 1339/1538/42
f 364/1543/706 1340/1544/118 1341/1540/1486
s 2
f 532/256/236 1344/1545/1488 544/944/880
f 544/944/880 1345/1546/1489 545/934/870
f 1345/1546/1489 535/931/867 545/934/870
f 1346/1547/1490 530/239/219 535/931/867
f 1342/255/235 553/950/886 1344/1545/1488
f 1344/1545/1488 563/953/889 1345/1546/1489
f 563/953/889 1346/1547/1490 1345/1546/1489
f 562/961/897 1343/257/237 1346/1547/1490
f 1347/249/229 557/956/892 549/250/230
f 1349/1548/1491 558/958/894 557/956/892
f 558/958/894 1351/1549/1492 564/962/898
f 564/962/898 1348/236/216 550/298/278
f 567/227/207 1349/1548/1491 1347/249/229
f 572/966/902 1350/1550/1493 1349/1548/1491
f 1350/1550/1493 580/980/917 1351/1549/1492
f 1351/1549/1492 569/265/245 1348/236/216
s 3
f 1352/284/264 575/1551/910 568/296/276
f 1354/1552/1494 576/983/1495 575/974/910
s 2
f 576/983/920 1355/1553/1496 582/981/918
f 1355/1553/1496 569/265/245 582/981/918
s 3
f 1352/284/264 541/938/874 1354/1554/1494
f 1354/1552/1494 534/932/878 1355/1555/1497
s 2
f 1355/1555/1496 534/932/868 533/930/866
f 1355/1553/1496 530/239/219 1353/238/218
f 514/295/275 1358/1556/1498 526/926/863
f 526/926/863 1359/1557/1499 527/914/851
f 1359/1557/1499 517/911/848 527/914/851
f 1360/1558/1500 512/276/256 517/911/848
f 1356/291/271 559/957/893 1358/1556/1498
f 1358/1556/1498 552/951/887 1359/1557/1499
f 552/951/887 1360/1558/1500 1359/1557/1499
f 551/949/885 1357/270/250 1360/1558/1500
s 3
f 1361/245/225 539/939/875 531/285/265
f 1363/1559/1501 540/1560/1502 539/939/875
s 2
f 540/947/883 1364/1561/1503 546/945/881
f 1364/1561/1503 532/256/236 546/945/881
s 3
f 1361/245/225 523/918/855 1363/1559/1501
f 1363/1559/1501 516/922/859 1364/1562/1504
s 2
f 1364/1563/1503 516/912/849 515/910/847
f 1364/1561/1503 512/276/256 1362/224/204
s 3
f 1365/246/226 521/919/856 513/247/227
f 1367/1564/1505 522/1565/1506 521/919/856
s 2
f 522/1565/864 1368/1566/1507 528/1567/862
f 1368/1568/1507 514/295/275 528/925/862
s 3
f 1365/246/226 577/973/909 1367/1564/1505
f 1367/1564/1505 571/978/913 1368/1569/1508
s 34
f 1368/1569/1509 571/978/1509 570/1570/1509
s 2
f 1368/1568/1507 567/227/207 1366/226/206
f 434/205/185 1371/1571/1510 438/829/767
f 438/829/767 1372/1572/1511 1837/1573/1512
f 1837/1573/1512 1373/1574/1513 441/1575/1514
f 441/1575/1514 1370/242/222 435/312/292
f 409/165/145 1371/1571/1510 1369/163/143
f 414/797/742 1372/1572/1511 1371/1571/1510
f 421/800/745 1373/1574/1513 1372/1572/1511
f 422/810/753 1370/242/222 1373/1574/1513
f 1374/254/234 451/1576/1515 445/212/192
f 1376/1577/1516 450/841/1517 451/1576/1515
f 1377/1578/1518 447/838/1519 450/841/1517
f 1378/1579/1520 443/314/294 447/838/1519
f 1374/254/234 422/811/753 1376/1577/1516
f 1376/1577/1516 418/812/751 1377/1578/1518
f 1377/1578/1518 417/803/748 1378/1579/1520
f 1378/1579/1520 410/805/750 1375/232/212
f 1379/313/293 441/1580/1514 435/312/292
f 1381/1581/1521 440/836/1522 441/1580/1514
f 1382/1582/1523 438/833/1524 440/836/1522
f 1383/1583/1525 436/229/209 438/833/771
f 1379/313/293 451/1584/1515 1381/1581/1521
f 1381/1581/1521 452/1585/1526 1382/1582/1523
f 1382/1582/1523 449/845/1527 1383/1583/1525
f 1383/1583/1525 444/842/1528 1380/243/223
f 462/862/800 1386/1586/1529 465/860/798
f 465/860/798 1387/1587/1530 466/863/801
f 466/863/801 1388/1588/1531 470/870/806
f 470/870/806 1385/274/254 463/318/298
f 424/215/195 1386/1586/1529 1384/293/273
f 428/814/1532 1387/1587/1530 1386/1586/1529
f 433/1589/763 432/1590/762 1388/1588/1531
f 430/825/1533 1385/274/254 1388/1588/1531
f 477/268/248 1391/1591/1534 480/875/1535
f 480/875/1535 1392/1592/1536 1840/1593/1537
f 1840/1593/1537 1393/1594/1538 483/1595/1539
f 483/1595/1539 1390/334/314 478/202/182
f 464/260/240 1391/1591/1534 1389/258/238
f 475/872/808 1392/1592/1536 1391/1591/1534
f 471/867/804 1393/1594/1538 1392/1592/1536
f 470/869/806 1390/334/314 1393/1594/1538
f 1394/204/184 483/1596/1539 478/202/182
f 1396/1597/1540 484/883/1541 483/1596/1539
f 1397/1598/1542 486/880/818 484/883/1541
f 1398/1599/1543 479/266/246 486/880/818
f 1394/204/184 431/826/1544 1396/1597/1540
f 1396/1597/1540 432/823/1545 1397/1598/1542
f 1397/1598/1542 429/822/1546 1398/1599/1543
f 1398/1599/1543 425/819/1547 1395/261/241
f 1399/252/232 461/1600/1548 455/191/171
f 1401/1601/1549 1838/853/1550 461/1600/1548
f 1402/1602/1551 457/849/1552 1838/853/1550
f 1403/1603/1553 453/339/319 457/849/789
f 1399/252/232 495/894/832 1401/1601/1549
f 1401/1601/1549 491/886/825 1402/1602/1551
f 1402/1602/1551 490/884/823 1403/1603/1553
f 1403/1603/1553 487/288/268 1400/290/270
f 1404/324/304 495/893/832 488/275/255
f 1406/1604/1554 496/891/830 495/893/832
f 1407/1605/1555 500/896/834 496/891/830
f 1408/1606/1556 489/280/260 500/896/834
f 1404/324/304 507/1607/1557 1406/1604/1554
f 1406/1604/1554 508/901/1558 1407/1605/1555
f 1407/1605/1555 505/900/1559 1408/1606/1556
f 1408/1606/1556 502/194/174 1405/196/176
f 1409/338/318 507/1608/1557 503/325/305
f 1411/1609/1560 508/909/1561 507/1608/1562
f 1412/1610/1563 511/906/1564 508/909/1561
f 1413/1611/1565 504/286/266 511/906/1566
f 1409/338/318 461/1612/1548 1411/1609/1560
f 1411/1609/1560 459/858/1567 1412/1610/1563
f 1412/1610/1563 457/857/1568 1413/1611/1569
f 1413/1611/1565 454/854/792 1410/281/261
f 587/1000/311 1416/1613/1570 597/998/941
f 597/998/941 1417/1614/1571 598/991/930
f 598/991/930 1418/1615/1572 590/987/925
f 590/987/925 1415/278/258 585/985/923
f 1414/1616/310 612/1011/954 1416/1613/1570
f 1416/1613/1570 606/1005/948 1417/1614/1571
f 1417/1614/1571 605/1003/946 1418/1615/1572
f 1418/1615/1572 602/317/297 1415/278/258
f 1419/304/284 623/1022/963 620/316/296
f 1421/1617/1573 624/1032/973 623/1022/963
f 1422/1618/1574 630/1028/969 624/1032/973
f 1423/1619/1575 621/1029/200 630/1028/969
f 604/303/283 1421/1617/1573 1419/304/284
f 617/1017/959 1422/1618/1574 1421/1617/1573
f 611/1013/955 1423/1619/1575 1422/1618/1574
f 610/1010/953 1420/1620/198 1423/1619/1575
f 1424/307/287 593/995/935 586/305/285
f 1426/1621/1576 594/1002/945 593/995/935
f 1427/1622/1577 599/999/942 594/1002/945
f 1428/1623/1578 587/1000/311 599/999/942
f 1424/307/287 634/1034/975 1426/1621/1576
f 1426/1621/1576 629/1030/970 1427/1622/1577
f 1427/1622/1577 628/1027/968 1428/1623/1578
f 1428/1623/1578 621/1029/200 1425/1624/199
f 1429/1625/301 649/1049/991 638/1051/299
f 1431/1626/1579 650/1041/983 649/1049/991
f 1432/1627/1580 641/1038/980 650/1041/983
f 1433/1628/1581 636/221/201 641/1038/980
f 655/1063/303 1431/1626/1579 1429/1625/301
f 664/1062/1003 1432/1627/1580 1431/1626/1579
f 658/1066/1007 1433/1628/1581 1432/1627/1580
f 657/1056/996 1430/222/202 1433/1628/1581
f 672/1085/316 1436/1629/1582 683/1083/1026
f 683/1083/1026 1437/1630/1583 684/1077/1019
f 684/1077/1019 1438/1631/1584 674/1073/1015
f 674/1073/1015 1435/208/188 670/1071/1013
f 1434/1632/315 651/1050/992 1436/1629/1582
f 1436/1629/1582 645/1046/988 1437/1630/1583
f 1437/1630/1583 644/1044/986 1438/1631/1584
f 1438/1631/1584 637/310/290 1435/208/188
f 1439/309/289 678/1081/1023 671/311/291
f 1441/1633/1585 679/1087/1029 678/1081/1023
f 1442/1634/1586 685/1084/1027 679/1087/1029
f 1443/1635/1587 672/1085/316 685/1084/1027
f 1439/309/289 668/1068/1009 1441/1633/1585
f 1441/1633/1585 663/1064/1004 1442/1634/1586
f 1442/1634/1586 662/1061/1002 1443/1635/1587
f 1443/1635/1587 655/1063/303 1440/1636/302
f 1444/329/309 691/1090/1032 688/341/321
f 1446/1637/1588 692/1100/1042 691/1090/1032
f 1447/1638/1589 699/1096/1039 692/1100/1042
f 1448/1639/1590 689/1097/191 699/1096/1039
f 706/328/308 1446/1637/1588 1444/329/309
f 711/1105/1049 1447/1638/1589 1446/1637/1588
f 720/1108/1052 1448/1639/1590 1447/1638/1589
f 719/1116/1060 1445/1640/181 1448/1639/1590
f 1449/198/178 714/1111/1055 707/299/279
f 1451/1641/1591 715/1113/1057 714/1111/1055
f 715/1113/1057 1453/1642/1592 721/1117/1061
f 721/1117/1061 1450/1643/306 708/1118/179
f 724/1121/1063 1451/1641/1591 1449/198/178
f 729/1123/1065 1452/1644/1593 1451/1641/1591
f 1452/1644/1593 738/1134/1079 1453/1642/1592
f 1453/1642/1592 726/1136/307 1450/1643/306
f 725/301/281 1456/1645/1594 733/1131/1073
f 1456/1645/1594 734/1138/1595 733/1131/1073
f 1457/1646/1596 740/1135/1080 734/1138/1082
f 1458/1647/1597 726/1136/307 740/1135/1080
f 1454/300/280 703/1103/1045 1456/1645/1594
f 1456/1645/1594 698/1098/1040 1457/1646/1596
f 1457/1646/1596 697/1095/1038 1458/1647/1597
f 1458/1647/1597 689/1097/191 1455/1648/190
f 409/165/145 1461/1649/1598 412/796/741
f 412/796/741 1462/1650/1599 413/798/1600
f 413/798/1600 1463/1651/1601 419/804/749
f 1463/1651/1601 410/805/750 419/804/749
f 1459/164/144 607/1004/947 1461/1649/1598
f 1461/1649/1598 616/1007/950 1462/1650/1599
f 616/1007/950 1463/1651/1601 1462/1650/1599
f 615/1016/958 1460/233/213 1463/1651/1601
f 622/306/286 1466/1652/1602 632/1035/976
s 35
f 1466/1652/1603 633/1025/1604 632/1035/1605
s 2
f 633/1025/1606 1467/1653/1607 625/1021/962
f 1467/1653/1607 620/316/296 625/1021/962
f 444/842/1528 1466/1652/1602 1464/244/224
s 35
f 1466/1652/1603 446/1654/1608 1467/1655/1609
s 2
f 1467/1653/1607 443/314/294 1465/315/295
f 424/215/195 1470/1656/1610 427/813/1611
s 36
f 427/813/1612 1470/1656/1613 1471/1657/1614
s 2
f 1471/1658/1615 425/819/1547 427/821/1616
f 654/337/317 1470/1656/1610 1468/217/197
s 36
f 1470/1656/1613 667/1059/1617 1471/1657/1614
s 2
f 1471/1657/1615 667/1059/1618 666/1069/1010
f 1471/1658/1615 656/308/288 1469/262/242
f 670/1071/1013 1474/1659/1619 673/1074/1620
f 1474/1659/1621 680/1660/1622 673/1074/1016
f 1475/1661/1623 671/311/291 680/1080/1022
f 1472/207/187 481/876/1624 1474/1659/1619
f 1474/1659/1621 481/881/1625 1475/1662/1626
f 1475/1662/1626 481/881/1625 485/879/1627
f 485/879/817 1473/267/247 1475/1661/1623
f 1476/279/259 498/895/833 489/280/260
f 1478/1663/1628 499/888/1629 498/895/833
f 1479/1664/1630 492/885/824 499/888/1629
f 1480/1665/1631 487/288/268 492/885/824
f 707/299/279 1478/1663/1628 1476/279/259
f 716/1112/1056 1479/1664/1630 1478/1663/1628
f 710/1106/1050 1480/1665/1631 1479/1664/1630
f 709/1104/1048 1477/1666/1632 1480/1665/1631
f 690/302/282 1483/1667/1633 702/1668/1046
f 702/1093/1036 1484/1669/1634 693/1089/1034
f 693/1089/1031 1482/340/320 688/341/321
f 1481/282/262 460/856/794 1483/1667/1633
f 1483/1670/1635 456/848/1636 1484/1669/1634
f 1484/1669/1637 453/339/319 1482/340/320
f 585/985/923 1487/1671/1638 588/989/1639
s 37
f 1487/1671/1640 589/988/1641 588/989/1642
s 2
f 589/988/1643 1488/1672/1644 595/994/934
f 1488/1672/1644 586/305/285 595/994/934
f 1485/277/257 437/828/768 1487/1671/1638
s 37
f 1487/1671/1640 437/834/1645 1488/1673/1646
f 1488/1673/1646 437/834/1645 442/832/1645
s 2
f 1488/1672/1644 436/229/209 1486/231/211
f 464/260/240 1491/1674/1647 473/871/807
f 473/871/807 1492/1675/1648 474/866/1649
f 474/866/1649 1493/1676/1650 467/861/799
f 467/861/799 1490/294/274 462/862/800
f 1489/259/239 646/1045/987 1491/1674/1647
f 1491/1674/1647 640/1039/981 1492/1675/1648
f 1492/1675/1648 639/1037/979 1493/1676/1650
f 1493/1676/1650 636/221/201 1490/294/274
f 1494/287/267 509/905/1651 504/286/266
f 509/905/1652 1497/1677/1653 510/904/1654
f 510/904/1655 1498/1678/1656 506/899/1657
f 506/899/1658 1495/197/177 502/194/174
f 725/301/281 1496/1679/1659 1494/287/267
f 1496/1679/1653 728/1124/1076 1497/1677/1653
f 1497/1677/1660 727/1125/1067 1498/1678/1656
f 1498/1678/1661 724/1121/1063 1495/197/177
s 4
f 764/366/343 1501/1680/1662 767/1681/1663
f 767/1681/1663 1502/1682/1664 766/1683/1665
f 766/1683/1666 1503/1684/1667 765/1685/1668
f 1503/1686/1667 763/521/479 765/1687/1668
f 1499/365/342 750/1688/1669 1501/1680/1662
f 1501/1680/1662 751/1689/1670 1502/1682/1664
f 1502/1682/1671 752/1690/1672 1503/1684/1667
f 752/1691/1672 1500/480/443 1503/1686/1667
f 1504/402/376 772/1692/1673 769/349/328
f 1506/1693/1674 771/1694/1675 772/1692/1673
f 1507/1695/1676 770/1696/1677 771/1694/1678
f 770/1697/1677 1505/460/426 768/362/339
f 753/532/488 1506/1693/1674 1504/402/376
f 755/1698/1679 1507/1695/1680 1506/1693/1674
f 756/1699/1681 1508/1700/1682 1507/1695/1676
f 1508/1701/1682 754/359/336 1505/460/426
f 1509/470/435 747/1702/1683 744/344/324
f 1511/1703/1684 746/1704/1685 747/1702/1683
f 1512/1705/1686 745/1706/1687 746/1704/1688
f 745/1706/1687 1510/1707/325 743/1708/334
f 764/366/343 1511/1703/1684 1509/470/435
f 767/1681/1663 1512/1705/1689 1511/1703/1684
f 766/1683/1666 1513/1709/1690 1512/1705/1686
f 1513/1709/1690 763/1710/479 1510/1707/325
f 759/499/458 1516/1711/1691 762/1712/1692
f 762/1712/1692 1517/1713/1693 761/1714/1694
f 761/1714/1695 1518/1715/1696 760/1716/1697
f 1518/1717/1696 758/351/329 760/1718/1697
f 1514/367/344 772/1692/1673 1516/1711/1691
f 1516/1711/1691 771/1694/1675 1517/1713/1693
f 1517/1713/1698 770/1696/1677 1518/1715/1696
f 770/1697/1677 1515/364/341 1518/1717/1696
f 774/500/459 1521/1719/1699 777/1720/1700
f 777/1720/1700 1522/1721/1701 776/1722/1702
f 776/1722/1703 1523/1723/1704 775/1724/1705
f 1523/1725/1704 773/370/346 775/1726/1705
f 1519/494/455 762/1712/1692 1521/1719/1699
f 1521/1719/1699 761/1714/1694 1522/1721/1701
f 1522/1721/1706 760/1716/1697 1523/1723/1704
f 760/1718/1697 1520/353/331 1523/1725/1704
f 748/356/333 1526/1727/1707 750/1688/1669
f 750/1688/1669 1527/1728/1708 751/1689/1670
f 751/1689/1709 1528/1729/1710 752/1690/1672
f 1528/1730/1710 749/376/352 752/1691/1672
f 1524/355/332 780/1731/1711 1526/1727/1707
f 1526/1727/1707 781/1732/1712 1527/1728/1708
f 1527/1728/1713 782/1733/1714 1528/1729/1710
f 782/1734/1714 1525/374/350 1528/1730/1710
f 778/385/360 1531/1735/1715 780/1731/1711
f 780/1731/1711 1532/1736/1716 781/1732/1712
f 781/1732/1717 1533/1737/1718 782/1733/1714
f 1533/1738/1718 779/373/349 782/1734/1714
f 1529/394/368 790/1739/1719 1531/1735/1715
f 1531/1735/1715 791/1740/1720 1532/1736/1716
f 1532/1736/1721 792/1741/1722 1533/1737/1718
f 792/1742/1722 1530/371/347 1533/1738/1718
f 784/533/489 1536/1743/1723 787/1744/1724
f 787/1744/1724 1537/1745/1725 786/1746/1726
f 786/1746/1727 1538/1747/1728 785/1748/1729
f 1538/1749/1728 783/380/356 785/1750/1729
f 1534/525/482 777/1720/1700 1536/1743/1723
f 1536/1743/1723 776/1722/1702 1537/1745/1725
f 1537/1745/1730 775/1724/1705 1538/1747/1728
f 775/1726/1705 1535/378/354 1538/1749/1728
f 1539/511/469 815/1751/1731 812/509/467
f 1541/1752/1732 814/1753/1733 815/1751/1731
f 1542/1754/1734 813/1755/1735 814/1753/1733
f 1543/1756/1736 811/390/365 813/1757/1735
f 794/1148/1094 1541/1752/1732 1539/511/469
f 804/1147/1093 1542/1754/1734 1541/1752/1732
f 797/1151/1097 1543/1758/1736 1542/1754/1734
f 796/1142/1088 1540/474/437 1543/1758/1736
f 788/393/367 1546/1759/1737 790/1739/1719
f 790/1739/1719 1547/1760/1738 791/1740/1720
f 791/1740/1739 1548/1761/1740 792/1741/1722
f 792/1742/1722 1545/381/357 789/383/359
f 1544/493/454 815/1751/1731 1546/1759/1737
f 1546/1759/1741 814/1753/1733 1547/1760/1738
f 1547/1760/1742 813/1755/1735 1548/1761/1740
f 813/1757/1735 1545/381/357 1548/1762/1740
f 794/1148/1094 1551/1763/1743 802/1146/1092
f 802/1146/1092 1552/1764/1744 803/1149/1095
f 803/1149/1104 1553/1765/1745 808/1157/1100
f 808/1154/1100 1550/387/362 795/389/364
f 1549/510/468 787/1744/1724 1551/1763/1743
f 1551/1763/1743 786/1746/1726 1552/1764/1744
f 1552/1764/1746 785/1748/1729 1553/1765/1745
f 1553/1766/1745 783/380/356 1550/387/362
f 1554/410/383 755/1698/1679 753/532/488
f 1556/1767/1747 756/1699/1748 755/1698/1679
f 1557/1768/1749 757/1769/1750 756/1699/1681
f 757/1770/1750 1555/503/461 754/359/336
f 821/469/434 1556/1767/1747 1554/410/383
f 823/1771/1751 1557/1768/1752 1556/1767/1747
f 824/1772/1753 1558/1773/1754 1557/1768/1749
f 1558/1774/1754 822/399/373 1555/503/461
f 1559/342/322 820/1775/1755 817/518/476
f 1561/1776/1756 819/1777/1757 820/1775/1755
f 1562/1778/1758 818/1779/1759 819/1777/1760
f 818/1780/1759 1560/395/369 816/397/371
f 744/344/324 1561/1776/1756 1559/342/322
f 747/1702/1683 1562/1778/1761 1561/1776/1756
f 746/1704/1688 1563/1781/1762 1562/1778/1758
f 1563/1781/1762 743/1708/334 1560/1782/369
f 833/1175/1124 1566/1783/1763 844/1173/1122
f 844/1173/1122 1567/1784/1764 845/1164/1111
f 845/1164/1111 1568/1785/1765 835/1160/1107
f 835/1786/1107 1565/461/427 831/517/475
f 1564/484/446 828/1787/1766 1566/1783/1763
f 1566/1783/1763 829/1788/1767 1567/1784/1764
f 1567/1784/1764 830/1789/1768 1568/1785/1765
f 1568/1790/1765 827/405/379 1565/461/427
f 1569/485/447 823/1771/1751 821/469/434
f 1571/1791/1769 824/1772/1770 823/1771/1751
f 1572/1792/1771 825/1793/1772 824/1772/1753
f 1573/1794/1773 822/399/373 825/1795/1772
f 833/1175/1124 1571/1791/1769 1569/485/447
f 846/1174/1123 1572/1792/1774 1571/1791/1769
f 840/1177/1775 1573/1796/1773 1572/1792/1771
f 839/1797/1116 1570/407/381 1573/1794/1773
f 1574/487/449 828/1787/1766 826/486/448
f 1576/1798/1776 829/1788/1767 828/1787/1766
f 1577/1799/1777 830/1789/1768 829/1788/1767
f 830/1800/1768 1575/403/377 827/405/379
f 817/518/476 1576/1798/1776 1574/487/449
f 820/1775/1755 1577/1799/1778 1576/1798/1776
f 819/1777/1760 1578/1801/1779 1577/1799/1777
f 818/1780/1759 1575/403/377 1578/1802/1779
f 1579/483/445 873/1803/1780 870/412/384
f 1581/1804/1781 872/1805/1782 873/1803/1780
f 1582/1806/1783 871/1807/1784 872/1805/1782
f 1583/1808/1785 869/531/487 871/1807/1784
f 854/432/402 1581/1804/1781 1579/483/445
f 856/1809/1786 1582/1806/1783 1581/1804/1781
f 857/1810/1787 1583/1808/1785 1582/1806/1783
f 858/1811/1788 1580/530/486 1583/1808/1785
f 875/426/396 1586/1812/1789 878/1813/1790
f 878/1813/1790 1587/1814/1791 877/1815/1792
f 877/1815/1792 1588/1816/1793 876/1817/1794
f 876/1817/1794 1585/464/430 874/467/433
f 1584/425/395 861/1818/1795 1586/1812/1789
f 1586/1812/1789 862/1819/1796 1587/1814/1791
f 1587/1814/1791 863/1820/1797 1588/1816/1793
f 1588/1816/1793 860/465/431 1585/464/430
f 850/422/392 1591/1821/1798 853/1822/1799
f 853/1822/1799 1592/1823/1800 852/1824/1801
f 852/1824/1801 1593/1825/1802 851/1826/1803
f 851/1826/1803 1590/481/444 849/447/416
f 1589/413/385 873/1803/1780 1591/1821/1798
f 1591/1821/1798 872/1805/1782 1592/1823/1800
f 1592/1823/1800 871/1807/1784 1593/1825/1802
f 1593/1825/1802 869/531/487 1590/481/444
f 1594/427/397 868/1827/1804 865/466/432
f 1596/1828/1805 867/1829/1806 868/1827/1804
f 1597/1830/1807 866/1831/1808 867/1829/1806
f 1598/1832/1809 864/522/480 866/1831/1808
f 875/426/396 1596/1828/1805 1594/427/397
f 878/1813/1790 1597/1830/1807 1596/1828/1805
f 877/1815/1792 1598/1832/1809 1597/1830/1807
f 876/1817/1794 1595/502/460 1598/1832/1809
f 1599/418/389 883/1833/1810 880/496/456
f 1601/1834/1811 882/1835/1812 883/1833/1810
f 1602/1836/1813 881/1837/1814 882/1835/1812
f 1603/1838/1815 879/419/390 881/1837/1814
f 865/466/432 1601/1834/1811 1599/418/389
f 868/1827/1804 1602/1836/1813 1601/1834/1811
f 867/1829/1806 1603/1838/1815 1602/1836/1813
f 866/1831/1808 1600/435/405 1603/1838/1815
f 1604/433/403 856/1809/1786 854/432/402
f 1606/1839/1816 857/1810/1787 856/1809/1786
f 1607/1840/1817 858/1811/1788 857/1810/1787
f 1608/1841/1818 855/529/485 858/1811/1788
f 884/438/407 1606/1839/1816 1604/433/403
f 886/1842/1819 1607/1840/1817 1606/1839/1816
f 887/1843/1820 1608/1841/1818 1607/1840/1817
f 888/1844/1821 1605/415/387 1608/1841/1818
f 1609/439/408 886/1842/1819 884/438/407
f 1611/1845/1822 887/1843/1820 886/1842/1819
f 1612/1846/1823 888/1844/1821 887/1843/1820
f 1613/1847/1824 885/479/442 888/1844/1821
f 894/443/412 1611/1845/1822 1609/439/408
f 896/1848/1825 1612/1846/1823 1611/1845/1822
f 897/1849/1826 1613/1847/1824 1612/1846/1823
f 898/1850/1827 1610/523/481 1613/1847/1824
f 1614/434/404 893/1851/1828 890/526/483
f 1616/1852/1829 892/1853/1830 893/1851/1828
f 1617/1854/1831 891/1855/1832 892/1853/1830
f 1618/1856/1833 889/442/411 891/1855/1832
f 880/496/456 1616/1852/1829 1614/434/404
f 883/1833/1810 1617/1854/1831 1616/1852/1829
f 882/1835/1812 1618/1856/1833 1617/1854/1831
f 881/1837/1814 1615/421/391 1618/1856/1833
f 917/528/484 1621/1857/1834 920/1858/1835
f 920/1858/1835 1622/1859/1836 919/1860/1837
f 919/1860/1837 1623/1861/1838 918/1862/1839
f 918/1862/1839 1620/513/471 916/515/473
f 1619/1863/441 903/1180/1129 1621/1857/1834
f 1621/1857/1834 912/1184/1133 1622/1859/1836
f 1622/1859/1836 911/1190/1141 1623/1861/1838
f 1623/1861/1838 901/514/472 1620/513/471
f 1624/445/414 896/1848/1825 894/443/412
f 1626/1864/1840 897/1849/1826 896/1848/1825
f 1627/1865/1841 898/1850/1827 897/1849/1826
f 1628/1866/1842 895/520/478 898/1850/1827
f 917/528/484 1626/1864/1840 1624/445/414
f 920/1858/1835 1627/1865/1841 1626/1864/1840
f 919/1860/1837 1628/1866/1842 1627/1865/1841
f 918/1862/1839 1625/497/457 1628/1866/1842
f 1629/440/409 907/1188/1137 900/446/415
f 1631/1867/1843 908/1193/1144 907/1188/1137
f 1632/1868/1844 913/1191/1142 908/1193/1144
f 1633/1869/1845 901/514/472 913/1191/1142
f 890/526/483 1631/1867/1843 1629/440/409
f 893/1851/1828 1632/1868/1844 1631/1867/1843
f 892/1853/1830 1633/1869/1845 1632/1868/1844
f 891/1855/1832 1630/512/470 1633/1869/1845
f 859/429/399 1636/1870/1846 861/1818/1795
f 861/1818/1795 1637/1871/1847 862/1819/1796
f 862/1819/1796 1638/1872/1848 863/1820/1797
f 863/1820/1797 1635/507/465 860/465/431
f 1634/450/417 928/1873/1849 1636/1870/1846
f 1636/1870/1846 929/1874/1850 1637/1871/1847
f 1637/1871/1847 930/1875/1851 1638/1872/1848
f 1638/1872/1848 927/471/436 1635/507/465
f 922/452/419 1641/1876/1852 925/1877/1853
f 925/1877/1853 1642/1878/1854 924/1879/1855
f 924/1879/1855 1643/1880/1856 923/1881/1857
f 923/1881/1857 1640/456/422 921/455/421
f 1639/423/393 853/1822/1799 1641/1876/1852
f 1641/1876/1852 852/1824/1801 1642/1878/1854
f 1642/1878/1854 851/1826/1803 1643/1880/1856
f 1643/1880/1856 849/447/416 1640/456/422
f 1644/463/429 939/1196/1148 936/519/477
f 1646/1882/1858 940/1205/1157 939/1196/1148
f 1647/1883/1859 947/1201/1153 940/1205/1157
f 1648/1884/1860 937/1202/1154 947/1201/1153
f 931/459/425 1646/1882/1858 1644/463/429
f 933/1885/1861 1647/1883/1859 1646/1882/1858
f 934/1886/1862 1648/1884/1860 1647/1883/1859
f 935/1887/1863 1645/491/453 1648/1884/1860
f 926/451/418 1651/1888/1864 928/1873/1849
f 928/1873/1849 1652/1889/1865 929/1874/1850
f 929/1874/1850 1653/1890/1866 930/1875/1851
f 930/1875/1851 1650/490/452 927/471/436
f 1649/457/423 950/1208/1161 1651/1888/1864
f 1651/1888/1864 946/1203/1155 1652/1889/1865
f 1652/1889/1865 945/1200/1152 1653/1890/1866
f 1653/1890/1866 937/1202/1154 1650/490/452
f 931/459/425 1656/1891/1867 933/1885/1861
f 933/1885/1861 1657/1892/1868 934/1886/1862
f 934/1886/1862 1658/1893/1869 935/1887/1863
f 935/1887/1863 1655/489/451 932/488/450
f 1654/453/420 925/1877/1853 1656/1891/1867
f 1656/1891/1867 924/1879/1855 1657/1892/1868
f 1657/1892/1868 923/1881/1857 1658/1893/1869
f 1658/1893/1869 921/455/421 1655/489/451
f 938/458/424 1661/1894/1870 941/1895/1162
f 941/1195/1147 1660/516/474 936/519/477
f 1659/408/382 841/1168/1871 1661/1894/1870
s 38
f 1661/1894/1872 841/1168/1873 834/1896/1874
s 4
f 1661/1897/1875 831/517/475 1660/516/474
f 1662/388/363 807/1898/1876 795/389/364
s 39
f 807/1898/1877 1664/1899/1877 798/1900/1877
s 4
f 1664/1901/1878 793/1139/1085 798/1141/1087
f 900/446/415 1664/1902/1879 1662/388/363
f 902/1903/1130 1663/475/438 1664/1901/1878
s 5
f 974/555/508 1667/1904/1880 977/1905/1881
f 977/1905/1881 1668/1906/1882 976/1907/1883
f 976/1907/1884 1669/1908/1885 975/1909/1886
f 1669/1910/1885 973/708/648 975/1911/1886
f 1665/554/507 960/1912/1887 1667/1904/1880
f 1667/1904/1880 961/1913/1888 1668/1906/1882
f 1668/1906/1889 962/1914/1890 1669/1908/1885
f 962/1915/1890 1666/670/612 1669/1910/1885
f 1670/591/542 982/1916/1891 979/538/493
f 1672/1917/1892 981/1918/1893 982/1919/1891
f 1673/1920/1894 980/1921/1895 981/1918/1896
f 980/1921/1895 1671/650/595 978/551/504
f 963/719/658 1672/1922/1892 1670/591/542
f 965/1923/1897 1673/1920/1898 1672/1917/1892
f 966/1924/1899 1674/1925/1900 1673/1920/1894
f 1674/1925/1900 964/548/501 1671/650/595
f 1675/660/604 957/1926/1901 954/506/464
f 1677/1927/1902 956/1928/1903 957/1926/1901
f 1678/1929/1904 955/1930/1905 956/1928/1906
f 955/1931/1905 1676/534/490 953/546/499
f 974/555/508 1677/1927/1902 1675/660/604
f 977/1905/1881 1678/1929/1907 1677/1927/1902
f 976/1907/1884 1679/1932/1908 1678/1929/1904
f 1679/1933/1908 973/708/648 1676/534/490
f 969/689/630 1682/1934/1909 972/1935/1910
f 972/1936/1910 1683/1937/1911 971/1938/1912
f 971/1938/1913 1684/1939/1914 970/1940/1915
f 1684/1939/1914 968/540/494 970/1940/1915
f 1680/556/509 982/1916/1891 1682/1934/1909
f 1682/1941/1909 981/1918/1893 1683/1937/1911
f 1683/1937/1916 980/1921/1895 1684/1939/1914
f 980/1921/1895 1681/553/506 1684/1939/1914
f 984/690/631 1687/1942/1917 987/1943/1918
f 987/1943/1918 1688/1944/1919 986/1945/1920
f 986/1946/1921 1689/1947/1922 985/1948/1923
f 1689/1947/1922 983/559/511 985/1948/1923
f 1685/684/625 972/1935/1910 1687/1942/1917
f 1687/1949/1917 971/1938/1912 1688/1950/1919
f 1688/1950/1924 970/1940/1915 1689/1947/1922
f 970/1940/1915 1686/542/496 1689/1947/1922
f 958/545/498 1692/1951/1925 960/1912/1887
f 960/1912/1887 1693/1952/1926 961/1913/1888
f 961/1913/1927 1694/1953/1928 962/1914/1890
f 1694/1954/1928 959/565/517 962/1915/1890
f 1690/544/497 990/1955/1929 1692/1951/1925
f 1692/1951/1925 991/1956/1930 1693/1952/1926
f 1693/1952/1931 992/1957/1932 1694/1953/1928
f 992/1957/1932 1691/1958/515 1694/1953/1928
f 988/574/525 1697/1959/1933 990/1955/1929
f 990/1955/1929 1698/1960/1934 991/1956/1930
f 991/1956/1935 1699/1961/1936 992/1957/1932
f 1699/1961/1936 989/1962/514 992/1957/1932
f 1695/583/534 1000/1963/1937 1697/1959/1933
f 1697/1959/1933 1001/1964/1938 1698/1960/1934
f 1698/1960/1939 1002/1965/1940 1699/1961/1936
f 1002/1965/1940 1696/1966/512 1699/1961/1936
f 994/720/659 1702/1967/1941 997/1968/1942
f 997/1968/1942 1703/1969/1943 996/1970/1944
f 996/1971/1945 1704/1972/1946 995/1973/1947
f 1704/1972/1946 993/569/521 995/1973/1947
f 1700/713/653 987/1943/1918 1702/1967/1941
f 1702/1967/1941 986/1945/1920 1703/1969/1943
f 1703/1974/1948 985/1948/1923 1704/1972/1946
f 985/1948/1923 1701/567/519 1704/1972/1946
f 1705/698/638 1034/1248/1201 1023/696/636
f 1707/1975/1949 1035/1236/1191 1034/1248/1201
f 1708/1976/1950 1026/1233/1188 1035/1236/1191
f 1709/1977/1951 1021/712/652 1026/1233/1188
f 1004/1220/1175 1707/1975/1949 1705/698/638
f 1014/1219/1174 1708/1976/1950 1707/1975/1949
f 1007/1223/1178 1709/1977/1951 1708/1976/1950
f 1006/1213/1168 1706/664/606 1709/1977/1951
f 998/582/533 1712/1978/1952 1000/1963/1937
f 1000/1963/1937 1713/1979/1953 1001/1964/1938
f 1001/1964/1954 1714/1980/1955 1002/1965/1940
f 1002/1965/1940 1711/1981/522 999/1982/524
f 1710/683/624 1036/1247/1200 1712/1978/1952
f 1712/1978/1956 1030/1242/1204 1713/1979/1953
f 1713/1979/1957 1029/1239/1194 1714/1980/1955
f 1714/1980/1955 1022/1241/530 1711/1981/522
f 1004/1220/1175 1717/1983/1958 1012/1218/1173
f 1012/1218/1173 1718/1984/1959 1013/1221/1176
f 1013/1230/1185 1719/1985/1960 1018/1226/1181
f 1018/1226/1181 1716/576/527 1005/578/529
f 1715/697/637 997/1968/1942 1717/1983/1958
f 1717/1983/1958 996/1970/1944 1718/1984/1959
f 1718/1986/1961 995/1973/1947 1719/1985/1960
f 1719/1985/1960 993/569/521 1716/576/527
f 1720/599/549 965/1987/1897 963/719/658
f 1722/1988/1962 966/1924/1963 965/1923/1897
f 1723/1989/1964 967/1990/1965 966/1924/1899
f 967/1990/1965 1721/693/633 964/548/501
f 1044/659/603 1722/1991/1962 1720/599/549
f 1046/1992/1966 1723/1989/1967 1722/1988/1962
f 1047/1993/1968 1724/1994/1969 1723/1989/1964
f 1724/1994/1969 1045/588/539 1721/693/633
f 1725/504/462 1043/1995/1970 1040/705/645
f 1727/1996/1971 1042/1997/1972 1043/1995/1970
f 1728/1998/1973 1041/1999/1974 1042/1997/1975
f 1041/2000/1974 1726/584/535 1039/586/537
f 954/506/464 1727/1996/1971 1725/504/462
f 957/1926/1901 1728/1998/1976 1727/1996/1971
f 956/1928/1906 1729/2001/1977 1728/1998/1973
f 1729/2002/1977 953/546/499 1726/584/535
f 1056/1267/1224 1732/2003/1978 1067/1265/1222
f 1067/1265/1222 1733/2004/1979 1068/1255/1211
f 1068/1255/1211 1734/2005/1980 1058/1251/1207
f 1058/1251/1207 1731/2006/596 1054/1249/644
f 1730/674/615 1051/2007/1981 1732/2003/1978
f 1732/2003/1978 1052/2008/1982 1733/2004/1979
f 1733/2004/1979 1053/2009/1983 1734/2005/1980
f 1734/2010/1980 1050/594/545 1731/651/596
f 1735/675/616 1046/2011/1966 1044/659/603
f 1737/2012/1984 1047/1993/1985 1046/1992/1966
f 1738/2013/1986 1048/2014/1987 1047/1993/1968
f 1739/2015/1988 1045/588/539 1048/2014/1987
f 1056/1267/1224 1737/2016/1984 1735/675/616
f 1069/2017/1223 1738/2013/1989 1737/2012/1984
f 1063/2018/1990 1739/2015/1988 1738/2013/1986
f 1062/1260/1216 1736/596/547 1739/2015/1988
f 1740/677/618 1051/2007/1981 1049/676/617
f 1742/2019/1991 1052/2008/1982 1051/2007/1981
f 1743/2020/1992 1053/2009/1983 1052/2008/1982
f 1053/2021/1983 1741/592/543 1050/594/545
f 1040/705/645 1742/2019/1991 1740/677/618
f 1043/1995/1970 1743/2020/1993 1742/2019/1991
f 1042/1997/1975 1744/2022/1994 1743/2020/1992
f 1041/2000/1974 1741/592/543 1744/2023/1994
f 1745/673/614 1096/2024/1995 1093/601/550
f 1747/2025/1996 1095/2026/1997 1096/2024/1995
f 1748/2027/1998 1094/2028/1999 1095/2026/1997
f 1749/2029/2000 1092/718/657 1094/2028/1999
f 1077/621/569 1747/2025/1996 1745/673/614
f 1079/2030/2001 1748/2027/1998 1747/2025/1996
f 1080/2031/2002 1749/2029/2000 1748/2027/1998
f 1081/2032/2003 1746/717/656 1749/2029/2000
f 1098/615/563 1752/2033/2004 1101/2034/2005
f 1101/2034/2005 1753/2035/2006 1100/2036/2007
f 1100/2036/2007 1754/2037/2008 1099/2038/2009
f 1099/2038/2009 1751/654/599 1097/657/602
f 1750/614/562 1084/2039/2010 1752/2033/2004
f 1752/2033/2004 1085/2040/2011 1753/2035/2006
f 1753/2035/2006 1086/2041/2012 1754/2037/2008
f 1754/2037/2008 1083/655/600 1751/654/599
f 1073/611/559 1757/2042/2013 1076/2043/2014
f 1076/2043/2014 1758/2044/2015 1075/2045/2016
f 1075/2045/2016 1759/2046/2017 1074/2047/2018
f 1074/2047/2018 1756/671/613 1072/637/585
f 1755/602/551 1096/2024/1995 1757/2042/2013
f 1757/2042/2013 1095/2026/1997 1758/2044/2015
f 1758/2044/2015 1094/2028/1999 1759/2046/2017
f 1759/2046/2017 1092/718/657 1756/671/613
f 1760/616/564 1091/2048/2019 1088/656/601
f 1762/2049/2020 1090/2050/2021 1091/2048/2019
f 1763/2051/2022 1089/2052/2023 1090/2050/2021
f 1764/2053/2024 1087/709/649 1089/2052/2023
f 1098/615/563 1762/2049/2020 1760/616/564
f 1101/2034/2005 1763/2051/2022 1762/2049/2020
f 1100/2036/2007 1764/2053/2024 1763/2051/2022
f 1099/2038/2009 1761/692/632 1764/2053/2024
f 1765/607/555 1106/2054/2025 1103/686/627
f 1767/2055/2026 1105/2056/2027 1106/2054/2025
f 1768/2057/2028 1104/2058/2029 1105/2056/2027
f 1769/2059/2030 1102/608/556 1104/2058/2029
f 1088/656/601 1767/2055/2026 1765/607/555
f 1091/2048/2019 1768/2057/2028 1767/2055/2026
f 1090/2050/2021 1769/2059/2030 1768/2057/2028
f 1089/2052/2023 1766/624/572 1769/2059/2030
f 1770/622/570 1079/2030/2001 1077/621/569
f 1772/2060/2031 1080/2031/2002 1079/2030/2001
f 1773/2061/2032 1081/2032/2003 1080/2031/2002
f 1774/2062/2033 1078/716/655 1081/2032/2003
f 1107/627/575 1772/2060/2031 1770/622/570
f 1109/2063/2034 1773/2061/2032 1772/2060/2031
f 1110/2064/2035 1774/2062/2033 1773/2061/2032
f 1111/2065/2036 1771/604/553 1774/2062/2033
f 1775/628/576 1109/2063/2034 1107/627/575
f 1777/2066/2037 1110/2064/2035 1109/2063/2034
f 1778/2067/2038 1111/2065/2036 1110/2064/2035
f 1779/2068/2039 1108/669/611 1111/2065/2036
f 1117/632/580 1777/2066/2037 1775/628/576
f 1119/2069/2040 1778/2067/2038 1777/2066/2037
f 1120/2070/2041 1779/2068/2039 1778/2067/2038
f 1121/2071/2042 1776/710/650 1779/2068/2039
f 1780/623/571 1116/2072/2043 1113/714/654
f 1782/2073/2044 1115/2074/2045 1116/2072/2043
f 1783/2075/2046 1114/2076/2047 1115/2074/2045
f 1784/2077/2048 1112/631/579 1114/2076/2047
f 1103/686/627 1782/2073/2044 1780/623/571
f 1106/2054/2025 1783/2075/2046 1782/2073/2044
f 1105/2056/2027 1784/2077/2048 1783/2075/2046
f 1104/2058/2029 1781/610/558 1784/2077/2048
f 1785/668/610 1143/2078/2049 1140/715/582
f 1143/2078/2049 1788/2079/2050 1142/2080/2051
f 1142/2080/2051 1789/2081/2052 1141/2082/2053
f 1141/2082/2053 1786/2083/640 1139/2084/642
f 1785/668/610 1126/1272/1229 1787/2085/2054
f 1787/2085/2054 1135/1276/1233 1788/2079/2050
f 1788/2079/2050 1134/1284/1241 1789/2081/2052
f 1789/2081/2052 1124/1286/641 1786/2083/640
f 1790/635/583 1119/2069/2040 1117/632/580
f 1792/2086/2055 1120/2070/2041 1119/2069/2040
f 1793/2087/2056 1121/2071/2042 1120/2070/2041
f 1794/2088/2057 1118/707/647 1121/2071/2042
f 1140/634/582 1792/2086/2055 1790/635/583
f 1143/2089/2049 1793/2087/2056 1792/2086/2055
f 1142/2090/2051 1794/2088/2057 1793/2087/2056
f 1141/2091/2053 1791/687/628 1794/2088/2057
f 1795/629/577 1130/1280/1237 1123/636/584
f 1797/2092/2058 1131/2093/1244 1130/1280/1237
f 1798/2094/2059 1136/2095/1242 1131/2093/1244
f 1799/2096/2060 1124/701/641 1136/2095/1242
f 1113/714/654 1797/2092/2058 1795/629/577
f 1116/2072/2043 1798/2094/2059 1797/2092/2058
f 1115/2074/2045 1799/2096/2060 1798/2094/2059
f 1114/2076/2047 1796/699/639 1799/2096/2060
f 1082/618/566 1802/2097/2061 1084/2039/2010
f 1084/2039/2010 1803/2098/2062 1085/2040/2011
f 1085/2040/2011 1804/2099/2063 1086/2041/2012
f 1086/2041/2012 1801/694/634 1083/655/600
f 1800/640/586 1151/2100/2064 1802/2097/2061
f 1802/2097/2061 1152/2101/2065 1803/2098/2062
f 1803/2098/2062 1153/2102/2066 1804/2099/2063
f 1804/2099/2063 1150/661/605 1801/694/634
f 1145/642/588 1807/2103/2067 1148/2104/2068
f 1148/2104/2068 1808/2105/2069 1147/2106/2070
f 1147/2106/2070 1809/2107/2071 1146/2108/2072
f 1146/2108/2072 1806/646/591 1144/645/590
f 1805/612/560 1076/2043/2014 1807/2103/2067
f 1807/2103/2067 1075/2045/2016 1808/2105/2069
f 1808/2105/2069 1074/2047/2018 1809/2107/2071
f 1809/2107/2071 1072/637/585 1806/646/591
f 1810/653/598 1162/1292/1248 1159/706/646
f 1812/2109/2073 1163/1301/1258 1162/1292/1248
f 1813/2110/2074 1169/1297/1254 1163/1301/1258
f 1814/2111/2075 1160/1298/1255 1169/1297/1254
f 1154/649/594 1812/2109/2073 1810/653/598
f 1156/2112/2076 1813/2110/2074 1812/2109/2073
f 1157/2113/2077 1814/2111/2075 1813/2110/2074
f 1158/2114/2078 1811/681/622 1814/2111/2075
f 1149/641/587 1817/2115/2079 1151/2100/2064
f 1151/2100/2064 1818/2116/2080 1152/2101/2065
f 1152/2101/2065 1819/2117/2081 1153/2102/2066
f 1153/2102/2066 1816/680/621 1150/661/605
f 1815/647/592 1173/1304/1262 1817/2115/2079
f 1817/2115/2079 1168/1299/1256 1818/2116/2080
f 1818/2116/2080 1167/1296/1253 1819/2117/2081
f 1819/2117/2081 1160/1298/1255 1816/680/621
f 1154/649/594 1822/2118/2082 1156/2112/2076
f 1156/2112/2076 1823/2119/2083 1157/2113/2077
f 1157/2113/2077 1824/2120/2084 1158/2114/2078
f 1158/2114/2078 1821/679/620 1155/678/619
f 1820/643/589 1148/2104/2068 1822/2118/2082
f 1822/2118/2082 1147/2106/2070 1823/2119/2083
f 1823/2119/2083 1146/2108/2072 1824/2120/2084
f 1824/2120/2084 1144/645/590 1821/679/620
f 1161/648/593 1827/2121/2085 1172/2122/1263
f 1172/2123/2086 1826/2124/643 1159/2125/2087
f 1825/597/548 1064/1259/2088 1827/2121/2085
s 40
f 1827/2121/2089 1064/1259/2089 1057/1263/2089
s 5
f 1827/2126/2090 1054/1249/644 1826/2124/643
f 1828/577/528 1017/2127/1182 1005/578/529
s 41
f 1017/1216/2091 1830/2128/2091 1008/1212/2091
s 5
f 1830/2128/2092 1003/1210/1165 1008/1212/2093
f 1123/636/584 1830/2129/2094 1828/577/528
f 1125/2130/1230 1829/665/607 1830/2128/2092
f 1831/1306/581 1031/1240/1195 1834/1307/1266
f 1834/1307/1266 1025/1234/1189 1835/1309/1268
f 1835/1309/1268 1024/1232/1187 1836/1310/1269
f 1836/1310/1269 1021/712/652 1832/711/651
s 12
f 449/843/787 448/2131/2095 447/847/779
s 2
f 451/1576/1515 450/841/2096 452/2132/1526
s 18
f 461/1600/2097 1838/853/797 459/2133/796
s 23
f 511/907/843 505/903/836 1839/902/2098
s 2
f 483/1595/1539 484/2134/1541 1840/1593/2099
s 11
f 441/1575/2100 440/2135/776 1837/1573/775
s 1
f 199/16/13 1187/4/4 105/6/6
f 1212/37/33 107/36/32 23/38/34
f 1227/46/41 114/45/40 1339/47/42
f 1252/62/57 272/56/51 17/57/52
f 105/6/6 20/5/5 326/71/64
f 10/73/66 311/186/166 1282/74/67
f 24/76/68 321/125/112 1276/77/69
f 335/78/70 8/95/66 97/79/71
f 103/55/50 16/17/14 306/81/73
f 15/83/75 102/87/79 1261/84/76
f 116/90/82 1281/92/84 310/91/83
f 22/28/24 336/155/136 1291/93/85
f 1277/94/86 96/75/66 8/95/66
f 23/38/34 346/184/164 1306/99/90
f 1292/80/72 97/79/71 11/100/71
f 114/45/40 1306/99/90 356/105/95
f 305/106/96 1267/140/124 95/107/66
f 14/20/17 101/19/16 1311/109/97
f 101/19/16 13/60/55 382/110/98
f 111/63/58 17/57/52 378/111/99
f 99/113/66 12/132/66 377/114/101
f 21/65/60 111/63/58 1331/112/100
f 7/108/66 95/107/66 1262/123/110
f 108/22/19 1271/86/78 321/125/112
f 95/107/66 9/141/66 330/126/113
f 16/17/14 105/6/6 1266/72/65
f 383/130/116 1327/149/132 100/131/66
f 96/75/66 1282/74/67 341/138/122
f 1267/140/124 325/188/168 9/141/66
f 26/34/30 310/91/83 1256/142/125
f 100/131/66 1322/150/133 388/147/130
f 1327/149/132 393/783/730 1322/150/133
f 113/11/9 1276/77/69 336/155/136
f 11/100/71 351/179/159 1302/156/137
f 94/160/66 1272/161/141 330/126/113
f 10/73/66 320/181/161 1272/161/141
f 7/108/66 99/113/66 1317/115/102
s 2
f 1369/163/143 136/206/186 1459/164/144
s 1
f 1312/166/146 383/130/116 12/132/66
f 1307/171/151 98/157/138 1297/172/152
f 98/157/138 1302/156/137 372/174/154
f 17/57/52 103/55/50 1316/82/74
f 12/132/66 100/131/66 1332/148/131
f 97/79/71 1287/182/162 351/179/159
f 320/181/161 10/73/66 96/75/66
f 8/95/66 341/138/122 1287/182/162
f 107/36/32 1291/93/85 346/184/164
f 311/186/166 10/73/66 94/160/66
f 1257/187/167 94/160/66 9/141/66
f 345/101/91 11/100/71 98/157/138
f 316/124/111 1312/166/146 99/113/66
s 2
f 478/202/182 32/228/208 126/203/183
f 434/205/185 1485/277/257 136/206/186
f 445/212/192 1379/313/293 123/213/193
f 424/215/195 1384/293/273 134/216/196
f 1420/218/198 131/333/313 1425/219/199
f 134/216/196 1490/294/274 636/221/201
f 27/223/203 532/256/236 1362/224/204
f 31/225/205 126/203/183 1366/226/206
f 32/228/208 514/295/275 1366/226/206
f 411/240/220 28/269/249 121/241/221
f 30/248/228 124/273/253 1347/249/229
f 445/212/192 29/214/194 122/253/233
f 27/223/203 121/241/221 1342/255/235
f 1389/258/238 137/209/189 1489/259/239
f 1395/261/241 425/819/1547 1469/262/242
f 479/266/246 1395/261/241 118/263/243
f 477/268/248 1472/207/187 137/209/189
f 28/269/249 122/253/233 1357/270/250
f 29/214/194 512/276/256 1357/270/250
f 426/272/252 31/225/205 124/273/253
f 29/214/194 123/213/193 1362/224/204
f 1485/277/257 585/985/923 1415/278/258
f 28/269/249 548/271/251 1342/255/235
f 30/248/228 549/250/230 1356/291/271
f 31/225/205 567/227/207 1347/249/229
f 1384/293/273 462/862/800 1490/294/274
f 32/228/208 125/292/272 1356/291/271
s 3
f 568/296/276 1365/246/226 120/297/277
s 2
f 33/235/215 127/251/231 1343/257/237
f 118/263/243 1469/262/242 656/308/288
f 1473/267/247 118/263/243 1439/309/289
f 435/312/292 27/223/203 123/213/193
f 136/206/186 1415/278/258 602/317/297
f 426/272/252 1394/204/184 126/203/183
f 463/318/298 1385/274/254 124/273/253
f 638/319/299 1434/335/315 132/320/300
f 1429/321/301 132/320/300 1440/322/302
f 411/240/220 1374/254/234 122/253/233
f 435/312/292 1370/242/222 121/241/221
f 1425/219/199 131/333/313 1414/330/310
f 603/332/312 1414/330/310 131/333/313
f 463/318/298 30/248/228 125/292/272
f 478/202/182 1390/334/314 125/292/272
f 1440/322/302 132/320/300 1434/335/315
f 134/216/196 1430/222/202 654/337/317
s 5
f 1676/534/490 973/708/648 81/535/491
f 953/546/499 1676/534/490 187/536/492
f 1696/560/512 186/626/574 80/561/513
f 1691/563/515 198/620/568 86/564/516
f 1711/570/522 194/580/531 79/571/523
f 1726/584/535 953/546/499 77/547/500
f 1039/586/537 1726/584/535 185/585/536
f 1741/592/543 1039/586/537 78/587/538
f 187/536/492 81/535/491 1093/601/550
f 71/603/552 1078/716/655 1771/604/553
f 85/606/554 1088/656/601 1765/607/555
f 1102/608/556 69/625/573 179/609/557
f 185/585/536 77/547/500 1073/611/559
f 76/613/561 184/617/565 1750/614/562
f 76/613/561 1098/615/563 1760/616/564
f 184/617/565 75/550/503 1082/618/566
f 197/619/567 1745/673/614 1093/601/550
f 198/620/568 1770/622/570 1077/621/569
f 80/561/513 1107/627/575 1770/622/570
f 1766/624/572 178/605/552 69/625/573
f 186/626/574 1775/628/576 1107/627/575
f 79/571/523 1117/632/580 1775/628/576
f 1781/610/558 179/609/557 72/630/578
f 194/580/531 1790/635/583 1117/632/580
f 1790/635/583 194/580/531 1831/633/581
f 1831/633/581 1833/2136/1267 1140/634/582
f 1072/637/585 1756/671/613 177/638/552
f 75/550/503 183/549/502 1800/640/586
f 183/549/502 74/590/541 1149/641/587
f 181/644/552 73/663/552 1144/645/590
f 74/590/541 191/589/540 1815/647/592
f 191/589/540 1825/597/548 1161/648/593
f 1671/650/595 964/548/501 75/550/503
f 68/639/552 177/638/552 1751/654/599
f 190/552/505 1760/616/564 1088/656/601
f 177/638/552 70/672/552 1097/657/602
f 77/547/500 187/536/492 1755/602/551
f 1150/661/605 1816/680/621 182/662/552
f 989/562/514 80/561/513 198/620/568
f 178/605/552 1771/604/553 1108/669/611
f 959/565/517 86/564/516 197/619/567
f 1756/671/613 1092/718/657 70/672/552
f 86/564/516 1077/621/569 1745/673/614
f 182/662/552 1811/681/622 1155/678/619
f 1816/680/621 1160/1298/1255 1811/681/622
f 195/541/495 1765/607/555 1103/686/627
f 72/630/578 1118/707/647 1791/687/628
f 176/691/552 1761/692/632 1097/657/602
f 71/603/552 1087/709/649 1761/692/632
f 68/639/552 181/644/552 1806/646/591
f 1801/694/634 1150/661/605 73/663/552
f 1796/699/639 180/688/629 1786/700/640
f 180/688/629 1791/687/628 1139/702/642
f 188/652/597 1810/653/598 1159/706/646
f 999/572/524 79/571/523 186/626/574
f 73/663/552 182/662/552 1821/679/620
f 179/609/557 1776/710/650 1118/707/647
f 1666/670/612 197/619/567 81/535/491
f 1087/709/649 71/603/552 178/605/552
f 69/625/573 1108/669/611 1776/710/650
f 1078/716/655 71/603/552 176/691/552
f 1746/717/656 176/691/552 70/672/552
f 1112/631/579 72/630/578 180/688/629
f 1083/655/600 1801/694/634 181/644/552
s 1
f 314/1445/1396 311/186/166 1257/187/167
f 1264/1448/1399 318/1453/1404 319/1454/1405
f 1269/1457/1408 328/1439/1390 327/1441/1392
f 322/1465/1416 320/181/161 1277/94/86
f 344/1478/1429 341/138/122 1282/74/67
f 1290/1481/1432 1287/182/162 341/138/122
f 1294/1488/1439 1295/1490/1441 347/1489/1440
f 336/155/136 339/1467/1418 1293/1486/1437
f 1306/99/90 1308/1500/1451 362/767/713
f 347/1489/1440 345/101/91 1307/171/151
f 1313/1503/1454 384/1506/1457 385/1507/1458
f 379/1514/1465 1320/1513/1464 1317/115/102
f 1318/1509/1460 309/1456/1407 308/1458/1409
f 1328/1525/1472 406/792/737 402/784/731
s 2
f 563/953/889 562/961/897 1346/1547/1490
f 562/961/897 550/298/278 1343/257/237
f 1347/249/229 1349/1548/1491 557/956/892
f 558/958/894 1350/1550/1493 1351/1549/1492
f 1351/1549/1492 580/980/917 569/265/245
f 514/295/275 1356/291/271 1358/1556/1498
f 526/926/863 1358/1556/1498 1359/1557/1499
f 1359/1557/1499 1360/1558/1500 517/911/848
f 1360/1558/1500 1357/270/250 512/276/256
f 1356/291/271 549/250/230 559/957/893
f 1358/1556/1498 559/957/893 552/951/887
f 552/951/887 551/949/885 1360/1558/1500
f 551/949/885 548/271/251 1357/270/250
f 1364/1561/1503 1362/224/204 532/256/236
f 1364/1561/1503 515/910/847 512/276/256
s 3
f 1365/246/226 1367/1564/1505 521/919/856
s 2
f 1368/1568/1507 1366/226/206 514/295/275
s 3
f 1365/246/226 568/296/276 577/973/909
f 1367/1564/1505 577/973/909 571/978/913
s 2
f 1368/1568/1507 570/968/904 567/227/207
f 434/205/185 1369/163/143 1371/1571/1510
f 1837/1573/1512 1372/1572/1511 1373/1574/1513
f 441/1575/1514 1373/1574/1513 1370/242/222
f 409/165/145 414/797/742 1371/1571/1510
f 414/797/742 421/800/745 1372/1572/1511
f 421/800/745 422/810/753 1373/1574/1513
f 422/810/753 411/240/220 1370/242/222
f 1374/254/234 1376/1577/1516 451/1576/1515
f 1376/1577/1516 1377/1578/1518 450/841/1517
f 1379/313/293 1381/1581/1521 441/1580/1514
f 1382/1582/1523 1383/1583/1525 438/833/1524
f 1379/313/293 445/212/192 451/1584/1515
f 1382/1582/1523 452/1585/1526 449/845/1527
f 462/862/800 1384/293/273 1386/1586/1529
f 465/860/798 1386/1586/1529 1387/1587/1530
f 466/863/801 1387/1587/1530 1388/1588/1531
f 428/814/1532 433/1589/763 1387/1587/1530
f 1388/1588/1531 1387/1587/1530 433/1589/763
f 432/1590/762 430/825/1533 1388/1588/1531
f 430/825/1533 426/272/252 1385/274/254
f 464/260/240 475/872/808 1391/1591/1534
f 475/872/808 471/867/804 1392/1592/1536
f 471/867/804 470/869/806 1393/1594/1538
f 1394/204/184 1396/1597/1540 483/1596/1539
f 1396/1597/1540 1397/1598/1542 484/883/1541
f 1397/1598/1542 1398/1599/1543 486/880/818
f 1396/1597/1540 431/826/1544 432/823/1545
f 587/1000/311 1414/1616/310 1416/1613/1570
f 598/991/930 1417/1614/1571 1418/1615/1572
f 1414/1616/310 603/1012/312 612/1011/954
f 1417/1614/1571 606/1005/948 605/1003/946
f 1426/1621/1576 1427/1622/1577 594/1002/945
f 1428/1623/1578 1425/1624/199 587/1000/311
f 1426/1621/1576 634/1034/975 629/1030/970
f 1428/1623/1578 628/1027/968 621/1029/200
f 1429/1625/301 1431/1626/1579 649/1049/991
f 1431/1626/1579 1432/1627/1580 650/1041/983
f 1432/1627/1580 1433/1628/1581 641/1038/980
f 1433/1628/1581 1430/222/202 636/221/201
f 658/1066/1007 657/1056/996 1433/1628/1581
f 1441/1633/1585 1442/1634/1586 679/1087/1029
f 1442/1634/1586 1443/1635/1587 685/1084/1027
f 1443/1635/1587 1440/1636/302 672/1085/316
f 1441/1633/1585 668/1068/1009 663/1064/1004
f 1442/1634/1586 663/1064/1004 662/1061/1002
s 5
f 1100/2036/2007 1753/2035/2006 1754/2037/2008
f 1752/2033/2004 1084/2039/2010 1085/2040/2011
f 1759/2046/2017 1094/2028/1999 1092/718/657
f 1088/656/601 1091/2048/2019 1767/2055/2026
f 1107/627/575 1109/2063/2034 1772/2060/2031
f 1779/2068/2039 1776/710/650 1108/669/611
f 1119/2069/2040 1120/2070/2041 1778/2067/2038
f 1084/2039/2010 1802/2097/2061 1803/2098/2062
f 1808/2105/2069 1075/2045/2016 1074/2047/2018
f 1152/2101/2065 1818/2116/2080 1819/2117/2081
f 1819/2117/2081 1167/1296/1253 1160/1298/1255
f 1158/2114/2078 1824/2120/2084 1821/679/620
s 1
f 1236/1/1 92/70/2 1/2/2
f 1187/4/4 219/180/160 20/5/5
f 88/7/2 1181/61/56 225/8/7
f 214/10/8 24/76/68 113/11/9
f 4/13/2 89/43/2 1201/14/11
f 210/18/15 1232/162/142 101/19/16
f 224/21/18 15/83/75 108/22/19
f 3/9/2 87/27/2 1176/24/21
f 1191/26/23 215/158/139 4/13/2
f 1197/12/10 113/11/9 22/28/24
f 1207/30/26 104/96/87 19/31/27
f 1202/33/29 116/90/82 26/34/30
f 229/29/25 22/28/24 107/36/32
f 1222/40/36 112/50/45 18/41/37
f 89/43/2 2/154/2 234/44/39
f 239/39/35 23/38/34 114/45/40
f 267/49/44 25/103/93 112/50/45
f 90/51/46 5/151/46 244/52/47
f 1237/54/49 199/16/13 16/17/14
f 272/56/51 1237/54/49 103/55/50
f 278/58/53 1247/66/61 109/59/54
f 1/2/2 209/189/169 1181/61/56
f 283/64/59 1252/62/57 111/63/58
f 1247/66/61 288/2137/689 1336/67/62
f 6/68/2 277/128/114 1231/69/63
f 15/83/75 331/85/77 1271/86/78
f 102/87/79 14/20/17 315/88/80
f 115/89/81 1256/142/125 326/71/64
f 19/31/27 340/97/88 1281/92/84
f 104/96/87 1286/98/89 340/97/88
f 18/41/37 350/102/92 1286/98/89
f 112/50/45 1301/104/94 350/102/92
f 25/103/93 373/185/165 1301/104/94
f 13/60/55 109/59/54 1326/116/103
f 109/59/54 1336/67/62 394/117/104
f 1182/119/106 210/18/15 14/20/17
f 1242/120/107 283/64/59 21/65/60
f 106/121/108 21/65/60 387/118/105
f 225/8/7 1191/26/23 87/27/2
f 1192/23/20 108/22/19 24/76/68
f 93/127/2 1246/144/127 277/128/114
f 200/3/3 1/2/2 88/7/2
f 235/32/28 19/31/27 116/90/82
f 1217/133/117 249/2138/660 1340/134/118
f 110/135/119 1340/134/118 355/136/120
f 205/35/31 26/34/30 115/89/81
f 224/21/18 1182/119/106 102/87/79
f 1241/143/126 289/755/700 1246/144/127
f 282/145/128 1241/143/126 93/127/2
f 5/151/46 91/167/147 1221/152/134
f 1196/153/135 230/159/140 2/154/2
f 215/158/139 1196/153/135 89/43/2
f 230/159/140 1211/183/163 90/51/46
f 1232/162/142 278/58/53 13/60/55
f 91/167/147 1216/170/150 268/168/148
f 1226/169/149 250/731/670 1216/170/150
f 1242/120/107 106/121/108 1337/175/155
f 273/177/157 6/68/2 92/70/2
f 106/121/108 1321/122/109 392/178/158
f 245/42/38 18/41/37 104/96/87
f 1251/146/129 93/127/2 6/68/2
f 2/154/2 90/51/46 1206/53/48
f 1177/139/123 115/89/81 20/5/5
f 1217/133/117 110/135/119 25/103/93
f 1211/183/163 240/190/170 5/151/46
f 110/135/119 1296/137/121 373/185/165
f 1186/129/115 88/7/2 3/9/2
f 87/27/2 4/13/2 204/15/12
f 92/70/2 1231/69/63 209/189/169
f 240/190/170 1226/169/149 91/167/147
s 2
f 455/191/171 1409/338/318 129/192/172
f 502/194/174 1495/197/177 135/195/175
f 1495/197/177 724/1121/1063 1449/198/178
f 708/199/179 1450/326/306 130/200/180
f 1472/207/187 670/1071/1013 1435/208/188
f 1445/201/181 130/200/180 1455/210/190
f 436/229/209 1380/243/223 133/230/210
f 1375/232/212 410/805/750 1460/233/213
f 33/235/215 550/298/278 1348/236/216
f 34/193/173 129/192/172 1353/238/218
f 1380/243/223 444/842/1528 1464/244/224
s 3
f 1361/245/225 120/297/277 1365/246/226
s 2
f 455/191/171 34/193/173 127/251/231
f 34/193/173 530/239/219 1343/257/237
f 35/264/244 569/265/245 1353/238/218
f 35/264/244 128/237/217 1348/236/216
f 488/275/255 1399/252/232 127/251/231
f 1405/196/176 135/195/175 1476/279/259
f 1410/281/261 454/854/792 1481/282/262
s 3
f 1352/284/264 120/297/277 1361/245/225
s 2
f 504/286/266 1410/281/261 138/283/263
f 487/288/268 1477/1666/1632 117/289/269
f 135/195/175 1449/198/178 707/299/279
f 1494/287/267 138/283/263 1454/300/280
f 138/283/263 1481/282/262 690/302/282
f 119/234/214 1460/233/213 604/303/283
f 133/230/210 1424/307/287 586/305/285
f 133/230/210 1464/244/224 622/306/286
f 137/209/189 1435/208/188 637/310/290
f 443/314/294 1375/232/212 119/234/214
f 1465/315/295 119/234/214 1419/304/284
f 488/275/255 33/235/215 128/237/217
f 503/325/305 1404/324/304 128/237/217
f 1455/210/190 130/200/180 1450/326/306
f 117/289/269 1477/1666/1632 706/328/308
f 503/325/305 35/264/244 129/192/172
f 453/339/319 1400/290/270 117/289/269
f 117/289/269 1444/329/309 688/341/321
s 4
f 1559/342/322 144/411/323 36/343/323
f 1510/345/325 763/521/479 55/346/326
f 140/348/323 1504/402/376 769/349/328
f 758/351/329 59/417/388 165/352/330
f 39/354/323 141/384/323 1524/355/332
f 743/357/334 1510/345/325 157/347/327
f 754/359/336 1555/503/461 153/360/337
f 768/362/339 50/424/394 160/363/340
f 38/350/323 139/368/323 1499/365/342
f 1514/367/344 759/499/458 39/354/323
f 1520/353/331 165/352/330 57/369/345
f 1530/371/347 156/437/406 54/372/348
f 1525/374/350 168/431/401 61/375/351
f 773/370/346 57/369/345 159/377/353
f 1535/378/354 159/377/353 58/379/355
f 1545/381/357 164/391/366 53/382/358
f 141/384/323 37/495/323 778/385/360
f 783/380/356 58/379/355 166/386/361
f 1550/387/362 166/386/361 1662/388/363
f 811/390/365 60/444/413 164/391/366
f 142/392/323 40/492/323 788/393/367
f 1560/395/369 743/357/334 51/358/335
f 816/397/371 1560/395/369 155/396/370
f 822/399/373 1570/407/381 161/400/374
f 36/343/323 753/532/488 1504/402/376
f 1575/403/377 816/397/371 52/398/372
f 827/405/379 1575/403/377 163/404/378
f 1570/407/381 832/1166/1113 1659/408/382
f 41/409/323 821/469/434 1554/410/383
f 157/347/327 55/346/326 870/412/384
f 45/414/386 855/529/485 1605/415/387
f 59/417/388 865/466/432 1599/418/389
f 879/419/390 43/436/386 149/420/386
f 155/396/370 51/358/335 850/422/392
f 50/424/394 154/428/398 1584/425/395
f 50/424/394 875/426/396 1594/427/397
f 154/428/398 49/361/338 859/429/399
f 167/430/400 1579/483/445 870/412/384
f 168/431/401 1604/433/403 854/432/402
f 54/372/348 884/438/407 1604/433/403
f 57/369/345 880/496/456 1614/434/404
f 1600/435/405 148/416/386 43/436/386
f 156/437/406 1609/439/408 884/438/407
f 53/382/358 894/443/412 1609/439/408
f 58/379/355 890/526/483 1629/440/409
f 1615/421/391 149/420/386 46/441/410
f 164/391/366 1624/445/414 894/443/412
f 60/444/413 917/528/484 1624/445/414
f 166/386/361 1629/440/409 900/446/415
f 849/447/416 1590/481/444 147/448/386
f 49/361/338 153/360/337 1634/450/417
f 153/360/337 48/401/375 926/451/418
f 163/404/378 52/398/372 922/452/419
f 151/454/386 47/473/386 921/455/421
f 48/401/375 161/400/374 1649/457/423
f 161/400/374 1659/408/382 938/458/424
f 56/406/380 163/404/378 1654/453/420
f 1505/460/426 754/359/336 49/361/338
f 1565/461/427 827/405/379 56/406/380
f 158/462/428 56/406/380 931/459/425
f 42/449/386 147/448/386 1585/464/430
f 769/349/328 1514/367/344 139/368/323
f 1515/364/341 160/363/340 59/417/388
f 160/363/340 1594/427/397 865/466/432
f 147/448/386 44/482/386 874/467/433
f 145/468/323 1569/485/447 821/469/434
f 744/344/324 36/343/323 140/348/323
f 51/358/335 157/347/327 1589/413/385
f 927/471/436 1650/490/452 152/472/386
f 779/373/349 54/372/348 168/431/401
f 1540/474/437 793/1139/1085 1663/475/438
f 162/476/439 1663/475/438 899/477/440
f 148/416/386 1605/415/387 885/479/442
f 749/376/352 61/375/351 167/430/400
f 768/362/339 1505/460/426 154/428/398
f 1590/481/444 869/531/487 44/482/386
f 61/375/351 854/432/402 1579/483/445
f 1564/484/446 833/1175/1124 1569/485/447
f 826/486/448 1564/484/446 145/468/323
f 152/472/386 1645/491/453 932/488/450
f 1650/490/452 937/1202/1154 1645/491/453
f 40/492/323 143/508/466 1544/493/454
f 1519/494/455 774/500/459 37/495/323
f 165/352/330 1599/418/389 880/496/456
f 46/441/410 895/520/478 1625/497/457
f 759/499/458 1519/494/455 141/384/323
f 774/500/459 1534/525/482 142/392/323
f 146/501/386 1595/502/460 874/467/433
f 45/414/386 864/522/480 1595/502/460
f 1555/503/461 822/399/373 48/401/375
f 42/449/386 151/454/386 1640/456/422
s 5
f 1725/504/462 174/600/463 62/505/463
s 4
f 1635/507/465 927/471/436 47/473/386
f 143/508/466 1539/511/469 812/509/467
f 1549/510/468 794/1148/1094 1539/511/469
f 1630/512/470 150/498/410 1620/513/471
f 150/498/410 1625/497/457 916/515/473
f 1565/461/427 158/462/428 1660/516/474
f 817/518/476 41/409/323 144/411/323
f 52/398/372 155/396/370 1639/423/393
f 158/462/428 1644/463/429 936/519/477
f 789/383/359 53/382/358 156/437/406
f 1574/487/449 145/468/323 41/409/323
f 47/473/386 152/472/386 1655/489/451
f 149/420/386 1610/523/481 895/520/478
f 37/495/323 142/392/323 1529/394/368
f 1500/480/443 167/430/400 55/346/326
f 864/522/480 45/414/386 148/416/386
f 43/436/386 885/479/442 1610/523/481
f 1540/524/437 162/527/439 60/444/413
f 1534/525/482 784/533/489 40/492/323
f 159/377/353 1614/434/404 890/526/483
f 162/527/439 1619/1863/441 917/528/484
f 1509/470/435 140/348/323 38/350/323
f 139/368/323 39/354/323 748/356/333
f 855/529/485 45/414/386 146/501/386
f 1580/530/486 146/501/386 44/482/386
f 144/411/323 1554/410/383 753/532/488
f 784/533/489 1549/510/468 143/508/466
f 889/442/411 46/441/410 150/498/410
f 860/465/431 1635/507/465 151/454/386
s 5
f 170/537/463 1670/591/542 979/538/493
f 968/540/494 85/606/554 195/541/495
f 65/543/463 171/573/463 1690/544/497
f 964/548/501 1721/693/633 183/549/502
f 978/551/504 76/613/561 190/552/505
f 64/539/463 169/557/463 1665/554/507
f 1680/556/509 969/689/630 65/543/463
f 1686/542/496 195/541/495 83/558/510
f 983/559/511 83/558/510 189/566/518
f 1701/567/519 189/566/518 84/568/520
f 171/573/463 63/685/626 988/574/525
f 993/569/521 84/568/520 196/575/526
f 1716/576/527 196/575/526 1828/577/528
f 1022/579/530 1831/633/581 194/580/531
f 172/581/532 66/682/623 998/582/533
f 1045/588/539 1736/596/547 191/589/540
f 62/505/463 963/719/658 1670/591/542
f 1050/594/545 1741/592/543 193/593/544
f 1736/596/547 1055/1257/1213 1825/597/548
f 67/598/463 1044/659/603 1720/599/549
f 83/558/510 1103/686/627 1780/623/571
f 84/568/520 1113/714/654 1795/629/577
f 196/575/526 1795/629/577 1123/636/584
f 193/593/544 78/587/538 1145/642/588
f 82/595/546 193/593/544 1820/643/589
f 1731/651/596 1050/594/545 82/595/546
f 188/652/597 82/595/546 1154/649/594
f 979/538/493 1680/556/509 169/557/463
f 1681/553/506 190/552/505 85/606/554
f 175/658/463 1735/675/616 1044/659/603
f 954/506/464 62/505/463 170/537/463
f 1706/664/606 1003/1210/1165 1829/665/607
f 192/666/608 1829/665/607 1122/667/609
f 978/551/504 1671/650/595 184/617/565
f 1730/674/615 1056/1267/1224 1735/675/616
f 1049/676/617 1730/674/615 175/658/463
f 66/682/623 173/695/635 1710/683/624
f 1685/684/625 984/690/631 63/685/626
f 969/689/630 1685/684/625 171/573/463
f 984/690/631 1700/713/653 172/581/532
f 1721/693/633 1045/588/539 74/590/541
f 173/695/635 1705/698/638 1023/696/636
f 1715/697/637 1004/1220/1175 1705/698/638
f 1731/651/596 188/652/597 1826/703/643
f 1040/705/645 67/598/463 174/600/463
f 78/587/538 185/585/536 1805/612/560
f 1740/677/618 175/658/463 67/598/463
f 63/685/626 172/581/532 1695/583/534
f 1706/664/606 192/666/608 1832/711/651
f 1700/713/653 994/720/659 66/682/623
f 189/566/518 1780/623/571 1113/714/654
f 1140/715/582 1833/1308/1267 1832/711/651
f 1832/711/651 192/666/608 1140/715/582
f 1675/660/604 170/537/463 64/539/463
f 169/557/463 65/543/463 958/545/498
f 174/600/463 1720/599/549 963/719/658
f 994/720/659 1715/697/637 173/695/635
s 1
f 249/721/660 252/724/663 255/722/661
f 252/724/663 253/734/673 256/725/664
f 254/723/662 255/722/661 266/726/665
f 255/722/661 256/725/664 257/728/667
f 258/729/668 261/733/672 260/730/669
f 259/732/671 262/735/674 261/733/672
f 261/733/672 256/725/664 253/734/673
f 262/735/674 257/728/667 256/725/664
f 251/736/43 263/1539/677 265/737/675
f 264/738/676 265/737/675 262/735/679
f 265/737/675 266/726/678 257/728/681
f 287/176/156 290/2139/684 292/739/682
f 291/744/683 292/743/682 304/745/686
f 292/743/682 293/742/685 294/747/688
f 288/748/689 295/751/692 298/749/690
f 295/751/692 296/757/1383 299/752/693
f 297/750/694 298/749/690 293/742/695
f 298/749/690 299/752/693 294/747/697
f 300/753/698 303/756/701 302/754/699
f 301/746/687 304/745/686 303/756/701
f 303/756/701 299/752/703 296/757/702
f 304/745/686 294/747/688 299/752/703
f 355/136/120 364/2140/706 359/758/704
f 358/759/705 359/758/704 371/762/708
f 359/758/704 360/761/2101 361/764/710
f 356/105/95 362/767/713 365/765/711
f 362/767/713 363/772/720 366/768/714
f 365/765/711 366/768/714 361/764/716
f 367/769/717 370/771/719 369/770/718
f 368/763/709 371/762/721 370/771/719
f 370/771/719 366/768/714 363/772/720
f 371/762/721 361/764/716 366/768/714
f 392/178/158 395/1515/724 398/773/722
f 395/775/724 396/787/733 399/776/725
f 398/777/722 399/776/725 400/780/727
f 401/781/728 404/785/732 403/782/729
f 402/784/731 405/789/734 404/785/732
f 404/786/732 399/776/735 396/787/733
f 405/789/734 400/795/740 399/790/735
f 394/117/104 397/1534/738 407/791/736
f 406/792/737 407/791/736 405/789/734
f 407/791/736 408/794/2102 400/795/740
s 2
f 412/796/741 415/799/744 414/797/742
f 413/798/743 420/801/746 415/799/744
f 415/799/744 416/802/747 421/800/745
f 417/803/748 420/807/746 419/804/749
f 421/800/745 416/802/747 423/809/752
s 8
f 430/825/764 432/1590/2103 431/826/765
s 15
f 449/845/784 452/1585/2104 450/846/785
s 2
f 465/860/798 468/864/802 467/861/799
f 466/863/801 469/2141/810 468/864/802
f 471/867/804 469/874/810 472/868/805
f 472/868/805 469/2141/810 466/863/801
f 473/871/807 476/873/809 475/872/808
f 474/866/803 468/865/802 476/873/809
f 476/873/809 469/874/810 471/867/804
s 19
f 480/875/811 486/878/2105 481/876/812
s 20
f 480/875/814 1840/2142/2106 482/877/815
s 22
f 482/877/820 1840/2142/2107 484/883/821
s 2
f 490/884/823 493/887/826 492/885/824
f 491/886/825 494/2143/828 493/887/826
f 493/887/826 501/890/829 499/888/827
f 496/891/830 494/2144/828 497/892/831
f 497/892/831 494/2143/828 491/886/825
f 498/895/833 501/897/829 500/896/834
f 501/897/829 494/2144/828 496/891/830
s 23
f 510/904/840 505/903/836 511/907/843
s 2
f 515/910/847 518/913/850 517/911/848
f 516/912/849 519/915/2108 518/913/850
f 518/913/850 520/916/853 527/914/851
s 3
f 513/247/227 521/919/856 524/917/854
f 521/919/856 522/1565/1506 525/920/857
f 523/918/855 524/917/854 519/921/858
f 524/917/854 525/920/857 520/923/860
s 2
f 514/295/275 526/926/863 529/924/861
f 527/914/851 520/916/853 529/924/861
f 529/924/861 525/929/2109 522/927/864
f 533/930/866 536/933/869 535/931/867
f 534/932/868 537/935/2110 536/933/869
f 536/933/869 538/936/872 545/934/870
s 3
f 531/285/265 539/939/875 542/937/873
f 539/939/875 540/1560/1502 543/940/876
f 541/941/874 542/942/873 537/935/877
f 542/942/873 543/948/876 538/943/879
s 2
f 544/944/880 547/946/882 546/945/881
f 545/934/870 538/936/872 547/946/882
f 547/946/882 543/948/2111 540/947/883
f 551/949/885 554/952/888 553/950/886
f 552/951/887 555/960/896 554/952/888
f 554/952/888 566/955/891 563/953/889
f 554/952/888 555/960/896 556/954/890
f 557/956/892 560/959/895 559/957/893
f 558/958/894 561/964/900 560/959/895
f 560/959/895 555/960/896 552/951/887
f 560/959/895 561/964/900 556/954/890
f 562/961/897 565/963/899 564/962/898
f 563/953/889 566/955/891 565/963/899
f 565/963/899 561/964/900 558/958/894
f 565/963/899 566/955/891 556/954/890
f 567/227/207 570/968/904 573/965/901
f 571/967/903 574/970/906 573/965/901
f 573/965/901 584/971/907 581/969/905
s 3
f 568/296/276 575/1551/910 578/972/908
f 575/974/910 576/983/1495 579/975/911
f 577/973/909 578/972/908 574/977/912
s 26
f 578/972/914 579/2145/2112 584/979/915
s 2
f 580/980/917 583/982/919 582/981/918
f 581/969/905 584/971/921 583/982/919
f 583/982/919 579/975/922 576/983/920
f 585/985/923 588/989/1639 591/986/924
s 27
f 589/988/926 596/997/2113 591/986/927
s 2
f 590/987/925 591/986/924 601/990/929
s 27
f 591/986/927 596/997/2113 592/992/931
s 2
f 586/305/285 593/995/935 596/993/933
f 593/995/935 594/1002/945 601/996/936
f 597/998/941 600/1001/943 599/999/942
f 598/991/930 601/990/929 600/1001/943
f 600/1001/944 601/996/936 594/1002/945
f 605/1003/946 608/1006/949 607/1004/947
f 606/1005/948 609/1008/951 608/1006/949
f 608/1006/949 619/1009/952 616/1007/950
f 609/1008/951 614/1015/957 619/1009/952
f 610/1010/953 613/1014/956 612/1011/954
f 611/1013/955 614/1019/957 613/1014/956
f 613/1014/956 609/1008/951 606/1005/948
f 615/1016/958 618/1018/960 617/1017/959
f 616/1007/950 619/1009/952 618/1018/960
f 618/1018/960 614/1019/957 611/1013/955
f 620/316/296 623/1022/963 635/1020/961
f 623/1022/963 624/1032/973 626/1023/964
f 628/1027/968 631/1031/972 630/1028/969
f 629/1030/970 626/1036/978 631/1031/971
f 631/1031/972 626/1023/964 624/1032/973
f 622/306/286 632/1035/976 635/1033/974
f 634/1034/975 635/1033/974 626/1036/978
f 639/1037/979 642/1040/982 641/1038/980
f 640/1039/981 643/1042/984 642/1040/982
f 642/1040/982 653/1043/985 650/1041/983
f 643/1042/984 648/1048/990 653/1043/985
f 644/1044/986 647/1047/989 646/1045/987
f 645/1046/988 648/1053/990 647/1047/989
f 647/1047/989 643/1042/984 640/1039/981
f 649/1049/991 652/1052/993 651/1050/992
f 650/1041/983 653/1043/985 652/1052/993
f 652/1052/993 648/1053/990 645/1046/988
f 654/337/317 657/1056/996 669/1054/994
f 657/1056/996 658/1066/1007 660/1057/997
f 662/1061/1002 665/1065/1006 664/1062/1003
f 663/1064/1004 660/1070/1012 665/1065/1005
f 665/1065/1006 660/1057/997 658/1066/1007
f 656/308/288 666/1069/1010 669/1067/1008
f 668/1068/1009 669/1067/1008 660/1070/1012
f 670/1071/1013 673/1074/1620 675/1072/1014
f 673/1074/1016 680/1660/1622 676/1075/1017
f 674/1073/1015 675/1072/1014 687/1076/1018
f 675/1072/1014 676/1075/1017 677/1078/1020
f 671/311/291 678/1081/1023 681/1079/1021
f 678/1081/1023 679/1087/1029 682/1082/1024
f 681/1079/1021 682/1082/1024 677/1078/1020
f 683/1083/1026 686/1086/1028 685/1084/1027
f 684/1077/1019 687/1076/1018 686/1086/1028
f 686/1086/1028 682/1082/1024 679/1087/1029
f 687/1076/1018 677/1078/1020 682/1082/1024
f 688/341/321 691/1090/1032 694/1088/1030
f 691/1090/1032 692/1100/1042 695/1091/1033
f 693/1089/1034 694/1088/1030 705/1092/1035
f 694/1088/1030 695/1091/1033 696/1094/1037
f 697/1095/1038 700/1099/1041 699/1096/1039
f 698/1098/1040 701/1101/1043 700/1099/1041
f 700/1099/1041 695/1091/1033 692/1100/1042
f 701/1101/1043 696/1094/1037 695/1091/1033
f 690/302/282 702/1668/1046 704/1102/1044
f 703/1103/1045 704/1102/1044 701/1101/1043
f 704/1102/1044 705/1092/1047 696/1094/1037
f 709/1104/1048 712/1107/1051 711/1105/1049
f 710/1106/1050 713/1109/1053 712/1107/1051
f 712/1107/1051 723/1110/1054 720/1108/1052
f 713/1109/1053 718/1115/1059 723/1110/1054
f 714/1111/1055 717/1114/1058 716/1112/1056
f 715/1113/1057 718/1120/1059 717/1114/1058
f 717/1114/1058 713/1109/1053 710/1106/1050
f 719/1116/1060 722/1119/1062 721/1117/1061
f 720/1108/1052 723/1110/1054 722/1119/1062
f 722/1119/1062 718/1120/1059 715/1113/1057
f 724/1121/1063 727/1125/1067 730/1122/1064
f 728/1124/1066 731/1127/1069 730/1122/1064
f 730/1122/1064 742/1128/1070 739/1126/1068
f 731/1127/1069 732/1133/2114 742/1128/1070
f 725/301/281 733/1131/1073 736/1129/1071
f 733/1131/1073 734/1138/1595 737/1132/1074
f 735/1130/1072 736/1129/1071 731/1127/1075
f 736/1129/1071 737/1132/1074 732/1133/1077
f 738/1134/1079 741/1137/1081 740/1135/1080
f 739/1126/1068 742/1128/1083 741/1137/1081
f 741/1137/1081 737/1132/1084 734/1138/1082
f 742/1128/1083 732/1133/2115 737/1132/1084
s 4
f 793/1139/1085 796/1142/1088 799/1140/1086
f 796/1142/1088 797/1151/1097 800/1143/1089
f 799/1140/1086 800/1143/1089 801/1145/1091
f 802/1146/1092 805/1150/1096 804/1147/1093
f 803/1149/1095 806/1152/1098 805/1150/1096
f 805/1150/1096 800/1143/1089 797/1151/1097
f 806/1152/1098 801/1145/1091 800/1143/1089
f 795/389/364 807/1898/2116 809/1153/1099
f 807/1155/1101 798/2146/2117 810/1144/1102
f 808/1157/1100 809/1156/1099 806/1152/1103
f 809/1156/1099 810/1144/1102 801/1145/1105
f 831/1158/475 834/2147/1108 836/1159/1106
f 835/1160/1107 836/1159/1106 848/1163/1110
f 836/1159/1106 837/1162/1109 838/1165/1112
f 832/1166/1113 839/1797/1116 842/1167/1114
f 839/1169/1116 840/1177/1775 843/1170/1117
f 841/1172/1118 842/1171/1114 837/1162/1119
f 842/1171/1114 843/1170/1117 838/1165/1121
f 844/1173/1122 847/1176/1125 846/1174/1123
f 845/1164/1111 848/1163/1110 847/1176/1125
f 847/1176/1125 843/1170/1127 840/1177/1126
f 848/1163/1110 838/1165/1112 843/1170/1127
f 899/1178/440 902/2148/1130 904/1179/1128
f 903/1180/1129 904/1179/1128 915/1183/1132
f 904/1179/1128 905/1182/2118 906/1185/1134
f 900/446/415 907/1188/1137 909/1186/1135
f 907/1188/1137 908/1193/1144 910/1189/1138
f 909/1186/1135 910/1189/1138 906/1185/1140
f 911/1190/1141 914/1192/1143 913/1191/1142
f 912/1184/1133 915/1183/1145 914/1192/1143
f 914/1192/1143 910/1189/1138 908/1193/1144
f 915/1183/1145 906/1185/1140 910/1189/1138
f 936/519/477 939/1196/1148 942/1194/1146
f 939/1196/1148 940/1205/1157 943/1197/1149
f 942/1194/1146 943/1197/1149 944/1199/1151
f 945/1200/1152 948/1204/1156 947/1201/1153
f 946/1203/1155 949/1206/1158 948/1204/1156
f 948/1204/1156 943/1197/1159 940/1205/1157
f 949/1206/1158 944/1199/1164 943/1197/1159
f 938/458/424 941/1895/1162 951/1207/1160
f 950/1208/1161 951/1207/1160 949/1206/1158
f 951/1207/1160 952/1198/2119 944/1199/1164
s 5
f 1003/1210/1165 1006/1213/1168 1009/1211/1166
f 1006/1213/1168 1007/1223/1178 1010/1214/1169
f 1008/1212/1167 1009/1211/1166 1020/1215/1170
f 1009/1211/1166 1010/1214/1169 1011/1217/1172
f 1012/1218/1173 1015/1222/1177 1014/1219/1174
f 1013/1221/1176 1016/1224/1179 1015/1222/1177
f 1015/1222/1177 1010/1214/1169 1007/1223/1178
f 1016/1224/1179 1011/1217/1172 1010/1214/1169
f 1005/578/529 1017/2127/1182 1019/1225/1180
f 1018/1226/1181 1019/1225/1180 1016/1229/1184
f 1019/1225/1180 1020/1228/1183 1011/1231/1186
f 1024/1232/1187 1027/1235/1190 1026/1233/1188
f 1025/1234/1189 1028/1244/1192 1027/1235/1190
f 1027/1235/1190 1038/1238/1193 1035/1236/1191
f 1029/1239/1194 1032/1243/1197 1031/1240/1195
f 1030/1242/1196 1033/1245/1198 1032/1243/1197
f 1031/1240/1195 1032/1243/1197 1028/1244/1192
f 1023/696/636 1034/1248/1201 1037/1246/1199
f 1034/1248/1201 1035/1236/1191 1038/1238/1202
f 1036/1247/1200 1037/1246/1199 1033/1245/1203
f 1037/1246/1205 1038/1238/1193 1028/1237/1192
f 1054/1249/644 1057/2149/1208 1059/1250/1206
f 1058/1251/1207 1059/1250/1206 1071/1254/1210
f 1059/1250/1206 1060/1253/1209 1061/1256/1212
f 1055/1257/1213 1062/1260/1216 1065/1258/1214
f 1062/1260/1216 1063/2018/1990 1066/1261/1217
f 1064/1259/1218 1065/1258/1214 1060/1262/1219
f 1065/1258/1214 1066/1261/1217 1061/1264/1221
f 1067/1265/1222 1070/1268/1225 1069/1266/1223
f 1068/1255/1211 1071/1254/1210 1070/1268/1225
f 1070/1268/1225 1066/1270/1227 1063/1269/1226
f 1071/1254/1210 1061/1256/1212 1066/1270/1227
f 1122/667/609 1125/2130/1230 1127/1271/1228
f 1126/1272/1229 1127/1271/1228 1138/1275/1232
f 1127/1271/1228 1128/1274/1231 1129/1277/1234
f 1123/636/584 1130/1280/1237 1132/1278/1235
f 1130/1280/1237 1131/2093/1244 1133/1281/1238
f 1132/1278/1235 1133/1281/1238 1129/1283/1240
f 1134/1284/1241 1137/1287/1243 1136/1285/1242
f 1135/1276/1233 1138/1275/1245 1137/1287/1243
f 1137/1287/1243 1133/1289/1238 1131/1288/1244
f 1138/1275/1245 1129/1277/1240 1133/1289/1238
f 1159/706/646 1162/1292/1248 1164/1290/1246
f 1162/1292/1248 1163/1301/1258 1165/1293/1249
f 1164/1290/1246 1165/1293/1249 1166/1295/1251
f 1167/1296/1253 1170/1300/1257 1169/1297/1254
f 1168/1299/1256 1171/1302/1259 1170/1300/1257
f 1170/1300/1257 1165/1293/1260 1163/1301/1258
f 1171/1302/1259 1166/1295/1265 1165/1293/1260
f 1161/648/593 1172/2122/1263 1174/1303/1261
f 1173/1304/1262 1174/1303/1261 1171/1302/1259
f 1174/1303/1261 1175/1294/1264 1166/1295/1265
s 1
f 220/25/22 1176/24/21 1178/1311/1270
f 223/1313/1271 1178/1319/1270 1179/1314/1272
f 222/1315/1274 1179/1314/1279 1180/1316/1275
f 1180/1316/1275 1177/139/123 219/180/160
f 1176/24/21 204/15/12 206/1318/1277
f 1178/1319/1270 206/1358/1277 207/1320/1278
f 1179/1314/1279 207/1320/1317 208/1321/1280
f 208/1321/1280 205/35/31 1177/139/123
f 1181/61/56 1183/1323/1282 228/1322/1281
f 1183/1323/1282 1184/1325/1288 227/1324/1283
f 1184/1325/1284 1185/1331/1290 226/1326/1285
f 226/1326/1285 1185/1331/1290 1182/1327/106
f 209/189/169 211/1329/1287 1183/1323/1282
f 211/1329/1287 212/1330/1356 1184/1325/1288
f 212/1330/1289 213/1402/1358 1185/1331/1290
f 1185/1331/1290 213/1402/1358 210/1332/15
f 1186/129/115 1188/1339/1292 203/1333/1291
f 1188/1334/1292 1189/1337/1297 202/1335/1293
f 1189/1337/1294 1190/1340/1298 201/1338/1295
f 201/1338/1295 1190/1340/1298 1187/4/4
f 220/25/22 223/1312/1271 1188/1339/1292
f 223/1313/1271 222/1315/1273 1189/1337/1297
f 222/1315/1274 221/1317/1276 1190/1340/1298
f 1190/1340/1298 221/1317/1276 219/180/160
f 215/158/139 1191/26/23 1193/1341/1299
f 218/1342/1300 1193/1341/1299 1194/1343/1301
f 217/1344/1303 1194/1343/1306 1195/1345/1304
f 1195/1345/1304 1192/1348/20 214/1347/8
f 1191/26/23 225/8/7 228/1322/1281
f 1193/1341/1299 228/1322/1281 227/1324/1283
f 1194/1343/1306 227/1324/1286 226/1326/1285
f 226/1326/1285 224/1328/18 1192/1348/20
f 230/159/140 1196/153/135 1198/1349/1307
f 233/1350/1308 1198/1349/1307 1199/1351/1309
f 232/1352/1311 1199/1351/1314 1200/1353/1312
f 1200/1353/1312 1197/1356/10 229/1355/25
f 1196/153/135 215/158/139 218/1342/1300
f 1198/1349/1307 218/1342/1300 217/1344/1302
f 1199/1351/1314 217/1344/1303 216/1346/1305
f 216/1346/1305 214/1347/8 1197/1356/10
f 204/15/12 1201/14/11 1203/1357/1315
f 206/1358/1277 1203/1362/1315 1204/1359/1316
f 207/1320/1317 1204/1359/1321 1205/1360/1318
f 1205/1360/1318 1202/33/29 205/35/31
f 1201/14/11 234/44/39 236/1361/1319
f 1203/1362/1315 236/1366/1319 237/1363/1320
f 1204/1359/1321 237/1363/1325 238/1364/1322
f 238/1364/1322 235/32/28 1202/33/29
f 234/44/39 1206/53/48 1208/1365/1323
f 236/1366/1319 1208/1370/1323 1209/1367/1324
f 237/1363/1325 1209/1367/1329 1210/1368/1326
f 1210/1368/1326 1207/30/26 235/32/28
f 1206/53/48 244/52/47 246/1369/1327
f 1208/1370/1323 246/1391/1327 247/1371/1328
f 1209/1367/1329 247/1371/1347 248/1372/1330
f 248/1372/1330 245/42/38 1207/30/26
f 240/190/170 1211/183/163 1213/1373/1331
f 243/1374/1332 1213/1373/1331 1214/1375/1333
f 242/1376/1335 1214/1375/1338 1215/1377/1336
f 1215/1377/1336 1212/1380/33 239/1379/35
f 1211/183/163 230/159/140 233/1350/1308
f 1213/1373/1331 233/1350/1308 232/1352/1310
f 1214/1375/1338 232/1352/1311 231/1354/1313
f 231/1354/1313 229/1355/25 1212/1380/33
f 1216/170/150 1218/1382/1340 271/1381/1339
f 1218/1382/1340 1219/1384/1342 270/1383/1341
f 1219/1384/1342 1220/1388/1344 269/1385/1343
f 1220/1386/1344 1217/133/117 267/49/44
f 250/731/670 260/730/669 1218/1382/1340
f 260/730/669 253/734/673 1219/1384/1342
f 253/734/673 252/724/663 1220/1388/1344
f 252/724/663 249/721/660 1217/1389/117
f 244/52/47 1221/152/134 1223/1390/1345
f 246/1391/1327 1223/1394/1349 1224/1392/1346
f 247/1371/1347 1224/1392/1350 1225/1393/1348
f 248/1372/1330 1225/1393/1348 1222/40/36
f 1221/152/134 268/168/148 271/1381/1339
f 1223/1394/1349 271/2150/1339 270/1395/1341
f 1224/1392/1350 270/1395/1341 269/1387/1343
f 269/1387/1343 267/49/44 1222/40/36
f 250/731/670 1226/169/149 1228/1396/1351
f 258/729/668 1228/1396/1351 1229/1397/1352
f 259/732/680 1229/1397/1354 1230/1398/1353
f 264/738/676 1230/1398/1353 1227/1399/41
f 1226/169/149 240/190/170 243/1374/1332
f 1228/1396/1351 243/1374/1332 242/1376/1334
f 1229/1397/1354 242/1376/1335 241/1378/1337
f 1230/1398/1353 241/1378/1337 239/1379/35
f 1231/69/63 1233/1400/1355 211/1329/1287
f 1233/1400/1355 1234/1401/1360 212/1330/1356
f 1234/1401/1357 1235/1406/1362 213/1402/1358
f 213/1402/1358 1235/1406/1362 1232/1403/142
f 277/128/114 279/1404/1359 1233/1400/1355
f 279/1404/1359 280/1405/1378 1234/1401/1360
f 280/1405/1361 281/1426/1380 1235/1406/1362
f 1235/1407/1362 281/1428/1380 278/58/53
f 1236/1/1 1238/1414/1364 276/1408/1363
f 1238/1409/1364 1239/1412/1369 275/1410/1365
f 1239/1412/1366 1240/1415/1370 274/1413/1367
f 274/1413/1367 1240/1415/1370 1237/54/49
f 200/3/3 203/1333/1291 1238/1414/1364
f 203/1336/1291 202/1335/1293 1239/1412/1369
f 202/1335/1296 201/1338/1295 1240/1415/1370
f 1240/1415/1370 201/1338/1295 199/16/13
f 289/755/700 1241/143/126 1243/1416/1371
f 300/753/698 1243/1416/1371 1244/1417/1372
f 301/1418/687 1244/1422/1372 1245/1419/1373
f 291/740/683 1245/1419/1373 1242/120/107
f 1241/143/126 282/145/128 284/1420/1374
f 1243/1416/1371 284/1420/1374 285/1421/1375
f 1244/1422/1372 285/1432/1375 286/1423/1376
f 1245/1419/1373 286/1423/1376 283/64/59
f 1246/144/127 1248/1424/1377 279/1404/1359
f 1248/1424/1377 1249/1425/1382 280/1405/1378
f 1249/1425/1379 1250/1429/1381 281/1426/1380
f 1250/1427/1381 1247/66/61 278/58/53
f 289/755/700 302/754/699 1248/1424/1377
f 302/754/699 296/757/702 1249/1425/1382
f 296/757/1383 295/751/692 1250/1429/1381
f 295/1430/692 288/2137/689 1247/66/61
f 1251/146/129 1253/1435/1384 284/1420/1374
f 1253/1431/1384 1254/1434/1386 285/1432/1375
f 1254/1434/1385 1255/1436/1387 286/1423/1376
f 286/1423/1376 1255/1436/1387 1252/62/57
f 273/177/157 276/1408/1363 1253/1435/1384
f 276/1411/1363 275/1410/1365 1254/1434/1386
f 275/1410/1368 274/1413/1367 1255/1436/1387
f 274/1413/1367 272/56/51 1252/62/57
f 1256/142/125 1258/1438/1389 329/1437/1388
f 1258/1438/1389 1259/1440/1391 328/1439/1390
f 1259/1440/1391 1260/1442/1393 327/1441/1392
f 1260/1442/1393 1257/187/167 325/188/168
f 310/91/83 312/1443/1394 1258/1438/1389
f 312/1443/1394 313/1444/1395 1259/1440/1391
f 313/1444/1395 314/1445/1396 1260/1442/1393
f 331/85/77 1261/84/76 1263/1446/1397
f 334/1447/1398 1263/1446/1397 1264/1448/1399
f 333/1449/1400 1264/1448/1399 1265/1450/1401
f 332/1451/1402 1265/1450/1401 1262/123/110
f 1261/84/76 315/88/80 317/1452/1403
f 1263/1446/1397 317/1452/1403 318/1453/1404
f 1265/1450/1401 319/1454/1405 316/124/111
f 306/81/73 1266/72/65 1268/1455/1406
f 309/1456/1407 1268/1455/1406 1269/1457/1408
f 308/1458/1409 1269/1457/1408 1270/1459/1410
f 307/1460/1411 1270/1459/1410 1267/140/124
f 1266/72/65 326/71/64 329/1437/1388
f 1268/1455/1406 329/1437/1388 328/1439/1390
f 1270/1459/1410 327/1441/1392 325/188/168
f 1271/86/78 1273/1462/1413 324/1461/1412
f 1273/1462/1413 1274/1464/1415 323/1463/1414
f 1274/1464/1415 1275/1466/1417 322/1465/1416
f 1275/1466/1417 1272/161/141 320/181/161
f 331/85/77 334/1447/1398 1273/1462/1413
f 334/1447/1398 333/1449/1400 1274/1464/1415
f 333/1449/1400 332/1451/1402 1275/1466/1417
f 332/1451/1402 330/126/113 1272/161/141
f 1276/77/69 1278/1468/1419 339/1467/1418
f 1278/1468/1419 1279/1470/1421 338/1469/1420
f 1279/1470/1421 1280/1472/1423 337/1471/1422
f 1280/1472/1423 1277/94/86 335/78/70
f 321/125/112 324/1461/1412 1278/1468/1419
f 324/1461/1412 323/1463/1414 1279/1470/1421
f 323/1463/1414 322/1465/1416 1280/1472/1423
f 1281/92/84 1283/1473/1424 312/1443/1394
f 1283/1473/1424 1284/1474/1425 313/1444/1395
f 1284/1474/1425 1285/1475/1426 314/1445/1396
f 1285/1475/1426 1282/74/67 311/186/166
f 340/97/88 342/1476/1427 1283/1473/1424
f 342/1476/1427 343/1477/1428 1284/1474/1425
f 343/1477/1428 344/1478/1429 1285/1475/1426
f 1286/98/89 1288/1479/1430 342/1476/1427
f 1288/1479/1430 1289/1480/1431 343/1477/1428
f 1289/1480/1431 1290/1481/1432 344/1478/1429
f 350/102/92 352/1482/1433 1288/1479/1430
f 352/1482/1433 353/1483/1434 1289/1480/1431
f 353/1483/1434 354/1484/1435 1290/1481/1432
f 354/1484/1435 351/179/159 1287/182/162
f 1291/93/85 1293/1486/1437 349/1485/1436
f 1293/1486/1437 1294/1488/1439 348/1487/1438
f 1295/1490/1441 1292/80/72 345/101/91
f 339/1467/1418 338/1469/1420 1294/1488/1439
f 338/1469/1420 337/1471/1422 1295/1490/1441
f 337/1471/1422 335/78/70 1292/80/72
f 373/185/165 1296/137/121 1298/1491/1442
f 376/1492/1443 1298/1491/1442 1299/1493/1444
f 375/1494/1445 1299/1493/1444 1300/1495/1446
f 374/1496/1447 1300/1495/1446 1297/172/152
f 1296/137/121 355/136/120 358/759/705
f 1298/1491/1442 358/759/705 368/763/709
f 1299/1493/1444 368/763/709 367/769/717
f 1300/1495/1446 367/769/717 357/173/153
f 1301/104/94 1303/1497/1448 352/1482/1433
f 1303/1497/1448 1304/1498/1449 353/1483/1434
f 1304/1498/1449 1305/1499/1450 354/1484/1435
f 1305/1499/1450 1302/156/137 351/179/159
f 373/185/165 376/1492/1443 1303/1497/1448
f 376/1492/1443 375/1494/1445 1304/1498/1449
f 375/1494/1445 374/1496/1447 1305/1499/1450
f 374/1496/1447 372/174/154 1302/156/137
f 1308/1500/1451 1309/1501/1452 363/772/720
f 1309/1501/1452 1310/1502/1453 369/770/718
f 1310/1502/1453 1307/171/151 357/173/153
f 346/184/164 349/1485/1436 1308/1500/1451
f 349/1485/1436 348/1487/1438 1309/1501/1452
f 348/1487/1438 347/1489/1440 1310/1502/1453
f 315/88/80 1311/109/97 1313/1503/1454
f 317/1452/1403 1313/1503/1454 1314/1504/1455
f 318/1453/1404 1314/1504/1455 1315/1505/1456
f 319/1454/1405 1315/1505/1456 1312/166/146
f 1311/109/97 382/110/98 384/1506/1457
f 1314/1504/1455 385/1507/1458 386/1508/1459
f 1315/1505/1456 386/1508/1459 383/130/116
f 378/111/99 1316/82/74 1318/1509/1460
f 381/1510/1461 1318/1509/1460 1319/1511/1462
f 380/1512/1463 1319/1511/1462 1320/1513/1464
f 1316/82/74 306/81/73 309/1456/1407
f 1319/1511/1462 308/1458/1409 307/1460/1411
f 1320/1513/1464 307/1460/1411 305/106/96
f 1321/122/109 1323/2151/1466 395/1515/724
f 1323/1516/1466 1324/1517/1467 396/787/733
f 1324/1517/1467 1325/1523/1468 403/788/729
f 1325/1518/1468 1322/150/133 393/783/730
f 387/1519/105 389/1521/1469 1323/1516/1466
f 389/1521/1469 390/1522/1470 1324/1517/1467
f 390/1522/1470 391/2152/1471 1325/1523/1468
f 391/1524/1471 388/147/130 1322/150/133
f 382/110/98 1326/116/103 1328/1525/1472
f 384/1506/1457 1328/1525/1472 1329/1526/1473
f 385/1507/1458 1329/1526/1473 1330/1527/1474
f 386/1508/1459 1330/1527/1474 1327/149/132
f 1326/116/103 394/117/104 406/792/737
f 1329/1526/1473 402/784/731 401/781/728
f 1330/1527/1474 401/781/728 393/783/730
f 387/118/105 1331/112/100 1333/1528/1475
f 389/1529/1469 1333/1528/1475 1334/1530/1476
f 390/1531/1470 1334/1530/1476 1335/1532/1477
f 391/1524/1471 1335/1532/1477 1332/148/131
f 1331/112/100 378/111/99 381/1510/1461
f 1333/1528/1475 381/1510/1461 380/1512/1463
f 1334/1530/1476 380/1512/1463 379/1514/1465
f 1335/1532/1477 379/1514/1465 377/114/101
f 394/117/104 1336/67/62 1338/1533/1478
f 397/774/723 1338/1537/1482 1337/175/155
f 1336/67/62 288/2137/689 297/1535/1479
f 1338/1537/1482 290/2139/684 287/176/156
f 1339/1538/42 1341/1542/1487 263/1539/1483
f 1341/1540/1486 1340/1544/118 249/721/660
f 356/1541/95 364/2153/712 1341/1542/1487
f 364/1543/706 355/2154/120 1340/1544/118
s 2
f 532/256/236 1342/255/235 1344/1545/1488
f 544/944/880 1344/1545/1488 1345/1546/1489
f 1345/1546/1489 1346/1547/1490 535/931/867
f 1346/1547/1490 1343/257/237 530/239/219
f 1342/255/235 548/271/251 553/950/886
f 1344/1545/1488 553/950/886 563/953/889
f 1349/1548/1491 1350/1550/1493 558/958/894
f 564/962/898 1351/1549/1492 1348/236/216
f 567/227/207 572/966/902 1349/1548/1491
f 572/966/902 581/969/905 1350/1550/1493
f 1350/1550/1493 581/969/905 580/980/917
s 3
f 1352/284/264 1354/1554/1494 575/1551/910
f 1354/1552/1494 1355/1555/1497 576/983/1495
s 2
f 1355/1553/1496 1353/238/218 569/265/245
s 3
f 1352/284/264 531/285/265 541/938/874
f 1354/1552/1494 541/941/874 534/932/878
s 2
f 1355/1553/1496 533/930/866 530/239/219
s 3
f 1361/245/225 1363/1559/1501 539/939/875
f 1363/1559/1501 1364/1562/1504 540/1560/1502
f 1361/245/225 513/247/227 523/918/855
f 1363/1559/1501 523/918/855 516/922/859
f 1367/1564/1505 1368/1569/1508 522/1565/1506
s 2
f 438/829/767 1371/1571/1510 1372/1572/1511
f 1377/1578/1518 1378/1579/1520 447/838/1519
f 1378/1579/1520 1375/232/212 443/314/294
f 1374/254/234 411/240/220 422/811/753
f 1376/1577/1516 422/811/753 418/812/751
f 1377/1578/1518 418/812/751 417/803/748
f 1378/1579/1520 417/803/748 410/805/750
f 1381/1581/1521 1382/1582/1523 440/836/1522
f 1383/1583/1525 1380/243/223 436/229/209
f 1381/1581/1521 451/1584/1515 452/1585/1526
f 1383/1583/1525 449/845/1527 444/842/1528
f 470/870/806 1388/1588/1531 1385/274/254
f 424/215/195 428/814/1532 1386/1586/1529
f 477/268/248 1389/258/238 1391/1591/1534
f 480/875/1535 1391/1591/1534 1392/1592/1536
f 1840/1593/1537 1392/1592/1536 1393/1594/1538
f 483/1595/1539 1393/1594/1538 1390/334/314
f 470/869/806 463/318/298 1390/334/314
f 1398/1599/1543 1395/261/241 479/266/246
f 1394/204/184 426/272/252 431/826/1544
f 1397/1598/1542 432/823/1545 429/822/1546
f 1398/1599/1543 429/822/1546 425/819/1547
f 1399/252/232 1401/1601/1549 461/1600/1548
f 1401/1601/1549 1402/1602/1551 1838/853/1550
f 1402/1602/1551 1403/1603/1553 457/849/1552
f 1403/1603/1553 1400/290/270 453/339/319
f 1399/252/232 488/275/255 495/894/832
f 1401/1601/1549 495/894/832 491/886/825
f 1402/1602/1551 491/886/825 490/884/823
f 1403/1603/1553 490/884/823 487/288/268
f 1404/324/304 1406/1604/1554 495/893/832
f 1406/1604/1554 1407/1605/1555 496/891/830
f 1407/1605/1555 1408/1606/1556 500/896/834
f 1408/1606/1556 1405/196/176 489/280/260
f 1404/324/304 503/325/305 507/1607/1557
f 1406/1604/1554 507/1607/1557 508/901/1558
f 1407/1605/1555 508/901/1558 505/900/1559
f 1408/1606/1556 505/900/1559 502/194/174
f 1409/338/318 1411/1609/1560 507/1608/1557
f 1411/1609/1560 1412/1610/1563 508/909/1561
f 1412/1610/1563 1413/1611/1569 511/906/1564
f 1413/1611/1565 1410/281/261 504/286/266
f 1409/338/318 455/191/171 461/1612/1548
f 1411/1609/1560 461/1612/1548 459/858/1567
f 1412/1610/1563 459/858/1567 457/857/1568
f 1413/1611/1565 457/857/793 454/854/792
f 597/998/941 1416/1613/1570 1417/1614/1571
f 590/987/925 1418/1615/1572 1415/278/258
f 1416/1613/1570 612/1011/954 606/1005/948
f 1418/1615/1572 605/1003/946 602/317/297
f 1419/304/284 1421/1617/1573 623/1022/963
f 1421/1617/1573 1422/1618/1574 624/1032/973
f 1422/1618/1574 1423/1619/1575 630/1028/969
f 1423/1619/1575 1420/1620/198 621/1029/200
f 604/303/283 617/1017/959 1421/1617/1573
f 617/1017/959 611/1013/955 1422/1618/1574
f 611/1013/955 610/1010/953 1423/1619/1575
f 610/1010/953 603/1012/312 1420/1620/198
f 1424/307/287 1426/1621/1576 593/995/935
f 1427/1622/1577 1428/1623/1578 599/999/942
f 1424/307/287 622/306/286 634/1034/975
f 1427/1622/1577 629/1030/970 628/1027/968
f 655/1063/303 664/1062/1003 1431/1626/1579
f 664/1062/1003 658/1066/1007 1432/1627/1580
f 657/1056/996 654/337/317 1430/222/202
f 672/1085/316 1434/1632/315 1436/1629/1582
f 683/1083/1026 1436/1629/1582 1437/1630/1583
f 684/1077/1019 1437/1630/1583 1438/1631/1584
f 674/1073/1015 1438/1631/1584 1435/208/188
f 1434/1632/315 638/1051/299 651/1050/992
f 1436/1629/1582 651/1050/992 645/1046/988
f 1437/1630/1583 645/1046/988 644/1044/986
f 1438/1631/1584 644/1044/986 637/310/290
f 1439/309/289 1441/1633/1585 678/1081/1023
f 1439/309/289 656/308/288 668/1068/1009
f 1443/1635/1587 662/1061/1002 655/1063/303
f 1444/329/309 1446/1637/1588 691/1090/1032
f 1446/1637/1588 1447/1638/1589 692/1100/1042
f 1447/1638/1589 1448/1639/1590 699/1096/1039
f 1448/1639/1590 1445/1640/181 689/1097/191
f 706/328/308 711/1105/1049 1446/1637/1588
f 711/1105/1049 720/1108/1052 1447/1638/1589
f 720/1108/1052 719/1116/1060 1448/1639/1590
f 719/1116/1060 708/1118/179 1445/1640/181
f 1449/198/178 1451/1641/1591 714/1111/1055
f 1451/1641/1591 1452/1644/1593 715/1113/1057
f 715/1113/1057 1452/1644/1593 1453/1642/1592
f 721/1117/1061 1453/1642/1592 1450/1643/306
f 724/1121/1063 729/1123/1065 1451/1641/1591
f 729/1123/1065 739/1126/1068 1452/1644/1593
f 1452/1644/1593 739/1126/1068 738/1134/1079
f 1453/1642/1592 738/1134/1079 726/1136/307
f 725/301/281 1454/300/280 1456/1645/1594
f 1456/1645/1594 1457/1646/1596 734/1138/1595
f 1457/1646/1596 1458/1647/1597 740/1135/1080
f 1458/1647/1597 1455/1648/190 726/1136/307
f 1454/300/280 690/302/282 703/1103/1045
f 1456/1645/1594 703/1103/1045 698/1098/1040
f 1457/1646/1596 698/1098/1040 697/1095/1038
f 1458/1647/1597 697/1095/1038 689/1097/191
f 409/165/145 1459/164/144 1461/1649/1598
f 412/796/741 1461/1649/1598 1462/1650/1599
f 413/798/1600 1462/1650/1599 1463/1651/1601
f 1463/1651/1601 1460/233/213 410/805/750
f 1459/164/144 602/317/297 607/1004/947
f 1461/1649/1598 607/1004/947 616/1007/950
f 616/1007/950 615/1016/958 1463/1651/1601
f 615/1016/958 604/303/283 1460/233/213
f 622/306/286 1464/244/224 1466/1652/1602
s 35
f 1466/1652/1603 1467/1655/1609 633/1025/1604
s 2
f 1467/1653/1607 1465/315/295 620/316/296
f 444/842/1528 446/844/2120 1466/1652/1602
f 1467/1653/1607 446/837/2121 443/314/294
f 424/215/195 1468/217/197 1470/1656/1610
f 1471/1658/1615 1469/262/242 425/819/1547
f 654/337/317 659/1055/995 1470/1656/1610
s 36
f 1470/1656/1613 659/1055/2122 667/1059/1617
s 2
f 1471/1658/1615 666/1069/1010 656/308/288
f 670/1071/1013 1472/207/187 1474/1659/1619
f 1474/1659/1621 1475/1662/1626 680/1660/1622
f 1475/1661/1623 1473/267/247 671/311/291
f 1472/207/187 477/268/248 481/876/1624
f 485/879/817 479/266/246 1473/267/247
f 1476/279/259 1478/1663/1628 498/895/833
f 1478/1663/1628 1479/1664/1630 499/888/1629
f 1479/1664/1630 1480/1665/1631 492/885/824
f 1480/1665/1631 1477/1666/1632 487/288/268
f 707/299/279 716/1112/1056 1478/1663/1628
f 716/1112/1056 710/1106/1050 1479/1664/1630
f 710/1106/1050 709/1104/1048 1480/1665/1631
f 709/1104/1048 706/328/308 1477/1666/1632
f 690/302/282 1481/282/262 1483/1667/1633
f 702/1093/1036 1483/1670/1635 1484/1669/1634
f 693/1089/1031 1484/1669/1637 1482/340/320
f 1481/282/262 454/854/792 460/856/794
f 1483/1670/1635 460/850/2123 456/848/1636
f 1484/1669/1637 456/848/788 453/339/319
f 585/985/923 1485/277/257 1487/1671/1638
s 37
f 1487/1671/1640 1488/1673/1646 589/988/1641
s 2
f 1488/1672/1644 1486/231/211 586/305/285
f 1485/277/257 434/205/185 437/828/768
f 1488/1672/1644 442/832/770 436/229/209
f 464/260/240 1489/259/239 1491/1674/1647
f 473/871/807 1491/1674/1647 1492/1675/1648
f 474/866/1649 1492/1675/1648 1493/1676/1650
f 467/861/799 1493/1676/1650 1490/294/274
f 1489/259/239 637/310/290 646/1045/987
f 1491/1674/1647 646/1045/987 640/1039/981
f 1492/1675/1648 640/1039/981 639/1037/979
f 1493/1676/1650 639/1037/979 636/221/201
f 1494/287/267 1496/1679/1659 509/905/1651
f 509/905/1652 1496/1679/1653 1497/1677/1653
f 510/904/1655 1497/1677/1660 1498/1678/1656
f 506/899/1658 1498/1678/1661 1495/197/177
f 725/301/281 735/1130/1072 1496/1679/1659
f 1496/1679/1653 735/1130/1072 728/1124/1076
f 1497/1677/1660 728/1124/1066 727/1125/1067
f 1498/1678/1661 727/1125/1067 724/1121/1063
s 4
f 764/366/343 1499/365/342 1501/1680/1662
f 767/1681/1663 1501/1680/1662 1502/1682/1664
f 766/1683/1666 1502/1682/1671 1503/1684/1667
f 1503/1686/1667 1500/480/443 763/521/479
f 1499/365/342 748/356/333 750/1688/1669
f 1501/1680/1662 750/1688/1669 751/1689/1670
f 1502/1682/1671 751/1689/1709 752/1690/1672
f 752/1691/1672 749/376/352 1500/480/443
f 1504/402/376 1506/1693/1674 772/1692/1673
f 1506/1693/1674 1507/1695/1680 771/1694/1675
f 1507/1695/1676 1508/1700/1682 770/1696/1677
f 770/1697/1677 1508/1701/1682 1505/460/426
f 753/532/488 755/1698/1679 1506/1693/1674
f 755/1698/1679 756/1699/1748 1507/1695/1680
f 756/1699/1681 757/1769/1750 1508/1700/1682
f 1508/1701/1682 757/1770/1750 754/359/336
f 1509/470/435 1511/1703/1684 747/1702/1683
f 1511/1703/1684 1512/1705/1689 746/1704/1685
f 1512/1705/1686 1513/1709/1690 745/1706/1687
f 745/1706/1687 1513/1709/1690 1510/1707/325
f 764/366/343 767/1681/1663 1511/1703/1684
f 767/1681/1663 766/1683/1665 1512/1705/1689
f 766/1683/1666 765/1685/1668 1513/1709/1690
f 1513/1709/1690 765/1685/1668 763/1710/479
f 759/499/458 1514/367/344 1516/1711/1691
f 762/1712/1692 1516/1711/1691 1517/1713/1693
f 761/1714/1695 1517/1713/1698 1518/1715/1696
f 1518/1717/1696 1515/364/341 758/351/329
f 1514/367/344 769/349/328 772/1692/1673
f 1516/1711/1691 772/1692/1673 771/1694/1675
f 1517/1713/1698 771/1694/1678 770/1696/1677
f 770/1697/1677 768/362/339 1515/364/341
f 774/500/459 1519/494/455 1521/1719/1699
f 777/1720/1700 1521/1719/1699 1522/1721/1701
f 776/1722/1703 1522/1721/1706 1523/1723/1704
f 1523/1725/1704 1520/353/331 773/370/346
f 1519/494/455 759/499/458 762/1712/1692
f 1521/1719/1699 762/1712/1692 761/1714/1694
f 1522/1721/1706 761/1714/1695 760/1716/1697
f 760/1718/1697 758/351/329 1520/353/331
f 748/356/333 1524/355/332 1526/1727/1707
f 750/1688/1669 1526/1727/1707 1527/1728/1708
f 751/1689/1709 1527/1728/1713 1528/1729/1710
f 1528/1730/1710 1525/374/350 749/376/352
f 1524/355/332 778/385/360 780/1731/1711
f 1526/1727/1707 780/1731/1711 781/1732/1712
f 1527/1728/1713 781/1732/1717 782/1733/1714
f 782/1734/1714 779/373/349 1525/374/350
f 778/385/360 1529/394/368 1531/1735/1715
f 780/1731/1711 1531/1735/1715 1532/1736/1716
f 781/1732/1717 1532/1736/1721 1533/1737/1718
f 1533/1738/1718 1530/371/347 779/373/349
f 1529/394/368 788/393/367 790/1739/1719
f 1531/1735/1715 790/1739/1719 791/1740/1720
f 1532/1736/1721 791/1740/1739 792/1741/1722
f 792/1742/1722 789/383/359 1530/371/347
f 784/533/489 1534/525/482 1536/1743/1723
f 787/1744/1724 1536/1743/1723 1537/1745/1725
f 786/1746/1727 1537/1745/1730 1538/1747/1728
f 1538/1749/1728 1535/378/354 783/380/356
f 1534/525/482 774/500/459 777/1720/1700
f 1536/1743/1723 777/1720/1700 776/1722/1702
f 1537/1745/1730 776/1722/1703 775/1724/1705
f 775/1726/1705 773/370/346 1535/378/354
f 1539/511/469 1541/1752/1732 815/1751/1731
f 1541/1752/1732 1542/1754/1734 814/1753/1733
f 1542/1754/1734 1543/1758/1736 813/1755/1735
f 1543/1756/1736 1540/524/437 811/390/365
f 794/1148/1094 804/1147/1093 1541/1752/1732
f 804/1147/1093 797/1151/1097 1542/1754/1734
f 797/1151/1097 796/1142/1088 1543/1758/1736
f 796/1142/1088 793/1139/1085 1540/474/437
f 788/393/367 1544/493/454 1546/1759/1737
f 790/1739/1719 1546/1759/1741 1547/1760/1738
f 791/1740/1739 1547/1760/1742 1548/1761/1740
f 792/1742/1722 1548/1762/1740 1545/381/357
f 1544/493/454 812/509/467 815/1751/1731
f 1546/1759/1741 815/1751/1731 814/1753/1733
f 1547/1760/1742 814/1753/1733 813/1755/1735
f 813/1757/1735 811/390/365 1545/381/357
f 794/1148/1094 1549/510/468 1551/1763/1743
f 802/1146/1092 1551/1763/1743 1552/1764/1744
f 803/1149/1104 1552/1764/1746 1553/1765/1745
f 808/1154/1100 1553/1766/1745 1550/387/362
f 1549/510/468 784/533/489 787/1744/1724
f 1551/1763/1743 787/1744/1724 786/1746/1726
f 1552/1764/1746 786/1746/1727 785/1748/1729
f 1553/1766/1745 785/1750/1729 783/380/356
f 1554/410/383 1556/1767/1747 755/1698/1679
f 1556/1767/1747 1557/1768/1752 756/1699/1748
f 1557/1768/1749 1558/1773/1754 757/1769/1750
f 757/1770/1750 1558/1774/1754 1555/503/461
f 821/469/434 823/1771/1751 1556/1767/1747
f 823/1771/1751 824/1772/1770 1557/1768/1752
f 824/1772/1753 825/1793/1772 1558/1773/1754
f 1558/1774/1754 825/1795/1772 822/399/373
f 1559/342/322 1561/1776/1756 820/1775/1755
f 1561/1776/1756 1562/1778/1761 819/1777/1757
f 1562/1778/1758 1563/1781/1762 818/1779/1759
f 818/1780/1759 1563/2155/1762 1560/395/369
f 744/344/324 747/1702/1683 1561/1776/1756
f 747/1702/1683 746/1704/1685 1562/1778/1761
f 746/1704/1688 745/1706/1687 1563/1781/1762
f 1563/1781/1762 745/1706/1687 743/1708/334
f 833/1175/1124 1564/484/446 1566/1783/1763
f 844/1173/1122 1566/1783/1763 1567/1784/1764
f 845/1164/1111 1567/1784/1764 1568/1785/1765
f 835/1786/1107 1568/1790/1765 1565/461/427
f 1564/484/446 826/486/448 828/1787/1766
f 1566/1783/1763 828/1787/1766 829/1788/1767
f 1567/1784/1764 829/1788/1767 830/1789/1768
f 1568/1790/1765 830/1800/1768 827/405/379
f 1569/485/447 1571/1791/1769 823/1771/1751
f 1571/1791/1769 1572/1792/1774 824/1772/1770
f 1572/1792/1771 1573/1796/1773 825/1793/1772
f 1573/1794/1773 1570/407/381 822/399/373
f 833/1175/1124 846/1174/1123 1571/1791/1769
f 846/1174/1123 840/1177/1126 1572/1792/1774
f 840/1177/1775 839/1169/1116 1573/1796/1773
f 839/1797/1116 832/1166/1113 1570/407/381
f 1574/487/449 1576/1798/1776 828/1787/1766
f 1576/1798/1776 1577/1799/1778 829/1788/1767
f 1577/1799/1777 1578/1801/1779 830/1789/1768
f 830/1800/1768 1578/1802/1779 1575/403/377
f 817/518/476 820/1775/1755 1576/1798/1776
f 820/1775/1755 819/1777/1757 1577/1799/1778
f 819/1777/1760 818/1779/1759 1578/1801/1779
f 818/1780/1759 816/397/371 1575/403/377
f 1579/483/445 1581/1804/1781 873/1803/1780
f 1581/1804/1781 1582/1806/1783 872/1805/1782
f 1582/1806/1783 1583/1808/1785 871/1807/1784
f 1583/1808/1785 1580/530/486 869/531/487
f 854/432/402 856/1809/1786 1581/1804/1781
f 856/1809/1786 857/1810/1787 1582/1806/1783
f 857/1810/1787 858/1811/1788 1583/1808/1785
f 858/1811/1788 855/529/485 1580/530/486
f 875/426/396 1584/425/395 1586/1812/1789
f 878/1813/1790 1586/1812/1789 1587/1814/1791
f 877/1815/1792 1587/1814/1791 1588/1816/1793
f 876/1817/1794 1588/1816/1793 1585/464/430
f 1584/425/395 859/429/399 861/1818/1795
f 1586/1812/1789 861/1818/1795 862/1819/1796
f 1587/1814/1791 862/1819/1796 863/1820/1797
f 1588/1816/1793 863/1820/1797 860/465/431
f 850/422/392 1589/413/385 1591/1821/1798
f 853/1822/1799 1591/1821/1798 1592/1823/1800
f 852/1824/1801 1592/1823/1800 1593/1825/1802
f 851/1826/1803 1593/1825/1802 1590/481/444
f 1589/413/385 870/412/384 873/1803/1780
f 1591/1821/1798 873/1803/1780 872/1805/1782
f 1592/1823/1800 872/1805/1782 871/1807/1784
f 1593/1825/1802 871/1807/1784 869/531/487
f 1594/427/397 1596/1828/1805 868/1827/1804
f 1596/1828/1805 1597/1830/1807 867/1829/1806
f 1597/1830/1807 1598/1832/1809 866/1831/1808
f 1598/1832/1809 1595/502/460 864/522/480
f 875/426/396 878/1813/1790 1596/1828/1805
f 878/1813/1790 877/1815/1792 1597/1830/1807
f 877/1815/1792 876/1817/1794 1598/1832/1809
f 876/1817/1794 874/467/433 1595/502/460
f 1599/418/389 1601/1834/1811 883/1833/1810
f 1601/1834/1811 1602/1836/1813 882/1835/1812
f 1602/1836/1813 1603/1838/1815 881/1837/1814
f 1603/1838/1815 1600/435/405 879/419/390
f 865/466/432 868/1827/1804 1601/1834/1811
f 868/1827/1804 867/1829/1806 1602/1836/1813
f 867/1829/1806 866/1831/1808 1603/1838/1815
f 866/1831/1808 864/522/480 1600/435/405
f 1604/433/403 1606/1839/1816 856/1809/1786
f 1606/1839/1816 1607/1840/1817 857/1810/1787
f 1607/1840/1817 1608/1841/1818 858/1811/1788
f 1608/1841/1818 1605/415/387 855/529/485
f 884/438/407 886/1842/1819 1606/1839/1816
f 886/1842/1819 887/1843/1820 1607/1840/1817
f 887/1843/1820 888/1844/1821 1608/1841/1818
f 888/1844/1821 885/479/442 1605/415/387
f 1609/439/408 1611/1845/1822 886/1842/1819
f 1611/1845/1822 1612/1846/1823 887/1843/1820
f 1612/1846/1823 1613/1847/1824 888/1844/1821
f 1613/1847/1824 1610/523/481 885/479/442
f 894/443/412 896/1848/1825 1611/1845/1822
f 896/1848/1825 897/1849/1826 1612/1846/1823
f 897/1849/1826 898/1850/1827 1613/1847/1824
f 898/1850/1827 895/520/478 1610/523/481
f 1614/434/404 1616/1852/1829 893/1851/1828
f 1616/1852/1829 1617/1854/1831 892/1853/1830
f 1617/1854/1831 1618/1856/1833 891/1855/1832
f 1618/1856/1833 1615/421/391 889/442/411
f 880/496/456 883/1833/1810 1616/1852/1829
f 883/1833/1810 882/1835/1812 1617/1854/1831
f 882/1835/1812 881/1837/1814 1618/1856/1833
f 881/1837/1814 879/419/390 1615/421/391
f 917/528/484 1619/1863/441 1621/1857/1834
f 920/1858/1835 1621/1857/1834 1622/1859/1836
f 919/1860/1837 1622/1859/1836 1623/1861/1838
f 918/1862/1839 1623/1861/1838 1620/513/471
f 1619/1863/441 899/1178/440 903/1180/1129
f 1621/1857/1834 903/1180/1129 912/1184/1133
f 1622/1859/1836 912/1184/1133 911/1190/1141
f 1623/1861/1838 911/1190/1141 901/514/472
f 1624/445/414 1626/1864/1840 896/1848/1825
f 1626/1864/1840 1627/1865/1841 897/1849/1826
f 1627/1865/1841 1628/1866/1842 898/1850/1827
f 1628/1866/1842 1625/497/457 895/520/478
f 917/528/484 920/1858/1835 1626/1864/1840
f 920/1858/1835 919/1860/1837 1627/1865/1841
f 919/1860/1837 918/1862/1839 1628/1866/1842
f 918/1862/1839 916/515/473 1625/497/457
f 1629/440/409 1631/1867/1843 907/1188/1137
f 1631/1867/1843 1632/1868/1844 908/1193/1144
f 1632/1868/1844 1633/1869/1845 913/1191/1142
f 1633/1869/1845 1630/512/470 901/514/472
f 890/526/483 893/1851/1828 1631/1867/1843
f 893/1851/1828 892/1853/1830 1632/1868/1844
f 892/1853/1830 891/1855/1832 1633/1869/1845
f 891/1855/1832 889/442/411 1630/512/470
f 859/429/399 1634/450/417 1636/1870/1846
f 861/1818/1795 1636/1870/1846 1637/1871/1847
f 862/1819/1796 1637/1871/1847 1638/1872/1848
f 863/1820/1797 1638/1872/1848 1635/507/465
f 1634/450/417 926/451/418 928/1873/1849
f 1636/1870/1846 928/1873/1849 929/1874/1850
f 1637/1871/1847 929/1874/1850 930/1875/1851
f 1638/1872/1848 930/1875/1851 927/471/436
f 922/452/419 1639/423/393 1641/1876/1852
f 925/1877/1853 1641/1876/1852 1642/1878/1854
f 924/1879/1855 1642/1878/1854 1643/1880/1856
f 923/1881/1857 1643/1880/1856 1640/456/422
f 1639/423/393 850/422/392 853/1822/1799
f 1641/1876/1852 853/1822/1799 852/1824/1801
f 1642/1878/1854 852/1824/1801 851/1826/1803
f 1643/1880/1856 851/1826/1803 849/447/416
f 1644/463/429 1646/1882/1858 939/1196/1148
f 1646/1882/1858 1647/1883/1859 940/1205/1157
f 1647/1883/1859 1648/1884/1860 947/1201/1153
f 1648/1884/1860 1645/491/453 937/1202/1154
f 931/459/425 933/1885/1861 1646/1882/1858
f 933/1885/1861 934/1886/1862 1647/1883/1859
f 934/1886/1862 935/1887/1863 1648/1884/1860
f 935/1887/1863 932/488/450 1645/491/453
f 926/451/418 1649/457/423 1651/1888/1864
f 928/1873/1849 1651/1888/1864 1652/1889/1865
f 929/1874/1850 1652/1889/1865 1653/1890/1866
f 930/1875/1851 1653/1890/1866 1650/490/452
f 1649/457/423 938/458/424 950/1208/1161
f 1651/1888/1864 950/1208/1161 946/1203/1155
f 1652/1889/1865 946/1203/1155 945/1200/1152
f 1653/1890/1866 945/1200/1152 937/1202/1154
f 931/459/425 1654/453/420 1656/1891/1867
f 933/1885/1861 1656/1891/1867 1657/1892/1868
f 934/1886/1862 1657/1892/1868 1658/1893/1869
f 935/1887/1863 1658/1893/1869 1655/489/451
f 1654/453/420 922/452/419 925/1877/1853
f 1656/1891/1867 925/1877/1853 924/1879/1855
f 1657/1892/1868 924/1879/1855 923/1881/1857
f 1658/1893/1869 923/1881/1857 921/455/421
f 938/458/424 1659/408/382 1661/1894/1870
f 941/1195/1147 1661/1897/1875 1660/516/474
f 1659/408/382 832/1166/1113 841/1168/1871
f 1661/1897/1875 834/2156/1108 831/517/475
f 1662/388/363 1664/1902/1879 807/1898/1876
f 1664/1901/1878 1663/475/438 793/1139/1085
f 900/446/415 902/1187/1136 1664/1902/1879
f 902/1903/1130 899/477/440 1663/475/438
s 5
f 974/555/508 1665/554/507 1667/1904/1880
f 977/1905/1881 1667/1904/1880 1668/1906/1882
f 976/1907/1884 1668/1906/1889 1669/1908/1885
f 1669/1910/1885 1666/670/612 973/708/648
f 1665/554/507 958/545/498 960/1912/1887
f 1667/1904/1880 960/1912/1887 961/1913/1888
f 1668/1906/1889 961/1913/1927 962/1914/1890
f 962/1915/1890 959/565/517 1666/670/612
f 1670/591/542 1672/1922/1892 982/1916/1891
f 1672/1917/1892 1673/1920/1898 981/1918/1893
f 1673/1920/1894 1674/1925/1900 980/1921/1895
f 980/1921/1895 1674/1925/1900 1671/650/595
f 963/719/658 965/1987/1897 1672/1922/1892
f 965/1923/1897 966/1924/1963 1673/1920/1898
f 966/1924/1899 967/1990/1965 1674/1925/1900
f 1674/1925/1900 967/1990/1965 964/548/501
f 1675/660/604 1677/1927/1902 957/1926/1901
f 1677/1927/1902 1678/1929/1907 956/1928/1903
f 1678/1929/1904 1679/1932/1908 955/1930/1905
f 955/1931/1905 1679/1933/1908 1676/534/490
f 974/555/508 977/1905/1881 1677/1927/1902
f 977/1905/1881 976/1907/1883 1678/1929/1907
f 976/1907/1884 975/1909/1886 1679/1932/1908
f 1679/1933/1908 975/1911/1886 973/708/648
f 969/689/630 1680/556/509 1682/1934/1909
f 972/1936/1910 1682/1941/1909 1683/1937/1911
f 971/1938/1913 1683/1937/1916 1684/1939/1914
f 1684/1939/1914 1681/553/506 968/540/494
f 1680/556/509 979/538/493 982/1916/1891
f 1682/1941/1909 982/1919/1891 981/1918/1893
f 1683/1937/1916 981/1918/1896 980/1921/1895
f 980/1921/1895 978/551/504 1681/553/506
f 984/690/631 1685/684/625 1687/1942/1917
f 987/1943/1918 1687/1942/1917 1688/1944/1919
f 986/1946/1921 1688/1950/1924 1689/1947/1922
f 1689/1947/1922 1686/542/496 983/559/511
f 1685/684/625 969/689/630 972/1935/1910
f 1687/1949/1917 972/1936/1910 971/1938/1912
f 1688/1950/1924 971/1938/1913 970/1940/1915
f 970/1940/1915 968/540/494 1686/542/496
f 958/545/498 1690/544/497 1692/1951/1925
f 960/1912/1887 1692/1951/1925 1693/1952/1926
f 961/1913/1927 1693/1952/1931 1694/1953/1928
f 1694/1954/1928 1691/563/515 959/565/517
f 1690/544/497 988/574/525 990/1955/1929
f 1692/1951/1925 990/1955/1929 991/1956/1930
f 1693/1952/1931 991/1956/1935 992/1957/1932
f 992/1957/1932 989/1962/514 1691/1958/515
f 988/574/525 1695/583/534 1697/1959/1933
f 990/1955/1929 1697/1959/1933 1698/1960/1934
f 991/1956/1935 1698/1960/1939 1699/1961/1936
f 1699/1961/1936 1696/1966/512 989/1962/514
f 1695/583/534 998/582/533 1000/1963/1937
f 1697/1959/1933 1000/1963/1937 1001/1964/1938
f 1698/1960/1939 1001/1964/1954 1002/1965/1940
f 1002/1965/1940 999/1982/524 1696/1966/512
f 994/720/659 1700/713/653 1702/1967/1941
f 997/1968/1942 1702/1967/1941 1703/1969/1943
f 996/1971/1945 1703/1974/1948 1704/1972/1946
f 1704/1972/1946 1701/567/519 993/569/521
f 1700/713/653 984/690/631 987/1943/1918
f 1702/1967/1941 987/1943/1918 986/1945/1920
f 1703/1974/1948 986/1946/1921 985/1948/1923
f 985/1948/1923 983/559/511 1701/567/519
f 1705/698/638 1707/1975/1949 1034/1248/1201
f 1707/1975/1949 1708/1976/1950 1035/1236/1191
f 1708/1976/1950 1709/1977/1951 1026/1233/1188
f 1709/1977/1951 1706/664/606 1021/712/652
f 1004/1220/1175 1014/1219/1174 1707/1975/1949
f 1014/1219/1174 1007/1223/1178 1708/1976/1950
f 1007/1223/1178 1006/1213/1168 1709/1977/1951
f 1006/1213/1168 1003/1210/1165 1706/664/606
f 998/582/533 1710/683/624 1712/1978/1952
f 1000/1963/1937 1712/1978/1956 1713/1979/1953
f 1001/1964/1954 1713/1979/1957 1714/1980/1955
f 1002/1965/1940 1714/1980/1955 1711/1981/522
f 1710/683/624 1023/696/636 1036/1247/1200
f 1712/1978/1956 1036/1247/1200 1030/1242/1204
f 1713/1979/1957 1030/1242/1196 1029/1239/1194
f 1714/1980/1955 1029/1239/1194 1022/1241/530
f 1004/1220/1175 1715/697/637 1717/1983/1958
f 1012/1218/1173 1717/1983/1958 1718/1984/1959
f 1013/1230/1185 1718/1986/1961 1719/1985/1960
f 1018/1226/1181 1719/1985/1960 1716/576/527
f 1715/697/637 994/720/659 997/1968/1942
f 1717/1983/1958 997/1968/1942 996/1970/1944
f 1718/1986/1961 996/1971/1945 995/1973/1947
f 1719/1985/1960 995/1973/1947 993/569/521
f 1720/599/549 1722/1991/1962 965/1987/1897
f 1722/1988/1962 1723/1989/1967 966/1924/1963
f 1723/1989/1964 1724/1994/1969 967/1990/1965
f 967/1990/1965 1724/1994/1969 1721/693/633
f 1044/659/603 1046/2011/1966 1722/1991/1962
f 1046/1992/1966 1047/1993/1985 1723/1989/1967
f 1047/1993/1968 1048/2014/1987 1724/1994/1969
f 1724/1994/1969 1048/2014/1987 1045/588/539
f 1725/504/462 1727/1996/1971 1043/1995/1970
f 1727/1996/1971 1728/1998/1976 1042/1997/1972
f 1728/1998/1973 1729/2001/1977 1041/1999/1974
f 1041/2000/1974 1729/2002/1977 1726/584/535
f 954/506/464 957/1926/1901 1727/1996/1971
f 957/1926/1901 956/1928/1903 1728/1998/1976
f 956/1928/1906 955/1930/1905 1729/2001/1977
f 1729/2002/1977 955/1931/1905 953/546/499
f 1056/1267/1224 1730/674/615 1732/2003/1978
f 1067/1265/1222 1732/2003/1978 1733/2004/1979
f 1068/1255/1211 1733/2004/1979 1734/2005/1980
f 1058/1251/1207 1734/2005/1980 1731/2006/596
f 1730/674/615 1049/676/617 1051/2007/1981
f 1732/2003/1978 1051/2007/1981 1052/2008/1982
f 1733/2004/1979 1052/2008/1982 1053/2009/1983
f 1734/2010/1980 1053/2021/1983 1050/594/545
f 1735/675/616 1737/2016/1984 1046/2011/1966
f 1737/2012/1984 1738/2013/1989 1047/1993/1985
f 1738/2013/1986 1739/2015/1988 1048/2014/1987
f 1739/2015/1988 1736/596/547 1045/588/539
f 1056/1267/1224 1069/1266/1223 1737/2016/1984
f 1069/2017/1223 1063/2018/1226 1738/2013/1989
f 1063/2018/1990 1062/1260/1216 1739/2015/1988
f 1062/1260/1216 1055/1257/1213 1736/596/547
f 1740/677/618 1742/2019/1991 1051/2007/1981
f 1742/2019/1991 1743/2020/1993 1052/2008/1982
f 1743/2020/1992 1744/2022/1994 1053/2009/1983
f 1053/2021/1983 1744/2023/1994 1741/592/543
f 1040/705/645 1043/1995/1970 1742/2019/1991
f 1043/1995/1970 1042/1997/1972 1743/2020/1993
f 1042/1997/1975 1041/1999/1974 1744/2022/1994
f 1041/2000/1974 1039/586/537 1741/592/543
f 1745/673/614 1747/2025/1996 1096/2024/1995
f 1747/2025/1996 1748/2027/1998 1095/2026/1997
f 1748/2027/1998 1749/2029/2000 1094/2028/1999
f 1749/2029/2000 1746/717/656 1092/718/657
f 1077/621/569 1079/2030/2001 1747/2025/1996
f 1079/2030/2001 1080/2031/2002 1748/2027/1998
f 1080/2031/2002 1081/2032/2003 1749/2029/2000
f 1081/2032/2003 1078/716/655 1746/717/656
f 1098/615/563 1750/614/562 1752/2033/2004
f 1101/2034/2005 1752/2033/2004 1753/2035/2006
f 1099/2038/2009 1754/2037/2008 1751/654/599
f 1750/614/562 1082/618/566 1084/2039/2010
f 1753/2035/2006 1085/2040/2011 1086/2041/2012
f 1754/2037/2008 1086/2041/2012 1083/655/600
f 1073/611/559 1755/602/551 1757/2042/2013
f 1076/2043/2014 1757/2042/2013 1758/2044/2015
f 1075/2045/2016 1758/2044/2015 1759/2046/2017
f 1074/2047/2018 1759/2046/2017 1756/671/613
f 1755/602/551 1093/601/550 1096/2024/1995
f 1757/2042/2013 1096/2024/1995 1095/2026/1997
f 1758/2044/2015 1095/2026/1997 1094/2028/1999
f 1760/616/564 1762/2049/2020 1091/2048/2019
f 1762/2049/2020 1763/2051/2022 1090/2050/2021
f 1763/2051/2022 1764/2053/2024 1089/2052/2023
f 1764/2053/2024 1761/692/632 1087/709/649
f 1098/615/563 1101/2034/2005 1762/2049/2020
f 1101/2034/2005 1100/2036/2007 1763/2051/2022
f 1100/2036/2007 1099/2038/2009 1764/2053/2024
f 1099/2038/2009 1097/657/602 1761/692/632
f 1765/607/555 1767/2055/2026 1106/2054/2025
f 1767/2055/2026 1768/2057/2028 1105/2056/2027
f 1768/2057/2028 1769/2059/2030 1104/2058/2029
f 1769/2059/2030 1766/624/572 1102/608/556
f 1091/2048/2019 1090/2050/2021 1768/2057/2028
f 1090/2050/2021 1089/2052/2023 1769/2059/2030
f 1089/2052/2023 1087/709/649 1766/624/572
f 1770/622/570 1772/2060/2031 1079/2030/2001
f 1772/2060/2031 1773/2061/2032 1080/2031/2002
f 1773/2061/2032 1774/2062/2033 1081/2032/2003
f 1774/2062/2033 1771/604/553 1078/716/655
f 1109/2063/2034 1110/2064/2035 1773/2061/2032
f 1110/2064/2035 1111/2065/2036 1774/2062/2033
f 1111/2065/2036 1108/669/611 1771/604/553
f 1775/628/576 1777/2066/2037 1109/2063/2034
f 1777/2066/2037 1778/2067/2038 1110/2064/2035
f 1778/2067/2038 1779/2068/2039 1111/2065/2036
f 1117/632/580 1119/2069/2040 1777/2066/2037
f 1120/2070/2041 1121/2071/2042 1779/2068/2039
f 1121/2071/2042 1118/707/647 1776/710/650
f 1780/623/571 1782/2073/2044 1116/2072/2043
f 1782/2073/2044 1783/2075/2046 1115/2074/2045
f 1783/2075/2046 1784/2077/2048 1114/2076/2047
f 1784/2077/2048 1781/610/558 1112/631/579
f 1103/686/627 1106/2054/2025 1782/2073/2044
f 1106/2054/2025 1105/2056/2027 1783/2075/2046
f 1105/2056/2027 1104/2058/2029 1784/2077/2048
f 1104/2058/2029 1102/608/556 1781/610/558
f 1785/668/610 1787/2085/2054 1143/2078/2049
f 1143/2078/2049 1787/2085/2054 1788/2079/2050
f 1142/2080/2051 1788/2079/2050 1789/2081/2052
f 1141/2082/2053 1789/2081/2052 1786/2083/640
f 1785/668/610 1122/667/609 1126/1272/1229
f 1787/2085/2054 1126/1272/1229 1135/1276/1233
f 1788/2079/2050 1135/1276/1233 1134/1284/1241
f 1789/2081/2052 1134/1284/1241 1124/1286/641
f 1790/635/583 1792/2086/2055 1119/2069/2040
f 1792/2086/2055 1793/2087/2056 1120/2070/2041
f 1793/2087/2056 1794/2088/2057 1121/2071/2042
f 1794/2088/2057 1791/687/628 1118/707/647
f 1140/634/582 1143/2089/2049 1792/2086/2055
f 1143/2089/2049 1142/2090/2051 1793/2087/2056
f 1142/2090/2051 1141/2091/2053 1794/2088/2057
f 1141/2091/2053 1139/702/642 1791/687/628
f 1795/629/577 1797/2092/2058 1130/1280/1237
f 1797/2092/2058 1798/2094/2059 1131/2093/1244
f 1798/2094/2059 1799/2096/2060 1136/2095/1242
f 1799/2096/2060 1796/699/639 1124/701/641
f 1113/714/654 1116/2072/2043 1797/2092/2058
f 1116/2072/2043 1115/2074/2045 1798/2094/2059
f 1115/2074/2045 1114/2076/2047 1799/2096/2060
f 1114/2076/2047 1112/631/579 1796/699/639
f 1082/618/566 1800/640/586 1802/2097/2061
f 1085/2040/2011 1803/2098/2062 1804/2099/2063
f 1086/2041/2012 1804/2099/2063 1801/694/634
f 1800/640/586 1149/641/587 1151/2100/2064
f 1802/2097/2061 1151/2100/2064 1152/2101/2065
f 1803/2098/2062 1152/2101/2065 1153/2102/2066
f 1804/2099/2063 1153/2102/2066 1150/661/605
f 1145/642/588 1805/612/560 1807/2103/2067
f 1148/2104/2068 1807/2103/2067 1808/2105/2069
f 1147/2106/2070 1808/2105/2069 1809/2107/2071
f 1146/2108/2072 1809/2107/2071 1806/646/591
f 1805/612/560 1073/611/559 1076/2043/2014
f 1807/2103/2067 1076/2043/2014 1075/2045/2016
f 1809/2107/2071 1074/2047/2018 1072/637/585
f 1810/653/598 1812/2109/2073 1162/1292/1248
f 1812/2109/2073 1813/2110/2074 1163/1301/1258
f 1813/2110/2074 1814/2111/2075 1169/1297/1254
f 1814/2111/2075 1811/681/622 1160/1298/1255
f 1154/649/594 1156/2112/2076 1812/2109/2073
f 1156/2112/2076 1157/2113/2077 1813/2110/2074
f 1157/2113/2077 1158/2114/2078 1814/2111/2075
f 1158/2114/2078 1155/678/619 1811/681/622
f 1149/641/587 1815/647/592 1817/2115/2079
f 1151/2100/2064 1817/2115/2079 1818/2116/2080
f 1153/2102/2066 1819/2117/2081 1816/680/621
f 1815/647/592 1161/648/593 1173/1304/1262
f 1817/2115/2079 1173/1304/1262 1168/1299/1256
f 1818/2116/2080 1168/1299/1256 1167/1296/1253
f 1154/649/594 1820/643/589 1822/2118/2082
f 1156/2112/2076 1822/2118/2082 1823/2119/2083
f 1157/2113/2077 1823/2119/2083 1824/2120/2084
f 1820/643/589 1145/642/588 1148/2104/2068
f 1822/2118/2082 1148/2104/2068 1147/2106/2070
f 1823/2119/2083 1147/2106/2070 1146/2108/2072
f 1824/2120/2084 1146/2108/2072 1144/645/590
f 1161/648/593 1825/597/548 1827/2121/2085
f 1172/2123/2086 1827/2126/2090 1826/2124/643
f 1825/597/548 1055/1257/1213 1064/1259/2088
f 1827/2126/2090 1057/2149/2124 1054/1249/644
f 1828/577/528 1830/2129/2094 1017/2127/1182
f 1830/2128/2092 1829/665/607 1003/1210/1165
f 1123/636/584 1125/1279/1236 1830/2129/2094
f 1125/2130/1230 1122/667/609 1829/665/607
f 1831/1306/581 1022/1241/530 1031/1240/1195
f 1834/1307/1266 1031/1240/1195 1025/1234/1189
f 1835/1309/1268 1025/1234/1189 1024/1232/1187
f 1836/1310/1269 1024/1232/1187 1021/712/652
