# Blender 5.2.2 LTS
# www.blender.org
mtllib HoloEsq2.mtl
g Triángulo1AI_Holocron.003
v 3.754273 4.898512 -3.018791
v 2.520154 4.878518 -4.164282
v 3.376343 4.890821 -3.459423
v 2.953168 4.884043 -3.847581
v 2.009663 4.873587 -4.446093
v 4.111581 4.908220 -2.462602
v 3.750272 5.010252 -3.017028
v 2.516152 4.990258 -4.162519
v 3.372338 5.002562 -3.457659
v 2.949162 4.995787 -3.845819
v 2.005662 4.985325 -4.444330
v 4.107579 5.019960 -2.460838
v 3.984113 4.967794 -2.249407
v 3.597596 4.956884 -2.874462
v 3.219910 4.949191 -3.315322
v 3.906953 4.951878 -3.161359
v 4.235047 4.960383 -2.674034
v 2.214768 4.927390 -4.564237
v 2.672906 4.931881 -4.306917
v 3.528771 4.944190 -3.601759
v 4.542867 4.970163 -2.113752
v 2.363400 4.936894 -4.019884
v 1.800561 4.931521 -4.326187
v 2.796494 4.942419 -3.703260
v 1.712087 4.923496 -4.787344
v 3.105836 4.937411 -3.990141
v 0.375600 5.024522 -4.995216
v 4.773229 5.006613 -5.013383
v 4.792726 5.092018 -0.604973
v 5.015309 4.766224 -5.011472
v 5.018880 0.364604 -4.929289
v 5.034848 4.851789 -0.594392
v 4.774873 4.762640 -5.248685
v 0.355798 4.779049 -5.236633
v 4.778432 0.361336 -5.165733
v 2.709283 3.769036 -5.079095
v 3.886842 2.565312 -5.076864
v 3.159707 3.402750 -5.079864
v 3.558861 2.989874 -5.079025
v 4.181977 2.062404 -5.072828
v 2.143880 4.111700 -5.076116
v 2.703923 3.763015 -5.190633
v 3.881482 2.559290 -5.188400
v 3.154347 3.396728 -5.191400
v 3.553502 2.983855 -5.190561
v 4.176618 2.056382 -5.184364
v 2.138520 4.105679 -5.187650
v 1.932252 3.977759 -5.126346
v 2.567265 3.607688 -5.129949
v 3.017911 3.241658 -5.130725
v 2.845944 3.924361 -5.139778
v 2.350148 4.239623 -5.137420
v 4.292844 2.269492 -5.134010
v 4.023568 2.720709 -5.137550
v 3.296139 3.557819 -5.140539
v 1.781957 4.532714 -5.133543
v 3.744759 2.403892 -5.127714
v 4.065755 1.849293 -5.123182
v 3.416852 2.828539 -5.129877
v 4.529092 1.772857 -5.129169
v 3.695515 3.145190 -5.139708
v 4.920968 2.695116 -3.990140
v 4.907891 3.904921 -2.818897
v 4.924905 3.154999 -3.635822
v 4.920011 3.565232 -3.233983
v 4.891961 4.214512 -2.312147
v 4.904908 2.121416 -4.318347
v 5.031041 2.682338 -3.975124
v 5.017964 3.892142 -2.803883
v 5.034978 3.142220 -3.620807
v 5.030084 3.552456 -3.218969
v 5.002034 4.201735 -2.297132
v 5.014981 2.108639 -4.303331
v 4.929551 1.910878 -4.175811
v 4.948995 2.554756 -3.821908
v 4.952973 3.014856 -3.467849
v 5.003015 2.822696 -4.143356
v 4.990335 2.319176 -4.445867
v 4.970250 4.314588 -2.529249
v 4.989949 4.032562 -2.972190
v 5.006906 3.282361 -3.788780
v 4.969327 1.744211 -4.724680
v 4.935903 3.764500 -2.650592
v 4.923741 4.101656 -2.080030
v 4.948041 3.424882 -3.065759
v 4.943402 4.565096 -2.040365
v 5.002057 3.692806 -3.387192
v 3.167878 4.887291 -3.661644
v 3.572308 4.894576 -3.244291
v 2.737836 4.881129 -4.014656
v 2.289826 4.876112 -4.302029
v 1.650880 4.870662 -4.611955
v 3.926518 4.902770 -2.774830
v 4.328736 4.915550 -2.042620
v 3.163872 4.999030 -3.659880
v 3.568303 5.006317 -3.242528
v 2.733834 4.992870 -4.012892
v 2.285825 4.987852 -4.300266
v 1.646878 4.982403 -4.610193
v 3.922513 5.014509 -2.773067
v 4.324735 5.027291 -2.040857
v 3.773423 4.961294 -2.621833
v 3.415780 4.952947 -3.100103
v 4.075604 4.955984 -2.926063
v 2.449120 4.929531 -4.441603
v 3.724831 4.947943 -3.386716
v 4.563863 4.979872 -1.557506
v 2.126530 4.934432 -4.160692
v 3.011353 4.945662 -3.517460
v 4.263516 4.977677 -1.683254
v 1.243218 4.923361 -4.790771
v 4.389958 4.965162 -2.400222
v 1.967233 4.925403 -4.678058
v 2.581094 4.939504 -3.870267
v 1.330525 4.927663 -4.544092
v 3.320393 4.940659 -3.804063
v 2.890576 4.934494 -4.157282
v 2.692208 4.527624 -5.188608
v 4.976521 2.728361 -2.891433
v 4.540067 4.998446 -2.937180
v 3.307072 3.332373 -3.501356
v 2.574414 5.015568 -5.004299
v 4.782975 5.049314 -2.809179
v 2.584161 5.058270 -2.800093
v 5.017095 2.565415 -4.970381
v 5.025079 4.809006 -2.802932
v 5.026864 2.608196 -2.761841
v 2.565335 4.770844 -5.242658
v 4.776650 2.561987 -5.207209
v 2.567116 2.570191 -5.201183
v 3.306672 3.300394 -5.120683
v 3.314652 4.939171 -3.540293
v 4.926118 3.329060 -3.516998
v 2.712159 5.002739 -2.925947
v 4.968579 2.693228 -4.734785
v 4.535684 2.687170 -5.162361
v 2.704259 4.967767 -4.760627
v 4.976514 4.565580 -2.925395
v 2.692204 2.690691 -5.155342
v 3.367341 3.199643 -5.079629
v 2.939492 3.593022 -5.079683
v 3.731541 2.778995 -5.078106
v 4.030599 2.338682 -5.075218
v 4.357221 1.708105 -5.069452
v 2.460873 3.934848 -5.078050
v 1.718324 4.317827 -5.072980
v 3.361981 3.193620 -5.191162
v 2.934132 3.587000 -5.191217
v 3.726186 2.772974 -5.189642
v 4.025239 2.332660 -5.186752
v 4.351861 1.702084 -5.180988
v 2.455514 3.928828 -5.189584
v 1.712964 4.311807 -5.184516
v 2.310097 3.776864 -5.128824
v 2.797616 3.431834 -5.130538
v 2.606290 4.086812 -5.138811
v 4.164090 2.500542 -5.135967
v 3.076012 3.748188 -5.140359
v 1.225335 4.539231 -5.124910
v 3.891747 2.170801 -5.126007
v 3.225465 3.038460 -5.130486
v 1.358933 4.242302 -5.121896
v 4.544843 1.304306 -5.121275
v 2.072354 4.387331 -5.135599
v 4.413136 2.025038 -5.131691
v 3.589471 2.617586 -5.128956
v 4.295945 1.385155 -5.118753
v 3.503857 3.354805 -5.140306
v 3.868256 2.934384 -5.138788
v 4.923467 3.368038 -3.438400
v 4.924043 2.929819 -3.820190
v 4.914830 3.743691 -3.028032
v 4.899533 4.055076 -2.594999
v 4.887094 4.400381 -1.936002
v 4.915360 2.442593 -4.149525
v 4.887902 1.691196 -4.513840
v 5.033540 3.355260 -3.423384
v 5.034116 2.917040 -3.805175
v 5.024903 3.730912 -3.013017
v 5.009606 4.042297 -2.579983
v 4.997167 4.387604 -1.920989
v 5.025434 2.429816 -4.134512
v 4.997975 1.678417 -4.498827
v 4.942956 2.293411 -3.984442
v 4.952096 2.789593 -3.652117
v 4.997842 2.579001 -4.299597
v 4.981122 4.179273 -2.756266
v 5.006063 3.057266 -3.973244
v 4.922105 1.189523 -4.718561
v 4.928018 3.918100 -2.418714
v 4.951520 3.227820 -3.270334
v 4.905393 1.331681 -4.426092
v 4.938985 4.596457 -1.496708
v 4.980481 2.037936 -4.586573
v 4.957379 4.441883 -2.288701
v 4.942845 3.603279 -2.859736
v 4.926881 4.346102 -1.568290
v 5.005486 3.495482 -3.591449
v 4.996888 3.871325 -3.181313
v 3.925851 4.899585 -3.177978
v 3.924054 4.895764 -3.176245
v 3.926144 4.898108 -3.178224
v 3.925904 4.896863 -3.177980
v 3.925172 4.896039 -3.177287
v 3.122922 4.881298 -4.005010
v 3.124734 4.885121 -4.006759
v 3.124043 4.881574 -4.006057
v 3.124783 4.882396 -4.006756
v 3.125024 4.883642 -4.007003
v 3.584508 4.901260 -2.861351
v 3.582455 4.905264 -2.859518
v 3.583367 4.901582 -2.860300
v 3.582577 4.902454 -2.859581
v 3.582257 4.903747 -2.859306
v 2.781358 4.890799 -3.688316
v 2.783417 4.886794 -3.690156
v 2.781159 4.889283 -3.688105
v 2.781483 4.887988 -3.688381
v 2.782273 4.887116 -3.689100
v 3.547673 4.891894 -3.618379
v 3.545876 4.888077 -3.616646
v 3.547963 4.890418 -3.618624
v 3.547726 4.889174 -3.618381
v 3.546990 4.888352 -3.617687
v 3.204774 4.897566 -3.300379
v 3.206818 4.893565 -3.302205
v 3.204575 4.896052 -3.300168
v 3.204896 4.894760 -3.300440
v 3.205682 4.893887 -3.301156
v 2.348267 4.885278 -4.004943
v 2.350358 4.881266 -4.006813
v 2.348069 4.883759 -4.004735
v 2.348397 4.882464 -4.005016
v 2.349202 4.881588 -4.005746
v 2.689950 4.875769 -4.321750
v 2.691796 4.879605 -4.323532
v 2.691087 4.876046 -4.322811
v 2.691838 4.876872 -4.323520
v 2.692086 4.878122 -4.323774
v 1.785428 4.879911 -4.311247
v 1.788510 4.875903 -4.312662
v 1.785306 4.878391 -4.311003
v 1.785848 4.877097 -4.311186
v 1.786977 4.876222 -4.311769
v 2.230820 4.871270 -4.579526
v 2.233651 4.875136 -4.580844
v 2.232339 4.871550 -4.580411
v 2.233407 4.872384 -4.580973
v 2.233868 4.873641 -4.581125
v 0.763657 4.871640 -4.779388
v 0.776345 4.867722 -4.774358
v 0.763142 4.871652 -4.777494
v 0.766511 4.870118 -4.778715
v 0.769925 4.868840 -4.777523
v 0.762334 4.871901 -4.779283
v 0.764294 4.870293 -4.778451
v 0.766518 4.869037 -4.777471
v 0.765038 4.869441 -4.777313
v 0.773080 4.868027 -4.774242
v 0.769425 4.868882 -4.774797
v 0.773377 4.867999 -4.775993
v 0.769490 4.868438 -4.776042
v 0.766305 4.869055 -4.776315
v 0.762059 4.871908 -4.778257
v 0.765939 4.870153 -4.775939
v 0.764024 4.870307 -4.777149
v 0.762986 4.870392 -4.778070
v 1.730958 4.871271 -4.803941
v 1.732186 4.867404 -4.800928
v 1.731488 4.869769 -4.804096
v 1.731908 4.868506 -4.803577
v 1.732152 4.867676 -4.802465
v 4.253942 4.908104 -2.690648
v 4.252812 4.904288 -2.687841
v 4.254289 4.906623 -2.690813
v 4.254193 4.905378 -2.690338
v 4.253675 4.904558 -2.689293
v 3.970402 4.912150 -2.237446
v 3.968976 4.916176 -2.234465
v 3.969502 4.912479 -2.235956
v 3.968915 4.913358 -2.234865
v 3.968728 4.914658 -2.234342
v 4.558908 4.914011 -2.130871
v 4.561749 4.917910 -2.130359
v 4.560426 4.914303 -2.131056
v 4.561502 4.915147 -2.131025
v 4.561967 4.916412 -2.130779
v 4.569711 4.937902 -0.990723
v 4.567899 4.937897 -0.990198
v 4.564218 4.933681 -1.003967
v 4.569642 4.938147 -0.989400
v 4.568925 4.936322 -0.993713
v 4.568734 4.936514 -0.991460
v 4.568406 4.936624 -0.990124
v 4.567575 4.935640 -0.992256
v 4.566220 4.936323 -0.993107
v 4.564931 4.934973 -0.996747
v 4.568662 4.938144 -0.989114
v 4.567468 4.936516 -0.991173
v 4.566541 4.935223 -0.993559
v 4.565949 4.934040 -1.000881
v 4.567605 4.934967 -0.997280
v 4.564229 4.934044 -1.000559
v 4.566144 4.934549 -0.996857
v 4.567670 4.935222 -0.993786
v 3.883454 5.008096 -3.140543
v 3.888055 5.004175 -3.144741
v 3.884785 5.007783 -3.141771
v 3.886128 5.006927 -3.143001
v 3.887276 5.005660 -3.144043
v 3.086938 4.989707 -3.973522
v 3.082322 4.993630 -3.969309
v 3.086156 4.991194 -3.972826
v 3.085007 4.992460 -3.971779
v 3.083657 4.993317 -3.970544
v 3.612729 5.008511 -2.889404
v 3.617100 5.012407 -2.893528
v 3.613415 5.010019 -2.890068
v 3.614491 5.011289 -2.891085
v 3.615784 5.012128 -2.892300
v 2.816006 4.997941 -3.722330
v 2.811631 4.994042 -3.718200
v 2.814687 4.997662 -3.721100
v 2.813393 4.996821 -3.719883
v 2.812318 4.995551 -3.718866
v 3.505276 5.000410 -3.580944
v 3.509873 4.996493 -3.585138
v 3.506608 5.000096 -3.582174
v 3.507947 4.999241 -3.583401
v 3.509095 4.997975 -3.584442
v 3.239411 5.004714 -3.334381
v 3.235047 5.000815 -3.330266
v 3.238095 5.004433 -3.333156
v 3.236806 5.003594 -3.331944
v 3.235734 5.002324 -3.330929
v 2.382951 4.992415 -4.038988
v 2.378533 4.988510 -4.034826
v 2.381615 4.992135 -4.037746
v 2.380307 4.991293 -4.036518
v 2.379227 4.990019 -4.035492
v 2.654011 4.984165 -4.290302
v 2.649350 4.988102 -4.286047
v 2.653226 4.985655 -4.289600
v 2.652062 4.986928 -4.288545
v 2.650700 4.987786 -4.287296
v 1.821359 4.987055 -4.344706
v 1.815690 4.983132 -4.341125
v 1.819547 4.986770 -4.343688
v 1.817834 4.985923 -4.342649
v 1.816480 4.984645 -4.341749
v 2.195882 4.979654 -4.547630
v 2.189965 4.983600 -4.543954
v 2.195000 4.981151 -4.546968
v 2.193566 4.982425 -4.546038
v 2.191796 4.983286 -4.544981
v 0.793881 4.974823 -4.808931
v 0.793408 4.974868 -4.807371
v 0.812203 4.978898 -4.805044
v 0.792569 4.975079 -4.808946
v 0.798032 4.976357 -4.808881
v 0.795766 4.976421 -4.808780
v 0.794396 4.976447 -4.808527
v 0.797311 4.977215 -4.808088
v 0.797639 4.976410 -4.806446
v 0.802697 4.977717 -4.805681
v 0.795579 4.976447 -4.807640
v 0.799039 4.977549 -4.807247
v 0.807946 4.978562 -4.806777
v 0.802968 4.977671 -4.808124
v 0.807813 4.978592 -4.805187
v 0.803143 4.978116 -4.806978
v 0.799157 4.977527 -4.808282
v 1.691644 4.979736 -4.765237
v 1.693208 4.975733 -4.770744
v 1.691808 4.979408 -4.766962
v 1.692162 4.978531 -4.768613
v 1.692654 4.977242 -4.769943
v 4.212380 5.016626 -2.651866
v 4.216153 5.012671 -2.657417
v 4.213395 5.016302 -2.653613
v 4.214467 5.015437 -2.655281
v 4.215436 5.014160 -2.656616
v 3.999245 5.019420 -2.264349
v 4.002831 5.023293 -2.269915
v 3.999875 5.020926 -2.265125
v 4.000779 5.022190 -2.266454
v 4.001817 5.023023 -2.268137
v 4.523976 5.022429 -2.097143
v 4.518350 5.026344 -2.095152
v 4.523118 5.023922 -2.096611
v 4.521745 5.025190 -2.096046
v 4.520074 5.026041 -2.095535
v 4.599671 5.041115 -1.020567
v 4.595281 5.044773 -1.039308
v 4.598168 5.041136 -1.020080
v 4.599511 5.042564 -1.024852
v 4.598622 5.043770 -1.029919
v 4.599717 5.041352 -1.019252
v 4.599477 5.042648 -1.022541
v 4.598889 5.043695 -1.026016
v 4.598748 5.043407 -1.024120
v 4.595548 5.044550 -1.034835
v 4.596189 5.043779 -1.029610
v 4.597135 5.044546 -1.034996
v 4.597474 5.044192 -1.030082
v 4.597863 5.043699 -1.025881
v 4.597112 5.042580 -1.024429
v 4.598351 5.042656 -1.022337
v 4.599267 5.042686 -1.021139
v 4.527902 5.006982 -4.772665
v 4.532182 5.007042 -4.768430
v 4.536714 5.011134 -4.777313
v 4.529534 5.006984 -4.772350
v 4.530923 5.006997 -4.771434
v 4.529855 5.008597 -4.773050
v 4.530877 5.008543 -4.772737
v 4.532208 5.009415 -4.772764
v 4.532521 5.008636 -4.770383
v 4.533502 5.009974 -4.772758
v 4.531850 5.007017 -4.770059
v 4.532197 5.008563 -4.771417
v 4.534623 5.010847 -4.775566
v 4.532212 5.009955 -4.774068
v 4.533574 5.010401 -4.774145
v 5.012086 0.860265 -4.701090
v 5.012097 0.859071 -4.698051
v 5.016393 0.846553 -4.705421
v 5.012086 0.858868 -4.700834
v 5.013719 0.857271 -4.701389
v 5.013722 0.856229 -4.700443
v 5.012094 0.858221 -4.699190
v 5.015141 0.853616 -4.702299
v 5.016049 0.849456 -4.704430
v 5.015569 0.852197 -4.702919
v 0.892293 5.023724 -4.750394
v 0.879472 5.027935 -4.754934
v 0.890992 5.023839 -4.747325
v 0.889485 5.025358 -4.750749
v 0.890908 5.023983 -4.750158
v 0.887650 5.026257 -4.750949
v 0.882211 5.027627 -4.753999
v 0.885361 5.026740 -4.752225
v 0.890206 5.024045 -4.748497
v 0.888596 5.025448 -4.750066
v 4.547952 5.076824 -1.107588
v 4.544950 5.076860 -1.106336
v 4.552636 5.081372 -1.093903
v 4.547727 5.076856 -1.106187
v 4.548116 5.078466 -1.104168
v 4.548512 5.079376 -1.102554
v 4.546105 5.076874 -1.105509
v 4.550851 5.080975 -1.097225
v 4.549977 5.080454 -1.099565
v 0.853497 4.536553 -5.229063
v 0.852261 4.533543 -5.228986
v 0.839890 4.541659 -5.233348
v 0.852097 4.536323 -5.229005
v 0.850503 4.537098 -5.230682
v 0.849442 4.536203 -5.230653
v 0.851430 4.534695 -5.228963
v 0.843137 4.539860 -5.232999
v 0.846867 4.538249 -5.232090
v 0.845467 4.538955 -5.232519
v 5.012067 4.526186 -4.768852
v 5.016309 4.534935 -4.773565
v 5.012086 4.530529 -4.764673
v 5.013696 4.528122 -4.769243
v 5.015073 4.530464 -4.770271
v 5.012071 4.527823 -4.768560
v 5.013638 4.529154 -4.768941
v 5.014516 4.530489 -4.768974
v 5.015080 4.531785 -4.768974
v 5.015992 4.532856 -4.771793
v 5.015527 4.531834 -4.770360
v 5.012078 4.530173 -4.766298
v 5.012071 4.529223 -4.767662
v 5.013707 4.530838 -4.766607
v 5.013646 4.530500 -4.767637
v 5.027932 4.600628 -1.086490
v 5.032262 4.605528 -1.072887
v 5.027940 4.597646 -1.085191
v 5.029576 4.601038 -1.083538
v 5.027940 4.600427 -1.085086
v 5.030408 4.601273 -1.081439
v 5.031919 4.603688 -1.076174
v 5.031438 4.602787 -1.078475
v 5.027944 4.598812 -1.084383
v 5.029580 4.600168 -1.082403
v 4.531213 4.523364 -5.239103
v 4.540006 4.527827 -5.243478
v 4.535474 4.519087 -5.239034
v 4.533132 4.523676 -5.240747
v 4.535474 4.524634 -5.242153
v 4.532842 4.523034 -5.239103
v 4.534165 4.523355 -5.240688
v 4.535497 4.523345 -5.241567
v 4.538262 4.525720 -5.243106
v 4.536790 4.523320 -5.242132
v 4.536855 4.524690 -5.242612
v 4.535146 4.520720 -5.239065
v 4.534223 4.522105 -5.239091
v 4.535810 4.520991 -5.240703
v 4.535493 4.522026 -5.240667
v 4.535470 0.853796 -5.169737
v 4.540101 0.840121 -5.173761
v 4.532460 0.852549 -5.169706
v 4.535241 0.852395 -5.169712
v 4.535615 0.850352 -5.171247
v 4.536321 0.848124 -5.172468
v 4.539079 0.842943 -5.173485
v 4.537473 0.845712 -5.173059
v 4.533612 0.851722 -5.169697
v 5.032826 5.102665 -0.116020
v 5.033982 5.099280 -0.113412
v 5.037431 5.098051 -0.115903
v 5.032315 5.102438 -0.114923
v 5.032353 5.101715 -0.114046
v 5.034593 5.102321 -0.116008
v 5.034371 5.101963 -0.114054
v 5.034341 5.101382 -0.112776
v 5.035314 5.098227 -0.113487
v 5.036435 5.097622 -0.113985
v 5.032941 5.100607 -0.113514
v 5.034730 5.100025 -0.112844
v 5.036088 5.099629 -0.112751
v 5.037084 5.099823 -0.115945
v 5.036088 5.101322 -0.115984
v 5.037179 5.097560 -0.114832
v 5.036691 5.099638 -0.114009
v 5.035932 5.101206 -0.113611
v -0.128268 5.016428 -5.239917
v -0.130698 5.017622 -5.236455
v -0.128192 5.021111 -5.235456
v -0.129317 5.015917 -5.239641
v -0.130149 5.015963 -5.238887
v -0.128249 5.018191 -5.239606
v -0.130168 5.017975 -5.239194
v -0.131416 5.017949 -5.238578
v -0.130637 5.018969 -5.235462
v -0.130138 5.020106 -5.234924
v -0.130634 5.016563 -5.237768
v -0.131313 5.018359 -5.237230
v -0.131408 5.019722 -5.236881
v -0.128207 5.020724 -5.237190
v -0.128230 5.019700 -5.238649
v -0.129279 5.020857 -5.234922
v -0.130149 5.020330 -5.236942
v -0.130588 5.019541 -5.238468
v 5.009751 5.002092 -5.249465
v 5.014310 4.997519 -5.249378
v 5.009740 4.997455 -5.253894
v 5.011495 5.001745 -5.249464
v 5.012975 5.000753 -5.249444
v 5.009751 5.001719 -5.251188
v 5.011430 5.001210 -5.251119
v 5.012776 5.000532 -5.251066
v 5.012364 5.000107 -5.252033
v 5.013959 4.997492 -5.251112
v 5.012967 4.997470 -5.252578
v 5.013963 4.999270 -5.249418
v 5.013452 4.999179 -5.251085
v 5.012773 4.999115 -5.252420
v 5.009744 4.999208 -5.253583
v 5.009748 5.000704 -5.252634
v 5.011483 4.997457 -5.253555
v 5.011422 4.999150 -5.253088
v 5.011384 5.000512 -5.252443
v 5.021367 -0.117343 -5.153158
v 5.017945 -0.119787 -5.154190
v 5.016763 -0.117447 -5.157705
v 5.021127 -0.118386 -5.152613
v 5.020394 -0.119218 -5.152617
v 5.021028 -0.117377 -5.154905
v 5.020638 -0.119281 -5.154634
v 5.020036 -0.120516 -5.154564
v 5.019464 -0.120476 -5.155735
v 5.016896 -0.119737 -5.155521
v 5.016301 -0.119274 -5.156656
v 5.019277 -0.119711 -5.153170
v 5.018682 -0.120413 -5.154940
v 5.018285 -0.120539 -5.156294
v 5.018533 -0.117435 -5.157366
v 5.020032 -0.117408 -5.156382
v 5.016252 -0.118469 -5.157423
v 5.018315 -0.119323 -5.156927
v 0.869141 4.920380 -4.748449
v 0.867829 4.920386 -4.745386
v 0.874116 4.916201 -4.744146
v 0.867757 4.920615 -4.748212
v 0.870278 4.918757 -4.748102
v 0.868512 4.918922 -4.747736
v 0.867394 4.919019 -4.747207
v 0.868378 4.918021 -4.746700
v 0.868741 4.918794 -4.744554
v 0.870255 4.917436 -4.744024
v 0.867043 4.920620 -4.746555
v 0.867783 4.918937 -4.746051
v 0.868794 4.917614 -4.745695
v 0.872971 4.916496 -4.745773
v 0.871625 4.917393 -4.747163
v 0.872144 4.916527 -4.743879
v 0.870629 4.916963 -4.745664
v 0.869382 4.917597 -4.747036
v 4.527902 4.919988 -4.771005
v 4.527921 4.915806 -4.766666
v 4.532182 4.920067 -4.766771
v 4.527905 4.918362 -4.770650
v 4.527909 4.916997 -4.769701
v 4.529534 4.919993 -4.770692
v 4.529580 4.918328 -4.770271
v 4.530370 4.917559 -4.769174
v 4.529553 4.916131 -4.766681
v 4.530934 4.917056 -4.766708
v 4.527917 4.916100 -4.768301
v 4.529588 4.916491 -4.768358
v 4.531854 4.920037 -4.768400
v 4.530923 4.920010 -4.769777
v 4.531861 4.918437 -4.766740
v 4.531461 4.918365 -4.768407
v 4.547952 4.989849 -1.105932
v 4.543664 4.985476 -1.111845
v 4.544942 4.989874 -1.104667
v 4.547620 4.988193 -1.107278
v 4.546689 4.986780 -1.108875
v 4.547727 4.989876 -1.104528
v 4.547273 4.988283 -1.105583
v 4.546594 4.987001 -1.106695
v 4.546277 4.987404 -1.105656
v 4.543496 4.985840 -1.109722
v 4.543683 4.986804 -1.107612
v 4.545300 4.985825 -1.110479
v 4.545247 4.986343 -1.108086
v 4.545308 4.987013 -1.106155
v 4.546098 4.989889 -1.103845
v 4.544190 4.988220 -1.105837
v 4.545644 4.988296 -1.104900
v 4.546769 4.988344 -1.104503
v 4.925076 4.526193 -4.768480
v 4.925092 4.530535 -4.764299
v 4.920835 4.526274 -4.764200
v 4.925076 4.527829 -4.768184
v 4.925080 4.529230 -4.767286
v 4.923448 4.526201 -4.768150
v 4.923406 4.527878 -4.767787
v 4.923493 4.529016 -4.767061
v 4.923463 4.530209 -4.764284
v 4.922082 4.529286 -4.764261
v 4.925088 4.530179 -4.765924
v 4.923417 4.529788 -4.765949
v 4.922292 4.529040 -4.765846
v 4.921151 4.526243 -4.765832
v 4.922067 4.526217 -4.767217
v 4.921159 4.527906 -4.764232
v 4.921540 4.527915 -4.765907
v 4.922288 4.527808 -4.767032
v 4.925096 0.860271 -4.700716
v 4.920854 0.866354 -4.696548
v 4.925107 0.859075 -4.697676
v 4.923467 0.861197 -4.700209
v 4.922086 0.862679 -4.699240
v 4.925096 0.858413 -4.700642
v 4.922303 0.860687 -4.699282
v 4.922643 0.859744 -4.699156
v 4.921174 0.864033 -4.696791
v 4.922097 0.861832 -4.697092
v 4.921170 0.864489 -4.697954
v 4.921559 0.862046 -4.698248
v 4.925103 0.857765 -4.698996
v 4.925096 0.857531 -4.700039
v 4.923478 0.860092 -4.697403
v 4.923512 0.858619 -4.699604
v 4.940942 4.600634 -1.086115
v 4.940946 4.597652 -1.084817
v 4.936654 4.596259 -1.092068
v 4.940949 4.600431 -1.084712
v 4.939305 4.600285 -1.087492
v 4.939370 4.599960 -1.085787
v 4.939416 4.599474 -1.084699
v 4.938493 4.598966 -1.085865
v 4.939313 4.596878 -1.086008
v 4.937921 4.596343 -1.087803
v 4.940949 4.598819 -1.084009
v 4.939374 4.598345 -1.085084
v 4.938107 4.597990 -1.086359
v 4.936986 4.597916 -1.090711
v 4.937917 4.599329 -1.089104
v 4.936990 4.596125 -1.089931
v 4.937467 4.597898 -1.088306
v 4.938107 4.599266 -1.086915
v 0.852483 4.525723 -5.134155
v 0.858491 4.520979 -5.129877
v 0.851250 4.522708 -5.134111
v 0.853864 4.525214 -5.132535
v 0.855492 4.524133 -5.131155
v 0.851083 4.525490 -5.134103
v 0.852162 4.524865 -5.132562
v 0.853295 4.524052 -5.131317
v 0.852242 4.523779 -5.131683
v 0.856324 4.520876 -5.130189
v 0.854188 4.521170 -5.131101
v 0.857114 4.522646 -5.130222
v 0.854691 4.522654 -5.130678
v 0.852738 4.522786 -5.131294
v 0.850415 4.523860 -5.134080
v 0.852406 4.521814 -5.132478
v 0.851472 4.523247 -5.132535
v 0.851079 4.524363 -5.132581
v 4.531636 4.524855 -5.152116
v 4.535897 4.520594 -5.152065
v 4.531655 4.520669 -5.147783
v 4.533265 4.524531 -5.152120
v 4.534650 4.523606 -5.152111
v 4.531644 4.524559 -5.150480
v 4.533315 4.524167 -5.150440
v 4.534440 4.523418 -5.150520
v 4.535581 4.520623 -5.150432
v 4.534661 4.520648 -5.149045
v 4.535573 4.522225 -5.152092
v 4.535188 4.522294 -5.150419
v 4.534448 4.522230 -5.149288
v 4.531655 4.522294 -5.148136
v 4.531651 4.523659 -5.149082
v 4.533284 4.520663 -5.148115
v 4.533326 4.522327 -5.148536
v 4.533235 4.523440 -5.149305
v 4.535893 0.855201 -5.088606
v 4.532876 0.853947 -5.088568
v 4.531655 0.861274 -5.084429
v 4.535008 0.853070 -5.088564
v 4.535577 0.856604 -5.086996
v 4.535222 0.854912 -5.087023
v 4.534711 0.853832 -5.087042
v 4.534230 0.855017 -5.086142
v 4.532136 0.855179 -5.086954
v 4.531648 0.857001 -5.085602
v 4.533586 0.854233 -5.087004
v 4.533265 0.855531 -5.085764
v 4.533284 0.859889 -5.084738
v 4.534661 0.858251 -5.085638
v 4.531476 0.859142 -5.084715
v 4.533216 0.857486 -5.085165
v 4.534554 0.856067 -5.085779
v 2.863782 3.944602 -5.088399
v 2.862225 3.942830 -5.084491
v 2.864072 3.944926 -5.086933
v 2.863873 3.944704 -5.085676
v 2.863229 3.943966 -5.084819
v 3.711781 3.163642 -5.084419
v 3.713357 3.165432 -5.088327
v 3.712788 3.164787 -5.084747
v 3.713441 3.165530 -5.085603
v 3.713639 3.165756 -5.086864
v 2.556355 3.595257 -5.073703
v 2.554444 3.593089 -5.077606
v 2.555321 3.594085 -5.073968
v 2.554597 3.593260 -5.074804
v 2.554288 3.592911 -5.076082
v 3.404031 2.813940 -5.077536
v 3.405949 2.816112 -5.073631
v 3.403878 2.813763 -5.076010
v 3.404187 2.814113 -5.074732
v 3.404912 2.814938 -5.073898
v 3.313985 3.578062 -5.089153
v 3.312424 3.576291 -5.085252
v 3.314271 3.578387 -5.087692
v 3.314072 3.578163 -5.086435
v 3.313428 3.577427 -5.085580
v 3.005090 3.227059 -5.078380
v 3.006993 3.229218 -5.074476
v 3.004937 3.226880 -5.076856
v 3.005242 3.227228 -5.075578
v 3.005967 3.228049 -5.074743
v 3.731942 2.389294 -5.075380
v 3.733887 2.391503 -5.071470
v 3.731786 2.389120 -5.073851
v 3.732102 2.389479 -5.072573
v 3.732838 2.390314 -5.071735
v 4.039800 2.739119 -5.082260
v 4.041402 2.740943 -5.086185
v 4.040818 2.740280 -5.082592
v 4.041482 2.741033 -5.083452
v 4.041688 2.741267 -5.084715
v 4.052938 1.834697 -5.070852
v 4.054402 1.837886 -5.066946
v 4.052747 1.834595 -5.069323
v 4.052957 1.835163 -5.068043
v 4.053540 1.836319 -5.067209
v 4.309560 2.286921 -5.078712
v 4.310674 2.289718 -5.082666
v 4.310395 2.288454 -5.079046
v 4.310899 2.289525 -5.079916
v 4.310998 2.289968 -5.081186
v 4.547788 0.825601 -5.061148
v 4.542558 0.838222 -5.057278
v 4.545907 0.825042 -5.061090
v 4.547086 0.828462 -5.059654
v 4.545850 0.831867 -5.058395
v 4.546880 0.826237 -5.059782
v 4.545880 0.828459 -5.058531
v 4.545751 0.826967 -5.058905
v 4.542516 0.834954 -5.057524
v 4.543138 0.831299 -5.058336
v 4.544259 0.835294 -5.057562
v 4.544393 0.831401 -5.057936
v 4.544732 0.828215 -5.058508
v 4.547318 0.823702 -5.061455
v 4.544328 0.827820 -5.059587
v 4.545583 0.825931 -5.059750
v 4.546529 0.824919 -5.059847
v 4.546906 1.793072 -5.077854
v 4.543992 1.794289 -5.073910
v 4.547097 1.793630 -5.076368
v 4.546613 1.794060 -5.075096
v 4.545522 1.794289 -5.074232
v 2.367985 4.259857 -5.086053
v 2.365334 4.258723 -5.082126
v 2.368188 4.260231 -5.084585
v 2.367757 4.260147 -5.083322
v 2.366757 4.259617 -5.082460
v 1.922505 3.964736 -5.070110
v 1.919431 3.963160 -5.074007
v 1.921029 3.963789 -5.070371
v 1.919927 3.963159 -5.071205
v 1.919366 3.962937 -5.072483
v 1.800500 4.550181 -5.078271
v 1.799783 4.552941 -5.082199
v 1.800633 4.551701 -5.078598
v 1.800546 4.552758 -5.079458
v 1.800248 4.553194 -5.080720
v 0.660294 4.531248 -5.064027
v 0.659818 4.529425 -5.063974
v 0.673814 4.526174 -5.060161
v 0.658410 4.530758 -5.064285
v 0.663358 4.530568 -5.062536
v 0.661103 4.530318 -5.062650
v 0.659776 4.529953 -5.062707
v 0.661958 4.529192 -5.061784
v 0.662823 4.527849 -5.062471
v 0.666535 4.526679 -5.061220
v 0.660851 4.529044 -5.062618
v 0.663300 4.528200 -5.061391
v 0.670670 4.527821 -5.060445
v 0.667001 4.529364 -5.061279
v 0.670396 4.526090 -5.060407
v 0.666631 4.527900 -5.060823
v 0.663499 4.529336 -5.061414
v 2.823899 3.899348 -5.194864
v 2.828103 3.904120 -5.191164
v 2.825101 3.900714 -5.194614
v 2.826325 3.902101 -5.193822
v 2.827378 3.903298 -5.192609
v 3.677674 3.124952 -5.191088
v 3.673455 3.120160 -5.194792
v 3.676945 3.124127 -5.192537
v 3.675893 3.122928 -5.193750
v 3.674664 3.121534 -5.194542
v 2.580086 3.622291 -5.182294
v 2.583962 3.626699 -5.186401
v 2.580682 3.622969 -5.183832
v 2.581628 3.624044 -5.185155
v 2.582780 3.625354 -5.186056
v 3.433553 2.847552 -5.186331
v 3.429673 2.843138 -5.182220
v 3.432370 2.846205 -5.185984
v 3.431214 2.844895 -5.185083
v 3.430268 2.843817 -5.183760
v 3.274098 3.532808 -5.195625
v 3.278298 3.537579 -5.191926
v 3.275304 3.534174 -5.195375
v 3.276520 3.535562 -5.194585
v 3.277573 3.536756 -5.193372
v 3.034600 3.260657 -5.187175
v 3.030732 3.256258 -5.183069
v 3.033421 3.259316 -5.186832
v 3.032269 3.258009 -5.185930
v 3.031327 3.256936 -5.184610
v 3.761491 2.422942 -5.184168
v 3.757577 2.418489 -5.180052
v 3.760297 2.421583 -5.183821
v 3.759129 2.420258 -5.182917
v 3.758176 2.419174 -5.181595
v 4.005731 2.700475 -5.188921
v 4.001470 2.695637 -5.192633
v 4.004998 2.699646 -5.190374
v 4.003934 2.698437 -5.191589
v 4.002694 2.697029 -5.192385
v 4.081872 1.869575 -5.179647
v 4.078572 1.863889 -5.175512
v 4.080911 1.867742 -5.179296
v 4.079946 1.866019 -5.178387
v 4.079125 1.864664 -5.177059
v 4.275014 2.249266 -5.185362
v 4.271367 2.243190 -5.189081
v 4.274331 2.248339 -5.186819
v 4.273396 2.246858 -5.188040
v 4.272355 2.245052 -5.188833
v 4.573087 0.854750 -5.165758
v 4.571538 0.854234 -5.165743
v 4.568589 0.872888 -5.170008
v 4.572850 0.852873 -5.166071
v 4.572877 0.858867 -5.167360
v 4.572835 0.856602 -5.167381
v 4.572614 0.855224 -5.167376
v 4.572076 0.858109 -5.168177
v 4.570455 0.858412 -5.167324
v 4.569512 0.863424 -5.168688
v 4.571698 0.856380 -5.167364
v 4.571179 0.859811 -5.168512
v 4.570443 0.868686 -5.169657
v 4.571946 0.863759 -5.168730
v 4.568856 0.868508 -5.169634
v 4.570783 0.863899 -5.169140
v 4.572209 0.859957 -5.168526
v 4.505677 1.750860 -5.184282
v 4.511270 1.752640 -5.180492
v 4.507409 1.751076 -5.184015
v 4.509076 1.751488 -5.183203
v 4.510434 1.752036 -5.181967
v 2.326733 4.215405 -5.192495
v 2.332310 4.219386 -5.188793
v 2.328461 4.216467 -5.192249
v 2.330128 4.217598 -5.191457
v 2.331479 4.218623 -5.190244
v 1.945073 3.992361 -5.178689
v 1.950410 3.996020 -5.182809
v 1.945779 3.992981 -5.180231
v 1.947041 3.993895 -5.181554
v 1.948666 3.994961 -5.182460
v 1.764127 4.512486 -5.184894
v 1.762154 4.506741 -5.188646
v 1.763566 4.511586 -5.186355
v 1.762998 4.510178 -5.187582
v 1.762502 4.508477 -5.188386
v 0.685902 4.560141 -5.168672
v 0.704625 4.556171 -5.172885
v 0.685456 4.558624 -5.168651
v 0.690144 4.560067 -5.170265
v 0.695191 4.559284 -5.171623
v 0.687833 4.559969 -5.170270
v 0.691285 4.559454 -5.171422
v 0.689404 4.559268 -5.171068
v 0.700154 4.556324 -5.172515
v 0.694943 4.556846 -5.171581
v 0.700276 4.557917 -5.172544
v 0.695367 4.558136 -5.172031
v 0.691174 4.558423 -5.171403
v 0.684338 4.559329 -5.168855
v 0.689782 4.557654 -5.170225
v 0.687653 4.558840 -5.170251
v 0.686436 4.559721 -5.170255
v 4.954751 2.843399 -4.168046
v 4.950616 2.842164 -4.166555
v 4.953340 2.843775 -4.168493
v 4.952058 2.843675 -4.168367
v 4.951100 2.843107 -4.167686
v 4.949651 3.712258 -3.410370
v 4.953794 3.713506 -3.411876
v 4.950139 3.713207 -3.411507
v 4.951097 3.713777 -3.412193
v 4.952382 3.713882 -3.412325
v 4.891324 2.548084 -3.813741
v 4.894902 2.545974 -3.811220
v 4.891427 2.547070 -3.812526
v 4.892140 2.546314 -3.811620
v 4.893361 2.545926 -3.811163
v 4.893945 3.416096 -3.055073
v 4.890370 3.418220 -3.057608
v 4.892404 3.416052 -3.055016
v 4.891187 3.416441 -3.055478
v 4.890470 3.417201 -3.056389
v 4.958642 3.303066 -3.813472
v 4.954507 3.301831 -3.811979
v 4.957231 3.303442 -3.813917
v 4.955949 3.303339 -3.813791
v 4.954995 3.302774 -3.813112
v 4.898881 3.006070 -3.457164
v 4.895303 3.008177 -3.459677
v 4.897340 3.006024 -3.457103
v 4.896119 3.006408 -3.457561
v 4.895406 3.007164 -3.458464
v 4.881814 3.755716 -2.639906
v 4.878243 3.757874 -2.642484
v 4.880273 3.755673 -2.639851
v 4.879052 3.756068 -2.640322
v 4.878339 3.756840 -2.641247
v 4.937539 4.051979 -2.995327
v 4.941705 4.053255 -2.996866
v 4.938027 4.052941 -2.996481
v 4.938996 4.053520 -2.997179
v 4.940286 4.053631 -2.997313
v 4.869653 4.092872 -2.069345
v 4.866006 4.094484 -2.073080
v 4.868108 4.092788 -2.069380
v 4.866868 4.093065 -2.070101
v 4.866132 4.093660 -2.071400
v 4.917924 4.334578 -2.551289
v 4.922036 4.335268 -2.553911
v 4.918386 4.335319 -2.552862
v 4.919328 4.335710 -2.553913
v 4.920609 4.335692 -2.554281
v 4.880414 4.618893 -0.946685
v 4.876348 4.613550 -0.961647
v 4.880429 4.617249 -0.946255
v 4.878907 4.618217 -0.950054
v 4.877603 4.616964 -0.954079
v 4.880609 4.618839 -0.945363
v 4.879022 4.618078 -0.947757
v 4.877755 4.617105 -0.950424
v 4.878129 4.617012 -0.948797
v 4.876611 4.613628 -0.957977
v 4.877477 4.614357 -0.953765
v 4.876706 4.615327 -0.958151
v 4.877107 4.615582 -0.953857
v 4.877706 4.616002 -0.950287
v 4.878816 4.615629 -0.949648
v 4.878980 4.616866 -0.947563
v 4.879083 4.617786 -0.946402
v 4.895230 4.585758 -2.065006
v 4.891942 4.583098 -2.066463
v 4.893853 4.586039 -2.065694
v 4.892747 4.585630 -2.066211
v 4.892076 4.584600 -2.066481
v 4.942079 2.339873 -4.470549
v 4.937898 2.337533 -4.469669
v 4.940663 2.340164 -4.471046
v 4.939370 2.339824 -4.471052
v 4.938401 2.338900 -4.470569
v 4.871926 1.905381 -4.167082
v 4.875463 1.902095 -4.165126
v 4.872010 1.903919 -4.166082
v 4.872712 1.902777 -4.165359
v 4.873925 1.902138 -4.165025
v 4.917024 1.765960 -4.746929
v 4.921094 1.764899 -4.749350
v 4.917478 1.766030 -4.748419
v 4.918405 1.765851 -4.749407
v 4.919679 1.765455 -4.749731
v 4.821195 0.630438 -4.701956
v 4.820966 0.630017 -4.700132
v 4.817906 0.644336 -4.697531
v 4.821290 0.629101 -4.701805
v 4.819875 0.633611 -4.701471
v 4.819810 0.631365 -4.701160
v 4.819745 0.630043 -4.700758
v 4.818921 0.632307 -4.700125
v 4.819558 0.633158 -4.698755
v 4.818486 0.636982 -4.697777
v 4.821168 0.628874 -4.700817
v 4.819661 0.631150 -4.699886
v 4.818547 0.633703 -4.699200
v 4.818093 0.641135 -4.699074
v 4.818788 0.637368 -4.700459
v 4.817906 0.640908 -4.697346
v 4.818192 0.637070 -4.699030
v 4.818673 0.633867 -4.700336
v 5.054299 2.797690 -4.113514
v 5.051282 2.801996 -4.118667
v 5.054238 2.798867 -4.114925
v 5.053647 2.800099 -4.116400
v 5.052609 2.801197 -4.117715
v 5.050321 3.672106 -3.362504
v 5.053338 3.667784 -3.357330
v 5.051644 3.671306 -3.361549
v 5.052686 3.670203 -3.360231
v 5.053281 3.668967 -3.358749
v 5.003091 2.563544 -3.832594
v 5.007791 2.567002 -3.836756
v 5.004716 2.564013 -3.833160
v 5.006181 2.564835 -3.834150
v 5.007257 2.565885 -3.835414
v 5.006837 3.437137 -3.080620
v 5.002133 3.433666 -3.076445
v 5.006303 3.436015 -3.079273
v 5.005223 3.434962 -3.078007
v 5.003758 3.434138 -3.077015
v 5.058190 3.257358 -3.758939
v 5.055177 3.261659 -3.764089
v 5.058133 3.258535 -3.760349
v 5.057542 3.259765 -3.761823
v 5.056500 3.260863 -3.763139
v 5.011765 3.027093 -3.482691
v 5.007070 3.023641 -3.478535
v 5.011239 3.025978 -3.481352
v 5.010159 3.024930 -3.480091
v 5.008695 3.024109 -3.479103
v 4.994706 3.776793 -2.665498
v 4.989995 3.773283 -2.661277
v 4.994172 3.775656 -2.664133
v 4.993089 3.774590 -2.662851
v 4.991624 3.773758 -2.661849
v 5.038194 4.011870 -2.947510
v 5.041223 4.007505 -2.942284
v 5.039529 4.011065 -2.946550
v 5.040570 4.009953 -2.945219
v 5.041165 4.008703 -2.943721
v 4.982446 4.113249 -2.096382
v 4.977830 4.110439 -2.090715
v 4.981950 4.112381 -2.094463
v 4.980897 4.111542 -2.092714
v 4.979451 4.110861 -2.091398
v 5.018468 4.293909 -2.504583
v 5.021630 4.290258 -2.497978
v 5.019822 4.293153 -2.503513
v 5.020898 4.292195 -2.501881
v 5.021531 4.291178 -2.499938
v 4.988786 4.636232 -0.968071
v 4.988603 4.634817 -0.967625
v 4.992681 4.630884 -0.988061
v 4.988942 4.636013 -0.966197
v 4.990319 4.635780 -0.972555
v 4.990312 4.635790 -0.970163
v 4.990281 4.635613 -0.968723
v 4.991075 4.634930 -0.971860
v 4.990148 4.633424 -0.972275
v 4.991467 4.632185 -0.977792
v 4.990232 4.634687 -0.970026
v 4.991372 4.633962 -0.973764
v 4.992429 4.632887 -0.983373
v 4.991601 4.634605 -0.977928
v 4.992356 4.631294 -0.983334
v 4.991967 4.633399 -0.978195
v 4.991429 4.634984 -0.973824
v 4.995809 4.538654 -2.013477
v 4.991582 4.544434 -2.015722
v 4.995313 4.540383 -2.013761
v 4.994336 4.542089 -2.014288
v 4.993028 4.543511 -2.014975
v 5.041574 2.292778 -4.416784
v 5.038590 2.298477 -4.421181
v 5.041532 2.294490 -4.417906
v 5.040952 2.296172 -4.419134
v 5.039918 2.297571 -4.420284
v 4.983644 1.919665 -4.186497
v 4.988400 1.924602 -4.189943
v 4.985276 1.920244 -4.187011
v 4.986749 1.921387 -4.187845
v 4.987847 1.922920 -4.188875
v 5.017568 1.723521 -4.700001
v 5.020711 1.721467 -4.693930
v 5.018910 1.722892 -4.698975
v 5.019979 1.722278 -4.697460
v 5.020612 1.721781 -4.695688
v 4.929311 0.647982 -4.723024
v 4.934510 0.666490 -4.719177
v 4.929143 0.647587 -4.721502
v 4.931188 0.652108 -4.722923
v 4.932832 0.657072 -4.722157
v 4.931024 0.649803 -4.722769
v 4.932370 0.653186 -4.722248
v 4.931874 0.651336 -4.722048
v 4.933839 0.662051 -4.719255
v 4.932584 0.656898 -4.719725
v 4.933999 0.662123 -4.720842
v 4.933160 0.657255 -4.720985
v 4.932267 0.653107 -4.721218
v 4.929418 0.646108 -4.722681
v 4.930932 0.651820 -4.720514
v 4.930905 0.649663 -4.721643
v 4.930890 0.648421 -4.722490
v 0.847802 4.537728 -5.231796
v 5.014852 0.854553 -4.701830
v 3.337491 4.884545 -3.818944
v 3.339291 4.888365 -3.820682
v 3.338609 4.884821 -3.819986
v 3.339345 4.885643 -3.820682
v 3.339585 4.886887 -3.820927
v 3.402688 4.897321 -3.086987
v 3.400643 4.901323 -3.085161
v 3.401551 4.897643 -3.085938
v 3.400765 4.898515 -3.085222
v 3.400445 4.899808 -3.084949
v 3.741936 4.891830 -3.401604
v 3.743729 4.895649 -3.403335
v 3.743050 4.892106 -3.402643
v 3.743783 4.892928 -3.403337
v 3.744023 4.894173 -3.403580
v 2.998265 4.890036 -3.504347
v 2.996217 4.894041 -3.502518
v 2.997128 4.890358 -3.503296
v 2.996339 4.891232 -3.502579
v 2.996018 4.892523 -3.502306
v 2.568032 4.883878 -3.857177
v 2.565961 4.887887 -3.855326
v 2.566880 4.884200 -3.856119
v 2.566087 4.885075 -3.855394
v 2.565762 4.886369 -3.855116
v 2.907643 4.878380 -4.172134
v 2.909470 4.882208 -4.173898
v 2.908772 4.878656 -4.173187
v 2.909516 4.879481 -4.173892
v 2.909764 4.880728 -4.174142
v 2.466031 4.873417 -4.456481
v 2.468011 4.877265 -4.458213
v 2.467221 4.873695 -4.457523
v 2.468014 4.874524 -4.458221
v 2.468293 4.875777 -4.458462
v 2.113621 4.878808 -4.147575
v 2.111398 4.882821 -4.145754
v 2.112416 4.879129 -4.146528
v 2.111569 4.880003 -4.145813
v 2.111211 4.881300 -4.145542
v 1.254269 4.867562 -4.787643
v 1.245072 4.871629 -4.791589
v 1.250794 4.867850 -4.789173
v 1.247826 4.868725 -4.790460
v 1.245816 4.870051 -4.791309
v 1.981130 4.869266 -4.694313
v 1.986112 4.873163 -4.694662
v 1.983472 4.869553 -4.694829
v 1.985242 4.870396 -4.695076
v 1.986169 4.871663 -4.695016
v 1.320615 4.872062 -4.529598
v 1.315392 4.876055 -4.529153
v 1.318261 4.872376 -4.529075
v 1.316441 4.873244 -4.528808
v 1.315434 4.874537 -4.528835
v 3.760258 4.905666 -2.608870
v 3.758290 4.909673 -2.606891
v 3.759152 4.905988 -2.607763
v 3.758385 4.906864 -2.606997
v 3.758084 4.908156 -2.606691
v 4.092793 4.899873 -2.940809
v 4.094502 4.903698 -2.942680
v 4.093877 4.900147 -2.941904
v 4.094583 4.900972 -2.942644
v 4.094800 4.902219 -2.942916
v 4.561563 4.923850 -1.567174
v 4.565717 4.928154 -1.558323
v 4.563199 4.924223 -1.563806
v 4.564561 4.925174 -1.560942
v 4.565446 4.926554 -1.559017
v 4.248639 4.921990 -1.673702
v 4.248380 4.926058 -1.668313
v 4.248185 4.922335 -1.671288
v 4.247975 4.923229 -1.669418
v 4.248044 4.924538 -1.668373
v 4.408914 4.909105 -2.411892
v 4.408849 4.912895 -2.416833
v 4.409322 4.909361 -2.414163
v 4.409448 4.910171 -2.415901
v 4.409284 4.911411 -2.416837
v 3.301491 4.992959 -3.787443
v 3.296891 4.996878 -3.783243
v 3.300713 4.994442 -3.786747
v 3.299569 4.995708 -3.785703
v 3.298222 4.996563 -3.784473
v 3.430917 5.004572 -3.115046
v 3.435281 5.008470 -3.119163
v 3.431603 5.006080 -3.115711
v 3.432675 5.007348 -3.116726
v 3.433964 5.008189 -3.117939
v 3.705930 5.000247 -3.370096
v 3.701337 5.004163 -3.365902
v 3.705151 5.001729 -3.369400
v 3.704007 5.002995 -3.368358
v 3.702668 5.003850 -3.367130
v 3.026490 4.997284 -3.532403
v 3.030858 5.001185 -3.536522
v 3.027177 4.998793 -3.533067
v 3.028249 5.000063 -3.534084
v 3.029542 5.000903 -3.535297
v 2.596226 4.991126 -3.885208
v 2.600621 4.995026 -3.889353
v 2.596917 4.992633 -3.885875
v 2.597996 4.993906 -3.886898
v 2.599297 4.994746 -3.888118
v 2.871678 4.986784 -4.140665
v 2.867043 4.990714 -4.136431
v 2.870896 4.988270 -4.139965
v 2.869740 4.989541 -4.138914
v 2.868386 4.990398 -4.137674
v 2.430230 4.981806 -4.424990
v 2.425397 4.985750 -4.420795
v 2.429433 4.983298 -4.424292
v 2.428231 4.984574 -4.423250
v 2.426816 4.985434 -4.422021
v 2.141663 4.986046 -4.175632
v 2.146245 4.989956 -4.179733
v 2.142369 4.987559 -4.176296
v 2.143487 4.988833 -4.177307
v 2.144849 4.989674 -4.178516
v 1.241364 4.975077 -4.789957
v 1.251939 4.979315 -4.785141
v 1.242123 4.976672 -4.789569
v 1.244401 4.978039 -4.788518
v 1.247846 4.978968 -4.786964
v 1.948350 4.977654 -4.661455
v 1.939694 4.981591 -4.659004
v 1.947259 4.979152 -4.660886
v 1.945229 4.980428 -4.660221
v 1.942574 4.981285 -4.659559
v 1.345654 4.979275 -4.559029
v 1.354035 4.983220 -4.561380
v 1.346650 4.980790 -4.559560
v 1.348592 4.982073 -4.560194
v 1.351186 4.982926 -4.560833
v 3.788560 5.012918 -2.636776
v 3.792828 5.016814 -2.641085
v 3.789243 5.014426 -2.637455
v 3.790292 5.015696 -2.638512
v 3.791550 5.016534 -2.639787
v 4.056706 5.008278 -2.909445
v 4.052217 5.012207 -2.905069
v 4.055936 5.009766 -2.908735
v 4.054811 5.011034 -2.907653
v 4.053506 5.011892 -2.906366
v 4.562009 5.031574 -1.556692
v 4.556844 5.035564 -1.566872
v 4.561570 5.033155 -1.557444
v 4.560433 5.034470 -1.559644
v 4.558774 5.035316 -1.562955
v 4.278649 5.029299 -1.698195
v 4.280786 5.033123 -1.706751
v 4.279168 5.030802 -1.699198
v 4.279756 5.032057 -1.701176
v 4.280324 5.032873 -1.703828
v 4.371064 5.017440 -2.383609
v 4.368749 5.021451 -2.375446
v 4.370458 5.018938 -2.382610
v 4.369805 5.020226 -2.380706
v 4.369203 5.021110 -2.378191
v 4.583032 4.989515 -1.005140
v 4.584695 4.989508 -1.005647
v 4.584619 4.989531 -1.004264
v 0.778275 4.923260 -4.792432
v 0.778771 4.923230 -4.794164
v 0.777379 4.923232 -4.794042
v 2.440839 5.011601 -5.242471
v 2.440717 5.006955 -5.246906
v 2.440049 5.011224 -5.244195
v 2.439751 5.010209 -5.245641
v 2.439984 5.008709 -5.246597
v 5.017838 2.440047 -5.201281
v 5.013265 2.439974 -5.205801
v 5.017495 2.439294 -5.203003
v 5.016503 2.439013 -5.204466
v 5.015019 2.439253 -5.205448
v 2.443619 2.448922 -5.195324
v 2.444283 2.449502 -5.198814
v 2.443131 2.448417 -5.196646
v 2.443494 2.448730 -5.198534
v 5.025872 5.047798 -2.682603
v 5.021302 5.052379 -2.682699
v 5.025529 5.049570 -2.681896
v 5.024537 5.051062 -2.681663
v 5.023057 5.052048 -2.681946
v 2.451638 5.058450 -2.674940
v 2.452439 5.061890 -2.675659
v 2.451165 5.059790 -2.674478
v 2.451600 5.061649 -2.674868
v 5.025964 2.489746 -2.633801
v 5.029401 2.490372 -2.634560
v 5.027295 2.489270 -2.633320
v 5.029153 2.489609 -2.633732
v 2.710007 5.015353 -4.761529
v 2.707997 5.019535 -4.766113
v 2.710015 5.016976 -4.761903
v 2.709634 5.018342 -4.762905
v 2.708924 5.019240 -4.764383
v 4.544663 5.046252 -2.935651
v 4.540067 5.041935 -2.938011
v 4.542905 5.045906 -2.936579
v 4.541413 5.044964 -2.937354
v 4.540418 5.043568 -2.937854
v 2.715894 5.054651 -2.924535
v 2.717911 5.050339 -2.926849
v 2.716824 5.054301 -2.925445
v 2.717534 5.053359 -2.926204
v 2.717915 5.051968 -2.926696
v 5.012078 2.693225 -4.734972
v 5.016351 2.690787 -4.739485
v 5.013707 2.693039 -4.735323
v 5.015096 2.692511 -4.736301
v 5.016023 2.691720 -4.737764
v 5.020009 4.565578 -2.925582
v 5.024285 4.570217 -2.923261
v 5.021642 4.565931 -2.925411
v 5.023026 4.566938 -2.924909
v 5.023957 4.568442 -2.924156
v 5.024331 2.726027 -2.889122
v 5.020017 2.728358 -2.891620
v 5.023988 2.726918 -2.890085
v 5.023046 2.727675 -2.890897
v 5.021653 2.728180 -2.891436
v 2.689957 4.534731 -5.238412
v 2.692353 4.529948 -5.234075
v 2.690877 4.532968 -5.238056
v 2.691659 4.531439 -5.237108
v 2.692178 4.530378 -5.235708
v 4.540040 2.684002 -5.208620
v 4.535474 2.686444 -5.204386
v 4.538285 2.684914 -5.208305
v 4.536801 2.685698 -5.207392
v 4.535813 2.686234 -5.206015
v 2.689950 2.690885 -5.203554
v 2.692353 2.693031 -5.199343
v 2.690873 2.691776 -5.203247
v 2.691655 2.692496 -5.202339
v 2.692174 2.692937 -5.200968
v 2.700143 4.916005 -4.755399
v 2.698510 4.920184 -4.759727
v 2.699357 4.916299 -4.757032
v 2.698773 4.917197 -4.758424
v 2.698476 4.918561 -4.759372
v 4.540067 4.954958 -2.936351
v 4.535798 4.950659 -2.938374
v 4.539742 4.953324 -2.936480
v 4.538815 4.951934 -2.936910
v 4.537431 4.950996 -2.937576
v 2.706406 4.955141 -2.925045
v 2.708894 4.950838 -2.927993
v 2.706441 4.953512 -2.925247
v 2.706921 4.952122 -2.925876
v 2.707783 4.951184 -2.926841
v 4.920842 2.695437 -4.730360
v 4.925084 2.693232 -4.734598
v 4.921159 2.694594 -4.731974
v 4.922078 2.693878 -4.733351
v 4.923455 2.693400 -4.734270
v 4.928750 4.561284 -2.927248
v 4.933019 4.565584 -2.925208
v 4.929078 4.562929 -2.926460
v 4.930001 4.564325 -2.925795
v 4.931386 4.565256 -2.925356
v 4.933026 2.728362 -2.891246
v 4.928754 2.731315 -2.894302
v 4.931397 2.728587 -2.891473
v 4.930013 2.729228 -2.892133
v 4.929082 2.730186 -2.893126
v 2.692063 4.525301 -5.143144
v 2.694184 4.520825 -5.138828
v 2.692219 4.524896 -5.141511
v 2.692677 4.523901 -5.140115
v 2.693368 4.522471 -5.139175
v 4.535893 2.687897 -5.120333
v 4.531655 2.690094 -5.116091
v 4.535581 2.688088 -5.118704
v 4.534661 2.688571 -5.117327
v 4.533284 2.689276 -5.116409
v 2.692059 2.688353 -5.111345
v 2.695065 2.691134 -5.107153
v 2.692284 2.688496 -5.109720
v 2.692933 2.689075 -5.108353
v 2.693909 2.690001 -5.107452
v 4.527902 4.963484 -4.771837
v 4.532182 4.963556 -4.767602
v 4.529534 4.963487 -4.771520
v 4.530923 4.963501 -4.770607
v 4.531850 4.963525 -4.769231
v 4.544946 5.033366 -1.105503
v 4.547952 5.033337 -1.106760
v 4.546102 5.033381 -1.104677
v 4.547727 5.033363 -1.105358
v 4.968591 0.860267 -4.700903
v 4.968602 0.859072 -4.697863
v 4.968591 0.858869 -4.700647
v 4.968598 0.858225 -4.699001
v 4.984437 4.600631 -1.086302
v 4.984445 4.597649 -1.085003
v 4.984445 4.600429 -1.084898
v 4.984445 4.598816 -1.084196
v 4.535684 4.519841 -5.195550
v 4.531423 4.524109 -5.195611
v 4.535359 4.521472 -5.195577
v 4.534436 4.522856 -5.195600
v 4.533055 4.523781 -5.195611
v 0.851758 4.528126 -5.181549
v 0.852994 4.531139 -5.181608
v 0.850922 4.529282 -5.181566
v 0.851590 4.530913 -5.181600
v 0.880715 4.972049 -4.749420
v 0.879411 4.972110 -4.746355
v 0.879277 4.972058 -4.749179
v 0.878526 4.972073 -4.748512
v 4.968591 4.530531 -4.764486
v 4.968572 4.526193 -4.768665
v 4.968583 4.530178 -4.766111
v 4.968575 4.529227 -4.767473
v 4.968572 4.527828 -4.768373
v 4.532666 0.853248 -5.129137
v 4.535684 0.854499 -5.129171
v 4.533822 0.852422 -5.129126
v 4.535451 0.853099 -5.129143
v 3.520135 3.373269 -5.085018
v 3.521699 3.375046 -5.088922
v 3.521138 3.374407 -5.085346
v 3.521786 3.375145 -5.086204
v 3.521985 3.375371 -5.087461
v 2.786698 3.419396 -5.074291
v 2.784795 3.417235 -5.078193
v 2.785668 3.418227 -5.074558
v 2.784943 3.417406 -5.075391
v 2.784638 3.417058 -5.076669
v 3.092301 3.766660 -5.085073
v 3.093854 3.768432 -5.088975
v 3.093301 3.767798 -5.085401
v 3.093945 3.768532 -5.086257
v 3.094144 3.768754 -5.087514
v 3.214555 3.026023 -5.074240
v 3.212647 3.023861 -5.078144
v 3.213521 3.024853 -5.074507
v 3.212800 3.024032 -5.075340
v 3.212491 3.023684 -5.076618
v 3.578580 2.605175 -5.072708
v 3.576649 2.602988 -5.076616
v 3.577538 2.603996 -5.072975
v 3.576806 2.603165 -5.073812
v 3.576493 2.602810 -5.075090
v 3.884507 2.952816 -5.083502
v 3.886094 2.954622 -5.087416
v 3.885522 2.953967 -5.083832
v 3.886182 2.954715 -5.084692
v 3.886380 2.954945 -5.085951
v 4.180371 2.518813 -5.080675
v 4.181924 2.520771 -5.084612
v 4.181371 2.520026 -5.081007
v 4.182019 2.520822 -5.081873
v 4.182214 2.521086 -5.083136
v 3.880822 2.158544 -5.069763
v 3.878930 2.156203 -5.073673
v 3.879800 2.157306 -5.070028
v 3.879079 2.156424 -5.070864
v 3.878773 2.156039 -5.072145
v 4.543275 1.316262 -5.065594
v 4.547322 1.307093 -5.069635
v 4.544885 1.312824 -5.065876
v 4.546220 1.309872 -5.066744
v 4.547074 1.307863 -5.068064
v 4.430867 2.040335 -5.076370
v 4.430959 2.045257 -5.080360
v 4.431314 2.042684 -5.076715
v 4.431485 2.044445 -5.077595
v 4.431359 2.045348 -5.078875
v 4.283566 1.375860 -5.062538
v 4.283128 1.370559 -5.066425
v 4.283097 1.373491 -5.062792
v 4.282849 1.371650 -5.063622
v 4.282861 1.370620 -5.064898
v 2.299336 3.764356 -5.072578
v 2.297276 3.762263 -5.076482
v 2.298245 3.763212 -5.072845
v 2.297475 3.762414 -5.073678
v 2.297131 3.762080 -5.074956
v 2.622430 4.105362 -5.083524
v 2.624127 4.107049 -5.087438
v 2.623486 4.106467 -5.083852
v 2.624177 4.107176 -5.084713
v 2.624406 4.107380 -5.085971
v 1.236909 4.538172 -5.069213
v 1.227815 4.542019 -5.073289
v 1.233491 4.539711 -5.069501
v 1.230561 4.540984 -5.070379
v 1.228570 4.541794 -5.071706
v 1.351628 4.228171 -5.065677
v 1.346116 4.227702 -5.069557
v 1.349217 4.227648 -5.065935
v 1.347321 4.227376 -5.066762
v 1.346234 4.227394 -5.068035
v 2.085374 4.407570 -5.080291
v 2.090188 4.407562 -5.084243
v 2.087624 4.408030 -5.080631
v 2.089326 4.408190 -5.081499
v 2.090226 4.408024 -5.082769
v 3.486016 3.334562 -5.191692
v 3.481808 3.329786 -5.195390
v 3.485291 3.333739 -5.193138
v 3.484238 3.332543 -5.194349
v 3.483014 3.331154 -5.195140
v 2.810433 3.446434 -5.182882
v 2.814305 3.450833 -5.186990
v 2.811028 3.447112 -5.184423
v 2.811974 3.448185 -5.185745
v 2.813123 3.449492 -5.186647
v 3.058171 3.727945 -5.191745
v 3.053971 3.723176 -5.195444
v 3.057446 3.727125 -5.193193
v 3.056393 3.725928 -5.194402
v 3.055176 3.724543 -5.195194
v 3.238286 3.053061 -5.182829
v 3.242158 3.057462 -5.186937
v 3.238881 3.053738 -5.184370
v 3.239827 3.054814 -5.185694
v 3.240979 3.056120 -5.186594
v 3.602288 2.632187 -5.181295
v 3.606183 2.636615 -5.185408
v 3.602883 2.632865 -5.182838
v 3.603837 2.633947 -5.184160
v 3.604993 2.635263 -5.185064
v 3.850419 2.914147 -5.190168
v 3.846184 2.909335 -5.193874
v 3.849690 2.913320 -5.191618
v 3.848630 2.912115 -5.192831
v 3.847398 2.910716 -5.193623
v 4.146256 2.480308 -5.187328
v 4.142060 2.475302 -5.191048
v 4.145532 2.479465 -5.188784
v 4.144479 2.478218 -5.190002
v 4.143258 2.476755 -5.190798
v 3.904565 2.185397 -5.178341
v 3.908410 2.190015 -5.182461
v 3.905160 2.186094 -5.179886
v 3.906098 2.187216 -5.181211
v 3.907243 2.188591 -5.182116
v 4.542359 1.301522 -5.172892
v 4.537133 1.311888 -5.177145
v 4.541902 1.302242 -5.174486
v 4.540746 1.304466 -5.175856
v 4.539071 1.307853 -5.176790
v 4.395310 2.004814 -5.183027
v 4.392957 1.996031 -5.186733
v 4.394723 2.003682 -5.184488
v 4.394067 2.001614 -5.185709
v 4.393449 1.998927 -5.186495
v 4.308763 1.399751 -5.171080
v 4.310758 1.408117 -5.175243
v 4.309216 1.400732 -5.172630
v 4.309754 1.402666 -5.173965
v 4.310296 1.405259 -5.174883
v 2.322919 3.791465 -5.181163
v 2.326981 3.795775 -5.185274
v 2.323525 3.792137 -5.182706
v 2.324513 3.793191 -5.184026
v 2.325726 3.794468 -5.184930
v 2.588448 4.066573 -5.190191
v 2.584065 4.061903 -5.193895
v 2.587712 4.065758 -5.191640
v 2.586617 4.064582 -5.192853
v 2.585339 4.063229 -5.193645
v 1.222855 4.536448 -5.176517
v 1.233029 4.531473 -5.180759
v 1.223569 4.536000 -5.178117
v 1.225751 4.534895 -5.179483
v 1.229073 4.533309 -5.180412
v 1.371755 4.256901 -5.174236
v 1.380120 4.259187 -5.178382
v 1.372693 4.257418 -5.175779
v 1.374612 4.258034 -5.177110
v 1.377221 4.258655 -5.178024
v 2.054520 4.367100 -5.186964
v 2.046292 4.364504 -5.190658
v 2.053487 4.366440 -5.188417
v 2.051560 4.365716 -5.189630
v 2.049035 4.365036 -5.190416
v 0.672639 4.544024 -5.116312
v 0.673100 4.545699 -5.116350
v 0.671723 4.545586 -5.116325
v 4.558721 0.839637 -5.113415
v 4.560441 0.840178 -5.113453
v 4.560357 0.838783 -5.113426
v 4.953084 3.514944 -3.614641
v 4.957219 3.516184 -3.616140
v 4.953568 3.515888 -3.615776
v 4.954526 3.516457 -3.616460
v 4.955808 3.516559 -3.616585
v 4.894425 2.782915 -3.643946
v 4.898004 2.780809 -3.641433
v 4.894525 2.781904 -3.642734
v 4.895242 2.781149 -3.641830
v 4.896462 2.780764 -3.641371
v 4.953664 3.076737 -3.996445
v 4.957795 3.077969 -3.997936
v 4.954148 3.077678 -3.997576
v 4.955106 3.078242 -3.998255
v 4.956384 3.078345 -3.998381
v 4.893849 3.221146 -3.262170
v 4.897428 3.219034 -3.259647
v 4.893949 3.220131 -3.260954
v 4.894666 3.219375 -3.260048
v 4.895886 3.218990 -3.259588
v 4.885182 3.596632 -2.851604
v 4.888757 3.594494 -2.849050
v 4.885278 3.595608 -2.850377
v 4.885995 3.594841 -2.849459
v 4.887216 3.594451 -2.848993
v 4.944482 3.890764 -3.204473
v 4.948636 3.892023 -3.205995
v 4.944970 3.891716 -3.205620
v 4.945931 3.892292 -3.206310
v 4.947217 3.892398 -3.206443
v 4.928720 4.198751 -2.779249
v 4.932893 4.199959 -2.780937
v 4.929212 4.199688 -2.780462
v 4.930173 4.200247 -2.781208
v 4.931466 4.200341 -2.781375
v 4.870351 3.911416 -2.410767
v 4.873929 3.909316 -2.408029
v 4.870450 3.910407 -2.409469
v 4.871163 3.909654 -2.408493
v 4.872388 3.909270 -2.407987
v 4.884019 4.598318 -1.513870
v 4.887971 4.602379 -1.503666
v 4.884297 4.600014 -1.510133
v 4.885148 4.601381 -1.506881
v 4.886437 4.602213 -1.504611
v 4.905213 4.462994 -2.308531
v 4.909184 4.462555 -2.313353
v 4.905614 4.463306 -2.310949
v 4.906510 4.463331 -2.312713
v 4.907762 4.463068 -2.313558
v 4.868989 4.337818 -1.563768
v 4.872792 4.337317 -1.557605
v 4.869172 4.337419 -1.561159
v 4.869962 4.337185 -1.559071
v 4.871232 4.337149 -1.557823
v 4.885289 2.286886 -3.976203
v 4.888860 2.284624 -3.973756
v 4.885388 2.285815 -3.975014
v 4.886102 2.285011 -3.974134
v 4.887322 2.284591 -3.973692
v 4.945436 2.598325 -4.322872
v 4.949578 2.599701 -4.324281
v 4.945924 2.599323 -4.323973
v 4.946881 2.599933 -4.324629
v 4.948167 2.600067 -4.324736
v 4.867444 1.204901 -4.722219
v 4.871156 1.195441 -4.725510
v 4.867612 1.201425 -4.723650
v 4.868375 1.198407 -4.724775
v 4.869622 1.196307 -4.725431
v 4.847871 1.328649 -4.416318
v 4.851304 1.322896 -4.415407
v 4.847913 1.326241 -4.415718
v 4.848580 1.324302 -4.415335
v 4.849771 1.323128 -4.415227
v 4.927968 2.054097 -4.611460
v 4.932237 2.058627 -4.611252
v 4.928498 2.056303 -4.611942
v 4.929498 2.057940 -4.612074
v 4.930810 2.058757 -4.611830
v 5.053750 3.474779 -3.566762
v 5.056767 3.470471 -3.561601
v 5.055078 3.473982 -3.565809
v 5.056115 3.472883 -3.564491
v 5.056710 3.471649 -3.563017
v 5.006192 2.798378 -3.662803
v 5.010888 2.801833 -3.666960
v 5.007817 2.798847 -3.663370
v 5.009282 2.799670 -3.664361
v 5.010362 2.800719 -3.665621
v 5.054334 3.036562 -3.948555
v 5.057347 3.032262 -3.943405
v 5.055657 3.035766 -3.947601
v 5.056695 3.034668 -3.946291
v 5.057290 3.033438 -3.944814
v 5.005616 3.236604 -3.281021
v 5.010316 3.240064 -3.285181
v 5.007241 3.237073 -3.281587
v 5.008706 3.237895 -3.282576
v 5.009786 3.238945 -3.283838
v 4.996938 3.612065 -2.870422
v 5.001645 3.615550 -2.874615
v 4.998567 3.612535 -2.870991
v 5.000031 3.613364 -2.871988
v 5.001115 3.614422 -2.873261
v 5.045144 3.850628 -3.156629
v 5.048165 3.846285 -3.151433
v 5.046472 3.849824 -3.155672
v 5.047513 3.848717 -3.154347
v 5.048108 3.847475 -3.152858
v 5.029355 4.158587 -2.731594
v 5.032407 4.154299 -2.726172
v 5.030694 4.157784 -2.730614
v 5.031747 4.156688 -2.729242
v 5.032346 4.155464 -2.727682
v 4.982110 3.926885 -2.429400
v 4.986814 3.930313 -2.433817
v 4.983735 3.927351 -2.429988
v 4.985204 3.928169 -2.431032
v 4.986283 3.929207 -2.432378
v 4.989980 4.590536 -1.489751
v 4.994103 4.584775 -1.500488
v 4.991532 4.589954 -1.490400
v 4.992864 4.588655 -1.492668
v 4.993764 4.586836 -1.496211
v 5.005578 4.421211 -2.264045
v 5.008958 4.418947 -2.254709
v 5.006955 4.420560 -2.262765
v 5.008077 4.419901 -2.260541
v 5.008782 4.419333 -2.257711
v 4.980969 4.354887 -1.578975
v 4.985391 4.356299 -1.587675
v 4.982575 4.355203 -1.579889
v 4.983979 4.355579 -1.581862
v 4.984971 4.355966 -1.584596
v 4.997045 2.302194 -3.995126
v 5.001756 2.305845 -3.999193
v 4.998673 2.302679 -3.995687
v 5.000138 2.303541 -3.996656
v 5.001222 2.304653 -3.997886
v 5.046105 2.558300 -4.274906
v 5.049119 2.553810 -4.269852
v 5.047433 2.557488 -4.273960
v 5.048470 2.556350 -4.272669
v 5.049062 2.555060 -4.271226
v 4.973031 1.183614 -4.711615
v 4.977582 1.193618 -4.706564
v 4.974637 1.184226 -4.711058
v 4.976064 1.186345 -4.709902
v 4.977098 1.189641 -4.708326
v 4.959481 1.340464 -4.436777
v 4.964372 1.348463 -4.438926
v 4.961125 1.341278 -4.437193
v 4.962632 1.343086 -4.437744
v 4.963769 1.345608 -4.438356
v 5.028733 2.017238 -4.561893
v 5.031629 2.008858 -4.558811
v 5.030053 2.016129 -4.561094
v 5.031068 2.014148 -4.560230
v 5.031621 2.011595 -4.559427
v 4.875054 0.638800 -4.710819
v 4.875253 0.639212 -4.712496
v 4.875123 0.637841 -4.712351
v 4.934518 4.626035 -0.956940
v 4.934602 4.627565 -0.957380
v 4.934583 4.627527 -0.956020
v 4.536782 0.847176 -5.172665
v 0.886784 5.026633 -4.751407
v 4.548982 5.079825 -1.101646
v 5.030831 4.601755 -1.080518
vn 0.0814 -0.9960 -0.0371
vn -0.0000 -0.9998 0.0175
vn 0.0775 -0.9961 -0.0414
vn 0.7096 0.3433 -0.6154
vn 0.6435 0.4331 -0.6312
vn 0.6799 0.4336 -0.5913
vn -0.0681 -0.9942 0.0833
vn -0.6096 0.2851 0.7397
vn -0.5494 0.3769 0.7457
vn -0.5676 0.2837 0.7729
vn 0.0573 -0.9964 -0.0617
vn 0.0613 -0.9964 -0.0586
vn 0.7447 0.3417 -0.5733
vn 0.7135 0.4329 -0.5509
vn -0.7701 0.2829 0.5718
vn -0.7884 0.3728 0.4893
vn -0.7441 0.3777 0.5510
vn -0.6906 0.2860 0.6643
vn -0.6278 0.3806 0.6790
vn -0.6494 0.2861 0.7045
vn 0.0657 -0.9964 -0.0543
vn 0.0694 -0.9963 -0.0498
vn -0.0643 -0.9941 0.0874
vn -0.5030 0.3731 0.7796
vn -0.5193 0.2789 0.8078
vn 0.4615 0.3235 -0.8261
vn 0.4880 0.4196 -0.7654
vn 0.5089 0.3289 -0.7955
vn 0.5538 0.3330 -0.7631
vn 0.5695 0.4287 -0.7013
vn 0.5944 0.3380 -0.7297
vn -0.4510 0.3676 0.8133
vn -0.4649 0.2750 0.8415
vn -0.4095 0.3624 0.8372
vn -0.4217 0.2710 0.8653
vn 0.3841 0.3141 -0.8682
vn 0.4001 0.4057 -0.8218
vn 0.4166 0.3172 -0.8520
vn 0.0530 -0.9964 -0.0659
vn -0.3900 0.3597 0.8477
vn -0.4014 0.2698 0.8753
vn -0.6256 0.3834 0.6794
vn -0.5196 0.1033 0.8482
vn 0.1740 0.2547 -0.9512
vn 0.3693 0.4000 -0.8388
vn 0.0441 -0.9962 -0.0746
vn 0.0484 -0.9964 -0.0702
vn 0.7768 0.3406 -0.5297
vn 0.7448 0.4311 -0.5094
vn 0.8036 0.3410 -0.4878
vn 0.7720 0.4283 -0.4697
vn -0.8527 0.2733 0.4452
vn -0.8419 0.3625 0.3997
vn -0.8251 0.3664 0.4301
vn -0.0720 -0.9943 0.0791
vn 0.8222 0.3371 -0.4587
vn 0.7898 0.4258 -0.4415
vn 0.9264 0.2958 -0.2331
vn 0.8900 0.3910 -0.2344
vn -0.8689 0.2723 0.4135
vn -0.6782 0.3837 0.6268
vn -0.0796 -0.9945 0.0682
vn 0.6153 0.5053 -0.6050
vn 0.6498 0.5064 -0.5668
vn -0.0000 0.9998 -0.0175
vn 0.0484 0.9953 -0.0840
vn -0.5895 0.3793 0.7132
vn -0.5283 0.4568 0.7157
vn -0.0451 0.9976 0.0521
vn -0.0413 0.9976 0.0562
vn 0.6825 0.5048 -0.5286
vn 0.7129 0.5021 -0.4895
vn -0.6673 0.3809 0.6400
vn -0.6785 0.4597 0.5730
vn -0.6415 0.4603 0.6137
vn -0.6032 0.4608 0.6510
vn -0.7058 0.3800 0.5979
vn -0.7157 0.4570 0.5282
vn 0.6062 0.4314 -0.6681
vn 0.5307 0.4248 -0.7334
vn 0.5450 0.5007 -0.6725
vn 0.5081 0.4969 -0.7035
vn -0.4342 0.4471 0.7821
vn -0.0490 0.9976 0.0492
vn 0.4430 0.4130 -0.7957
vn 0.4675 0.4920 -0.7344
vn 0.4249 0.4854 -0.7641
vn -0.3763 0.4363 0.8174
vn -0.0001 0.9998 -0.0174
vn -0.0384 0.9975 0.0600
vn 0.3844 0.4779 -0.7898
vn 0.1776 0.3509 -0.9194
vn 0.3555 0.4711 -0.8072
vn -0.5725 0.5396 0.6173
vn 0.0648 0.9957 -0.0665
vn -0.7581 0.4539 0.4683
vn -0.7952 0.4448 0.4120
vn 0.7391 0.4997 -0.4518
vn 0.7572 0.4956 -0.4255
vn 0.0722 0.9956 -0.0598
vn 0.0682 0.9957 -0.0629
vn -0.8124 0.4392 0.3835
vn -0.6127 0.5472 0.5702
vn 0.8537 0.4633 -0.2378
vn -0.7304 0.2854 0.6206
vn 0.9976 -0.0657 -0.0201
vn 0.9979 0.0367 -0.0535
vn 0.9880 0.1366 -0.0721
vn -0.0620 0.9974 0.0358
vn -0.0651 0.9974 0.0316
vn -0.5669 0.4585 0.6844
vn -0.0586 0.9975 0.0393
vn -0.0857 -0.9943 0.0638
vn 0.0738 -0.9962 -0.0458
vn -0.0740 0.9970 0.0226
vn -0.0103 -0.0858 -0.9963
vn -0.0472 -0.2573 -0.9652
vn 0.0236 0.0167 -0.9996
vn 0.0022 -0.1133 -0.9936
vn 0.0423 0.1175 -0.9922
vn 0.0448 0.9951 -0.0880
vn 0.6328 0.3410 -0.6952
vn 0.0618 0.9956 -0.0703
vn 0.5799 0.5034 -0.6406
vn 0.0956 -0.9953 0.0169
vn -0.0903 -0.9940 0.0615
vn 0.1068 -0.9942 -0.0122
vn 0.0894 -0.9955 -0.0310
vn 0.0902 0.9949 -0.0444
vn 0.0751 0.9955 -0.0579
vn -0.0783 0.9967 0.0209
vn 0.0948 0.9952 -0.0242
vn 0.0001 -0.9998 0.0174
vn 0.0417 -0.9960 -0.0786
vn -0.0564 -0.9940 0.0940
vn -0.4839 0.4526 0.7490
vn 0.0354 0.9945 -0.0988
vn -0.0605 -0.9940 0.0908
vn -0.0521 -0.9938 0.0980
vn -0.0558 0.9975 0.0433
vn -0.8152 0.2795 0.5072
vn 0.0066 0.1220 0.9925
vn -0.0923 0.0190 0.9956
vn -0.0643 0.1483 0.9869
vn -0.0692 0.9972 0.0267
vn 0.0251 -0.9954 -0.0924
vn -0.0426 -0.9930 0.1099
vn -0.0025 -0.9969 -0.0784
vn -0.0372 0.9973 0.0630
vn 0.0041 0.9938 -0.1110
vn -0.0327 0.9989 -0.0330
vn 0.0228 0.9937 -0.1099
vn 0.9630 -0.2688 0.0209
vn 0.8915 -0.4438 0.0906
vn 0.0862 -0.9957 -0.0334
vn 0.9925 -0.1197 -0.0266
vn 0.0373 0.9948 -0.0951
vn 0.6719 0.3417 -0.6571
vn -0.0521 0.9976 0.0459
vn 0.0407 0.9950 -0.0911
vn -0.0473 -0.9937 0.1021
vn -0.3947 0.4402 0.8065
vn 0.1826 0.4266 -0.8858
vn 0.0514 0.9954 -0.0804
vn 0.0551 0.9955 -0.0777
vn 0.0583 0.9956 -0.0739
vn -0.0754 -0.9944 0.0742
vn -0.0441 -0.9933 0.1067
vn 0.0074 -0.0234 -0.9997
vn -0.0018 -0.0178 -0.9998
vn -0.0024 -0.0188 -0.9998
vn -0.9963 0.0514 -0.0685
vn -1.0000 0.0001 0.0050
vn -0.9950 -0.0019 -0.0998
vn -0.9966 0.0822 0.0038
vn -0.9957 -0.0016 -0.0927
vn -0.1016 -0.1141 -0.9883
vn -0.0049 -0.0173 -0.9998
vn -0.0049 -0.1135 -0.9935
vn 0.9999 -0.0040 -0.0155
vn 0.9999 0.0081 -0.0124
vn 0.9899 0.0970 -0.1032
vn 0.0621 0.1347 0.9889
vn 0.0062 0.0182 0.9998
vn -0.0000 -0.9998 0.0191
vn 0.1584 -0.9837 -0.0854
vn 0.0982 -0.9950 0.0185
vn 0.0650 0.0530 -0.9965
vn 0.0699 -0.0435 -0.9966
vn -0.0022 0.9995 -0.0312
vn 0.0068 0.9997 -0.0219
vn 0.0034 0.9997 -0.0234
vn 0.0998 0.0627 0.9930
vn 0.0043 0.0185 0.9998
vn 0.0043 0.0995 0.9950
vn -0.0975 0.9951 -0.0186
vn 0.0698 0.9935 -0.0894
vn -0.0309 0.9952 -0.0931
vn 0.1009 -0.0791 0.9918
vn 0.1024 0.0184 0.9946
vn 0.0037 0.9998 -0.0200
vn -0.0734 0.9956 0.0578
vn 1.0000 0.0064 -0.0044
vn 0.9950 -0.0704 0.0705
vn 0.9881 -0.1411 -0.0609
vn 1.0000 0.0021 -0.0069
vn 0.7402 -0.0860 -0.6669
vn 0.7022 -0.0974 -0.7053
vn 0.8188 -0.1744 -0.5469
vn -0.9884 0.1330 0.0731
vn -1.0000 0.0001 0.0043
vn -0.9945 0.1046 0.0023
vn -0.0031 -0.0191 -0.9998
vn 0.0936 -0.0186 -0.9954
vn -0.0038 -0.0189 -0.9998
vn -0.0846 -0.1006 -0.9913
vn -0.1588 0.0399 -0.9865
vn -0.0216 0.9998 0.0024
vn 0.0042 0.9998 -0.0190
vn 0.0050 0.9959 0.0898
vn 0.7026 -0.1029 -0.7041
vn 0.6450 -0.0370 -0.7633
vn -0.6031 -0.5067 0.6161
vn -0.5154 -0.5957 0.6160
vn -0.4611 -0.4505 0.7645
vn 1.0000 0.0003 -0.0031
vn 0.9953 -0.0007 -0.0964
vn 0.9902 0.0948 -0.1022
vn -0.0028 -0.0195 -0.9998
vn -0.0031 -0.1101 -0.9939
vn -0.0027 0.9998 -0.0192
vn -0.0907 0.9957 -0.0187
vn 0.0035 0.9931 -0.1174
vn -0.1497 0.9855 -0.0799
vn -0.0024 0.0769 -0.9970
vn 0.1053 -0.9943 0.0185
vn 0.0004 -0.9932 0.1164
vn 0.1308 -0.9873 0.0896
vn 0.0759 0.6927 -0.7172
vn -0.0028 0.7510 -0.6603
vn -0.0031 0.6949 -0.7191
vn -0.0028 -0.0182 -0.9998
vn 0.0544 -0.1756 -0.9830
vn 0.0995 0.6536 -0.7503
vn -0.0033 0.6341 -0.7732
vn 0.0971 -0.9949 -0.0255
vn 0.0013 0.9998 -0.0181
vn 0.0960 0.9952 -0.0198
vn 0.0975 0.9885 -0.1155
vn 0.9998 0.0184 0.0006
vn 1.0000 0.0011 0.0028
vn 0.9955 0.0017 0.0947
vn -0.0236 -0.0407 -0.9989
vn 0.0616 0.9905 0.1231
vn 0.0856 -0.0004 0.9963
vn 0.0061 0.1164 0.9932
vn -0.9954 -0.0960 0.0065
vn -0.9895 -0.0742 -0.1238
vn 0.7062 0.7071 0.0355
vn 0.7587 0.6477 0.0703
vn 0.7057 0.7074 0.0392
vn -0.6030 -0.5958 0.5305
vn -0.7490 -0.4596 0.4773
vn 0.6685 0.7407 0.0668
vn 0.6475 0.7621 -0.0017
vn -0.0037 -0.9896 -0.1436
vn -0.1003 -0.9949 0.0087
vn -0.0023 -0.9991 -0.0428
vn 0.9953 0.0965 -0.0063
vn 1.0000 -0.0011 -0.0043
vn 0.1349 -0.0527 0.9895
vn 0.1090 0.0179 0.9939
vn 0.9874 0.0624 0.1455
vn -0.4672 -0.7408 0.4826
vn -0.5754 -0.5673 0.5892
vn 0.0938 0.0773 -0.9926
vn -0.9909 -0.0997 -0.0906
vn 0.7051 0.7065 -0.0606
vn 0.5379 0.8290 -0.1528
vn 0.7704 0.6310 -0.0909
vn -0.9901 0.0994 0.0991
vn -0.9952 0.0979 0.0024
vn 0.7039 0.0050 -0.7103
vn 0.7909 0.0094 -0.6118
vn 0.6188 0.1279 -0.7751
vn 0.1087 0.6907 -0.7149
vn 0.0982 -0.9884 0.1160
vn 0.1560 0.6076 -0.7788
vn 0.0168 0.9997 -0.0197
vn 0.0962 0.9891 -0.1119
vn -0.9964 0.0698 -0.0489
vn -0.9970 -0.0015 -0.0773
vn -0.9818 0.1596 -0.1025
vn -0.0905 0.1155 0.9892
vn 0.9995 -0.0239 0.0183
vn 0.9910 -0.0942 0.0947
vn 1.0000 -0.0001 -0.0043
vn 0.9956 0.0017 0.0937
vn 0.9946 0.0703 -0.0768
vn 0.9970 0.0713 0.0289
vn -0.0951 -0.0188 -0.9953
vn -0.0078 -0.0056 -1.0000
vn -0.1031 -0.0172 -0.9945
vn -0.0361 0.0570 -0.9977
vn -0.0980 -0.9920 -0.0795
vn -0.0013 -0.9891 -0.1469
vn 0.0006 0.9969 0.0793
vn 0.0799 0.9967 0.0133
vn -0.0962 0.9922 0.0787
vn -0.0000 0.9998 -0.0191
vn 0.9959 -0.0901 -0.0026
vn 0.9954 -0.0962 -0.0024
vn 0.9964 -0.0322 -0.0782
vn 0.2116 0.0671 0.9750
vn 0.0905 0.0746 -0.9931
vn 0.0388 -0.9806 -0.1920
vn 0.0782 -0.9906 -0.1120
vn 0.0958 -0.9614 -0.2578
vn 0.0677 0.0996 0.9927
vn 0.0157 0.0172 0.9997
vn 0.0722 0.0959 0.9928
vn 0.5847 0.7191 -0.3756
vn 0.5993 0.6517 -0.4648
vn 0.5586 0.6871 -0.4646
vn -0.0484 -0.0525 0.9974
vn -0.7325 -0.6336 -0.2491
vn -0.7431 -0.5750 -0.3424
vn -0.7666 -0.5923 -0.2481
vn 0.0932 0.0765 0.9927
vn 0.0890 0.0802 0.9928
vn 0.5416 0.7528 -0.3742
vn 0.5173 0.7197 -0.4631
vn -0.5604 -0.7892 -0.2513
vn -0.4805 -0.8072 -0.3429
vn -0.5435 -0.7646 -0.3464
vn -0.6549 -0.7122 -0.2528
vn -0.6745 -0.6517 -0.3470
vn -0.6963 -0.6723 -0.2515
vn 0.0850 0.0842 0.9928
vn 0.0809 0.0882 0.9928
vn -0.0523 -0.0487 0.9974
vn -0.7781 -0.5294 -0.3382
vn -0.8023 -0.5446 -0.2442
vn 0.8026 0.4768 -0.3585
vn 0.7380 0.5000 -0.4532
vn 0.7703 0.5232 -0.3646
vn 0.7364 0.5669 -0.3692
vn 0.6715 0.5797 -0.4615
vn 0.7022 0.6070 -0.3721
vn -0.8129 -0.4782 -0.3325
vn -0.8378 -0.4912 -0.2384
vn -0.8377 -0.4372 -0.3272
vn -0.8624 -0.4485 -0.2347
vn 0.8472 0.4008 -0.3487
vn 0.7971 0.4139 -0.4398
vn 0.8297 0.4327 -0.3526
vn 0.0977 0.0725 0.9926
vn -0.8486 -0.4179 -0.3244
vn -0.8731 -0.4286 -0.2324
vn -0.6751 -0.6495 -0.3499
vn -0.7697 -0.6379 -0.0273
vn 0.9373 0.1939 -0.2895
vn 0.8151 0.3836 -0.4341
vn 0.1060 0.0634 0.9923
vn 0.1017 0.0678 0.9925
vn 0.4975 0.7839 -0.3715
vn 0.4751 0.7499 -0.4604
vn 0.4554 0.8102 -0.3689
vn 0.4348 0.7761 -0.4567
vn -0.4314 -0.8683 -0.2448
vn -0.3893 -0.8582 -0.3347
vn -0.4202 -0.8422 -0.3378
vn -0.0440 -0.0562 0.9974
vn 0.4253 0.8270 -0.3677
vn 0.4063 0.7933 -0.4535
vn 0.1986 0.9270 -0.3183
vn 0.1978 0.8887 -0.4136
vn -0.3993 -0.8838 -0.2439
vn -0.6217 -0.7001 -0.3512
vn -0.0331 -0.0639 0.9974
vn 0.5716 0.6216 -0.5356
vn 0.5329 0.6557 -0.5348
vn -0.0157 -0.0172 -0.9997
vn 0.0499 0.0331 -0.9982
vn -0.7096 -0.6143 -0.3451
vn -0.7168 -0.5549 -0.4223
vn -0.0844 -0.0643 -0.9944
vn -0.0879 -0.0602 -0.9943
vn 0.4935 0.6868 -0.5337
vn 0.4535 0.7163 -0.5304
vn -0.6345 -0.6902 -0.3479
vn -0.5701 -0.7011 -0.4284
vn -0.6115 -0.6651 -0.4287
vn -0.6501 -0.6282 -0.4275
vn -0.5914 -0.7275 -0.3478
vn -0.5238 -0.7366 -0.4277
vn 0.6373 0.6155 -0.4637
vn 0.7047 0.5418 -0.4581
vn 0.6409 0.5529 -0.5325
vn 0.6728 0.5170 -0.5292
vn -0.7849 -0.4619 -0.4130
vn -0.0807 -0.0677 -0.9944
vn 0.7697 0.4560 -0.4469
vn 0.7054 0.4775 -0.5238
vn 0.7364 0.4358 -0.5175
vn -0.8212 -0.4049 -0.4021
vn -0.0157 -0.0173 -0.9997
vn -0.0923 -0.0577 -0.9941
vn 0.7633 0.3962 -0.5103
vn 0.9023 0.1949 -0.3845
vn 0.7818 0.3679 -0.5035
vn -0.7385 -0.4853 -0.4680
vn 0.0319 0.0491 -0.9983
vn -0.4634 -0.7784 -0.4235
vn -0.4056 -0.8135 -0.4169
vn 0.4155 0.7416 -0.5266
vn 0.3887 0.7588 -0.5226
vn 0.0246 0.0557 -0.9981
vn 0.0282 0.0523 -0.9982
vn -0.3765 -0.8298 -0.4120
vn -0.3976 -0.7998 -0.4497
vn 0.1997 0.8509 -0.4858
vn -0.6102 -0.7510 -0.2523
vn -0.0040 0.9989 0.0475
vn 0.0261 0.9981 -0.0552
vn 0.0416 0.9870 -0.1550
vn -0.0671 -0.0804 -0.9945
vn -0.0630 -0.0837 -0.9945
vn -0.6840 -0.5922 -0.4260
vn -0.0709 -0.0772 -0.9945
vn -0.0280 -0.0691 0.9972
vn 0.0766 0.0922 0.9928
vn -0.0539 -0.0926 -0.9942
vn 0.9985 0.0168 0.0528
vn 0.9744 -0.0182 0.2242
vn 0.9975 0.0490 -0.0506
vn 0.9986 -0.0508 0.0166
vn 0.9864 0.0658 -0.1508
vn 0.0532 0.0291 -0.9982
vn 0.6668 0.6443 -0.3746
vn 0.0356 0.0459 -0.9983
vn 0.6080 0.5870 -0.5346
vn 0.0136 0.1132 0.9935
vn -0.0264 -0.0749 0.9968
vn 0.0429 0.1255 0.9912
vn 0.0619 0.1084 0.9922
vn 0.0089 0.0733 -0.9973
vn 0.0232 0.0594 -0.9980
vn -0.0522 -0.0972 -0.9939
vn -0.0113 0.0776 -0.9969
vn 0.0157 0.0173 0.9997
vn 0.1109 0.0616 0.9919
vn -0.0595 -0.0414 0.9974
vn -0.7505 -0.5110 -0.4192
vn 0.0646 0.0202 -0.9977
vn -0.0158 -0.0173 -0.9997
vn -0.0564 -0.0452 0.9974
vn -0.0632 -0.0366 0.9973
vn -0.0746 -0.0742 -0.9945
vn -0.4946 -0.8330 -0.2480
vn -0.9746 0.1326 -0.1804
vn -0.9918 0.0834 -0.0972
vn -0.9748 0.1367 -0.1762
vn -0.0577 -0.0869 -0.9945
vn 0.0158 0.0173 0.9997
vn 0.1250 0.0451 0.9911
vn -0.0752 -0.0275 0.9968
vn 0.1119 0.0171 0.9936
vn -0.0952 -0.0565 -0.9939
vn 0.0788 -0.0106 -0.9968
vn 0.0014 -0.0493 -0.9988
vn 0.0761 0.0080 -0.9971
vn -0.0398 0.9678 0.2486
vn -0.1849 0.8839 0.4297
vn 0.0641 0.1047 0.9924
vn -0.2472 0.9645 -0.0926
vn 0.0620 0.0222 -0.9978
vn 0.6273 0.6822 -0.3757
vn -0.0786 -0.0717 -0.9943
vn 0.0566 0.0254 -0.9981
vn -0.0672 -0.0320 0.9972
vn -0.8100 -0.4231 -0.4060
vn 0.8662 0.1979 -0.4588
vn 0.0461 0.0360 -0.9983
vn 0.0428 0.0393 -0.9983
vn 0.0392 0.0426 -0.9983
vn -0.0388 -0.0593 0.9975
vn -0.0724 -0.0291 0.9969
vn 0.4697 0.5367 -0.7009
vn 0.5552 0.5468 -0.6267
vn 0.5548 0.5052 -0.6611
vn -0.9994 0.0217 -0.0264
vn 0.1470 -0.7289 0.6687
vn 0.2435 -0.7475 0.6180
vn 0.1455 -0.7641 0.6284
vn -0.9748 0.1582 -0.1575
vn -0.9746 0.1550 -0.1614
vn 0.4685 0.4925 -0.7334
vn 0.5530 0.4631 -0.6927
vn 0.1489 -0.5529 0.8199
vn 0.2443 -0.4789 0.8432
vn 0.2468 -0.5432 0.8025
vn 0.1497 -0.6494 0.7456
vn 0.2469 -0.6772 0.6931
vn 0.1486 -0.6917 0.7067
vn -0.9747 0.1506 -0.1651
vn -0.9747 0.1458 -0.1692
vn -0.9994 0.0178 -0.0303
vn 0.2402 -0.7857 0.5700
vn 0.1427 -0.8031 0.5786
vn 0.4500 0.7619 -0.4658
vn 0.5415 0.6903 -0.4798
vn 0.4573 0.7280 -0.5108
vn 0.4624 0.6927 -0.5535
vn 0.5513 0.6212 -0.5570
vn 0.4672 0.6570 -0.5917
vn 0.2346 -0.8310 0.5045
vn 0.1377 -0.8482 0.5114
vn 0.2282 -0.8672 0.4425
vn 0.1335 -0.8835 0.4491
vn 0.4416 0.8076 -0.3908
vn 0.5256 0.7527 -0.3964
vn 0.4447 0.7894 -0.4232
vn -0.9745 0.1641 -0.1533
vn 0.2247 -0.8834 0.4111
vn 0.1321 -0.8987 0.4183
vn 0.2444 -0.7309 0.6373
vn 0.1855 -0.8941 0.4076
vn 0.3759 0.9046 -0.2010
vn 0.5189 0.7720 -0.3672
vn -0.9925 0.0850 -0.0875
vn -0.9802 0.1510 -0.1284
vn -0.9751 0.1657 -0.1471
vn 0.4659 0.4477 -0.7632
vn 0.5496 0.4203 -0.7220
vn 0.4628 0.4049 -0.7886
vn 0.5452 0.3796 -0.7475
vn 0.1455 -0.4211 0.8953
vn 0.2387 -0.3858 0.8912
vn 0.2409 -0.4173 0.8762
vn -0.9994 0.0267 -0.0230
vn 0.4603 0.3746 -0.8048
vn 0.5413 0.3509 -0.7641
vn 0.4031 0.1491 -0.9029
vn 0.4662 0.1491 -0.8720
vn 0.1449 -0.3894 0.9096
vn 0.2508 -0.6226 0.7412
vn -0.9992 0.0355 -0.0155
vn 0.6205 0.5161 -0.5904
vn 0.6206 0.4759 -0.6232
vn 0.9918 -0.0834 0.0972
vn 0.9988 -0.0194 0.0455
vn 0.2455 -0.7132 0.6566
vn 0.3271 -0.7272 0.6035
vn 0.9782 -0.1513 0.1424
vn 0.9931 -0.0823 0.0841
vn 0.9792 -0.1613 0.1234
vn 0.6191 0.4350 -0.6538
vn 0.6154 0.3949 -0.6821
vn 0.2477 -0.6363 0.7306
vn 0.3316 -0.5774 0.7461
vn 0.3315 -0.6203 0.7109
vn 0.3315 -0.6577 0.6765
vn 0.2476 -0.5922 0.7668
vn 0.3309 -0.5300 0.7808
vn 0.5539 0.5858 -0.5916
vn 0.5473 0.6556 -0.5202
vn 0.6179 0.5859 -0.5243
vn 0.6140 0.6196 -0.4889
vn 0.3167 -0.8108 0.4923
vn 0.9781 -0.1459 0.1482
vn 0.9918 -0.0838 0.0961
vn 0.5340 0.7237 -0.4372
vn 0.6076 0.6537 -0.4511
vn 0.6005 0.6862 -0.4107
vn 0.3050 -0.8641 0.4005
vn 0.9958 -0.0689 0.0595
vn 0.9818 -0.1660 0.0923
vn 0.5899 0.7160 -0.3733
vn 0.4662 0.8621 -0.1985
vn 0.5781 0.7383 -0.3475
vn 0.3857 -0.7909 0.4752
vn 0.9989 -0.0372 0.0290
vn 0.3284 -0.4681 0.8204
vn 0.3228 -0.4090 0.8535
vn 0.6105 0.3566 -0.7072
vn 0.6064 0.3296 -0.7236
vn 0.9987 -0.0449 0.0231
vn 0.9988 -0.0413 0.0264
vn 0.3184 -0.3792 0.8688
vn 0.3850 -0.4649 0.7972
vn 0.5013 0.1524 -0.8518
vn 0.1496 -0.6037 0.7830
vn 0.0307 -0.0301 -0.9991
vn 0.1714 -0.0140 -0.9851
vn 0.3006 -0.0079 -0.9537
vn 0.9780 -0.1322 0.1612
vn 0.9779 -0.1288 0.1649
vn 0.3295 -0.6944 0.6397
vn 0.9780 -0.1362 0.1578
vn -0.9990 0.0430 -0.0096
vn -0.9748 0.1414 -0.1727
vn 0.9777 -0.1191 0.1731
vn 0.0168 0.9990 -0.0426
vn -0.1544 0.9880 -0.0087
vn 0.1246 0.9897 -0.0703
vn 0.0878 0.9954 0.0386
vn 0.2234 0.9710 -0.0846
vn 0.9987 -0.0156 0.0488
vn 0.4692 0.6202 -0.6287
vn 0.9989 -0.0345 0.0328
vn 0.6194 0.5530 -0.5573
vn -0.9781 0.0779 -0.1927
vn -0.9990 0.0448 -0.0050
vn -0.9727 0.1068 -0.2058
vn -0.9739 0.1262 -0.1884
vn 0.9981 -0.0620 0.0061
vn 0.9987 -0.0466 0.0195
vn 0.9772 -0.1172 0.1769
vn 0.9967 -0.0815 0.0018
vn -0.9949 0.0771 -0.0647
vn -0.9894 0.1072 -0.0983
vn -0.9993 0.0088 -0.0373
vn -0.9918 0.0839 -0.0961
vn 0.3244 -0.7644 0.5572
vn 0.9975 0.0709 0.0054
vn 0.9991 -0.0325 0.0290
vn -0.9993 0.0139 -0.0336
vn -0.9992 0.0088 -0.0399
vn 0.9780 -0.1399 0.1548
vn 0.1468 -0.4857 0.8617
vn 0.9783 -0.1223 0.1674
vn -0.9982 0.0498 -0.0345
vn -0.9975 0.0488 -0.0515
vn -0.9998 -0.0161 0.0119
vn -0.9913 0.1298 -0.0207
vn 0.9876 -0.1432 0.0639
vn 0.9970 0.0774 0.0010
vn 0.9987 -0.0335 0.0382
vn 0.9872 0.1581 -0.0220
vn -0.1776 -0.0499 -0.9828
vn -0.3660 -0.0960 -0.9256
vn -0.9744 0.1279 -0.1849
vn 0.0389 -0.1048 -0.9937
vn 0.9992 0.0306 0.0266
vn 0.4700 0.5801 -0.6652
vn 0.9779 -0.1439 0.1519
vn 0.9989 -0.0083 0.0472
vn -0.9994 0.0097 -0.0321
vn 0.3098 -0.8473 0.4314
vn 0.5258 0.8272 -0.1984
vn 0.9988 -0.0230 0.0424
vn 0.9988 -0.0276 0.0393
vn 0.9989 -0.0301 0.0362
vn -0.9994 0.0304 -0.0191
vn -0.9999 0.0088 -0.0105
vn -0.1181 -0.4375 -0.8914
vn -0.1933 -0.7327 -0.6525
vn -0.1688 -0.4295 -0.8872
vn -0.0669 -0.6173 -0.7839
vn -0.1682 -0.9170 -0.3616
vn -0.2438 -0.7237 -0.6456
vn -0.2693 -0.8877 -0.3734
vn -0.1935 -0.9274 0.3202
vn -0.0580 -0.9705 -0.2340
vn -0.0465 -0.9986 0.0237
vn -0.2423 -0.9045 0.3510
vn -0.1624 -0.9866 0.0161
vn -0.0494 -0.8549 -0.5164
vn -0.2215 -0.9750 0.0194
vn -0.5662 -0.4318 0.7021
vn -0.4628 -0.1467 0.8743
vn -0.8502 -0.5263 -0.0103
vn -0.7078 -0.4406 0.5521
vn -0.4680 -0.4644 0.7519
vn -0.3939 -0.3019 0.8682
vn -0.5428 -0.7178 0.4359
vn 0.6579 -0.7335 0.1710
vn 0.7832 -0.6198 0.0489
vn 0.8896 -0.4349 0.1395
vn 0.6512 -0.7264 0.2196
vn 0.3724 -0.9139 0.1614
vn 0.5228 -0.8513 0.0451
vn 0.3880 -0.8855 0.2554
vn -0.8452 0.1087 0.5234
vn -0.6956 -0.4313 0.5745
vn -0.7846 -0.1817 0.5928
vn -0.8659 -0.1446 0.4789
vn -0.7474 -0.4590 0.4803
vn 0.0393 -0.5557 0.8305
vn -0.5544 -0.4409 0.7059
vn 0.2316 -0.5646 0.7922
vn -0.4189 -0.7235 0.5487
vn 0.2471 -0.9668 0.0647
vn -0.3023 -0.9290 0.2135
vn -0.0053 -0.9980 0.0626
vn -0.0002 -0.9849 0.1732
vn -0.3308 -0.9075 0.2590
vn 0.0018 -0.9738 0.2273
vn -0.0813 0.4818 -0.8725
vn 0.0113 0.2071 -0.9782
vn -0.0393 -0.1104 -0.9931
vn -0.1464 0.5185 -0.8424
vn -0.0066 0.4879 -0.8729
vn 0.0017 0.7118 -0.7024
vn -0.1856 0.8254 -0.5332
vn -0.3684 0.7622 0.5323
vn -0.6934 0.5346 0.4830
vn -0.3354 0.6512 0.6807
vn -0.2342 0.9299 0.2836
vn -0.5243 0.4883 0.6976
vn -0.2945 0.9199 0.2589
vn -0.2890 0.8760 0.3862
vn -0.0276 0.9413 -0.3365
vn -0.1370 0.9711 0.1952
vn -0.1153 0.9915 -0.0602
vn -0.2308 0.8661 0.4433
vn -0.1405 0.9876 -0.0706
vn 0.8733 0.4846 0.0500
vn 0.9924 -0.1223 0.0141
vn 0.9786 0.2016 -0.0414
vn 0.8762 0.4812 -0.0269
vn 0.8473 0.5188 0.1137
vn 0.5293 0.8338 0.1568
vn -0.2089 0.9703 0.1220
vn 0.3251 0.9457 0.0009
vn 0.0158 0.9998 0.0139
vn -0.4521 0.8639 0.2220
vn 0.0457 0.9945 0.0941
vn 0.6986 0.7147 -0.0342
vn -0.2944 0.9298 0.2209
vn 0.0519 0.9913 0.1211
vn -0.5355 0.7641 0.3597
vn -0.6813 0.6515 0.3338
vn -0.4844 0.5413 0.6873
vn -0.6948 0.4997 0.5172
vn -0.2742 0.9190 0.2833
vn -0.3387 0.2621 0.9037
vn -0.0992 0.5240 0.8459
vn -0.5922 0.5498 0.5891
vn -0.3834 0.6602 0.6459
vn -0.1645 0.8645 0.4750
vn -0.4199 0.8127 0.4039
vn -0.8541 0.5104 0.0999
vn -0.9040 0.2519 0.3454
vn -0.5451 0.8252 0.1482
vn -0.6552 0.6541 0.3780
vn -0.1252 0.9841 0.1260
vn -0.1921 0.9562 0.2207
vn 0.4992 0.2192 0.8383
vn 0.6518 0.4573 0.6051
vn 0.4544 0.1603 0.8763
vn 0.8984 0.3229 0.2976
vn 0.8929 0.4062 -0.1940
vn 0.8674 0.4107 -0.2809
vn 0.1001 0.7275 -0.6788
vn 0.4379 0.6304 -0.6410
vn 0.2884 0.7664 -0.5740
vn 0.7546 -0.0788 0.6515
vn 0.7035 -0.1115 0.7019
vn 0.6987 -0.1145 0.7062
vn 0.8175 0.5370 0.2080
vn 0.8176 0.5369 0.2081
vn 0.0278 0.6655 0.7459
vn 0.2415 0.5857 0.7737
vn 0.4900 0.5622 -0.6662
vn 0.4419 0.7379 -0.5101
vn 0.4292 0.7677 -0.4758
vn 0.7926 0.3975 -0.4624
vn 0.6552 0.3915 -0.6461
vn 0.5468 0.7875 0.2844
vn 0.4417 0.8293 0.3423
vn 0.3746 0.8480 0.3750
vn -0.3201 0.4557 0.8306
vn -0.4515 0.2773 0.8481
vn -0.4710 0.2465 0.8470
vn -0.9558 0.2483 -0.1572
vn -0.8762 0.4817 -0.0170
vn 0.2093 0.8272 -0.5215
vn 0.2095 0.8272 -0.5215
vn 0.2094 0.8272 -0.5215
vn 0.6660 -0.1023 -0.7389
vn 0.6640 -0.1450 -0.7335
vn 0.5824 -0.0393 -0.8120
vn -0.2328 0.7809 -0.5796
vn -0.2328 0.7811 -0.5794
vn 0.1781 -0.8182 -0.5467
vn 0.4084 -0.6164 -0.6733
vn 0.1184 -0.8543 -0.5060
vn 0.5205 -0.2327 -0.8216
vn 0.2961 -0.3215 -0.8994
vn 0.4089 0.1822 -0.8942
vn 0.2331 -0.0188 -0.9723
vn 0.7433 0.6681 -0.0345
vn 0.6588 0.6397 -0.3961
vn 0.7899 0.5731 -0.2182
vn -0.1380 -0.6856 -0.7148
vn -0.1380 -0.6857 -0.7147
vn 0.5118 -0.0895 0.8544
vn 0.2486 -0.3275 0.9116
vn 0.8618 -0.1782 0.4749
vn 0.6492 -0.3756 0.6614
vn 0.5391 -0.5849 0.6061
vn 0.7968 -0.4233 0.4311
vn 0.9648 -0.1923 0.1791
vn 0.8295 -0.5272 0.1842
vn 0.9571 -0.1821 0.2254
vn 0.2448 -0.8996 0.3617
vn 0.5092 -0.8525 0.1183
vn 0.6468 -0.6520 0.3956
vn 0.6368 -0.6484 -0.4173
vn 0.4929 -0.8500 -0.1856
vn 0.4524 -0.8824 -0.1290
vn 0.8810 -0.3593 -0.3079
vn 0.9061 -0.3466 -0.2425
vn 0.8653 -0.4310 -0.2560
vn 0.2872 0.5481 -0.7856
vn 0.4360 0.6193 -0.6529
vn 0.8205 -0.2285 -0.5239
vn 0.8203 -0.2290 -0.5240
vn 0.7113 -0.6929 0.1178
vn 0.6625 -0.7298 0.1690
vn -0.1061 -0.8626 -0.4946
vn -0.3491 -0.9093 -0.2263
vn -0.0745 -0.9880 -0.1349
vn -0.1828 -0.5480 -0.8162
vn -0.3907 -0.6682 -0.6331
vn -0.6001 -0.6061 -0.5220
vn -0.4316 -0.4442 -0.7851
vn -0.6597 -0.3988 -0.6370
vn -0.1841 -0.2060 -0.9611
vn -0.4790 -0.2020 -0.8543
vn -0.2307 -0.1978 -0.9527
vn -0.9070 -0.3505 -0.2334
vn -0.8563 -0.1150 -0.5035
vn -0.8390 0.0014 -0.5442
vn -0.9559 0.1533 -0.2506
vn 0.7974 0.4602 -0.3903
vn 0.7975 0.4602 -0.3903
vn 0.5860 0.8101 0.0161
vn 0.6666 0.7364 0.1152
vn -0.2379 0.5557 -0.7966
vn -0.2379 0.5557 -0.7967
vn -0.7572 -0.4753 0.4481
vn -0.7572 -0.4754 0.4480
vn -0.2196 0.8751 0.4313
vn 0.3730 0.9225 0.0990
vn -0.5022 0.4431 0.7426
vn 0.1964 0.9285 0.3151
vn 0.7039 0.7070 0.0685
vn 0.1131 0.9038 0.4127
vn 0.3829 0.9027 0.1965
vn -0.3131 -0.3011 0.9007
vn -0.5795 -0.1701 0.7970
vn -0.1555 -0.5688 0.8076
vn -0.0871 -0.4232 0.9019
vn -0.4348 -0.0688 0.8979
vn 0.2866 0.2976 0.9106
vn 0.2859 0.2980 0.9107
vn 0.4695 0.0887 0.8785
vn 0.9200 0.3763 0.1100
vn 0.8624 -0.2188 0.4565
vn 0.9225 0.1985 0.3309
vn 0.4901 -0.4717 0.7330
vn 0.8988 0.3869 0.2058
vn 0.8950 0.1161 0.4306
vn -0.4619 -0.2457 -0.8522
vn -0.1244 0.3536 -0.9271
vn -0.7281 -0.5003 -0.4686
vn -0.3447 0.1713 -0.9229
vn -0.0877 0.6887 -0.7197
vn -0.4433 0.0852 -0.8923
vn -0.2231 0.3604 -0.9058
vn -0.8898 -0.3169 0.3284
vn -0.7929 -0.5837 0.1750
vn -0.7941 -0.1397 0.5915
vn -0.8924 -0.0741 0.4452
vn -0.8895 -0.4448 0.1050
vn -0.9204 0.2734 -0.2796
vn -0.9205 0.2735 -0.2791
vn -0.8808 0.4678 -0.0733
vn -0.1204 0.9116 -0.3930
vn -0.4485 0.8694 0.2071
vn -0.3388 0.9173 -0.2093
vn -0.7164 0.5069 0.4794
vn -0.2197 0.8908 -0.3977
vn -0.4361 0.8916 -0.1219
vn 0.3878 0.9104 -0.1443
vn 0.1270 0.9051 -0.4058
vn 0.7044 0.6986 -0.1257
vn 0.3645 0.8494 -0.3816
vn 0.1094 0.6864 -0.7190
vn 0.5748 0.5647 -0.5922
vn 0.3258 0.6532 -0.6835
vn 0.9119 0.1180 -0.3931
vn 0.9138 0.3825 -0.1368
vn 0.6992 0.0953 -0.7085
vn 0.8568 0.3550 -0.3740
vn 0.6683 0.6602 -0.3427
vn 0.1236 0.3666 -0.9221
vn 0.3824 0.1071 -0.9177
vn 0.3596 0.3435 -0.8676
vn 0.6648 0.3140 -0.6778
vn 0.8670 -0.4430 0.2281
vn 0.9197 -0.1250 -0.3722
vn 0.4915 -0.7137 0.4991
vn 0.8993 -0.3606 -0.2474
vn 0.6979 -0.1345 -0.7035
vn 0.8108 -0.4183 -0.4095
vn 0.6632 -0.3452 -0.6641
vn -0.2301 -0.9418 0.2449
vn -0.1572 -0.7830 0.6018
vn -0.5829 -0.7833 0.2159
vn -0.3133 -0.9429 0.1129
vn -0.0922 -0.9407 0.3266
vn -0.0335 -0.9983 0.0484
vn 0.3667 -0.1404 -0.9197
vn -0.2373 -0.4812 -0.8439
vn 0.2417 -0.3786 -0.8935
vn -0.5141 -0.7659 -0.3862
vn 0.4053 -0.4301 -0.8067
vn 0.1277 0.1640 0.9782
vn 0.3216 0.5066 0.8000
vn 0.0933 0.4328 0.8967
vn 0.2392 0.1971 0.9508
vn 0.3968 0.5430 0.7401
vn 0.2567 0.6175 0.7435
vn 0.0759 0.7698 0.6337
vn 0.4323 0.6508 0.6241
vn 0.8198 0.4339 -0.3737
vn 0.8243 -0.0490 -0.5640
vn 0.7245 0.3036 -0.6188
vn 0.7507 0.5386 -0.3826
vn 0.9636 -0.0044 0.2674
vn 0.9776 0.2100 0.0104
vn 0.9127 -0.1030 0.3954
vn 0.7823 0.6078 -0.1361
vn 0.7486 0.6302 -0.2060
vn 0.0949 0.9469 0.3071
vn 0.3054 0.9333 -0.1889
vn 0.2713 0.9577 0.0963
vn 0.5375 0.7185 -0.4414
vn 0.2970 0.9314 0.2106
vn 0.3663 0.9291 0.0519
vn -0.0910 0.3958 0.9138
vn -0.3721 0.1143 0.9211
vn -0.1118 0.7158 0.6893
vn -0.3952 0.4157 0.8191
vn -0.6988 0.1295 0.7035
vn -0.3763 0.9229 0.0815
vn -0.0952 0.9275 0.3615
vn -0.7015 0.7047 0.1061
vn -0.3981 0.8322 0.3858
vn -0.9190 0.1044 0.3803
vn -0.9202 0.3799 0.0941
vn -0.8229 0.4072 0.3962
vn -0.7876 0.5440 -0.2895
vn -0.9535 0.2171 -0.2089
vn -0.9020 0.4231 -0.0855
vn -0.4991 0.8238 -0.2687
vn -0.7194 0.5883 -0.3693
vn -0.2285 0.7957 -0.5609
vn 0.1589 0.9373 -0.3103
vn -0.3186 0.9420 -0.1051
vn 0.3970 0.7508 -0.5279
vn -0.1064 0.9563 -0.2723
vn -0.6386 0.7654 -0.0798
vn 0.1693 0.8186 -0.5488
vn 0.3527 0.5328 -0.7692
vn 0.5821 0.3925 -0.7121
vn -0.2683 0.1646 -0.9492
vn 0.0618 0.4974 -0.8653
vn 0.1008 -0.3615 0.9269
vn 0.3820 -0.0805 0.9206
vn 0.0947 -0.6907 0.7170
vn 0.3772 -0.3577 0.8543
vn 0.7077 -0.0797 0.7020
vn 0.3580 -0.6478 0.6725
vn 0.6635 -0.3438 0.6645
vn 0.3795 -0.9183 0.1131
vn 0.0987 -0.9133 0.3952
vn 0.7044 -0.7024 0.1019
vn 0.3747 -0.8424 0.3872
vn 0.6639 -0.6529 0.3648
vn 0.9222 -0.0904 0.3759
vn 0.9209 -0.3767 0.1004
vn 0.8507 -0.3665 0.3768
vn 0.5134 0.2157 0.8306
vn 0.2745 0.2999 0.9136
vn 0.4645 0.0928 0.8807
vn 0.6467 0.1198 0.7533
vn 0.5244 0.4828 0.7014
vn 0.7416 0.3426 0.5767
vn 0.7416 0.3426 0.5768
vn 0.9444 0.2701 -0.1876
vn 0.9445 0.0744 0.3201
vn 0.7316 0.5383 -0.4183
vn 0.8053 0.5236 -0.2782
vn 0.8933 0.0947 0.4394
vn 0.7398 0.0462 0.6713
vn 0.1983 0.7193 -0.6658
vn 0.5965 0.6765 -0.4318
vn 0.5194 0.6703 -0.5301
vn 0.3642 0.7567 -0.5429
vn 0.5197 0.8337 -0.1867
vn 0.7661 0.5741 -0.2889
vn 0.5466 -0.7929 -0.2694
vn 0.4234 -0.9035 -0.0659
vn 0.1797 -0.4983 -0.8482
vn 0.5143 -0.6613 -0.5461
vn 0.8278 -0.5030 -0.2483
vn 0.7663 -0.6398 -0.0587
vn 0.8040 -0.2371 -0.5453
vn 0.5453 0.3432 -0.7648
vn 0.2163 0.5122 -0.8312
vn 0.4207 0.5679 -0.7075
vn 0.8269 0.1622 -0.5385
vn 0.5926 0.2391 -0.7692
vn 0.9441 -0.3182 -0.0862
vn 0.9426 0.1583 -0.2939
vn 0.9607 -0.1087 -0.2554
vn 0.7638 0.3956 -0.5100
vn 0.2566 -0.7560 -0.6022
vn 0.1494 -0.9548 -0.2571
vn 0.0718 -0.8647 -0.4971
vn 0.2347 -0.4817 -0.8444
vn 0.8530 -0.4758 -0.2143
vn 0.5315 -0.6293 -0.5670
vn 0.9144 -0.3801 -0.1391
vn 0.3701 -0.4453 -0.8153
vn 0.2883 0.1563 -0.9447
vn 0.0804 -0.3155 -0.9455
vn 0.5143 0.4072 -0.7548
vn 0.2455 -0.1154 -0.9625
vn 0.0575 -0.6110 -0.7896
vn 0.3206 -0.0735 -0.9443
vn 0.7740 0.3637 -0.5183
vn 0.7131 0.5927 -0.3745
vn 0.8284 0.5398 -0.1499
vn 0.7806 0.2524 -0.5718
vn 0.6894 0.3844 -0.6140
vn 0.6971 0.1248 -0.7060
vn -0.3788 -0.9220 -0.0796
vn -0.0994 -0.9269 -0.3619
vn -0.7045 -0.7056 -0.0765
vn -0.3753 -0.8557 -0.3564
vn -0.0957 -0.7159 -0.6916
vn -0.6629 -0.6673 -0.3396
vn -0.3580 -0.6729 -0.6474
vn -0.9223 -0.1042 -0.3721
vn -0.9201 -0.3820 -0.0863
vn -0.7076 -0.1044 -0.6989
vn -0.8507 -0.3812 -0.3619
vn -0.6646 -0.3667 -0.6511
vn -0.1019 -0.3946 -0.9132
vn -0.3826 -0.1130 -0.9170
vn -0.3776 -0.3878 -0.8408
vn -0.9683 0.2030 -0.1456
vn -0.8011 0.3025 -0.5164
vn -0.9044 0.0741 -0.4202
vn -0.9100 0.3848 -0.1545
vn -0.7805 0.3768 -0.4989
vn -0.5026 0.2410 -0.8302
vn -0.6432 0.0541 -0.7638
vn -0.2322 0.5332 -0.8135
vn 0.3402 0.7766 -0.5302
vn 0.3657 0.9151 -0.1701
vn 0.5709 0.6971 -0.4339
vn 0.1670 0.5191 -0.8383
vn 0.2738 0.8138 -0.5126
vn -0.3231 0.0719 -0.9436
vn 0.1590 0.2738 -0.9485
vn -0.1098 0.2376 -0.9651
vn 0.3927 0.4880 -0.7795
vn 0.8982 -0.1748 0.4034
vn 0.6860 -0.1758 0.7060
vn 0.8970 -0.2688 0.3508
vn 0.8049 -0.0351 0.5923
vn 0.3957 -0.1434 0.9071
vn 0.7324 -0.2264 0.6421
vn 0.4111 -0.2445 0.8782
vn -0.2826 -0.1849 0.9412
vn 0.2682 -0.0346 0.9628
vn 0.0126 -0.0293 0.9995
vn -0.3132 -0.2349 0.9202
vn 0.0211 -0.1450 0.9892
vn 0.5458 -0.0208 0.8376
vn 0.0183 -0.2056 0.9785
vn -0.6678 -0.5879 0.4564
vn -0.8569 -0.4820 0.1824
vn -0.6514 -0.7123 0.2614
vn -0.7118 -0.6828 0.1645
vn -0.7238 -0.4793 0.4964
vn -0.8478 -0.4109 0.3353
vn -0.3967 -0.5434 0.7398
vn -0.1754 0.6686 0.7226
vn -0.0491 0.7927 0.6077
vn -0.2740 0.8831 0.3809
vn -0.2252 0.7128 0.6642
vn -0.1418 0.3831 0.9128
vn -0.0304 0.5357 0.8438
vn -0.2382 0.3956 0.8870
vn -0.6000 -0.7994 -0.0296
vn -0.5514 -0.6974 0.4579
vn -0.6705 -0.6906 0.2711
vn -0.4509 -0.8759 0.1718
vn -0.4454 -0.7510 0.4875
vn -0.6451 -0.7432 0.1777
vn -0.5110 -0.4161 0.7522
vn -0.4791 -0.4969 0.7236
vn -0.0390 0.2632 0.9640
vn -0.1744 -0.2908 0.9407
vn -0.0288 0.0115 0.9995
vn -0.1408 0.0135 0.9899
vn -0.2209 -0.3202 0.9212
vn -0.1960 0.0114 0.9805
vn 0.8588 -0.0733 -0.5070
vn 0.9702 0.0316 -0.2401
vn 0.9895 -0.1354 0.0509
vn 0.8969 -0.1409 -0.4191
vn 0.8554 0.0072 -0.5180
vn 0.6783 0.0072 -0.7347
vn 0.5114 -0.1851 -0.8392
vn -0.5529 -0.3773 -0.7429
vn -0.6858 -0.5551 -0.4707
vn -0.6928 -0.3646 -0.6221
vn -0.3093 -0.2581 -0.9153
vn -0.5398 -0.4221 -0.7283
vn -0.2828 -0.3187 -0.9047
vn 0.3065 -0.0352 -0.9512
vn -0.2234 -0.1591 -0.9617
vn 0.0305 -0.1313 -0.9909
vn -0.4663 -0.2577 -0.8463
vn 0.0396 -0.1555 -0.9870
vn -0.1129 0.8635 -0.4916
vn -0.3147 0.8682 -0.3836
vn 0.0082 0.9752 -0.2213
vn -0.0124 0.8646 -0.5023
vn -0.1744 0.9846 0.0138
vn -0.1987 0.5086 -0.8378
vn -0.1184 0.6204 -0.7753
vn -0.1487 -0.2294 -0.9619
vn -0.0407 0.3072 -0.9508
vn -0.0474 -0.0021 -0.9989
vn -0.2387 -0.4734 -0.8479
vn -0.1279 0.0267 -0.9914
vn -0.0078 0.6859 -0.7277
vn -0.2440 -0.3177 -0.9163
vn -0.1556 0.0298 -0.9874
vn -0.3484 -0.5636 -0.7489
vn -0.3372 -0.7010 -0.6284
vn -0.4297 -0.7765 -0.4609
vn -0.3748 -0.5231 -0.7654
vn -0.3053 -0.2962 -0.9050
vn -0.3600 0.9313 0.0561
vn -0.6991 0.7032 0.1299
vn -0.3343 0.9373 0.0987
vn -0.5462 0.8376 0.0122
vn -0.8998 0.4197 0.1192
vn -0.6892 0.7014 0.1817
vn -0.8789 0.4256 0.2156
vn -0.9522 -0.2500 0.1758
vn -0.9524 0.3037 0.0266
vn -0.9982 0.0530 0.0278
vn -0.9295 -0.2940 0.2226
vn -0.9898 0.0443 0.1356
vn -0.8131 0.5821 0.0051
vn -0.9818 0.0305 0.1874
vn -0.5334 -0.4424 0.7210
vn -0.5409 -0.6547 0.5280
vn -0.2539 -0.8563 0.4497
vn 0.1237 -0.7807 0.6125
vn 0.1236 -0.7806 0.6126
vn 0.1237 -0.7807 0.6126
vn -0.5314 -0.7290 0.4315
vn -0.4051 -0.8280 0.3877
vn -0.7741 -0.4055 0.4861
vn -0.6842 -0.1331 -0.7170
vn -0.5456 -0.0306 -0.8375
vn -0.3624 -0.1450 -0.9207
vn -0.6832 -0.1824 -0.7071
vn -0.8877 -0.0901 -0.4515
vn -0.7991 0.0116 -0.6011
vn -0.8681 -0.1876 -0.4595
vn -0.0236 -0.4835 0.8750
vn -0.5538 -0.4890 0.6740
vn -0.3105 -0.5257 0.7920
vn -0.2715 -0.4124 0.8696
vn -0.5752 -0.3871 0.7207
vn -0.6343 -0.7711 -0.0559
vn -0.5669 -0.6234 0.5385
vn -0.6197 -0.7445 -0.2486
vn -0.8161 -0.4460 0.3675
vn -0.9411 0.0190 -0.3376
vn -0.9703 -0.1014 0.2194
vn -0.9952 0.0391 -0.0893
vn -0.9933 -0.0730 -0.0896
vn -0.9569 -0.1470 0.2506
vn -0.9879 -0.1289 -0.0862
vn 0.5822 0.8113 0.0533
vn 0.3256 0.9442 -0.0494
vn 0.0122 0.9927 0.1197
vn 0.4784 0.8705 0.1158
vn 0.5831 0.8119 -0.0285
vn 0.7751 0.6313 -0.0273
vn 0.8785 0.4489 0.1636
vn 0.6852 -0.6266 0.3712
vn 0.3742 -0.7509 0.5441
vn 0.5476 -0.7552 0.3604
vn 0.8911 -0.3772 0.2524
vn 0.6605 -0.6250 0.4161
vn 0.8788 -0.3575 0.3161
vn 0.9637 0.2663 0.0190
vn 0.9502 -0.2730 0.1502
vn 0.9927 -0.0204 0.1186
vn 0.8089 -0.5298 0.2549
vn 0.9890 -0.0152 0.1471
vn 0.5545 -0.1535 -0.8179
vn -0.0165 -0.1863 -0.9824
vn 0.2972 -0.0361 -0.9541
vn 0.5648 -0.0725 -0.8220
vn 0.4521 -0.2176 -0.8650
vn 0.8573 -0.2681 -0.4395
vn 0.8104 -0.1874 -0.5551
vn 0.9285 -0.2071 0.3082
vn 0.9666 -0.1141 -0.2294
vn 0.9899 -0.1152 0.0826
vn 0.7898 -0.2829 0.5443
vn 0.9791 -0.1961 0.0544
vn 0.7762 -0.0776 -0.6257
vn 0.8696 -0.2962 0.3951
vn 0.9739 -0.2212 0.0506
vn 0.6737 -0.3875 0.6292
vn 0.5468 -0.3591 0.7564
vn 0.3795 -0.5365 0.7538
vn 0.6543 -0.4308 0.6215
vn 0.8541 -0.3591 0.3762
vn 0.2922 -0.9072 -0.3028
vn 0.3102 -0.9070 -0.2849
vn 0.4332 -0.7764 -0.4577
vn 0.4609 -0.7752 -0.4320
vn 0.6949 -0.2674 -0.6676
vn 0.6762 -0.0098 -0.7366
vn 0.7184 -0.0101 -0.6955
vn 0.2756 -0.9062 -0.3208
vn 0.4098 -0.7730 -0.4844
vn 0.6538 -0.2657 -0.7085
vn 0.6352 -0.0109 -0.7723
vn -0.2987 -0.9043 0.3050
vn -0.3168 -0.9039 0.2873
vn -0.4479 -0.7741 0.4475
vn -0.7197 -0.3090 0.6217
vn -0.7161 -0.0629 0.6952
vn -0.6805 -0.3084 0.6646
vn -0.3334 -0.9045 0.2660
vn -0.4751 -0.7733 0.4200
vn -0.7576 -0.3103 0.5742
vn -0.7576 -0.0629 0.6496
vn 0.3457 -0.9052 -0.2471
vn 0.3286 -0.9062 -0.2661
vn 0.5112 -0.7724 -0.3770
vn 0.7343 -0.2611 -0.6266
vn 0.7952 -0.0090 -0.6063
vn 0.7694 -0.2649 -0.5812
vn 0.4861 -0.7749 -0.4041
vn 0.7585 -0.0060 -0.6517
vn -0.2826 -0.9027 0.3243
vn -0.2656 -0.9024 0.3393
vn -0.4225 -0.7707 0.4769
vn -0.3966 -0.7705 0.4991
vn -0.6011 -0.3062 0.7382
vn -0.6731 -0.0622 0.7370
vn -0.6314 -0.0624 0.7729
vn -0.6403 -0.3076 0.7038
vn -0.2481 -0.9015 0.3546
vn -0.2276 -0.9007 0.3700
vn -0.3699 -0.7680 0.5229
vn -0.3379 -0.7665 0.5462
vn -0.5119 -0.3063 0.8026
vn -0.5873 -0.0617 0.8070
vn -0.5361 -0.0645 0.8417
vn -0.5600 -0.3055 0.7701
vn 0.2559 -0.9067 -0.3353
vn 0.3808 -0.7749 -0.5044
vn 0.6136 -0.2662 -0.7434
vn 0.5910 -0.0155 -0.8065
vn 0.2358 -0.9059 -0.3519
vn 0.3510 -0.7738 -0.5272
vn 0.5700 -0.2688 -0.7764
vn 0.5423 -0.0154 -0.8400
vn 0.2148 -0.9043 -0.3689
vn 0.3206 -0.7707 -0.5507
vn 0.5229 -0.2655 -0.8100
vn 0.4913 -0.0181 -0.8708
vn 0.1956 -0.9012 -0.3868
vn 0.2945 -0.7642 -0.5738
vn 0.4724 -0.2668 -0.8400
vn 0.4431 -0.0184 -0.8963
vn -0.2061 -0.8987 0.3871
vn -0.1899 -0.8948 0.4041
vn -0.3034 -0.7614 0.5729
vn -0.2780 -0.7544 0.5946
vn -0.4176 -0.2971 0.8587
vn -0.4791 -0.0635 0.8755
vn -0.4340 -0.0612 0.8988
vn -0.4596 -0.3021 0.8352
vn 0.1031 -0.8954 -0.4332
vn -0.0103 -0.9317 -0.3630
vn 0.1741 -0.5539 -0.8142
vn -0.0190 -0.7172 -0.6966
vn 0.1857 -0.0811 -0.9792
vn -0.0244 -0.3827 -0.9235
vn 0.0835 -0.9824 -0.1672
vn 0.2758 -0.7527 -0.5978
vn 0.4237 -0.2600 -0.8677
vn 0.4078 -0.0129 -0.9130
vn 0.2704 -0.7448 -0.6100
vn 0.3905 -0.2457 -0.8872
vn -0.1829 -0.8914 0.4146
vn -0.2679 -0.7492 0.6058
vn -0.4135 -0.0578 0.9087
vn -0.3971 -0.2918 0.8702
vn -0.3535 -0.9043 0.2393
vn -0.5016 -0.7733 0.3878
vn -0.8008 -0.3111 0.5119
vn -0.7983 -0.0664 0.5986
vn -0.3767 -0.9005 0.2171
vn -0.5352 -0.7706 0.3459
vn -0.8391 -0.2987 0.4545
vn -0.8447 -0.0679 0.5309
vn 0.3801 -0.9008 -0.2099
vn 0.3622 -0.9039 -0.2275
vn 0.5554 -0.7655 -0.3248
vn 0.8041 -0.2574 -0.5359
vn 0.8570 0.0007 -0.5154
vn 0.8351 -0.2473 -0.4913
vn 0.5348 -0.7696 -0.3490
vn 0.8288 -0.0042 -0.5595
vn 0.3805 -0.9247 0.0142
vn 0.7119 -0.7023 0.0084
vn 0.9319 -0.3627 0.0006
vn 0.4400 -0.8912 -0.1104
vn 0.8158 -0.5374 -0.2134
vn 0.9689 -0.0453 -0.2432
vn -0.3939 -0.8956 0.2069
vn -0.5688 -0.7627 0.3080
vn -0.8584 -0.2905 0.4229
vn -0.8828 -0.0629 0.4655
vn -0.8996 -0.0560 0.4332
vn -0.5883 -0.7536 0.2933
vn -0.8598 -0.2968 0.4154
vn 0.3958 -0.8963 -0.1998
vn 0.8557 -0.2348 -0.4612
vn 0.5778 -0.7555 -0.3089
vn 0.8755 0.0023 -0.4831
vn 0.5212 0.6790 -0.5170
vn 0.4908 0.6784 -0.5467
vn 0.3771 0.8446 -0.3801
vn 0.3553 0.8439 -0.4021
vn 0.2096 0.9528 -0.2198
vn 0.1975 0.9524 -0.2323
vn 0.4622 0.6753 -0.5748
vn 0.3341 0.8427 -0.4222
vn 0.1855 0.9520 -0.2433
vn -0.5797 0.6547 0.4850
vn -0.5485 0.6547 0.5201
vn -0.4203 0.8391 0.3454
vn -0.3979 0.8390 0.3712
vn -0.2303 0.9563 0.1804
vn -0.2179 0.9564 0.1947
vn -0.6121 0.6522 0.4471
vn -0.4440 0.8376 0.3182
vn -0.2426 0.9559 0.1656
vn 0.5502 0.6802 -0.4843
vn 0.5783 0.6791 -0.4521
vn 0.3987 0.8447 -0.3570
vn 0.4189 0.8446 -0.3335
vn 0.2217 0.9529 -0.2068
vn 0.2329 0.9530 -0.1937
vn -0.4852 0.6534 0.5811
vn -0.5159 0.6551 0.5520
vn -0.3526 0.8384 0.4157
vn -0.3744 0.8393 0.3943
vn -0.1936 0.9563 0.2193
vn -0.2057 0.9563 0.2077
vn -0.4157 0.6475 0.6387
vn -0.4525 0.6519 0.6085
vn -0.3032 0.8351 0.4590
vn -0.3289 0.8378 0.4357
vn -0.1667 0.9557 0.2428
vn -0.1810 0.9561 0.2306
vn 0.4307 0.6733 -0.6010
vn 0.3123 0.8408 -0.4422
vn 0.1740 0.9511 -0.2550
vn 0.3969 0.6692 -0.6283
vn 0.2877 0.8386 -0.4627
vn 0.1604 0.9502 -0.2672
vn 0.3618 0.6628 -0.6555
vn 0.2634 0.8343 -0.4843
vn 0.1467 0.9489 -0.2793
vn 0.3285 0.6558 -0.6797
vn 0.2404 0.8289 -0.5051
vn 0.1342 0.9468 -0.2926
vn -0.3417 0.6340 0.6937
vn -0.3740 0.6420 0.6693
vn -0.2519 0.8261 0.5040
vn -0.2739 0.8318 0.4827
vn -0.1401 0.9527 0.2698
vn -0.1513 0.9546 0.2565
vn 0.0394 0.4015 -0.9150
vn 0.1633 0.6220 -0.7658
vn 0.0301 0.7154 -0.6980
vn 0.1222 0.8119 -0.5709
vn 0.0163 0.9229 -0.3848
vn 0.0721 0.9397 -0.3343
vn 0.3055 0.6473 -0.6983
vn 0.2254 0.8220 -0.5230
vn 0.1268 0.9441 -0.3043
vn -0.3267 0.6291 0.7053
vn -0.2420 0.8222 0.5151
vn -0.1351 0.9510 0.2782
vn -0.6489 0.6496 0.3962
vn -0.4721 0.8350 0.2825
vn -0.2583 0.9549 0.1466
vn -0.6852 0.6384 0.3507
vn -0.5012 0.8281 0.2509
vn -0.2761 0.9522 0.1306
vn 0.6046 0.6773 -0.4193
vn 0.6289 0.6733 -0.3887
vn 0.4382 0.8438 -0.3098
vn 0.4589 0.8401 -0.2891
vn 0.2443 0.9527 -0.1807
vn 0.2570 0.9514 -0.1695
vn 0.9054 0.4185 -0.0718
vn 0.6827 0.7281 -0.0616
vn 0.3686 0.9286 -0.0428
vn 0.7300 0.6492 -0.2136
vn 0.5362 0.8280 -0.1643
vn 0.3070 0.9460 -0.1039
vn -0.7037 0.6302 0.3279
vn -0.5211 0.8199 0.2372
vn -0.2890 0.9493 0.1235
vn 0.6470 0.6679 -0.3678
vn 0.4754 0.8355 -0.2755
vn 0.2679 0.9496 -0.1630
vn -0.4513 0.3727 0.8109
vn -0.7914 0.3727 0.4845
vn 0.2737 0.1908 0.9427
vn 0.2737 0.1911 0.9427
vn 0.9629 -0.2635 0.0581
vn -0.4821 0.3704 0.7940
vn -0.9448 0.2040 -0.2564
vn -0.9448 0.2040 -0.2563
vn -0.0851 -0.2510 -0.9642
vn -0.8131 0.3734 0.4466
vn 0.0023 0.9153 -0.4027
vn 0.0006 0.6910 -0.7229
vn -0.0012 0.3621 -0.9322
vn 0.9230 -0.0060 -0.3848
vn 0.3775 -0.0169 -0.9258
vn 0.7031 -0.0124 -0.7110
vn -0.6922 -0.6968 -0.1879
vn -0.6923 -0.6969 -0.1874
vn -0.1667 -0.1823 -0.9690
vn -0.6276 -0.6213 0.4692
vn 0.9243 0.3815 -0.0116
vn 0.7078 0.7062 -0.0170
vn 0.3827 0.9237 -0.0198
vn -0.6851 0.2432 0.6866
vn -0.6850 0.2441 0.6865
vn -0.1522 0.9788 0.1370
vn -0.6277 -0.4434 0.6398
vn 0.1562 -0.6875 0.7092
vn 0.1563 -0.6875 0.7092
vn 0.9773 -0.1477 0.1522
vn -0.4531 -0.6210 0.6396
vn 0.0075 0.4172 0.9088
vn 0.0075 0.7386 0.6741
vn 0.0068 0.8798 0.4754
vn 0.0064 0.9347 0.3555
vn 0.1079 0.9939 0.0247
vn 0.0044 0.9907 -0.1364
vn -0.3651 0.9307 -0.0210
vn -0.5638 0.8258 -0.0133
vn -0.6827 0.7306 -0.0110
vn -0.9144 0.4048 -0.0038
vn 0.3158 0.8896 -0.3301
vn 0.4993 0.7005 -0.5100
vn 0.5211 0.6665 -0.5331
vn 0.6872 0.2180 -0.6930
vn 0.4252 0.7922 -0.4378
vn 0.5547 0.6104 -0.5655
vn 0.4045 0.0169 0.9144
vn 0.7275 0.0127 0.6860
vn 0.9312 0.0067 0.3644
vn 0.9831 -0.1198 0.1384
vn 0.5149 0.0159 0.8571
vn 0.8909 0.0083 0.4542
vn 0.9923 0.1027 0.0699
vn 0.4048 -0.9143 0.0157
vn 0.4326 -0.9015 0.0153
vn 0.7316 -0.6817 0.0098
vn 0.8267 -0.5627 0.0072
vn 0.9346 -0.3557 0.0028
vn 0.9927 -0.0027 -0.1205
vn 0.8971 0.3065 -0.3181
vn 0.7977 0.4148 -0.4377
vn 0.6521 0.5253 -0.5466
vn 0.3195 0.6573 -0.6825
vn 0.7213 0.4321 -0.5413
vn 0.1153 -0.0124 -0.9933
vn -0.0039 -0.3701 -0.9290
vn -0.0043 -0.5453 -0.8383
vn -0.0045 -0.6745 -0.7383
vn -0.0046 -0.8171 -0.5765
vn -0.0045 -0.8992 -0.4374
vn -0.1426 -0.1342 -0.9806
vn -0.3321 -0.0178 -0.9431
vn -0.6710 -0.0140 -0.7413
vn -0.9163 -0.0076 -0.4004
vn -0.0766 0.0840 -0.9935
vn -0.5023 -0.0164 -0.8645
vn 0.2996 0.2849 -0.9105
vn 0.5449 0.4515 -0.7065
vn 0.5156 0.5043 -0.6927
vn 0.5520 0.5420 -0.6336
vn 0.6831 0.6785 -0.2702
vn 0.3947 0.3811 -0.8361
vn 0.0024 0.9306 0.3659
vn 0.0044 0.7201 0.6939
vn 0.0057 0.4002 0.9164
vn -0.9241 0.3821 -0.0033
vn -0.7071 0.7070 -0.0104
vn -0.3825 0.9238 -0.0160
vn 0.6669 0.3069 -0.6791
vn 0.5182 0.6663 -0.5362
vn 0.2782 0.9131 -0.2983
vn 0.9257 0.0070 0.3783
vn 0.7102 0.0131 0.7039
vn 0.3866 0.0171 0.9221
vn 0.9245 -0.3811 0.0033
vn 0.7074 -0.7067 0.0104
vn 0.3810 -0.9244 0.0159
vn 0.3961 0.6379 -0.6604
vn 0.7056 0.4914 -0.5106
vn 0.9204 0.2700 -0.2829
vn -0.0022 -0.9086 -0.4176
vn -0.0036 -0.6946 -0.7194
vn -0.0045 -0.3864 -0.9223
vn -0.9258 -0.0065 -0.3779
vn -0.7098 -0.0122 -0.7043
vn -0.3872 -0.0160 -0.9219
vn 0.6616 0.6599 -0.3561
vn 0.5088 0.5022 -0.6992
vn 0.2715 0.2611 -0.9263
vn -0.3772 0.0177 0.9259
vn -0.7032 0.0135 0.7109
vn -0.9222 0.0073 0.3866
vn -0.9947 0.0019 0.1024
vn 0.5814 -0.0157 -0.8135
vn 0.5728 0.1331 -0.8088
vn -0.3865 -0.0176 -0.9221
vn -0.3849 0.0788 -0.9196
vn -0.9876 -0.0030 -0.1568
vn -0.3859 -0.0176 -0.9224
vn 0.0042 0.1799 0.9837
vn -0.0108 0.9304 0.3664
vn 0.0016 0.9306 0.3662
vn 0.0016 0.9305 0.3662
vn 0.0041 0.1806 0.9835
vn -0.0059 0.5658 0.8245
vn -0.0107 0.9791 -0.2033
vn -0.0108 0.9321 0.3621
vn -0.0026 0.8005 -0.5993
vn -0.0007 -0.9898 -0.1428
vn 0.1470 -0.9790 -0.1411
vn -0.0040 -0.3995 -0.9167
vn 0.0934 -0.3973 -0.9129
vn -0.0003 -0.9981 -0.0621
vn -0.0007 -0.9899 -0.1417
vn -0.0040 -0.3992 -0.9169
vn -0.0040 -0.3991 -0.9169
vn -0.0035 0.5691 -0.8223
vn -0.9247 -0.3807 0.0111
vn -0.7077 -0.7063 0.0156
vn -0.7098 -0.7042 0.0156
vn -0.3842 -0.9231 0.0178
vn 0.9249 -0.3788 -0.0336
vn 0.1574 -0.9814 -0.1103
vn 0.8076 0.5848 0.0754
vn 0.9233 -0.3826 -0.0336
vn 0.9250 -0.3785 -0.0335
vn 0.1567 -0.9815 -0.1103
vn 0.1651 -0.0185 0.9861
vn 0.6557 -0.1330 0.7432
vn 0.6622 -0.1346 0.7371
vn 0.9057 -0.2068 -0.3701
vn 0.1669 -0.0186 0.9858
vn 0.8974 -0.2017 0.3923
vn 0.8994 -0.2023 0.3875
vn 0.8031 -0.1902 -0.5646
vn 0.0017 -0.9163 0.4004
vn 0.0030 -0.6935 0.7204
vn 0.0040 -0.3656 0.9308
vn 0.0043 -0.0790 0.9969
vn 0.0031 -0.6937 0.7203
vn -0.3849 0.9229 -0.0089
vn -0.3823 0.9239 -0.0140
vn 0.5807 0.8139 -0.0172
vn -0.3835 0.9235 -0.0035
vn -0.3850 0.9229 -0.0089
vn -0.9857 0.1685 0.0021
vn 0.3249 0.3160 0.8914
vn 0.3067 0.3334 0.8915
vn 0.4723 0.4595 0.7522
vn 0.4456 0.4846 0.7528
vn 0.6588 0.7162 0.2302
vn 0.7183 0.6953 -0.0266
vn 0.6766 0.7358 -0.0280
vn 0.3411 0.2979 0.8916
vn 0.4955 0.4331 0.7529
vn 0.6991 0.6764 0.2316
vn 0.7554 0.6547 -0.0260
vn -0.2678 -0.2911 0.9184
vn -0.2483 -0.3075 0.9186
vn -0.4117 -0.4467 0.7944
vn -0.5925 -0.7301 0.3404
vn -0.6738 -0.7325 0.0973
vn -0.6364 -0.6918 0.3412
vn -0.2268 -0.3237 0.9186
vn -0.3812 -0.4718 0.7950
vn -0.5437 -0.7668 0.3410
vn -0.6272 -0.7728 0.0969
vn 0.2669 0.3668 0.8912
vn 0.2873 0.3512 0.8911
vn 0.3879 0.5332 0.7518
vn 0.6143 0.7550 0.2292
vn 0.5849 0.8107 -0.0275
vn 0.5692 0.7895 0.2296
vn 0.4172 0.5105 0.7519
vn 0.6310 0.7753 -0.0283
vn -0.2860 -0.2746 0.9180
vn -0.3024 -0.2581 0.9176
vn -0.4383 -0.4206 0.7943
vn -0.4628 -0.3952 0.7935
vn -0.7118 -0.6143 0.3404
vn -0.7164 -0.6908 0.0977
vn -0.7536 -0.6499 0.0987
vn -0.6766 -0.6528 0.3406
vn -0.3168 -0.2412 0.9173
vn -0.3341 -0.2212 0.9162
vn -0.4865 -0.3692 0.7919
vn -0.5121 -0.3390 0.7892
vn -0.7789 -0.5276 0.3391
vn -0.7886 -0.6069 0.0989
vn -0.8246 -0.5567 0.1004
vn -0.7445 -0.5738 0.3412
vn 0.3581 0.2804 0.8906
vn 0.5190 0.4065 0.7519
vn 0.7358 0.6369 0.2300
vn 0.7909 0.6115 -0.0238
vn 0.3754 0.2606 0.8894
vn 0.5431 0.3778 0.7499
vn 0.7702 0.5949 0.2301
vn 0.8254 0.5641 -0.0213
vn 0.3930 0.2403 0.8876
vn 0.5678 0.3487 0.7457
vn 0.8041 0.5480 0.2307
vn 0.8577 0.5138 -0.0179
vn 0.4114 0.2213 0.8842
vn 0.5901 0.3218 0.7404
vn 0.8352 0.4983 0.2329
vn 0.8845 0.4662 -0.0187
vn -0.3518 -0.1995 0.9146
vn -0.3693 -0.1843 0.9109
vn -0.5386 -0.3041 0.7857
vn -0.5612 -0.2795 0.7791
vn -0.8371 -0.4348 0.3320
vn -0.8600 -0.5002 0.1006
vn -0.8845 -0.4561 0.0979
vn -0.8128 -0.4756 0.3363
vn 0.4600 0.1301 0.8783
vn 0.3943 0.0155 0.9189
vn 0.8276 0.2047 0.5226
vn 0.7207 0.0115 0.6932
vn 0.9762 0.2121 0.0453
vn 0.9362 0.0061 0.3514
vn 0.1983 0.1056 0.9744
vn 0.6127 0.3042 0.7294
vn 0.8644 0.4503 0.2238
vn 0.9019 0.4314 -0.0240
vn 0.6254 0.2990 0.7208
vn 0.8844 0.4178 0.2082
vn -0.3797 -0.1776 0.9079
vn -0.5742 -0.2708 0.7726
vn -0.8950 -0.4356 0.0956
vn -0.8496 -0.4143 0.3265
vn -0.1999 -0.3436 0.9176
vn -0.3490 -0.4977 0.7941
vn -0.4803 -0.8088 0.3392
vn -0.5751 -0.8123 0.0977
vn -0.1769 -0.3663 0.9135
vn -0.3061 -0.5302 0.7907
vn -0.4215 -0.8439 0.3321
vn -0.5057 -0.8571 0.0985
vn 0.2298 0.4016 0.8865
vn 0.2477 0.3838 0.8896
vn 0.3359 0.5781 0.7436
vn 0.5227 0.8220 0.2259
vn 0.4924 0.8699 -0.0293
vn 0.4766 0.8512 0.2199
vn 0.3602 0.5569 0.7484
vn 0.5369 0.8432 -0.0276
vn 0.0064 0.3967 0.9179
vn -0.0038 0.7235 0.6903
vn -0.0131 0.9378 0.3469
vn 0.1286 0.4596 0.8788
vn 0.2090 0.8306 0.5161
vn 0.2191 0.9754 0.0227
vn -0.1670 -0.3837 0.9082
vn -0.2679 -0.5641 0.7810
vn -0.3898 -0.8627 0.3221
vn -0.4399 -0.8932 0.0931
vn -0.4074 -0.9093 0.0855
vn -0.2531 -0.5834 0.7717
vn -0.3824 -0.8646 0.3258
vn 0.2194 0.4171 0.8820
vn 0.4461 0.8717 0.2027
vn 0.3187 0.5983 0.7351
vn 0.4597 0.8873 -0.0366
vn 0.4802 0.5220 -0.7049
vn 0.5109 0.4927 -0.7044
vn 0.3422 0.3720 -0.8629
vn 0.3646 0.3506 -0.8626
vn 0.1824 0.1983 -0.9630
vn 0.1951 0.1865 -0.9629
vn 0.5392 0.4641 -0.7027
vn 0.3855 0.3303 -0.8616
vn 0.2065 0.1749 -0.9627
vn -0.4913 -0.6038 -0.6277
vn -0.5267 -0.5729 -0.6279
vn -0.3621 -0.4441 -0.8195
vn -0.3875 -0.4217 -0.8198
vn -0.2063 -0.2519 -0.9455
vn -0.2201 -0.2395 -0.9456
vn -0.4522 -0.6346 -0.6267
vn -0.3339 -0.4665 -0.8191
vn -0.1907 -0.2639 -0.9455
vn 0.4469 0.5506 -0.7051
vn 0.4141 0.5776 -0.7035
vn 0.3180 0.3925 -0.8630
vn 0.2944 0.4126 -0.8620
vn 0.1692 0.2101 -0.9629
vn 0.1560 0.2213 -0.9627
vn -0.5896 -0.5115 -0.6251
vn -0.5602 -0.5418 -0.6266
vn -0.4336 -0.3777 -0.8181
vn -0.4118 -0.3992 -0.8192
vn -0.2461 -0.2162 -0.9448
vn -0.2334 -0.2274 -0.9454
vn -0.6482 -0.4431 -0.6193
vn -0.6179 -0.4798 -0.6228
vn -0.4776 -0.3292 -0.8146
vn -0.4548 -0.3552 -0.8167
vn -0.2704 -0.1901 -0.9438
vn -0.2576 -0.2040 -0.9445
vn 0.5667 0.4339 -0.7004
vn 0.4055 0.3084 -0.8605
vn 0.2187 0.1635 -0.9620
vn 0.5953 0.4012 -0.6961
vn 0.4276 0.2855 -0.8577
vn 0.2307 0.1502 -0.9614
vn 0.6237 0.3669 -0.6902
vn 0.4491 0.2609 -0.8545
vn 0.2435 0.1369 -0.9602
vn 0.6488 0.3344 -0.6836
vn 0.4710 0.2386 -0.8493
vn 0.2581 0.1254 -0.9579
vn -0.7045 -0.3703 -0.6055
vn -0.6799 -0.4022 -0.6132
vn -0.5241 -0.2792 -0.8046
vn -0.5028 -0.3009 -0.8103
vn -0.2981 -0.1640 -0.9403
vn -0.2840 -0.1747 -0.9428
vn 0.9000 0.0558 -0.4323
vn 0.7407 0.1719 -0.6494
vn 0.6728 0.0354 -0.7390
vn 0.5403 0.1225 -0.8325
vn 0.3530 0.0100 -0.9356
vn 0.3006 0.0639 -0.9516
vn 0.6684 0.3121 -0.6751
vn 0.4891 0.2240 -0.8430
vn 0.2692 0.1177 -0.9559
vn -0.7168 -0.3558 -0.5997
vn -0.5358 -0.2697 -0.8001
vn -0.3062 -0.1592 -0.9386
vn -0.4010 -0.6712 -0.6235
vn -0.2974 -0.4938 -0.8171
vn -0.1712 -0.2787 -0.9450
vn -0.3532 -0.7050 -0.6150
vn -0.2651 -0.5223 -0.8105
vn -0.1549 -0.2963 -0.9424
vn 0.3807 0.6032 -0.7009
vn 0.3495 0.6268 -0.6964
vn 0.2704 0.4315 -0.8606
vn 0.2489 0.4512 -0.8570
vn 0.1430 0.2325 -0.9620
vn 0.1308 0.2441 -0.9609
vn 0.0341 0.8995 -0.4355
vn 0.0197 0.6726 -0.7398
vn 0.0023 0.3535 -0.9354
vn 0.1727 0.7239 -0.6680
vn 0.1227 0.5259 -0.8417
vn 0.0642 0.2921 -0.9542
vn -0.3301 -0.7231 -0.6068
vn -0.2500 -0.5403 -0.8035
vn -0.1475 -0.3094 -0.9394
vn 0.3283 0.6442 -0.6909
vn 0.2351 0.4673 -0.8523
vn 0.1242 0.2550 -0.9589
vn -0.8099 -0.4790 -0.3384
vn -0.4655 0.8757 0.1284
vn -0.6082 -0.7130 -0.3489
vn -0.0768 0.9671 0.2427
vn -0.6860 -0.6401 -0.3461
vn 0.9742 -0.0567 0.2183
vn -0.4406 -0.8288 -0.3450
vn -0.8389 0.3761 -0.3933
vn -0.8394 0.3546 -0.4118
vn -0.6789 0.5099 -0.5283
vn -0.6802 0.4778 -0.5559
vn -0.1272 0.6510 -0.7484
vn 0.1324 0.6938 -0.7079
vn 0.1323 0.6511 -0.7473
vn -0.8384 0.3938 -0.3769
vn -0.6785 0.5340 -0.5044
vn -0.1250 0.6939 -0.7092
vn 0.1299 0.7333 -0.6674
vn -0.9550 -0.1962 0.2224
vn -0.9550 -0.1757 0.2390
vn -0.8541 -0.3439 0.3902
vn -0.4402 -0.5453 0.7134
vn -0.2020 -0.6436 0.7383
vn -0.4391 -0.5910 0.6767
vn -0.9548 -0.1536 0.2546
vn -0.8542 -0.3116 0.4163
vn -0.4385 -0.4969 0.7488
vn -0.2023 -0.5960 0.7771
vn -0.8386 0.3165 -0.4433
vn -0.8387 0.3373 -0.4276
vn -0.6783 0.4220 -0.6015
vn -0.1260 0.6073 -0.7844
vn 0.1325 0.5575 -0.8196
vn -0.1245 0.5609 -0.8184
vn -0.6785 0.4527 -0.5786
vn 0.1323 0.6052 -0.7850
vn -0.9548 -0.2140 0.2065
vn -0.9547 -0.2288 0.1903
vn -0.8538 -0.3703 0.3659
vn -0.8538 -0.3936 0.3409
vn -0.4397 -0.6679 0.6005
vn -0.2027 -0.6874 0.6974
vn -0.2036 -0.7253 0.6576
vn -0.4396 -0.6324 0.6379
vn -0.9535 -0.2467 0.1730
vn -0.9533 -0.2593 0.1548
vn -0.8526 -0.4175 0.3143
vn -0.8502 -0.4424 0.2852
vn -0.4390 -0.7359 0.5154
vn -0.2037 -0.7612 0.6157
vn -0.2048 -0.7997 0.5644
vn -0.4391 -0.7006 0.5624
vn -0.8390 0.4086 -0.3593
vn -0.6791 0.5563 -0.4789
vn -0.1278 0.7324 -0.6688
vn 0.1272 0.7690 -0.6265
vn -0.8368 0.4289 -0.3402
vn -0.6760 0.5830 -0.4507
vn -0.1280 0.7665 -0.6293
vn 0.1242 0.8054 -0.5796
vn -0.8378 0.4436 -0.3182
vn -0.6764 0.6052 -0.4197
vn -0.1295 0.8025 -0.5824
vn 0.1198 0.8391 -0.5306
vn -0.8488 0.4424 -0.2895
vn -0.6868 0.6151 -0.3873
vn -0.1300 0.8347 -0.5351
vn 0.1187 0.8662 -0.4855
vn -0.9515 -0.2726 0.1424
vn -0.9465 -0.2876 0.1464
vn -0.8454 -0.4680 0.2575
vn -0.8318 -0.4978 0.2456
vn -0.4211 -0.8073 0.4134
vn -0.2045 -0.8424 0.4986
vn -0.1974 -0.8747 0.4426
vn -0.4330 -0.7753 0.4597
vn -0.9167 0.3716 -0.1471
vn -0.9186 0.3944 -0.0237
vn -0.8130 0.5661 -0.1363
vn -0.6769 0.7354 -0.0300
vn 0.0229 0.9725 -0.2318
vn -0.3332 0.9423 -0.0311
vn -0.3027 0.9526 -0.0316
vn -0.9752 0.1713 -0.1402
vn -0.7135 0.6046 -0.3541
vn -0.1284 0.8638 -0.4872
vn 0.1204 0.8852 -0.4493
vn -0.7070 0.6146 -0.3500
vn -0.1202 0.8833 -0.4532
vn -0.9358 -0.3152 0.1579
vn -0.8154 -0.5221 0.2500
vn -0.1878 -0.8897 0.4160
vn -0.4079 -0.8250 0.3912
vn -0.9531 -0.1290 0.2739
vn -0.8541 -0.2770 0.4403
vn -0.4348 -0.4318 0.7903
vn -0.2018 -0.5441 0.8144
vn -0.9495 -0.1033 0.2962
vn -0.8482 -0.2377 0.4734
vn -0.4250 -0.3737 0.8244
vn -0.2005 -0.4725 0.8582
vn -0.8347 0.2770 -0.4760
vn -0.8375 0.2960 -0.4593
vn -0.6716 0.3682 -0.6429
vn -0.1245 0.5125 -0.8496
vn 0.1325 0.4634 -0.8762
vn -0.1179 0.4650 -0.8774
vn -0.6762 0.3941 -0.6225
vn 0.1309 0.5095 -0.8504
vn -0.8813 0.0573 -0.4690
vn -0.6305 0.0221 -0.7759
vn -0.2725 -0.0170 -0.9620
vn -0.8304 0.1743 -0.5292
vn -0.4349 0.2190 -0.8734
vn 0.0698 0.1913 -0.9790
vn -0.9454 -0.0925 0.3125
vn -0.8401 -0.1972 0.5053
vn -0.4139 -0.3424 0.8435
vn -0.1928 -0.4060 0.8933
vn -0.1852 -0.3738 0.9088
vn -0.8314 -0.1810 0.5253
vn -0.4187 -0.3343 0.8444
vn -0.8291 0.2669 -0.4913
vn -0.1020 0.4320 -0.8961
vn -0.6621 0.3510 -0.6621
vn 0.1379 0.4299 -0.8923
vn 0.7752 0.4161 -0.4753
vn 0.7745 0.4472 -0.4473
vn 0.9111 0.2717 -0.3100
vn 0.9108 0.2944 -0.2895
vn 0.9860 0.1103 -0.1250
vn 0.9860 0.1220 -0.1140
vn 0.7729 0.4760 -0.4195
vn 0.9093 0.3167 -0.2698
vn 0.9852 0.1369 -0.1030
vn 0.5435 -0.5149 0.6630
vn 0.5431 -0.5517 0.6330
vn 0.7556 -0.4036 0.5159
vn 0.7554 -0.4301 0.4943
vn 0.9064 -0.2624 0.3310
vn 0.9068 -0.2762 0.3185
vn 0.5429 -0.4737 0.6935
vn 0.7557 -0.3735 0.5380
vn 0.9064 -0.2469 0.3428
vn 0.7749 0.3826 -0.5031
vn 0.7742 0.3466 -0.5297
vn 0.9108 0.2472 -0.3305
vn 0.9104 0.2214 -0.3496
vn 0.9858 0.0971 -0.1369
vn 0.9854 0.0838 -0.1480
vn 0.5413 -0.6156 0.5728
vn 0.5431 -0.5833 0.6040
vn 0.7545 -0.4765 0.4514
vn 0.7553 -0.4538 0.4728
vn 0.9058 -0.3034 0.2959
vn 0.9062 -0.2904 0.3073
vn 0.5370 -0.6777 0.5024
vn 0.5395 -0.6443 0.5421
vn 0.7518 -0.5240 0.4002
vn 0.7535 -0.4980 0.4292
vn 0.9057 -0.3292 0.2671
vn 0.9060 -0.3141 0.2838
vn 0.7700 0.5048 -0.3902
vn 0.9081 0.3365 -0.2492
vn 0.9848 0.1473 -0.0916
vn 0.7650 0.5347 -0.3589
vn 0.9053 0.3596 -0.2264
vn 0.9837 0.1612 -0.0795
vn 0.7584 0.5642 -0.3265
vn 0.8999 0.3850 -0.2047
vn 0.9817 0.1779 -0.0686
vn 0.7429 0.5991 -0.2986
vn 0.8859 0.4224 -0.1917
vn 0.9723 0.2219 -0.0736
vn 0.5207 -0.7605 0.3879
vn 0.5286 -0.7233 0.4443
vn 0.7411 -0.5974 0.3064
vn 0.7477 -0.5611 0.3552
vn 0.9032 -0.3814 0.1969
vn 0.9045 -0.3553 0.2360
vn 0.4860 0.8707 -0.0758
vn 0.6762 0.7161 -0.1732
vn 0.7592 0.6485 -0.0557
vn 0.8177 0.5607 -0.1303
vn 0.9341 0.3559 -0.0292
vn 0.9205 0.3823 -0.0813
vn 0.7218 0.6309 -0.2844
vn 0.8592 0.4729 -0.1953
vn 0.9584 0.2721 -0.0862
vn 0.5164 -0.7779 0.3579
vn 0.7423 -0.6096 0.2780
vn 0.9102 -0.3778 0.1696
vn 0.5400 -0.4226 0.7279
vn 0.7531 -0.3385 0.5641
vn 0.9063 -0.2267 0.3566
vn 0.5323 -0.3734 0.7598
vn 0.7473 -0.3040 0.5909
vn 0.9031 -0.2102 0.3744
vn 0.7707 0.3141 -0.5544
vn 0.7655 0.2829 -0.5779
vn 0.9084 0.1983 -0.3681
vn 0.9049 0.1765 -0.3874
vn 0.9848 0.0705 -0.1589
vn 0.9837 0.0583 -0.1700
vn 0.5479 -0.0259 -0.8361
vn 0.7894 -0.0506 -0.6118
vn 0.9579 -0.0717 -0.2780
vn 0.7247 0.1497 -0.6726
vn 0.8868 0.0493 -0.4594
vn 0.9763 -0.0101 -0.2161
vn 0.5235 -0.3495 0.7770
vn 0.7399 -0.2881 0.6079
vn 0.9003 -0.2018 0.3857
vn 0.7604 0.2603 -0.5950
vn 0.9003 0.1626 -0.4037
vn 0.9822 0.0518 -0.1808
vn 0.2416 -0.8153 0.5262
vn 0.2443 -0.4755 0.8451
vn 0.1169 -0.9711 -0.2083
vn 0.1167 -0.9710 -0.2086
vn -0.1753 -0.0860 -0.9808
vn 0.2450 -0.4958 0.8331
vn 0.2450 -0.4954 0.8334
vn -0.1515 0.9881 0.0258
vn 0.2456 -0.5196 0.8183
vn 0.3726 0.8496 0.3732
vn 0.5878 0.4644 -0.6625
vn 0.6468 0.4644 -0.6049
vn -0.7978 0.5992 -0.0673
vn -0.7978 0.5991 -0.0673
vn 0.6083 -0.7922 -0.0497
vn 0.0992 0.6622 0.7427
vn 0.0992 0.6621 0.7428
vn 0.0992 0.6622 0.7428
vn 0.2196 -0.0359 -0.9749
vn 0.6397 0.6324 -0.4369
vn -0.5933 -0.1872 0.7829
vn -0.8173 -0.5340 -0.2163
vn -0.3931 0.8764 0.2781
vn 0.6729 0.4986 0.5465
vn 0.8866 0.3101 0.3431
vn 0.9750 0.2120 0.0667
vn 0.4978 0.0995 -0.8616
vn 0.6218 0.7470 0.2352
vn -0.0787 0.6923 0.7173
vn -0.7567 -0.4294 0.4929
vn -0.7567 -0.4293 0.4930
vn -0.7566 -0.4295 0.4930
vn 0.4549 -0.5603 -0.6922
vn 0.2818 -0.3628 -0.8882
vn 0.6575 -0.5973 -0.4593
vn 0.0812 0.4836 0.8715
vn -0.8848 0.0567 -0.4626
vn 0.8951 -0.4288 0.1223
vn -0.1294 -0.4547 -0.8812
vn 0.9065 0.3153 -0.2807
vn 0.4358 0.8822 0.1782
vn -0.5743 0.5889 0.5687
vn -0.4740 -0.5113 0.7169
vn 0.6180 -0.1019 -0.7796
vn -0.5739 -0.3522 0.7393
vn -0.7439 -0.4889 0.4557
vn 0.8238 0.5603 0.0866
vn -0.0103 0.9759 -0.2180
vn 0.9233 -0.3827 -0.0336
vn -0.1186 0.8867 -0.4469
vt 0.129631 0.361744
vt 0.128187 0.367085
vt 0.125808 0.364265
vt 0.014481 0.493987
vt 0.017135 0.478653
vt 0.017529 0.493897
vt 0.124415 0.369792
vt 0.123058 0.375612
vt 0.120742 0.372677
vt 0.047080 0.447537
vt 0.045370 0.433032
vt 0.048333 0.433135
vt 0.113893 0.378853
vt 0.108668 0.378985
vt 0.111686 0.375890
vt 0.015512 0.509196
vt 0.018562 0.509060
vt 0.047593 0.508735
vt 0.046648 0.525145
vt 0.044635 0.508908
vt 0.046065 0.477990
vt 0.043328 0.462576
vt 0.046294 0.462586
vt 0.114965 0.372794
vt 0.118455 0.369774
vt 0.119481 0.378697
vt 0.117213 0.375728
vt 0.047109 0.419091
vt 0.050066 0.419247
vt 0.020509 0.407297
vt 0.021261 0.420878
vt 0.018233 0.420765
vt 0.016473 0.434454
vt 0.018224 0.448676
vt 0.015192 0.448639
vt 0.049548 0.404670
vt 0.052490 0.404881
vt 0.053564 0.385818
vt 0.056476 0.386058
vt 0.026853 0.379839
vt 0.026397 0.393942
vt 0.023365 0.393737
vt 0.110835 0.381978
vt 0.105880 0.382110
vt 0.059568 0.359528
vt 0.062468 0.359747
vt 0.066096 0.328688
vt 0.069125 0.328770
vt 0.030792 0.365670
vt 0.029890 0.380089
vt 0.105305 0.388479
vt 0.100762 0.388735
vt 0.103268 0.385330
vt 0.017153 0.524357
vt 0.020205 0.524173
vt 0.019494 0.539931
vt 0.022548 0.539690
vt 0.053812 0.547008
vt 0.058088 0.579309
vt 0.050910 0.547327
vt 0.126777 0.372683
vt 0.022666 0.556286
vt 0.025716 0.555970
vt 0.026608 0.573102
vt 0.029592 0.572502
vt 0.060974 0.579000
vt 0.066104 0.617392
vt 0.137228 0.361654
vt 0.134805 0.367263
vt 0.132196 0.364486
vt 0.020169 0.478613
vt 0.020568 0.493807
vt 0.031137 0.448083
vt 0.022923 0.434582
vt 0.032398 0.433783
vt 0.044114 0.447481
vt 0.042398 0.432929
vt 0.043740 0.418955
vt 0.036519 0.406065
vt 0.046193 0.404491
vt 0.021603 0.508922
vt 0.023247 0.523987
vt 0.043101 0.478034
vt 0.040562 0.493624
vt 0.040129 0.478077
vt 0.040354 0.462566
vt 0.043536 0.493520
vt 0.041665 0.509083
vt 0.017417 0.463473
vt 0.019502 0.434528
vt 0.021249 0.448713
vt 0.022523 0.434601
vt 0.046596 0.404456
vt 0.041996 0.432948
vt 0.034144 0.419986
vt 0.023538 0.407455
vt 0.024279 0.420993
vt 0.026557 0.407616
vt 0.056675 0.359306
vt 0.040022 0.389893
vt 0.050239 0.385672
vt 0.029419 0.394150
vt 0.033868 0.365959
vt 0.032920 0.380345
vt 0.063057 0.328705
vt 0.022004 0.508919
vt 0.030514 0.493717
vt 0.031580 0.509000
vt 0.043692 0.525406
vt 0.048005 0.547651
vt 0.025591 0.539447
vt 0.028751 0.555656
vt 0.033416 0.524686
vt 0.026007 0.539529
vt 0.023651 0.523997
vt 0.055210 0.579618
vt 0.063029 0.617344
vt 0.032509 0.571905
vt 0.046501 0.493416
vt 0.042874 0.597699
vt 0.045147 0.596315
vt 0.047441 0.594927
vt 0.040161 0.493631
vt 0.041263 0.509088
vt 0.041141 0.447424
vt 0.039729 0.478087
vt 0.143757 0.358353
vt 0.140791 0.364004
vt 0.122088 0.366935
vt 0.047595 0.547566
vt 0.042271 0.567533
vt 0.036802 0.543518
vt 0.095041 0.403142
vt 0.093421 0.409965
vt 0.094268 0.403071
vt 0.092575 0.409727
vt 0.093487 0.402992
vt 0.024682 0.420970
vt 0.014384 0.463470
vt 0.020969 0.493800
vt 0.030094 0.478352
vt 0.020443 0.463474
vt 0.150643 0.354464
vt 0.149410 0.359681
vt 0.142423 0.354736
vt 0.138109 0.356888
vt 0.032867 0.571776
vt 0.029197 0.555886
vt 0.054772 0.579358
vt 0.047430 0.594296
vt 0.102353 0.392556
vt 0.098309 0.392387
vt 0.113019 0.385009
vt 0.108010 0.385133
vt 0.044142 0.418933
vt 0.033383 0.380096
vt 0.044957 0.369864
vt 0.116118 0.381853
vt 0.110156 0.388199
vt 0.030341 0.463031
vt 0.039953 0.462579
vt 0.049590 0.524888
vt 0.274927 0.451153
vt 0.236716 0.487801
vt 0.235302 0.487385
vt 0.043290 0.525399
vt 0.098884 0.397693
vt 0.096061 0.395976
vt 0.099523 0.402950
vt 0.095150 0.403021
vt 0.056237 0.359564
vt 0.049721 0.347983
vt 0.062498 0.329590
vt 0.037200 0.366661
vt 0.150773 0.354368
vt 0.159041 0.353489
vt 0.159031 0.354490
vt 0.133696 0.359299
vt 0.150781 0.353586
vt 0.158888 0.352618
vt 0.029841 0.394052
vt 0.014087 0.478693
vt 0.040740 0.447440
vt 0.026963 0.407581
vt 0.095131 0.396159
vt 0.095971 0.395980
vt 0.107359 0.391668
vt 0.050651 0.385572
vt 0.047469 0.345912
vt 0.036852 0.366515
vt 0.021649 0.448697
vt 0.020843 0.463462
vt 0.020569 0.478604
vt 0.130603 0.369941
vt 0.103960 0.396393
vt 0.298947 0.379508
vt 0.193563 0.368148
vt 0.321240 0.372861
vt 0.107046 0.427116
vt 0.166473 0.452154
vt 0.166013 0.453369
vt 0.109938 0.427040
vt 0.166938 0.450941
vt 0.216882 0.464775
vt 0.205061 0.422334
vt 0.239815 0.423962
vt 0.230248 0.612791
vt 0.135163 0.565882
vt 0.140097 0.561014
vt 0.328100 0.413843
vt 0.275972 0.452195
vt 0.221565 0.547059
vt 0.226706 0.606880
vt 0.220233 0.547272
vt 0.199159 0.401143
vt 0.262724 0.383189
vt 0.273113 0.602013
vt 0.336782 0.516649
vt 0.267698 0.624802
vt 0.094352 0.469112
vt 0.158099 0.480392
vt 0.096775 0.470795
vt 0.263473 0.529781
vt 0.304647 0.506826
vt 0.286483 0.570921
vt 0.208661 0.495365
vt 0.157826 0.481711
vt 0.336746 0.390163
vt 0.344509 0.518728
vt 0.076964 0.453070
vt 0.129730 0.571246
vt 0.060304 0.436867
vt 0.245477 0.630378
vt 0.328378 0.414037
vt 0.327633 0.513927
vt 0.326600 0.417361
vt 0.235239 0.487603
vt 0.250613 0.539773
vt 0.249331 0.540195
vt 0.219661 0.476928
vt 0.155001 0.464046
vt 0.160682 0.458457
vt 0.191819 0.360781
vt 0.344302 0.366311
vt 0.234958 0.487405
vt 0.273432 0.443832
vt 0.274836 0.450930
vt 0.329440 0.514614
vt 0.273583 0.597902
vt 0.270775 0.358462
vt 0.305386 0.305441
vt 0.338819 0.357192
vt 0.216353 0.488219
vt 0.154911 0.464352
vt 0.221182 0.483655
vt 0.263768 0.433270
vt 0.256799 0.431346
vt 0.243975 0.545500
vt 0.249135 0.540347
vt 0.271676 0.435805
vt 0.344642 0.366670
vt 0.271458 0.435568
vt 0.222900 0.546842
vt 0.209838 0.494540
vt 0.210909 0.493521
vt 0.140402 0.560717
vt 0.096609 0.471034
vt 0.141678 0.559507
vt 0.083490 0.431489
vt 0.060441 0.436399
vt 0.229551 0.611975
vt 0.227934 0.609325
vt 0.229843 0.611819
vt 0.227903 0.485414
vt 0.238104 0.551126
vt 0.221452 0.483589
vt 0.093426 0.468669
vt 0.156652 0.472002
vt 0.158348 0.478834
vt 0.217909 0.469860
vt 0.261830 0.648119
vt 0.326332 0.417202
vt 0.277010 0.453239
vt 0.217377 0.468148
vt 0.217721 0.469572
vt 0.195231 0.375256
vt 0.294851 0.381219
vt 0.195581 0.376998
vt 0.247104 0.298691
vt 0.203692 0.347665
vt 0.107058 0.426787
vt 0.109927 0.426724
vt 0.256570 0.431248
vt 0.217589 0.468096
vt 0.255524 0.430295
vt 0.237792 0.551204
vt 0.230043 0.548997
vt 0.210750 0.493356
vt 0.158378 0.479079
vt 0.261351 0.648238
vt 0.280561 0.257262
vt 0.274197 0.320760
vt 0.221261 0.483390
vt 0.217044 0.466774
vt 0.195931 0.378722
vt 0.112465 0.426639
vt 0.292163 0.382413
vt 0.238016 0.488406
vt 0.251895 0.539343
vt 0.325843 0.513248
vt 0.325123 0.420233
vt 0.273798 0.595196
vt 0.142944 0.558305
vt 0.208808 0.495518
vt 0.226482 0.607022
vt 0.328713 0.413051
vt 0.329841 0.514748
vt 0.273027 0.600972
vt 0.273267 0.597875
vt 0.273533 0.595174
vt 0.238076 0.488203
vt 0.211066 0.493214
vt 0.206802 0.497036
vt 0.174690 0.527573
vt 0.159883 0.495764
vt 0.158658 0.542819
vt 0.113009 0.494494
vt 0.165856 0.453558
vt 0.106018 0.426984
vt 0.176218 0.441925
vt 0.135592 0.419099
vt 0.217249 0.466724
vt 0.254475 0.429349
vt 0.281646 0.465655
vt 0.322811 0.442731
vt 0.240441 0.488600
vt 0.283266 0.500757
vt 0.223146 0.546885
vt 0.205553 0.544113
vt 0.204306 0.591145
vt 0.098791 0.472238
vt 0.195143 0.374841
vt 0.298087 0.380087
vt 0.295004 0.381494
vt 0.292281 0.382644
vt 0.119719 0.350070
vt 0.118228 0.355437
vt 0.115849 0.352583
vt 0.458772 0.450248
vt 0.456109 0.465477
vt 0.455746 0.450328
vt 0.114424 0.358142
vt 0.113046 0.363982
vt 0.110729 0.361032
vt 0.426258 0.496504
vt 0.427970 0.510987
vt 0.425011 0.510885
vt 0.103852 0.367216
vt 0.098611 0.367345
vt 0.101641 0.364243
vt 0.457832 0.435156
vt 0.454805 0.435267
vt 0.425905 0.435388
vt 0.426975 0.419001
vt 0.428860 0.435235
vt 0.427289 0.466095
vt 0.430005 0.481488
vt 0.427043 0.481477
vt 0.104934 0.361142
vt 0.108438 0.358117
vt 0.109453 0.367068
vt 0.107184 0.364087
vt 0.426235 0.524908
vt 0.423284 0.524751
vt 0.452811 0.536671
vt 0.452049 0.523110
vt 0.455072 0.523221
vt 0.456821 0.509554
vt 0.455066 0.495360
vt 0.458093 0.495394
vt 0.423784 0.539316
vt 0.420838 0.539106
vt 0.419801 0.558178
vt 0.416890 0.557942
vt 0.446516 0.564113
vt 0.446947 0.550019
vt 0.449976 0.550219
vt 0.100786 0.370344
vt 0.095818 0.370485
vt 0.413864 0.584484
vt 0.410970 0.584272
vt 0.407393 0.615257
vt 0.404372 0.615178
vt 0.442605 0.578283
vt 0.443480 0.563869
vt 0.095270 0.376855
vt 0.090745 0.377157
vt 0.093216 0.373727
vt 0.456369 0.420065
vt 0.453325 0.420216
vt 0.454202 0.404521
vt 0.451155 0.404723
vt 0.419954 0.397065
vt 0.415669 0.364611
vt 0.422867 0.396757
vt 0.116786 0.361054
vt 0.451285 0.388171
vt 0.448243 0.388413
vt 0.447873 0.371444
vt 0.444833 0.371715
vt 0.412776 0.364931
vt 0.407348 0.326552
vt 0.127359 0.350056
vt 0.124877 0.355664
vt 0.122278 0.352853
vt 0.453093 0.465517
vt 0.452727 0.450407
vt 0.442175 0.495957
vt 0.450381 0.509429
vt 0.440922 0.510232
vt 0.429219 0.496560
vt 0.430937 0.511089
vt 0.429599 0.525043
vt 0.436816 0.537917
vt 0.427141 0.539495
vt 0.451784 0.435379
vt 0.450289 0.420370
vt 0.430249 0.466058
vt 0.432834 0.450510
vt 0.433215 0.466021
vt 0.432974 0.481500
vt 0.429866 0.450600
vt 0.431826 0.435081
vt 0.455860 0.480598
vt 0.453797 0.509482
vt 0.452047 0.495324
vt 0.450781 0.509410
vt 0.426738 0.539529
vt 0.431338 0.511070
vt 0.439182 0.524010
vt 0.449785 0.536516
vt 0.449034 0.522998
vt 0.446770 0.536360
vt 0.416752 0.584698
vt 0.433333 0.554084
vt 0.423125 0.558318
vt 0.443927 0.549816
vt 0.439530 0.578001
vt 0.440451 0.563618
vt 0.410425 0.615237
vt 0.451385 0.435380
vt 0.442842 0.450458
vt 0.441867 0.435230
vt 0.429933 0.418763
vt 0.425785 0.396444
vt 0.448116 0.404927
vt 0.445208 0.388654
vt 0.440170 0.419575
vt 0.447702 0.404840
vt 0.449887 0.420357
vt 0.418556 0.364289
vt 0.410423 0.326576
vt 0.441795 0.371990
vt 0.426906 0.450690
vt 0.141034 0.342912
vt 0.132881 0.342269
vt 0.141050 0.342144
vt 0.133113 0.341452
vt 0.141064 0.341374
vt 0.433234 0.450504
vt 0.432227 0.435078
vt 0.432187 0.496616
vt 0.433615 0.466013
vt 0.133943 0.346813
vt 0.130912 0.352449
vt 0.112090 0.355260
vt 0.426196 0.396531
vt 0.431723 0.376436
vt 0.436973 0.400708
vt 0.085086 0.391841
vt 0.083393 0.398811
vt 0.084292 0.391768
vt 0.082621 0.398484
vt 0.083493 0.391691
vt 0.448633 0.523021
vt 0.458888 0.480596
vt 0.452329 0.450412
vt 0.443217 0.465766
vt 0.452840 0.480599
vt 0.140903 0.343007
vt 0.139593 0.348206
vt 0.132643 0.343170
vt 0.128291 0.345283
vt 0.441428 0.372121
vt 0.444762 0.388412
vt 0.418996 0.364548
vt 0.426245 0.349473
vt 0.092355 0.380949
vt 0.088358 0.380827
vt 0.102974 0.373379
vt 0.097959 0.373502
vt 0.429197 0.525066
vt 0.439989 0.563867
vt 0.428440 0.574118
vt 0.106079 0.370226
vt 0.100102 0.376550
vt 0.442966 0.481041
vt 0.433374 0.481488
vt 0.424031 0.419237
vt 0.108054 0.336564
vt 0.106334 0.341823
vt 0.104080 0.338901
vt 0.430335 0.418773
vt 0.088930 0.386146
vt 0.086153 0.384446
vt 0.089490 0.391434
vt 0.085201 0.391716
vt 0.417189 0.584440
vt 0.423703 0.596000
vt 0.410981 0.614353
vt 0.436198 0.577304
vt 0.149270 0.342135
vt 0.149251 0.343130
vt 0.123836 0.347657
vt 0.149125 0.341268
vt 0.443506 0.549914
vt 0.459136 0.465436
vt 0.432587 0.496600
vt 0.446364 0.536395
vt 0.085193 0.384633
vt 0.086061 0.384450
vt 0.097327 0.380010
vt 0.422714 0.558418
vt 0.425958 0.598067
vt 0.436546 0.577450
vt 0.451648 0.495340
vt 0.452442 0.480611
vt 0.452695 0.465526
vt 0.120640 0.358321
vt 0.093959 0.384750
vt 0.407588 0.445170
vt 0.405153 0.459719
vt 0.404700 0.445254
vt 0.102487 0.344383
vt 0.101018 0.350105
vt 0.098776 0.347172
vt 0.377050 0.490158
vt 0.379140 0.504161
vt 0.376265 0.504157
vt 0.091956 0.353285
vt 0.086739 0.353486
vt 0.089729 0.350344
vt 0.406707 0.430772
vt 0.403813 0.430864
vt 0.375935 0.430838
vt 0.377085 0.414950
vt 0.378799 0.430700
vt 0.377417 0.460642
vt 0.380313 0.475521
vt 0.377445 0.475572
vt 0.093013 0.347236
vt 0.096538 0.344244
vt 0.097480 0.353110
vt 0.095245 0.350170
vt 0.377930 0.517787
vt 0.375039 0.517736
vt 0.404285 0.527800
vt 0.402831 0.514880
vt 0.405723 0.514843
vt 0.406830 0.501746
vt 0.404716 0.488266
vt 0.407603 0.488218
vt 0.376090 0.532159
vt 0.373182 0.532038
vt 0.372910 0.551972
vt 0.370025 0.551784
vt 0.400376 0.554653
vt 0.399582 0.541014
vt 0.402512 0.540974
vt 0.088959 0.356431
vt 0.084018 0.356687
vt 0.367932 0.580787
vt 0.365072 0.580589
vt 0.362425 0.614619
vt 0.359570 0.614290
vt 0.398004 0.568692
vt 0.397422 0.554698
vt 0.083661 0.363072
vt 0.079178 0.363513
vt 0.081517 0.360004
vt 0.405432 0.416381
vt 0.402528 0.416481
vt 0.403703 0.401509
vt 0.400778 0.401627
vt 0.370825 0.393597
vt 0.368104 0.362382
vt 0.373633 0.393387
vt 0.104736 0.347312
vt 0.401386 0.385719
vt 0.398444 0.385877
vt 0.398447 0.369261
vt 0.395539 0.369698
vt 0.365341 0.362544
vt 0.362432 0.325912
vt 0.115656 0.336938
vt 0.112856 0.342310
vt 0.110452 0.339437
vt 0.402272 0.459790
vt 0.401813 0.445339
vt 0.392392 0.489192
vt 0.400677 0.501859
vt 0.391631 0.502976
vt 0.379918 0.490132
vt 0.382022 0.504162
vt 0.381225 0.517795
vt 0.388868 0.530039
vt 0.379410 0.532223
vt 0.400922 0.430958
vt 0.399624 0.416585
vt 0.380288 0.460569
vt 0.382665 0.445492
vt 0.383160 0.460497
vt 0.383185 0.475471
vt 0.379793 0.445591
vt 0.381671 0.430562
vt 0.405140 0.474158
vt 0.403944 0.501787
vt 0.401832 0.488314
vt 0.401059 0.501827
vt 0.379014 0.532278
vt 0.382411 0.504130
vt 0.390497 0.516353
vt 0.401379 0.527838
vt 0.399939 0.514915
vt 0.398470 0.527871
vt 0.370791 0.580991
vt 0.386283 0.546535
vt 0.376205 0.552032
vt 0.396650 0.541047
vt 0.395022 0.568730
vt 0.394466 0.554737
vt 0.365397 0.614585
vt 0.400540 0.430956
vt 0.392323 0.445414
vt 0.391385 0.430762
vt 0.379955 0.414763
vt 0.376444 0.393169
vt 0.397856 0.401750
vt 0.395513 0.386038
vt 0.389886 0.415684
vt 0.397460 0.401656
vt 0.399239 0.416566
vt 0.370850 0.362209
vt 0.365672 0.326310
vt 0.392699 0.370132
vt 0.376928 0.445690
vt 0.383852 0.345044
vt 0.381621 0.346277
vt 0.379371 0.347514
vt 0.383052 0.445485
vt 0.382059 0.430560
vt 0.382791 0.490105
vt 0.383547 0.460483
vt 0.122554 0.334071
vt 0.119032 0.339475
vt 0.100241 0.341458
vt 0.376836 0.393265
vt 0.382888 0.374110
vt 0.387187 0.397488
vt 0.073894 0.379761
vt 0.072177 0.388288
vt 0.073074 0.379776
vt 0.071333 0.388047
vt 0.072253 0.379790
vt 0.399554 0.514955
vt 0.408027 0.474100
vt 0.401432 0.445345
vt 0.392802 0.460137
vt 0.402256 0.474216
vt 0.130307 0.330919
vt 0.128276 0.335758
vt 0.121460 0.330375
vt 0.116867 0.332309
vt 0.392348 0.370239
vt 0.395093 0.385795
vt 0.371253 0.362477
vt 0.379359 0.348106
vt 0.080889 0.367419
vt 0.076950 0.367255
vt 0.091181 0.359384
vt 0.086230 0.359635
vt 0.380832 0.517833
vt 0.394025 0.555032
vt 0.382516 0.567879
vt 0.094185 0.356232
vt 0.088442 0.362590
vt 0.392802 0.474830
vt 0.383572 0.475451
vt 0.374224 0.415135
vt 0.380343 0.414779
vt 0.077614 0.373168
vt 0.074889 0.370946
vt 0.078199 0.379117
vt 0.074009 0.379610
vt 0.371208 0.580686
vt 0.378759 0.591473
vt 0.365907 0.613598
vt 0.391658 0.568653
vt 0.130454 0.330826
vt 0.139284 0.330534
vt 0.139398 0.331390
vt 0.112286 0.334386
vt 0.130530 0.330006
vt 0.139146 0.329665
vt 0.396245 0.541182
vt 0.408042 0.459647
vt 0.383179 0.490079
vt 0.398081 0.527931
vt 0.073937 0.371239
vt 0.074803 0.370960
vt 0.085802 0.366146
vt 0.375804 0.552164
vt 0.073069 0.371515
vt 0.401450 0.488339
vt 0.401874 0.474235
vt 0.401891 0.459803
vt 0.108592 0.344748
vt 0.082586 0.371328
vt 0.094408 0.410074
vt 0.094439 0.410054
vt 0.094414 0.410102
vt 0.094436 0.410017
vt 0.094460 0.410017
vt 0.094447 0.410074
vt 0.094461 0.410039
vt 0.094516 0.409932
vt 0.094494 0.409925
vt 0.094522 0.409888
vt 0.094502 0.409982
vt 0.094485 0.409977
vt 0.094465 0.409969
vt 0.094476 0.410021
vt 0.094467 0.410094
vt 0.094465 0.410061
vt 0.094487 0.410033
vt 0.094443 0.410114
vt 0.159004 0.354519
vt 0.158967 0.354512
vt 0.159073 0.354512
vt 0.159024 0.354529
vt 0.158962 0.354537
vt 0.158913 0.354536
vt 0.158986 0.354540
vt 0.159043 0.354551
vt 0.159008 0.354546
vt 0.159066 0.354530
vt 0.158977 0.354565
vt 0.158964 0.354553
vt 0.158862 0.354561
vt 0.158866 0.354584
vt 0.158819 0.354585
vt 0.158918 0.354557
vt 0.158921 0.354575
vt 0.092544 0.409700
vt 0.092540 0.409663
vt 0.092571 0.409758
vt 0.092546 0.409724
vt 0.062747 0.328847
vt 0.062761 0.328945
vt 0.062647 0.329111
vt 0.062852 0.328756
vt 0.062833 0.328866
vt 0.062924 0.328797
vt 0.063049 0.328629
vt 0.062914 0.328936
vt 0.062810 0.328973
vt 0.062923 0.328706
vt 0.062557 0.329367
vt 0.062624 0.329408
vt 0.062694 0.329158
vt 0.062766 0.329179
vt 0.158858 0.352595
vt 0.158908 0.352615
vt 0.062725 0.617204
vt 0.062736 0.617105
vt 0.062838 0.617298
vt 0.062966 0.617450
vt 0.062908 0.617335
vt 0.062811 0.617184
vt 0.062597 0.616631
vt 0.062530 0.616672
vt 0.062471 0.616445
vt 0.062740 0.616865
vt 0.062668 0.616886
vt 0.062622 0.616933
vt 0.062785 0.617077
vt 0.062906 0.617251
vt 0.062891 0.617114
vt 0.063005 0.617454
vt 0.235272 0.487433
vt 0.235212 0.487399
vt 0.235249 0.487488
vt 0.235192 0.487434
vt 0.235109 0.487416
vt 0.235137 0.487456
vt 0.235122 0.487437
vt 0.235171 0.487544
vt 0.235239 0.487546
vt 0.235093 0.487475
vt 0.235172 0.487504
vt 0.235181 0.487468
vt 0.235024 0.487417
vt 0.235068 0.487436
vt 0.235020 0.487429
vt 0.235115 0.487464
vt 0.094249 0.469148
vt 0.094056 0.469003
vt 0.093810 0.468923
vt 0.093750 0.468879
vt 0.094187 0.469383
vt 0.093957 0.469068
vt 0.094172 0.469269
vt 0.093701 0.468864
vt 0.093942 0.469086
vt 0.093991 0.469053
vt 0.094194 0.469198
vt 0.328369 0.413604
vt 0.328221 0.413809
vt 0.328531 0.413374
vt 0.328492 0.413445
vt 0.328326 0.413608
vt 0.328355 0.413894
vt 0.328460 0.413628
vt 0.328402 0.413619
vt 0.328439 0.413620
vt 0.328504 0.413423
vt 0.328568 0.413336
vt 0.273113 0.601045
vt 0.273083 0.601292
vt 0.273125 0.601320
vt 0.273142 0.601548
vt 0.273135 0.601635
vt 0.273357 0.600978
vt 0.273192 0.601348
vt 0.273262 0.601052
vt 0.273163 0.601326
vt 0.273186 0.601069
vt 0.298098 0.379981
vt 0.298332 0.379886
vt 0.298075 0.379911
vt 0.298331 0.379838
vt 0.298551 0.379705
vt 0.298597 0.379682
vt 0.297905 0.379815
vt 0.298317 0.379769
vt 0.298017 0.379858
vt 0.298311 0.379747
vt 0.298636 0.379647
vt 0.298529 0.379713
vt 0.210838 0.493327
vt 0.210800 0.493385
vt 0.210935 0.493319
vt 0.210872 0.493348
vt 0.210898 0.493374
vt 0.210846 0.493423
vt 0.210931 0.493343
vt 0.211022 0.493265
vt 0.210954 0.493339
vt 0.210983 0.493293
vt 0.211013 0.493255
vt 0.210937 0.493294
vt 0.210882 0.493470
vt 0.210942 0.493436
vt 0.210922 0.493401
vt 0.210979 0.493339
vt 0.229940 0.612129
vt 0.229800 0.611923
vt 0.230002 0.612365
vt 0.229912 0.612176
vt 0.229669 0.611997
vt 0.229851 0.612245
vt 0.229745 0.611978
vt 0.229867 0.612230
vt 0.230024 0.612408
vt 0.230065 0.612504
vt 0.229882 0.612197
vt 0.229974 0.612329
vt 0.217925 0.469607
vt 0.217893 0.469546
vt 0.217943 0.469518
vt 0.217883 0.469695
vt 0.217889 0.469626
vt 0.217837 0.469566
vt 0.217865 0.469679
vt 0.217854 0.469636
vt 0.217887 0.469797
vt 0.217856 0.469702
vt 0.217882 0.469749
vt 0.217900 0.469794
vt 0.217904 0.469708
vt 0.217778 0.469574
vt 0.217778 0.469643
vt 0.217818 0.469643
vt 0.217844 0.469723
vt 0.106709 0.426999
vt 0.106978 0.427028
vt 0.106735 0.427047
vt 0.106453 0.426981
vt 0.106502 0.426984
vt 0.106979 0.426878
vt 0.106676 0.426913
vt 0.106958 0.426953
vt 0.106682 0.426934
vt 0.106351 0.426968
vt 0.261915 0.648198
vt 0.261713 0.648165
vt 0.261964 0.648310
vt 0.261765 0.648325
vt 0.261596 0.648201
vt 0.261772 0.648449
vt 0.261640 0.648382
vt 0.261807 0.649070
vt 0.261695 0.648611
vt 0.261993 0.648501
vt 0.261380 0.648648
vt 0.261553 0.648502
vt 0.261659 0.648463
vt 0.261477 0.648224
vt 0.261312 0.648345
vt 0.261503 0.648389
vt 0.261319 0.648466
vt 0.344326 0.366200
vt 0.344400 0.366391
vt 0.344397 0.366100
vt 0.344510 0.366268
vt 0.344488 0.366476
vt 0.344613 0.366200
vt 0.344622 0.366347
vt 0.345139 0.365849
vt 0.344789 0.366185
vt 0.344548 0.365978
vt 0.344989 0.366433
vt 0.344768 0.366361
vt 0.344681 0.366290
vt 0.344567 0.366568
vt 0.344756 0.366648
vt 0.344696 0.366462
vt 0.344860 0.366580
vt 0.221387 0.483619
vt 0.221413 0.483529
vt 0.221321 0.483639
vt 0.221356 0.483562
vt 0.221369 0.483478
vt 0.221299 0.483545
vt 0.221326 0.483519
vt 0.221190 0.483584
vt 0.221254 0.483651
vt 0.221205 0.483518
vt 0.221255 0.483587
vt 0.221308 0.483582
vt 0.221319 0.483432
vt 0.221228 0.483454
vt 0.221284 0.483487
vt 0.221262 0.483534
vt 0.060196 0.436901
vt 0.060324 0.436744
vt 0.060077 0.436889
vt 0.060164 0.436710
vt 0.060351 0.436627
vt 0.060057 0.436656
vt 0.060178 0.436577
vt 0.059506 0.436381
vt 0.059959 0.436512
vt 0.059900 0.436821
vt 0.060078 0.436223
vt 0.060120 0.436445
vt 0.060101 0.436554
vt 0.060391 0.436514
vt 0.060371 0.436314
vt 0.060240 0.436457
vt 0.060265 0.436261
vt 0.324893 0.420102
vt 0.324938 0.420192
vt 0.324854 0.420212
vt 0.325027 0.420127
vt 0.324993 0.420195
vt 0.324917 0.420265
vt 0.324830 0.420308
vt 0.324962 0.420249
vt 0.325021 0.420243
vt 0.325068 0.420160
vt 0.325038 0.420327
vt 0.324968 0.420298
vt 0.324814 0.420400
vt 0.324887 0.420448
vt 0.326117 0.419895
vt 0.324902 0.420346
vt 0.324962 0.420393
vt 0.238120 0.488235
vt 0.238051 0.488252
vt 0.238158 0.488271
vt 0.238094 0.488279
vt 0.238033 0.488301
vt 0.238171 0.488377
vt 0.238191 0.488310
vt 0.236144 0.487729
vt 0.238122 0.488393
vt 0.238146 0.488333
vt 0.238022 0.488351
vt 0.238071 0.488402
vt 0.238073 0.488351
vt 0.273617 0.595117
vt 0.273608 0.595214
vt 0.273561 0.595053
vt 0.273637 0.595036
vt 0.273664 0.595148
vt 0.273667 0.595078
vt 0.273712 0.594852
vt 0.273627 0.594852
vt 0.274714 0.595810
vt 0.273746 0.594952
vt 0.273669 0.594952
vt 0.273593 0.594949
vt 0.273699 0.595037
vt 0.273714 0.595122
vt 0.273776 0.595061
vt 0.273711 0.595223
vt 0.208706 0.495397
vt 0.208636 0.495414
vt 0.208744 0.495432
vt 0.208680 0.495441
vt 0.208619 0.495463
vt 0.208690 0.495484
vt 0.208664 0.495476
vt 0.208757 0.495541
vt 0.208778 0.495472
vt 0.208708 0.495556
vt 0.208732 0.495496
vt 0.208697 0.495510
vt 0.208710 0.495465
vt 0.208608 0.495513
vt 0.208657 0.495564
vt 0.210283 0.493976
vt 0.208659 0.495514
vt 0.098768 0.472339
vt 0.098704 0.472282
vt 0.098852 0.472321
vt 0.098832 0.472393
vt 0.098734 0.472357
vt 0.098669 0.472314
vt 0.098787 0.472391
vt 0.098969 0.472532
vt 0.098999 0.472483
vt 0.097359 0.472981
vt 0.098861 0.472504
vt 0.098889 0.472452
vt 0.098922 0.472402
vt 0.098999 0.472482
vt 0.098635 0.472462
vt 0.098731 0.472397
vt 0.098753 0.472482
vt 0.098650 0.472358
vt 0.098810 0.472429
vt 0.226606 0.606868
vt 0.226626 0.606786
vt 0.226659 0.606950
vt 0.226579 0.606917
vt 0.226550 0.606805
vt 0.226550 0.606708
vt 0.226544 0.606856
vt 0.226522 0.606917
vt 0.226572 0.607006
vt 0.226439 0.606891
vt 0.226497 0.606835
vt 0.226475 0.606637
vt 0.226399 0.606676
vt 0.225988 0.608001
vt 0.226483 0.606745
vt 0.226415 0.606780
vt 0.292186 0.382599
vt 0.292276 0.382561
vt 0.292162 0.382680
vt 0.292104 0.382621
vt 0.292188 0.382544
vt 0.292259 0.382513
vt 0.292126 0.382575
vt 0.291908 0.382649
vt 0.291950 0.382722
vt 0.292239 0.381347
vt 0.291979 0.382573
vt 0.292015 0.382636
vt 0.292054 0.382704
vt 0.292074 0.382569
vt 0.292140 0.382516
vt 0.292059 0.382497
vt 0.217199 0.466746
vt 0.217219 0.466678
vt 0.217150 0.466762
vt 0.217174 0.466702
vt 0.217185 0.466639
vt 0.217132 0.466690
vt 0.217152 0.466671
vt 0.217050 0.466719
vt 0.217099 0.466771
vt 0.217062 0.466669
vt 0.217101 0.466720
vt 0.217106 0.466682
vt 0.217139 0.466716
vt 0.217147 0.466604
vt 0.217079 0.466621
vt 0.217663 0.468812
vt 0.217122 0.466648
vt 0.112475 0.426903
vt 0.112535 0.426822
vt 0.112596 0.426881
vt 0.112429 0.426776
vt 0.112507 0.426774
vt 0.112617 0.426806
vt 0.112701 0.426854
vt 0.112576 0.426775
vt 0.112535 0.426726
vt 0.112434 0.426724
vt 0.112598 0.426667
vt 0.112618 0.426745
vt 0.112799 0.426824
vt 0.112803 0.426740
vt 0.111877 0.425730
vt 0.112702 0.426778
vt 0.112705 0.426702
vt 0.084253 0.399045
vt 0.084279 0.399035
vt 0.084251 0.399067
vt 0.084283 0.399002
vt 0.084308 0.399005
vt 0.084280 0.399055
vt 0.084303 0.399028
vt 0.084372 0.398912
vt 0.084348 0.398904
vt 0.084378 0.398865
vt 0.084358 0.398968
vt 0.084338 0.398963
vt 0.084315 0.398953
vt 0.084325 0.399013
vt 0.084290 0.399074
vt 0.084300 0.399049
vt 0.084337 0.399033
vt 0.084254 0.399080
vt 0.149223 0.343158
vt 0.149187 0.343151
vt 0.149292 0.343151
vt 0.149244 0.343168
vt 0.149182 0.343175
vt 0.149133 0.343174
vt 0.149205 0.343178
vt 0.149262 0.343190
vt 0.149227 0.343184
vt 0.149285 0.343169
vt 0.149196 0.343203
vt 0.149184 0.343191
vt 0.149082 0.343198
vt 0.149086 0.343221
vt 0.149039 0.343221
vt 0.149137 0.343195
vt 0.149140 0.343212
vt 0.082600 0.398453
vt 0.082605 0.398418
vt 0.082612 0.398511
vt 0.082596 0.398475
vt 0.410734 0.615094
vt 0.410720 0.614997
vt 0.410832 0.614831
vt 0.410629 0.615186
vt 0.410648 0.615076
vt 0.410557 0.615145
vt 0.410432 0.615313
vt 0.410567 0.615007
vt 0.410670 0.614969
vt 0.410559 0.615236
vt 0.410923 0.614577
vt 0.410855 0.614535
vt 0.410787 0.614784
vt 0.410714 0.614764
vt 0.149096 0.341244
vt 0.149146 0.341265
vt 0.410728 0.326713
vt 0.410718 0.326811
vt 0.410614 0.326620
vt 0.410485 0.326468
vt 0.410544 0.326583
vt 0.410642 0.326733
vt 0.410861 0.327284
vt 0.410927 0.327242
vt 0.410988 0.327469
vt 0.410716 0.327051
vt 0.410788 0.327029
vt 0.410833 0.326982
vt 0.410669 0.326840
vt 0.410546 0.326667
vt 0.410563 0.326804
vt 0.410446 0.326465
vt 0.073013 0.388496
vt 0.073039 0.388483
vt 0.073008 0.388516
vt 0.073044 0.388447
vt 0.073070 0.388444
vt 0.073039 0.388505
vt 0.073064 0.388470
vt 0.073140 0.388329
vt 0.073113 0.388324
vt 0.073146 0.388271
vt 0.359485 0.613869
vt 0.359420 0.613883
vt 0.359450 0.613649
vt 0.073101 0.388392
vt 0.073078 0.388386
vt 0.359463 0.614060
vt 0.359410 0.614079
vt 0.359507 0.614212
vt 0.359522 0.614090
vt 0.359561 0.614390
vt 0.359494 0.614289
vt 0.359457 0.614153
vt 0.139385 0.331416
vt 0.139350 0.331414
vt 0.139430 0.331391
vt 0.139407 0.331419
vt 0.139347 0.331440
vt 0.139292 0.331439
vt 0.139372 0.331439
vt 0.359561 0.326121
vt 0.359501 0.326180
vt 0.359563 0.326056
vt 0.359510 0.326293
vt 0.359451 0.326314
vt 0.359493 0.326108
vt 0.359561 0.326021
vt 0.359451 0.326228
vt 0.139232 0.331465
vt 0.139236 0.331493
vt 0.139181 0.331489
vt 0.139297 0.331464
vt 0.359410 0.326480
vt 0.359473 0.326493
vt 0.359438 0.326687
vt 0.139351 0.331457
vt 0.071312 0.388011
vt 0.071317 0.387973
vt 0.365421 0.614692
vt 0.365513 0.614562
vt 0.365579 0.614519
vt 0.365686 0.614414
vt 0.365671 0.614311
vt 0.365775 0.614125
vt 0.365602 0.614398
vt 0.365513 0.614474
vt 0.365407 0.614658
vt 0.365525 0.614331
vt 0.365625 0.614282
vt 0.365856 0.613843
vt 0.365791 0.613801
vt 0.365730 0.614075
vt 0.365662 0.614058
vt 0.365855 0.326256
vt 0.365862 0.326410
vt 0.365776 0.326203
vt 0.365937 0.326504
vt 0.365920 0.326587
vt 0.365806 0.326358
vt 0.365867 0.326511
vt 0.366024 0.327010
vt 0.366086 0.326976
vt 0.366131 0.327186
vt 0.365907 0.326795
vt 0.365971 0.326780
vt 0.366013 0.326741
vt 0.365876 0.326607
vt 0.365790 0.326437
vt 0.365788 0.326565
vt 0.365729 0.326187
vt 0.114950 0.372774
vt 0.118440 0.369755
vt 0.114937 0.372758
vt 0.118427 0.369738
vt 0.013939 0.478691
vt 0.014304 0.463469
vt 0.014007 0.478693
vt 0.111671 0.375870
vt 0.111658 0.375854
vt 0.014236 0.463465
vt 0.015112 0.448636
vt 0.123074 0.375632
vt 0.126793 0.372703
vt 0.123088 0.375649
vt 0.126807 0.372720
vt 0.123102 0.375666
vt 0.126835 0.372758
vt 0.123118 0.375686
vt 0.130619 0.369961
vt 0.130633 0.369978
vt 0.126820 0.372738
vt 0.130660 0.370017
vt 0.125792 0.364246
vt 0.122073 0.366916
vt 0.125779 0.364230
vt 0.122060 0.366900
vt 0.125767 0.364213
vt 0.015431 0.509201
vt 0.122047 0.366884
vt 0.014400 0.493990
vt 0.119496 0.378717
vt 0.116133 0.381874
vt 0.119510 0.378735
vt 0.116147 0.381891
vt 0.119525 0.378752
vt 0.116162 0.381908
vt 0.116179 0.381925
vt 0.119541 0.378770
vt 0.113034 0.385030
vt 0.110171 0.388220
vt 0.113048 0.385048
vt 0.110185 0.388238
vt 0.113063 0.385064
vt 0.110201 0.388254
vt 0.110221 0.388269
vt 0.113082 0.385080
vt 0.108653 0.378965
vt 0.108640 0.378949
vt 0.015044 0.448629
vt 0.016393 0.434449
vt 0.105866 0.382090
vt 0.105853 0.382073
vt 0.016325 0.434438
vt 0.018153 0.420758
vt 0.103254 0.385309
vt 0.103241 0.385292
vt 0.018086 0.420743
vt 0.020429 0.407288
vt 0.100751 0.388708
vt 0.100741 0.388687
vt 0.020364 0.407269
vt 0.023286 0.393722
vt 0.107373 0.391690
vt 0.103971 0.396419
vt 0.107387 0.391708
vt 0.103981 0.396441
vt 0.107403 0.391724
vt 0.103995 0.396458
vt 0.104015 0.396472
vt 0.107423 0.391738
vt 0.096037 0.395973
vt 0.095120 0.403068
vt 0.096016 0.395972
vt 0.095092 0.403108
vt 0.095995 0.395975
vt 0.095065 0.403134
vt 0.098307 0.392349
vt 0.098303 0.392318
vt 0.023224 0.393689
vt 0.026776 0.379813
vt 0.026721 0.379751
vt 0.030707 0.365670
vt 0.099525 0.402986
vt 0.099528 0.403016
vt 0.099536 0.403039
vt 0.099554 0.403054
vt 0.134823 0.367282
vt 0.134837 0.367299
vt 0.130646 0.369996
vt 0.134862 0.367338
vt 0.140814 0.364018
vt 0.140834 0.364032
vt 0.134850 0.367316
vt 0.140861 0.364069
vt 0.133673 0.359285
vt 0.129614 0.361726
vt 0.133655 0.359272
vt 0.129601 0.361711
vt 0.133640 0.359257
vt 0.019415 0.539945
vt 0.129589 0.361694
vt 0.017072 0.524365
vt 0.150692 0.354439
vt 0.150735 0.354415
vt 0.150763 0.354391
vt 0.142420 0.354713
vt 0.142419 0.354693
vt 0.142419 0.354672
vt 0.142425 0.354650
vt 0.149446 0.359687
vt 0.149477 0.359694
vt 0.140849 0.364048
vt 0.149499 0.359705
vt 0.149513 0.359724
vt 0.138074 0.356881
vt 0.138044 0.356874
vt 0.026525 0.573106
vt 0.138023 0.356862
vt 0.022588 0.556313
vt 0.020264 0.478611
vt 0.020538 0.463473
vt 0.020368 0.478609
vt 0.020642 0.463470
vt 0.020473 0.478606
vt 0.020747 0.463466
vt 0.021344 0.448712
vt 0.021448 0.448708
vt 0.021553 0.448703
vt 0.040467 0.493626
vt 0.040034 0.478079
vt 0.040363 0.493629
vt 0.039930 0.478081
vt 0.040258 0.493630
vt 0.039826 0.478084
vt 0.041570 0.509087
vt 0.041466 0.509089
vt 0.041361 0.509089
vt 0.020663 0.493804
vt 0.021698 0.508919
vt 0.020768 0.493802
vt 0.021803 0.508918
vt 0.020873 0.493801
vt 0.021908 0.508918
vt 0.041046 0.447424
vt 0.040258 0.462567
vt 0.040942 0.447428
vt 0.040155 0.462570
vt 0.040838 0.447434
vt 0.040050 0.462574
vt 0.044047 0.418932
vt 0.042303 0.432928
vt 0.043943 0.418937
vt 0.042199 0.432933
vt 0.043837 0.418945
vt 0.042094 0.432940
vt 0.022617 0.434601
vt 0.022722 0.434597
vt 0.022827 0.434590
vt 0.024374 0.420993
vt 0.024479 0.420988
vt 0.024585 0.420980
vt 0.026653 0.407616
vt 0.026759 0.407608
vt 0.026865 0.407595
vt 0.029516 0.394146
vt 0.029626 0.394126
vt 0.029737 0.394092
vt 0.050556 0.385575
vt 0.046501 0.404454
vt 0.050450 0.385596
vt 0.046397 0.404462
vt 0.050341 0.385631
vt 0.046291 0.404475
vt 0.049798 0.347415
vt 0.036942 0.366537
vt 0.049801 0.347561
vt 0.037035 0.366570
vt 0.049770 0.347759
vt 0.037123 0.366612
vt 0.049751 0.347334
vt 0.033021 0.380331
vt 0.033139 0.380277
vt 0.033264 0.380194
vt 0.056579 0.359322
vt 0.056467 0.359378
vt 0.056350 0.359463
vt 0.043597 0.525411
vt 0.043493 0.525410
vt 0.043388 0.525406
vt 0.047910 0.547651
vt 0.047805 0.547634
vt 0.047697 0.547603
vt 0.023343 0.523984
vt 0.025687 0.539449
vt 0.023448 0.523986
vt 0.025796 0.539466
vt 0.023554 0.523990
vt 0.025905 0.539494
vt 0.150786 0.352801
vt 0.158823 0.352597
vt 0.047490 0.594849
vt 0.047498 0.594706
vt 0.047473 0.594514
vt 0.032599 0.571883
vt 0.032694 0.571853
vt 0.032786 0.571816
vt 0.055114 0.579605
vt 0.055002 0.579549
vt 0.054885 0.579462
vt 0.028850 0.555667
vt 0.028965 0.555716
vt 0.029085 0.555793
vt 0.066111 0.617465
vt 0.063019 0.617419
vt 0.069120 0.617346
vt 0.069112 0.617382
vt 0.159064 0.353493
vt 0.069119 0.328697
vt 0.066102 0.328579
vt 0.069111 0.328660
vt 0.093423 0.409989
vt 0.066104 0.328614
vt 0.092573 0.409748
vt 0.271647 0.435722
vt 0.271601 0.435654
vt 0.271538 0.435604
vt 0.154902 0.464266
vt 0.154947 0.464114
vt 0.154914 0.464187
vt 0.191666 0.360148
vt 0.191705 0.360305
vt 0.191782 0.360623
vt 0.191744 0.360463
vt 0.237878 0.551217
vt 0.237959 0.551209
vt 0.238034 0.551178
vt 0.345139 0.518899
vt 0.344982 0.518853
vt 0.344665 0.518768
vt 0.344825 0.518810
vt 0.129267 0.571701
vt 0.129384 0.571588
vt 0.129617 0.571359
vt 0.129500 0.571475
vt 0.274891 0.451108
vt 0.274866 0.451055
vt 0.274848 0.450997
vt 0.328606 0.413214
vt 0.273114 0.601814
vt 0.249182 0.540298
vt 0.249228 0.540255
vt 0.249277 0.540220
vt 0.328640 0.413203
vt 0.329735 0.514718
vt 0.329635 0.514685
vt 0.329539 0.514651
vt 0.273134 0.601843
vt 0.273144 0.601684
vt 0.273215 0.601353
vt 0.158383 0.479021
vt 0.158378 0.478960
vt 0.158366 0.478900
vt 0.093597 0.468769
vt 0.222959 0.546839
vt 0.223020 0.546847
vt 0.230052 0.612452
vt 0.223081 0.546864
vt 0.230155 0.612611
vt 0.230152 0.612648
vt 0.140176 0.560936
vt 0.140252 0.560862
vt 0.140325 0.560791
vt 0.093563 0.468772
vt 0.298772 0.379607
vt 0.256733 0.431329
vt 0.256673 0.431309
vt 0.256618 0.431283
vt 0.165906 0.453513
vt 0.165950 0.453469
vt 0.165987 0.453421
vt 0.106218 0.426993
vt 0.106405 0.426983
vt 0.106186 0.426971
vt 0.195168 0.374949
vt 0.195190 0.375052
vt 0.195210 0.375152
vt 0.298788 0.379575
vt 0.277091 0.453388
vt 0.277072 0.453332
vt 0.277045 0.453282
vt 0.279077 0.457069
vt 0.251947 0.539320
vt 0.251996 0.539287
vt 0.252043 0.539247
vt 0.255352 0.537127
vt 0.325749 0.513212
vt 0.325655 0.513178
vt 0.325560 0.513145
vt 0.319909 0.511936
vt 0.157928 0.485795
vt 0.157835 0.481886
vt 0.157824 0.481826
vt 0.157820 0.481767
vt 0.220057 0.547254
vt 0.220117 0.547269
vt 0.220176 0.547275
vt 0.216050 0.546893
vt 0.143017 0.558235
vt 0.143090 0.558165
vt 0.143164 0.558095
vt 0.147107 0.554426
vt 0.254430 0.429316
vt 0.254378 0.429289
vt 0.254320 0.429268
vt 0.250894 0.427458
vt 0.166963 0.450890
vt 0.166997 0.450843
vt 0.167039 0.450799
vt 0.169319 0.447535
vt 0.195952 0.378822
vt 0.195972 0.378920
vt 0.195994 0.379019
vt 0.197205 0.384176
vt 0.236700 0.487853
vt 0.236685 0.487906
vt 0.236670 0.487958
vt 0.236655 0.488011
vt 0.273491 0.597894
vt 0.273428 0.597889
vt 0.273658 0.595226
vt 0.273362 0.597884
vt 0.096693 0.470914
vt 0.096726 0.470865
vt 0.096659 0.470962
vt 0.228124 0.609206
vt 0.226620 0.606984
vt 0.228202 0.609157
vt 0.228068 0.609241
vt 0.228013 0.609277
vt 0.217430 0.468135
vt 0.217483 0.468122
vt 0.217536 0.468109
vt 0.292229 0.382471
vt 0.294933 0.381357
vt 0.294964 0.381412
vt 0.294899 0.381301
vt 0.326404 0.417261
vt 0.324979 0.420108
vt 0.326456 0.417300
vt 0.326514 0.417329
vt 0.328300 0.413829
vt 0.209800 0.494500
vt 0.209724 0.494421
vt 0.209686 0.494381
vt 0.209762 0.494460
vt 0.109930 0.426816
vt 0.109932 0.426880
vt 0.109935 0.426946
vt 0.104919 0.361122
vt 0.108422 0.358098
vt 0.104906 0.361106
vt 0.108409 0.358082
vt 0.459284 0.465435
vt 0.458968 0.480597
vt 0.459216 0.465435
vt 0.101626 0.364223
vt 0.101613 0.364207
vt 0.459035 0.480601
vt 0.458172 0.495397
vt 0.113062 0.364002
vt 0.116802 0.361074
vt 0.113076 0.364019
vt 0.116816 0.361092
vt 0.113090 0.364036
vt 0.116844 0.361130
vt 0.113106 0.364056
vt 0.120656 0.358341
vt 0.120670 0.358359
vt 0.116830 0.361109
vt 0.120696 0.358398
vt 0.115833 0.352564
vt 0.112074 0.355240
vt 0.115820 0.352547
vt 0.458920 0.450242
vt 0.457912 0.435152
vt 0.457979 0.435145
vt 0.112062 0.355224
vt 0.458852 0.450246
vt 0.109469 0.367089
vt 0.106095 0.370247
vt 0.109483 0.367106
vt 0.106108 0.370265
vt 0.109497 0.367123
vt 0.106123 0.370281
vt 0.106141 0.370299
vt 0.109514 0.367142
vt 0.102989 0.373400
vt 0.100117 0.376572
vt 0.103003 0.373418
vt 0.100131 0.376589
vt 0.103018 0.373434
vt 0.100147 0.376605
vt 0.100166 0.376621
vt 0.103036 0.373450
vt 0.098596 0.367325
vt 0.098583 0.367309
vt 0.458240 0.495405
vt 0.456901 0.509558
vt 0.095804 0.370464
vt 0.095791 0.370448
vt 0.456968 0.509569
vt 0.455152 0.523228
vt 0.093202 0.373705
vt 0.093189 0.373688
vt 0.455218 0.523242
vt 0.452891 0.536680
vt 0.090735 0.377131
vt 0.090724 0.377110
vt 0.452956 0.536700
vt 0.450055 0.550234
vt 0.097341 0.380032
vt 0.093970 0.384776
vt 0.097355 0.380050
vt 0.093980 0.384798
vt 0.097370 0.380065
vt 0.093994 0.384815
vt 0.420757 0.539094
vt 0.416811 0.557926
vt 0.423203 0.524741
vt 0.086129 0.384442
vt 0.085170 0.391765
vt 0.086107 0.384442
vt 0.085140 0.391806
vt 0.086085 0.384445
vt 0.085112 0.391833
vt 0.088355 0.380789
vt 0.088351 0.380758
vt 0.450118 0.550268
vt 0.446593 0.564139
vt 0.446648 0.564201
vt 0.442690 0.578283
vt 0.089492 0.391471
vt 0.089496 0.391503
vt 0.089505 0.391526
vt 0.404328 0.614999
vt 0.410893 0.584247
vt 0.124894 0.355683
vt 0.124909 0.355700
vt 0.120683 0.358377
vt 0.124933 0.355740
vt 0.130936 0.352464
vt 0.130955 0.352478
vt 0.124921 0.355718
vt 0.130982 0.352515
vt 0.123813 0.347642
vt 0.119702 0.350051
vt 0.123795 0.347629
vt 0.119689 0.350035
vt 0.123780 0.347613
vt 0.454281 0.404508
vt 0.456449 0.420058
vt 0.456516 0.420047
vt 0.140952 0.342983
vt 0.140995 0.342959
vt 0.141023 0.342936
vt 0.132640 0.343147
vt 0.132640 0.343127
vt 0.132640 0.343106
vt 0.132646 0.343084
vt 0.139629 0.348213
vt 0.139660 0.348220
vt 0.130970 0.352494
vt 0.139682 0.348231
vt 0.139695 0.348250
vt 0.128256 0.345275
vt 0.128226 0.345267
vt 0.447955 0.371442
vt 0.128205 0.345256
vt 0.451362 0.388146
vt 0.452999 0.465519
vt 0.452746 0.480600
vt 0.452895 0.465521
vt 0.452642 0.480603
vt 0.452790 0.465524
vt 0.452537 0.480607
vt 0.451952 0.495325
vt 0.451848 0.495329
vt 0.451744 0.495334
vt 0.432929 0.450507
vt 0.433310 0.466020
vt 0.433033 0.450506
vt 0.433414 0.466018
vt 0.433137 0.450505
vt 0.433518 0.466015
vt 0.431921 0.435077
vt 0.432025 0.435076
vt 0.432130 0.435077
vt 0.452633 0.450409
vt 0.451689 0.435381
vt 0.452529 0.450411
vt 0.451585 0.435382
vt 0.452424 0.450412
vt 0.451480 0.435381
vt 0.432282 0.496615
vt 0.433069 0.481499
vt 0.432386 0.496612
vt 0.433172 0.481496
vt 0.432490 0.496606
vt 0.433277 0.481492
vt 0.429292 0.525067
vt 0.431032 0.511089
vt 0.429396 0.525062
vt 0.431136 0.511085
vt 0.429501 0.525054
vt 0.431241 0.511078
vt 0.450687 0.509410
vt 0.450582 0.509414
vt 0.450477 0.509421
vt 0.448940 0.522998
vt 0.448835 0.523003
vt 0.448729 0.523011
vt 0.446674 0.536360
vt 0.446568 0.536367
vt 0.446462 0.536380
vt 0.443830 0.549819
vt 0.443721 0.549840
vt 0.443609 0.549874
vt 0.422809 0.558415
vt 0.426833 0.539531
vt 0.422915 0.558394
vt 0.426937 0.539524
vt 0.423024 0.558359
vt 0.427042 0.539510
vt 0.423626 0.596568
vt 0.436456 0.577427
vt 0.423623 0.596422
vt 0.436363 0.577394
vt 0.423653 0.596225
vt 0.436274 0.577353
vt 0.083469 0.391676
vt 0.440351 0.563632
vt 0.440232 0.563686
vt 0.440108 0.563769
vt 0.416848 0.584682
vt 0.416960 0.584626
vt 0.417077 0.584540
vt 0.430028 0.418759
vt 0.430132 0.418760
vt 0.430237 0.418766
vt 0.425880 0.396444
vt 0.425986 0.396462
vt 0.426094 0.396493
vt 0.450194 0.420372
vt 0.448020 0.404925
vt 0.450089 0.420369
vt 0.447912 0.404906
vt 0.449983 0.420364
vt 0.447802 0.404877
vt 0.149061 0.341246
vt 0.426178 0.348916
vt 0.426172 0.349060
vt 0.426200 0.349254
vt 0.426226 0.348837
vt 0.441703 0.372013
vt 0.441606 0.372043
vt 0.441512 0.372080
vt 0.418652 0.364302
vt 0.418764 0.364358
vt 0.418883 0.364445
vt 0.445109 0.388640
vt 0.444994 0.388589
vt 0.444874 0.388508
vt 0.407341 0.326480
vt 0.410432 0.326500
vt 0.404332 0.326623
vt 0.149293 0.342139
vt 0.404378 0.615251
vt 0.083392 0.398834
vt 0.407385 0.615330
vt 0.082615 0.398502
vt 0.092998 0.347216
vt 0.096524 0.344224
vt 0.092985 0.347200
vt 0.096511 0.344208
vt 0.408183 0.459645
vt 0.408104 0.474100
vt 0.408118 0.459645
vt 0.089714 0.350325
vt 0.089701 0.350308
vt 0.408168 0.474102
vt 0.407679 0.488219
vt 0.101033 0.350125
vt 0.376709 0.445703
vt 0.377269 0.460644
vt 0.377198 0.460644
vt 0.376780 0.445698
vt 0.377338 0.460643
vt 0.104752 0.347332
vt 0.375718 0.430864
vt 0.375787 0.430852
vt 0.376849 0.445693
vt 0.104065 0.338882
vt 0.100226 0.341439
vt 0.104053 0.338865
vt 0.407729 0.445164
vt 0.406783 0.430768
vt 0.406847 0.430762
vt 0.100214 0.341422
vt 0.407664 0.445167
vt 0.097495 0.353131
vt 0.094200 0.356252
vt 0.376832 0.490141
vt 0.377297 0.475569
vt 0.376902 0.490151
vt 0.377366 0.475572
vt 0.376971 0.490157
vt 0.377226 0.475564
vt 0.091196 0.359404
vt 0.088457 0.362610
vt 0.374822 0.517695
vt 0.376116 0.504144
vt 0.374891 0.517717
vt 0.376186 0.504154
vt 0.374960 0.517731
vt 0.376047 0.504128
vt 0.086724 0.353467
vt 0.086711 0.353450
vt 0.407744 0.488223
vt 0.406907 0.501748
vt 0.084002 0.356667
vt 0.083989 0.356651
vt 0.406971 0.501755
vt 0.405800 0.514845
vt 0.081502 0.359983
vt 0.081488 0.359966
vt 0.405864 0.514856
vt 0.404363 0.527804
vt 0.079167 0.363486
vt 0.079156 0.363466
vt 0.404426 0.527819
vt 0.402589 0.540982
vt 0.085816 0.366168
vt 0.082597 0.371355
vt 0.369821 0.551674
vt 0.373035 0.532008
vt 0.369882 0.551730
vt 0.373102 0.532029
vt 0.369947 0.551768
vt 0.372968 0.531976
vt 0.074865 0.370945
vt 0.073978 0.379667
vt 0.074846 0.370946
vt 0.073948 0.379716
vt 0.074826 0.370952
vt 0.073920 0.379749
vt 0.076947 0.367216
vt 0.076944 0.367185
vt 0.402650 0.541011
vt 0.400452 0.554672
vt 0.400506 0.554729
vt 0.398084 0.568684
vt 0.078202 0.379159
vt 0.364936 0.580493
vt 0.364996 0.580561
vt 0.364883 0.580391
vt 0.108607 0.344768
vt 0.374011 0.415181
vt 0.374078 0.415159
vt 0.375856 0.430843
vt 0.112873 0.342330
vt 0.370624 0.393688
vt 0.370685 0.393642
vt 0.374146 0.415144
vt 0.112265 0.334370
vt 0.108038 0.336545
vt 0.112247 0.334356
vt 0.405573 0.416365
vt 0.403780 0.401498
vt 0.403842 0.401473
vt 0.108025 0.336529
vt 0.405508 0.416376
vt 0.130362 0.330896
vt 0.130409 0.330874
vt 0.130441 0.330850
vt 0.121459 0.330350
vt 0.121460 0.330329
vt 0.121466 0.330308
vt 0.121474 0.330285
vt 0.119055 0.339492
vt 0.365158 0.362717
vt 0.365209 0.362627
vt 0.370749 0.393611
vt 0.365267 0.362568
vt 0.128314 0.335769
vt 0.116832 0.332299
vt 0.401520 0.385643
vt 0.398528 0.369261
vt 0.398598 0.369273
vt 0.116803 0.332290
vt 0.401462 0.385698
vt 0.402182 0.459793
vt 0.402165 0.474219
vt 0.402083 0.459796
vt 0.402066 0.474224
vt 0.401983 0.459800
vt 0.401966 0.474229
vt 0.401742 0.488317
vt 0.401642 0.488323
vt 0.401542 0.488331
vt 0.382757 0.445489
vt 0.383252 0.460494
vt 0.382857 0.445487
vt 0.383352 0.460491
vt 0.382958 0.445486
vt 0.383453 0.460487
vt 0.381763 0.430559
vt 0.381863 0.430558
vt 0.381964 0.430559
vt 0.401723 0.445341
vt 0.400831 0.430959
vt 0.401623 0.445343
vt 0.400731 0.430959
vt 0.401523 0.445344
vt 0.400631 0.430958
vt 0.382883 0.490102
vt 0.383277 0.475468
vt 0.382984 0.490096
vt 0.383377 0.475463
vt 0.383085 0.490088
vt 0.383478 0.475457
vt 0.380925 0.517831
vt 0.382114 0.504159
vt 0.381027 0.517822
vt 0.382215 0.504152
vt 0.381129 0.517809
vt 0.382317 0.504141
vt 0.400969 0.501830
vt 0.400869 0.501838
vt 0.400768 0.501849
vt 0.399848 0.514919
vt 0.399747 0.514928
vt 0.399646 0.514941
vt 0.398378 0.527877
vt 0.398277 0.527891
vt 0.398174 0.527910
vt 0.396556 0.541059
vt 0.396450 0.541089
vt 0.396343 0.541133
vt 0.375897 0.552157
vt 0.379108 0.532275
vt 0.376001 0.552129
vt 0.379210 0.532264
vt 0.376106 0.552084
vt 0.379314 0.532245
vt 0.392037 0.568763
vt 0.378721 0.592063
vt 0.391942 0.568752
vt 0.378706 0.591916
vt 0.391839 0.568728
vt 0.378722 0.591710
vt 0.391741 0.568694
vt 0.072228 0.379777
vt 0.394367 0.554761
vt 0.394252 0.554826
vt 0.394134 0.554922
vt 0.370884 0.580971
vt 0.370991 0.580906
vt 0.371102 0.580805
vt 0.380047 0.414760
vt 0.380147 0.414763
vt 0.380249 0.414770
vt 0.376535 0.393172
vt 0.376636 0.393192
vt 0.376739 0.393225
vt 0.399533 0.416585
vt 0.397763 0.401745
vt 0.399433 0.416582
vt 0.397660 0.401725
vt 0.399332 0.416575
vt 0.397556 0.401693
vt 0.379323 0.347586
vt 0.379311 0.347720
vt 0.379327 0.347901
vt 0.392612 0.370149
vt 0.392519 0.370174
vt 0.392429 0.370204
vt 0.370941 0.362227
vt 0.371044 0.362285
vt 0.371151 0.362373
vt 0.395418 0.386022
vt 0.395309 0.385970
vt 0.395198 0.385890
vt 0.362428 0.325836
vt 0.365701 0.326225
vt 0.139167 0.329663
vt 0.139305 0.330536
vt 0.359567 0.614357
vt 0.072176 0.388309
vt 0.362416 0.614689
vt 0.071328 0.388067
vt 0.093678 0.468834
vt 0.106320 0.426982
vt 0.230094 0.612526
vt 0.273131 0.601717
vt 0.298674 0.379643
vt 0.069125 0.617273
vt 0.404328 0.326695
vt 0.423674 0.596648
vt 0.130602 0.329186
vt 0.094424 0.410118
vt 0.159059 0.354500
vt 0.094014 0.469024
vt 0.093792 0.468908
vt 0.273137 0.601569
vt 0.238124 0.488303
vt 0.238078 0.488314
vt 0.238111 0.488348
vt 0.112438 0.426827
vt 0.084268 0.399081
vt 0.149279 0.343139
vt 0.139419 0.331389
vt 0.118414 0.369723
vt 0.030633 0.365681
vt 0.062803 0.328629
vt 0.150774 0.352777
vt 0.442765 0.578272
vt 0.119677 0.350018
vt 0.141053 0.341349
vt 0.398147 0.568664
vt 0.378776 0.592135
s 1
g off
g Triángulo1AI_Holocron_Corners.001
usemtl Holocron_Corners.001
f 1222/1/1 1/2/2 201/3/3
f 1173/4/4 20/5/5 106/6/6
f 89/7/2 226/8/7 3/9/2
f 215/10/8 114/11/9 1183/12/10
f 4/13/2 1187/14/11 205/15/12
f 200/16/13 106/6/6 16/17/14
f 211/18/15 102/19/16 14/20/17
f 225/21/18 109/22/19 1178/23/20
f 3/9/2 1162/24/21 221/25/22
f 1177/26/23 4/13/2 88/27/2
f 1183/12/10 22/28/24 230/29/25
f 1193/30/26 19/31/27 236/32/28
f 1188/33/29 26/34/30 206/35/31
f 230/29/25 108/36/32 1198/37/33
f 1198/37/33 23/38/34 240/39/35
f 1208/40/36 18/41/37 246/42/38
f 90/43/2 235/44/39 1187/14/11
f 240/39/35 115/45/40 1213/46/41
f 1213/46/41 1325/47/42 252/48/43
f 268/49/44 113/50/45 1208/40/36
f 91/51/2 245/52/46 1192/53/47
f 1223/54/48 16/17/14 104/55/49
f 273/56/50 104/55/49 17/57/51
f 279/58/52 110/59/53 13/60/54
f 1/2/2 1167/61/55 89/7/2
f 1238/62/56 17/57/51 112/63/57
f 284/64/58 112/63/57 21/65/59
f 1233/66/60 1322/67/61 110/59/53
f 6/68/2 1217/69/62 93/70/2
f 106/6/6 327/71/63 1252/72/64
f 10/73/65 1268/74/66 97/75/65
f 24/76/67 1262/77/68 114/11/9
f 336/78/69 98/79/65 1278/80/70
f 104/55/49 307/81/71 1302/82/72
f 15/83/73 1247/84/74 332/85/75
f 15/83/73 1257/86/76 109/22/19
f 103/87/77 316/88/78 1247/84/74
f 116/89/79 327/71/63 20/5/5
f 117/90/80 311/91/81 26/34/30
f 19/31/27 1267/92/82 117/90/80
f 22/28/24 1277/93/83 108/36/32
f 1263/94/84 8/95/65 336/78/69
f 105/96/85 341/97/86 19/31/27
f 18/41/37 1272/98/87 105/96/85
f 23/38/34 1292/99/88 115/45/40
f 1278/80/70 11/100/89 346/101/90
f 113/50/45 351/102/91 18/41/37
f 25/103/92 1287/104/93 113/50/45
f 115/45/40 357/105/94 1325/47/42
f 306/106/95 96/107/65 7/108/65
f 14/20/17 1297/109/96 316/88/78
f 102/19/16 383/110/97 1297/109/96
f 112/63/57 379/111/98 1317/112/99
f 100/113/65 378/114/100 1303/115/101
f 13/60/54 1312/116/102 383/110/97
f 110/59/53 395/117/103 1312/116/102
f 21/65/59 1317/112/99 388/118/104
f 1168/119/105 14/20/17 103/87/77
f 1228/120/106 21/65/59 107/121/107
f 107/121/107 388/118/104 1307/122/108
f 7/108/65 1248/123/109 317/124/110
f 226/8/7 88/27/2 3/9/2
f 1178/23/20 24/76/67 215/10/8
f 109/22/19 322/125/111 24/76/67
f 96/107/65 331/126/112 1248/123/109
f 94/127/2 278/128/113 6/68/2
f 201/3/3 89/7/2 1172/129/114
f 16/17/14 1252/72/64 307/81/71
f 384/130/115 101/131/65 12/132/65
f 236/32/28 117/90/80 1188/33/29
f 1203/133/116 1326/134/117 111/135/118
f 111/135/118 356/136/119 1282/137/120
f 97/75/65 342/138/121 8/95/65
f 206/35/31 116/89/79 1163/139/122
f 225/21/18 103/87/77 15/83/73
f 1253/140/123 9/141/65 96/107/65
f 26/34/30 1242/142/124 116/89/79
f 1227/143/125 1232/144/126 94/127/2
f 283/145/127 94/127/2 1237/146/128
f 101/131/65 389/147/129 1318/148/130
f 1313/149/131 1308/150/132 101/131/65
f 5/151/133 1207/152/134 245/52/46
f 1182/153/135 2/154/2 90/43/2
f 114/11/9 337/155/136 22/28/24
f 11/100/89 1288/156/137 99/157/89
f 216/158/138 90/43/2 4/13/2
f 231/159/139 91/51/2 2/154/2
f 95/160/65 331/126/112 9/141/65
f 10/73/65 1258/161/140 95/160/65
f 1218/162/141 13/60/54 102/19/16
f 7/108/65 1303/115/101 306/106/95
s 2
f 1355/163/142 1445/164/143 410/165/144
s 1
f 1298/166/145 12/132/65 100/113/65
f 92/167/133 269/168/146 1207/152/134
f 1212/169/147 1202/170/148 92/167/133
f 1293/171/149 1283/172/150 358/173/151
f 99/157/89 373/174/152 1283/172/150
f 1228/175/106 1323/176/153 288/177/154
f 274/178/155 93/70/2 1222/1/1
f 17/57/51 1302/82/72 379/111/98
f 107/179/107 393/180/156 1323/176/153
f 246/42/38 105/96/85 1193/30/26
f 1237/146/128 6/68/2 274/178/155
f 12/132/65 1318/148/130 378/114/100
f 98/79/65 352/181/157 11/100/89
f 2/154/2 1192/53/47 235/44/39
f 1163/139/122 20/5/5 220/182/158
f 321/183/159 97/75/65 1263/94/84
f 8/95/65 1273/184/160 98/79/65
f 1203/133/116 25/185/92 268/186/44
f 1197/187/161 5/151/133 91/51/2
f 108/36/32 347/188/162 23/38/34
f 111/189/118 374/190/163 25/103/92
f 1172/129/114 3/9/2 221/25/22
f 88/27/2 205/15/12 1162/24/21
f 312/191/164 95/160/65 1243/192/165
f 1243/192/165 9/141/65 326/193/166
f 93/70/2 210/194/167 1/2/2
f 241/195/168 92/167/133 5/151/133
f 346/101/90 99/157/89 1293/171/149
f 317/124/110 100/113/65 7/108/65
s 2
f 456/196/169 130/197/170 34/198/171
f 504/199/172 136/200/173 1391/201/174
f 1481/202/175 1435/203/176 136/200/173
f 710/204/177 131/205/178 1431/206/179
f 480/207/180 127/208/181 1380/209/182
f 435/210/183 137/211/184 1355/163/142
f 138/212/185 672/213/186 1421/214/187
f 1431/206/179 1441/215/188 691/216/189
f 447/217/190 124/218/191 29/219/192
f 425/220/193 135/221/194 1454/222/195
f 1406/223/196 1411/224/197 621/225/198
f 135/221/194 638/226/199 1416/227/200
f 27/228/201 1348/229/202 124/218/191
f 31/230/203 1352/231/204 568/232/205
f 32/233/206 1352/231/204 127/208/181
f 437/234/207 134/235/208 1472/236/209
f 411/237/210 120/238/211 1361/239/212
f 33/240/213 1334/241/214 129/242/215
f 34/198/171 1339/243/216 531/244/217
f 412/245/218 122/246/219 1356/247/220
f 1366/248/221 1450/249/222 134/235/208
f 1347/250/223 1351/251/224 514/252/225
f 30/253/226 1333/254/227 550/255/228
f 456/196/169 128/256/229 1385/257/230
f 447/217/190 123/258/231 1360/259/232
f 27/228/201 1328/260/233 533/261/234
f 34/198/171 1329/262/235 128/256/229
f 1375/263/236 1475/264/237 466/265/238
f 1381/266/239 1455/267/240 119/268/241
f 35/269/242 1339/243/216 130/197/170
f 35/269/242 1334/241/214 570/270/243
f 481/271/244 119/268/241 1459/272/245
f 479/273/246 138/212/185 1375/263/236
f 28/274/247 1343/275/248 549/276/249
f 29/219/192 1343/275/248 123/258/231
f 427/277/250 125/278/251 1371/279/252
f 490/280/253 128/256/229 33/240/213
f 29/219/192 1348/229/202 513/281/254
f 1471/282/255 1401/283/256 137/211/184
f 1391/201/174 1462/284/257 491/285/258
f 1396/286/259 1467/287/260 139/288/261
f 1338/289/262 1347/250/223 532/290/263
f 28/274/247 1328/260/233 122/246/219
f 506/291/264 139/288/261 1480/292/265
f 1386/293/266 1463/294/267 118/295/268
f 30/253/226 1342/296/269 126/297/270
f 31/230/203 1333/254/227 125/278/251
f 464/298/271 135/221/194 1370/299/272
f 32/233/206 1342/296/269 515/300/273
f 569/301/274 121/302/275 1338/289/262
f 33/240/213 1329/262/235 551/303/276
f 136/200/173 709/304/277 1462/284/257
f 1480/292/265 1440/305/278 727/306/279
f 139/288/261 692/307/280 1440/305/278
f 120/238/211 606/308/281 1405/309/282
f 1472/236/209 1410/310/283 587/311/284
f 134/235/208 622/312/285 1410/310/283
f 1455/267/240 1425/313/286 119/268/241
f 1475/264/237 1421/214/187 639/314/287
f 119/268/241 673/315/288 1459/272/245
f 436/316/289 124/218/191 1365/317/290
f 445/318/291 120/238/211 1451/319/292
f 120/238/211 620/320/293 1451/319/292
f 137/211/184 604/321/294 1445/164/143
f 427/277/250 127/208/181 31/230/203
f 465/322/295 125/278/251 30/253/226
f 640/323/296 133/324/297 1415/325/298
f 1415/325/298 1426/326/299 657/327/300
f 490/280/253 129/242/215 1390/328/301
f 505/329/302 129/242/215 35/269/242
f 1441/215/188 1436/330/303 728/331/304
f 118/295/268 708/332/305 1430/333/306
f 412/245/218 123/258/231 28/274/247
f 436/316/289 122/246/219 27/228/201
f 1411/224/197 1400/334/307 588/335/308
f 605/336/309 132/337/310 1406/223/196
f 465/322/295 126/297/270 1376/338/311
f 480/207/180 126/297/270 32/233/206
f 1426/326/299 1420/339/312 674/340/313
f 135/221/194 656/341/314 1454/222/195
f 505/329/302 130/197/170 1395/342/315
f 454/343/316 118/295/268 1468/344/317
f 1468/344/317 1430/333/306 690/345/318
s 3
f 1544/346/319 36/347/320 744/348/321
f 1495/349/322 55/350/323 158/351/324
f 141/352/320 769/353/325 38/354/320
f 758/355/326 166/356/327 1505/357/328
f 39/358/320 1509/359/329 748/360/330
f 743/361/331 158/351/324 51/362/332
f 754/363/333 154/364/334 49/365/335
f 768/366/336 161/367/337 1500/368/338
f 38/354/320 1484/369/339 764/370/340
f 1499/371/341 39/358/320 140/372/320
f 1505/357/328 57/373/342 773/374/343
f 1515/375/344 54/376/345 779/377/346
f 1510/378/347 61/379/348 749/380/349
f 773/374/343 160/381/350 1520/382/351
f 1520/382/351 58/383/352 783/384/353
f 1530/385/354 53/386/355 789/387/356
f 142/388/320 778/389/357 1509/359/329
f 783/384/353 167/390/358 1535/391/359
f 1535/391/359 1647/392/360 795/393/361
f 810/394/362 165/395/363 1530/385/354
f 143/396/320 788/397/364 1514/398/365
f 1545/399/366 51/362/332 156/400/367
f 815/401/368 156/400/367 52/402/369
f 821/403/370 162/404/371 48/405/372
f 36/347/320 1489/406/373 141/352/320
f 1560/407/374 52/402/369 164/408/375
f 826/409/376 164/408/375 56/410/377
f 1555/411/378 1644/412/379 162/404/371
f 41/413/320 1539/414/380 145/415/320
f 158/351/324 868/416/381 1574/417/382
f 45/418/383 1590/419/384 149/420/383
f 59/421/385 1584/422/386 166/356/327
f 877/423/387 150/424/383 1600/425/388
f 156/400/367 848/426/389 1624/427/390
f 50/428/391 1569/429/392 873/430/393
f 50/428/391 1579/431/394 161/367/337
f 155/432/395 857/433/396 1569/429/392
f 168/434/397 868/416/381 55/350/323
f 169/435/398 852/436/399 61/379/348
f 54/376/345 1589/437/400 169/435/398
f 57/373/342 1599/438/401 160/381/350
f 1585/439/402 43/440/383 877/423/387
f 157/441/403 882/442/404 54/376/345
f 53/386/355 1594/443/405 157/441/403
f 58/383/352 1614/444/406 167/390/358
f 1600/425/388 46/445/407 887/446/408
f 165/395/363 892/447/409 53/386/355
f 60/448/410 1609/449/411 165/395/363
f 167/390/358 898/450/412 1647/392/360
f 847/451/413 148/452/383 42/453/383
f 49/365/335 1619/454/414 857/433/396
f 154/364/334 924/455/415 1619/454/414
f 164/408/375 920/456/416 1639/457/417
f 152/458/383 919/459/418 1625/460/419
f 48/405/372 1634/461/420 924/455/415
f 162/404/371 936/462/421 1634/461/420
f 56/410/377 1639/457/417 929/463/422
f 1490/464/423 49/365/335 155/432/395
f 1550/465/424 56/466/377 159/467/425
f 159/467/425 929/468/422 1629/469/426
f 42/453/383 1570/470/427 858/471/428
f 769/353/325 140/372/320 38/354/320
f 1500/368/338 59/421/385 758/355/326
f 161/367/337 863/472/429 59/421/385
f 148/452/383 872/473/430 1570/470/427
f 146/474/320 820/475/431 41/413/320
f 744/348/321 141/352/320 1494/476/432
f 51/362/332 1574/417/382 848/426/389
f 925/477/433 153/478/383 47/479/383
f 779/377/346 169/435/398 1510/378/347
f 1525/480/434 1648/481/435 163/482/436
f 163/482/436 897/483/437 1604/484/438
f 149/420/383 883/485/439 43/440/383
f 749/380/349 168/434/397 1485/486/440
f 768/366/336 155/432/395 50/428/391
f 1575/487/441 44/488/383 148/452/383
f 61/379/348 1564/489/442 168/434/397
f 1549/490/443 1554/491/444 146/474/320
f 825/492/445 146/474/320 1559/493/446
f 153/478/383 930/494/447 1640/495/448
f 1635/496/449 1630/497/450 153/478/383
f 40/498/451 1529/499/452 788/397/364
f 1504/500/453 37/501/320 142/388/320
f 166/356/327 878/502/454 57/373/342
f 46/445/407 1610/503/455 151/504/456
f 759/505/457 142/388/320 39/358/320
f 774/506/458 143/396/320 37/501/320
f 147/507/383 872/473/430 44/488/383
f 45/418/383 1580/508/459 147/507/383
f 1540/509/460 48/405/372 154/364/334
f 42/453/383 1625/460/419 847/451/413
s 4
f 1710/510/461 62/511/462 952/512/463
s 3
f 1620/513/464 47/479/383 152/458/383
f 144/514/465 811/515/466 1529/499/452
f 1534/516/467 1524/517/468 144/514/465
f 1615/518/469 1605/519/470 899/520/471
f 151/504/456 914/521/472 1605/519/470
f 1550/465/424 1645/522/473 830/523/474
f 816/524/475 145/415/320 1544/346/319
f 52/402/369 1624/427/390 920/456/416
f 159/467/425 934/525/476 1645/522/473
f 789/387/356 157/441/403 1515/375/344
f 1559/493/446 41/413/320 816/524/475
f 47/479/383 1640/495/448 919/459/418
f 150/424/383 893/526/477 46/445/407
f 37/501/320 1514/398/365 778/389/357
f 1485/486/440 55/350/323 763/527/478
f 862/528/479 149/420/383 1585/439/402
f 43/440/383 1595/529/480 150/424/383
f 1525/480/434 60/530/410 810/531/362
f 1519/532/481 40/498/451 143/396/320
f 160/381/350 888/533/482 58/383/352
f 163/534/436 915/535/483 60/448/410
f 1494/476/432 38/354/320 764/370/340
f 140/372/320 748/360/330 1484/369/339
f 853/536/484 147/507/383 1565/537/485
f 1565/537/485 44/488/383 867/538/486
f 145/415/320 753/539/487 36/347/320
f 784/540/488 144/514/465 40/498/451
f 887/446/408 151/504/456 1615/518/469
f 858/471/428 152/458/383 42/453/383
s 4
f 1661/541/489 81/542/490 188/543/491
f 171/544/462 977/545/492 64/546/462
f 966/547/493 196/548/494 1671/549/495
f 65/550/462 1675/551/496 956/552/497
f 951/553/498 188/543/491 77/554/499
f 962/555/500 184/556/501 75/557/502
f 976/558/503 191/559/504 1666/560/505
f 64/546/462 1650/561/506 972/562/507
f 1665/563/508 65/550/462 170/564/462
f 1671/549/495 83/565/509 981/566/510
f 1681/567/511 80/568/512 987/569/513
f 1676/570/514 87/571/515 957/572/516
f 981/566/510 190/573/517 1686/574/518
f 1686/574/518 84/575/519 991/576/520
f 1696/577/521 79/578/522 997/579/523
f 172/580/462 986/581/524 1675/551/496
f 991/576/520 197/582/525 1701/583/526
f 1701/583/526 1813/584/527 1003/585/528
f 1018/586/529 195/587/530 1696/577/521
f 173/588/531 996/589/532 1680/590/533
f 1711/591/534 77/554/499 186/592/535
f 1023/593/536 186/592/535 78/594/537
f 1029/595/538 192/596/539 74/597/540
f 62/511/462 1655/598/541 171/544/462
f 1726/599/542 78/594/537 194/600/543
f 1034/601/544 194/600/543 82/602/545
f 1721/603/546 1810/604/547 192/596/539
f 67/605/462 1705/606/548 175/607/462
f 188/543/491 1077/608/549 1740/609/550
f 71/610/551 1756/611/552 179/612/551
f 85/613/553 1750/614/554 196/548/494
f 1086/615/555 180/616/556 1766/617/557
f 186/592/535 1057/618/558 1790/619/559
f 76/620/560 1735/621/561 1082/622/562
f 76/620/560 1745/623/563 191/559/504
f 185/624/564 1066/625/565 1735/621/561
f 198/626/566 1077/608/549 81/542/490
f 199/627/567 1061/628/568 87/571/515
f 80/568/512 1755/629/569 199/627/567
f 83/565/509 1765/630/570 190/573/517
f 1751/631/571 69/632/572 1086/615/555
f 187/633/573 1091/634/574 80/568/512
f 79/578/522 1760/635/575 187/633/573
f 84/575/519 1780/636/576 197/582/525
f 1766/617/557 72/637/577 1096/638/578
f 195/587/530 1101/639/579 79/578/522
f 86/640/580 1775/641/581 195/587/530
f 197/582/525 1107/642/582 1813/584/527
f 1056/643/583 178/644/551 68/645/551
f 75/557/502 1785/646/584 1066/625/565
f 184/556/501 1133/647/585 1785/646/584
f 194/600/543 1129/648/586 1805/649/587
f 182/650/551 1128/651/588 1791/652/589
f 74/597/540 1800/653/590 1133/647/585
f 192/596/539 1145/654/591 1800/653/590
f 82/602/545 1805/649/587 1138/655/592
f 1656/656/593 75/557/502 185/624/564
f 1716/657/594 82/602/545 189/658/595
f 189/658/595 1138/655/592 1795/659/596
f 68/645/551 1736/660/597 1067/661/598
f 977/545/492 170/564/462 64/546/462
f 1666/560/505 85/613/553 966/547/493
f 191/559/504 1072/662/599 85/613/553
f 178/644/551 1081/663/600 1736/660/597
f 176/664/462 1028/665/601 67/605/462
f 952/512/463 171/544/462 1660/666/602
f 77/554/499 1740/609/550 1057/618/558
f 1134/667/603 183/668/551 73/669/551
f 987/569/513 199/627/567 1676/570/514
f 1691/670/604 1814/671/605 193/672/606
f 193/672/606 1106/673/607 1770/674/608
f 179/612/551 1092/675/609 69/632/572
f 957/572/516 198/626/566 1651/676/610
f 976/558/503 185/624/564 76/620/560
f 1741/677/611 70/678/551 178/644/551
f 87/571/515 1730/679/612 198/626/566
f 1715/680/613 1720/681/614 176/664/462
f 1033/682/615 176/664/462 1725/683/616
f 183/668/551 1139/684/617 1806/685/618
f 1801/686/619 1796/687/620 183/668/551
f 66/688/621 1695/689/622 996/589/532
f 1670/690/623 63/691/624 172/580/462
f 196/548/494 1087/692/625 83/565/509
f 72/637/577 1776/693/626 181/694/627
f 967/695/628 172/580/462 65/550/462
f 982/696/629 173/588/531 63/691/624
f 177/697/551 1081/663/600 70/678/551
f 71/610/551 1746/698/630 177/697/551
f 1706/699/631 74/597/540 184/556/501
f 68/645/551 1791/652/589 1056/643/583
f 1786/700/632 73/669/551 182/650/551
f 174/701/633 1019/702/634 1695/689/622
f 1700/703/635 1690/704/636 174/701/633
f 1781/705/637 1771/706/638 1108/707/639
f 181/694/627 1123/708/640 1771/706/638
f 1716/709/594 1811/710/641 1038/711/642
f 1024/712/643 175/607/462 1710/510/461
f 78/594/537 1790/619/559 1129/648/586
f 189/713/595 1143/714/644 1811/710/641
f 997/579/523 187/633/573 1681/567/511
f 1725/683/616 67/605/462 1024/712/643
f 73/669/551 1806/685/618 1128/651/588
f 180/616/556 1102/715/645 72/637/577
f 63/691/624 1680/590/533 986/581/524
f 1651/676/610 81/542/490 971/716/646
f 1071/717/647 179/612/551 1751/631/571
f 69/632/572 1761/718/648 180/616/556
f 1691/670/604 86/719/580 1018/720/529
f 1685/721/649 66/688/621 173/588/531
f 190/573/517 1097/722/650 84/575/519
f 193/672/606 1124/723/651 86/719/580
f 1660/666/602 64/546/462 972/562/507
f 170/564/462 956/552/497 1650/561/506
f 1062/724/652 177/697/551 1731/725/653
f 1731/725/653 70/678/551 1076/726/654
f 175/607/462 961/727/655 62/511/462
f 992/728/656 174/701/633 66/688/621
f 1096/638/578 181/694/627 1781/705/637
f 1067/661/598 182/650/551 68/645/551
s 1
f 250/729/657 256/730/658 255/731/659
f 253/732/660 257/733/661 256/730/658
f 255/731/659 256/730/658 267/734/662
f 256/730/658 258/735/663 267/734/662
f 259/736/664 261/737/665 251/738/666
f 260/739/667 262/740/668 259/736/664
f 262/740/668 254/741/669 261/737/665
f 263/742/670 257/733/661 262/740/668
f 252/743/43 266/744/671 265/745/672
f 264/746/673 267/734/674 266/744/671
f 265/745/672 263/742/675 260/739/676
f 266/744/671 258/735/677 263/742/675
f 288/177/154 293/747/678 292/748/679
f 291/749/680 294/750/681 293/747/678
f 292/748/679 305/751/682 302/752/683
f 293/747/678 295/753/684 305/751/682
f 289/754/685 299/755/686 298/756/687
f 296/757/688 300/758/689 299/755/686
f 298/756/690 294/750/691 291/749/692
f 299/755/686 295/753/693 294/750/691
f 301/759/694 303/760/695 290/761/696
f 302/752/683 304/762/697 301/759/694
f 304/762/697 297/763/698 303/760/695
f 305/751/682 300/758/699 304/762/697
f 356/136/119 361/764/700 360/765/701
f 359/766/702 362/767/703 361/764/700
f 360/768/701 372/769/704 369/770/705
f 361/771/700 363/772/706 372/769/704
f 357/105/94 366/773/707 359/774/708
f 364/775/709 367/776/710 366/773/707
f 359/774/708 366/773/707 362/777/711
f 366/773/707 363/772/712 362/777/713
f 368/778/714 370/779/715 358/173/151
f 369/770/705 371/780/716 368/778/714
f 371/780/716 365/781/717 370/779/715
f 372/769/718 367/776/710 371/780/716
f 393/180/156 399/782/719 398/783/720
f 396/784/721 400/785/722 399/786/719
f 398/787/720 399/786/719 409/788/723
f 399/786/719 401/789/724 409/788/723
f 402/790/725 404/791/726 394/792/727
f 403/793/728 405/794/729 402/790/725
f 405/794/729 397/795/730 404/791/726
f 406/796/731 400/785/732 405/794/729
f 395/117/103 408/797/733 407/798/734
f 398/799/735 409/788/736 408/797/733
f 407/798/734 406/796/731 403/793/728
f 408/797/733 401/789/737 406/796/731
s 2
f 413/800/738 415/801/739 410/165/144
f 414/802/740 416/803/741 413/800/738
f 415/801/739 416/803/741 423/804/742
f 416/803/741 417/805/743 423/806/742
f 418/807/744 420/808/745 411/237/210
f 419/809/746 421/810/747 418/807/744
f 420/808/745 421/811/747 414/802/740
f 422/812/748 423/806/742 424/813/749
f 424/813/749 419/809/746 422/814/748
f 424/813/749 423/806/742 417/815/743
s 5
f 428/816/750 429/817/751 425/220/752
s 6
f 429/817/753 1161/818/754 432/819/755
s 2
f 426/820/756 430/821/757 431/822/758
s 7
f 434/823/759 1161/818/760 430/824/761
s 8
f 431/822/762 430/825/763 428/826/763
s 2
f 435/210/183 438/827/764 439/828/765
s 9
f 442/829/766 440/830/767 438/831/768
s 2
f 437/234/207 443/832/769 444/833/770
s 10
f 443/832/771 438/834/772 444/835/773
s 11
f 444/835/774 1817/836/775 442/837/776
s 2
f 445/318/291 448/838/777 449/839/778
s 12
f 449/840/779 450/841/780 1818/842/781
s 2
f 446/843/782 449/844/783 451/845/784
s 13
f 451/845/785 449/846/786 448/847/786
s 14
f 457/848/787 458/849/788 454/343/789
s 15
f 457/848/790 460/850/790 459/851/790
s 16
f 458/849/791 1160/852/792 462/853/793
s 2
f 455/854/794 459/855/795 460/856/796
s 17
f 459/857/797 463/858/798 1160/859/797
s 2
f 467/860/799 469/861/800 464/298/271
f 467/860/799 468/862/801 470/863/802
f 469/861/800 470/864/802 476/865/803
f 470/863/802 468/862/801 471/866/804
f 473/867/805 472/868/806 474/869/807
f 473/870/805 474/869/807 468/871/801
f 472/868/806 468/862/801 474/869/807
f 475/872/808 477/873/809 466/265/238
f 476/865/803 478/874/810 475/872/808
f 477/873/809 478/874/810 472/875/806
f 478/874/810 471/866/804 472/868/806
s 18
f 482/876/811 483/877/812 479/273/813
s 19
f 482/876/814 484/878/815 488/879/816
s 2
f 481/271/244 487/880/817 488/881/818
s 20
f 487/880/819 483/882/819 488/883/820
s 19
f 488/883/816 1819/884/821 486/885/822
f 488/886/816 484/887/815 1819/884/821
s 2
f 492/888/823 494/889/824 489/890/825
f 492/888/823 493/891/826 495/892/827
f 495/892/827 501/893/828 494/889/824
f 495/892/827 496/894/829 503/895/830
f 497/896/831 498/897/832 499/898/833
f 497/899/831 499/898/833 493/900/826
f 498/897/832 493/891/826 499/898/833
f 500/901/834 502/902/835 491/285/258
f 500/901/834 501/893/828 503/903/830
f 502/902/835 503/903/830 498/904/832
f 503/895/830 496/894/829 498/897/832
f 504/199/172 508/905/836 507/906/837
s 21
f 508/907/838 1816/908/839 509/909/838
s 2
f 506/291/264 512/910/840 508/911/841
s 22
f 512/910/842 507/912/843 508/913/842
s 23
f 508/913/844 1816/908/845 511/914/844
s 2
f 516/915/846 518/916/847 513/281/254
f 517/917/848 519/918/849 516/915/846
f 519/918/849 527/919/850 518/916/847
f 519/918/849 520/920/851 530/921/852
f 514/922/225 524/923/853 523/924/854
f 521/925/855 525/926/856 524/923/853
f 523/924/854 520/920/857 517/917/848
s 24
f 524/923/858 530/927/859 520/920/860
s 2
f 526/928/861 528/929/862 515/300/273
f 527/919/850 529/930/863 526/928/861
f 529/930/863 522/931/864 528/929/862
f 529/930/863 530/927/865 525/926/866
f 534/932/867 536/933/868 531/244/217
f 535/934/869 537/935/870 534/932/867
f 537/935/870 545/936/871 536/933/868
f 537/935/870 538/937/872 548/938/873
f 532/939/263 542/940/874 541/941/875
f 539/942/876 543/943/877 542/940/874
f 541/941/875 538/937/878 535/934/869
s 25
f 542/940/879 548/944/880 538/937/881
s 2
f 544/945/882 546/946/883 533/261/234
f 545/936/871 547/947/884 544/945/882
f 547/947/884 540/948/885 546/946/883
f 547/947/884 548/944/886 543/943/887
f 552/949/888 554/950/889 549/276/249
f 553/951/890 555/952/891 552/949/888
f 555/952/891 564/953/892 554/950/889
f 555/952/891 557/954/893 567/955/894
f 558/956/895 560/957/896 550/255/228
f 559/958/897 561/959/898 558/956/895
f 561/959/898 553/951/890 560/957/896
f 561/959/898 557/954/893 556/960/899
f 563/961/900 565/962/901 551/303/276
f 564/953/892 566/963/902 563/961/900
f 566/963/902 559/958/897 565/962/901
f 566/963/902 557/954/893 562/964/903
f 571/965/904 573/966/905 568/232/205
f 572/967/906 574/968/907 571/965/904
f 574/968/907 583/969/908 573/966/905
f 574/968/907 575/970/909 576/971/910
f 569/972/274 580/973/911 579/974/912
f 577/975/913 581/976/914 580/973/911
f 579/974/912 575/970/915 572/967/906
f 580/973/911 576/977/916 575/970/915
f 582/978/917 584/979/918 570/270/243
f 583/969/908 585/980/919 582/978/917
f 585/980/919 578/981/920 584/979/918
f 585/980/919 576/977/910 581/976/921
f 586/982/922 591/983/923 590/984/924
f 589/985/925 592/986/926 591/983/923
f 590/984/924 603/987/927 600/988/928
f 591/983/923 593/989/929 603/987/927
f 587/311/284 597/990/930 596/991/931
f 594/992/932 598/993/933 597/990/930
s 26
f 596/991/934 592/986/935 589/985/936
s 2
f 597/990/930 593/989/937 592/986/938
f 599/994/939 601/995/940 588/996/308
f 600/988/928 602/997/941 599/994/939
f 602/997/941 595/998/942 601/995/940
f 603/987/943 598/993/944 602/997/941
f 607/999/945 609/1000/946 604/321/294
f 608/1001/947 610/1002/948 607/999/945
f 610/1002/948 617/1003/949 609/1000/946
f 612/1004/950 614/1005/951 605/1006/309
f 613/1007/952 615/1008/953 612/1004/950
f 615/1008/953 608/1001/947 614/1005/951
f 616/1009/954 618/1010/955 606/308/281
f 617/1003/949 619/1011/956 616/1009/954
f 619/1011/956 613/1007/952 618/1010/955
f 620/320/293 626/1012/957 625/1013/958
f 623/1014/959 627/1015/960 626/1012/957
f 625/1013/958 626/1012/957 637/1016/961
f 626/1012/957 628/1017/962 637/1016/961
f 629/1018/963 631/1019/964 621/1020/198
f 630/1021/965 632/1022/966 629/1018/963
f 632/1022/966 624/1023/967 631/1019/964
f 633/1024/968 627/1015/960 632/1022/966
f 622/312/285 636/1025/969 635/1026/970
f 634/1027/971 637/1016/972 636/1025/969
f 635/1026/970 633/1024/968 630/1021/965
f 636/1025/969 628/1017/962 633/1024/968
f 641/1028/973 643/1029/974 638/226/199
f 642/1030/975 644/1031/976 641/1028/973
f 644/1031/976 652/1032/977 643/1029/974
f 644/1031/976 645/1033/978 655/1034/979
f 646/1035/980 648/1036/981 639/314/287
f 647/1037/982 649/1038/983 646/1035/980
f 649/1038/983 642/1030/975 648/1036/981
f 649/1038/983 650/1039/984 645/1040/978
f 651/1041/985 653/1042/986 640/1043/296
f 652/1032/977 654/1044/987 651/1041/985
f 654/1044/987 647/1037/982 653/1042/986
f 655/1034/979 650/1039/984 654/1044/987
f 656/341/314 671/1045/988 661/1046/989
f 659/1047/990 662/1048/991 671/1045/988
f 661/1046/989 671/1049/988 669/1050/992
s 27
f 671/1045/993 662/1048/994 663/1051/994
s 2
f 664/1052/995 666/1053/996 657/1054/300
f 665/1055/997 667/1056/998 664/1052/995
f 667/1056/999 660/1057/1000 666/1058/996
f 658/1059/1001 671/1060/1002 670/1061/1003
f 668/1062/1004 669/1050/1005 671/1060/1002
f 670/1061/1003 662/1063/1006 665/1055/997
f 672/213/186 677/1064/1007 676/1065/1008
f 675/1066/1009 678/1067/1010 677/1064/1007
f 676/1065/1008 689/1068/1011 686/1069/1012
f 677/1064/1007 679/1070/1013 689/1068/1011
f 673/315/288 683/1071/1014 682/1072/1015
f 680/1073/1016 684/1074/1017 683/1071/1014
f 682/1072/1015 683/1071/1014 678/1067/1018
f 683/1071/1014 679/1070/1013 678/1067/1018
f 685/1075/1019 687/1076/1020 674/1077/313
f 686/1069/1012 688/1078/1021 685/1075/1019
f 688/1078/1021 681/1079/1022 687/1076/1020
f 689/1068/1011 684/1074/1017 688/1078/1021
f 690/345/318 696/1080/1023 695/1081/1024
f 693/1082/1025 697/1083/1026 696/1080/1023
f 695/1081/1027 707/1084/1028 704/1085/1029
f 696/1080/1023 698/1086/1030 707/1084/1028
f 699/1087/1031 701/1088/1032 691/1089/189
f 700/1090/1033 702/1091/1034 699/1087/1031
f 702/1091/1034 694/1092/1035 701/1088/1032
f 703/1093/1036 697/1083/1026 702/1091/1034
f 692/307/280 706/1094/1037 705/1095/1038
f 704/1085/1039 707/1084/1040 706/1094/1037
f 705/1095/1038 703/1093/1041 700/1090/1033
f 706/1094/1037 698/1086/1042 703/1093/1041
f 711/1096/1043 713/1097/1044 708/332/305
f 712/1098/1045 714/1099/1046 711/1096/1043
f 714/1099/1046 722/1100/1047 713/1097/1044
f 714/1099/1046 715/1101/1048 725/1102/1049
f 716/1103/1050 718/1104/1051 709/304/277
f 717/1105/1052 719/1106/1053 716/1103/1050
f 719/1106/1053 712/1098/1045 718/1104/1051
f 719/1106/1053 720/1107/1054 715/1108/1048
f 721/1109/1055 723/1110/1056 710/1111/177
f 722/1100/1047 724/1112/1057 721/1109/1055
f 724/1112/1057 717/1105/1052 723/1110/1056
f 725/1102/1049 720/1107/1054 724/1112/1057
f 726/1113/1058 731/1114/1059 730/1115/1060
f 729/1116/1061 732/1117/1062 731/1114/1059
f 730/1115/1060 742/1118/1063 739/1119/1064
f 731/1114/1059 733/1120/1065 742/1118/1063
f 727/306/279 736/1121/1066 729/1122/1067
f 734/1123/1068 737/1124/1069 736/1121/1066
f 729/1122/1067 736/1121/1066 732/1117/1070
f 736/1121/1066 733/1120/1065 732/1117/1070
f 738/1125/1071 740/1126/1072 728/1127/304
f 739/1119/1064 741/1128/1073 738/1125/1071
f 741/1128/1073 735/1129/1074 740/1126/1072
f 742/1118/1063 737/1124/1069 741/1128/1073
s 3
f 793/1130/1075 798/1131/1076 806/1132/1077
f 796/1133/1078 799/1134/1079 798/1131/1076
f 806/1132/1077 798/1131/1076 809/1135/1080
f 798/1131/1076 800/1136/1081 809/1135/1080
f 801/1137/1082 803/1138/1083 794/1139/1084
f 802/1140/1085 804/1141/1086 801/1137/1082
f 804/1141/1086 797/1142/1087 803/1138/1083
f 805/1143/1088 799/1134/1079 804/1141/1086
f 795/1144/361 808/1145/1089 807/1146/1090
f 806/1147/1091 809/1135/1092 808/1145/1089
f 807/1146/1090 805/1143/1093 802/1140/1094
f 808/1145/1089 800/1136/1095 805/1143/1093
f 830/523/474 835/1148/1096 834/1149/1097
f 833/1150/1098 836/1151/1099 835/1148/1096
f 834/1149/1097 846/1152/1100 843/1153/1101
f 835/1148/1096 837/1154/1102 846/1152/1100
f 831/1155/1103 840/1156/1104 833/1157/1105
f 838/1158/1106 841/1159/1107 840/1156/1104
f 833/1157/1105 840/1156/1104 836/1151/1108
f 840/1156/1104 837/1154/1109 836/1151/1110
f 842/1160/1111 844/1161/1112 832/1162/1113
f 843/1153/1101 845/1163/1114 842/1160/1111
f 845/1163/1114 839/1164/1115 844/1161/1112
f 846/1152/1100 841/1159/1116 845/1163/1114
f 897/483/437 902/1165/1117 901/1166/1118
f 900/1167/1119 903/1168/1120 902/1165/1117
f 901/1169/1118 913/1170/1121 910/1171/1122
f 902/1172/1117 904/1173/1123 913/1170/1121
f 898/450/412 907/1174/1124 900/1175/1125
f 905/1176/1126 908/1177/1127 907/1174/1124
f 900/1175/1125 907/1174/1124 903/1178/1128
f 907/1174/1124 904/1173/1129 903/1178/1128
f 909/1179/1130 911/1180/1131 899/520/471
f 910/1171/1122 912/1181/1132 909/1179/1130
f 912/1181/1132 906/1182/1133 911/1180/1131
f 913/1170/1134 908/1177/1127 912/1181/1132
f 934/525/476 939/1183/1135 947/1184/1136
f 937/1185/1137 940/1186/1138 939/1187/1135
f 947/1188/1136 939/1187/1135 950/1189/1139
f 939/1187/1135 941/1190/1140 950/1189/1141
f 942/1191/1142 944/1192/1143 935/1193/1144
f 943/1194/1145 945/1195/1146 942/1191/1142
f 945/1195/1146 938/1196/1147 944/1192/1143
f 946/1197/1148 940/1186/1149 945/1195/1146
f 936/462/421 949/1198/1150 948/1199/1151
f 947/1200/1152 950/1189/1153 949/1198/1150
f 948/1199/1151 946/1197/1148 943/1194/1145
f 949/1198/1150 941/1190/1154 946/1197/1148
s 4
f 1001/1201/1155 1007/1202/1156 1006/1203/1157
f 1004/1204/1158 1008/1205/1159 1007/1202/1156
f 1006/1203/1157 1007/1202/1156 1017/1206/1160
f 1007/1202/1156 1009/1207/1161 1017/1206/1160
f 1010/1208/1162 1012/1209/1163 1002/1210/1164
f 1011/1211/1165 1013/1212/1166 1010/1213/1162
f 1013/1214/1166 1005/1215/1167 1012/1209/1163
f 1014/1216/1168 1008/1217/1159 1013/1212/1166
f 1003/585/1169 1016/1218/1170 1015/1219/1171
s 28
f 1006/1220/1172 1017/1221/1173 1016/1218/1174
s 4
f 1015/1219/1171 1014/1216/1175 1011/1211/1176
f 1016/1218/1170 1009/1222/1177 1014/1216/1175
f 1038/711/642 1043/1223/1178 1042/1224/1179
f 1041/1225/1180 1044/1226/1181 1043/1223/1178
f 1042/1224/1179 1055/1227/1182 1052/1228/1183
f 1043/1223/1178 1045/1229/1184 1055/1227/1182
f 1039/1230/1185 1049/1231/1186 1048/1232/1187
f 1046/1233/1188 1050/1234/1189 1049/1231/1186
f 1048/1232/1190 1044/1235/1191 1041/1236/1192
f 1049/1231/1186 1045/1237/1193 1044/1235/1191
f 1051/1238/1194 1053/1239/1195 1040/1240/1196
f 1052/1228/1183 1054/1241/1197 1051/1238/1194
f 1054/1242/1197 1047/1243/1198 1053/1244/1195
f 1055/1227/1182 1050/1245/1199 1054/1241/1197
f 1106/673/607 1111/1246/1200 1110/1247/1201
f 1109/1248/1202 1112/1249/1203 1111/1250/1200
f 1110/1251/1201 1122/1252/1204 1119/1253/1205
f 1111/1250/1200 1113/1254/1206 1122/1252/1204
f 1107/642/582 1116/1255/1207 1109/1256/1208
f 1114/1257/1209 1117/1258/1210 1116/1255/1207
f 1109/1256/1208 1116/1255/1207 1112/1249/1211
f 1116/1255/1207 1113/1254/1212 1112/1249/1211
f 1118/1259/1213 1120/1260/1214 1108/707/639
f 1119/1253/1205 1121/1261/1215 1118/1259/1213
f 1121/1261/1215 1115/1262/1216 1120/1260/1214
f 1122/1252/1217 1117/1258/1210 1121/1261/1215
f 1143/1263/644 1148/1264/1218 1156/1265/1219
f 1146/1266/1220 1149/1267/1221 1148/1264/1218
f 1156/1265/1219 1148/1264/1218 1159/1268/1222
f 1148/1264/1218 1150/1269/1223 1159/1268/1224
f 1151/1270/1225 1153/1271/1226 1144/1272/1227
f 1152/1273/1228 1154/1274/1229 1151/1270/1225
f 1154/1274/1229 1147/1275/1230 1153/1271/1226
f 1155/1276/1231 1149/1267/1232 1154/1274/1229
f 1145/654/591 1158/1277/1233 1157/1278/1234
f 1156/1279/1235 1159/1268/1236 1158/1277/1233
f 1157/1278/1234 1155/1276/1231 1152/1273/1228
f 1158/1277/1233 1150/1269/1237 1155/1276/1231
s 1
f 221/25/22 1164/1280/1238 224/1281/1239
f 224/1281/1239 1165/1282/1240 223/1283/1241
f 223/1284/1242 1166/1285/1243 222/1286/1244
f 1166/1285/1243 220/182/158 222/1286/1244
f 1162/24/21 207/1287/1245 1164/1280/1238
f 1164/1280/1238 208/1288/1246 1165/1282/1240
f 1165/1289/1247 209/1290/1248 1166/1285/1243
f 209/1290/1248 1163/139/122 1166/1285/1243
f 1167/61/55 229/1291/1249 226/8/7
f 1169/1292/1250 228/1293/1251 229/1291/1249
f 1170/1294/1252 227/1295/1253 228/1293/1254
f 227/1295/1253 1168/1296/105 225/1297/18
f 210/194/167 1169/1292/1250 1167/61/55
f 212/1298/1255 1170/1294/1256 1169/1292/1250
f 213/1299/1257 1171/1300/1258 1170/1294/1252
f 1171/1300/1258 211/1301/15 1168/1296/105
f 1172/129/114 204/1302/1259 201/3/3
f 1174/1303/1260 203/1304/1261 204/1302/1259
f 1175/1305/1262 202/1306/1263 203/1304/1264
f 202/1307/1263 1173/4/4 200/16/13
f 221/25/22 1174/1303/1260 1172/129/114
f 224/1281/1239 1175/1305/1265 1174/1303/1260
f 223/1283/1242 1176/1308/1266 1175/1305/1262
f 1176/1309/1266 220/182/158 1173/4/4
f 216/158/138 1179/1310/1267 219/1311/1268
f 219/1311/1268 1180/1312/1269 218/1313/1270
f 218/1313/1271 1181/1314/1272 217/1315/1273
f 1181/1314/1272 215/1316/8 217/1315/1273
f 1177/26/23 229/1291/1249 1179/1310/1267
f 1179/1310/1267 228/1293/1251 1180/1312/1269
f 1180/1312/1274 227/1295/1253 1181/1314/1272
f 227/1295/1253 1178/1317/20 1181/1314/1272
f 231/159/139 1184/1318/1275 234/1319/1276
f 234/1319/1276 1185/1320/1277 233/1321/1278
f 233/1321/1279 1186/1322/1280 232/1323/1281
f 1186/1322/1280 230/1324/25 232/1323/1281
f 1182/153/135 219/1311/1268 1184/1318/1275
f 1184/1318/1275 218/1313/1270 1185/1320/1277
f 1185/1320/1282 217/1315/1273 1186/1322/1280
f 217/1315/1273 1183/1325/10 1186/1322/1280
f 205/15/12 1189/1326/1283 207/1287/1245
f 207/1287/1245 1190/1327/1284 208/1288/1246
f 208/1328/1285 1191/1329/1286 209/1290/1248
f 1191/1329/1286 206/35/31 209/1290/1248
f 1187/14/11 237/1330/1287 1189/1326/1283
f 1189/1326/1283 238/1331/1288 1190/1327/1284
f 1190/1332/1289 239/1333/1290 1191/1329/1286
f 239/1333/1290 1188/33/29 1191/1329/1286
f 235/44/39 1194/1334/1291 237/1330/1287
f 237/1330/1287 1195/1335/1292 238/1331/1288
f 238/1336/1293 1196/1337/1294 239/1333/1290
f 1196/1337/1294 236/32/28 239/1333/1290
f 1192/53/47 247/1338/1295 1194/1334/1291
f 1194/1334/1291 248/1339/1296 1195/1335/1292
f 1195/1340/1297 249/1341/1298 1196/1337/1294
f 249/1341/1298 1193/30/26 1196/1337/1294
f 241/195/168 1199/1342/1299 244/1343/1300
f 244/1343/1300 1200/1344/1301 243/1345/1302
f 243/1345/1303 1201/1346/1304 242/1347/1305
f 1201/1346/1304 240/1348/35 242/1347/1305
f 1197/187/161 234/1319/1276 1199/1342/1299
f 1199/1342/1299 233/1321/1278 1200/1344/1301
f 1200/1344/1306 232/1323/1281 1201/1346/1304
f 232/1323/1281 1198/1349/33 1201/1346/1304
f 1202/170/148 272/1350/1307 269/168/146
f 1204/1351/1308 271/1352/1309 272/1350/1307
f 1205/1353/1310 270/1354/1311 271/1352/1309
f 1206/1355/1312 268/186/44 270/1354/1311
f 251/738/666 1204/1351/1308 1202/170/148
f 261/737/665 1205/1353/1310 1204/1351/1308
f 254/741/669 1206/1355/1312 1205/1353/1310
f 253/732/660 1203/133/116 1206/1355/1312
f 245/52/46 1209/1356/1313 247/1338/1295
f 247/1338/1295 1210/1357/1314 248/1339/1296
f 248/1358/1315 1211/1359/1316 249/1341/1298
f 249/1341/1298 1208/40/36 246/42/38
f 1207/152/134 272/1350/1307 1209/1356/1313
f 1209/1356/1317 271/1352/1309 1210/1357/1314
f 1210/1360/1318 270/1361/1311 1211/1359/1316
f 270/1361/1311 1208/40/36 1211/1359/1316
f 251/738/666 1214/1362/1319 259/736/664
f 259/736/664 1215/1363/1320 260/739/667
f 260/739/676 1216/1364/1321 265/745/672
f 265/745/672 1213/1365/41 252/743/43
f 1212/169/147 244/1343/1300 1214/1362/1319
f 1214/1362/1319 243/1345/1302 1215/1363/1320
f 1215/1363/1322 242/1347/1305 1216/1364/1321
f 1216/1364/1321 240/1348/35 1213/1365/41
f 1217/69/62 212/1298/1255 210/194/167
f 1219/1366/1323 213/1299/1324 212/1298/1255
f 1220/1367/1325 214/1368/1326 213/1299/1257
f 214/1368/1326 1218/1369/141 211/1301/15
f 278/128/113 1219/1366/1323 1217/69/62
f 280/1370/1327 1220/1367/1328 1219/1366/1323
f 281/1371/1329 1221/1372/1330 1220/1367/1325
f 1221/1372/1330 279/1373/52 1218/1369/141
f 1222/1/1 277/1374/1331 274/178/155
f 1224/1375/1332 276/1376/1333 277/1374/1331
f 1225/1377/1334 275/1378/1335 276/1376/1336
f 275/1379/1335 1223/54/48 273/56/50
f 201/3/3 1224/1375/1332 1222/1/1
f 204/1302/1259 1225/1377/1337 1224/1375/1332
f 203/1304/1264 1226/1380/1338 1225/1377/1334
f 1226/1381/1338 200/16/13 1223/54/48
f 290/761/696 1229/1382/1339 301/759/694
f 301/759/694 1230/1383/1340 302/752/683
f 302/752/683 1231/1384/1341 292/748/679
f 292/748/679 1228/175/106 288/177/154
f 1227/143/125 285/1385/1342 1229/1382/1339
f 1229/1382/1339 286/1386/1343 1230/1383/1340
f 1230/1383/1340 287/1387/1344 1231/1384/1341
f 1231/1384/1341 284/1388/58 1228/175/106
f 1232/144/126 280/1370/1327 278/128/113
f 1234/1389/1345 281/1371/1346 280/1370/1327
f 1235/1390/1347 282/1391/1348 281/1371/1329
f 1236/1392/1349 279/1373/52 282/1391/1348
f 290/761/696 1234/1389/1345 1232/144/126
f 303/760/695 1235/1390/1350 1234/1389/1345
f 297/763/1351 1236/1392/1349 1235/1390/1347
f 296/757/688 1233/1393/60 1236/1392/1349
f 1237/146/128 285/1385/1342 283/145/127
f 1239/1394/1352 286/1386/1343 285/1385/1342
f 1240/1395/1353 287/1387/1344 286/1386/1343
f 287/1396/1344 1238/62/56 284/64/58
f 274/178/155 1239/1394/1352 1237/146/128
f 277/1374/1331 1240/1395/1354 1239/1394/1352
f 276/1376/1336 1241/1397/1355 1240/1395/1353
f 275/1379/1335 1238/62/56 1241/1398/1355
f 1242/142/124 330/1399/1356 327/71/63
f 1244/1400/1357 329/1401/1358 330/1399/1356
f 1245/1402/1359 328/1403/1360 329/1401/1358
f 1246/1404/1361 326/193/166 328/1403/1360
f 311/91/81 1244/1400/1357 1242/142/124
f 313/1405/1362 1245/1402/1359 1244/1400/1357
f 314/1406/1363 1246/1404/1361 1245/1402/1359
f 315/1407/1364 1243/192/165 1246/1404/1361
f 332/85/75 1249/1408/1365 335/1409/1366
f 335/1409/1366 1250/1410/1367 334/1411/1368
f 334/1411/1368 1251/1412/1369 333/1413/1370
f 333/1413/1370 1248/123/109 331/126/112
f 1247/84/74 318/1414/1371 1249/1408/1365
f 1249/1408/1365 319/1415/1372 1250/1410/1367
f 1250/1410/1367 320/1416/1373 1251/1412/1369
f 1251/1412/1369 317/124/110 1248/123/109
f 307/81/71 1254/1417/1374 310/1418/1375
f 310/1418/1375 1255/1419/1376 309/1420/1377
f 309/1420/1377 1256/1421/1378 308/1422/1379
f 308/1422/1379 1253/140/123 306/106/95
f 1252/72/64 330/1399/1356 1254/1417/1374
f 1254/1417/1374 329/1401/1358 1255/1419/1376
f 1255/1419/1376 328/1403/1360 1256/1421/1378
f 1256/1421/1378 326/193/166 1253/140/123
f 1257/86/76 325/1423/1380 322/125/111
f 1259/1424/1381 324/1425/1382 325/1423/1380
f 1260/1426/1383 323/1427/1384 324/1425/1382
f 1261/1428/1385 321/183/159 323/1427/1384
f 332/85/75 1259/1424/1381 1257/86/76
f 335/1409/1366 1260/1426/1383 1259/1424/1381
f 334/1411/1368 1261/1428/1385 1260/1426/1383
f 333/1413/1370 1258/161/140 1261/1428/1385
f 1262/77/68 340/1429/1386 337/155/136
f 1264/1430/1387 339/1431/1388 340/1429/1386
f 1265/1432/1389 338/1433/1390 339/1431/1388
f 1266/1434/1391 336/78/69 338/1433/1390
f 322/125/111 1264/1430/1387 1262/77/68
f 325/1423/1380 1265/1432/1389 1264/1430/1387
f 324/1425/1382 1266/1434/1391 1265/1432/1389
f 323/1427/1384 1263/94/84 1266/1434/1391
f 1267/92/82 313/1405/1362 311/91/81
f 1269/1435/1392 314/1406/1363 313/1405/1362
f 1270/1436/1393 315/1407/1364 314/1406/1363
f 1271/1437/1394 312/191/164 315/1407/1364
f 341/97/86 1269/1435/1392 1267/92/82
f 343/1438/1395 1270/1436/1393 1269/1435/1392
f 344/1439/1396 1271/1437/1394 1270/1436/1393
f 345/1440/1397 1268/74/66 1271/1437/1394
f 1272/98/87 343/1438/1395 341/97/86
f 1274/1441/1398 344/1439/1396 343/1438/1395
f 1275/1442/1399 345/1440/1397 344/1439/1396
f 1276/1443/1400 342/138/121 345/1440/1397
f 351/102/91 1274/1441/1398 1272/98/87
f 353/1444/1401 1275/1442/1399 1274/1441/1398
f 354/1445/1402 1276/1443/1400 1275/1442/1399
f 355/1446/1403 1273/184/160 1276/1443/1400
f 1277/93/83 350/1447/1404 347/188/162
f 1279/1448/1405 349/1449/1406 350/1447/1404
f 1280/1450/1407 348/1451/1408 349/1449/1406
f 1281/1452/1409 346/101/90 348/1451/1408
f 337/155/136 1279/1448/1405 1277/93/83
f 340/1429/1386 1280/1450/1407 1279/1448/1405
f 339/1431/1388 1281/1452/1409 1280/1450/1407
f 338/1433/1390 1278/80/70 1281/1452/1409
f 374/190/163 1284/1453/1410 377/1454/1411
f 377/1454/1411 1285/1455/1412 376/1456/1413
f 376/1456/1413 1286/1457/1414 375/1458/1415
f 375/1458/1415 1283/172/150 373/174/152
f 1282/1459/120 360/768/701 1284/1453/1410
f 1284/1453/1410 369/770/705 1285/1455/1412
f 1285/1455/1412 368/778/714 1286/1457/1414
f 1286/1457/1414 358/173/151 1283/172/150
f 1287/104/93 353/1444/1401 351/102/91
f 1289/1460/1416 354/1445/1402 353/1444/1401
f 1290/1461/1417 355/1446/1403 354/1445/1402
f 1291/1462/1418 352/181/157 355/1446/1403
f 374/190/163 1289/1460/1416 1287/104/93
f 377/1454/1411 1290/1461/1417 1289/1460/1416
f 376/1456/1413 1291/1462/1418 1290/1461/1417
f 375/1458/1415 1288/156/137 1291/1462/1418
f 1292/99/88 364/775/709 357/105/94
f 1294/1463/1419 365/781/717 364/775/709
f 1295/1464/1420 370/779/715 365/781/717
f 1296/1465/1421 358/173/151 370/779/715
f 347/188/162 1294/1463/1419 1292/99/88
f 350/1447/1404 1295/1464/1420 1294/1463/1419
f 349/1449/1406 1296/1465/1421 1295/1464/1420
f 348/1451/1408 1293/171/149 1296/1465/1421
f 316/88/78 1299/1466/1422 318/1414/1371
f 318/1414/1371 1300/1467/1423 319/1415/1372
f 319/1415/1372 1301/1468/1424 320/1416/1373
f 320/1416/1373 1298/166/145 317/124/110
f 1297/109/96 385/1469/1425 1299/1466/1422
f 1299/1466/1422 386/1470/1426 1300/1467/1423
f 1300/1467/1423 387/1471/1427 1301/1468/1424
f 1301/1468/1424 384/130/115 1298/166/145
f 379/111/98 1304/1472/1428 382/1473/1429
f 382/1473/1429 1305/1474/1430 381/1475/1431
f 381/1475/1431 1306/1476/1432 380/1477/1433
f 380/1477/1433 1303/115/101 378/114/100
f 1302/82/72 310/1418/1375 1304/1472/1428
f 1304/1472/1428 309/1420/1377 1305/1474/1430
f 1305/1474/1430 308/1422/1379 1306/1476/1432
f 1306/1476/1432 306/106/95 1303/115/101
f 1307/1478/108 396/1479/721 393/180/156
f 1309/1480/1434 397/795/730 396/784/721
f 1310/1481/1435 404/791/726 397/795/730
f 1311/1482/1436 394/792/727 404/791/726
f 388/118/104 1309/1480/1434 1307/122/108
f 390/1483/1437 1310/1481/1435 1309/1480/1434
f 391/1484/1438 1311/1482/1436 1310/1481/1435
f 392/1485/1439 1308/150/132 1311/1482/1436
f 383/110/97 1314/1486/1440 385/1469/1425
f 385/1469/1425 1315/1487/1441 386/1470/1426
f 386/1470/1426 1316/1488/1442 387/1471/1427
f 387/1471/1427 1313/149/131 384/130/115
f 1312/116/102 407/798/734 1314/1486/1440
f 1314/1486/1440 403/793/728 1315/1487/1441
f 1315/1487/1441 402/790/725 1316/1488/1442
f 1316/1488/1442 394/792/727 1313/149/131
f 388/118/104 1319/1489/1443 390/1483/1437
f 390/1483/1437 1320/1490/1444 391/1484/1438
f 391/1484/1438 1321/1491/1445 392/1485/1439
f 392/1485/1439 1318/148/130 389/147/129
f 1317/112/99 382/1473/1429 1319/1489/1443
f 1319/1489/1443 381/1475/1431 1320/1490/1444
f 1320/1490/1444 380/1477/1433 1321/1491/1445
f 1321/1491/1445 378/114/100 1318/148/130
f 395/117/103 1324/1492/1446 398/1493/735
f 398/783/720 1323/176/153 393/180/156
f 1322/67/61 298/1494/1447 1324/1492/1446
s 29
f 1324/1492/1448 298/1494/1449 291/1495/1448
s 1
f 1324/1496/1450 288/177/154 1323/176/153
f 1325/47/42 264/1497/1451 252/48/43
s 30
f 264/1497/1452 1327/1498/1452 255/1499/1453
s 1
f 1327/1500/1454 250/729/657 255/731/659
f 357/105/94 1327/1501/1455 1325/47/42
f 359/1502/702 1326/134/117 1327/1500/1454
s 2
f 533/261/234 1330/1503/1456 544/945/882
f 544/945/882 1331/1504/1457 545/936/871
f 1331/1504/1457 536/933/868 545/936/871
f 1332/1505/1458 531/244/217 536/933/868
f 1328/260/233 554/950/889 1330/1503/1456
f 1330/1503/1456 564/953/892 1331/1504/1457
f 564/953/892 1332/1505/1458 1331/1504/1457
f 563/961/900 1329/262/235 1332/1505/1458
f 1333/254/227 558/956/895 550/255/228
f 1335/1506/1459 559/958/897 558/956/895
f 559/958/897 1337/1507/1460 565/962/901
f 565/962/901 1334/241/214 551/303/276
f 568/232/205 1335/1506/1459 1333/254/227
f 573/966/905 1336/1508/1461 1335/1506/1459
f 1336/1508/1461 582/978/917 1337/1507/1460
f 1337/1507/1460 570/270/243 1334/241/214
f 1338/1509/262 577/975/913 569/972/274
f 1340/1510/1462 578/981/920 577/975/913
f 578/981/920 1341/1511/1463 584/979/918
f 1341/1511/1464 570/270/243 584/979/918
f 1338/1509/262 541/941/875 1340/1510/1465
f 1340/1510/1462 535/934/869 1341/1512/1463
f 1341/1512/1463 535/934/869 534/932/867
f 1341/1511/1464 531/244/217 1339/243/216
f 515/300/273 1344/1513/1466 526/928/861
f 526/928/861 1345/1514/1467 527/919/850
f 1345/1514/1467 518/916/847 527/919/850
f 1346/1515/1468 513/281/254 518/916/847
f 1342/296/269 560/957/896 1344/1513/1466
f 1344/1513/1466 553/951/890 1345/1514/1467
f 553/951/890 1346/1515/1468 1345/1514/1467
f 552/949/888 1343/275/248 1346/1515/1468
f 1347/1516/223 539/942/876 532/939/263
f 1349/1517/1469 540/948/885 539/942/876
f 540/948/885 1350/1518/1470 546/946/883
f 1350/1518/1471 533/261/234 546/946/883
f 1347/1516/223 523/924/854 1349/1517/1472
f 1349/1517/1469 517/917/848 1350/1519/1470
f 1350/1519/1470 517/917/848 516/915/846
f 1350/1518/1471 513/281/254 1348/229/202
f 1351/1520/224 521/925/855 514/922/225
f 1353/1521/1473 522/931/864 521/925/855
f 522/931/864 1354/1522/1474 528/929/862
f 1354/1522/1475 515/300/273 528/929/862
f 1351/1520/224 579/974/912 1353/1521/1476
f 1353/1521/1473 572/967/906 1354/1523/1474
f 1354/1523/1474 572/967/906 571/965/904
f 1354/1522/1475 568/232/205 1352/231/204
f 435/210/183 1357/1524/1477 438/831/764
f 438/831/764 1358/1525/1478 442/829/1479
f 442/829/1479 1359/1526/1480 441/1527/1481
f 441/1527/1481 1356/247/220 436/316/289
f 410/165/144 1357/1524/1477 1355/163/142
f 415/801/739 1358/1525/1478 1357/1524/1477
f 423/804/742 1359/1526/1480 1358/1525/1478
f 422/812/748 1356/247/220 1359/1526/1480
f 1360/259/232 452/1528/1482 447/217/190
f 1362/1529/1483 1818/842/1484 452/1528/1482
f 1363/1530/1485 449/839/778 1818/842/1484
f 1364/1531/1486 445/318/291 449/839/778
f 1360/259/232 422/814/748 1362/1529/1483
f 1362/1529/1483 419/809/746 1363/1530/1485
f 1363/1530/1485 418/807/744 1364/1531/1486
f 1364/1531/1486 411/237/210 1361/239/212
f 1365/317/290 441/1532/1481 436/316/289
f 1367/1533/1487 442/837/1488 441/1532/1481
f 1368/1534/1489 444/833/770 442/837/1488
f 1369/1535/1490 437/234/207 444/833/770
f 1365/317/290 452/1536/1482 1367/1533/1487
f 1367/1533/1487 453/1537/1491 1368/1534/1489
f 1368/1534/1489 449/1538/1492 1369/1535/1490
f 1369/1535/1490 446/843/782 1366/248/221
f 464/298/271 1372/1539/1493 467/860/799
f 467/860/799 1373/1540/1494 468/871/801
f 468/871/801 1374/1541/1495 473/870/1496
f 473/870/1496 1371/279/252 465/322/295
f 425/220/193 1372/1539/1493 1370/299/272
f 429/817/1497 1373/1540/1494 1372/1539/1493
f 432/819/1498 1374/1541/1495 1373/1540/1494
f 433/1542/1499 1371/279/252 1374/1541/1495
f 479/273/246 1377/1543/1500 482/876/1501
f 482/876/1501 1378/1544/1502 1819/1545/1503
f 1819/1545/1503 1379/1546/1504 485/1547/1505
f 485/1547/1505 1376/338/311 480/207/180
f 466/265/238 1377/1543/1500 1375/263/236
f 477/873/809 1378/1544/1502 1377/1543/1500
f 472/875/806 1379/1546/1504 1378/1544/1502
f 473/867/1496 1376/338/311 1379/1546/1504
f 1380/209/182 485/1548/1505 480/207/180
f 1382/1549/1506 486/885/1507 485/1548/1505
f 1383/1550/1508 488/881/818 486/885/1507
f 1384/1551/1509 481/271/244 488/881/818
f 1380/209/182 433/1552/1499 1382/1549/1506
f 1382/1549/1506 434/823/1510 1383/1550/1508
f 1383/1550/1508 430/824/757 1384/1551/1509
f 1384/1551/1509 426/820/756 1381/266/239
f 1385/257/230 461/1553/1511 456/196/169
f 1387/1554/1512 462/853/1513 461/1553/1511
f 1388/1555/1514 458/849/1515 462/853/1513
f 1389/1556/1516 454/343/316 458/849/1515
f 1385/257/230 497/899/1517 1387/1554/1512
f 1387/1554/1512 493/900/826 1388/1555/1514
f 1388/1555/1514 492/888/823 1389/1556/1516
f 1389/1556/1516 489/890/825 1386/293/266
f 1390/328/301 497/896/1517 490/280/253
f 1392/1557/1518 498/904/832 497/896/1517
f 1393/1558/1519 502/902/835 498/904/832
f 1394/1559/1520 491/285/258 502/902/835
f 1390/328/301 510/1560/1521 1392/1557/1518
f 1392/1557/1518 1816/1561/1522 1393/1558/1519
f 1393/1558/1519 508/907/836 1394/1559/1520
f 1394/1559/1520 504/199/172 1391/201/174
f 1395/342/315 510/1562/1521 505/329/302
f 1397/1563/1523 511/914/1524 510/1562/1521
f 1398/1564/1525 508/911/1526 511/914/1524
f 1399/1565/1527 506/291/264 508/911/841
f 1395/342/315 461/1566/1511 1397/1563/1523
f 1397/1563/1523 463/858/1528 1398/1564/1525
f 1398/1564/1525 459/857/795 1399/1565/1527
f 1399/1565/1527 455/854/794 1396/286/259
f 588/996/308 1402/1567/1529 599/994/939
f 599/994/939 1403/1568/1530 600/988/928
f 600/988/928 1404/1569/1531 590/984/924
f 590/984/924 1401/283/256 586/982/922
f 1400/1570/307 614/1005/951 1402/1567/1529
f 1402/1567/1529 608/1001/947 1403/1568/1530
f 1403/1568/1530 607/999/945 1404/1569/1531
f 607/999/945 1401/283/256 1404/1569/1531
f 1405/309/282 623/1014/959 620/320/293
f 1407/1571/1532 624/1023/967 623/1014/959
f 1408/1572/1533 631/1019/964 624/1023/967
f 1409/1573/1534 621/1020/198 631/1019/964
f 606/308/281 1407/1571/1532 1405/309/282
f 618/1010/955 1408/1572/1533 1407/1571/1532
f 613/1007/952 1409/1573/1534 1408/1572/1533
f 612/1004/950 1406/1574/196 1409/1573/1534
f 1410/310/283 594/992/932 587/311/284
f 1412/1575/1535 595/998/942 594/992/932
f 1413/1576/1536 601/995/940 595/998/942
f 1414/1577/1537 588/996/308 601/995/940
f 1410/310/283 635/1026/970 1412/1575/1535
f 1412/1575/1535 630/1021/965 1413/1576/1536
f 1413/1576/1536 629/1018/963 1414/1577/1537
f 1414/1577/1537 621/1020/198 1411/1578/197
f 1415/1579/298 651/1041/985 640/1043/296
f 1417/1580/1538 652/1032/977 651/1041/985
f 1418/1581/1539 643/1029/974 652/1032/977
f 1419/1582/1540 638/226/199 643/1029/974
f 657/1054/300 1417/1580/1538 1415/1579/298
f 666/1058/996 1418/1581/1539 1417/1580/1538
f 660/1057/1000 1419/1582/1540 1418/1581/1539
f 659/1047/990 1416/227/200 1419/1582/1540
f 674/1077/313 1422/1583/1541 685/1075/1019
f 685/1075/1019 1423/1584/1542 686/1069/1012
f 686/1069/1012 1424/1585/1543 676/1065/1008
f 676/1065/1008 1421/214/187 672/213/186
f 1420/1586/312 653/1042/986 1422/1583/1541
f 1422/1583/1541 647/1037/982 1423/1584/1542
f 1423/1584/1542 646/1035/980 1424/1585/1543
f 1424/1585/1543 639/314/287 1421/214/187
f 1425/313/286 680/1073/1016 673/315/288
f 1427/1587/1544 681/1079/1022 680/1073/1016
f 1428/1588/1545 687/1076/1020 681/1079/1022
f 1429/1589/1546 674/1077/313 687/1076/1020
f 1425/313/286 670/1061/1003 1427/1587/1544
f 1427/1587/1544 665/1055/997 1428/1588/1545
f 1428/1588/1545 664/1052/995 1429/1589/1546
f 1429/1589/1546 657/1054/300 1426/1590/299
f 1430/333/306 693/1082/1025 690/345/318
f 1432/1591/1547 694/1092/1035 693/1082/1025
f 1433/1592/1548 701/1088/1032 694/1092/1035
f 1434/1593/1549 691/1089/189 701/1088/1032
f 708/332/305 1432/1591/1547 1430/333/306
f 713/1097/1044 1433/1592/1548 1432/1591/1547
f 722/1100/1047 1434/1593/1549 1433/1592/1548
f 721/1109/1055 1431/1594/179 1434/1593/1549
f 709/304/277 1437/1595/1550 716/1103/1050
f 716/1103/1050 1438/1596/1551 717/1105/1052
f 717/1105/1052 1439/1597/1552 723/1110/1056
f 723/1110/1056 1436/1598/303 710/1111/177
f 1435/203/176 730/1115/1060 1437/1595/1550
f 1437/1595/1550 739/1119/1064 1438/1596/1551
f 1438/1596/1551 738/1125/1071 1439/1597/1552
f 1439/1597/1552 728/1127/304 1436/1598/303
f 1440/305/278 734/1123/1068 727/306/279
f 1442/1599/1553 735/1129/1074 734/1123/1068
f 1443/1600/1554 740/1126/1072 735/1129/1074
f 1444/1601/1555 728/1127/304 740/1126/1072
f 1440/305/278 705/1095/1038 1442/1599/1553
f 1442/1599/1553 700/1090/1033 1443/1600/1554
f 1443/1600/1554 699/1087/1031 1444/1601/1555
f 1444/1601/1555 691/1089/189 1441/1602/188
f 1445/164/143 413/800/738 410/165/144
f 1447/1603/1556 414/802/1557 413/800/738
f 1448/1604/1557 420/808/745 414/802/1557
f 1449/1605/1558 411/237/210 420/808/745
f 604/321/294 1447/1603/1556 1445/164/143
f 609/1000/946 1448/1604/1557 1447/1603/1556
f 617/1003/949 1449/1605/1558 1448/1604/1557
f 616/1009/954 1446/1606/1559 1449/1605/1558
f 622/312/285 1452/1607/1560 634/1027/1561
f 634/1027/971 1453/1608/1562 625/1609/1563
f 1453/1610/1564 620/320/293 625/1013/958
f 1450/249/222 451/845/784 1452/1607/1560
f 1452/1607/1562 448/847/1565 1453/1608/1562
f 1453/1610/1564 445/318/291 1451/319/292
f 1454/222/195 428/816/1566 425/220/193
s 31
f 1456/1611/1567 431/822/1568 428/826/1569
s 2
f 431/822/758 1455/267/240 426/820/756
f 656/341/314 1456/1612/1570 1454/222/195
f 1456/1612/1570 661/1046/989 669/1050/1571
s 31
f 669/1050/1572 1457/1613/1573 1456/1611/1567
s 2
f 1457/1613/1574 658/1059/1001 1455/267/240
f 672/213/186 1460/1614/1575 675/1066/1576
f 1460/1614/1577 682/1615/1578 675/1066/1009
f 682/1072/1015 1459/272/245 673/315/288
f 1458/1616/1579 483/877/1580 1460/1614/1575
f 1460/1614/1577 483/882/1581 1461/1617/1582
f 1461/1617/1582 483/882/1581 487/880/1581
f 487/880/817 1459/272/245 1461/1618/1583
f 491/285/258 1464/1619/1584 500/901/834
f 500/901/834 1465/1620/1585 501/893/1586
f 501/893/1586 1466/1621/1587 494/889/824
f 494/889/824 1463/294/267 489/890/825
f 1462/284/257 718/1104/1051 1464/1619/1584
f 1464/1619/1584 712/1098/1045 1465/1620/1585
f 1465/1620/1585 711/1096/1043 1466/1621/1587
f 1466/1621/1587 708/332/305 1463/294/267
f 1467/287/260 704/1622/1039 692/307/280
f 1469/1623/1588 695/1081/1027 704/1085/1029
f 1470/1624/1589 690/345/318 695/1081/1024
f 455/854/794 1469/1625/1590 1467/287/260
f 460/850/1591 1470/1624/1592 1469/1623/1588
f 457/848/1593 1468/344/317 1470/1624/1589
f 586/982/922 1473/1626/1594 589/1627/925
s 26
f 589/1627/936 1473/1626/1595 1474/1628/1596
f 589/985/936 1474/1629/1596 596/991/934
s 2
f 1474/1629/1597 587/311/284 596/991/931
f 1471/282/255 439/828/1598 1473/1626/1594
s 26
f 1473/1626/1595 439/1630/1599 1474/1628/1596
f 1474/1628/1596 439/1630/1599 443/832/1600
s 2
f 443/832/1601 1472/236/209 1474/1629/1597
f 1475/264/237 475/872/808 466/265/238
f 1477/1631/1602 476/865/1603 475/872/808
f 476/865/1603 1479/1632/1604 469/861/800
f 469/861/800 1476/1633/1605 464/298/271
f 639/314/287 1477/1631/1602 1475/264/237
f 648/1036/981 1478/1634/1606 1477/1631/1602
f 642/1030/975 1479/1632/1604 1478/1634/1606
f 641/1028/973 1476/1633/1605 1479/1632/1604
f 1480/292/265 512/910/840 506/291/264
s 32
f 1482/1635/1607 507/912/1608 512/910/1608
s 2
f 507/906/837 1481/202/175 504/199/172
f 727/306/279 1482/1635/1609 1480/292/265
s 32
f 1482/1635/1607 729/1116/1610 1483/1636/1611
s 2
f 1483/1637/1612 726/1113/1058 1481/202/175
s 3
f 764/370/340 1486/1638/1613 767/1639/1614
f 767/1639/1614 1487/1640/1615 766/1641/1616
f 766/1642/1617 1488/1643/1618 765/1644/1619
f 1488/1643/1618 763/527/478 765/1644/1619
f 1484/369/339 750/1645/1620 1486/1638/1613
f 1486/1638/1613 751/1646/1621 1487/1640/1615
f 1487/1647/1622 752/1648/1623 1488/1643/1618
f 752/1648/1623 1485/486/440 1488/1643/1618
f 1489/406/373 772/1649/1624 769/353/325
f 1491/1650/1625 771/1651/1626 772/1649/1624
f 1492/1652/1627 770/1653/1628 771/1651/1629
f 770/1653/1628 1490/1654/423 768/1655/336
f 753/539/487 1491/1650/1625 1489/406/373
f 755/1656/1630 1492/1652/1631 1491/1650/1625
f 756/1657/1632 1493/1658/1633 1492/1652/1627
f 1493/1658/1633 754/1659/333 1490/1654/423
f 1494/476/432 747/1660/1634 744/348/321
f 1496/1661/1635 746/1662/1636 747/1660/1634
f 1497/1663/1637 745/1664/1638 746/1665/1639
f 745/1664/1638 1495/349/322 743/361/331
f 764/370/340 1496/1661/1635 1494/476/432
f 767/1639/1614 1497/1666/1640 1496/1661/1635
f 766/1642/1617 1498/1667/1641 1497/1663/1637
f 1498/1667/1641 763/527/478 1495/349/322
f 759/505/457 1501/1668/1642 762/1669/1643
f 762/1669/1643 1502/1670/1644 761/1671/1645
f 761/1671/1646 1503/1672/1647 760/1673/1648
f 1503/1672/1647 758/1674/326 760/1673/1648
f 1499/371/341 772/1649/1624 1501/1668/1642
f 1501/1668/1642 771/1651/1626 1502/1670/1644
f 1502/1670/1649 770/1653/1628 1503/1672/1647
f 770/1653/1628 1500/1675/338 1503/1672/1647
f 774/506/458 1506/1676/1650 777/1677/1651
f 777/1677/1651 1507/1678/1652 776/1679/1653
f 776/1679/1654 1508/1680/1655 775/1681/1656
f 1508/1680/1655 773/1682/343 775/1681/1656
f 1504/500/453 762/1669/1643 1506/1676/1650
f 1506/1676/1650 761/1671/1645 1507/1678/1652
f 1507/1678/1657 760/1673/1648 1508/1680/1655
f 760/1673/1648 1505/1683/328 1508/1680/1655
f 748/360/330 1511/1684/1658 750/1645/1620
f 750/1645/1620 1512/1685/1659 751/1646/1621
f 751/1686/1660 1513/1687/1661 752/1648/1623
f 1513/1687/1661 749/380/349 752/1648/1623
f 1509/359/329 780/1688/1662 1511/1684/1658
f 1511/1684/1658 781/1689/1663 1512/1685/1659
f 1512/1690/1664 782/1691/1665 1513/1687/1661
f 782/1691/1665 1510/378/347 1513/1687/1661
f 778/389/357 1516/1692/1666 780/1688/1662
f 780/1688/1662 1517/1693/1667 781/1689/1663
f 781/1694/1668 1518/1695/1669 782/1691/1665
f 1518/1695/1669 779/377/346 782/1691/1665
f 1514/398/365 790/1696/1670 1516/1692/1666
f 1516/1692/1666 791/1697/1671 1517/1693/1667
f 1517/1698/1672 792/1699/1673 1518/1695/1669
f 792/1699/1673 1515/375/344 1518/1695/1669
f 784/540/488 1521/1700/1674 787/1701/1675
f 787/1701/1675 1522/1702/1676 786/1703/1677
f 786/1703/1678 1523/1704/1679 785/1705/1680
f 1523/1706/1679 783/384/353 785/1707/1680
f 1519/532/481 777/1677/1651 1521/1700/1674
f 1521/1700/1674 776/1679/1653 1522/1702/1676
f 1522/1702/1681 775/1681/1656 1523/1704/1679
f 775/1708/1656 1520/382/351 1523/1706/1679
f 1524/517/468 814/1709/1682 811/515/466
f 1526/1710/1683 813/1711/1684 814/1709/1682
f 1527/1712/1685 812/1713/1686 813/1711/1684
f 1528/1714/1687 810/531/362 812/1713/1686
f 794/1139/1084 1526/1710/1683 1524/517/468
f 803/1138/1083 1527/1712/1685 1526/1710/1683
f 797/1142/1087 1528/1714/1687 1527/1712/1685
f 796/1133/1078 1525/480/434 1528/1714/1687
f 788/397/364 1531/1715/1688 790/1696/1670
f 790/1696/1670 1532/1716/1689 791/1697/1671
f 791/1717/1690 1533/1718/1691 792/1699/1673
f 792/1699/1673 1530/385/354 789/387/356
f 1529/499/452 814/1709/1682 1531/1715/1688
f 1531/1715/1692 813/1711/1684 1532/1716/1689
f 1532/1719/1693 812/1720/1686 1533/1718/1691
f 812/1720/1686 1530/385/354 1533/1718/1691
f 794/1139/1084 1536/1721/1694 801/1137/1082
f 801/1137/1082 1537/1722/1695 802/1140/1085
f 802/1140/1094 1538/1723/1696 807/1146/1090
f 807/1724/1090 1535/391/359 795/393/361
f 1534/516/467 787/1701/1675 1536/1721/1694
f 1536/1721/1694 786/1703/1677 1537/1722/1695
f 1537/1722/1697 785/1705/1680 1538/1723/1696
f 1538/1725/1696 783/384/353 1535/391/359
f 1539/414/380 755/1656/1630 753/539/487
f 1541/1726/1698 756/1657/1699 755/1656/1630
f 1542/1727/1700 757/1728/1701 756/1657/1632
f 757/1728/1701 1540/1729/460 754/1659/333
f 820/475/431 1541/1726/1698 1539/414/380
f 822/1730/1702 1542/1727/1703 1541/1726/1698
f 823/1731/1704 1543/1732/1705 1542/1727/1700
f 1543/1732/1705 821/1733/370 1540/1729/460
f 1544/346/319 819/1734/1706 816/524/475
f 1546/1735/1707 818/1736/1708 819/1734/1706
f 1547/1737/1709 817/1738/1710 818/1736/1711
f 817/1739/1710 1545/399/366 815/401/368
f 744/348/321 1546/1735/1707 1544/346/319
f 747/1660/1634 1547/1737/1712 1546/1735/1707
f 746/1665/1639 1548/1740/1713 1547/1741/1709
f 1548/1740/1713 743/361/331 1545/399/366
f 832/1162/1113 1551/1742/1714 842/1160/1111
f 842/1160/1111 1552/1743/1715 843/1153/1101
f 843/1153/1101 1553/1744/1716 834/1149/1097
f 834/1149/1097 1550/465/424 830/523/474
f 1549/490/443 827/1745/1717 1551/1742/1714
f 1551/1742/1714 828/1746/1718 1552/1743/1715
f 1552/1743/1715 829/1747/1719 1553/1744/1716
f 1553/1744/1716 826/1748/376 1550/465/424
f 1554/491/444 822/1730/1702 820/475/431
f 1556/1749/1720 823/1731/1721 822/1730/1702
f 1557/1750/1722 824/1751/1723 823/1731/1704
f 1558/1752/1724 821/1733/370 824/1751/1723
f 832/1162/1113 1556/1749/1720 1554/491/444
f 844/1161/1112 1557/1750/1725 1556/1749/1720
f 839/1164/1726 1558/1752/1724 1557/1750/1722
f 838/1158/1106 1555/1753/378 1558/1752/1724
f 1559/493/446 827/1745/1717 825/492/445
f 1561/1754/1727 828/1746/1718 827/1745/1717
f 1562/1755/1728 829/1747/1719 828/1746/1718
f 829/1756/1719 1560/407/374 826/409/376
f 816/524/475 1561/1754/1727 1559/493/446
f 819/1734/1706 1562/1755/1729 1561/1754/1727
f 818/1736/1711 1563/1757/1730 1562/1755/1728
f 817/1739/1710 1560/407/374 1563/1758/1730
f 1564/489/442 871/1759/1731 868/416/381
f 1566/1760/1732 870/1761/1733 871/1759/1731
f 1567/1762/1734 869/1763/1735 870/1761/1733
f 1568/1764/1736 867/538/486 869/1763/1735
f 852/436/399 1566/1760/1732 1564/489/442
f 854/1765/1737 1567/1762/1734 1566/1760/1732
f 855/1766/1738 1568/1764/1736 1567/1762/1734
f 856/1767/1739 1565/537/485 1568/1764/1736
f 873/430/393 1571/1768/1740 876/1769/1741
f 876/1769/1741 1572/1770/1742 875/1771/1743
f 875/1771/1743 1573/1772/1744 874/1773/1745
f 874/1773/1745 1570/470/427 872/473/430
f 1569/429/392 859/1774/1746 1571/1768/1740
f 1571/1768/1740 860/1775/1747 1572/1770/1742
f 1572/1770/1742 861/1776/1748 1573/1772/1744
f 1573/1772/1744 858/471/428 1570/470/427
f 848/426/389 1576/1777/1749 851/1778/1750
f 851/1778/1750 1577/1779/1751 850/1780/1752
f 850/1780/1752 1578/1781/1753 849/1782/1754
f 849/1782/1754 1575/487/441 847/451/413
f 1574/417/382 871/1759/1731 1576/1777/1749
f 1576/1777/1749 870/1761/1733 1577/1779/1751
f 1577/1779/1751 869/1763/1735 1578/1781/1753
f 1578/1781/1753 867/538/486 1575/487/441
f 1579/431/394 866/1783/1755 863/472/429
f 1581/1784/1756 865/1785/1757 866/1783/1755
f 1582/1786/1758 864/1787/1759 865/1785/1757
f 1583/1788/1760 862/528/479 864/1787/1759
f 873/430/393 1581/1784/1756 1579/431/394
f 876/1769/1741 1582/1786/1758 1581/1784/1756
f 875/1771/1743 1583/1788/1760 1582/1786/1758
f 874/1773/1745 1580/508/459 1583/1788/1760
f 1584/422/386 881/1789/1761 878/502/454
f 1586/1790/1762 880/1791/1763 881/1789/1761
f 1587/1792/1764 879/1793/1765 880/1791/1763
f 1588/1794/1766 877/423/387 879/1793/1765
f 863/472/429 1586/1790/1762 1584/422/386
f 866/1783/1755 1587/1792/1764 1586/1790/1762
f 865/1785/1757 1588/1794/1766 1587/1792/1764
f 864/1787/1759 1585/439/402 1588/1794/1766
f 1589/437/400 854/1765/1737 852/436/399
f 1591/1795/1767 855/1766/1738 854/1765/1737
f 1592/1796/1768 856/1767/1739 855/1766/1738
f 1593/1797/1769 853/536/484 856/1767/1739
f 882/442/404 1591/1795/1767 1589/437/400
f 884/1798/1770 1592/1796/1768 1591/1795/1767
f 885/1799/1771 1593/1797/1769 1592/1796/1768
f 886/1800/1772 1590/419/384 1593/1797/1769
f 1594/443/405 884/1798/1770 882/442/404
f 1596/1801/1773 885/1799/1771 884/1798/1770
f 1597/1802/1774 886/1800/1772 885/1799/1771
f 1598/1803/1775 883/485/439 886/1800/1772
f 892/447/409 1596/1801/1773 1594/443/405
f 894/1804/1776 1597/1802/1774 1596/1801/1773
f 895/1805/1777 1598/1803/1775 1597/1802/1774
f 896/1806/1778 1595/529/480 1598/1803/1775
f 1599/438/401 891/1807/1779 888/533/482
f 1601/1808/1780 890/1809/1781 891/1807/1779
f 1602/1810/1782 889/1811/1783 890/1809/1781
f 1603/1812/1784 887/446/408 889/1811/1783
f 878/502/454 1601/1808/1780 1599/438/401
f 881/1789/1761 1602/1810/1782 1601/1808/1780
f 880/1791/1763 1603/1812/1784 1602/1810/1782
f 879/1793/1765 1600/425/388 1603/1812/1784
f 915/535/483 1606/1813/1785 918/1814/1786
f 918/1814/1786 1607/1815/1787 917/1816/1788
f 917/1816/1788 1608/1817/1789 916/1818/1790
f 916/1818/1790 1605/519/470 914/521/472
f 1604/484/438 901/1166/1118 1606/1819/1785
f 1606/1813/1785 910/1171/1122 1607/1815/1787
f 1607/1815/1787 909/1179/1130 1608/1817/1789
f 1608/1817/1789 899/520/471 1605/519/470
f 1609/449/411 894/1804/1776 892/447/409
f 1611/1820/1791 895/1805/1777 894/1804/1776
f 1612/1821/1792 896/1806/1778 895/1805/1777
f 1613/1822/1793 893/526/477 896/1806/1778
f 915/535/483 1611/1820/1791 1609/449/411
f 918/1814/1786 1612/1821/1792 1611/1820/1791
f 917/1816/1788 1613/1822/1793 1612/1821/1792
f 916/1818/1790 1610/503/455 1613/1822/1793
f 1614/444/406 905/1176/1126 898/450/412
f 1616/1823/1794 906/1182/1133 905/1176/1126
f 1617/1824/1795 911/1180/1131 906/1182/1133
f 1618/1825/1796 899/520/471 911/1180/1131
f 888/533/482 1616/1823/1794 1614/444/406
f 891/1807/1779 1617/1824/1795 1616/1823/1794
f 890/1809/1781 1618/1825/1796 1617/1824/1795
f 889/1811/1783 1615/518/469 1618/1825/1796
f 857/433/396 1621/1826/1797 859/1774/1746
f 859/1774/1746 1622/1827/1798 860/1775/1747
f 860/1775/1747 1623/1828/1799 861/1776/1748
f 861/1776/1748 1620/513/464 858/471/428
f 1619/454/414 926/1829/1800 1621/1826/1797
f 1621/1826/1797 927/1830/1801 1622/1827/1798
f 1622/1827/1798 928/1831/1802 1623/1828/1799
f 1623/1828/1799 925/477/433 1620/513/464
f 920/456/416 1626/1832/1803 923/1833/1804
f 923/1833/1804 1627/1834/1805 922/1835/1806
f 922/1835/1806 1628/1836/1807 921/1837/1808
f 921/1837/1808 1625/460/419 919/459/418
f 1624/427/390 851/1778/1750 1626/1832/1803
f 1626/1832/1803 850/1780/1752 1627/1834/1805
f 1627/1834/1805 849/1782/1754 1628/1836/1807
f 1628/1836/1807 847/451/413 1625/460/419
f 1629/469/426 937/1838/1137 934/525/476
f 1631/1839/1809 938/1196/1147 937/1185/1137
f 1632/1840/1810 944/1192/1143 938/1196/1147
f 1633/1841/1811 935/1193/1144 944/1192/1143
f 929/463/422 1631/1839/1809 1629/1842/426
f 931/1843/1812 1632/1840/1810 1631/1839/1809
f 932/1844/1813 1633/1841/1811 1632/1840/1810
f 933/1845/1814 1630/497/450 1633/1841/1811
f 924/455/415 1636/1846/1815 926/1829/1800
f 926/1829/1800 1637/1847/1816 927/1830/1801
f 927/1830/1801 1638/1848/1817 928/1831/1802
f 928/1831/1802 1635/496/449 925/477/433
f 1634/461/420 948/1199/1151 1636/1846/1815
f 1636/1846/1815 943/1194/1145 1637/1847/1816
f 1637/1847/1816 942/1191/1142 1638/1848/1817
f 1638/1848/1817 935/1193/1144 1635/496/449
f 929/463/422 1641/1849/1818 931/1843/1812
f 931/1843/1812 1642/1850/1819 932/1844/1813
f 932/1844/1813 1643/1851/1820 933/1845/1814
f 933/1845/1814 1640/495/448 930/494/447
f 1639/457/417 923/1833/1804 1641/1849/1818
f 1641/1849/1818 922/1835/1806 1642/1850/1819
f 1642/1850/1819 921/1837/1808 1643/1851/1820
f 1643/1851/1820 919/459/418 1640/495/448
f 936/462/421 1646/1852/1821 947/1853/1152
f 947/1184/1822 1645/522/473 934/525/476
f 1644/412/379 833/1854/1823 1646/1852/1821
f 1646/1855/1824 830/523/474 1645/522/473
f 1647/392/360 806/1856/1825 795/393/361
f 1649/1857/1826 793/1130/1075 806/1132/1077
f 898/450/412 1649/1858/1827 1647/392/360
f 900/1859/1119 1648/481/435 1649/1857/1826
s 4
f 972/562/507 1652/1860/1828 975/1861/1829
f 975/1861/1829 1653/1862/1830 974/1863/1831
f 974/1864/1832 1654/1865/1833 973/1866/1834
f 1654/1865/1833 971/716/646 973/1866/1834
f 1650/561/506 958/1867/1835 1652/1860/1828
f 1652/1860/1828 959/1868/1836 1653/1862/1830
f 1653/1869/1837 960/1870/1838 1654/1865/1833
f 960/1870/1838 1651/676/610 1654/1865/1833
f 1655/598/541 980/1871/1839 977/545/492
f 1657/1872/1840 979/1873/1841 980/1874/1839
f 1658/1875/1842 978/1876/1843 979/1873/1844
f 978/1876/1843 1656/656/593 976/558/503
f 961/727/655 1657/1877/1840 1655/598/541
f 963/1878/1845 1658/1875/1846 1657/1872/1840
f 964/1879/1847 1659/1880/1848 1658/1875/1842
f 1659/1880/1848 962/555/500 1656/656/593
f 1660/666/602 955/1881/1849 952/512/463
f 1662/1882/1850 954/1883/1851 955/1881/1849
f 1663/1884/1852 953/1885/1853 954/1886/1854
f 953/1885/1853 1661/541/489 951/553/498
f 972/562/507 1662/1882/1850 1660/666/602
f 975/1861/1829 1663/1887/1855 1662/1882/1850
f 974/1864/1832 1664/1888/1856 1663/1884/1852
f 1664/1888/1856 971/716/646 1661/541/489
f 967/695/628 1667/1889/1857 970/1890/1858
f 970/1891/1858 1668/1892/1859 969/1893/1860
f 969/1893/1861 1669/1894/1862 968/1895/1863
f 1669/1894/1862 966/547/493 968/1895/1863
f 1665/563/508 980/1871/1839 1667/1889/1857
f 1667/1896/1857 979/1873/1841 1668/1892/1859
f 1668/1892/1864 978/1876/1843 1669/1894/1862
f 978/1876/1843 1666/560/505 1669/1894/1862
f 982/696/629 1672/1897/1865 985/1898/1866
f 985/1899/1866 1673/1900/1867 984/1901/1868
f 984/1901/1869 1674/1902/1870 983/1903/1871
f 1674/1902/1870 981/566/510 983/1903/1871
f 1670/690/623 970/1890/1858 1672/1897/1865
f 1672/1904/1865 969/1893/1860 1673/1900/1867
f 1673/1900/1872 968/1895/1863 1674/1902/1870
f 968/1895/1863 1671/549/495 1674/1902/1870
f 956/552/497 1677/1905/1873 958/1867/1835
f 958/1867/1835 1678/1906/1874 959/1868/1836
f 959/1907/1875 1679/1908/1876 960/1870/1838
f 1679/1908/1876 957/572/516 960/1870/1838
f 1675/551/496 988/1909/1877 1677/1905/1873
f 1677/1905/1873 989/1910/1878 1678/1906/1874
f 1678/1911/1879 990/1912/1880 1679/1908/1876
f 990/1912/1880 1676/570/514 1679/1908/1876
f 986/581/524 1682/1913/1881 988/1909/1877
f 988/1909/1877 1683/1914/1882 989/1910/1878
f 989/1915/1883 1684/1916/1884 990/1912/1880
f 1684/1916/1884 987/569/513 990/1912/1880
f 1680/590/533 998/1917/1885 1682/1913/1881
f 1682/1913/1881 999/1918/1886 1683/1914/1882
f 1683/1919/1887 1000/1920/1888 1684/1916/1884
f 1000/1920/1888 1681/567/511 1684/1916/1884
f 992/728/656 1687/1921/1889 995/1922/1890
f 995/1923/1890 1688/1924/1891 994/1925/1892
f 994/1925/1893 1689/1926/1894 993/1927/1895
f 993/1927/1895 1686/574/518 991/576/520
f 1685/721/649 985/1898/1866 1687/1921/1889
f 1687/1928/1889 984/1901/1868 1688/1924/1891
f 1688/1924/1896 983/1903/1871 1689/1926/1894
f 983/1903/1871 1686/574/518 1689/1926/1894
f 1690/704/636 1022/1929/1897 1019/702/634
f 1692/1930/1898 1021/1931/1899 1022/1929/1897
f 1693/1932/1900 1020/1933/1901 1021/1931/1902
f 1694/1934/1903 1018/720/529 1020/1933/1901
f 1002/1210/1164 1692/1930/1898 1690/704/636
f 1012/1209/1163 1693/1932/1900 1692/1930/1898
f 1005/1215/1167 1694/1934/1903 1693/1932/1900
f 1004/1204/1158 1691/670/604 1694/1934/1903
f 996/589/532 1697/1935/1904 998/1917/1885
f 998/1917/1885 1698/1936/1905 999/1918/1886
f 999/1937/1906 1699/1938/1907 1000/1920/1888
f 1000/1920/1888 1696/577/521 997/579/523
f 1695/689/622 1022/1929/1897 1697/1935/1904
f 1697/1935/1908 1021/1931/1899 1698/1936/1905
f 1698/1939/1909 1020/1940/1901 1699/1938/1907
f 1020/1940/1901 1696/577/521 1699/1938/1907
f 1002/1210/1164 1702/1941/1910 1010/1208/1162
f 1010/1213/1162 1703/1942/1911 1011/1211/1165
f 1011/1211/1176 1704/1943/1912 1015/1219/1171
f 1015/1219/1171 1701/583/526 1003/585/528
f 1700/703/635 995/1922/1890 1702/1941/1910
f 1702/1944/1910 994/1925/1892 1703/1942/1911
f 1703/1942/1913 993/1927/1895 1704/1943/1912
f 1704/1943/1912 991/576/520 1701/583/526
f 1705/606/548 963/1945/1845 961/727/655
f 1707/1946/1914 964/1879/1915 963/1878/1845
f 1708/1947/1916 965/1948/1917 964/1879/1847
f 965/1948/1917 1706/699/631 962/555/500
f 1028/665/601 1707/1949/1914 1705/606/548
f 1030/1950/1918 1708/1947/1919 1707/1946/1914
f 1031/1951/1920 1709/1952/1921 1708/1947/1916
f 1709/1952/1921 1029/595/538 1706/699/631
f 1710/510/461 1027/1953/1922 1024/712/643
f 1712/1954/1923 1026/1955/1924 1027/1953/1922
f 1713/1956/1925 1025/1957/1926 1026/1958/1927
f 1025/1957/1926 1711/591/534 1023/593/536
f 952/512/463 1712/1954/1923 1710/510/461
f 955/1881/1849 1713/1959/1928 1712/1954/1923
f 954/1886/1854 1714/1960/1929 1713/1956/1925
f 1714/1960/1929 951/553/498 1711/591/534
f 1040/1240/1196 1717/1961/1930 1051/1238/1194
f 1051/1238/1194 1718/1962/1931 1052/1228/1183
f 1052/1228/1183 1719/1963/1932 1042/1224/1179
f 1042/1224/1179 1716/709/594 1038/711/642
f 1715/680/613 1035/1964/1933 1717/1961/1930
f 1717/1961/1930 1036/1965/1934 1718/1962/1931
f 1718/1962/1931 1037/1966/1935 1719/1963/1932
f 1719/1963/1932 1034/1967/544 1716/709/594
f 1720/681/614 1030/1968/1918 1028/665/601
f 1722/1969/1936 1031/1951/1937 1030/1950/1918
f 1723/1970/1938 1032/1971/1939 1031/1951/1920
f 1724/1972/1940 1029/595/538 1032/1971/1939
f 1040/1240/1196 1722/1973/1936 1720/681/614
f 1053/1244/1195 1723/1970/1941 1722/1969/1936
f 1047/1243/1942 1724/1972/1940 1723/1970/1938
f 1046/1233/1188 1721/603/546 1724/1972/1940
f 1725/683/616 1035/1964/1933 1033/682/615
f 1727/1974/1943 1036/1965/1934 1035/1964/1933
f 1728/1975/1944 1037/1976/1935 1036/1977/1934
f 1037/1976/1935 1726/599/542 1034/601/544
f 1024/712/643 1727/1974/1943 1725/683/616
f 1027/1953/1922 1728/1978/1945 1727/1974/1943
f 1026/1958/1927 1729/1979/1946 1728/1975/1944
f 1025/1957/1926 1726/599/542 1729/1979/1946
f 1730/679/612 1080/1980/1947 1077/608/549
f 1732/1981/1948 1079/1982/1949 1080/1980/1947
f 1733/1983/1950 1078/1984/1951 1079/1982/1949
f 1734/1985/1952 1076/726/654 1078/1984/1951
f 1061/628/568 1732/1981/1948 1730/679/612
f 1063/1986/1953 1733/1983/1950 1732/1981/1948
f 1064/1987/1954 1734/1985/1952 1733/1983/1950
f 1065/1988/1955 1731/725/653 1734/1985/1952
f 1082/622/562 1737/1989/1956 1085/1990/1957
f 1085/1990/1957 1738/1991/1958 1084/1992/1959
f 1084/1992/1959 1739/1993/1960 1083/1994/1961
f 1083/1994/1961 1736/660/597 1081/663/600
f 1735/621/561 1068/1995/1962 1737/1989/1956
f 1737/1989/1956 1069/1996/1963 1738/1991/1958
f 1738/1991/1958 1070/1997/1964 1739/1993/1960
f 1739/1993/1960 1067/661/598 1736/660/597
f 1057/618/558 1742/1998/1965 1060/1999/1966
f 1060/1999/1966 1743/2000/1967 1059/2001/1968
f 1059/2001/1968 1744/2002/1969 1058/2003/1970
f 1058/2003/1970 1741/677/611 1056/643/583
f 1740/609/550 1080/1980/1947 1742/1998/1965
f 1742/1998/1965 1079/1982/1949 1743/2000/1967
f 1743/2000/1967 1078/1984/1951 1744/2002/1969
f 1744/2002/1969 1076/726/654 1741/677/611
f 1745/623/563 1075/2004/1971 1072/662/599
f 1747/2005/1972 1074/2006/1973 1075/2004/1971
f 1748/2007/1974 1073/2008/1975 1074/2006/1973
f 1749/2009/1976 1071/717/647 1073/2008/1975
f 1082/622/562 1747/2005/1972 1745/623/563
f 1085/1990/1957 1748/2007/1974 1747/2005/1972
f 1084/1992/1959 1749/2009/1976 1748/2007/1974
f 1083/1994/1961 1746/698/630 1749/2009/1976
f 1750/614/554 1090/2010/1977 1087/692/625
f 1752/2011/1978 1089/2012/1979 1090/2010/1977
f 1753/2013/1980 1088/2014/1981 1089/2012/1979
f 1754/2015/1982 1086/615/555 1088/2014/1981
f 1072/662/599 1752/2011/1978 1750/614/554
f 1075/2004/1971 1753/2013/1980 1752/2011/1978
f 1074/2006/1973 1754/2015/1982 1753/2013/1980
f 1073/2008/1975 1751/631/571 1754/2015/1982
f 1755/629/569 1063/1986/1953 1061/628/568
f 1757/2016/1983 1064/1987/1954 1063/1986/1953
f 1758/2017/1984 1065/1988/1955 1064/1987/1954
f 1759/2018/1985 1062/724/652 1065/1988/1955
f 1091/634/574 1757/2016/1983 1755/629/569
f 1093/2019/1986 1758/2017/1984 1757/2016/1983
f 1094/2020/1987 1759/2018/1985 1758/2017/1984
f 1095/2021/1988 1756/611/552 1759/2018/1985
f 1760/635/575 1093/2019/1986 1091/634/574
f 1762/2022/1989 1094/2020/1987 1093/2019/1986
f 1763/2023/1990 1095/2021/1988 1094/2020/1987
f 1764/2024/1991 1092/675/609 1095/2021/1988
f 1101/639/579 1762/2022/1989 1760/635/575
f 1103/2025/1992 1763/2023/1990 1762/2022/1989
f 1104/2026/1993 1764/2024/1991 1763/2023/1990
f 1105/2027/1994 1761/718/648 1764/2024/1991
f 1765/630/570 1100/2028/1995 1097/722/650
f 1767/2029/1996 1099/2030/1997 1100/2028/1995
f 1768/2031/1998 1098/2032/1999 1099/2030/1997
f 1769/2033/2000 1096/638/578 1098/2032/1999
f 1087/692/625 1767/2029/1996 1765/630/570
f 1090/2010/1977 1768/2031/1998 1767/2029/1996
f 1089/2012/1979 1769/2033/2000 1768/2031/1998
f 1088/2014/1981 1766/617/557 1769/2033/2000
f 1124/2034/651 1772/2035/2001 1127/2036/2002
f 1127/2036/2002 1773/2037/2003 1126/2038/2004
f 1126/2038/2004 1774/2039/2005 1125/2040/2006
f 1125/2040/2006 1771/706/638 1123/708/640
f 1770/674/608 1110/1247/1201 1772/2041/2001
f 1772/2035/2001 1119/1253/1205 1773/2037/2003
f 1773/2037/2003 1118/1259/1213 1774/2039/2005
f 1774/2039/2005 1108/707/639 1771/706/638
f 1775/641/581 1103/2025/1992 1101/639/579
f 1777/2042/2007 1104/2026/1993 1103/2025/1992
f 1778/2043/2008 1105/2027/1994 1104/2026/1993
f 1779/2044/2009 1102/715/645 1105/2027/1994
f 1124/2034/651 1777/2042/2007 1775/641/581
f 1127/2036/2002 1778/2043/2008 1777/2042/2007
f 1126/2038/2004 1779/2044/2009 1778/2043/2008
f 1125/2040/2006 1776/693/626 1779/2044/2009
f 1780/636/576 1114/1257/1209 1107/642/582
f 1782/2045/2010 1115/1262/1216 1114/1257/1209
f 1783/2046/2011 1120/1260/1214 1115/1262/1216
f 1784/2047/2012 1108/707/639 1120/1260/1214
f 1097/722/650 1782/2045/2010 1780/636/576
f 1100/2028/1995 1783/2046/2011 1782/2045/2010
f 1099/2030/1997 1784/2047/2012 1783/2046/2011
f 1098/2032/1999 1781/705/637 1784/2047/2012
f 1066/625/565 1787/2048/2013 1068/1995/1962
f 1068/1995/1962 1788/2049/2014 1069/1996/1963
f 1069/1996/1963 1789/2050/2015 1070/1997/1964
f 1070/1997/1964 1786/700/632 1067/661/598
f 1785/646/584 1135/2051/2016 1787/2048/2013
f 1787/2048/2013 1136/2052/2017 1788/2049/2014
f 1788/2049/2014 1137/2053/2018 1789/2050/2015
f 1789/2050/2015 1134/667/603 1786/700/632
f 1129/648/586 1792/2054/2019 1132/2055/2020
f 1132/2055/2020 1793/2056/2021 1131/2057/2022
f 1131/2057/2022 1794/2058/2023 1130/2059/2024
f 1130/2059/2024 1791/652/589 1128/651/588
f 1790/619/559 1060/1999/1966 1792/2054/2019
f 1792/2054/2019 1059/2001/1968 1793/2056/2021
f 1793/2056/2021 1058/2003/1970 1794/2058/2023
f 1794/2058/2023 1056/643/583 1791/652/589
f 1795/659/596 1146/1266/1220 1143/1263/644
f 1797/2060/2025 1147/1275/1230 1146/1266/1220
f 1798/2061/2026 1153/1271/1226 1147/1275/1230
f 1799/2062/2027 1144/1272/1227 1153/1271/1226
f 1138/655/592 1797/2060/2025 1795/659/596
f 1140/2063/2028 1798/2061/2026 1797/2060/2025
f 1141/2064/2029 1799/2062/2027 1798/2061/2026
f 1142/2065/2030 1796/687/620 1799/2062/2027
f 1133/647/585 1802/2066/2031 1135/2051/2016
f 1135/2051/2016 1803/2067/2032 1136/2052/2017
f 1136/2052/2017 1804/2068/2033 1137/2053/2018
f 1137/2053/2018 1801/686/619 1134/667/603
f 1800/653/590 1157/1278/1234 1802/2066/2031
f 1802/2066/2031 1152/1273/1228 1803/2067/2032
f 1803/2067/2032 1151/1270/1225 1804/2068/2033
f 1804/2068/2033 1144/1272/1227 1801/686/619
f 1138/655/592 1807/2069/2034 1140/2063/2028
f 1140/2063/2028 1808/2070/2035 1141/2064/2029
f 1141/2064/2029 1809/2071/2036 1142/2065/2030
f 1142/2065/2030 1806/685/618 1139/684/617
f 1805/649/587 1132/2055/2020 1807/2069/2034
f 1807/2069/2034 1131/2057/2022 1808/2070/2035
f 1808/2070/2035 1130/2059/2024 1809/2071/2036
f 1809/2071/2036 1128/651/588 1806/685/618
f 1145/654/591 1812/2072/2037 1156/2073/1235
f 1156/2074/1219 1811/710/641 1143/714/644
f 1810/604/547 1048/1232/2038 1812/2072/2037
s 33
f 1812/2072/2039 1048/1232/2039 1041/1236/2040
s 4
f 1812/2075/2041 1038/711/642 1811/710/641
f 1813/584/527 1006/2076/2042 1003/585/2043
f 1815/2077/2044 1001/1201/1155 1006/1203/1157
f 1107/642/582 1815/2078/2045 1813/584/527
f 1109/2079/1202 1814/671/605 1815/2077/2044
s 10
f 444/835/773 438/834/772 440/830/2046
s 2
f 433/1542/1499 432/819/2047 434/2080/1510
f 510/1560/1521 511/2081/1524 1816/1561/2048
s 34
f 485/1547/2049 486/2082/2050 1819/1545/2049
s 35
f 452/1528/2051 1818/842/2051 453/2083/2051
s 36
f 461/1553/2052 462/853/2053 463/2084/2054
s 16
f 463/2084/2055 462/853/793 1160/852/792
s 1
f 200/16/13 1173/4/4 106/6/6
f 1193/30/26 105/96/85 19/31/27
f 1188/33/29 117/90/80 26/34/30
f 1208/40/36 113/50/45 18/41/37
f 273/56/50 1223/54/48 104/55/49
f 284/64/58 1238/62/56 112/63/57
f 106/6/6 20/5/5 327/71/63
f 10/73/65 312/191/164 1268/74/66
f 336/78/69 8/95/65 98/79/65
f 104/55/49 16/17/14 307/81/71
f 116/89/79 1242/142/124 327/71/63
f 117/90/80 1267/92/82 311/91/81
f 19/31/27 341/97/86 1267/92/82
f 1263/94/84 97/75/65 8/95/65
f 105/96/85 1272/98/87 341/97/86
f 18/41/37 351/102/91 1272/98/87
f 1278/80/70 98/79/65 11/100/89
f 113/50/45 1287/104/93 351/102/91
f 25/103/92 374/190/163 1287/104/93
f 306/106/95 1253/140/123 96/107/65
f 112/63/57 17/57/51 379/111/98
f 100/113/65 12/132/65 378/114/100
f 21/65/59 112/63/57 1317/112/99
f 7/108/65 96/107/65 1248/123/109
f 96/107/65 9/141/65 331/126/112
f 16/17/14 106/6/6 1252/72/64
f 384/130/115 1313/149/131 101/131/65
f 97/75/65 1268/74/66 342/138/121
f 206/35/31 26/34/30 116/89/79
f 1253/140/123 326/193/166 9/141/65
f 26/34/30 311/91/81 1242/142/124
f 101/131/65 1308/150/132 389/147/129
f 1313/149/131 394/792/727 1308/150/132
f 11/100/89 352/181/157 1288/156/137
f 95/160/65 1258/161/140 331/126/112
f 10/73/65 321/183/159 1258/161/140
f 7/108/65 100/113/65 1303/115/101
f 1298/166/145 384/130/115 12/132/65
f 1293/171/149 99/157/89 1283/172/150
f 99/157/89 1288/156/137 373/174/152
f 17/57/51 104/55/49 1302/82/72
f 246/42/38 18/41/37 105/96/85
f 12/132/65 101/131/65 1318/148/130
f 98/79/65 1273/184/160 352/181/157
f 1163/139/122 116/89/79 20/5/5
f 321/183/159 10/73/65 97/75/65
f 8/95/65 342/138/121 1273/184/160
f 312/191/164 10/73/65 95/160/65
f 1243/192/165 95/160/65 9/141/65
f 346/101/90 11/100/89 99/157/89
f 317/124/110 1298/166/145 100/113/65
s 2
f 456/196/169 1395/342/315 130/197/170
f 710/204/177 1436/330/303 131/205/178
f 480/207/180 32/233/206 127/208/181
f 1431/206/179 131/205/178 1441/215/188
f 447/217/190 1365/317/290 124/218/191
f 1406/223/196 132/337/310 1411/224/197
f 27/228/201 533/261/234 1348/229/202
f 31/230/203 127/208/181 1352/231/204
f 32/233/206 515/300/273 1352/231/204
f 437/234/207 1366/248/221 134/235/208
f 33/240/213 551/303/276 1334/241/214
f 34/198/171 130/197/170 1339/243/216
f 412/245/218 28/274/247 122/246/219
f 1366/248/221 446/843/782 1450/249/222
f 30/253/226 125/278/251 1333/254/227
f 456/196/169 34/198/171 128/256/229
f 447/217/190 29/219/192 123/258/231
f 27/228/201 122/246/219 1328/260/233
f 34/198/171 531/244/217 1329/262/235
f 1381/266/239 426/820/756 1455/267/240
f 35/269/242 570/270/243 1339/243/216
f 35/269/242 129/242/215 1334/241/214
f 481/271/244 1381/266/239 119/268/241
f 28/274/247 123/258/231 1343/275/248
f 29/219/192 513/281/254 1343/275/248
f 427/277/250 31/230/203 125/278/251
f 490/280/253 1385/257/230 128/256/229
f 29/219/192 124/218/191 1348/229/202
f 1396/286/259 455/854/794 1467/287/260
f 28/274/247 549/276/249 1328/260/233
f 506/291/264 1396/286/259 139/288/261
f 1386/293/266 489/890/825 1463/294/267
f 30/253/226 550/255/228 1342/296/269
f 31/230/203 568/232/205 1333/254/227
f 32/233/206 126/297/270 1342/296/269
f 569/301/274 1351/251/224 121/302/275
f 33/240/213 128/256/229 1329/262/235
f 1480/292/265 139/288/261 1440/305/278
f 139/288/261 1467/287/260 692/307/280
f 1472/236/209 134/235/208 1410/310/283
f 134/235/208 1450/249/222 622/312/285
f 1455/267/240 658/1059/1001 1425/313/286
f 119/268/241 1425/313/286 673/315/288
f 436/316/289 27/228/201 124/218/191
f 427/277/250 1380/209/182 127/208/181
f 465/322/295 1371/279/252 125/278/251
f 640/323/296 1420/339/312 133/324/297
f 1415/325/298 133/324/297 1426/326/299
f 490/280/253 33/240/213 129/242/215
f 505/329/302 1390/328/301 129/242/215
f 1441/215/188 131/205/178 1436/330/303
f 412/245/218 1360/259/232 123/258/231
f 436/316/289 1356/247/220 122/246/219
f 1411/224/197 132/337/310 1400/334/307
f 605/336/309 1400/334/307 132/337/310
f 465/322/295 30/253/226 126/297/270
f 480/207/180 1376/338/311 126/297/270
f 1426/326/299 133/324/297 1420/339/312
f 505/329/302 35/269/242 130/197/170
s 3
f 1495/349/322 763/527/478 55/350/323
f 743/361/331 1495/349/322 158/351/324
f 1515/375/344 157/441/403 54/376/345
f 1510/378/347 169/435/398 61/379/348
f 1530/385/354 165/395/363 53/386/355
f 810/394/362 60/448/410 165/395/363
f 1545/399/366 743/361/331 51/362/332
f 815/401/368 1545/399/366 156/400/367
f 1560/407/374 815/401/368 52/402/369
f 158/351/324 55/350/323 868/416/381
f 45/418/383 853/536/484 1590/419/384
f 877/423/387 43/440/383 150/424/383
f 156/400/367 51/362/332 848/426/389
f 168/434/397 1564/489/442 868/416/381
f 169/435/398 1589/437/400 852/436/399
f 54/376/345 882/442/404 1589/437/400
f 1585/439/402 149/420/383 43/440/383
f 157/441/403 1594/443/405 882/442/404
f 53/386/355 892/447/409 1594/443/405
f 1600/425/388 150/424/383 46/445/407
f 165/395/363 1609/449/411 892/447/409
f 60/448/410 915/535/483 1609/449/411
f 847/451/413 1575/487/441 148/452/383
f 164/408/375 52/402/369 920/456/416
f 152/458/383 47/479/383 919/459/418
f 56/410/377 164/408/375 1639/457/417
f 42/453/383 148/452/383 1570/470/427
f 148/452/383 44/488/383 872/473/430
f 51/362/332 158/351/324 1574/417/382
f 925/477/433 1635/496/449 153/478/383
f 779/377/346 54/376/345 169/435/398
f 149/420/383 1590/419/384 883/485/439
f 749/380/349 61/379/348 168/434/397
f 1575/487/441 867/538/486 44/488/383
f 61/379/348 852/436/399 1564/489/442
f 153/478/383 1630/497/450 930/494/447
f 1635/496/449 935/1193/1144 1630/497/450
f 46/445/407 893/526/477 1610/503/455
f 147/507/383 1580/508/459 872/473/430
f 45/418/383 862/528/479 1580/508/459
f 42/453/383 152/458/383 1625/460/419
f 1620/513/464 925/477/433 47/479/383
f 1615/518/469 151/504/456 1605/519/470
f 151/504/456 1610/503/455 914/521/472
f 52/402/369 156/400/367 1624/427/390
f 789/387/356 53/386/355 157/441/403
f 47/479/383 153/478/383 1640/495/448
f 150/424/383 1595/529/480 893/526/477
f 1485/486/440 168/434/397 55/350/323
f 862/528/479 45/418/383 149/420/383
f 43/440/383 883/485/439 1595/529/480
f 853/536/484 45/418/383 147/507/383
f 1565/537/485 147/507/383 44/488/383
f 887/446/408 46/445/407 151/504/456
f 858/471/428 1620/513/464 152/458/383
s 4
f 1661/541/489 971/716/646 81/542/490
f 951/553/498 1661/541/489 188/543/491
f 1681/567/511 187/633/573 80/568/512
f 1676/570/514 199/627/567 87/571/515
f 1696/577/521 195/587/530 79/578/522
f 1018/586/529 86/640/580 195/587/530
f 1711/591/534 951/553/498 77/554/499
f 1023/593/536 1711/591/534 186/592/535
f 1726/599/542 1023/593/536 78/594/537
f 1034/601/544 1726/599/542 194/600/543
f 188/543/491 81/542/490 1077/608/549
f 71/610/551 1062/724/652 1756/611/552
f 1086/615/555 69/632/572 180/616/556
f 186/592/535 77/554/499 1057/618/558
f 198/626/566 1730/679/612 1077/608/549
f 199/627/567 1755/629/569 1061/628/568
f 80/568/512 1091/634/574 1755/629/569
f 1751/631/571 179/612/551 69/632/572
f 187/633/573 1760/635/575 1091/634/574
f 79/578/522 1101/639/579 1760/635/575
f 1766/617/557 180/616/556 72/637/577
f 195/587/530 1775/641/581 1101/639/579
f 86/640/580 1124/2034/651 1775/641/581
f 1056/643/583 1741/677/611 178/644/551
f 194/600/543 78/594/537 1129/648/586
f 182/650/551 73/669/551 1128/651/588
f 82/602/545 194/600/543 1805/649/587
f 189/658/595 82/602/545 1138/655/592
f 68/645/551 178/644/551 1736/660/597
f 178/644/551 70/678/551 1081/663/600
f 77/554/499 188/543/491 1740/609/550
f 1134/667/603 1801/686/619 183/668/551
f 987/569/513 80/568/512 199/627/567
f 179/612/551 1756/611/552 1092/675/609
f 957/572/516 87/571/515 198/626/566
f 1741/677/611 1076/726/654 70/678/551
f 87/571/515 1061/628/568 1730/679/612
f 183/668/551 1796/687/620 1139/684/617
f 1801/686/619 1144/1272/1227 1796/687/620
f 72/637/577 1102/715/645 1776/693/626
f 177/697/551 1746/698/630 1081/663/600
f 71/610/551 1071/717/647 1746/698/630
f 68/645/551 182/650/551 1791/652/589
f 1786/700/632 1134/667/603 73/669/551
f 1781/705/637 181/694/627 1771/706/638
f 181/694/627 1776/693/626 1123/708/640
f 78/594/537 186/592/535 1790/619/559
f 997/579/523 79/578/522 187/633/573
f 73/669/551 183/668/551 1806/685/618
f 180/616/556 1761/718/648 1102/715/645
f 1651/676/610 198/626/566 81/542/490
f 1071/717/647 71/610/551 179/612/551
f 69/632/572 1092/675/609 1761/718/648
f 1062/724/652 71/610/551 177/697/551
f 1731/725/653 177/697/551 70/678/551
f 1096/638/578 72/637/577 181/694/627
f 1067/661/598 1786/700/632 182/650/551
s 1
f 1250/1410/1367 319/1415/1372 320/1416/1373
f 310/1418/1375 1254/1417/1374 1255/1419/1376
f 308/1422/1379 1256/1421/1378 1253/140/123
f 1266/1434/1391 1263/94/84 336/78/69
f 341/97/86 343/1438/1395 1269/1435/1392
f 344/1439/1396 345/1440/1397 1271/1437/1394
f 353/1444/1401 354/1445/1402 1275/1442/1399
f 1289/1460/1416 1290/1461/1417 354/1445/1402
f 1290/1461/1417 1291/1462/1418 355/1446/1403
f 348/1451/1408 346/101/90 1293/171/149
f 380/1477/1433 1306/1476/1432 1303/115/101
f 1305/1474/1430 309/1420/1377 308/1422/1379
f 391/1484/1438 1320/1490/1444 1321/1491/1445
s 2
f 533/261/234 1328/260/233 1330/1503/1456
f 544/945/882 1330/1503/1456 1331/1504/1457
f 1331/1504/1457 1332/1505/1458 536/933/868
f 1332/1505/1458 1329/262/235 531/244/217
f 1328/260/233 549/276/249 554/950/889
f 1330/1503/1456 554/950/889 564/953/892
f 564/953/892 563/961/900 1332/1505/1458
f 563/961/900 551/303/276 1329/262/235
f 1333/254/227 1335/1506/1459 558/956/895
f 1335/1506/1459 1336/1508/1461 559/958/897
f 559/958/897 1336/1508/1461 1337/1507/1460
f 565/962/901 1337/1507/1460 1334/241/214
f 568/232/205 573/966/905 1335/1506/1459
f 573/966/905 583/969/908 1336/1508/1461
f 1336/1508/1461 583/969/908 582/978/917
f 1337/1507/1460 582/978/917 570/270/243
f 1341/1511/1464 1339/243/216 570/270/243
f 1338/1509/262 532/939/263 541/941/875
f 1340/1510/1462 541/941/875 535/934/869
f 1341/1511/1464 534/932/867 531/244/217
f 515/300/273 1342/296/269 1344/1513/1466
f 526/928/861 1344/1513/1466 1345/1514/1467
f 1345/1514/1467 1346/1515/1468 518/916/847
f 1346/1515/1468 1343/275/248 513/281/254
f 1342/296/269 550/255/228 560/957/896
f 1344/1513/1466 560/957/896 553/951/890
f 553/951/890 552/949/888 1346/1515/1468
f 552/949/888 549/276/249 1343/275/248
f 1349/1517/1469 1350/1519/1470 540/948/885
f 1350/1518/1471 1348/229/202 533/261/234
f 1350/1518/1471 516/915/846 513/281/254
f 1351/1520/224 1353/1521/1476 521/925/855
f 1353/1521/1473 1354/1523/1474 522/931/864
f 1351/1520/224 569/972/274 579/974/912
f 1353/1521/1473 579/974/912 572/967/906
f 441/1527/1481 1359/1526/1480 1356/247/220
f 422/812/748 412/245/218 1356/247/220
f 1360/259/232 1362/1529/1483 452/1528/1482
f 1360/259/232 412/245/218 422/814/748
f 1365/317/290 1367/1533/1487 441/1532/1481
f 1367/1533/1487 1368/1534/1489 442/837/1488
f 1368/1534/1489 1369/1535/1490 444/833/770
f 1369/1535/1490 1366/248/221 437/234/207
f 1365/317/290 447/217/190 452/1536/1482
f 1367/1533/1487 452/1536/1482 453/1537/1491
f 1368/1534/1489 453/1537/1491 449/1538/1492
f 1369/1535/1490 449/1538/783 446/843/782
f 464/298/271 1370/299/272 1372/1539/1493
f 473/870/1496 1374/1541/1495 1371/279/252
f 473/867/1496 465/322/295 1376/338/311
f 1380/209/182 1382/1549/1506 485/1548/1505
f 1382/1549/1506 1383/1550/1508 486/885/1507
f 1383/1550/1508 1384/1551/1509 488/881/818
f 1384/1551/1509 1381/266/239 481/271/244
f 1380/209/182 427/277/250 433/1552/1499
f 1383/1550/1508 434/823/1510 430/824/757
f 1384/1551/1509 430/824/757 426/820/756
f 1389/1556/1516 1386/293/266 454/343/316
f 1389/1556/1516 492/888/823 489/890/825
f 1394/1559/1520 1391/201/174 491/285/258
f 1392/1557/1518 510/1560/1521 1816/1561/1522
f 1395/342/315 1397/1563/1523 510/1562/1521
f 1397/1563/1523 1398/1564/1525 511/914/1524
f 1398/1564/1525 1399/1565/1527 508/911/1526
f 1399/1565/1527 1396/286/259 506/291/264
f 1395/342/315 456/196/169 461/1566/1511
f 1397/1563/1523 461/1566/1511 463/858/1528
f 1398/1564/1525 463/858/2056 459/857/795
f 1399/1565/1527 459/857/795 455/854/794
f 1410/310/283 1412/1575/1535 594/992/932
f 1412/1575/1535 1413/1576/1536 595/998/942
f 1413/1576/1536 1414/1577/1537 601/995/940
f 1414/1577/1537 1411/1578/197 588/996/308
f 1410/310/283 622/312/285 635/1026/970
f 1412/1575/1535 635/1026/970 630/1021/965
f 1413/1576/1536 630/1021/965 629/1018/963
f 1414/1577/1537 629/1018/963 621/1020/198
f 1425/313/286 1427/1587/1544 680/1073/1016
f 1427/1587/1544 1428/1588/1545 681/1079/1022
f 1428/1588/1545 1429/1589/1546 687/1076/1020
f 1429/1589/1546 1426/1590/299 674/1077/313
f 1425/313/286 658/1059/1001 670/1061/1003
f 1427/1587/1544 670/1061/1003 665/1055/997
f 1428/1588/1545 665/1055/997 664/1052/995
f 1429/1589/1546 664/1052/995 657/1054/300
f 1440/305/278 1442/1599/1553 734/1123/1068
f 1442/1599/1553 1443/1600/1554 735/1129/1074
f 1443/1600/1554 1444/1601/1555 740/1126/1072
f 1444/1601/1555 1441/1602/188 728/1127/304
f 1440/305/278 692/307/280 705/1095/1038
f 1442/1599/1553 705/1095/1038 700/1090/1033
f 1443/1600/1554 700/1090/1033 699/1087/1031
f 1444/1601/1555 699/1087/1031 691/1089/189
s 3
f 1566/1760/1732 1567/1762/1734 870/1761/1733
f 848/426/389 1574/417/382 1576/1777/1749
f 1574/417/382 868/416/381 871/1759/1731
f 1591/1795/1767 1592/1796/1768 855/1766/1738
f 1592/1796/1768 1593/1797/1769 856/1767/1739
f 1593/1797/1769 1590/419/384 853/536/484
f 884/1798/1770 885/1799/1771 1592/1796/1768
f 885/1799/1771 886/1800/1772 1593/1797/1769
f 886/1800/1772 883/485/439 1590/419/384
f 895/1805/1777 896/1806/1778 1598/1803/1775
f 1603/1812/1784 1600/425/388 887/446/408
f 1611/1820/1791 1612/1821/1792 895/1805/1777
f 1612/1821/1792 1613/1822/1793 896/1806/1778
f 916/1818/1790 914/521/472 1610/503/455
f 1618/1825/1796 1615/518/469 899/520/471
f 889/1811/1783 887/446/408 1615/518/469
f 1623/1828/1799 928/1831/1802 925/477/433
f 923/1833/1804 1626/1832/1803 1627/1834/1805
f 928/1831/1802 1638/1848/1817 1635/496/449
f 1641/1849/1818 923/1833/1804 922/1835/1806
f 1643/1851/1820 921/1837/1808 919/459/418
s 4
f 990/1912/1880 987/569/513 1676/570/514
f 989/1915/1883 1683/1919/1887 1684/1916/1884
f 1059/2001/1968 1743/2000/1967 1744/2002/1969
f 1093/2019/1986 1094/2020/1987 1758/2017/1984
f 1762/2022/1989 1763/2023/1990 1094/2020/1987
f 1101/639/579 1103/2025/1992 1762/2022/1989
f 1779/2044/2009 1776/693/626 1102/715/645
f 1129/648/586 1790/619/559 1792/2054/2019
f 1790/619/559 1057/618/558 1060/1999/1966
f 1138/655/592 1140/2063/2028 1797/2060/2025
f 1808/2070/2035 1131/2057/2022 1130/2059/2024
s 1
f 1222/1/1 93/70/2 1/2/2
f 1173/4/4 220/182/158 20/5/5
f 89/7/2 1167/61/55 226/8/7
f 215/10/8 24/76/67 114/11/9
f 4/13/2 90/43/2 1187/14/11
f 211/18/15 1218/162/141 102/19/16
f 225/21/18 15/83/73 109/22/19
f 3/9/2 88/27/2 1162/24/21
f 1177/26/23 216/158/138 4/13/2
f 1183/12/10 114/11/9 22/28/24
f 230/29/25 22/28/24 108/36/32
f 1198/37/33 108/36/32 23/38/34
f 90/43/2 2/154/2 235/44/39
f 240/39/35 23/38/34 115/45/40
f 1213/46/41 115/45/40 1325/47/42
f 268/49/44 25/103/92 113/50/45
f 91/51/2 5/151/133 245/52/46
f 1223/54/48 200/16/13 16/17/14
f 279/58/52 1233/66/60 110/59/53
f 1/2/2 210/194/167 1167/61/55
f 1238/62/56 273/56/50 17/57/51
f 1233/66/60 289/2085/685 1322/67/61
f 6/68/2 278/128/113 1217/69/62
f 24/76/67 322/125/111 1262/77/68
f 15/83/73 103/87/77 1247/84/74
f 15/83/73 332/85/75 1257/86/76
f 103/87/77 14/20/17 316/88/78
f 22/28/24 337/155/136 1277/93/83
f 23/38/34 347/188/162 1292/99/88
f 115/45/40 1292/99/88 357/105/94
f 14/20/17 102/19/16 1297/109/96
f 102/19/16 13/60/54 383/110/97
f 13/60/54 110/59/53 1312/116/102
f 110/59/53 1322/67/61 395/117/103
f 1168/119/105 211/18/15 14/20/17
f 1228/120/106 284/64/58 21/65/59
f 107/121/107 21/65/59 388/118/104
f 226/8/7 1177/26/23 88/27/2
f 1178/23/20 109/22/19 24/76/67
f 109/22/19 1257/86/76 322/125/111
f 94/127/2 1232/144/126 278/128/113
f 201/3/3 1/2/2 89/7/2
f 236/32/28 19/31/27 117/90/80
f 1203/133/116 250/729/657 1326/134/117
f 111/135/118 1326/134/117 356/136/119
f 225/21/18 1168/119/105 103/87/77
f 1227/143/125 290/761/696 1232/144/126
f 283/145/127 1227/143/125 94/127/2
f 5/151/133 92/167/133 1207/152/134
f 1182/153/135 231/159/139 2/154/2
f 114/11/9 1262/77/68 337/155/136
f 216/158/138 1182/153/135 90/43/2
f 231/159/139 1197/187/161 91/51/2
f 1218/162/141 279/58/52 13/60/54
s 2
f 1355/163/142 137/211/184 1445/164/143
s 1
f 92/167/133 1202/170/148 269/168/146
f 1212/169/147 251/738/666 1202/170/148
f 1228/175/106 107/179/107 1323/176/153
f 274/178/155 6/68/2 93/70/2
f 107/179/107 1307/1478/108 393/180/156
f 1237/146/128 94/127/2 6/68/2
f 2/154/2 91/51/2 1192/53/47
f 1203/133/116 111/135/118 25/185/92
f 1197/187/161 241/195/168 5/151/133
f 108/36/32 1277/93/83 347/188/162
f 111/189/118 1282/1459/120 374/190/163
f 1172/129/114 89/7/2 3/9/2
f 88/27/2 4/13/2 205/15/12
f 93/70/2 1217/69/62 210/194/167
f 241/195/168 1212/169/147 92/167/133
s 2
f 504/199/172 1481/202/175 136/200/173
f 1481/202/175 726/1113/1058 1435/203/176
f 435/210/183 1471/282/255 137/211/184
f 138/212/185 1458/1616/1579 672/213/186
f 425/220/193 1370/299/272 135/221/194
f 135/221/194 1476/1633/1605 638/226/199
f 411/237/210 1446/1606/1559 120/238/211
f 1347/250/223 121/302/275 1351/251/224
f 1375/263/236 138/212/185 1475/264/237
f 479/273/246 1458/1616/1579 138/212/185
f 1471/282/255 586/982/922 1401/283/256
f 1391/201/174 136/200/173 1462/284/257
f 1338/289/262 121/302/275 1347/250/223
f 464/298/271 1476/1633/1605 135/221/194
f 136/200/173 1435/203/176 709/304/277
f 120/238/211 1446/1606/1559 606/308/281
f 1475/264/237 138/212/185 1421/214/187
f 445/318/291 1361/239/212 120/238/211
f 120/238/211 1405/309/282 620/320/293
f 137/211/184 1401/283/256 604/321/294
f 118/295/268 1463/294/267 708/332/305
f 135/221/194 1416/227/200 656/341/314
f 454/343/316 1386/293/266 118/295/268
f 1468/344/317 118/295/268 1430/333/306
s 3
f 1544/346/319 145/415/320 36/347/320
f 141/352/320 1489/406/373 769/353/325
f 758/355/326 59/421/385 166/356/327
f 39/358/320 142/388/320 1509/359/329
f 754/363/333 1540/509/460 154/364/334
f 768/366/336 50/428/391 161/367/337
f 38/354/320 140/372/320 1484/369/339
f 1499/371/341 759/505/457 39/358/320
f 1505/357/328 166/356/327 57/373/342
f 773/374/343 57/373/342 160/381/350
f 1520/382/351 160/381/350 58/383/352
f 142/388/320 37/501/320 778/389/357
f 783/384/353 58/383/352 167/390/358
f 1535/391/359 167/390/358 1647/392/360
f 143/396/320 40/498/451 788/397/364
f 821/403/370 1555/411/378 162/404/371
f 36/347/320 753/539/487 1489/406/373
f 826/409/376 1560/407/374 164/408/375
f 1555/411/378 831/2086/1103 1644/412/379
f 41/413/320 820/475/431 1539/414/380
f 59/421/385 863/472/429 1584/422/386
f 50/428/391 155/432/395 1569/429/392
f 50/428/391 873/430/393 1579/431/394
f 155/432/395 49/365/335 857/433/396
f 57/373/342 878/502/454 1599/438/401
f 58/383/352 888/533/482 1614/444/406
f 167/390/358 1614/444/406 898/450/412
f 49/365/335 154/364/334 1619/454/414
f 154/364/334 48/405/372 924/455/415
f 48/405/372 162/404/371 1634/461/420
f 162/404/371 1644/412/379 936/462/421
f 1490/464/423 754/363/333 49/365/335
f 1550/465/424 826/1748/376 56/466/377
f 159/467/425 56/466/377 929/468/422
f 769/353/325 1499/371/341 140/372/320
f 1500/368/338 161/367/337 59/421/385
f 161/367/337 1579/431/394 863/472/429
f 146/474/320 1554/491/444 820/475/431
f 744/348/321 36/347/320 141/352/320
f 1525/480/434 793/1130/1075 1648/481/435
f 163/482/436 1648/481/435 897/483/437
f 768/366/336 1490/464/423 155/432/395
f 1549/490/443 832/1162/1113 1554/491/444
f 825/492/445 1549/490/443 146/474/320
f 40/498/451 144/514/465 1529/499/452
f 1504/500/453 774/506/458 37/501/320
f 166/356/327 1584/422/386 878/502/454
f 759/505/457 1504/500/453 142/388/320
f 774/506/458 1519/532/481 143/396/320
f 1540/509/460 821/403/370 48/405/372
s 4
f 1710/510/461 175/607/462 62/511/462
s 3
f 144/514/465 1524/517/468 811/515/466
f 1534/516/467 794/1139/1084 1524/517/468
f 1550/465/424 159/467/425 1645/522/473
f 816/524/475 41/413/320 145/415/320
f 159/467/425 1629/469/426 934/525/476
f 1559/493/446 146/474/320 41/413/320
f 37/501/320 143/396/320 1514/398/365
f 1525/480/434 163/482/436 60/530/410
f 1519/532/481 784/540/488 40/498/451
f 160/381/350 1599/438/401 888/533/482
f 163/534/436 1604/2087/438 915/535/483
f 1494/476/432 141/352/320 38/354/320
f 140/372/320 39/358/320 748/360/330
f 145/415/320 1539/414/380 753/539/487
f 784/540/488 1534/516/467 144/514/465
s 4
f 171/544/462 1655/598/541 977/545/492
f 966/547/493 85/613/553 196/548/494
f 65/550/462 172/580/462 1675/551/496
f 962/555/500 1706/699/631 184/556/501
f 976/558/503 76/620/560 191/559/504
f 64/546/462 170/564/462 1650/561/506
f 1665/563/508 967/695/628 65/550/462
f 1671/549/495 196/548/494 83/565/509
f 981/566/510 83/565/509 190/573/517
f 1686/574/518 190/573/517 84/575/519
f 172/580/462 63/691/624 986/581/524
f 991/576/520 84/575/519 197/582/525
f 1701/583/526 197/582/525 1813/584/527
f 173/588/531 66/688/621 996/589/532
f 1029/595/538 1721/603/546 192/596/539
f 62/511/462 961/727/655 1655/598/541
f 1721/603/546 1039/1230/1185 1810/604/547
f 67/605/462 1028/665/601 1705/606/548
f 85/613/553 1072/662/599 1750/614/554
f 76/620/560 185/624/564 1735/621/561
f 76/620/560 1082/622/562 1745/623/563
f 185/624/564 75/557/502 1066/625/565
f 83/565/509 1087/692/625 1765/630/570
f 84/575/519 1097/722/650 1780/636/576
f 197/582/525 1780/636/576 1107/642/582
f 75/557/502 184/556/501 1785/646/584
f 184/556/501 74/597/540 1133/647/585
f 74/597/540 192/596/539 1800/653/590
f 192/596/539 1810/604/547 1145/654/591
f 1656/656/593 962/555/500 75/557/502
f 1716/657/594 1034/601/544 82/602/545
f 977/545/492 1665/563/508 170/564/462
f 1666/560/505 191/559/504 85/613/553
f 191/559/504 1745/623/563 1072/662/599
f 176/664/462 1720/681/614 1028/665/601
f 952/512/463 62/511/462 171/544/462
f 1691/670/604 1001/1201/1155 1814/671/605
f 193/672/606 1814/671/605 1106/673/607
f 976/558/503 1656/656/593 185/624/564
f 1715/680/613 1040/1240/1196 1720/681/614
f 1033/682/615 1715/680/613 176/664/462
f 66/688/621 174/701/633 1695/689/622
f 1670/690/623 982/696/629 63/691/624
f 196/548/494 1750/614/554 1087/692/625
f 967/695/628 1670/690/623 172/580/462
f 982/696/629 1685/721/649 173/588/531
f 1706/699/631 1029/595/538 74/597/540
f 174/701/633 1690/704/636 1019/702/634
f 1700/703/635 1002/1210/1164 1690/704/636
f 1716/709/594 189/713/595 1811/710/641
f 1024/712/643 67/605/462 175/607/462
f 189/713/595 1795/2088/596 1143/714/644
f 1725/683/616 176/664/462 67/605/462
f 63/691/624 173/588/531 1680/590/533
f 1691/670/604 193/672/606 86/719/580
f 1685/721/649 992/728/656 66/688/621
f 190/573/517 1765/630/570 1097/722/650
f 193/672/606 1770/674/608 1124/723/651
f 1660/666/602 171/544/462 64/546/462
f 170/564/462 65/550/462 956/552/497
f 175/607/462 1705/606/548 961/727/655
f 992/728/656 1700/703/635 174/701/633
s 1
f 250/729/657 253/732/660 256/730/658
f 253/732/660 254/741/669 257/733/661
f 256/730/658 257/733/661 258/735/663
f 259/736/664 262/740/668 261/737/665
f 260/739/667 263/742/670 262/740/668
f 262/740/668 257/733/661 254/741/669
f 263/742/670 258/735/663 257/733/661
f 252/743/43 264/746/2057 266/744/671
f 264/746/673 255/2089/2058 267/734/674
f 265/745/672 266/744/671 263/742/675
f 266/744/671 267/734/674 258/735/677
f 288/177/154 291/2090/680 293/747/678
f 292/748/679 293/747/678 305/751/682
f 293/747/678 294/750/681 295/753/684
f 289/754/685 296/757/688 299/755/686
f 296/757/688 297/763/1351 300/758/689
f 298/756/690 299/755/686 294/750/691
f 299/755/686 300/758/689 295/753/693
f 301/759/694 304/762/697 303/760/695
f 302/752/683 305/751/682 304/762/697
f 304/762/697 300/758/699 297/763/698
f 305/751/682 295/753/684 300/758/699
f 356/136/119 359/1502/702 361/764/700
f 360/768/701 361/771/700 372/769/704
f 361/771/700 362/777/703 363/772/706
f 357/105/94 364/775/709 366/773/707
f 364/775/709 365/781/717 367/776/710
f 366/773/707 367/776/710 363/772/712
f 368/778/714 371/780/716 370/779/715
f 369/770/705 372/769/718 371/780/716
f 371/780/716 367/776/710 365/781/717
f 372/769/718 363/772/712 367/776/710
f 393/180/156 396/1479/721 399/782/719
f 396/784/721 397/795/730 400/785/722
f 399/786/719 400/785/722 401/789/724
f 402/790/725 405/794/729 404/791/726
f 403/793/728 406/796/731 405/794/729
f 405/794/729 400/785/732 397/795/730
f 406/796/731 401/789/737 400/785/732
f 395/117/103 398/1493/735 408/797/733
f 407/798/734 408/797/733 406/796/731
f 408/797/733 409/788/2059 401/789/737
s 2
f 413/800/738 416/803/741 415/801/739
f 414/802/740 421/811/747 416/803/741
f 416/803/741 421/811/747 417/805/743
f 418/807/744 421/810/747 420/808/745
f 419/809/746 417/815/743 421/810/747
f 424/813/749 417/815/743 419/809/746
s 5
f 428/816/750 430/2091/2060 429/817/751
s 6
f 429/817/753 430/2091/2061 1161/818/754
s 7
f 434/823/759 432/2092/2062 1161/818/760
s 9
f 442/829/766 1817/836/2063 440/830/767
s 10
f 443/832/771 439/1630/2064 438/834/772
s 11
f 444/835/774 440/830/2065 1817/836/775
s 37
f 449/1538/2066 453/1537/2067 1818/2093/2068
s 14
f 457/848/787 459/851/2069 458/849/788
s 16
f 458/849/791 459/851/2070 1160/852/792
s 2
f 467/860/799 470/863/802 469/861/800
f 472/868/806 471/866/804 468/862/801
f 475/872/808 478/874/810 477/873/809
f 476/865/803 470/864/802 478/874/810
f 478/874/810 470/864/802 471/866/804
s 18
f 482/876/811 488/879/2071 483/877/812
s 19
f 482/876/814 1819/884/821 484/878/815
s 2
f 492/888/823 495/892/827 494/889/824
f 495/892/827 503/895/830 501/893/828
f 495/892/827 493/891/826 496/894/829
f 498/897/832 496/894/829 493/891/826
f 500/901/834 503/903/830 502/902/835
f 516/915/846 519/918/849 518/916/847
f 517/917/848 520/920/851 519/918/849
f 519/918/849 530/921/852 527/919/850
f 514/922/225 521/925/855 524/923/853
f 521/925/855 522/931/864 525/926/856
f 523/924/854 524/923/853 520/920/857
s 24
f 524/923/858 525/926/2072 530/927/859
s 2
f 526/928/861 529/930/863 528/929/862
f 527/919/850 530/921/865 529/930/863
f 529/930/863 525/926/866 522/931/864
f 534/932/867 537/935/870 536/933/868
f 535/934/869 538/937/872 537/935/870
f 537/935/870 548/938/873 545/936/871
f 532/939/263 539/942/876 542/940/874
f 539/942/876 540/948/885 543/943/877
f 541/941/875 542/940/874 538/937/878
s 25
f 542/940/879 543/943/2073 548/944/880
s 2
f 544/945/882 547/947/884 546/946/883
f 545/936/871 548/938/886 547/947/884
f 547/947/884 543/943/887 540/948/885
f 552/949/888 555/952/891 554/950/889
f 553/951/890 556/960/899 555/952/891
f 555/952/891 567/955/894 564/953/892
f 555/952/891 556/960/899 557/954/893
f 558/956/895 561/959/898 560/957/896
f 559/958/897 562/964/903 561/959/898
f 561/959/898 556/960/899 553/951/890
f 561/959/898 562/964/903 557/954/893
f 563/961/900 566/963/902 565/962/901
f 564/953/892 567/955/894 566/963/902
f 566/963/902 562/964/903 559/958/897
f 566/963/902 567/955/894 557/954/893
f 571/965/904 574/968/907 573/966/905
f 572/967/906 575/970/2074 574/968/907
f 574/968/907 576/971/910 583/969/908
f 569/972/274 577/975/913 580/973/911
f 577/975/913 578/981/920 581/976/914
f 579/974/912 580/973/911 575/970/915
f 580/973/911 581/976/914 576/977/916
f 582/978/917 585/980/919 584/979/918
f 583/969/908 576/971/910 585/980/919
f 585/980/919 581/976/2075 578/981/920
f 586/982/922 589/1627/925 591/983/923
f 590/984/924 591/983/923 603/987/927
f 591/983/923 592/986/926 593/989/929
f 587/311/284 594/992/932 597/990/930
f 594/992/932 595/998/942 598/993/933
s 26
f 596/991/934 597/990/2076 592/986/935
s 2
f 597/990/930 598/993/933 593/989/937
f 599/994/939 602/997/941 601/995/940
f 600/988/928 603/987/943 602/997/941
f 602/997/941 598/993/944 595/998/942
f 603/987/943 593/989/2077 598/993/944
f 607/999/945 610/1002/948 609/1000/946
f 608/1001/947 611/2094/2078 610/1002/948
f 610/1002/948 611/2095/2078 617/1003/949
f 612/1004/950 615/1008/953 614/1005/951
f 613/1007/952 611/2096/2078 615/1008/953
f 615/1008/953 611/2094/2078 608/1001/947
f 616/1009/954 619/1011/956 618/1010/955
f 617/1003/949 611/2095/2078 619/1011/956
f 619/1011/956 611/2096/2078 613/1007/952
f 620/320/293 623/1014/959 626/1012/957
f 623/1014/959 624/1023/967 627/1015/960
f 626/1012/957 627/1015/960 628/1017/962
f 629/1018/963 632/1022/966 631/1019/964
f 630/1021/965 633/1024/968 632/1022/966
f 632/1022/966 627/1015/960 624/1023/967
f 633/1024/968 628/1017/962 627/1015/960
f 622/312/285 634/1027/1561 636/1025/969
f 634/1027/971 625/1609/1563 637/1016/972
f 635/1026/970 636/1025/969 633/1024/968
f 636/1025/969 637/1016/972 628/1017/962
f 641/1028/973 644/1031/976 643/1029/974
f 642/1030/975 645/1040/978 644/1031/976
f 644/1031/976 655/1034/979 652/1032/977
f 646/1035/980 649/1038/983 648/1036/981
f 647/1037/982 650/1039/984 649/1038/983
f 649/1038/983 645/1040/978 642/1030/975
f 651/1041/985 654/1044/987 653/1042/986
f 652/1032/977 655/1034/979 654/1044/987
f 654/1044/987 650/1039/984 647/1037/982
f 655/1034/979 645/1033/978 650/1039/984
f 656/341/314 659/1047/990 671/1045/988
f 659/1047/990 660/1057/1000 662/1048/991
f 664/1052/995 667/1056/999 666/1053/996
f 665/1055/997 662/1063/1006 667/1056/998
f 667/1056/999 662/1048/991 660/1057/1000
f 658/1059/1001 668/1062/1004 671/1060/1002
f 670/1061/1003 671/1060/1002 662/1063/1006
f 672/213/186 675/1066/1576 677/1064/1007
f 675/1066/1009 682/1615/1578 678/1067/1010
f 676/1065/1008 677/1064/1007 689/1068/1011
f 677/1064/1007 678/1067/1010 679/1070/1013
f 673/315/288 680/1073/1016 683/1071/1014
f 680/1073/1016 681/1079/1022 684/1074/1017
f 683/1071/1014 684/1074/1017 679/1070/1013
f 685/1075/1019 688/1078/1021 687/1076/1020
f 686/1069/1012 689/1068/1011 688/1078/1021
f 688/1078/1021 684/1074/1017 681/1079/1022
f 689/1068/1011 679/1070/1013 684/1074/1017
f 690/345/318 693/1082/1025 696/1080/1023
f 693/1082/1025 694/1092/1035 697/1083/1026
f 695/1081/1027 696/1080/1023 707/1084/1028
f 696/1080/1023 697/1083/1026 698/1086/1030
f 699/1087/1031 702/1091/1034 701/1088/1032
f 700/1090/1033 703/1093/1036 702/1091/1034
f 702/1091/1034 697/1083/1026 694/1092/1035
f 703/1093/1036 698/1086/1030 697/1083/1026
f 692/307/280 704/1622/1039 706/1094/1037
f 705/1095/1038 706/1094/1037 703/1093/1041
f 706/1094/1037 707/1084/1040 698/1086/1042
f 711/1096/1043 714/1099/1046 713/1097/1044
f 712/1098/1045 715/1108/1048 714/1099/1046
f 714/1099/1046 725/1102/1049 722/1100/1047
f 716/1103/1050 719/1106/1053 718/1104/1051
f 717/1105/1052 720/1107/1054 719/1106/1053
f 719/1106/1053 715/1108/1048 712/1098/1045
f 721/1109/1055 724/1112/1057 723/1110/1056
f 722/1100/1047 725/1102/1049 724/1112/1057
f 724/1112/1057 720/1107/1054 717/1105/1052
f 725/1102/1049 715/1101/1048 720/1107/1054
f 726/1113/1058 729/2097/1061 731/1114/1059
f 730/1115/1060 731/1114/1059 742/1118/1063
f 731/1114/1059 732/1117/1062 733/1120/1065
f 727/306/279 734/1123/1068 736/1121/1066
f 734/1123/1068 735/1129/1074 737/1124/1069
f 736/1121/1066 737/1124/1069 733/1120/1065
f 738/1125/1071 741/1128/1073 740/1126/1072
f 739/1119/1064 742/1118/1063 741/1128/1073
f 741/1128/1073 737/1124/1069 735/1129/1074
f 742/1118/1063 733/1120/1065 737/1124/1069
s 3
f 793/1130/1075 796/1133/1078 798/1131/1076
f 796/1133/1078 797/1142/1087 799/1134/1079
f 798/1131/1076 799/1134/1079 800/1136/1081
f 801/1137/1082 804/1141/1086 803/1138/1083
f 802/1140/1085 805/1143/1088 804/1141/1086
f 804/1141/1086 799/1134/1079 797/1142/1087
f 805/1143/1088 800/1136/1081 799/1134/1079
f 795/1144/361 806/2098/1091 808/1145/1089
f 807/1146/1090 808/1145/1089 805/1143/1093
f 808/1145/1089 809/1135/2079 800/1136/1095
f 830/523/474 833/2099/1098 835/1148/1096
f 834/1149/1097 835/1148/1096 846/1152/1100
f 835/1148/1096 836/1151/1099 837/1154/1102
f 831/1155/1103 838/1158/1106 840/1156/1104
f 838/1158/1106 839/1164/1726 841/1159/1107
f 840/1156/1104 841/1159/1107 837/1154/1109
f 842/1160/1111 845/1163/1114 844/1161/1112
f 843/1153/1101 846/1152/1100 845/1163/1114
f 845/1163/1114 841/1159/1116 839/1164/1115
f 846/1152/1100 837/1154/1102 841/1159/1116
f 897/483/437 900/1859/1119 902/1165/1117
f 901/1169/1118 902/1172/1117 913/1170/1121
f 902/1172/1117 903/1178/2080 904/1173/1123
f 898/450/412 905/1176/1126 907/1174/1124
f 905/1176/1126 906/1182/1133 908/1177/1127
f 907/1174/1124 908/1177/1127 904/1173/1129
f 909/1179/1130 912/1181/1132 911/1180/1131
f 910/1171/1122 913/1170/1134 912/1181/1132
f 912/1181/1132 908/1177/1127 906/1182/1133
f 913/1170/1134 904/1173/1129 908/1177/1127
f 934/525/476 937/1838/1137 939/1183/1135
f 937/1185/1137 938/1196/1147 940/1186/1138
f 939/1187/1135 940/1186/1138 941/1190/1140
f 942/1191/1142 945/1195/1146 944/1192/1143
f 943/1194/1145 946/1197/1148 945/1195/1146
f 945/1195/1146 940/1186/1149 938/1196/1147
f 946/1197/1148 941/1190/1154 940/1186/1149
f 936/462/421 947/1853/1152 949/1198/1150
f 948/1199/1151 949/1198/1150 946/1197/1148
f 949/1198/1150 950/1189/1153 941/1190/1154
s 4
f 1001/1201/1155 1004/1204/1158 1007/1202/1156
f 1004/1204/1158 1005/1215/1167 1008/1205/1159
f 1007/1202/1156 1008/1205/1159 1009/1207/1161
f 1010/1208/1162 1013/1214/1166 1012/1209/1163
f 1011/1211/1165 1014/1216/1168 1013/1212/1166
f 1013/1214/1166 1008/1205/1159 1005/1215/1167
f 1014/1216/1168 1009/1222/1161 1008/1217/1159
f 1003/585/1169 1006/2076/2081 1016/1218/1170
f 1015/1219/1171 1016/1218/1170 1014/1216/1175
f 1016/1218/1170 1017/1221/2082 1009/1222/1177
f 1038/711/642 1041/2100/1180 1043/1223/1178
f 1042/1224/1179 1043/1223/1178 1055/1227/1182
f 1043/1223/1178 1044/1226/1181 1045/1229/1184
f 1039/1230/1185 1046/1233/1188 1049/1231/1186
f 1046/1233/1188 1047/1243/1942 1050/1234/1189
f 1048/1232/1190 1049/1231/1186 1044/1235/1191
f 1049/1231/1186 1050/1234/1189 1045/1237/1193
f 1051/1238/1194 1054/1241/1197 1053/1239/1195
f 1052/1228/1183 1055/1227/1182 1054/1241/1197
f 1054/1242/1197 1050/1234/1199 1047/1243/1198
f 1055/1227/1182 1045/1229/1184 1050/1245/1199
f 1106/673/607 1109/2079/1202 1111/1246/1200
f 1110/1251/1201 1111/1250/1200 1122/1252/1204
f 1111/1250/1200 1112/1249/2083 1113/1254/1206
f 1107/642/582 1114/1257/1209 1116/1255/1207
f 1114/1257/1209 1115/1262/1216 1117/1258/1210
f 1116/1255/1207 1117/1258/1210 1113/1254/1212
f 1118/1259/1213 1121/1261/1215 1120/1260/1214
f 1119/1253/1205 1122/1252/1217 1121/1261/1215
f 1121/1261/1215 1117/1258/1210 1115/1262/1216
f 1122/1252/1217 1113/1254/1212 1117/1258/1210
f 1143/1263/644 1146/1266/1220 1148/1264/1218
f 1146/1266/1220 1147/1275/1230 1149/1267/1221
f 1148/1264/1218 1149/1267/1221 1150/1269/1223
f 1151/1270/1225 1154/1274/1229 1153/1271/1226
f 1152/1273/1228 1155/1276/1231 1154/1274/1229
f 1154/1274/1229 1149/1267/1232 1147/1275/1230
f 1155/1276/1231 1150/1269/1237 1149/1267/1232
f 1145/654/591 1156/2073/1235 1158/1277/1233
f 1157/1278/1234 1158/1277/1233 1155/1276/1231
f 1158/1277/1233 1159/1268/1236 1150/1269/1237
s 1
f 221/25/22 1162/24/21 1164/1280/1238
f 224/1281/1239 1164/1280/1238 1165/1282/1240
f 223/1284/1242 1165/1289/1247 1166/1285/1243
f 1166/1285/1243 1163/139/122 220/182/158
f 1162/24/21 205/15/12 207/1287/1245
f 1164/1280/1238 207/1287/1245 208/1288/1246
f 1165/1289/1247 208/1328/1285 209/1290/1248
f 209/1290/1248 206/35/31 1163/139/122
f 1167/61/55 1169/1292/1250 229/1291/1249
f 1169/1292/1250 1170/1294/1256 228/1293/1251
f 1170/1294/1252 1171/1300/1258 227/1295/1253
f 227/1295/1253 1171/1300/1258 1168/1296/105
f 210/194/167 212/1298/1255 1169/1292/1250
f 212/1298/1255 213/1299/1324 1170/1294/1256
f 213/1299/1257 214/1368/1326 1171/1300/1258
f 1171/1300/1258 214/1368/1326 211/1301/15
f 1172/129/114 1174/1303/1260 204/1302/1259
f 1174/1303/1260 1175/1305/1265 203/1304/1261
f 1175/1305/1262 1176/1308/1266 202/1306/1263
f 202/1307/1263 1176/1309/1266 1173/4/4
f 221/25/22 224/1281/1239 1174/1303/1260
f 224/1281/1239 223/1283/1241 1175/1305/1265
f 223/1283/1242 222/2101/1244 1176/1308/1266
f 1176/1309/1266 222/1286/1244 220/182/158
f 216/158/138 1177/26/23 1179/1310/1267
f 219/1311/1268 1179/1310/1267 1180/1312/1269
f 218/1313/1271 1180/1312/1274 1181/1314/1272
f 1181/1314/1272 1178/1317/20 215/1316/8
f 1177/26/23 226/8/7 229/1291/1249
f 1179/1310/1267 229/1291/1249 228/1293/1251
f 1180/1312/1274 228/1293/1254 227/1295/1253
f 227/1295/1253 225/1297/18 1178/1317/20
f 231/159/139 1182/153/135 1184/1318/1275
f 234/1319/1276 1184/1318/1275 1185/1320/1277
f 233/1321/1279 1185/1320/1282 1186/1322/1280
f 1186/1322/1280 1183/1325/10 230/1324/25
f 1182/153/135 216/158/138 219/1311/1268
f 1184/1318/1275 219/1311/1268 218/1313/1270
f 1185/1320/1282 218/1313/1271 217/1315/1273
f 217/1315/1273 215/1316/8 1183/1325/10
f 205/15/12 1187/14/11 1189/1326/1283
f 207/1287/1245 1189/1326/1283 1190/1327/1284
f 208/1328/1285 1190/1332/1289 1191/1329/1286
f 1191/1329/1286 1188/33/29 206/35/31
f 1187/14/11 235/44/39 237/1330/1287
f 1189/1326/1283 237/1330/1287 238/1331/1288
f 1190/1332/1289 238/1336/1293 239/1333/1290
f 239/1333/1290 236/32/28 1188/33/29
f 235/44/39 1192/53/47 1194/1334/1291
f 237/1330/1287 1194/1334/1291 1195/1335/1292
f 238/1336/1293 1195/1340/1297 1196/1337/1294
f 1196/1337/1294 1193/30/26 236/32/28
f 1192/53/47 245/52/46 247/1338/1295
f 1194/1334/1291 247/1338/1295 248/1339/1296
f 1195/1340/1297 248/1358/1315 249/1341/1298
f 249/1341/1298 246/42/38 1193/30/26
f 241/195/168 1197/187/161 1199/1342/1299
f 244/1343/1300 1199/1342/1299 1200/1344/1301
f 243/1345/1303 1200/1344/1306 1201/1346/1304
f 1201/1346/1304 1198/1349/33 240/1348/35
f 1197/187/161 231/159/139 234/1319/1276
f 1199/1342/1299 234/1319/1276 233/1321/1278
f 1200/1344/1306 233/1321/1279 232/1323/1281
f 232/1323/1281 230/1324/25 1198/1349/33
f 1202/170/148 1204/1351/1308 272/1350/1307
f 1204/1351/1308 1205/1353/1310 271/1352/1309
f 1205/1353/1310 1206/1355/1312 270/1354/1311
f 1206/1355/1312 1203/133/116 268/186/44
f 251/738/666 261/737/665 1204/1351/1308
f 261/737/665 254/741/669 1205/1353/1310
f 254/741/669 253/732/660 1206/1355/1312
f 253/732/660 250/729/657 1203/133/116
f 245/52/46 1207/152/134 1209/1356/1313
f 247/1338/1295 1209/1356/1317 1210/1357/1314
f 248/1358/1315 1210/1360/1318 1211/1359/1316
f 249/1341/1298 1211/1359/1316 1208/40/36
f 1207/152/134 269/168/146 272/1350/1307
f 1209/1356/1317 272/1350/1307 271/1352/1309
f 1210/1360/1318 271/2102/1309 270/1361/1311
f 270/1361/1311 268/49/44 1208/40/36
f 251/738/666 1212/169/147 1214/1362/1319
f 259/736/664 1214/1362/1319 1215/1363/1320
f 260/739/676 1215/1363/1322 1216/1364/1321
f 265/745/672 1216/1364/1321 1213/1365/41
f 1212/169/147 241/195/168 244/1343/1300
f 1214/1362/1319 244/1343/1300 243/1345/1302
f 1215/1363/1322 243/1345/1303 242/1347/1305
f 1216/1364/1321 242/1347/1305 240/1348/35
f 1217/69/62 1219/1366/1323 212/1298/1255
f 1219/1366/1323 1220/1367/1328 213/1299/1324
f 1220/1367/1325 1221/1372/1330 214/1368/1326
f 214/1368/1326 1221/1372/1330 1218/1369/141
f 278/128/113 280/1370/1327 1219/1366/1323
f 280/1370/1327 281/1371/1346 1220/1367/1328
f 281/1371/1329 282/1391/1348 1221/1372/1330
f 1221/1372/1330 282/1391/1348 279/1373/52
f 1222/1/1 1224/1375/1332 277/1374/1331
f 1224/1375/1332 1225/1377/1337 276/1376/1333
f 1225/1377/1334 1226/1380/1338 275/1378/1335
f 275/1379/1335 1226/1381/1338 1223/54/48
f 201/3/3 204/1302/1259 1224/1375/1332
f 204/1302/1259 203/1304/1261 1225/1377/1337
f 203/1304/1264 202/1306/1263 1226/1380/1338
f 1226/1381/1338 202/1307/1263 200/16/13
f 290/761/696 1227/143/125 1229/1382/1339
f 301/759/694 1229/1382/1339 1230/1383/1340
f 302/752/683 1230/1383/1340 1231/1384/1341
f 292/748/679 1231/1384/1341 1228/175/106
f 1227/143/125 283/145/127 285/1385/1342
f 1229/1382/1339 285/1385/1342 286/1386/1343
f 1230/1383/1340 286/1386/1343 287/1387/1344
f 1231/1384/1341 287/1387/1344 284/1388/58
f 1232/144/126 1234/1389/1345 280/1370/1327
f 1234/1389/1345 1235/1390/1350 281/1371/1346
f 1235/1390/1347 1236/1392/1349 282/1391/1348
f 1236/1392/1349 1233/1393/60 279/1373/52
f 290/761/696 303/760/695 1234/1389/1345
f 303/760/695 297/763/698 1235/1390/1350
f 297/763/1351 296/757/688 1236/1392/1349
f 296/757/688 289/754/685 1233/1393/60
f 1237/146/128 1239/1394/1352 285/1385/1342
f 1239/1394/1352 1240/1395/1354 286/1386/1343
f 1240/1395/1353 1241/1397/1355 287/1387/1344
f 287/1396/1344 1241/1398/1355 1238/62/56
f 274/178/155 277/1374/1331 1239/1394/1352
f 277/1374/1331 276/1376/1333 1240/1395/1354
f 276/1376/1336 275/1378/1335 1241/1397/1355
f 275/1379/1335 273/56/50 1238/62/56
f 1242/142/124 1244/1400/1357 330/1399/1356
f 1244/1400/1357 1245/1402/1359 329/1401/1358
f 1245/1402/1359 1246/1404/1361 328/1403/1360
f 1246/1404/1361 1243/192/165 326/193/166
f 311/91/81 313/1405/1362 1244/1400/1357
f 313/1405/1362 314/1406/1363 1245/1402/1359
f 314/1406/1363 315/1407/1364 1246/1404/1361
f 315/1407/1364 312/191/164 1243/192/165
f 332/85/75 1247/84/74 1249/1408/1365
f 335/1409/1366 1249/1408/1365 1250/1410/1367
f 334/1411/1368 1250/1410/1367 1251/1412/1369
f 333/1413/1370 1251/1412/1369 1248/123/109
f 1247/84/74 316/88/78 318/1414/1371
f 1249/1408/1365 318/1414/1371 319/1415/1372
f 1251/1412/1369 320/1416/1373 317/124/110
f 307/81/71 1252/72/64 1254/1417/1374
f 309/1420/1377 1255/1419/1376 1256/1421/1378
f 1252/72/64 327/71/63 330/1399/1356
f 1254/1417/1374 330/1399/1356 329/1401/1358
f 1255/1419/1376 329/1401/1358 328/1403/1360
f 1256/1421/1378 328/1403/1360 326/193/166
f 1257/86/76 1259/1424/1381 325/1423/1380
f 1259/1424/1381 1260/1426/1383 324/1425/1382
f 1260/1426/1383 1261/1428/1385 323/1427/1384
f 1261/1428/1385 1258/161/140 321/183/159
f 332/85/75 335/1409/1366 1259/1424/1381
f 335/1409/1366 334/1411/1368 1260/1426/1383
f 334/1411/1368 333/1413/1370 1261/1428/1385
f 333/1413/1370 331/126/112 1258/161/140
f 1262/77/68 1264/1430/1387 340/1429/1386
f 1264/1430/1387 1265/1432/1389 339/1431/1388
f 1265/1432/1389 1266/1434/1391 338/1433/1390
f 322/125/111 325/1423/1380 1264/1430/1387
f 325/1423/1380 324/1425/1382 1265/1432/1389
f 324/1425/1382 323/1427/1384 1266/1434/1391
f 323/1427/1384 321/183/159 1263/94/84
f 1267/92/82 1269/1435/1392 313/1405/1362
f 1269/1435/1392 1270/1436/1393 314/1406/1363
f 1270/1436/1393 1271/1437/1394 315/1407/1364
f 1271/1437/1394 1268/74/66 312/191/164
f 343/1438/1395 344/1439/1396 1270/1436/1393
f 345/1440/1397 342/138/121 1268/74/66
f 1272/98/87 1274/1441/1398 343/1438/1395
f 1274/1441/1398 1275/1442/1399 344/1439/1396
f 1275/1442/1399 1276/1443/1400 345/1440/1397
f 1276/1443/1400 1273/184/160 342/138/121
f 351/102/91 353/1444/1401 1274/1441/1398
f 354/1445/1402 355/1446/1403 1276/1443/1400
f 355/1446/1403 352/181/157 1273/184/160
f 1277/93/83 1279/1448/1405 350/1447/1404
f 1279/1448/1405 1280/1450/1407 349/1449/1406
f 1280/1450/1407 1281/1452/1409 348/1451/1408
f 1281/1452/1409 1278/80/70 346/101/90
f 337/155/136 340/1429/1386 1279/1448/1405
f 340/1429/1386 339/1431/1388 1280/1450/1407
f 339/1431/1388 338/1433/1390 1281/1452/1409
f 338/1433/1390 336/78/69 1278/80/70
f 374/190/163 1282/1459/120 1284/1453/1410
f 377/1454/1411 1284/1453/1410 1285/1455/1412
f 376/1456/1413 1285/1455/1412 1286/1457/1414
f 375/1458/1415 1286/1457/1414 1283/172/150
f 1282/1459/120 356/2103/119 360/768/701
f 1284/1453/1410 360/768/701 369/770/705
f 1285/1455/1412 369/770/705 368/778/714
f 1286/1457/1414 368/778/714 358/173/151
f 1287/104/93 1289/1460/1416 353/1444/1401
f 1291/1462/1418 1288/156/137 352/181/157
f 374/190/163 377/1454/1411 1289/1460/1416
f 377/1454/1411 376/1456/1413 1290/1461/1417
f 376/1456/1413 375/1458/1415 1291/1462/1418
f 375/1458/1415 373/174/152 1288/156/137
f 1292/99/88 1294/1463/1419 364/775/709
f 1294/1463/1419 1295/1464/1420 365/781/717
f 1295/1464/1420 1296/1465/1421 370/779/715
f 1296/1465/1421 1293/171/149 358/173/151
f 347/188/162 350/1447/1404 1294/1463/1419
f 350/1447/1404 349/1449/1406 1295/1464/1420
f 349/1449/1406 348/1451/1408 1296/1465/1421
f 316/88/78 1297/109/96 1299/1466/1422
f 318/1414/1371 1299/1466/1422 1300/1467/1423
f 319/1415/1372 1300/1467/1423 1301/1468/1424
f 320/1416/1373 1301/1468/1424 1298/166/145
f 1297/109/96 383/110/97 385/1469/1425
f 1299/1466/1422 385/1469/1425 386/1470/1426
f 1300/1467/1423 386/1470/1426 387/1471/1427
f 1301/1468/1424 387/1471/1427 384/130/115
f 379/111/98 1302/82/72 1304/1472/1428
f 382/1473/1429 1304/1472/1428 1305/1474/1430
f 381/1475/1431 1305/1474/1430 1306/1476/1432
f 1302/82/72 307/81/71 310/1418/1375
f 1304/1472/1428 310/1418/1375 309/1420/1377
f 1306/1476/1432 308/1422/1379 306/106/95
f 1307/1478/108 1309/2104/1434 396/1479/721
f 1309/1480/1434 1310/1481/1435 397/795/730
f 1310/1481/1435 1311/1482/1436 404/791/726
f 1311/1482/1436 1308/150/132 394/792/727
f 388/118/104 390/1483/1437 1309/1480/1434
f 390/1483/1437 391/1484/1438 1310/1481/1435
f 391/1484/1438 392/1485/1439 1311/1482/1436
f 392/1485/1439 389/147/129 1308/150/132
f 383/110/97 1312/116/102 1314/1486/1440
f 385/1469/1425 1314/1486/1440 1315/1487/1441
f 386/1470/1426 1315/1487/1441 1316/1488/1442
f 387/1471/1427 1316/1488/1442 1313/149/131
f 1312/116/102 395/117/103 407/798/734
f 1314/1486/1440 407/798/734 403/793/728
f 1315/1487/1441 403/793/728 402/790/725
f 1316/1488/1442 402/790/725 394/792/727
f 388/118/104 1317/112/99 1319/1489/1443
f 390/1483/1437 1319/1489/1443 1320/1490/1444
f 392/1485/1439 1321/1491/1445 1318/148/130
f 1317/112/99 379/111/98 382/1473/1429
f 1319/1489/1443 382/1473/1429 381/1475/1431
f 1320/1490/1444 381/1475/1431 380/1477/1433
f 1321/1491/1445 380/1477/1433 378/114/100
f 395/117/103 1322/67/61 1324/1492/1446
f 398/783/720 1324/1496/1450 1323/176/153
f 1322/67/61 289/2085/685 298/1494/1447
f 1324/1496/1450 291/2090/680 288/177/154
f 1325/47/42 1327/1501/1455 264/1497/1451
f 1327/1500/1454 1326/134/117 250/729/657
f 357/105/94 359/774/708 1327/1501/1455
f 359/1502/702 356/136/119 1326/134/117
s 2
f 1338/1509/262 1340/1510/1465 577/975/913
f 1340/1510/1462 1341/1512/1463 578/981/920
f 1347/1516/223 1349/1517/1472 539/942/876
f 1347/1516/223 514/922/225 523/924/854
f 1349/1517/1469 523/924/854 517/917/848
f 1354/1522/1475 1352/231/204 515/300/273
f 1354/1522/1475 571/965/904 568/232/205
f 435/210/183 1355/163/142 1357/1524/1477
f 438/831/764 1357/1524/1477 1358/1525/1478
f 442/829/1479 1358/1525/1478 1359/1526/1480
f 410/165/144 415/801/739 1357/1524/1477
f 415/801/739 423/804/742 1358/1525/1478
f 423/804/742 422/812/748 1359/1526/1480
f 1362/1529/1483 1363/1530/1485 1818/842/1484
f 1363/1530/1485 1364/1531/1486 449/839/778
f 1364/1531/1486 1361/239/212 445/318/291
f 1362/1529/1483 422/814/748 419/809/746
f 1363/1530/1485 419/809/746 418/807/744
f 1364/1531/1486 418/807/744 411/237/210
f 467/860/799 1372/1539/1493 1373/1540/1494
f 468/871/801 1373/1540/1494 1374/1541/1495
f 425/220/193 429/817/1497 1372/1539/1493
f 429/817/1497 432/819/1498 1373/1540/1494
f 432/819/1498 433/1542/1499 1374/1541/1495
f 433/1542/1499 427/277/250 1371/279/252
f 479/273/246 1375/263/236 1377/1543/1500
f 482/876/1501 1377/1543/1500 1378/1544/1502
f 1819/1545/1503 1378/1544/1502 1379/1546/1504
f 485/1547/1505 1379/1546/1504 1376/338/311
f 466/265/238 477/873/809 1377/1543/1500
f 477/873/809 472/875/806 1378/1544/1502
f 472/875/806 473/867/1496 1379/1546/1504
f 1382/1549/1506 433/1552/1499 434/823/1510
f 1385/257/230 1387/1554/1512 461/1553/1511
f 1387/1554/1512 1388/1555/1514 462/853/1513
f 1388/1555/1514 1389/1556/1516 458/849/1515
f 1385/257/230 490/280/253 497/899/1517
f 1387/1554/1512 497/899/1517 493/900/826
f 1388/1555/1514 493/900/826 492/888/823
f 1390/328/301 1392/1557/1518 497/896/1517
f 1392/1557/1518 1393/1558/1519 498/904/832
f 1393/1558/1519 1394/1559/1520 502/902/835
f 1390/328/301 505/329/302 510/1560/1521
f 1393/1558/1519 1816/1561/1522 508/907/836
f 1394/1559/1520 508/907/836 504/199/172
f 588/996/308 1400/1570/307 1402/1567/1529
f 599/994/939 1402/1567/1529 1403/1568/1530
f 600/988/928 1403/1568/1530 1404/1569/1531
f 590/984/924 1404/1569/1531 1401/283/256
f 1400/1570/307 605/1006/309 614/1005/951
f 1402/1567/1529 614/1005/951 608/1001/947
f 1403/1568/1530 608/1001/947 607/999/945
f 607/999/945 604/321/294 1401/283/256
f 1405/309/282 1407/1571/1532 623/1014/959
f 1407/1571/1532 1408/1572/1533 624/1023/967
f 1408/1572/1533 1409/1573/1534 631/1019/964
f 1409/1573/1534 1406/1574/196 621/1020/198
f 606/308/281 618/1010/955 1407/1571/1532
f 618/1010/955 613/1007/952 1408/1572/1533
f 613/1007/952 612/1004/950 1409/1573/1534
f 612/1004/950 605/1006/309 1406/1574/196
f 1415/1579/298 1417/1580/1538 651/1041/985
f 1417/1580/1538 1418/1581/1539 652/1032/977
f 1418/1581/1539 1419/1582/1540 643/1029/974
f 1419/1582/1540 1416/227/200 638/226/199
f 657/1054/300 666/1053/996 1417/1580/1538
f 666/1058/996 660/1057/1000 1418/1581/1539
f 660/1057/1000 659/1047/990 1419/1582/1540
f 659/1047/990 656/341/314 1416/227/200
f 674/1077/313 1420/1586/312 1422/1583/1541
f 685/1075/1019 1422/1583/1541 1423/1584/1542
f 686/1069/1012 1423/1584/1542 1424/1585/1543
f 676/1065/1008 1424/1585/1543 1421/214/187
f 1420/1586/312 640/1043/296 653/1042/986
f 1422/1583/1541 653/1042/986 647/1037/982
f 1423/1584/1542 647/1037/982 646/1035/980
f 1424/1585/1543 646/1035/980 639/314/287
f 1430/333/306 1432/1591/1547 693/1082/1025
f 1432/1591/1547 1433/1592/1548 694/1092/1035
f 1433/1592/1548 1434/1593/1549 701/1088/1032
f 1434/1593/1549 1431/1594/179 691/1089/189
f 708/332/305 713/1097/1044 1432/1591/1547
f 713/1097/1044 722/1100/1047 1433/1592/1548
f 722/1100/1047 721/1109/1055 1434/1593/1549
f 721/1109/1055 710/1111/177 1431/1594/179
f 709/304/277 1435/203/176 1437/1595/1550
f 716/1103/1050 1437/1595/1550 1438/1596/1551
f 717/1105/1052 1438/1596/1551 1439/1597/1552
f 723/1110/1056 1439/1597/1552 1436/1598/303
f 1435/203/176 726/1113/1058 730/1115/1060
f 1437/1595/1550 730/1115/1060 739/1119/1064
f 1438/1596/1551 739/1119/1064 738/1125/1071
f 1439/1597/1552 738/1125/1071 728/1127/304
f 1445/164/143 1447/1603/1556 413/800/738
f 1447/1603/1556 1448/1604/1557 414/802/1557
f 1448/1604/1557 1449/1605/1558 420/808/745
f 1449/1605/1558 1446/1606/1559 411/237/210
f 604/321/294 609/1000/946 1447/1603/1556
f 609/1000/946 617/1003/949 1448/1604/1557
f 617/1003/949 616/1009/954 1449/1605/1558
f 616/1009/954 606/308/281 1446/1606/1559
f 622/312/285 1450/249/222 1452/1607/1560
f 634/1027/971 1452/1607/1562 1453/1608/1562
f 1453/1610/1564 1451/319/292 620/320/293
f 1450/249/222 446/843/782 451/845/784
f 1452/1607/1562 451/845/1565 448/847/1565
f 1453/1610/1564 448/838/777 445/318/291
f 1454/222/195 1456/1612/1570 428/816/1566
s 31
f 1456/1611/1567 1457/1613/1573 431/822/1568
s 2
f 431/822/758 1457/1613/1574 1455/267/240
f 656/341/314 661/1046/989 1456/1612/1570
s 31
f 669/1050/1572 668/1062/2084 1457/1613/1573
s 2
f 1457/1613/1574 668/1062/1004 658/1059/1001
f 672/213/186 1458/1616/1579 1460/1614/1575
f 1460/1614/1577 1461/1617/1582 682/1615/1578
f 682/1072/1015 1461/1618/1583 1459/272/245
f 1458/1616/1579 479/273/246 483/877/1580
f 487/880/817 481/271/244 1459/272/245
f 491/285/258 1462/284/257 1464/1619/1584
f 500/901/834 1464/1619/1584 1465/1620/1585
f 501/893/1586 1465/1620/1585 1466/1621/1587
f 494/889/824 1466/1621/1587 1463/294/267
f 1462/284/257 709/304/277 718/1104/1051
f 1464/1619/1584 718/1104/1051 712/1098/1045
f 1465/1620/1585 712/1098/1045 711/1096/1043
f 1466/1621/1587 711/1096/1043 708/332/305
f 1467/287/260 1469/1625/1590 704/1622/1039
f 1469/1623/1588 1470/1624/1592 695/1081/1027
f 1470/1624/1589 1468/344/317 690/345/318
f 455/854/794 460/856/796 1469/1625/1590
f 460/850/1591 457/848/2085 1470/1624/1592
f 457/848/1593 454/343/316 1468/344/317
f 586/982/922 1471/282/255 1473/1626/1594
f 1474/1629/1597 1472/236/209 587/311/284
f 1471/282/255 435/210/183 439/828/1598
f 443/832/1601 437/234/207 1472/236/209
f 1475/264/237 1477/1631/1602 475/872/808
f 1477/1631/1602 1478/1634/1606 476/865/1603
f 476/865/1603 1478/1634/1606 1479/1632/1604
f 469/861/800 1479/1632/1604 1476/1633/1605
f 639/314/287 648/1036/981 1477/1631/1602
f 648/1036/981 642/1030/975 1478/1634/1606
f 642/1030/975 641/1028/973 1479/1632/1604
f 641/1028/973 638/226/199 1476/1633/1605
f 1480/292/265 1482/1635/1609 512/910/840
s 32
f 1482/1635/1607 1483/1636/1611 507/912/1608
s 2
f 507/906/837 1483/1637/1612 1481/202/175
f 727/306/279 729/1122/1067 1482/1635/1609
f 1483/1637/1612 729/2097/1061 726/1113/1058
s 3
f 764/370/340 1484/369/339 1486/1638/1613
f 767/1639/1614 1486/1638/1613 1487/1640/1615
f 766/1642/1617 1487/1647/1622 1488/1643/1618
f 1488/1643/1618 1485/486/440 763/527/478
f 1484/369/339 748/360/330 750/1645/1620
f 1486/1638/1613 750/1645/1620 751/1646/1621
f 1487/1647/1622 751/1686/1660 752/1648/1623
f 752/1648/1623 749/380/349 1485/486/440
f 1489/406/373 1491/1650/1625 772/1649/1624
f 1491/1650/1625 1492/1652/1631 771/1651/1626
f 1492/1652/1627 1493/1658/1633 770/1653/1628
f 770/1653/1628 1493/1658/1633 1490/1654/423
f 753/539/487 755/1656/1630 1491/1650/1625
f 755/1656/1630 756/1657/1699 1492/1652/1631
f 756/1657/1632 757/1728/1701 1493/1658/1633
f 1493/1658/1633 757/1728/1701 754/1659/333
f 1494/476/432 1496/1661/1635 747/1660/1634
f 1496/1661/1635 1497/1666/1640 746/1662/1636
f 1497/1663/1637 1498/1667/1641 745/1664/1638
f 745/1664/1638 1498/1667/1641 1495/349/322
f 764/370/340 767/1639/1614 1496/1661/1635
f 767/1639/1614 766/1641/1616 1497/1666/1640
f 766/1642/1617 765/1644/1619 1498/1667/1641
f 1498/1667/1641 765/1644/1619 763/527/478
f 759/505/457 1499/371/341 1501/1668/1642
f 762/1669/1643 1501/1668/1642 1502/1670/1644
f 761/1671/1646 1502/1670/1649 1503/1672/1647
f 1503/1672/1647 1500/1675/338 758/1674/326
f 1499/371/341 769/353/325 772/1649/1624
f 1501/1668/1642 772/1649/1624 771/1651/1626
f 1502/1670/1649 771/1651/1629 770/1653/1628
f 770/1653/1628 768/1655/336 1500/1675/338
f 774/506/458 1504/500/453 1506/1676/1650
f 777/1677/1651 1506/1676/1650 1507/1678/1652
f 776/1679/1654 1507/1678/1657 1508/1680/1655
f 1508/1680/1655 1505/1683/328 773/1682/343
f 1504/500/453 759/505/457 762/1669/1643
f 1506/1676/1650 762/1669/1643 761/1671/1645
f 1507/1678/1657 761/1671/1646 760/1673/1648
f 760/1673/1648 758/1674/326 1505/1683/328
f 748/360/330 1509/359/329 1511/1684/1658
f 750/1645/1620 1511/1684/1658 1512/1685/1659
f 751/1686/1660 1512/1690/1664 1513/1687/1661
f 1513/1687/1661 1510/378/347 749/380/349
f 1509/359/329 778/389/357 780/1688/1662
f 1511/1684/1658 780/1688/1662 781/1689/1663
f 1512/1690/1664 781/1694/1668 782/1691/1665
f 782/1691/1665 779/377/346 1510/378/347
f 778/389/357 1514/398/365 1516/1692/1666
f 780/1688/1662 1516/1692/1666 1517/1693/1667
f 781/1694/1668 1517/1698/1672 1518/1695/1669
f 1518/1695/1669 1515/375/344 779/377/346
f 1514/398/365 788/397/364 790/1696/1670
f 1516/1692/1666 790/1696/1670 791/1697/1671
f 1517/1698/1672 791/1717/1690 792/1699/1673
f 792/1699/1673 789/387/356 1515/375/344
f 784/540/488 1519/532/481 1521/1700/1674
f 787/1701/1675 1521/1700/1674 1522/1702/1676
f 786/1703/1678 1522/1702/1681 1523/1704/1679
f 1523/1706/1679 1520/382/351 783/384/353
f 1519/532/481 774/506/458 777/1677/1651
f 1521/1700/1674 777/1677/1651 776/1679/1653
f 1522/1702/1681 776/1679/1654 775/1681/1656
f 775/1708/1656 773/374/343 1520/382/351
f 1524/517/468 1526/1710/1683 814/1709/1682
f 1526/1710/1683 1527/1712/1685 813/1711/1684
f 1527/1712/1685 1528/1714/1687 812/1713/1686
f 1528/1714/1687 1525/480/434 810/531/362
f 794/1139/1084 803/1138/1083 1526/1710/1683
f 803/1138/1083 797/1142/1087 1527/1712/1685
f 797/1142/1087 796/1133/1078 1528/1714/1687
f 796/1133/1078 793/1130/1075 1525/480/434
f 788/397/364 1529/499/452 1531/1715/1688
f 790/1696/1670 1531/1715/1692 1532/1716/1689
f 791/1717/1690 1532/1719/1693 1533/1718/1691
f 792/1699/1673 1533/1718/1691 1530/385/354
f 1529/499/452 811/515/466 814/1709/1682
f 1531/1715/1692 814/1709/1682 813/1711/1684
f 1532/1719/1693 813/2105/1684 812/1720/1686
f 812/1720/1686 810/394/362 1530/385/354
f 794/1139/1084 1534/516/467 1536/1721/1694
f 801/1137/1082 1536/1721/1694 1537/1722/1695
f 802/1140/1094 1537/1722/1697 1538/1723/1696
f 807/1724/1090 1538/1725/1696 1535/391/359
f 1534/516/467 784/540/488 787/1701/1675
f 1536/1721/1694 787/1701/1675 786/1703/1677
f 1537/1722/1697 786/1703/1678 785/1705/1680
f 1538/1725/1696 785/1707/1680 783/384/353
f 1539/414/380 1541/1726/1698 755/1656/1630
f 1541/1726/1698 1542/1727/1703 756/1657/1699
f 1542/1727/1700 1543/1732/1705 757/1728/1701
f 757/1728/1701 1543/1732/1705 1540/1729/460
f 820/475/431 822/1730/1702 1541/1726/1698
f 822/1730/1702 823/1731/1721 1542/1727/1703
f 823/1731/1704 824/1751/1723 1543/1732/1705
f 1543/1732/1705 824/1751/1723 821/1733/370
f 1544/346/319 1546/1735/1707 819/1734/1706
f 1546/1735/1707 1547/1737/1712 818/1736/1708
f 1547/1737/1709 1548/2106/1713 817/1738/1710
f 817/1739/1710 1548/1740/1713 1545/399/366
f 744/348/321 747/1660/1634 1546/1735/1707
f 747/1660/1634 746/1662/1636 1547/1737/1712
f 746/1665/1639 745/1664/1638 1548/1740/1713
f 1548/1740/1713 745/1664/1638 743/361/331
f 832/1162/1113 1549/490/443 1551/1742/1714
f 842/1160/1111 1551/1742/1714 1552/1743/1715
f 843/1153/1101 1552/1743/1715 1553/1744/1716
f 834/1149/1097 1553/1744/1716 1550/465/424
f 1549/490/443 825/492/445 827/1745/1717
f 1551/1742/1714 827/1745/1717 828/1746/1718
f 1552/1743/1715 828/1746/1718 829/1747/1719
f 1553/1744/1716 829/1747/1719 826/1748/376
f 1554/491/444 1556/1749/1720 822/1730/1702
f 1556/1749/1720 1557/1750/1725 823/1731/1721
f 1557/1750/1722 1558/1752/1724 824/1751/1723
f 1558/1752/1724 1555/1753/378 821/1733/370
f 832/1162/1113 844/1161/1112 1556/1749/1720
f 844/1161/1112 839/1164/1115 1557/1750/1725
f 839/1164/1726 838/1158/1106 1558/1752/1724
f 838/1158/1106 831/1155/1103 1555/1753/378
f 1559/493/446 1561/1754/1727 827/1745/1717
f 1561/1754/1727 1562/1755/1729 828/1746/1718
f 1562/1755/1728 1563/1757/1730 829/1747/1719
f 829/1756/1719 1563/1758/1730 1560/407/374
f 816/524/475 819/1734/1706 1561/1754/1727
f 819/1734/1706 818/1736/1708 1562/1755/1729
f 818/1736/1711 817/1738/1710 1563/1757/1730
f 817/1739/1710 815/401/368 1560/407/374
f 1564/489/442 1566/1760/1732 871/1759/1731
f 1567/1762/1734 1568/1764/1736 869/1763/1735
f 1568/1764/1736 1565/537/485 867/538/486
f 852/436/399 854/1765/1737 1566/1760/1732
f 854/1765/1737 855/1766/1738 1567/1762/1734
f 855/1766/1738 856/1767/1739 1568/1764/1736
f 856/1767/1739 853/536/484 1565/537/485
f 873/430/393 1569/429/392 1571/1768/1740
f 876/1769/1741 1571/1768/1740 1572/1770/1742
f 875/1771/1743 1572/1770/1742 1573/1772/1744
f 874/1773/1745 1573/1772/1744 1570/470/427
f 1569/429/392 857/433/396 859/1774/1746
f 1571/1768/1740 859/1774/1746 860/1775/1747
f 1572/1770/1742 860/1775/1747 861/1776/1748
f 1573/1772/1744 861/1776/1748 858/471/428
f 851/1778/1750 1576/1777/1749 1577/1779/1751
f 850/1780/1752 1577/1779/1751 1578/1781/1753
f 849/1782/1754 1578/1781/1753 1575/487/441
f 1576/1777/1749 871/1759/1731 870/1761/1733
f 1577/1779/1751 870/1761/1733 869/1763/1735
f 1578/1781/1753 869/1763/1735 867/538/486
f 1579/431/394 1581/1784/1756 866/1783/1755
f 1581/1784/1756 1582/1786/1758 865/1785/1757
f 1582/1786/1758 1583/1788/1760 864/1787/1759
f 1583/1788/1760 1580/508/459 862/528/479
f 873/430/393 876/1769/1741 1581/1784/1756
f 876/1769/1741 875/1771/1743 1582/1786/1758
f 875/1771/1743 874/1773/1745 1583/1788/1760
f 874/1773/1745 872/473/430 1580/508/459
f 1584/422/386 1586/1790/1762 881/1789/1761
f 1586/1790/1762 1587/1792/1764 880/1791/1763
f 1587/1792/1764 1588/1794/1766 879/1793/1765
f 1588/1794/1766 1585/439/402 877/423/387
f 863/472/429 866/1783/1755 1586/1790/1762
f 866/1783/1755 865/1785/1757 1587/1792/1764
f 865/1785/1757 864/1787/1759 1588/1794/1766
f 864/1787/1759 862/528/479 1585/439/402
f 1589/437/400 1591/1795/1767 854/1765/1737
f 882/442/404 884/1798/1770 1591/1795/1767
f 1594/443/405 1596/1801/1773 884/1798/1770
f 1596/1801/1773 1597/1802/1774 885/1799/1771
f 1597/1802/1774 1598/1803/1775 886/1800/1772
f 1598/1803/1775 1595/529/480 883/485/439
f 892/447/409 894/1804/1776 1596/1801/1773
f 894/1804/1776 895/1805/1777 1597/1802/1774
f 896/1806/1778 893/526/477 1595/529/480
f 1599/438/401 1601/1808/1780 891/1807/1779
f 1601/1808/1780 1602/1810/1782 890/1809/1781
f 1602/1810/1782 1603/1812/1784 889/1811/1783
f 878/502/454 881/1789/1761 1601/1808/1780
f 881/1789/1761 880/1791/1763 1602/1810/1782
f 880/1791/1763 879/1793/1765 1603/1812/1784
f 879/1793/1765 877/423/387 1600/425/388
f 915/535/483 1604/2087/438 1606/1813/1785
f 918/1814/1786 1606/1813/1785 1607/1815/1787
f 917/1816/1788 1607/1815/1787 1608/1817/1789
f 916/1818/1790 1608/1817/1789 1605/519/470
f 1604/484/438 897/483/437 901/1166/1118
f 1606/1813/1785 901/1169/1118 910/1171/1122
f 1607/1815/1787 910/1171/1122 909/1179/1130
f 1608/1817/1789 909/1179/1130 899/520/471
f 1609/449/411 1611/1820/1791 894/1804/1776
f 1613/1822/1793 1610/503/455 893/526/477
f 915/535/483 918/1814/1786 1611/1820/1791
f 918/1814/1786 917/1816/1788 1612/1821/1792
f 917/1816/1788 916/1818/1790 1613/1822/1793
f 1614/444/406 1616/1823/1794 905/1176/1126
f 1616/1823/1794 1617/1824/1795 906/1182/1133
f 1617/1824/1795 1618/1825/1796 911/1180/1131
f 888/533/482 891/1807/1779 1616/1823/1794
f 891/1807/1779 890/1809/1781 1617/1824/1795
f 890/1809/1781 889/1811/1783 1618/1825/1796
f 857/433/396 1619/454/414 1621/1826/1797
f 859/1774/1746 1621/1826/1797 1622/1827/1798
f 860/1775/1747 1622/1827/1798 1623/1828/1799
f 861/1776/1748 1623/1828/1799 1620/513/464
f 1619/454/414 924/455/415 926/1829/1800
f 1621/1826/1797 926/1829/1800 927/1830/1801
f 1622/1827/1798 927/1830/1801 928/1831/1802
f 920/456/416 1624/427/390 1626/1832/1803
f 922/1835/1806 1627/1834/1805 1628/1836/1807
f 921/1837/1808 1628/1836/1807 1625/460/419
f 1624/427/390 848/426/389 851/1778/1750
f 1626/1832/1803 851/1778/1750 850/1780/1752
f 1627/1834/1805 850/1780/1752 849/1782/1754
f 1628/1836/1807 849/1782/1754 847/451/413
f 1629/469/426 1631/2107/1809 937/1838/1137
f 1631/1839/1809 1632/1840/1810 938/1196/1147
f 1632/1840/1810 1633/1841/1811 944/1192/1143
f 1633/1841/1811 1630/497/450 935/1193/1144
f 929/463/422 931/1843/1812 1631/1839/1809
f 931/1843/1812 932/1844/1813 1632/1840/1810
f 932/1844/1813 933/1845/1814 1633/1841/1811
f 933/1845/1814 930/494/447 1630/497/450
f 924/455/415 1634/461/420 1636/1846/1815
f 926/1829/1800 1636/1846/1815 1637/1847/1816
f 927/1830/1801 1637/1847/1816 1638/1848/1817
f 1634/461/420 936/462/421 948/1199/1151
f 1636/1846/1815 948/1199/1151 943/1194/1145
f 1637/1847/1816 943/1194/1145 942/1191/1142
f 1638/1848/1817 942/1191/1142 935/1193/1144
f 929/463/422 1639/457/417 1641/1849/1818
f 931/1843/1812 1641/1849/1818 1642/1850/1819
f 932/1844/1813 1642/1850/1819 1643/1851/1820
f 933/1845/1814 1643/1851/1820 1640/495/448
f 1639/457/417 920/456/416 923/1833/1804
f 1642/1850/1819 922/1835/1806 921/1837/1808
f 936/462/421 1644/412/379 1646/1852/1821
f 947/1184/1822 1646/1855/1824 1645/522/473
f 1644/412/379 831/2086/1103 833/1854/1823
f 1646/1855/1824 833/2099/1098 830/523/474
f 1647/392/360 1649/1858/1827 806/1856/1825
f 1649/1857/1826 1648/481/435 793/1130/1075
f 898/450/412 900/1175/1125 1649/1858/1827
f 900/1859/1119 897/483/437 1648/481/435
s 4
f 972/562/507 1650/561/506 1652/1860/1828
f 975/1861/1829 1652/1860/1828 1653/1862/1830
f 974/1864/1832 1653/1869/1837 1654/1865/1833
f 1654/1865/1833 1651/676/610 971/716/646
f 1650/561/506 956/552/497 958/1867/1835
f 1652/1860/1828 958/1867/1835 959/1868/1836
f 1653/1869/1837 959/1907/1875 960/1870/1838
f 960/1870/1838 957/572/516 1651/676/610
f 1655/598/541 1657/1877/1840 980/1871/1839
f 1657/1872/1840 1658/1875/1846 979/1873/1841
f 1658/1875/1842 1659/1880/1848 978/1876/1843
f 978/1876/1843 1659/1880/1848 1656/656/593
f 961/727/655 963/1945/1845 1657/1877/1840
f 963/1878/1845 964/1879/1915 1658/1875/1846
f 964/1879/1847 965/1948/1917 1659/1880/1848
f 1659/1880/1848 965/1948/1917 962/555/500
f 1660/666/602 1662/1882/1850 955/1881/1849
f 1662/1882/1850 1663/1887/1855 954/1883/1851
f 1663/1884/1852 1664/1888/1856 953/1885/1853
f 953/1885/1853 1664/1888/1856 1661/541/489
f 972/562/507 975/1861/1829 1662/1882/1850
f 975/1861/1829 974/1863/1831 1663/1887/1855
f 974/1864/1832 973/1866/1834 1664/1888/1856
f 1664/1888/1856 973/1866/1834 971/716/646
f 967/695/628 1665/563/508 1667/1889/1857
f 970/1891/1858 1667/1896/1857 1668/1892/1859
f 969/1893/1861 1668/1892/1864 1669/1894/1862
f 1669/1894/1862 1666/560/505 966/547/493
f 1665/563/508 977/545/492 980/1871/1839
f 1667/1896/1857 980/1874/1839 979/1873/1841
f 1668/1892/1864 979/1873/1844 978/1876/1843
f 978/1876/1843 976/558/503 1666/560/505
f 982/696/629 1670/690/623 1672/1897/1865
f 985/1899/1866 1672/1904/1865 1673/1900/1867
f 984/1901/1869 1673/1900/1872 1674/1902/1870
f 1674/1902/1870 1671/549/495 981/566/510
f 1670/690/623 967/695/628 970/1890/1858
f 1672/1904/1865 970/1891/1858 969/1893/1860
f 1673/1900/1872 969/1893/1861 968/1895/1863
f 968/1895/1863 966/547/493 1671/549/495
f 956/552/497 1675/551/496 1677/1905/1873
f 958/1867/1835 1677/1905/1873 1678/1906/1874
f 959/1907/1875 1678/1911/1879 1679/1908/1876
f 1679/1908/1876 1676/570/514 957/572/516
f 1675/551/496 986/581/524 988/1909/1877
f 1677/1905/1873 988/1909/1877 989/1910/1878
f 1678/1911/1879 989/1915/1883 990/1912/1880
f 986/581/524 1680/590/533 1682/1913/1881
f 988/1909/1877 1682/1913/1881 1683/1914/1882
f 1684/1916/1884 1681/567/511 987/569/513
f 1680/590/533 996/589/532 998/1917/1885
f 1682/1913/1881 998/1917/1885 999/1918/1886
f 1683/1919/1887 999/1937/1906 1000/1920/1888
f 1000/1920/1888 997/579/523 1681/567/511
f 992/728/656 1685/721/649 1687/1921/1889
f 995/1923/1890 1687/1928/1889 1688/1924/1891
f 994/1925/1893 1688/1924/1896 1689/1926/1894
f 993/1927/1895 1689/1926/1894 1686/574/518
f 1685/721/649 982/696/629 985/1898/1866
f 1687/1928/1889 985/1899/1866 984/1901/1868
f 1688/1924/1896 984/1901/1869 983/1903/1871
f 983/1903/1871 981/566/510 1686/574/518
f 1690/704/636 1692/1930/1898 1022/1929/1897
f 1692/1930/1898 1693/1932/1900 1021/1931/1899
f 1693/1932/1900 1694/1934/1903 1020/1933/1901
f 1694/1934/1903 1691/670/604 1018/720/529
f 1002/1210/1164 1012/1209/1163 1692/1930/1898
f 1012/1209/1163 1005/1215/1167 1693/1932/1900
f 1005/1215/1167 1004/1204/1158 1694/1934/1903
f 1004/1204/1158 1001/1201/1155 1691/670/604
f 996/589/532 1695/689/622 1697/1935/1904
f 998/1917/1885 1697/1935/1908 1698/1936/1905
f 999/1937/1906 1698/1939/1909 1699/1938/1907
f 1000/1920/1888 1699/1938/1907 1696/577/521
f 1695/689/622 1019/702/634 1022/1929/1897
f 1697/1935/1908 1022/1929/1897 1021/1931/1899
f 1698/1939/1909 1021/2108/2086 1020/1940/1901
f 1020/1940/1901 1018/586/529 1696/577/521
f 1002/1210/1164 1700/703/635 1702/1941/1910
f 1010/1213/1162 1702/1944/1910 1703/1942/1911
f 1011/1211/1176 1703/1942/1913 1704/1943/1912
f 1015/1219/1171 1704/1943/1912 1701/583/526
f 1700/703/635 992/728/656 995/1922/1890
f 1702/1944/1910 995/1923/1890 994/1925/1892
f 1703/1942/1913 994/1925/1893 993/1927/1895
f 1704/1943/1912 993/1927/1895 991/576/520
f 1705/606/548 1707/1949/1914 963/1945/1845
f 1707/1946/1914 1708/1947/1919 964/1879/1915
f 1708/1947/1916 1709/1952/1921 965/1948/1917
f 965/1948/1917 1709/1952/1921 1706/699/631
f 1028/665/601 1030/1968/1918 1707/1949/1914
f 1030/1950/1918 1031/1951/1937 1708/1947/1919
f 1031/1951/1920 1032/1971/1939 1709/1952/1921
f 1709/1952/1921 1032/1971/1939 1029/595/538
f 1710/510/461 1712/1954/1923 1027/1953/1922
f 1712/1954/1923 1713/1959/1928 1026/1955/1924
f 1713/1956/1925 1714/1960/1929 1025/1957/1926
f 1025/1957/1926 1714/1960/1929 1711/591/534
f 952/512/463 955/1881/1849 1712/1954/1923
f 955/1881/1849 954/1883/1851 1713/1959/1928
f 954/1886/1854 953/1885/1853 1714/1960/1929
f 1714/1960/1929 953/1885/1853 951/553/498
f 1040/1240/1196 1715/680/613 1717/1961/1930
f 1051/1238/1194 1717/1961/1930 1718/1962/1931
f 1052/1228/1183 1718/1962/1931 1719/1963/1932
f 1042/1224/1179 1719/1963/1932 1716/709/594
f 1715/680/613 1033/682/615 1035/1964/1933
f 1717/1961/1930 1035/1964/1933 1036/1965/1934
f 1718/1962/1931 1036/1965/1934 1037/1966/1935
f 1719/1963/1932 1037/1966/1935 1034/1967/544
f 1720/681/614 1722/1973/1936 1030/1968/1918
f 1722/1969/1936 1723/1970/1941 1031/1951/1937
f 1723/1970/1938 1724/1972/1940 1032/1971/1939
f 1724/1972/1940 1721/603/546 1029/595/538
f 1040/1240/1196 1053/1239/1195 1722/1973/1936
f 1053/1244/1195 1047/1243/1198 1723/1970/1941
f 1047/1243/1942 1046/1233/1188 1724/1972/1940
f 1046/1233/1188 1039/1230/1185 1721/603/546
f 1725/683/616 1727/1974/1943 1035/1964/1933
f 1727/1974/1943 1728/1978/1945 1036/1965/1934
f 1728/1975/1944 1729/1979/1946 1037/1976/1935
f 1037/1976/1935 1729/1979/1946 1726/599/542
f 1024/712/643 1027/1953/1922 1727/1974/1943
f 1027/1953/1922 1026/1955/1924 1728/1978/1945
f 1026/1958/1927 1025/1957/1926 1729/1979/1946
f 1025/1957/1926 1023/593/536 1726/599/542
f 1730/679/612 1732/1981/1948 1080/1980/1947
f 1732/1981/1948 1733/1983/1950 1079/1982/1949
f 1733/1983/1950 1734/1985/1952 1078/1984/1951
f 1734/1985/1952 1731/725/653 1076/726/654
f 1061/628/568 1063/1986/1953 1732/1981/1948
f 1063/1986/1953 1064/1987/1954 1733/1983/1950
f 1064/1987/1954 1065/1988/1955 1734/1985/1952
f 1065/1988/1955 1062/724/652 1731/725/653
f 1082/622/562 1735/621/561 1737/1989/1956
f 1085/1990/1957 1737/1989/1956 1738/1991/1958
f 1084/1992/1959 1738/1991/1958 1739/1993/1960
f 1083/1994/1961 1739/1993/1960 1736/660/597
f 1735/621/561 1066/625/565 1068/1995/1962
f 1737/1989/1956 1068/1995/1962 1069/1996/1963
f 1738/1991/1958 1069/1996/1963 1070/1997/1964
f 1739/1993/1960 1070/1997/1964 1067/661/598
f 1057/618/558 1740/609/550 1742/1998/1965
f 1060/1999/1966 1742/1998/1965 1743/2000/1967
f 1058/2003/1970 1744/2002/1969 1741/677/611
f 1740/609/550 1077/608/549 1080/1980/1947
f 1742/1998/1965 1080/1980/1947 1079/1982/1949
f 1743/2000/1967 1079/1982/1949 1078/1984/1951
f 1744/2002/1969 1078/1984/1951 1076/726/654
f 1745/623/563 1747/2005/1972 1075/2004/1971
f 1747/2005/1972 1748/2007/1974 1074/2006/1973
f 1748/2007/1974 1749/2009/1976 1073/2008/1975
f 1749/2009/1976 1746/698/630 1071/717/647
f 1082/622/562 1085/1990/1957 1747/2005/1972
f 1085/1990/1957 1084/1992/1959 1748/2007/1974
f 1084/1992/1959 1083/1994/1961 1749/2009/1976
f 1083/1994/1961 1081/663/600 1746/698/630
f 1750/614/554 1752/2011/1978 1090/2010/1977
f 1752/2011/1978 1753/2013/1980 1089/2012/1979
f 1753/2013/1980 1754/2015/1982 1088/2014/1981
f 1754/2015/1982 1751/631/571 1086/615/555
f 1072/662/599 1075/2004/1971 1752/2011/1978
f 1075/2004/1971 1074/2006/1973 1753/2013/1980
f 1074/2006/1973 1073/2008/1975 1754/2015/1982
f 1073/2008/1975 1071/717/647 1751/631/571
f 1755/629/569 1757/2016/1983 1063/1986/1953
f 1757/2016/1983 1758/2017/1984 1064/1987/1954
f 1758/2017/1984 1759/2018/1985 1065/1988/1955
f 1759/2018/1985 1756/611/552 1062/724/652
f 1091/634/574 1093/2019/1986 1757/2016/1983
f 1094/2020/1987 1095/2021/1988 1759/2018/1985
f 1095/2021/1988 1092/675/609 1756/611/552
f 1760/635/575 1762/2022/1989 1093/2019/1986
f 1763/2023/1990 1764/2024/1991 1095/2021/1988
f 1764/2024/1991 1761/718/648 1092/675/609
f 1103/2025/1992 1104/2026/1993 1763/2023/1990
f 1104/2026/1993 1105/2027/1994 1764/2024/1991
f 1105/2027/1994 1102/715/645 1761/718/648
f 1765/630/570 1767/2029/1996 1100/2028/1995
f 1767/2029/1996 1768/2031/1998 1099/2030/1997
f 1768/2031/1998 1769/2033/2000 1098/2032/1999
f 1769/2033/2000 1766/617/557 1096/638/578
f 1087/692/625 1090/2010/1977 1767/2029/1996
f 1090/2010/1977 1089/2012/1979 1768/2031/1998
f 1089/2012/1979 1088/2014/1981 1769/2033/2000
f 1088/2014/1981 1086/615/555 1766/617/557
f 1124/2034/651 1770/2109/608 1772/2035/2001
f 1127/2036/2002 1772/2035/2001 1773/2037/2003
f 1126/2038/2004 1773/2037/2003 1774/2039/2005
f 1125/2040/2006 1774/2039/2005 1771/706/638
f 1770/674/608 1106/673/607 1110/1247/1201
f 1772/2035/2001 1110/1251/1201 1119/1253/1205
f 1773/2037/2003 1119/1253/1205 1118/1259/1213
f 1774/2039/2005 1118/1259/1213 1108/707/639
f 1775/641/581 1777/2042/2007 1103/2025/1992
f 1777/2042/2007 1778/2043/2008 1104/2026/1993
f 1778/2043/2008 1779/2044/2009 1105/2027/1994
f 1124/2034/651 1127/2036/2002 1777/2042/2007
f 1127/2036/2002 1126/2038/2004 1778/2043/2008
f 1126/2038/2004 1125/2040/2006 1779/2044/2009
f 1125/2040/2006 1123/708/640 1776/693/626
f 1780/636/576 1782/2045/2010 1114/1257/1209
f 1782/2045/2010 1783/2046/2011 1115/1262/1216
f 1783/2046/2011 1784/2047/2012 1120/1260/1214
f 1784/2047/2012 1781/705/637 1108/707/639
f 1097/722/650 1100/2028/1995 1782/2045/2010
f 1100/2028/1995 1099/2030/1997 1783/2046/2011
f 1099/2030/1997 1098/2032/1999 1784/2047/2012
f 1098/2032/1999 1096/638/578 1781/705/637
f 1066/625/565 1785/646/584 1787/2048/2013
f 1068/1995/1962 1787/2048/2013 1788/2049/2014
f 1069/1996/1963 1788/2049/2014 1789/2050/2015
f 1070/1997/1964 1789/2050/2015 1786/700/632
f 1785/646/584 1133/647/585 1135/2051/2016
f 1787/2048/2013 1135/2051/2016 1136/2052/2017
f 1788/2049/2014 1136/2052/2017 1137/2053/2018
f 1789/2050/2015 1137/2053/2018 1134/667/603
f 1132/2055/2020 1792/2054/2019 1793/2056/2021
f 1131/2057/2022 1793/2056/2021 1794/2058/2023
f 1130/2059/2024 1794/2058/2023 1791/652/589
f 1792/2054/2019 1060/1999/1966 1059/2001/1968
f 1793/2056/2021 1059/2001/1968 1058/2003/1970
f 1794/2058/2023 1058/2003/1970 1056/643/583
f 1795/659/596 1797/2060/2025 1146/1266/1220
f 1797/2060/2025 1798/2061/2026 1147/1275/1230
f 1798/2061/2026 1799/2062/2027 1153/1271/1226
f 1799/2062/2027 1796/687/620 1144/1272/1227
f 1140/2063/2028 1141/2064/2029 1798/2061/2026
f 1141/2064/2029 1142/2065/2030 1799/2062/2027
f 1142/2065/2030 1139/684/617 1796/687/620
f 1133/647/585 1800/653/590 1802/2066/2031
f 1135/2051/2016 1802/2066/2031 1803/2067/2032
f 1136/2052/2017 1803/2067/2032 1804/2068/2033
f 1137/2053/2018 1804/2068/2033 1801/686/619
f 1800/653/590 1145/654/591 1157/1278/1234
f 1802/2066/2031 1157/1278/1234 1152/1273/1228
f 1803/2067/2032 1152/1273/1228 1151/1270/1225
f 1804/2068/2033 1151/1270/1225 1144/1272/1227
f 1138/655/592 1805/649/587 1807/2069/2034
f 1140/2063/2028 1807/2069/2034 1808/2070/2035
f 1141/2064/2029 1808/2070/2035 1809/2071/2036
f 1142/2065/2030 1809/2071/2036 1806/685/618
f 1805/649/587 1129/648/586 1132/2055/2020
f 1807/2069/2034 1132/2055/2020 1131/2057/2022
f 1809/2071/2036 1130/2059/2024 1128/651/588
f 1145/654/591 1810/604/547 1812/2072/2037
f 1156/2074/1219 1812/2075/2041 1811/710/641
f 1810/604/547 1039/1230/1185 1048/1232/2038
f 1812/2075/2041 1041/2100/1180 1038/711/642
f 1813/584/527 1815/2078/2045 1006/2076/2042
f 1815/2077/2044 1814/671/605 1001/1201/1155
f 1107/642/582 1109/1256/1208 1815/2078/2045
f 1109/2079/1202 1106/673/607 1814/671/605
