# Blender 5.2.2 LTS
# www.blender.org
mtllib HoloEsq4.mtl
g Triángulo1BI_Holocron.004
v 3.877129 -3.046585 -5.004471
v 2.649632 -4.198975 -4.975507
v 3.501743 -3.489319 -4.993575
v 3.080811 -3.879844 -4.983747
v 2.131962 -4.483730 -4.971672
v 4.235344 -2.488424 -5.017924
v 3.872837 -3.045418 -5.116210
v 2.645340 -4.197807 -5.087244
v 3.497452 -3.488151 -5.105311
v 3.076519 -3.878675 -5.095484
v 2.127670 -4.482563 -5.083407
v 4.231052 -2.487256 -5.129662
v 4.102394 -2.276267 -5.078268
v 3.719482 -2.903449 -5.063187
v 3.344345 -3.346414 -5.052283
v 4.030487 -3.188552 -5.057494
v 4.364006 -2.699413 -5.069319
v 2.346413 -4.600911 -5.021564
v 2.803059 -4.341008 -5.028527
v 3.654850 -3.631056 -5.046601
v 2.491909 -4.055774 -5.034223
v 1.913219 -4.365382 -5.033516
v 2.923172 -3.736719 -5.042460
v 1.845024 -4.826858 -5.015260
v 3.234158 -4.021804 -5.036769
v 0.479401 -5.045314 -5.121850
v 4.907192 -5.035863 -5.104950
v 4.924744 -0.623901 -5.182242
v 5.149857 -5.031339 -4.865188
v 5.167210 -4.934295 -0.481164
v 5.159332 -0.611057 -4.962645
v 4.910789 -5.269897 -4.859782
v 0.507854 -5.280301 -4.861374
v 4.925213 -5.177055 -0.458707
v 2.846752 -5.106997 -3.861844
v 4.027283 -5.091884 -2.661125
v 3.298084 -5.103321 -3.496697
v 3.698261 -5.098089 -3.084843
v 4.323643 -5.083587 -2.158990
v 2.280487 -5.108998 -4.203092
v 2.842045 -5.218530 -3.855240
v 4.022572 -5.203416 -2.654521
v 3.293377 -5.214852 -3.490094
v 3.693554 -5.209619 -3.078238
v 4.318939 -5.195118 -2.152385
v 2.275780 -5.220529 -4.196488
v 2.069485 -5.159747 -4.068362
v 2.705429 -5.157832 -3.699883
v 3.156986 -5.154160 -3.334992
v 2.983368 -5.167696 -4.017201
v 2.486782 -5.169779 -4.331218
v 4.434341 -5.145195 -2.366042
v 4.163960 -5.152585 -2.816557
v 3.434479 -5.164009 -3.651800
v 1.917847 -5.170643 -4.622891
v 3.885895 -5.142713 -2.499090
v 4.208241 -5.133510 -1.945333
v 3.556946 -5.148923 -2.922890
v 4.671795 -5.136462 -1.870038
v 3.834869 -5.158786 -3.240191
v 5.054852 -3.999958 -2.799093
v 5.032059 -2.835026 -4.014830
v 5.055614 -3.647986 -3.260788
v 5.047401 -3.248291 -3.673058
v 5.014614 -2.337198 -4.329491
v 5.042099 -4.325305 -2.223685
v 5.164871 -3.984251 -2.786669
v 5.142078 -2.819319 -4.002408
v 5.165634 -3.632279 -3.248366
v 5.157417 -3.232582 -3.660636
v 5.124634 -2.321491 -4.317069
v 5.152119 -4.309599 -2.211261
v 5.066456 -4.181555 -2.013940
v 5.082268 -3.830852 -2.659668
v 5.083073 -3.479141 -3.121577
v 5.137455 -4.153358 -2.926096
v 5.127758 -4.453350 -2.421005
v 5.091743 -2.547299 -4.435751
v 5.114674 -2.988501 -4.141894
v 5.138172 -3.801126 -3.387577
v 5.109779 -4.729326 -1.844572
v 5.059464 -2.665846 -3.875342
v 5.047501 -2.111390 -4.210807
v 5.074818 -3.079192 -3.533640
v 5.130001 -3.401678 -3.800053
v 3.294445 -3.692704 -4.988484
v 3.696465 -3.273096 -4.998923
v 2.866447 -4.048126 -4.979433
v 2.418999 -4.338028 -4.972293
v 1.755417 -4.651763 -4.975125
v 4.048477 -2.801670 -5.010411
v 4.458832 -2.067254 -5.027949
v 3.290154 -3.691535 -5.100221
v 3.692173 -3.271928 -5.110662
v 2.862156 -4.046958 -5.091168
v 2.414707 -4.336861 -5.084030
v 1.751122 -4.650595 -5.086864
v 4.044186 -2.800502 -5.122149
v 4.454536 -2.066085 -5.139687
v 3.893856 -2.649851 -5.069332
v 3.538971 -3.130104 -5.057635
v 4.198811 -2.952323 -5.063229
v 2.580055 -4.476954 -5.024922
v 3.849667 -3.414920 -5.051950
v 4.702858 -1.581144 -5.095345
v 2.253651 -4.197933 -5.031402
v 3.136955 -3.549717 -5.047196
v 4.378529 -1.708589 -5.091749
v 1.323318 -4.833357 -5.036880
v 4.534840 -2.424750 -5.075890
v 2.099537 -4.716131 -5.018371
v 2.708736 -3.904936 -5.038148
v 1.407001 -4.586226 -5.043619
v 3.447639 -3.834523 -5.041511
v 3.019867 -4.190149 -5.032454
v 2.828014 -5.220129 -4.616433
v 5.109257 -2.901370 -2.851363
v 4.669975 -2.960915 -5.101464
v 3.453388 -3.524657 -3.423346
v 2.693295 -5.040588 -5.113400
v 4.915966 -2.829881 -5.143597
v 2.702072 -2.834607 -5.152047
v 5.158531 -4.982818 -2.673176
v 5.154594 -2.821199 -4.913916
v 5.163273 -2.772676 -2.721904
v 2.709324 -5.275099 -4.860578
v 4.917999 -5.223474 -2.659245
v 2.716534 -5.228677 -2.660040
v 3.445534 -5.142776 -3.394507
v 3.440395 -3.570787 -5.041356
v 5.055714 -3.530051 -3.435460
v 2.818504 -2.962403 -5.104676
v 5.108189 -4.744451 -2.802152
v 4.676300 -5.176937 -2.784129
v 2.813389 -4.796987 -5.065648
v 5.103394 -2.944596 -4.679749
v 2.832417 -5.180084 -2.779646
v 3.506222 -5.100860 -3.294121
v 3.077400 -5.105369 -3.686412
v 3.871460 -5.095104 -2.874408
v 4.171593 -5.088255 -2.434870
v 4.499748 -5.077398 -1.805160
v 2.597927 -5.108218 -4.027032
v 1.854408 -5.109345 -4.408156
v 3.501514 -5.212390 -3.287516
v 3.072693 -5.216899 -3.679807
v 3.866753 -5.206634 -2.867805
v 4.166882 -5.199788 -2.428265
v 4.495041 -5.188930 -1.798556
v 2.593220 -5.219748 -4.020429
v 1.849701 -5.220878 -4.401551
v 2.447838 -5.159038 -3.868411
v 2.936218 -5.156207 -3.524610
v 2.743309 -5.168928 -4.179049
v 4.305023 -5.149070 -2.596754
v 3.213879 -5.166060 -3.841611
v 1.361172 -5.165220 -4.628047
v 4.033451 -5.138973 -2.266381
v 3.365044 -5.151700 -3.132323
v 1.495495 -5.159923 -4.331475
v 4.688667 -5.126075 -1.401576
v 2.208614 -5.170300 -4.478232
v 4.555225 -5.140938 -2.121908
v 3.730080 -5.145936 -2.712383
v 4.439560 -5.125390 -1.481807
v 3.642696 -5.161551 -3.449315
v 4.008129 -5.155805 -3.029829
v 5.052517 -3.451670 -3.474831
v 5.056370 -3.831198 -3.034668
v 5.040600 -3.043289 -3.852551
v 5.022320 -2.612855 -4.166422
v 5.011707 -1.977406 -4.522635
v 5.050785 -4.158077 -2.545747
v 5.027283 -4.518688 -1.792431
v 5.162537 -3.435961 -3.462409
v 5.166386 -3.815491 -3.022244
v 5.150616 -3.027582 -3.840129
v 5.132336 -2.597148 -4.154000
v 5.121727 -1.961702 -4.510211
v 5.160805 -4.142370 -2.533324
v 5.137302 -4.502981 -1.780007
v 5.077805 -3.992076 -2.397478
v 5.083813 -3.662252 -2.895376
v 5.133781 -4.308372 -2.681593
v 5.104248 -2.773406 -4.290885
v 5.138943 -3.984436 -3.161538
v 5.063908 -4.720635 -1.289806
v 5.050407 -2.436596 -4.029534
v 5.079960 -3.282730 -3.335542
v 5.045174 -4.428999 -1.433413
v 5.066784 -1.559617 -4.728345
v 5.119415 -4.592669 -2.139024
v 5.077179 -2.307842 -4.584688
v 5.068001 -2.874119 -3.713073
v 5.056252 -1.631267 -4.448164
v 5.135094 -3.604903 -3.601697
v 5.123211 -3.196752 -3.979609
v 4.049618 -3.204800 -5.005147
v 4.047832 -3.203067 -5.001348
v 4.049911 -3.205034 -5.003676
v 4.049679 -3.204789 -5.002437
v 4.048946 -3.204099 -5.001620
v 3.251472 -4.036291 -4.980624
v 3.253281 -4.038047 -4.984438
v 3.252598 -4.037331 -4.980897
v 3.253338 -4.038031 -4.981717
v 3.253578 -4.038281 -4.982960
v 3.706463 -2.890133 -5.007596
v 3.704388 -2.888329 -5.011603
v 3.705315 -2.889088 -5.007920
v 3.704517 -2.888378 -5.008794
v 3.704193 -2.888112 -5.010087
v 2.908081 -3.721599 -4.990878
v 2.910164 -3.723411 -4.986870
v 2.907883 -3.721381 -4.989362
v 2.908211 -3.721648 -4.988069
v 2.909012 -3.722361 -4.987193
v 3.673977 -3.647301 -4.994259
v 3.672188 -3.645569 -4.990455
v 3.674274 -3.647538 -4.992785
v 3.674038 -3.647291 -4.991546
v 3.673306 -3.646598 -4.990727
v 3.329254 -3.331292 -5.000700
v 3.331322 -3.333090 -4.996694
v 3.329056 -3.331075 -4.999185
v 3.329380 -3.331338 -4.997891
v 3.330173 -3.332048 -4.997017
v 2.476818 -4.040656 -4.982644
v 2.478943 -4.042506 -4.978632
v 2.476627 -4.040443 -4.981127
v 2.476963 -4.040718 -4.979833
v 2.477776 -4.041443 -4.978955
v 2.820332 -4.355459 -4.972383
v 2.822174 -4.357247 -4.976214
v 2.821472 -4.356512 -4.972655
v 2.822224 -4.357224 -4.973481
v 2.822472 -4.357479 -4.974730
v 1.898129 -4.350264 -4.981942
v 1.901371 -4.351625 -4.977867
v 1.898022 -4.350014 -4.980418
v 1.898602 -4.350183 -4.979109
v 1.899776 -4.350750 -4.978213
v 2.362610 -4.615868 -4.965476
v 2.365520 -4.617139 -4.969279
v 2.364162 -4.616728 -4.965730
v 2.365261 -4.617272 -4.966542
v 2.365738 -4.617416 -4.967790
v 0.790890 -4.824809 -5.006692
v 0.805027 -4.819698 -5.002323
v 0.790482 -4.823081 -5.006827
v 0.794033 -4.824115 -5.005064
v 0.797821 -4.822900 -5.003662
v 0.789581 -4.824721 -5.006988
v 0.791767 -4.823882 -5.005329
v 0.794243 -4.822888 -5.004006
v 0.792690 -4.822759 -5.004476
v 0.801517 -4.819626 -5.002774
v 0.797520 -4.820245 -5.003789
v 0.801682 -4.821350 -5.002700
v 0.797535 -4.821448 -5.003308
v 0.794117 -4.821764 -5.004060
v 0.793644 -4.821458 -5.005211
v 0.791580 -4.822638 -5.005399
v 0.790436 -4.823532 -5.005493
v 1.864117 -4.843075 -4.963014
v 1.865376 -4.840066 -4.959556
v 1.864658 -4.843221 -4.961535
v 1.865086 -4.842703 -4.960361
v 1.865337 -4.841594 -4.959664
v 4.383137 -2.715660 -5.016970
v 4.381989 -2.712944 -5.013196
v 4.383484 -2.715821 -5.015501
v 4.383385 -2.715361 -5.014267
v 4.382862 -2.714352 -5.013460
v 4.088791 -2.264039 -5.022650
v 4.087299 -2.261147 -5.026686
v 4.087868 -2.262578 -5.022984
v 4.087257 -2.261516 -5.023867
v 4.087059 -2.261015 -5.025168
v 4.728638 -2.149150 -5.030682
v 4.726002 -2.153879 -5.026549
v 4.726681 -2.157342 -5.030303
v 4.728901 -2.150182 -5.029120
v 4.728493 -2.151444 -5.027785
v 4.728508 -2.151110 -5.030735
v 4.728657 -2.152052 -5.029164
v 4.728577 -2.152928 -5.027920
v 4.728413 -2.153930 -5.028262
v 4.726959 -2.155135 -5.026814
v 4.727425 -2.156237 -5.027621
v 4.727478 -2.152742 -5.026884
v 4.727886 -2.153997 -5.027283
v 4.728107 -2.155009 -5.027846
v 4.727448 -2.155546 -5.030531
v 4.728088 -2.153356 -5.030684
v 4.727325 -2.157011 -5.028845
v 4.727894 -2.155357 -5.029030
v 4.681084 -1.014172 -5.056397
v 4.679047 -1.013613 -5.056275
v 4.676193 -1.025814 -5.052020
v 4.680931 -1.012839 -5.056631
v 4.680439 -1.016807 -5.054766
v 4.680122 -1.014642 -5.054953
v 4.679703 -1.013359 -5.055051
v 4.678982 -1.015270 -5.054047
v 4.677567 -1.016142 -5.054696
v 4.676506 -1.019350 -5.053330
v 4.679829 -1.012537 -5.056565
v 4.678772 -1.014326 -5.054917
v 4.677990 -1.016432 -5.053607
v 4.677792 -1.023107 -5.052395
v 4.679283 -1.019945 -5.053360
v 4.676022 -1.022746 -5.052392
v 4.677776 -1.019430 -5.052920
v 4.679169 -1.016684 -5.053620
v 4.006752 -3.168177 -5.113758
v 4.011356 -3.172305 -5.109843
v 4.008080 -3.169389 -5.113442
v 4.009422 -3.170600 -5.112587
v 4.010574 -3.171622 -5.111323
v 3.215034 -4.005559 -5.089102
v 3.210388 -4.001398 -5.093034
v 3.214245 -4.004875 -5.090589
v 3.213089 -4.003842 -5.091857
v 3.211735 -4.002623 -5.092715
v 3.734573 -2.918569 -5.114771
v 3.738960 -2.922693 -5.118659
v 3.735264 -2.919238 -5.116278
v 3.736336 -2.920257 -5.117546
v 3.737637 -2.921470 -5.118382
v 2.942661 -3.755970 -5.097934
v 2.938263 -3.751838 -5.094045
v 2.941334 -3.754741 -5.097657
v 2.940029 -3.753528 -5.096820
v 2.938950 -3.752506 -5.095553
v 3.631107 -3.610675 -5.102864
v 3.635719 -3.614808 -5.098945
v 3.632439 -3.611887 -5.102548
v 3.633785 -3.613099 -5.101692
v 3.634937 -3.614126 -5.100427
v 3.363819 -3.365647 -5.107759
v 3.359440 -3.361535 -5.103871
v 3.362495 -3.364430 -5.107480
v 3.361198 -3.363218 -5.106645
v 3.360126 -3.362203 -5.105376
v 2.511444 -4.075066 -5.089695
v 2.507000 -4.070895 -5.085802
v 2.510098 -4.073825 -5.089417
v 2.508781 -4.072596 -5.088580
v 2.507690 -4.071567 -5.087310
v 2.783943 -4.324770 -5.080843
v 2.779247 -4.320565 -5.084793
v 2.783150 -4.324080 -5.082337
v 2.781979 -4.323038 -5.083611
v 2.780609 -4.321803 -5.084476
v 1.934155 -4.384046 -5.088916
v 1.928310 -4.380500 -5.085093
v 1.932270 -4.383044 -5.088665
v 1.930500 -4.382018 -5.087852
v 1.929108 -4.381127 -5.086596
v 2.327305 -4.584682 -5.073853
v 2.321259 -4.581117 -5.077900
v 2.326405 -4.584037 -5.075360
v 2.324940 -4.583132 -5.076660
v 2.323132 -4.582107 -5.077551
v 0.821075 -4.854789 -5.109944
v 0.820660 -4.853317 -5.109975
v 0.840919 -4.850806 -5.113257
v 0.819229 -4.854520 -5.110302
v 0.825554 -4.854717 -5.111281
v 0.823208 -4.854624 -5.111424
v 0.821796 -4.854381 -5.111501
v 0.824924 -4.853927 -5.112166
v 0.825306 -4.852330 -5.111371
v 0.830784 -4.851506 -5.112485
v 0.823086 -4.853506 -5.111465
v 0.826817 -4.853083 -5.112445
v 0.836296 -4.852560 -5.113074
v 0.830898 -4.853933 -5.112381
v 0.836269 -4.850972 -5.113148
v 0.831196 -4.852788 -5.112844
v 0.826870 -4.854111 -5.112402
v 1.824356 -4.805197 -5.072062
v 1.825932 -4.810638 -5.067513
v 1.824516 -4.806902 -5.071533
v 1.824871 -4.808536 -5.070481
v 1.825367 -4.809849 -5.069071
v 4.341068 -2.677811 -5.125613
v 4.344875 -2.683164 -5.121668
v 4.342094 -2.679494 -5.125286
v 4.343178 -2.681100 -5.124421
v 4.344154 -2.682389 -5.123150
v 4.117485 -2.291387 -5.129849
v 4.121136 -2.296873 -5.133708
v 4.118118 -2.292159 -5.131354
v 4.119034 -2.293472 -5.132616
v 4.120094 -2.295129 -5.133441
v 4.690796 -2.116789 -5.135026
v 4.688419 -2.124844 -5.135002
v 4.684994 -2.118889 -5.138961
v 4.690529 -2.118720 -5.135149
v 4.689983 -2.120931 -5.135187
v 4.689888 -2.117294 -5.136540
v 4.689568 -2.118930 -5.136536
v 4.689255 -2.120501 -5.136515
v 4.688625 -2.120217 -5.137311
v 4.687939 -2.123674 -5.136494
v 4.687122 -2.122132 -5.137770
v 4.689243 -2.123082 -5.135136
v 4.688625 -2.122028 -5.136511
v 4.688000 -2.121023 -5.137631
v 4.686749 -2.118431 -5.138669
v 4.688469 -2.117870 -5.137822
v 4.686089 -2.120450 -5.138636
v 4.687405 -2.119765 -5.138216
v 4.688587 -2.119165 -5.137654
v 4.710907 -1.044322 -5.159321
v 4.707508 -1.060852 -5.163023
v 4.709229 -1.043851 -5.159438
v 4.710968 -1.048150 -5.160800
v 4.710339 -1.052634 -5.162020
v 4.710796 -1.045963 -5.160910
v 4.710388 -1.049061 -5.161963
v 4.710133 -1.047326 -5.161685
v 4.707512 -1.056876 -5.162810
v 4.707840 -1.052248 -5.162055
v 4.709126 -1.057094 -5.162800
v 4.709187 -1.052668 -5.162459
v 4.709328 -1.048897 -5.161980
v 4.709969 -1.042756 -5.159659
v 4.708443 -1.047676 -5.160870
v 4.709614 -1.045737 -5.160944
v 4.710491 -1.044645 -5.160966
v 4.660496 -4.796561 -5.105945
v 4.664787 -4.792293 -5.105998
v 4.669125 -4.800977 -5.110085
v 4.662128 -4.796235 -5.105943
v 4.663517 -4.795308 -5.105952
v 4.662457 -4.796927 -5.107558
v 4.664204 -4.796027 -5.107469
v 4.664776 -4.796611 -5.108372
v 4.665104 -4.794246 -5.107591
v 4.666042 -4.796583 -5.108928
v 4.664452 -4.793923 -5.105971
v 4.664787 -4.797893 -5.108912
v 4.667454 -4.798947 -5.109803
v 4.666103 -4.797945 -5.109356
v 5.160461 -4.701547 -0.994183
v 5.160587 -4.698411 -0.992882
v 5.164780 -4.705880 -0.981469
v 5.160847 -4.701279 -0.992833
v 5.161011 -4.700587 -0.992112
v 5.162285 -4.701303 -0.990932
v 5.163044 -4.702043 -0.989697
v 5.160919 -4.699580 -0.992129
v 5.163502 -4.702753 -0.988078
v 5.164448 -4.705009 -0.984207
v 5.163971 -4.703413 -0.986859
v 0.934479 -4.803890 -5.127492
v 0.918388 -4.809071 -5.131577
v 0.932800 -4.800682 -5.127770
v 0.931057 -4.804409 -5.129115
v 0.926796 -4.805575 -5.130462
v 0.933147 -4.803599 -5.126994
v 0.927948 -4.804629 -5.129820
v 0.921284 -4.807870 -5.131337
v 0.925037 -4.805855 -5.130528
v 0.922348 -4.807212 -5.131328
v 0.932240 -4.801866 -5.127144
v 0.932362 -4.802889 -5.126872
v 0.929085 -4.803330 -5.129277
v 0.929859 -4.803812 -5.128724
v 4.688873 -1.131454 -5.173547
v 4.685684 -1.130279 -5.173439
v 4.694630 -1.118517 -5.177639
v 4.688560 -1.130054 -5.173376
v 4.687847 -1.129340 -5.173295
v 4.689831 -1.128411 -5.175101
v 4.690212 -1.126552 -5.175809
v 4.686836 -1.129418 -5.173318
v 4.688957 -1.127660 -5.174924
v 4.692944 -1.121408 -5.177317
v 4.691265 -1.124895 -5.176457
v 4.691956 -1.123723 -5.176842
v 0.988430 -5.269998 -4.610927
v 0.987194 -5.269937 -4.607916
v 0.975132 -5.274383 -4.615576
v 0.987026 -5.269994 -4.610693
v 0.985615 -5.271642 -4.611249
v 0.983418 -5.272472 -4.611474
v 0.980896 -5.273068 -4.612864
v 0.986359 -5.269961 -4.609067
v 0.984425 -5.271574 -4.610629
v 0.978416 -5.274014 -4.613764
v 0.982090 -5.273072 -4.612212
v 0.977699 -5.274034 -4.614647
v 5.145836 -4.787514 -4.626383
v 5.150074 -4.792044 -4.634921
v 5.145828 -4.783357 -4.630768
v 5.147461 -4.787889 -4.628338
v 5.148834 -4.788881 -4.630647
v 5.145836 -4.787229 -4.628024
v 5.147400 -4.787590 -4.629355
v 5.148273 -4.787617 -4.630672
v 5.149754 -4.789992 -4.633297
v 5.148834 -4.787622 -4.631938
v 5.149284 -4.788961 -4.631968
v 5.145828 -4.784979 -4.630396
v 5.145832 -4.786338 -4.629434
v 5.147453 -4.785290 -4.631051
v 5.147400 -4.786303 -4.630698
v 5.155514 -1.105861 -4.737519
v 5.159718 -1.091981 -4.742760
v 5.155499 -1.104575 -4.734544
v 5.157127 -1.102600 -4.738201
v 5.158493 -1.098819 -4.739437
v 5.155430 -1.104456 -4.737318
v 5.159397 -1.095199 -4.741507
v 5.158936 -1.097721 -4.740018
v 5.158302 -1.099981 -4.738880
v 5.155422 -1.103762 -4.735705
v 5.157116 -1.102014 -4.737061
v 4.667679 -5.260478 -4.619927
v 4.676517 -5.264824 -4.624438
v 4.671947 -5.260375 -4.615679
v 4.669609 -5.262111 -4.620245
v 4.671967 -5.263513 -4.621213
v 4.669308 -5.260468 -4.619608
v 4.670643 -5.262046 -4.619929
v 4.671982 -5.262922 -4.619925
v 4.673283 -5.263479 -4.619905
v 4.674393 -5.264465 -4.622685
v 4.673347 -5.263962 -4.621275
v 4.671619 -5.260415 -4.617309
v 4.670692 -5.260448 -4.618688
v 4.672295 -5.262047 -4.617573
v 4.671974 -5.262013 -4.618608
v 4.680733 -5.182809 -0.950586
v 4.685268 -5.186794 -0.937212
v 4.677715 -5.182789 -0.949326
v 4.681084 -5.184377 -0.947615
v 4.680508 -5.182780 -0.949185
v 4.681271 -5.185153 -0.945527
v 4.684292 -5.186523 -0.939924
v 4.682514 -5.185666 -0.943178
v 4.678875 -5.182769 -0.948502
v 4.680401 -5.184301 -0.946605
v 5.154690 -0.129640 -5.186845
v 5.155483 -0.127417 -5.183345
v 5.158951 -0.130113 -5.182539
v 5.154125 -0.128613 -5.186576
v 5.154076 -0.127830 -5.185818
v 5.156315 -0.129761 -5.186494
v 5.156052 -0.127870 -5.186119
v 5.155968 -0.126641 -5.185522
v 5.156811 -0.127402 -5.182421
v 5.157936 -0.127909 -5.181943
v 5.154556 -0.127410 -5.184682
v 5.156296 -0.126746 -5.184185
v 5.157623 -0.126676 -5.183863
v 5.158615 -0.130015 -5.184164
v 5.157692 -0.129893 -5.185555
v 5.158688 -0.128858 -5.181985
v 5.158226 -0.127994 -5.183928
v 5.157513 -0.127528 -5.185403
v 0.040623 -5.286218 -5.107146
v 0.038494 -5.282756 -5.108490
v 0.040451 -5.281539 -5.112123
v 0.039722 -5.285942 -5.106666
v 0.039001 -5.285188 -5.106751
v 0.040588 -5.285892 -5.108985
v 0.038815 -5.285481 -5.108788
v 0.037685 -5.284867 -5.108782
v 0.038528 -5.281724 -5.109849
v 0.038914 -5.281131 -5.111016
v 0.038570 -5.284068 -5.107392
v 0.037830 -5.283507 -5.109218
v 0.037643 -5.283130 -5.110611
v 0.040493 -5.283359 -5.111676
v 0.040543 -5.284888 -5.110573
v 0.039589 -5.281066 -5.111815
v 0.038750 -5.283153 -5.111247
v 0.038345 -5.284729 -5.110412
v 5.145145 -5.270638 -5.099820
v 5.149643 -5.270561 -5.095386
v 5.145065 -5.274971 -5.095130
v 5.146866 -5.270632 -5.099474
v 5.148327 -5.270616 -5.098511
v 5.145130 -5.272329 -5.099436
v 5.146793 -5.272260 -5.098938
v 5.148125 -5.272204 -5.098279
v 5.147717 -5.273150 -5.097846
v 5.149296 -5.272250 -5.095315
v 5.148308 -5.273679 -5.095243
v 5.149300 -5.270590 -5.097075
v 5.148796 -5.272222 -5.096959
v 5.148117 -5.273526 -5.096868
v 5.145088 -5.274673 -5.096900
v 5.145111 -5.273746 -5.098411
v 5.146820 -5.274636 -5.095180
v 5.146770 -5.274183 -5.096873
v 5.146740 -5.273557 -5.098233
v 5.169636 -5.162687 0.019083
v 5.166203 -5.163797 0.021814
v 5.165104 -5.167316 0.019688
v 5.169384 -5.162154 0.020230
v 5.168644 -5.162178 0.021152
v 5.169292 -5.164462 0.019236
v 5.168903 -5.164196 0.021207
v 5.168304 -5.164135 0.022494
v 5.165184 -5.165132 0.021794
v 5.164616 -5.166274 0.021383
v 5.167526 -5.162754 0.021709
v 5.166958 -5.164529 0.022435
v 5.166580 -5.165891 0.022596
v 5.166840 -5.166969 0.019563
v 5.168312 -5.165966 0.019404
v 5.164589 -5.167039 0.020644
v 5.166618 -5.166528 0.021410
v 5.168156 -5.165752 0.021743
v 0.999092 -4.793049 -5.010190
v 0.997612 -4.789767 -5.010048
v 1.006844 -4.788400 -5.006068
v 0.997177 -4.792947 -5.010139
v 0.996223 -4.792288 -5.010092
v 1.000710 -4.792424 -5.008615
v 0.997997 -4.791744 -5.008568
v 0.999496 -4.791228 -5.007733
v 0.999344 -4.789392 -5.008484
v 1.001705 -4.789001 -5.007178
v 0.996376 -4.791171 -5.010062
v 1.000198 -4.790425 -5.007398
v 1.004906 -4.789907 -5.006384
v 1.002750 -4.791321 -5.007277
v 1.004341 -4.788653 -5.006331
v 1.002251 -4.790216 -5.006711
v 1.000618 -4.791356 -5.007437
v 4.660702 -4.794446 -5.018944
v 4.660706 -4.790085 -5.014789
v 4.664959 -4.790190 -5.019055
v 4.660706 -4.794082 -5.017323
v 4.660709 -4.793127 -5.015964
v 4.662334 -4.794124 -5.018956
v 4.662376 -4.793692 -5.017294
v 4.662292 -4.792917 -5.016189
v 4.662338 -4.790094 -5.015116
v 4.663719 -4.790116 -5.016044
v 4.660709 -4.791722 -5.015072
v 4.662380 -4.791773 -5.015468
v 4.663502 -4.791708 -5.016221
v 4.664635 -4.791818 -5.019017
v 4.663715 -4.793200 -5.018981
v 4.664639 -4.790150 -5.017426
v 4.664249 -4.791819 -5.017344
v 4.663502 -4.792946 -5.017399
v 4.661282 -1.129723 -5.107259
v 4.655392 -1.135640 -5.103171
v 4.658211 -1.128600 -5.107432
v 4.660149 -1.130584 -5.105707
v 4.658630 -1.132009 -5.104386
v 4.661228 -1.127890 -5.107337
v 4.660023 -1.128781 -5.105751
v 4.658775 -1.130052 -5.104670
v 4.655785 -1.133356 -5.103562
v 4.656460 -1.131215 -5.104508
v 4.656960 -1.133786 -5.103497
v 4.657429 -1.131382 -5.103951
v 4.659565 -1.127281 -5.107432
v 4.660625 -1.127033 -5.107399
v 4.657310 -1.129546 -5.105868
v 4.658669 -1.128287 -5.105826
v 5.058838 -4.787638 -4.626174
v 5.058823 -4.783479 -4.630536
v 5.054569 -4.783383 -4.626266
v 5.058830 -4.787352 -4.627810
v 5.058826 -4.786460 -4.629214
v 5.057205 -4.787315 -4.626177
v 5.057159 -4.786963 -4.627856
v 5.057243 -4.786239 -4.629001
v 5.057190 -4.783471 -4.630208
v 5.055813 -4.783451 -4.629281
v 5.058823 -4.785099 -4.630171
v 5.057152 -4.785134 -4.629775
v 5.056030 -4.785034 -4.629025
v 5.054897 -4.785011 -4.626227
v 5.055824 -4.786392 -4.626195
v 5.054890 -4.783421 -4.627896
v 5.055283 -4.785092 -4.627896
v 5.056034 -4.786214 -4.627788
v 5.067616 -4.701117 -0.962347
v 5.063339 -4.696973 -0.966751
v 5.067497 -4.697988 -0.960970
v 5.065983 -4.700820 -0.963340
v 5.064594 -4.699930 -0.964526
v 5.067947 -4.700849 -0.960978
v 5.066185 -4.700416 -0.961536
v 5.064808 -4.699749 -0.962245
v 5.065239 -4.699378 -0.961272
v 5.063656 -4.696623 -0.964866
v 5.064560 -4.696697 -0.963107
v 5.063667 -4.698582 -0.965724
v 5.064133 -4.698398 -0.963410
v 5.064793 -4.698369 -0.961640
v 5.067883 -4.699152 -0.960233
v 5.068043 -4.700159 -0.960236
v 5.065907 -4.697173 -0.961738
v 5.066147 -4.698686 -0.960776
v 5.066288 -4.699853 -0.960398
v 5.053413 -1.105686 -4.720177
v 5.053448 -1.104391 -4.717184
v 5.049232 -1.111627 -4.715056
v 5.053341 -1.104281 -4.719966
v 5.051807 -1.107061 -4.719544
v 5.051834 -1.105360 -4.719235
v 5.051861 -1.104267 -4.718760
v 5.050987 -1.105422 -4.718106
v 5.051834 -1.105524 -4.716189
v 5.050465 -1.107296 -4.715436
v 5.053360 -1.103581 -4.718348
v 5.051846 -1.104631 -4.717639
v 5.050625 -1.105894 -4.717086
v 5.049545 -1.110279 -4.716775
v 5.050449 -1.108675 -4.718350
v 5.049549 -1.109439 -4.715040
v 5.050011 -1.107850 -4.716873
v 5.050621 -1.106481 -4.718331
v 0.988350 -5.176544 -4.612994
v 0.994408 -5.172184 -4.608843
v 0.987114 -5.176476 -4.609984
v 0.989738 -5.174907 -4.612710
v 0.991379 -5.173502 -4.611819
v 0.986950 -5.176540 -4.612761
v 0.988045 -5.174956 -4.612350
v 0.989189 -5.173679 -4.611706
v 0.988144 -5.174055 -4.611374
v 0.992275 -5.172507 -4.608656
v 0.990139 -5.173434 -4.608808
v 0.993019 -5.172546 -4.610463
v 0.990612 -5.173017 -4.610384
v 0.988659 -5.173654 -4.610419
v 0.986282 -5.176504 -4.611135
v 0.988327 -5.174829 -4.609274
v 0.987373 -5.174921 -4.610719
v 0.986965 -5.174985 -4.611838
v 4.667599 -5.173499 -4.621881
v 4.671871 -5.173402 -4.617631
v 4.667606 -5.169147 -4.617716
v 4.669231 -5.173491 -4.621560
v 4.670616 -5.173469 -4.620640
v 4.667599 -5.171863 -4.621593
v 4.669270 -5.171812 -4.621205
v 4.670399 -5.171879 -4.620458
v 4.671543 -5.171771 -4.617665
v 4.670620 -5.170391 -4.617695
v 4.671543 -5.173438 -4.619259
v 4.671150 -5.171768 -4.619338
v 4.670399 -5.170641 -4.619277
v 4.667603 -5.169506 -4.619339
v 4.667599 -5.170461 -4.620699
v 4.669235 -5.169468 -4.617713
v 4.669273 -5.169896 -4.619374
v 4.669186 -5.170671 -4.620482
v 4.680653 -5.091155 -0.952622
v 4.677639 -5.091129 -0.951361
v 4.676376 -5.087034 -0.958705
v 4.680618 -5.091114 -0.950762
v 4.680035 -5.091094 -0.949869
v 4.680138 -5.089546 -0.953571
v 4.680046 -5.089465 -0.951743
v 4.679115 -5.088685 -0.952117
v 4.677349 -5.089524 -0.952407
v 4.677010 -5.088180 -0.954170
v 4.678986 -5.091100 -0.950079
v 4.678719 -5.089454 -0.951189
v 4.677818 -5.087318 -0.956863
v 4.679142 -5.088199 -0.955061
v 4.676666 -5.087306 -0.956381
v 4.678162 -5.087653 -0.954417
v 4.679222 -5.088370 -0.953066
v 3.000866 -5.116317 -4.037749
v 2.999290 -5.112411 -4.035995
v 3.001141 -5.114854 -4.038083
v 3.000938 -5.113597 -4.037866
v 3.000290 -5.112739 -4.037131
v 3.850773 -5.103502 -3.258965
v 3.852364 -5.107409 -3.260739
v 3.851780 -5.103831 -3.260110
v 3.852436 -5.104690 -3.260850
v 3.852638 -5.105947 -3.261071
v 2.694229 -5.101585 -3.687710
v 2.692348 -5.105488 -3.685517
v 2.693203 -5.101850 -3.686534
v 2.692486 -5.102687 -3.685705
v 2.692184 -5.103964 -3.685348
v 3.543861 -5.096580 -2.908526
v 3.545750 -5.092677 -2.910724
v 3.543701 -5.095056 -2.908356
v 3.543999 -5.093778 -2.908714
v 3.544720 -5.092944 -2.909546
v 3.451977 -5.112629 -3.672349
v 3.450401 -5.108726 -3.670592
v 3.452251 -5.111166 -3.672682
v 3.452049 -5.109910 -3.672465
v 3.451401 -5.109056 -3.671732
v 3.143906 -5.101818 -3.320626
v 3.145779 -5.097915 -3.322810
v 3.143738 -5.100292 -3.320457
v 3.144039 -5.099015 -3.320811
v 3.144753 -5.098180 -3.321637
v 3.872810 -5.090377 -2.484727
v 3.874729 -5.086469 -2.486960
v 3.872650 -5.088851 -2.484559
v 3.872959 -5.087573 -2.484925
v 3.873688 -5.086736 -2.485768
v 4.179829 -5.097299 -2.835290
v 4.181454 -5.101222 -2.837098
v 4.180851 -5.097627 -2.836452
v 4.181515 -5.098489 -2.837202
v 4.181728 -5.099750 -2.837429
v 4.195164 -5.081178 -1.930971
v 4.196594 -5.077280 -1.934184
v 4.194962 -5.079650 -1.930878
v 4.195164 -5.078373 -1.931455
v 4.195740 -5.077541 -1.932617
v 4.450691 -5.089893 -2.383797
v 4.451824 -5.093854 -2.386575
v 4.451527 -5.090230 -2.385331
v 4.452034 -5.091104 -2.386398
v 4.452137 -5.092375 -2.386834
v 4.692467 -5.063484 -0.923193
v 4.687180 -5.059705 -0.935820
v 4.690586 -5.063431 -0.922627
v 4.691750 -5.062007 -0.926061
v 4.690495 -5.060770 -0.929468
v 4.692387 -5.063713 -0.921863
v 4.691547 -5.062125 -0.923835
v 4.690536 -5.060892 -0.926059
v 4.690411 -5.061261 -0.924566
v 4.687153 -5.059936 -0.932548
v 4.687786 -5.060726 -0.928893
v 4.688892 -5.059962 -0.932896
v 4.689041 -5.060318 -0.929001
v 4.689388 -5.060873 -0.925813
v 4.691372 -5.063684 -0.921556
v 4.688992 -5.061952 -0.925408
v 4.690250 -5.062097 -0.923525
v 4.691200 -5.062186 -0.922513
v 4.689266 -5.085151 -1.890558
v 4.686325 -5.081229 -1.891789
v 4.689445 -5.083665 -1.891127
v 4.688950 -5.082397 -1.891560
v 4.687855 -5.081542 -1.891793
v 2.504272 -5.118414 -4.351760
v 2.501606 -5.114499 -4.350638
v 2.504471 -5.116946 -4.352143
v 2.504032 -5.115685 -4.352064
v 2.503029 -5.114826 -4.351537
v 2.059448 -5.103499 -4.055600
v 2.056404 -5.107406 -4.053998
v 2.057976 -5.103766 -4.054650
v 2.056881 -5.104602 -4.054011
v 2.056328 -5.105880 -4.053782
v 1.936031 -5.115360 -4.640684
v 1.935329 -5.119306 -4.643423
v 1.936165 -5.115689 -4.642203
v 1.936077 -5.116555 -4.643258
v 1.935787 -5.117826 -4.643685
v 0.795815 -5.107519 -4.618947
v 0.795341 -5.107459 -4.617124
v 0.809322 -5.103552 -4.613927
v 0.794487 -5.107725 -4.618838
v 0.798866 -5.106008 -4.618281
v 0.796619 -5.106133 -4.618027
v 0.795288 -5.106196 -4.617658
v 0.797470 -5.105256 -4.616908
v 0.798344 -5.105930 -4.615561
v 0.802052 -5.104653 -4.614408
v 0.794231 -5.107694 -4.617850
v 0.796368 -5.106096 -4.616752
v 0.798813 -5.104849 -4.615919
v 0.806179 -5.103861 -4.615565
v 0.802509 -5.104724 -4.617094
v 0.805908 -5.103817 -4.613832
v 0.802139 -5.104260 -4.615633
v 0.799007 -5.104880 -4.617057
v 2.961700 -5.222775 -3.991851
v 2.965874 -5.219076 -3.996654
v 2.962898 -5.222526 -3.993223
v 2.964115 -5.221736 -3.994617
v 2.965157 -5.220525 -3.995822
v 3.817371 -5.210166 -3.219644
v 3.813187 -5.213867 -3.214823
v 3.816658 -5.211614 -3.218811
v 3.815609 -5.212824 -3.217602
v 3.814392 -5.213617 -3.216202
v 2.718513 -5.210177 -3.714247
v 2.722401 -5.214282 -3.718644
v 2.719116 -5.211717 -3.714919
v 2.720066 -5.213038 -3.715991
v 2.721222 -5.213939 -3.717299
v 3.573921 -5.205375 -2.941657
v 3.570030 -5.201263 -2.937255
v 3.572739 -5.205030 -2.940309
v 3.571583 -5.204127 -2.939000
v 3.570633 -5.202804 -2.937928
v 3.412811 -5.219090 -3.626451
v 3.416981 -5.215393 -3.631249
v 3.414013 -5.218841 -3.627822
v 3.415226 -5.218052 -3.629214
v 3.416267 -5.216840 -3.630419
v 3.173950 -5.210614 -3.353744
v 3.170071 -5.206505 -3.349357
v 3.172771 -5.210270 -3.352402
v 3.171623 -5.209369 -3.351097
v 3.170673 -5.208046 -3.350028
v 3.902901 -5.199167 -2.517892
v 3.898975 -5.195052 -2.513453
v 3.901707 -5.198821 -2.516531
v 3.900539 -5.197917 -2.515209
v 3.899582 -5.196593 -2.514128
v 4.146469 -5.203951 -2.796014
v 4.142242 -5.207662 -2.791147
v 4.145748 -5.205404 -2.795177
v 4.144691 -5.206621 -2.793957
v 4.143463 -5.207412 -2.792542
v 4.224632 -5.189983 -1.965369
v 4.221321 -5.185840 -1.959694
v 4.223671 -5.189628 -1.963535
v 4.222706 -5.188717 -1.961813
v 4.221882 -5.187387 -1.960464
v 4.416855 -5.196541 -2.345508
v 4.413246 -5.200252 -2.339404
v 4.416180 -5.198000 -2.344573
v 4.415257 -5.199217 -2.343085
v 4.414227 -5.200008 -2.341270
v 4.718292 -5.168096 -0.951868
v 4.716743 -5.168087 -0.951348
v 4.713768 -5.172462 -0.969976
v 4.718056 -5.168397 -0.949989
v 4.718079 -5.169717 -0.955979
v 4.718040 -5.169728 -0.953712
v 4.717827 -5.169717 -0.952335
v 4.717281 -5.170538 -0.955215
v 4.715656 -5.169693 -0.955515
v 4.714710 -5.171091 -0.960519
v 4.716908 -5.169716 -0.953489
v 4.716385 -5.170885 -0.956911
v 4.715630 -5.172081 -0.965779
v 4.717144 -5.171117 -0.960862
v 4.714046 -5.172062 -0.965596
v 4.715981 -5.171535 -0.960994
v 4.717415 -5.170896 -0.957059
v 4.648750 -5.191594 -1.847701
v 4.654320 -5.187782 -1.849513
v 4.650478 -5.191320 -1.847921
v 4.652142 -5.190500 -1.848342
v 4.653492 -5.189256 -1.848901
v 2.463745 -5.224863 -4.306659
v 2.469292 -5.221148 -4.310673
v 2.465469 -5.224611 -4.307727
v 2.467129 -5.223816 -4.308866
v 2.468468 -5.222600 -4.309899
v 2.082565 -5.212089 -4.082726
v 2.087921 -5.216196 -4.086378
v 2.083282 -5.213628 -4.083343
v 2.084553 -5.214952 -4.084252
v 2.086182 -5.215854 -4.085319
v 1.900364 -5.221993 -4.602355
v 1.898426 -5.225723 -4.596585
v 1.899815 -5.223453 -4.601445
v 1.899254 -5.224673 -4.600030
v 1.898766 -5.225471 -4.598323
v 0.821949 -5.212163 -4.647370
v 0.840702 -5.216249 -4.643425
v 0.821507 -5.212138 -4.645851
v 0.826199 -5.213730 -4.647297
v 0.831253 -5.215057 -4.646522
v 0.820629 -5.212365 -4.647374
v 0.823887 -5.213749 -4.647195
v 0.827347 -5.214877 -4.646682
v 0.825462 -5.214534 -4.646494
v 0.836227 -5.215904 -4.643570
v 0.831009 -5.215003 -4.644083
v 0.836346 -5.215942 -4.645162
v 0.831436 -5.215457 -4.645371
v 0.827240 -5.214855 -4.645650
v 0.825840 -5.213678 -4.644884
v 0.823711 -5.213725 -4.646065
v 0.822491 -5.213741 -4.646943
v 5.089272 -4.178431 -2.946552
v 5.085140 -4.176959 -2.945318
v 5.087868 -4.178886 -2.946922
v 5.086586 -4.178767 -2.946818
v 5.085629 -4.178090 -2.946254
v 5.077686 -3.425273 -3.819270
v 5.081814 -3.426756 -3.820513
v 5.078175 -3.426407 -3.820208
v 5.079132 -3.427089 -3.820775
v 5.080406 -3.427209 -3.820881
v 5.024567 -3.822981 -2.652888
v 5.028133 -3.820430 -2.650800
v 5.024666 -3.821762 -2.651881
v 5.025375 -3.820846 -2.651130
v 5.026596 -3.820380 -2.650752
v 5.020683 -3.068769 -3.524773
v 5.017120 -3.071331 -3.526870
v 5.019146 -3.068720 -3.524725
v 5.017929 -3.069190 -3.525105
v 5.017216 -3.070109 -3.525859
v 5.089985 -3.826200 -3.408036
v 5.085861 -3.824733 -3.406804
v 5.088581 -3.826658 -3.408404
v 5.087303 -3.826539 -3.408299
v 5.086346 -3.825863 -3.407737
v 5.028942 -3.468716 -3.112710
v 5.025375 -3.471261 -3.114792
v 5.027401 -3.468666 -3.112660
v 5.026184 -3.469135 -3.113040
v 5.025471 -3.470043 -3.113787
v 5.005333 -2.655422 -3.866476
v 5.001774 -2.658026 -3.868607
v 5.003792 -2.655377 -3.866429
v 5.002575 -2.655856 -3.866818
v 5.001865 -2.656785 -3.867583
v 5.062355 -3.012071 -4.161088
v 5.066490 -3.013576 -4.162354
v 5.062847 -3.013215 -4.162036
v 5.063805 -3.013902 -4.162610
v 5.065083 -3.014029 -4.162720
v 4.993374 -2.100970 -4.201941
v 4.989697 -2.104530 -4.203620
v 4.991821 -2.100994 -4.201861
v 4.990578 -2.101679 -4.202153
v 4.989834 -2.102920 -4.202771
v 5.039547 -2.570010 -4.455439
v 5.043560 -2.572373 -4.456208
v 5.039989 -2.571483 -4.456197
v 5.040909 -2.572447 -4.456610
v 5.042164 -2.572761 -4.456614
v 5.018009 -1.052453 -4.711243
v 5.013561 -1.064053 -4.706872
v 5.017857 -1.051966 -4.709199
v 5.016373 -1.055086 -4.710793
v 5.014954 -1.058216 -4.709803
v 5.016495 -1.052987 -4.710454
v 5.015156 -1.055066 -4.709662
v 5.015549 -1.053678 -4.709422
v 5.013882 -1.061059 -4.706664
v 5.014812 -1.057712 -4.707034
v 5.013966 -1.061364 -4.708426
v 5.014439 -1.057787 -4.708354
v 5.015095 -1.054850 -4.708487
v 5.018188 -1.050558 -4.710598
v 5.016209 -1.054519 -4.707923
v 5.016415 -1.052717 -4.709105
v 5.016548 -1.051749 -4.710019
v 5.013714 -2.080801 -4.756856
v 5.013527 -2.089435 -4.754998
v 5.010166 -2.086672 -4.754475
v 5.013828 -2.082849 -4.756724
v 5.013836 -2.085210 -4.756325
v 5.012226 -2.082102 -4.757204
v 5.012329 -2.084109 -4.756964
v 5.012371 -2.085924 -4.756732
v 5.012150 -2.089332 -4.755705
v 5.011028 -2.088770 -4.755856
v 5.013729 -2.087524 -4.755720
v 5.012287 -2.087604 -4.756238
v 5.011162 -2.087467 -4.756514
v 5.010307 -2.085282 -4.755911
v 5.011032 -2.083676 -4.756869
v 5.010330 -2.087836 -4.755423
v 5.010651 -2.086518 -4.756310
v 5.011166 -2.085256 -4.756956
v 5.079594 -4.478415 -2.441454
v 5.075417 -4.477550 -2.439113
v 5.078178 -4.478919 -2.441741
v 5.076889 -4.478933 -2.441397
v 5.075920 -4.478450 -2.440474
v 5.008793 -4.173126 -2.008343
v 5.012325 -4.171134 -2.005074
v 5.008873 -4.172120 -2.006883
v 5.009575 -4.171387 -2.005749
v 5.010788 -4.171041 -2.005115
v 5.057556 -4.751987 -1.866086
v 5.061638 -4.754379 -1.865011
v 5.058014 -4.753478 -1.866143
v 5.058949 -4.754455 -1.865959
v 5.060223 -4.754772 -1.865562
v 4.964298 -4.701741 -0.730557
v 4.964062 -4.699917 -0.730146
v 4.960953 -4.697404 -0.744465
v 4.964397 -4.701581 -0.729221
v 4.962971 -4.701276 -0.733732
v 4.962910 -4.700958 -0.731485
v 4.962845 -4.700550 -0.730166
v 4.962013 -4.699934 -0.732431
v 4.962643 -4.698563 -0.733294
v 4.961552 -4.697610 -0.737119
v 4.964268 -4.700595 -0.728999
v 4.962753 -4.699684 -0.731277
v 4.961632 -4.699017 -0.733830
v 4.961159 -4.698933 -0.741259
v 4.961868 -4.700292 -0.737488
v 4.960960 -4.697205 -0.741042
v 4.961266 -4.698864 -0.737198
v 4.961761 -4.700155 -0.733988
v 5.188629 -4.123102 -2.901376
v 5.185638 -4.128283 -2.905639
v 5.188576 -4.124515 -2.902545
v 5.187988 -4.125998 -2.903764
v 5.186958 -4.127322 -2.904851
v 5.178192 -3.376602 -3.779593
v 5.181175 -3.371417 -3.775330
v 5.179508 -3.375640 -3.778807
v 5.180538 -3.374318 -3.777720
v 5.181126 -3.372836 -3.776501
v 5.136398 -3.841274 -2.668535
v 5.141113 -3.845424 -2.671983
v 5.138027 -3.841835 -2.669005
v 5.139496 -3.842820 -2.669825
v 5.140579 -3.844080 -2.670871
v 5.133667 -3.093774 -3.545964
v 5.128952 -3.089616 -3.542508
v 5.133133 -3.092427 -3.544848
v 5.132046 -3.091163 -3.543799
v 5.130577 -3.090175 -3.542977
v 5.189350 -3.770876 -3.362864
v 5.186363 -3.776048 -3.367118
v 5.189297 -3.772290 -3.364029
v 5.188709 -3.773768 -3.365247
v 5.187679 -3.775089 -3.366331
v 5.141922 -3.493705 -3.133885
v 5.137211 -3.489563 -3.130444
v 5.141388 -3.492364 -3.132777
v 5.140305 -3.491106 -3.131734
v 5.138836 -3.490122 -3.130914
v 5.118317 -2.680470 -3.887701
v 5.113594 -2.676268 -3.884209
v 5.117779 -2.679108 -3.886573
v 5.116692 -2.677830 -3.885514
v 5.115223 -2.676833 -3.884684
v 5.162861 -2.963423 -4.121439
v 5.165844 -2.958213 -4.117152
v 5.164181 -2.962459 -4.120648
v 5.165211 -2.961132 -4.119557
v 5.165794 -2.959639 -4.118330
v 5.106213 -2.127206 -4.222590
v 5.101631 -2.121812 -4.219676
v 5.105728 -2.125386 -4.221682
v 5.104687 -2.123722 -4.220809
v 5.103249 -2.122466 -4.220106
v 5.139927 -2.522226 -4.415295
v 5.143066 -2.515943 -4.411631
v 5.141258 -2.521178 -4.414553
v 5.142323 -2.519617 -4.413597
v 5.142956 -2.517781 -4.412570
v 5.126099 -1.073262 -4.728693
v 5.126118 -1.072811 -4.726933
v 5.129936 -1.088703 -4.724896
v 5.126286 -1.071936 -4.728604
v 5.127640 -1.076827 -4.728581
v 5.127693 -1.074673 -4.728377
v 5.127708 -1.073381 -4.728047
v 5.128494 -1.075910 -4.727616
v 5.127621 -1.076370 -4.725987
v 5.128872 -1.080638 -4.725268
v 5.127682 -1.074452 -4.727160
v 5.128799 -1.077399 -4.726771
v 5.129715 -1.085184 -4.726525
v 5.128906 -1.081016 -4.727820
v 5.129684 -1.084969 -4.724885
v 5.129330 -1.080974 -4.726595
v 5.128815 -1.077560 -4.727851
v 5.109364 -2.031084 -4.716568
v 5.113811 -2.032726 -4.710618
v 5.109890 -2.039292 -4.714087
v 5.110893 -2.031475 -4.715590
v 5.112278 -2.031924 -4.714117
v 5.109627 -2.033035 -4.716252
v 5.110996 -2.033091 -4.715248
v 5.112137 -2.033200 -4.714224
v 5.111851 -2.034285 -4.714261
v 5.113384 -2.034353 -4.711676
v 5.112488 -2.036174 -4.712706
v 5.113304 -2.032363 -4.712368
v 5.112812 -2.033734 -4.713019
v 5.112228 -2.035057 -4.713612
v 5.109913 -2.037476 -4.714909
v 5.109818 -2.035279 -4.715670
v 5.111259 -2.037908 -4.713553
v 5.111176 -2.036219 -4.714261
v 5.111073 -2.034666 -4.714909
v 5.178902 -4.423845 -2.394892
v 5.175930 -4.428284 -2.400553
v 5.178860 -4.424973 -2.396595
v 5.178284 -4.426214 -2.398268
v 5.177254 -4.427376 -2.399658
v 5.120583 -4.191977 -2.022808
v 5.125347 -4.195421 -2.027740
v 5.122215 -4.192483 -2.023391
v 5.123695 -4.193316 -2.024534
v 5.124794 -4.194349 -2.026060
v 5.157932 -4.704268 -1.824128
v 5.161045 -4.698169 -1.822130
v 5.159271 -4.703233 -1.823509
v 5.160332 -4.701708 -1.822912
v 5.160957 -4.699932 -1.822427
v 5.072495 -4.722281 -0.748270
v 5.077621 -4.718501 -0.766805
v 5.072315 -4.720761 -0.747878
v 5.074360 -4.722190 -0.752401
v 5.075989 -4.721442 -0.757370
v 5.074200 -4.722027 -0.750094
v 5.075535 -4.721515 -0.753481
v 5.075043 -4.721306 -0.751634
v 5.076965 -4.718561 -0.762364
v 5.075726 -4.719007 -0.757209
v 5.077133 -4.720145 -0.762430
v 5.076309 -4.720268 -0.757560
v 5.075424 -4.720484 -0.753410
v 5.072601 -4.721930 -0.746397
v 5.074093 -4.719781 -0.752122
v 5.074074 -4.720900 -0.749959
v 5.074070 -4.721743 -0.748712
v 3.464970 -3.849025 -4.985364
v 3.466766 -3.850770 -4.989172
v 3.466091 -3.850061 -4.985636
v 3.466827 -3.850757 -4.986455
v 3.467064 -3.851004 -4.987697
v 3.525948 -3.116779 -5.002045
v 3.523880 -3.114983 -5.006050
v 3.524803 -3.115739 -5.002367
v 3.524006 -3.115029 -5.003243
v 3.523682 -3.114766 -5.004534
v 3.867008 -3.429435 -4.995802
v 3.868793 -3.431168 -4.999602
v 3.868126 -3.430465 -4.996073
v 3.868855 -3.431155 -4.996892
v 3.869091 -3.431402 -4.998131
v 3.123940 -3.536399 -4.991605
v 3.121864 -3.534596 -4.995612
v 3.122791 -3.535354 -4.991928
v 3.121994 -3.534645 -4.992805
v 3.121670 -3.534377 -4.994097
v 2.695747 -3.891645 -4.982556
v 2.693645 -3.889815 -4.986567
v 2.694588 -3.890590 -4.982881
v 2.693783 -3.889872 -4.983757
v 2.693451 -3.889599 -4.985050
v 3.037159 -4.204621 -4.976308
v 3.038986 -4.206389 -4.980131
v 3.038296 -4.205668 -4.976581
v 3.039040 -4.206371 -4.977403
v 3.039284 -4.206625 -4.978650
v 2.597179 -4.491457 -4.968785
v 2.599171 -4.493187 -4.972624
v 2.598377 -4.492492 -4.969058
v 2.599174 -4.493181 -4.969883
v 2.599453 -4.493428 -4.971135
v 2.240841 -4.184616 -4.975801
v 2.238560 -4.182815 -4.979824
v 2.239613 -4.183571 -4.976127
v 2.238750 -4.182864 -4.977006
v 2.238380 -4.182596 -4.978305
v 1.335068 -4.829873 -4.980879
v 1.325306 -4.833900 -4.985118
v 1.331383 -4.831427 -4.981242
v 1.328232 -4.832738 -4.982175
v 1.326096 -4.833605 -4.983536
v 2.113514 -4.732103 -4.962399
v 2.118637 -4.732353 -4.966104
v 2.115917 -4.732574 -4.962609
v 2.117733 -4.732786 -4.963387
v 2.118690 -4.732708 -4.964614
v 1.397514 -4.571466 -4.987847
v 1.391911 -4.571110 -4.992043
v 1.395016 -4.570973 -4.988240
v 1.393074 -4.570732 -4.989176
v 1.391983 -4.570780 -4.990512
v 3.880760 -2.636675 -5.013737
v 3.878761 -2.634730 -5.017747
v 3.879642 -2.635575 -5.014061
v 3.878868 -2.634821 -5.014937
v 3.878563 -2.634525 -5.016232
v 4.216244 -2.966710 -5.007085
v 4.217941 -2.968572 -5.010880
v 4.217323 -2.967789 -5.007354
v 4.218025 -2.968521 -5.008172
v 4.218243 -2.968794 -5.009408
v 4.701080 -1.589465 -5.039292
v 4.704842 -1.581683 -5.043736
v 4.702568 -1.586502 -5.039687
v 4.703808 -1.583980 -5.040669
v 4.704605 -1.582290 -5.042090
v 4.363888 -1.698541 -5.036078
v 4.363438 -1.693468 -5.040166
v 4.363361 -1.696246 -5.036431
v 4.363091 -1.694476 -5.037333
v 4.363121 -1.693500 -5.038643
v 4.553917 -2.436518 -5.019808
v 4.553970 -2.441001 -5.023539
v 4.554367 -2.438599 -5.020053
v 4.554535 -2.440183 -5.020848
v 4.554394 -2.441024 -5.022072
v 3.428513 -3.818278 -5.093850
v 3.423889 -3.814132 -5.097774
v 3.427727 -3.817595 -5.095333
v 3.426575 -3.816568 -5.096601
v 3.425224 -3.815349 -5.097456
v 3.554066 -3.145224 -5.109221
v 3.558445 -3.149339 -5.113108
v 3.554752 -3.145892 -5.110728
v 3.555824 -3.146907 -5.111994
v 3.557121 -3.148118 -5.112831
v 3.830536 -3.398672 -5.104295
v 3.825928 -3.394540 -5.108212
v 3.829754 -3.397990 -5.105776
v 3.828602 -3.396966 -5.107041
v 3.827259 -3.395756 -5.107896
v 3.152050 -3.564837 -5.098783
v 3.156437 -3.568957 -5.102669
v 3.152737 -3.565506 -5.100287
v 3.153812 -3.566523 -5.101555
v 3.155113 -3.567735 -5.102392
v 2.723827 -3.920056 -5.089730
v 2.728245 -3.924204 -5.093621
v 2.724518 -3.920725 -5.091238
v 2.725601 -3.921747 -5.092507
v 2.726910 -3.922971 -5.093343
v 3.000744 -4.173910 -5.084779
v 2.996078 -4.169727 -5.088717
v 2.999954 -4.173222 -5.086268
v 2.998791 -4.172186 -5.087541
v 2.997429 -4.170959 -5.088400
v 2.560944 -4.460721 -5.077226
v 2.556061 -4.456582 -5.081198
v 2.560135 -4.460034 -5.078725
v 2.558922 -4.459007 -5.080007
v 2.557491 -4.457794 -5.080874
v 2.268742 -4.213054 -5.082978
v 2.273373 -4.217153 -5.086864
v 2.269447 -4.213720 -5.084487
v 2.270576 -4.214734 -5.085753
v 2.271954 -4.215940 -5.086589
v 1.321331 -4.832818 -5.088622
v 1.332443 -4.827998 -5.092594
v 1.322128 -4.832437 -5.090189
v 1.324524 -4.831386 -5.091495
v 1.328144 -4.829827 -5.092338
v 2.080437 -4.699906 -5.070643
v 2.071625 -4.697605 -5.074852
v 2.079323 -4.699357 -5.072169
v 2.077255 -4.698726 -5.073504
v 2.074554 -4.698111 -5.074447
v 1.422092 -4.601344 -5.095194
v 1.430893 -4.603627 -5.098865
v 1.423115 -4.601873 -5.096686
v 1.425148 -4.602492 -5.097908
v 1.427879 -4.603108 -5.098673
v 3.908947 -2.664971 -5.120915
v 3.913235 -2.669269 -5.124800
v 3.909630 -2.665652 -5.122420
v 3.910683 -2.666709 -5.123687
v 3.911949 -2.667978 -5.124524
v 4.179680 -2.936073 -5.115578
v 4.175186 -2.931785 -5.119498
v 4.178905 -2.935379 -5.117058
v 4.177780 -2.934319 -5.118323
v 4.176472 -2.933058 -5.119181
v 4.700874 -1.580604 -5.146954
v 4.696262 -1.589333 -5.151003
v 4.700474 -1.581256 -5.148569
v 4.699455 -1.583142 -5.149906
v 4.697975 -1.585981 -5.150761
v 4.393623 -1.723709 -5.143330
v 4.396004 -1.731857 -5.147126
v 4.394157 -1.724683 -5.144831
v 4.394798 -1.726575 -5.146079
v 4.395447 -1.729093 -5.146883
v 4.515709 -2.408502 -5.128239
v 4.513203 -2.401045 -5.132233
v 4.515083 -2.407566 -5.129725
v 4.514389 -2.405821 -5.131005
v 4.513729 -2.403530 -5.131886
v 4.707550 -2.141095 -5.082653
v 4.709717 -2.132971 -5.082839
v 4.708397 -2.139356 -5.082694
v 4.709106 -2.137202 -5.082743
v 4.709568 -2.134960 -5.082797
v 4.694138 -1.028732 -5.107857
v 4.695995 -1.029247 -5.107851
v 4.694832 -1.027580 -5.107884
v 4.695839 -1.027858 -5.107882
v 0.805573 -4.838201 -5.058401
v 0.805984 -4.839804 -5.058317
v 0.804050 -4.839355 -5.058415
v 2.592556 -5.276102 -5.105969
v 2.592850 -5.280594 -5.101155
v 2.591976 -5.277852 -5.105557
v 2.591827 -5.279321 -5.104498
v 2.592133 -5.280284 -5.102953
v 5.159637 -5.216632 -2.538033
v 5.155098 -5.221145 -2.537789
v 5.159298 -5.218347 -2.537224
v 5.158318 -5.219806 -2.536892
v 5.156841 -5.220788 -2.537092
v 2.602345 -5.223276 -2.543344
v 2.602833 -5.226770 -2.543823
v 2.601849 -5.224601 -2.542830
v 2.602116 -5.226491 -2.543091
v 5.154297 -2.700131 -5.138968
v 5.149921 -2.700206 -5.143332
v 5.153961 -2.699418 -5.140635
v 5.153011 -2.699182 -5.142052
v 5.151596 -2.699459 -5.142997
v 2.596989 -2.705088 -5.145917
v 2.597290 -2.705932 -5.149478
v 2.596474 -2.704640 -5.147265
v 2.596638 -2.705097 -5.149192
v 5.160843 -2.645603 -2.580767
v 5.164291 -2.646324 -2.581835
v 5.162170 -2.645111 -2.580323
v 5.163292 -2.645074 -2.580370
v 5.164036 -2.645501 -2.580901
v 2.797340 -4.800206 -5.116717
v 2.794064 -4.805012 -5.120835
v 2.796680 -4.800653 -5.118337
v 2.795826 -4.801724 -5.119689
v 2.794907 -4.803254 -5.120564
v 4.681881 -2.959629 -5.143864
v 4.676888 -2.961872 -5.139678
v 4.680202 -2.960519 -5.143548
v 4.678665 -2.961259 -5.142642
v 4.677502 -2.961733 -5.141282
v 2.806904 -2.963343 -5.154616
v 2.809715 -2.965507 -5.150426
v 2.807732 -2.964258 -5.154313
v 2.808556 -2.964992 -5.153409
v 2.809254 -2.965430 -5.152047
v 5.153149 -4.744527 -2.810143
v 5.157429 -4.748957 -2.808344
v 5.154778 -4.744867 -2.810238
v 5.156166 -4.745826 -2.809929
v 5.157097 -4.747264 -2.809264
v 5.150658 -2.944607 -4.684113
v 5.154896 -2.942280 -4.688834
v 5.152283 -2.944432 -4.684594
v 5.153660 -2.943926 -4.685658
v 5.154575 -2.943174 -4.687148
v 5.162251 -2.899033 -2.861976
v 5.158035 -2.901522 -2.863692
v 5.161922 -2.899989 -2.862957
v 5.161007 -2.900798 -2.863627
v 5.159641 -2.901337 -2.863886
v 2.825802 -5.269603 -4.619992
v 2.828053 -5.265239 -4.615428
v 2.826664 -5.269240 -4.618217
v 2.827396 -5.268283 -4.616725
v 2.827885 -5.266877 -4.615746
v 4.680882 -5.225808 -2.780713
v 4.676338 -5.221593 -2.783134
v 4.679146 -5.225499 -2.781610
v 4.677673 -5.224591 -2.782385
v 4.676685 -5.223218 -2.782919
v 2.830257 -5.230587 -2.776277
v 2.832455 -5.226364 -2.778621
v 2.831100 -5.230278 -2.777144
v 2.831814 -5.229364 -2.777895
v 2.832291 -5.227993 -2.778415
v 2.832897 -4.789241 -5.010427
v 2.829437 -4.793768 -5.014567
v 2.831982 -4.790894 -5.010708
v 2.831005 -4.792333 -5.011593
v 2.830112 -4.793341 -5.012949
v 4.663063 -2.959958 -5.063254
v 4.658047 -2.961984 -5.059001
v 4.662449 -2.960080 -5.061646
v 4.661282 -2.960508 -5.060271
v 4.659737 -2.961177 -5.059344
v 2.827293 -2.959295 -5.058917
v 2.831116 -2.962017 -5.054618
v 2.827831 -2.959412 -5.057292
v 2.828747 -2.959972 -5.055905
v 2.829903 -2.960887 -5.054965
v 5.058956 -4.740159 -2.795630
v 5.063225 -4.744375 -2.794162
v 5.059284 -4.741768 -2.794837
v 5.060211 -4.743134 -2.794279
v 5.061596 -4.744050 -2.794042
v 5.051899 -2.946617 -4.670682
v 5.056129 -2.944581 -4.675385
v 5.052216 -2.945837 -4.672362
v 5.053131 -2.945177 -4.673846
v 5.054504 -2.944739 -4.674905
v 5.060482 -2.901219 -2.839037
v 5.056286 -2.904293 -2.840912
v 5.058876 -2.901449 -2.838855
v 5.057514 -2.902114 -2.839146
v 5.056606 -2.903111 -2.839869
v 2.827976 -5.175022 -4.617436
v 2.830120 -5.170667 -4.613278
v 2.828136 -5.173381 -4.617148
v 2.828602 -5.171981 -4.616258
v 2.829300 -5.171026 -4.614898
v 4.676262 -5.132278 -2.785126
v 4.671993 -5.128070 -2.787333
v 4.675938 -5.130653 -2.785323
v 4.675011 -5.129282 -2.785811
v 4.673626 -5.128375 -2.786517
v 2.832378 -5.133802 -2.780674
v 2.835384 -5.129611 -2.783782
v 2.832607 -5.132178 -2.780939
v 2.833256 -5.130810 -2.781622
v 2.834236 -5.129909 -2.782620
v 4.660599 -4.795502 -5.062446
v 4.664871 -4.791243 -5.062528
v 4.662231 -4.795178 -5.062449
v 4.663616 -4.794255 -5.062467
v 4.664543 -4.792871 -5.062493
v 4.671944 -1.129440 -5.140433
v 4.675079 -1.130587 -5.140403
v 4.673149 -1.128573 -5.140450
v 4.674843 -1.129197 -5.140433
v 5.114037 -4.701334 -0.978264
v 5.114044 -4.698196 -0.976926
v 5.114040 -4.701062 -0.976784
v 5.114044 -4.700370 -0.976010
v 5.114044 -4.699365 -0.976059
v 5.104462 -1.105772 -4.728848
v 5.104473 -1.104484 -4.725863
v 5.104465 -1.104369 -4.728656
v 5.104469 -1.103671 -4.727040
v 4.671909 -5.216890 -4.616654
v 4.667641 -5.216989 -4.620904
v 4.671581 -5.216926 -4.618285
v 4.670654 -5.216958 -4.619664
v 4.669270 -5.216978 -4.620585
v 0.987156 -5.223207 -4.608953
v 0.988388 -5.223271 -4.611960
v 0.986320 -5.223235 -4.610100
v 0.986988 -5.223269 -4.611730
v 0.966782 -4.798470 -5.068851
v 0.965202 -4.795226 -5.068923
v 0.965168 -4.798224 -5.068858
v 0.964302 -4.797520 -5.068875
v 0.964314 -4.796467 -5.068896
v 5.102325 -4.783418 -4.630652
v 5.102337 -4.787577 -4.626278
v 5.102325 -4.785040 -4.630282
v 5.102325 -4.786401 -4.629324
v 5.102333 -4.787292 -4.627917
v 4.677677 -5.136960 -0.950344
v 4.680695 -5.136981 -0.951604
v 4.678837 -5.136940 -0.949520
v 4.680466 -5.136953 -0.950202
v 3.658611 -5.106267 -3.468101
v 3.660191 -5.110172 -3.469863
v 3.659615 -5.106598 -3.469241
v 3.660267 -5.107456 -3.469975
v 3.660469 -5.108711 -3.470195
v 2.925011 -5.099960 -3.512429
v 2.923134 -5.103864 -3.510243
v 2.923985 -5.100226 -3.511256
v 2.923271 -5.101062 -3.510428
v 2.922970 -5.102340 -3.510074
v 3.229801 -5.110776 -3.860405
v 3.231377 -5.114681 -3.862161
v 3.230801 -5.111107 -3.861543
v 3.231449 -5.111963 -3.862276
v 3.231651 -5.113220 -3.862493
v 3.353840 -5.095452 -3.120146
v 3.351959 -5.099354 -3.117957
v 3.352814 -5.095718 -3.118971
v 3.352097 -5.096551 -3.118143
v 3.351795 -5.097829 -3.117787
v 3.718899 -5.089691 -2.700233
v 3.716999 -5.093597 -2.698018
v 3.717865 -5.089956 -2.699048
v 3.717140 -5.090791 -2.698211
v 3.716835 -5.092071 -2.697850
v 4.024017 -5.100522 -3.048584
v 4.025623 -5.104434 -3.050374
v 4.025032 -5.100851 -3.049736
v 4.025692 -5.101707 -3.050481
v 4.025898 -5.102968 -3.050705
v 4.320942 -5.093782 -2.615350
v 4.322510 -5.097719 -2.617291
v 4.321941 -5.094114 -2.616562
v 4.322590 -5.094978 -2.617357
v 4.322792 -5.096245 -2.617613
v 4.022236 -5.082733 -2.254385
v 4.020370 -5.086642 -2.252019
v 4.021217 -5.082994 -2.253142
v 4.020500 -5.083831 -2.252256
v 4.020206 -5.085111 -2.251861
v 4.686752 -5.070467 -1.413810
v 4.690849 -5.074440 -1.404633
v 4.688374 -5.070722 -1.410373
v 4.689720 -5.071565 -1.407423
v 4.690590 -5.072872 -1.405407
v 4.572601 -5.085596 -2.137533
v 4.572704 -5.089611 -2.142435
v 4.573044 -5.085948 -2.139881
v 4.573219 -5.086839 -2.141637
v 4.573097 -5.088123 -2.142534
v 4.426884 -5.069200 -1.472769
v 4.426483 -5.073060 -1.467446
v 4.426422 -5.069444 -1.470393
v 4.426182 -5.070263 -1.468549
v 4.426205 -5.071535 -1.467513
v 2.436787 -5.102794 -3.856162
v 2.434757 -5.106697 -3.854045
v 2.435703 -5.103057 -3.855015
v 2.434937 -5.103894 -3.854210
v 2.434605 -5.105172 -3.853869
v 2.759087 -5.113645 -4.197925
v 2.760803 -5.117555 -4.199595
v 2.760139 -5.113975 -4.199030
v 2.760838 -5.114834 -4.199737
v 2.761070 -5.116092 -4.199935
v 1.372433 -5.109453 -4.627301
v 1.363350 -5.113599 -4.631104
v 1.369011 -5.109767 -4.628831
v 1.366081 -5.110667 -4.630092
v 1.364094 -5.112012 -4.630889
v 1.487900 -5.103675 -4.317613
v 1.482410 -5.107582 -4.317110
v 1.485493 -5.103940 -4.317082
v 1.483604 -5.104777 -4.316802
v 1.482525 -5.106055 -4.316812
v 2.221268 -5.115024 -4.498786
v 2.226105 -5.118947 -4.498771
v 2.223518 -5.115352 -4.499249
v 2.225227 -5.116211 -4.499410
v 2.226135 -5.117475 -4.499241
v 3.625198 -5.212935 -3.428765
v 3.621025 -5.216632 -3.423958
v 3.624481 -5.214382 -3.427934
v 3.623440 -5.215593 -3.426728
v 3.622223 -5.216383 -3.425332
v 2.949299 -5.208552 -3.538974
v 2.953182 -5.212657 -3.543363
v 2.949902 -5.210092 -3.539646
v 2.950851 -5.211413 -3.540715
v 2.952003 -5.212314 -3.542020
v 3.196381 -5.217444 -3.821062
v 3.192215 -5.221141 -3.816264
v 3.195667 -5.218890 -3.820230
v 3.194626 -5.220102 -3.819027
v 3.193413 -5.220892 -3.817634
v 3.378124 -5.204040 -3.146688
v 3.382011 -5.208149 -3.151078
v 3.378727 -5.205581 -3.147359
v 3.379677 -5.206901 -3.148429
v 3.380833 -5.207805 -3.149735
v 3.743160 -5.198274 -2.726747
v 3.747070 -5.202388 -2.731164
v 3.743767 -5.199815 -2.727420
v 3.744720 -5.201139 -2.728496
v 3.745880 -5.202043 -2.729811
v 3.990635 -5.207179 -3.009283
v 3.986431 -5.210885 -3.004442
v 3.989918 -5.208629 -3.008448
v 3.988869 -5.209842 -3.007234
v 3.987644 -5.210634 -3.005828
v 4.287533 -5.200428 -2.576215
v 4.283371 -5.204145 -2.571177
v 4.286816 -5.201881 -2.575362
v 4.285774 -5.203100 -2.574106
v 4.284565 -5.203895 -2.572636
v 4.046532 -5.191307 -2.280744
v 4.050392 -5.195430 -2.285348
v 4.047131 -5.192852 -2.281432
v 4.048077 -5.194177 -2.282549
v 4.049221 -5.195083 -2.283924
v 4.686489 -5.177692 -1.398519
v 4.681259 -5.182027 -1.408853
v 4.686039 -5.179292 -1.399229
v 4.684887 -5.180682 -1.401442
v 4.683208 -5.181640 -1.404822
v 4.537743 -5.192269 -2.101378
v 4.535435 -5.195945 -2.092570
v 4.537167 -5.193729 -2.100237
v 4.536526 -5.194940 -2.098161
v 4.535919 -5.195717 -2.095470
v 4.452641 -5.177719 -1.496168
v 4.454639 -5.181911 -1.504516
v 4.453098 -5.179268 -1.497141
v 4.453644 -5.180612 -1.499069
v 4.454182 -5.181537 -1.501659
v 2.460922 -5.211382 -3.882775
v 2.464996 -5.215490 -3.887073
v 2.461540 -5.212924 -3.883440
v 2.462528 -5.214245 -3.884490
v 2.463745 -5.215147 -3.885765
v 2.725815 -5.220304 -4.158504
v 2.721462 -5.224010 -4.153804
v 2.725086 -5.221751 -4.157680
v 2.724003 -5.222965 -4.156497
v 2.722729 -5.223758 -4.155136
v 1.358994 -5.216825 -4.624991
v 1.369205 -5.220983 -4.620022
v 1.359718 -5.218416 -4.624537
v 1.361912 -5.219768 -4.623434
v 1.365246 -5.220666 -4.621848
v 1.508575 -5.212262 -4.345840
v 1.516960 -5.216371 -4.348125
v 1.509521 -5.213805 -4.346351
v 1.511448 -5.215126 -4.346963
v 1.514057 -5.216028 -4.347587
v 2.191124 -5.221662 -4.457693
v 2.182922 -5.225389 -4.455057
v 2.190102 -5.223117 -4.457025
v 2.188187 -5.224338 -4.456288
v 2.185665 -5.225135 -4.455597
v 0.808426 -5.159799 -4.631488
v 0.808884 -5.159841 -4.633162
v 0.807503 -5.159825 -4.633048
v 4.703663 -5.115757 -0.936988
v 4.705383 -5.115787 -0.937534
v 4.705299 -5.115756 -0.936137
v 5.082779 -3.628506 -3.620921
v 5.086903 -3.629979 -3.622157
v 5.083267 -3.629636 -3.621855
v 5.084221 -3.630314 -3.622418
v 5.085499 -3.630434 -3.622525
v 5.026112 -3.654375 -2.888591
v 5.029678 -3.651831 -2.886508
v 5.026207 -3.653158 -2.887585
v 5.026920 -3.652247 -2.886838
v 5.028137 -3.651780 -2.886458
v 5.086632 -4.008043 -3.180764
v 5.090759 -4.009511 -3.181996
v 5.087120 -4.009171 -3.181699
v 5.088074 -4.009849 -3.182261
v 5.089352 -4.009967 -3.182364
v 5.022263 -3.274856 -3.328764
v 5.025829 -3.272308 -3.326677
v 5.022358 -3.273636 -3.327758
v 5.023067 -3.272725 -3.327008
v 5.024288 -3.272258 -3.326627
v 5.010307 -2.866277 -3.706318
v 5.013870 -2.863697 -3.704205
v 5.010403 -2.865044 -3.705302
v 5.011112 -2.864124 -3.704544
v 5.012329 -2.863650 -3.704159
v 5.070892 -3.220335 -3.998816
v 5.075024 -3.221828 -4.000068
v 5.071384 -3.221475 -3.999758
v 5.072342 -3.222157 -4.000327
v 5.073620 -3.222281 -4.000436
v 5.051945 -2.796853 -4.310139
v 5.056065 -2.798479 -4.311344
v 5.052429 -2.798043 -4.311062
v 5.053383 -2.798770 -4.311616
v 5.054661 -2.798926 -4.311715
v 4.992706 -2.428912 -4.022751
v 4.996277 -2.426174 -4.020668
v 4.992802 -2.427620 -4.021746
v 4.993515 -2.426646 -4.020998
v 4.994736 -2.426137 -4.020617
v 5.011772 -1.575039 -4.730646
v 5.016014 -1.566866 -4.734078
v 5.012096 -1.572097 -4.732107
v 5.013016 -1.569508 -4.733273
v 5.014393 -1.567674 -4.733963
v 5.025215 -2.329014 -4.605303
v 5.028999 -2.332914 -4.605143
v 5.025570 -2.331075 -4.605706
v 5.026413 -2.332539 -4.605816
v 5.027618 -2.333185 -4.605618
v 4.998219 -1.626300 -4.440090
v 5.002125 -1.620845 -4.439297
v 4.998444 -1.623969 -4.439579
v 4.999264 -1.622114 -4.439249
v 5.000557 -1.621016 -4.439148
v 5.020111 -3.984131 -2.390850
v 5.023678 -3.981654 -2.388611
v 5.020206 -3.982937 -2.389784
v 5.020916 -3.982050 -2.388984
v 5.022137 -3.981596 -2.388572
v 5.081463 -4.332051 -2.700670
v 5.085606 -4.333440 -2.702046
v 5.081955 -4.333151 -2.701661
v 5.082912 -4.333803 -2.702271
v 5.084198 -4.333905 -2.702406
v 5.009232 -4.724682 -1.305024
v 5.012985 -4.727906 -1.295557
v 5.009415 -4.726095 -1.301543
v 5.010193 -4.727204 -1.298522
v 5.011444 -4.727839 -1.296420
v 4.987602 -4.419537 -1.430285
v 4.991043 -4.418579 -1.424547
v 4.987648 -4.418926 -1.427881
v 4.988319 -4.418529 -1.425946
v 4.989510 -4.418406 -1.424775
v 5.067005 -4.617937 -2.154936
v 5.071255 -4.617728 -2.159471
v 5.067532 -4.618429 -2.157139
v 5.068527 -4.618563 -2.158774
v 5.069836 -4.618316 -2.159592
v 5.183281 -3.579825 -3.581238
v 5.186268 -3.574649 -3.576981
v 5.184601 -3.578863 -3.580451
v 5.185631 -3.577543 -3.579365
v 5.186214 -3.576062 -3.578148
v 5.137947 -3.672678 -2.904244
v 5.142658 -3.676820 -2.907685
v 5.139572 -3.673236 -2.904712
v 5.141041 -3.674221 -2.905532
v 5.142124 -3.675479 -2.906576
v 5.187134 -3.959360 -3.141080
v 5.190121 -3.954185 -3.136824
v 5.188450 -3.958398 -3.140294
v 5.189480 -3.957076 -3.139208
v 5.190067 -3.955598 -3.137990
v 5.134094 -3.293152 -3.344411
v 5.138809 -3.297301 -3.347857
v 5.135723 -3.293714 -3.344882
v 5.137192 -3.294699 -3.345702
v 5.138275 -3.295959 -3.346745
v 5.122135 -2.884540 -3.721941
v 5.126854 -2.888720 -3.725411
v 5.123764 -2.885103 -3.722413
v 5.125233 -2.886095 -3.723238
v 5.126316 -2.887366 -3.724291
v 5.171402 -3.171676 -3.959149
v 5.174385 -3.166481 -3.954876
v 5.172718 -3.170715 -3.958361
v 5.173748 -3.169388 -3.957272
v 5.174332 -3.167901 -3.956048
v 5.152435 -2.748332 -4.270430
v 5.155437 -2.742972 -4.266219
v 5.153755 -2.747357 -4.269646
v 5.154789 -2.745994 -4.268569
v 5.155380 -2.744455 -4.267367
v 5.104538 -2.447017 -4.038401
v 5.109245 -2.451385 -4.041828
v 5.106167 -2.447594 -4.038869
v 5.107632 -2.448627 -4.039686
v 5.108715 -2.449958 -4.040724
v 5.117550 -1.552370 -4.722613
v 5.121792 -1.560249 -4.717747
v 5.119171 -1.552783 -4.722096
v 5.120548 -1.554427 -4.720991
v 5.121468 -1.557048 -4.719462
v 5.125362 -2.282767 -4.564230
v 5.128784 -2.274646 -4.561688
v 5.126713 -2.281579 -4.563573
v 5.127838 -2.279622 -4.562861
v 5.128567 -2.277187 -4.562197
v 5.110382 -1.641689 -4.457032
v 5.114681 -1.649408 -4.458848
v 5.111980 -1.642522 -4.457377
v 5.113358 -1.644282 -4.457843
v 5.114307 -1.646700 -4.458361
v 5.131939 -4.002499 -2.406345
v 5.136658 -4.006557 -2.409982
v 5.133568 -4.003051 -2.406831
v 5.135036 -4.004017 -2.407692
v 5.136124 -4.005248 -2.408800
v 5.181961 -4.283302 -2.661137
v 5.184952 -4.278214 -2.656691
v 5.183281 -4.282344 -2.660336
v 5.184315 -4.281043 -2.659209
v 5.184898 -4.279592 -2.657929
v 5.114815 -4.713368 -1.284058
v 5.119305 -4.708342 -1.294101
v 5.116413 -4.712810 -1.284677
v 5.117828 -4.711656 -1.286804
v 5.118843 -4.710088 -1.290114
v 5.099300 -4.439422 -1.442279
v 5.104179 -4.441583 -1.450276
v 5.100941 -4.439830 -1.443098
v 5.102444 -4.440384 -1.444904
v 5.103584 -4.440999 -1.447425
v 5.167576 -4.567605 -2.118577
v 5.170471 -4.564469 -2.110229
v 5.168896 -4.566795 -2.117476
v 5.169907 -4.565914 -2.115502
v 5.170464 -4.565098 -2.112958
v 5.018188 -4.710340 -0.739012
v 5.018394 -4.712016 -0.739416
v 5.018269 -4.711868 -0.738044
v 5.071987 -1.062388 -4.718068
v 5.072048 -1.062859 -4.719971
v 5.072021 -1.061241 -4.718772
v 5.072056 -1.061496 -4.719803
v 5.061707 -2.064366 -4.734540
v 5.061527 -2.055946 -4.736712
v 5.061623 -2.062601 -4.735396
v 5.061558 -2.060383 -4.736111
v 5.061523 -2.058047 -4.736571
v 4.690777 -1.125750 -5.176237
v 4.681740 -5.185556 -0.944603
vn 0.8512 -0.4642 0.2447
vn 0.8509 -0.4645 0.2452
vn 0.8506 -0.4649 0.2455
vn 0.0828 -0.0320 0.9961
vn 0.0024 0.0226 0.9997
vn 0.0803 -0.0362 0.9961
vn 0.7123 -0.6131 -0.3417
vn 0.6460 -0.6297 -0.4315
vn 0.6822 -0.5897 -0.4323
vn -0.0657 0.0875 0.9940
vn -0.6145 0.7345 -0.2879
vn -0.5546 0.7406 -0.3794
vn -0.5729 0.7683 -0.2854
vn 0.0601 -0.0561 0.9966
vn 0.0643 -0.0525 0.9966
vn 0.7462 -0.5717 -0.3412
vn 0.7148 -0.5500 -0.4319
vn -0.7740 0.5661 -0.2838
vn -0.7921 0.4829 -0.3733
vn -0.7482 0.5449 -0.3786
vn -0.6949 0.6588 -0.2883
vn -0.6326 0.6734 -0.3825
vn -0.6542 0.6993 -0.2880
vn 0.0681 -0.0485 0.9965
vn 0.0726 -0.0448 0.9964
vn -0.0618 0.0916 0.9939
vn -0.5063 0.7762 -0.3757
vn -0.5227 0.8048 -0.2813
vn 0.4655 -0.8251 -0.3202
vn 0.4913 -0.7647 -0.4169
vn 0.5125 -0.7943 -0.3262
vn 0.5570 -0.7611 -0.3323
vn 0.5724 -0.7003 -0.4265
vn 0.5977 -0.7281 -0.3358
vn -0.4442 0.8163 -0.3693
vn -0.4584 0.8448 -0.2760
vn -0.3883 0.8475 -0.3620
vn -0.4013 0.8753 -0.2698
vn 0.3880 -0.8671 -0.3124
vn 0.4038 -0.8215 -0.4025
vn 0.4205 -0.8507 -0.3153
vn 0.0557 -0.0603 0.9966
vn -0.3604 0.8614 -0.3579
vn -0.3730 0.8881 -0.2688
vn -0.4613 0.8070 -0.3687
vn -0.5723 0.7384 -0.3568
vn 0.1831 -0.9502 -0.2523
vn 0.3731 -0.8387 -0.3967
vn -0.0026 0.0220 0.9998
vn 0.0390 -0.0582 0.9975
vn 0.0503 -0.0637 0.9967
vn 0.7728 -0.5360 -0.3398
vn 0.7406 -0.5158 -0.4307
vn 0.7888 -0.5113 -0.3410
vn 0.7568 -0.4927 -0.4295
vn -0.8558 0.4389 -0.2738
vn -0.8451 0.3930 -0.3625
vn -0.8284 0.4235 -0.3665
vn -0.0694 0.0833 0.9941
vn 0.7974 -0.4991 -0.3393
vn 0.7648 -0.4809 -0.4288
vn 0.8199 -0.4577 -0.3439
vn 0.7899 -0.4415 -0.4257
vn -0.8722 0.4074 -0.2708
vn -0.8252 0.4289 -0.3675
vn 0.0023 0.0226 0.9997
vn -0.0773 0.0726 0.9944
vn 0.6177 -0.6043 -0.5031
vn 0.6522 -0.5661 -0.5041
vn -0.0024 -0.0226 -0.9997
vn 0.0463 -0.0887 -0.9950
vn -0.5945 0.7078 -0.3814
vn -0.5337 0.7106 -0.4584
vn -0.0464 0.0475 -0.9978
vn 0.0040 -0.0233 -0.9997
vn -0.0346 0.0541 -0.9979
vn 0.6835 -0.5282 -0.5038
vn 0.7083 -0.4956 -0.5027
vn -0.6719 0.6342 -0.3825
vn -0.6830 0.5669 -0.4606
vn -0.6460 0.6075 -0.4622
vn -0.6083 0.6453 -0.4620
vn -0.7101 0.5919 -0.3813
vn -0.7194 0.5215 -0.4587
vn 0.6089 -0.6669 -0.4295
vn 0.5338 -0.7325 -0.4224
vn 0.5475 -0.6719 -0.4988
vn 0.5107 -0.7031 -0.4947
vn -0.4271 0.7858 -0.4474
vn -0.0517 0.0438 -0.9977
vn -0.0018 -0.0224 -0.9997
vn 0.4465 -0.7953 -0.4100
vn 0.4705 -0.7344 -0.4892
vn 0.4281 -0.7643 -0.4822
vn -0.3455 0.8320 -0.4341
vn 0.0165 -0.0309 -0.9994
vn -0.0168 0.0576 -0.9982
vn 0.3880 -0.7903 -0.4742
vn 0.1885 -0.9180 -0.3489
vn 0.3598 -0.8091 -0.4646
vn -0.4170 0.7531 -0.5088
vn 0.0630 -0.0717 -0.9954
vn -0.7622 0.4619 -0.4535
vn -0.7987 0.4053 -0.4447
vn 0.7240 -0.4739 -0.5012
vn 0.7321 -0.4627 -0.4999
vn 0.0671 -0.0663 -0.9955
vn 0.0654 -0.0684 -0.9955
vn -0.8161 0.3769 -0.4381
vn -0.7811 0.3946 -0.4838
vn 0.7552 -0.4329 -0.4922
vn -0.7345 0.6149 -0.2870
vn 0.9977 0.0295 0.0605
vn 0.9383 -0.0287 -0.3447
vn 0.9993 -0.0031 -0.0385
vn 0.9061 -0.0467 -0.4204
vn 0.9905 -0.0219 -0.1355
vn -0.0646 0.0303 -0.9975
vn -0.0679 0.0262 -0.9973
vn -0.5721 0.6789 -0.4601
vn -0.0616 0.0341 -0.9975
vn 0.0022 0.0226 0.9997
vn -0.0835 0.0683 0.9942
vn 0.0761 -0.0400 0.9963
vn -0.0771 0.0174 -0.9969
vn -0.0022 -0.0226 -0.9997
vn -0.0023 -0.0226 -0.9997
vn -0.0071 -0.9957 0.0928
vn -0.1233 -0.9631 0.2394
vn 0.0276 -0.9996 -0.0116
vn -0.0784 -0.9963 0.0352
vn 0.0486 -0.9925 -0.1119
vn 0.0425 -0.0921 -0.9948
vn 0.6359 -0.6935 -0.3386
vn 0.0598 -0.0753 -0.9954
vn 0.5822 -0.6397 -0.5018
vn 0.1008 0.0269 0.9945
vn -0.0882 0.0661 0.9939
vn 0.1547 -0.0106 0.9879
vn 0.0857 -0.0287 0.9959
vn 0.0954 -0.0495 -0.9942
vn 0.0686 -0.0658 -0.9955
vn -0.0813 0.0155 -0.9966
vn 0.0947 -0.0246 -0.9952
vn -0.0141 0.0266 0.9995
vn 0.0232 -0.0369 0.9991
vn -0.0544 0.0987 0.9936
vn 0.0018 0.0223 0.9997
vn -0.4872 0.7455 -0.4547
vn 0.0590 -0.1453 -0.9876
vn 0.0324 -0.0510 -0.9982
vn -0.0582 0.0951 0.9938
vn -0.0506 0.1010 0.9936
vn -0.0579 0.0373 -0.9976
vn -0.8188 0.5015 -0.2793
vn -0.0709 0.9840 -0.1632
vn -0.0007 0.9981 -0.0616
vn -0.0989 0.9945 -0.0344
vn -0.0716 0.0212 -0.9972
vn -0.0291 0.0415 0.9987
vn -0.0082 -0.0116 0.9999
vn -0.0718 0.1217 0.9900
vn -0.0395 -0.0461 0.9982
vn -0.0012 0.0480 -0.9988
vn 0.0470 -0.1545 -0.9869
vn 0.0124 -0.0578 -0.9983
vn 0.0647 -0.1963 -0.9784
vn 0.9656 0.0772 0.2481
vn 0.8993 0.1349 0.4160
vn 0.0849 -0.0298 0.9959
vn 0.9587 0.2770 -0.0646
vn 0.0455 -0.1140 -0.9924
vn 0.6745 -0.6547 -0.3412
vn -0.0547 0.0404 -0.9977
vn 0.0412 -0.0980 -0.9943
vn -0.0520 0.1017 0.9935
vn -0.3723 0.8174 -0.4396
vn 0.1941 -0.8875 -0.4180
vn 0.0498 -0.0856 -0.9951
vn 0.0533 -0.0826 -0.9952
vn 0.0565 -0.0791 -0.9953
vn -0.0732 0.0787 0.9942
vn -0.0612 0.1074 0.9923
vn 0.0150 -0.9997 0.0217
vn 0.0036 -0.9998 0.0200
vn 0.0019 -0.9998 0.0210
vn -0.9947 -0.1024 0.0046
vn -0.9969 -0.0026 -0.0786
vn -1.0000 -0.0008 0.0024
vn -0.9870 -0.1607 -0.0102
vn -0.9951 -0.0983 0.0046
vn -0.0958 -0.9882 0.1192
vn 0.0009 -0.9997 0.0224
vn 0.0011 -0.9928 0.1198
vn 0.9999 -0.0126 -0.0017
vn 1.0000 -0.0031 -0.0045
vn 0.9927 -0.0862 -0.0849
vn -0.0008 0.9866 -0.1631
vn 0.0744 0.9894 -0.1247
vn 0.0919 0.0265 0.9954
vn 0.3071 -0.0714 0.9490
vn 0.1870 0.0247 0.9821
vn 0.0719 -0.9962 -0.0493
vn 0.0754 -0.9958 0.0526
vn -0.0048 -0.0185 -0.9998
vn -0.0181 0.0052 -0.9998
vn 0.0003 -0.0089 -1.0000
vn 0.0224 0.9971 -0.0725
vn -0.0025 0.9997 -0.0236
vn -0.0304 0.9943 -0.1025
vn -0.0954 -0.0242 -0.9951
vn 0.0652 -0.0917 -0.9937
vn -0.0014 -0.1062 -0.9943
vn 0.0959 0.9927 0.0734
vn 0.0962 0.9951 -0.0237
vn -0.0108 -0.0148 -0.9998
vn -0.1089 0.0942 -0.9896
vn 1.0000 -0.0012 -0.0051
vn 0.9951 0.0720 0.0677
vn 0.9901 -0.0527 0.1302
vn 1.0000 -0.0014 -0.0040
vn 0.6950 -0.7102 -0.1122
vn 0.7237 -0.6266 -0.2893
vn 0.6849 -0.6426 -0.3435
vn -0.9630 0.0002 -0.2696
vn -0.9948 0.1015 -0.0011
vn -0.9840 -0.0011 -0.1780
vn 0.0008 -0.9997 0.0224
vn 0.0966 -0.9951 0.0206
vn -0.0010 -0.9998 0.0211
vn -0.0862 -0.9903 0.1091
vn -0.1724 -0.9845 -0.0325
vn -0.0158 0.0028 -0.9999
vn 0.0040 -0.0334 -0.9994
vn 0.0051 0.0543 -0.9985
vn 0.6399 -0.7490 0.1718
vn 0.7009 -0.7101 -0.0673
vn -0.6069 0.6097 0.5099
vn -0.5152 0.6154 0.5966
vn -0.4718 0.7484 0.4662
vn 1.0000 0.0005 -0.0015
vn 0.9953 -0.0973 -0.0019
vn 0.9897 -0.1033 -0.0990
vn 0.0025 -0.9998 0.0216
vn 0.0028 -0.9939 0.1107
vn 0.0111 -0.0180 -0.9998
vn -0.0810 -0.0175 -0.9966
vn 0.0031 -0.1336 -0.9910
vn -0.2099 -0.0787 -0.9746
vn 0.0025 -0.9972 -0.0750
vn 0.1299 0.0990 0.9866
vn 0.0028 0.1246 0.9922
vn -0.2178 -0.6667 -0.7128
vn -0.1888 -0.7093 -0.6791
vn -0.1541 -0.7134 -0.6836
vn 0.0022 -0.9998 0.0193
vn 0.0490 -0.9849 0.1660
vn -0.1085 -0.7703 -0.6284
vn 0.0020 -0.7562 -0.6543
vn 0.1876 0.0275 0.9819
vn 0.1668 -0.0536 0.9845
vn 0.0055 -0.0214 -0.9998
vn 0.1075 -0.0173 -0.9941
vn 0.1007 -0.1203 -0.9876
vn 0.9998 -0.0014 -0.0175
vn 1.0000 0.0024 -0.0040
vn 0.9938 0.1114 -0.0065
vn -0.0223 -0.9989 0.0421
vn 0.0497 0.1372 -0.9893
vn 0.0545 0.9482 -0.3130
vn -0.0002 0.9880 -0.1541
vn -0.9885 -0.1307 0.0764
vn -0.9950 0.0014 0.1003
vn 0.7037 -0.0536 -0.7085
vn 0.7588 -0.0138 -0.6512
vn 0.7041 -0.0152 -0.7099
vn -0.6064 0.5290 0.5938
vn -0.7362 0.4828 0.4743
vn 0.6659 -0.0770 -0.7420
vn 0.6439 -0.0164 -0.7649
vn -0.0683 -0.1092 0.9917
vn 0.0024 0.0223 0.9997
vn 0.0027 -0.0849 0.9964
vn 0.9948 -0.0037 -0.1015
vn 1.0000 -0.0024 -0.0026
vn 0.0601 0.9979 -0.0239
vn -0.0012 0.9972 0.0742
vn 0.9894 0.1288 -0.0664
vn -0.4657 0.4830 0.7415
vn -0.5806 0.5845 0.5668
vn 0.0928 -0.9932 -0.0706
vn -0.9903 -0.0952 0.1015
vn 0.6997 -0.1267 -0.7031
vn 0.6847 -0.1675 -0.7093
vn 0.7654 -0.1720 -0.6201
vn -0.9910 0.0905 -0.0981
vn -0.9630 -0.0065 -0.2695
vn 0.6670 -0.5823 -0.4648
vn 0.6976 -0.7138 0.0627
vn 0.6943 -0.7006 -0.1647
vn -0.2364 -0.6434 -0.7281
vn -0.0898 -0.7195 -0.6886
vn 0.0992 0.1217 0.9876
vn 0.0540 -0.7853 -0.6168
vn 0.0003 -0.0128 -0.9999
vn 0.0774 -0.0920 -0.9928
vn -0.8958 -0.0460 -0.4421
vn -0.9211 -0.0835 -0.3803
vn -0.8652 -0.0374 -0.5001
vn -0.0964 0.9867 -0.1311
vn 0.9995 0.0248 0.0188
vn 0.9905 0.1018 0.0922
vn 1.0000 0.0014 -0.0024
vn 0.9950 0.0994 -0.0047
vn 0.9949 -0.0708 -0.0715
vn 0.9958 0.0298 -0.0867
vn -0.0905 -0.9957 0.0213
vn -0.0029 -1.0000 0.0061
vn -0.0970 -0.9950 0.0226
vn -0.0342 -0.9983 -0.0474
vn -0.0952 0.0223 0.9952
vn 0.0025 -0.0758 0.9971
vn -0.0023 0.0728 -0.9973
vn 0.0542 0.0307 -0.9981
vn -0.0988 0.0724 -0.9925
vn -0.0024 -0.0242 -0.9997
vn 0.9946 0.0006 0.1038
vn 0.9956 0.0037 0.0932
vn 0.9971 -0.0716 0.0245
vn 0.1321 0.9798 -0.1501
vn 0.0962 -0.9927 -0.0734
vn 0.0829 0.0221 0.9963
vn 0.0571 -0.1116 0.9921
vn 0.1059 -0.1370 0.9849
vn 0.0622 0.9925 -0.1056
vn 0.0099 0.9997 -0.0224
vn 0.0663 0.9927 -0.1011
vn 0.5854 -0.3751 -0.7188
vn 0.6003 -0.4647 -0.6508
vn 0.5595 -0.4649 -0.6861
vn -0.0535 0.9975 0.0471
vn -0.7296 -0.2496 0.6367
vn -0.7397 -0.3437 0.5786
vn -0.7636 -0.2496 0.5955
vn 0.0872 0.9928 -0.0818
vn 0.0832 0.9928 -0.0857
vn 0.5417 -0.3756 -0.7520
vn 0.5181 -0.4638 -0.7186
vn -0.5570 -0.2503 0.7919
vn -0.4765 -0.3414 0.8101
vn -0.5396 -0.3456 0.7677
vn -0.6516 -0.2530 0.7151
vn -0.6709 -0.3475 0.6551
vn -0.6932 -0.2519 0.6753
vn 0.0798 0.9927 -0.0900
vn 0.0755 0.9927 -0.0940
vn -0.0579 0.9974 0.0437
vn -0.7748 -0.3400 0.5331
vn -0.7997 -0.2453 0.5480
vn 0.8031 -0.3572 -0.4769
vn 0.7393 -0.4515 -0.4996
vn 0.7717 -0.3610 -0.5236
vn 0.7373 -0.3672 -0.5671
vn 0.6727 -0.4606 -0.5790
vn 0.7030 -0.3710 -0.6068
vn -0.8098 -0.3347 0.4819
vn -0.8346 -0.2433 0.4943
vn -0.8348 -0.3297 0.4410
vn -0.8598 -0.2380 0.4517
vn 0.8481 -0.3462 -0.4011
vn 0.7985 -0.4373 -0.4136
vn 0.8308 -0.3496 -0.4330
vn 0.0906 0.9929 -0.0769
vn -0.8457 -0.3271 0.4217
vn -0.8706 -0.2355 0.4320
vn -0.6716 -0.3504 0.6528
vn -0.8353 -0.0727 0.5450
vn 0.9388 -0.2842 -0.1949
vn 0.8166 -0.4315 -0.3834
vn 0.1000 0.9926 -0.0686
vn 0.0957 0.9927 -0.0730
vn 0.4976 -0.3736 -0.7828
vn 0.4758 -0.4615 -0.7487
vn 0.4552 -0.3713 -0.8093
vn 0.4354 -0.4582 -0.7749
vn -0.4279 -0.2424 0.8707
vn -0.3852 -0.3325 0.8608
vn -0.4161 -0.3359 0.8450
vn -0.0494 0.9975 0.0510
vn 0.4252 -0.3698 -0.8261
vn 0.4069 -0.4553 -0.7919
vn 0.1980 -0.3223 -0.9257
vn 0.2022 -0.3874 -0.8995
vn -0.3958 -0.2407 0.8863
vn -0.6168 -0.3508 0.7046
vn -0.0381 0.9976 0.0581
vn 0.5728 -0.5362 -0.6199
vn 0.5342 -0.5357 -0.6540
vn -0.0099 -0.9997 0.0224
vn 0.0552 -0.9981 -0.0278
vn -0.7061 -0.3461 0.6178
vn -0.7125 -0.4248 0.5585
vn -0.0787 -0.9945 0.0696
vn -0.0827 -0.9944 0.0658
vn 0.4949 -0.5341 -0.6855
vn 0.4546 -0.5320 -0.7144
vn -0.6308 -0.3480 0.6935
vn -0.5656 -0.4287 0.7045
vn -0.6073 -0.4289 0.6688
vn -0.6454 -0.4300 0.6313
vn -0.5876 -0.3474 0.7308
vn -0.5196 -0.4269 0.7401
vn 0.6384 -0.4632 -0.6147
vn 0.7060 -0.4569 -0.5412
vn 0.6424 -0.5317 -0.5519
vn 0.6749 -0.5272 -0.5163
vn -0.7817 -0.4142 0.4662
vn -0.0751 -0.9945 0.0732
vn 0.7711 -0.4448 -0.4556
vn 0.7070 -0.5226 -0.4765
vn 0.7378 -0.5164 -0.4347
vn -0.8180 -0.4045 0.4090
vn -0.0100 -0.9997 0.0224
vn -0.0864 -0.9943 0.0629
vn 0.7652 -0.5080 -0.3955
vn 0.9136 -0.3539 -0.2003
vn 0.7838 -0.5007 -0.3673
vn -0.7340 -0.4714 0.4890
vn 0.0375 -0.9983 -0.0441
vn -0.4589 -0.4224 0.7817
vn -0.4010 -0.4157 0.8163
vn 0.4165 -0.5285 -0.7397
vn 0.3899 -0.5239 -0.7573
vn 0.0304 -0.9982 -0.0509
vn 0.0341 -0.9983 -0.0480
vn -0.3721 -0.4095 0.8330
vn -0.5677 -0.5173 0.6404
vn 0.2066 -0.4526 -0.8674
vn -0.6071 -0.2513 0.7539
vn -0.0068 0.0425 -0.9991
vn 0.0197 -0.0979 -0.9950
vn 0.0353 -0.2009 -0.9790
vn -0.0613 -0.9944 0.0857
vn -0.0570 -0.9944 0.0885
vn -0.6802 -0.4263 0.5963
vn -0.0651 -0.9945 0.0826
vn -0.0340 0.9973 0.0647
vn 0.0713 0.9926 -0.0981
vn -0.0479 -0.9941 0.0974
vn 0.9981 0.0585 -0.0196
vn 0.9731 0.2300 0.0153
vn 0.9958 -0.0786 -0.0464
vn 0.9985 0.0228 0.0502
vn 0.9812 -0.1831 -0.0618
vn 0.0586 -0.9980 -0.0241
vn 0.6671 -0.3743 -0.6441
vn 0.0411 -0.9983 -0.0408
vn 0.6095 -0.5343 -0.5857
vn 0.0076 0.9930 -0.1178
vn -0.0315 0.9971 0.0688
vn 0.0365 0.9910 -0.1291
vn 0.0558 0.9920 -0.1134
vn 0.0145 -0.9976 -0.0682
vn 0.0285 -0.9981 -0.0541
vn -0.0460 -0.9938 0.1016
vn -0.0057 -0.9973 -0.0730
vn 0.0100 0.9997 -0.0224
vn 0.1045 0.9923 -0.0666
vn -0.0650 0.9972 0.0362
vn -0.7469 -0.4206 0.5150
vn 0.0707 -0.9974 -0.0155
vn -0.0100 -0.9997 0.0225
vn -0.0619 0.9973 0.0403
vn -0.0692 0.9971 0.0321
vn -0.0688 -0.9945 0.0795
vn -0.4911 -0.2461 0.8356
vn -0.9740 -0.1863 -0.1291
vn -0.9914 -0.1033 -0.0804
vn -0.9742 -0.1820 -0.1336
vn -0.0518 -0.9944 0.0924
vn 0.0100 0.9997 -0.0225
vn 0.1187 0.9917 -0.0503
vn -0.0808 0.9965 0.0225
vn 0.1060 0.9941 -0.0225
vn -0.0897 -0.9940 0.0620
vn 0.0799 -0.9967 0.0158
vn 0.0063 -0.9985 0.0547
vn 0.0841 -0.9965 -0.0031
vn -0.0410 0.2480 -0.9679
vn -0.1037 0.4267 -0.8984
vn 0.0576 0.9924 -0.1090
vn 0.0013 0.0949 -0.9955
vn 0.0668 -0.9976 -0.0172
vn 0.6279 -0.3748 -0.6820
vn -0.0722 -0.9945 0.0765
vn 0.0625 -0.9978 -0.0205
vn -0.0724 0.9970 0.0269
vn -0.8065 -0.4089 0.4270
vn 0.8836 -0.4210 -0.2048
vn 0.0517 -0.9982 -0.0310
vn 0.0484 -0.9983 -0.0340
vn 0.0450 -0.9983 -0.0375
vn -0.0443 0.9976 0.0540
vn -0.0785 0.9966 0.0246
vn 0.4724 -0.7010 -0.5342
vn 0.5573 -0.6264 -0.5450
vn 0.5573 -0.6605 -0.5032
vn -0.9993 -0.0324 -0.0193
vn 0.1453 0.6736 0.7246
vn 0.2418 0.6232 0.7437
vn 0.1435 0.6329 0.7609
vn -0.9742 -0.1637 -0.1553
vn -0.9742 -0.1677 -0.1509
vn 0.4717 -0.7332 -0.4898
vn 0.5557 -0.6919 -0.4610
vn 0.1451 0.8236 0.5483
vn 0.2407 0.8470 0.4739
vn 0.2435 0.8067 0.5385
vn 0.1466 0.7498 0.6453
vn 0.2446 0.6980 0.6730
vn 0.1463 0.7110 0.6878
vn -0.9739 -0.1726 -0.1471
vn -0.9742 -0.1751 -0.1422
vn -0.9992 -0.0359 -0.0149
vn 0.2390 0.5760 0.7818
vn 0.1414 0.5832 0.7999
vn 0.4536 -0.4781 -0.7521
vn 0.5428 -0.4815 -0.6882
vn 0.4583 -0.5132 -0.7256
vn 0.4645 -0.5540 -0.6909
vn 0.5529 -0.5570 -0.6197
vn 0.4679 -0.5928 -0.6555
vn 0.2340 0.5125 0.8262
vn 0.1374 0.5196 0.8433
vn 0.2283 0.4520 0.8623
vn 0.1333 0.4596 0.8781
vn 0.4519 -0.4485 -0.7711
vn 0.5330 -0.4293 -0.7291
vn 0.4512 -0.4581 -0.7659
vn -0.9743 -0.1595 -0.1593
vn 0.2250 0.4206 0.8789
vn 0.1319 0.4291 0.8936
vn 0.2275 0.4602 0.8582
vn -0.0212 0.6142 0.7889
vn 0.4532 -0.4094 -0.7918
vn 0.5314 -0.4216 -0.7348
vn -0.9924 -0.0917 -0.0815
vn -0.9818 -0.1346 -0.1336
vn -0.9754 -0.1542 -0.1578
vn 0.4692 -0.7628 -0.4449
vn 0.5526 -0.7210 -0.4180
vn 0.4660 -0.7879 -0.4026
vn 0.5485 -0.7463 -0.3772
vn 0.1414 0.8981 0.4165
vn 0.2346 0.8945 0.3807
vn 0.2369 0.8797 0.4122
vn -0.9993 -0.0304 -0.0232
vn 0.4646 -0.8039 -0.3715
vn 0.5448 -0.7628 -0.3484
vn 0.4080 -0.9013 -0.1455
vn 0.4989 -0.8553 -0.1398
vn 0.1413 0.9122 0.3845
vn 0.2481 0.7457 0.6183
vn -0.9992 -0.0225 -0.0345
vn 0.6231 -0.5896 -0.5139
vn 0.6233 -0.6221 -0.4738
vn 0.9914 0.1033 0.0804
vn 0.9985 0.0513 0.0167
vn 0.2436 0.6616 0.7092
vn 0.3255 0.6098 0.7226
vn 0.9777 0.1486 0.1486
vn 0.9931 0.0872 0.0780
vn 0.9789 0.1272 0.1601
vn 0.6212 -0.6526 -0.4339
vn 0.6180 -0.6811 -0.3925
vn 0.2451 0.7353 0.6319
vn 0.3282 0.7516 0.5722
vn 0.3296 0.7158 0.6156
vn 0.3292 0.6806 0.6546
vn 0.2448 0.7712 0.5876
vn 0.3272 0.7861 0.5244
vn 0.5558 -0.5914 -0.5842
vn 0.5486 -0.5204 -0.6543
vn 0.6185 -0.5242 -0.5854
vn 0.6147 -0.4885 -0.6193
vn 0.3163 0.5008 0.8057
vn 0.9774 0.1551 0.1433
vn 0.9915 0.1020 0.0808
vn 0.5368 -0.4484 -0.7147
vn 0.6087 -0.4522 -0.6519
vn 0.6030 -0.4206 -0.6778
vn 0.3060 0.4087 0.8599
vn 0.9966 0.0556 0.0601
vn 0.9832 0.0872 0.1603
vn 0.5975 -0.4032 -0.6932
vn 0.5235 -0.3870 -0.7590
vn 0.5919 -0.3973 -0.7013
vn 0.4327 0.6274 0.6474
vn 0.9987 0.0367 0.0349
vn 0.3249 0.8244 0.4634
vn 0.3190 0.8574 0.4039
vn 0.6141 -0.7049 -0.3550
vn 0.6092 -0.7222 -0.3275
vn 0.9987 0.0293 0.0422
vn 0.9987 0.0320 0.0385
vn 0.3147 0.8725 0.3739
vn 0.3810 0.8021 0.4599
vn 0.5670 -0.8120 -0.1384
vn 0.1466 0.7870 0.5992
vn 0.0362 -0.9987 0.0351
vn 0.1401 -0.9901 0.0118
vn 0.2387 -0.9711 0.0024
vn 0.9776 0.1663 0.1292
vn 0.9773 0.1711 0.1250
vn 0.3273 0.6459 0.6897
vn 0.9774 0.1642 0.1330
vn -0.9991 -0.0158 -0.0395
vn -0.9740 -0.1793 -0.1383
vn 0.9771 0.1786 0.1155
vn 0.0086 0.0314 -0.9995
vn -0.1405 0.0769 -0.9871
vn 0.1121 0.0015 -0.9937
vn 0.0234 0.0421 -0.9988
vn 0.2077 -0.0163 -0.9781
vn 0.9984 0.0550 0.0132
vn 0.4713 -0.6287 -0.6185
vn 0.9988 0.0367 0.0311
vn 0.6213 -0.5565 -0.5516
vn -0.9775 -0.1975 -0.0745
vn -0.9991 -0.0096 -0.0415
vn -0.9720 -0.2112 -0.1031
vn -0.9733 -0.1942 -0.1226
vn 0.9982 0.0107 0.0586
vn 0.9987 0.0259 0.0442
vn 0.9767 0.1825 0.1133
vn 0.9968 0.0073 0.0790
vn -0.9956 -0.0628 -0.0702
vn -0.9922 -0.0970 -0.0783
vn -0.9991 -0.0427 -0.0072
vn -0.9915 -0.1020 -0.0809
vn 0.3231 0.5635 0.7604
vn 0.9964 -0.0074 -0.0840
vn 0.9997 0.0163 0.0175
vn -0.9992 -0.0392 -0.0110
vn -0.9990 -0.0450 -0.0062
vn 0.9774 0.1611 0.1366
vn 0.1443 0.8649 0.4808
vn 0.9777 0.1731 0.1192
vn -0.9991 -0.0240 -0.0362
vn -0.9957 -0.0386 -0.0843
vn -0.9993 0.0277 0.0251
vn -0.9932 0.0041 -0.1161
vn 0.9900 0.0488 0.1325
vn 0.9946 -0.0114 -0.1033
vn 0.9997 0.0233 0.0090
vn 0.9834 -0.0323 -0.1785
vn -0.1720 -0.9836 0.0543
vn -0.3614 -0.9269 0.1012
vn -0.9736 -0.1908 -0.1249
vn 0.0452 -0.9929 0.1100
vn 0.9992 0.0319 -0.0254
vn 0.4731 -0.6652 -0.5777
vn 0.9774 0.1583 0.1398
vn 0.9987 0.0503 0.0047
vn 0.3915 -0.0166 -0.9200
vn 0.3015 0.0043 -0.9535
vn -0.9994 -0.0338 -0.0108
vn 0.3097 0.4402 0.8428
vn 0.4584 -0.0336 -0.8881
vn 0.9986 0.0487 0.0208
vn 0.9987 0.0448 0.0235
vn 0.9988 0.0418 0.0272
vn -0.9993 -0.0242 -0.0278
vn -1.0000 -0.0040 -0.0048
vn -0.1265 -0.8843 0.4495
vn -0.2058 -0.6322 0.7470
vn -0.1683 -0.8893 0.4253
vn -0.0837 -0.7754 0.6259
vn -0.1916 -0.3320 0.9236
vn -0.2564 -0.6277 0.7351
vn -0.2878 -0.3426 0.8943
vn -0.2187 0.3475 0.9118
vn -0.0922 -0.2109 0.9732
vn -0.0836 0.0454 0.9955
vn -0.2636 0.3856 0.8842
vn -0.1927 0.0513 0.9799
vn -0.0775 -0.4984 0.8635
vn -0.2457 0.0574 0.9676
vn -0.7602 0.4819 0.4357
vn -0.5508 0.7093 0.4398
vn -0.4365 0.8903 0.1299
vn -0.5778 0.7664 -0.2807
vn -0.4440 0.7849 0.4321
vn -0.3798 0.8802 0.2848
vn -0.5267 0.4907 0.6941
vn 0.9976 -0.0263 0.0643
vn 0.9503 -0.1264 -0.2845
vn 0.9673 -0.0062 -0.2534
vn 0.8565 0.0034 0.5162
vn 0.9895 -0.1310 -0.0611
vn 0.9246 -0.2343 -0.3004
vn 0.9236 -0.0932 0.3718
vn 0.9686 -0.2261 0.1036
vn 0.6632 -0.1248 0.7380
vn 0.4511 -0.0273 0.8920
vn 0.4401 -0.1369 0.8874
vn 0.7405 -0.1930 0.6437
vn 0.8776 -0.3436 -0.3341
vn 0.8950 -0.4457 -0.0210
vn 0.9354 -0.3303 -0.1258
vn 0.8941 -0.4279 0.1322
vn 0.9174 -0.3945 -0.0521
vn 0.6738 0.2193 0.7056
vn 0.7937 0.0924 0.6013
vn 0.8861 0.1922 0.4217
vn 0.6559 0.2717 0.7043
vn 0.3904 0.1979 0.8991
vn 0.5380 0.0784 0.8393
vn 0.3996 0.2991 0.8665
vn -0.8419 0.5269 -0.1166
vn -0.6740 0.5996 0.4316
vn -0.7757 0.6094 0.1640
vn -0.8644 0.4813 0.1455
vn -0.7264 0.4997 0.4719
vn 0.0527 0.8755 0.4803
vn -0.4980 0.7454 0.4432
vn 0.2588 0.8395 0.4778
vn -0.3872 0.5772 0.7190
vn 0.2586 0.0868 0.9621
vn -0.2964 0.2220 0.9289
vn -0.0013 0.0721 0.9974
vn 0.0170 0.1925 0.9812
vn -0.3200 0.2717 0.9076
vn 0.0157 0.2509 0.9679
vn -0.0622 -0.8710 -0.4872
vn 0.0211 -0.9776 -0.2096
vn -0.1664 -0.9824 0.0850
vn -0.1355 -0.9083 -0.3959
vn 0.0184 -0.8742 -0.4853
vn 0.0351 -0.7097 -0.7036
vn -0.1430 -0.5329 -0.8340
vn -0.3063 0.5534 -0.7745
vn -0.4879 0.7098 -0.5080
vn -0.2976 0.6953 -0.6542
vn -0.1885 0.2878 -0.9389
vn -0.3520 0.5468 -0.7597
vn -0.2518 0.2724 -0.9287
vn 0.0156 -0.3545 -0.9349
vn -0.0904 0.1830 -0.9790
vn -0.0683 -0.0731 -0.9950
vn -0.1880 0.4456 -0.8752
vn -0.0956 -0.0773 -0.9924
vn 0.8776 -0.1523 -0.4545
vn 0.7795 -0.0786 -0.6215
vn 0.8452 -0.2513 -0.4717
vn 0.7820 -0.1498 -0.6050
vn 0.5806 -0.0536 -0.8124
vn 0.6679 -0.2103 -0.7139
vn 0.6279 -0.1231 -0.7685
vn 0.6583 -0.3573 -0.6625
vn 0.8014 -0.3418 -0.4908
vn 0.4836 -0.2843 -0.8278
vn 0.7123 -0.3077 -0.6308
vn 0.5676 -0.2564 -0.7824
vn 0.7735 -0.2361 -0.5882
vn 0.3190 -0.0598 -0.9459
vn 0.2766 -0.1565 -0.9482
vn 0.4417 -0.1536 -0.8839
vn 0.8730 0.1358 -0.4685
vn 0.8775 0.4779 -0.0403
vn 0.9787 0.0109 -0.2051
vn 0.8699 0.0261 -0.4926
vn 0.9708 0.2319 0.0616
vn 0.5479 0.1951 -0.8135
vn 0.6447 0.1156 -0.7557
vn -0.2065 0.1204 -0.9710
vn 0.3304 0.0171 -0.9437
vn 0.0160 0.0134 -0.9998
vn -0.4502 0.2178 -0.8660
vn 0.0581 0.1022 -0.9931
vn 0.7051 0.0020 -0.7091
vn -0.2828 0.2259 -0.9322
vn 0.0715 0.1302 -0.9889
vn -0.5309 0.3429 -0.7750
vn -0.6798 0.3297 -0.6551
vn -0.7455 0.4300 -0.5093
vn -0.4780 0.3718 -0.7958
vn -0.2492 0.2930 -0.9230
vn -0.3520 0.9017 -0.2512
vn -0.1544 0.8201 -0.5510
vn -0.5935 0.5892 -0.5483
vn -0.5290 0.5199 -0.6707
vn -0.0423 0.6054 -0.7948
vn -0.7282 0.2709 -0.6296
vn -0.5063 0.4771 -0.7183
vn -0.4014 0.2713 -0.8748
vn -0.8393 0.1409 -0.5251
vn -0.9048 0.3548 -0.2356
vn -0.9894 0.1002 -0.1053
vn -0.5992 0.0370 -0.7997
vn -0.2989 0.7036 -0.6447
vn -0.2950 0.3737 -0.8794
vn -0.1864 0.1797 -0.9659
vn -0.2349 0.1716 -0.9567
vn 0.2338 0.9384 -0.2546
vn 0.1324 0.9873 -0.0877
vn 0.7337 0.4003 -0.5490
vn 0.7266 0.2207 -0.6507
vn 0.7286 0.2400 -0.6415
vn -0.4162 -0.8712 -0.2602
vn -0.1597 -0.6729 -0.7223
vn -0.0391 -0.5438 -0.8383
vn 0.6924 0.0484 -0.7199
vn -0.2337 0.8204 0.5218
vn -0.2337 0.8205 0.5217
vn -0.2336 0.8205 0.5217
vn 0.0468 0.9703 -0.2373
vn 0.0907 0.7742 -0.6264
vn 0.3143 0.8511 -0.4206
vn 0.4749 0.6838 -0.5540
vn 0.1691 0.4429 -0.8805
vn 0.1372 0.7204 -0.6799
vn -0.2340 0.3716 0.8984
vn -0.4958 0.7958 0.3476
vn -0.2122 0.3365 0.9175
vn 0.0023 0.1980 -0.9802
vn -0.0622 0.5858 -0.8081
vn -0.0074 0.5086 -0.8610
vn 0.6870 -0.5678 -0.4535
vn 0.5889 -0.6025 -0.5387
vn 0.7570 -0.0750 -0.6491
vn 0.5652 -0.0596 -0.8228
vn 0.5447 -0.0902 -0.8338
vn -0.0469 0.5038 -0.8625
vn 0.5840 -0.1697 -0.7938
vn 0.5916 -0.1783 -0.7863
vn -0.7640 -0.2122 -0.6094
vn -0.6182 -0.1647 -0.7686
vn -0.1966 -0.6137 -0.7647
vn 0.5388 -0.4824 -0.6906
vn -0.4102 -0.1868 -0.8927
vn -0.3721 -0.2159 -0.9027
vn 0.6597 -0.7463 0.0889
vn 0.6589 -0.6880 -0.3041
vn 0.5956 -0.8023 0.0391
vn -0.7068 0.2105 -0.6753
vn -0.7068 0.2104 -0.6754
vn -0.4204 -0.3710 -0.8280
vn 0.0721 -0.7176 -0.6927
vn 0.1583 -0.2448 0.9566
vn 0.0181 -0.5041 0.8634
vn 0.3355 -0.9302 0.1492
vn 0.3355 -0.9301 0.1492
vn 0.7381 -0.0702 -0.6710
vn 0.6410 -0.4480 -0.6233
vn 0.7875 -0.2441 -0.5660
vn -0.4723 -0.1714 0.8646
vn -0.4723 -0.1715 0.8646
vn 0.5437 -0.7440 0.3883
vn 0.3519 -0.7929 0.4974
vn 0.6761 -0.6768 0.2913
vn 0.2224 -0.7945 0.5652
vn -0.1435 -0.5931 0.7923
vn -0.4093 0.8569 0.3133
vn -0.2177 0.9633 0.1568
vn -0.1770 0.9764 0.1236
vn 0.4979 0.8632 0.0842
vn 0.2408 0.9153 0.3228
vn 0.1256 0.9910 0.0467
vn 0.8330 0.5317 0.1529
vn 0.6401 0.6693 0.3772
vn 0.5289 0.6160 0.5838
vn 0.7994 0.4314 0.4182
vn 0.8480 0.1842 0.4970
vn 0.9478 0.2071 0.2423
vn 0.9809 0.1315 0.1436
vn 0.2416 0.3722 0.8961
vn 0.5013 0.1326 0.8551
vn 0.6395 0.4081 0.6515
vn 0.2794 -0.0213 0.9599
vn 0.5933 0.0119 0.8049
vn 0.3848 -0.1071 0.9168
vn 0.5534 -0.4366 -0.7093
vn 0.1752 0.4063 0.8968
vn -0.2138 0.5253 0.8236
vn -0.2263 0.5281 0.8185
vn 0.1757 -0.8009 -0.5725
vn 0.3821 -0.6719 -0.6345
vn 0.7812 -0.5666 0.2620
vn 0.8425 -0.4797 0.2450
vn 0.7858 -0.5665 0.2482
vn 0.6861 0.2264 0.6914
vn 0.6862 0.2265 0.6912
vn 0.8436 -0.4739 0.2524
vn 0.9129 -0.3592 0.1939
vn -0.1003 -0.4916 0.8650
vn -0.3426 -0.2244 0.9123
vn -0.1813 -0.8512 0.4925
vn -0.3841 -0.6334 0.6718
vn -0.5951 -0.5227 0.6105
vn -0.4242 -0.7878 0.4465
vn -0.1863 -0.9615 0.2020
vn -0.5291 -0.8251 0.1979
vn -0.1785 -0.9522 0.2480
vn -0.9048 -0.2382 0.3529
vn -0.8510 -0.5116 0.1181
vn -0.6549 -0.6397 0.4023
vn -0.9904 -0.1291 -0.0487
vn -0.7751 -0.6318 0.0014
vn -0.9523 -0.2668 -0.1479
vn 0.6068 -0.6463 -0.4626
vn 0.3555 -0.8558 -0.3759
vn 0.3104 -0.8808 -0.3576
vn 0.5647 -0.2479 -0.7872
vn 0.6253 -0.4565 -0.6330
vn -0.3478 -0.7716 -0.5325
vn -0.4459 -0.8188 -0.3617
vn -0.4979 -0.8285 -0.2564
vn -0.8662 -0.2057 0.4555
vn -0.8662 -0.2056 0.4555
vn -0.7317 -0.6802 0.0431
vn -0.7649 -0.6360 0.1025
vn 0.2039 0.3520 -0.9135
vn 0.4005 0.1075 -0.9100
vn -0.2744 0.6094 -0.7438
vn -0.2419 0.4696 -0.8491
vn 0.7122 0.0793 -0.6975
vn 0.0963 0.4394 -0.8931
vn 0.3875 0.2181 -0.8957
vn -0.3115 0.8974 0.3125
vn -0.5809 0.7921 0.1875
vn -0.1557 0.8033 0.5749
vn -0.0447 0.9027 0.4279
vn -0.4384 0.8950 0.0826
vn -0.6555 0.7552 -0.0045
vn 0.3017 0.9105 -0.2829
vn 0.3013 0.9105 -0.2831
vn 0.5000 0.8643 -0.0549
vn 0.9219 0.1093 -0.3718
vn 0.8887 0.4166 0.1913
vn 0.9275 0.3228 -0.1883
vn 0.7958 0.5570 0.2375
vn 0.9037 0.2222 -0.3660
vn 0.9025 0.4202 -0.0944
vn -0.3928 -0.9176 0.0617
vn -0.1290 -0.9295 -0.3456
vn -0.6632 -0.7297 0.1664
vn -0.3689 -0.9167 -0.1533
vn -0.0888 -0.7264 -0.6815
vn -0.4756 -0.8768 -0.0716
vn -0.2279 -0.9068 -0.3547
vn -0.8658 0.3536 0.3541
vn -0.7733 0.2460 0.5843
vn -0.7741 0.5858 0.2399
vn -0.8729 0.4618 0.1574
vn -0.8711 0.1574 0.4652
vn -0.7367 -0.0595 0.6736
vn -0.9578 -0.2153 -0.1904
vn -0.9577 -0.2179 -0.1877
vn -0.9259 -0.0185 -0.3774
vn -0.1400 -0.4051 -0.9035
vn -0.4374 0.0268 -0.8989
vn -0.3901 -0.2013 -0.8985
vn -0.7015 0.1358 -0.6997
vn -0.2336 -0.4074 -0.8829
vn -0.4970 -0.1142 -0.8602
vn 0.3858 -0.1477 -0.9107
vn 0.1265 -0.4168 -0.9002
vn 0.6988 -0.1298 -0.7035
vn 0.3586 -0.3920 -0.8472
vn 0.1074 -0.7287 -0.6763
vn 0.5676 -0.6033 -0.5602
vn 0.3196 -0.6925 -0.6467
vn 0.9086 -0.4005 -0.1187
vn 0.9104 -0.1391 -0.3897
vn 0.6919 -0.7161 -0.0919
vn 0.8513 -0.3841 -0.3574
vn 0.6618 -0.3541 -0.6608
vn 0.1218 -0.9268 -0.3553
vn 0.3755 -0.9212 -0.1022
vn 0.3508 -0.8745 -0.3351
vn 0.6569 -0.6876 -0.3093
vn 0.8777 0.2268 0.4221
vn 0.9251 -0.3605 0.1196
vn 0.7802 0.2610 0.5684
vn 0.9281 -0.1745 0.3288
vn 0.7144 -0.6928 0.0986
vn 0.9014 -0.0902 0.4236
vn 0.9061 -0.3599 0.2223
vn -0.3146 0.3459 0.8840
vn -0.1746 0.6013 0.7797
vn -0.5787 0.2263 0.7835
vn -0.4382 0.1329 0.8890
vn -0.0713 0.4639 0.8830
vn 0.0186 0.6777 0.7351
vn 0.2932 -0.2366 0.9263
vn 0.2943 -0.2361 0.9261
vn 0.0851 -0.4272 0.9001
vn 0.2081 -0.9012 0.3801
vn -0.0427 -0.9102 0.4119
vn 0.3960 -0.9075 0.1397
vn -0.1042 -0.7516 0.6513
vn 0.3969 -0.8865 0.2379
vn 0.1156 -0.8739 0.4722
vn 0.1836 0.7558 -0.6286
vn 0.0733 0.8409 -0.5363
vn 0.2446 0.8651 -0.4380
vn 0.4807 0.7332 -0.4810
vn 0.1847 0.5011 -0.8454
vn 0.0262 0.6418 -0.7665
vn 0.3892 0.2265 -0.8929
vn 0.6070 -0.3118 -0.7310
vn 0.7367 -0.3539 -0.5763
vn 0.5860 -0.4702 -0.6599
vn 0.4295 -0.1288 -0.8939
vn 0.8007 -0.0932 -0.5918
vn 0.0454 0.3174 -0.9472
vn 0.2168 -0.1366 -0.9666
vn 0.2040 0.1431 -0.9685
vn 0.4096 -0.3612 -0.8377
vn -0.1032 0.9085 -0.4049
vn -0.3782 0.9180 -0.1190
vn -0.0960 0.6845 -0.7227
vn -0.3735 0.8402 -0.3933
vn -0.7045 0.7015 -0.1072
vn -0.3559 0.6449 -0.6763
vn -0.6630 0.6510 -0.3696
vn -0.3810 0.0741 -0.9216
vn -0.0993 0.3545 -0.9298
vn -0.7060 0.0743 -0.7043
vn -0.3757 0.3526 -0.8571
vn -0.6626 0.3383 -0.6683
vn -0.9216 0.3738 -0.1044
vn -0.9214 0.0880 -0.3786
vn -0.8501 0.3644 -0.3801
vn -0.7203 -0.1148 -0.6840
vn -0.7992 -0.3212 -0.5080
vn -0.7187 -0.0432 -0.6939
vn -0.5668 -0.0752 -0.8204
vn -0.7012 -0.5257 -0.4816
vn 0.2356 -0.3347 -0.9124
vn -0.2333 -0.0966 -0.9676
vn 0.4830 -0.6164 -0.6218
vn 0.3234 -0.5911 -0.7390
vn -0.3276 -0.1159 -0.9377
vn -0.5207 -0.0587 -0.8517
vn 0.6869 -0.7246 -0.0555
vn 0.6096 -0.7072 -0.3581
vn 0.0564 -0.7384 -0.6720
vn -0.1362 -0.6697 -0.7300
vn -0.2032 -0.6669 -0.7169
vn 0.3626 -0.6031 -0.7105
vn -0.1546 -0.5478 -0.8222
vn 0.0972 0.9292 0.3567
vn 0.3781 0.9228 0.0745
vn 0.0926 0.7207 0.6871
vn 0.3735 0.8581 0.3524
vn 0.7039 0.7065 0.0731
vn 0.3555 0.6764 0.6450
vn 0.6621 0.6690 0.3379
vn 0.3807 0.1201 0.9169
vn 0.0987 0.4008 0.9108
vn 0.7056 0.1097 0.7001
vn 0.3750 0.3945 0.8389
vn 0.6621 0.3716 0.6508
vn 0.9200 0.3825 0.0856
vn 0.9211 0.1077 0.3741
vn 0.8498 0.3828 0.3623
vn 0.4524 0.8207 -0.3489
vn 0.0527 0.8811 -0.4700
vn 0.4077 0.9062 -0.1118
vn 0.5747 0.7649 -0.2910
vn 0.4366 0.7626 -0.4774
vn -0.0093 0.7341 -0.6790
vn 0.5965 0.6592 -0.4580
vn 0.9311 -0.1829 -0.3156
vn 0.9383 0.3294 -0.1048
vn 0.6996 -0.4487 -0.5560
vn 0.9516 0.1193 -0.2833
vn 0.7514 0.6536 -0.0903
vn 0.9198 0.0784 -0.3846
vn 0.9182 0.2452 -0.3110
vn -0.0646 -0.6215 -0.7807
vn 0.3424 -0.3485 -0.8725
vn 0.2578 -0.6182 -0.7425
vn -0.0891 -0.2934 -0.9518
vn 0.3220 -0.1921 -0.9270
vn 0.4829 -0.3771 -0.7903
vn 0.5447 -0.1239 -0.8294
vn 0.6372 -0.2337 0.7344
vn 0.5374 -0.0515 0.8418
vn 0.3700 -0.1678 0.9137
vn 0.6791 -0.3083 0.6661
vn 0.8609 -0.2199 0.4588
vn 0.8106 -0.0452 0.5839
vn 0.8324 -0.3512 0.4286
vn 0.5090 -0.7817 -0.3605
vn 0.0438 -0.8185 -0.5728
vn 0.3409 -0.7333 -0.5882
vn 0.6029 -0.6985 -0.3855
vn 0.2388 -0.9326 0.2704
vn 0.5122 -0.8566 -0.0628
vn 0.1500 -0.9081 0.3909
vn 0.7097 -0.6940 -0.1215
vn 0.9531 -0.0752 0.2933
vn 0.9401 -0.2968 -0.1678
vn 0.9644 -0.2449 0.1001
vn 0.7367 -0.5334 -0.4156
vn 0.9463 -0.3175 0.0607
vn 0.2844 -0.5297 0.7991
vn 0.2100 -0.1986 0.9573
vn 0.0834 -0.4034 0.9112
vn 0.2561 -0.8178 0.5154
vn 0.3622 -0.5786 0.7308
vn 0.5491 -0.8001 0.2416
vn 0.2870 -0.9473 -0.1425
vn 0.0896 -0.9365 0.3391
vn 0.4987 -0.7748 -0.3886
vn 0.2545 -0.9589 0.1258
vn 0.0694 -0.7515 0.6561
vn 0.5321 -0.8322 -0.1558
vn 0.7553 -0.5554 -0.3479
vn 0.6935 -0.4356 -0.5739
vn 0.9476 -0.1778 0.2654
vn 0.8526 -0.5192 -0.0584
vn -0.3761 -0.0773 0.9233
vn -0.0950 -0.3580 0.9289
vn -0.0945 -0.0749 0.9927
vn -0.7024 -0.0769 0.7076
vn -0.3706 -0.3549 0.8583
vn -0.0895 -0.6883 0.7199
vn -0.6594 -0.3387 0.6712
vn -0.3522 -0.6459 0.6773
vn -0.9208 -0.3749 0.1078
vn -0.9198 -0.0895 0.3821
vn -0.7033 -0.7025 0.1089
vn -0.8485 -0.3645 0.3836
vn -0.6591 -0.6541 0.3711
vn -0.0954 -0.9121 0.3987
vn -0.3768 -0.9187 0.1185
vn -0.3711 -0.8414 0.3929
vn -0.8725 -0.4840 -0.0669
vn -0.8878 -0.4603 -0.0067
vn -0.7187 -0.5215 -0.4599
vn -0.7188 -0.5216 -0.4595
vn -0.7111 -0.6987 -0.0779
vn -0.6752 -0.7375 -0.0144
vn -0.5329 -0.7821 -0.3229
vn 0.6424 -0.3443 -0.6847
vn 0.6831 -0.1521 -0.7143
vn 0.5537 -0.5386 -0.6351
vn 0.3514 -0.7892 -0.5036
vn 0.0159 -0.7841 -0.6204
vn -0.0045 -0.6291 -0.7773
vn 0.1690 -0.5329 -0.8292
vn 0.6137 -0.7177 -0.3289
vn -0.2797 -0.7016 -0.6553
vn -0.3253 -0.9445 -0.0450
vn 0.1765 -0.9515 -0.2520
vn -0.4463 -0.8927 -0.0631
vn 0.2638 -0.8178 -0.5114
vn 0.4009 -0.7479 -0.5291
vn 0.9054 0.4160 0.0848
vn 0.6773 0.7185 0.1581
vn 0.9027 0.4078 0.1372
vn 0.8022 0.5962 0.0306
vn 0.3917 0.9097 0.1376
vn 0.6721 0.7104 0.2089
vn 0.4032 0.8835 0.2383
vn -0.2886 0.9402 0.1812
vn 0.2621 0.9646 0.0293
vn 0.0053 0.9997 0.0244
vn -0.3184 0.9193 0.2315
vn 0.0153 0.9900 0.1405
vn 0.5405 0.8412 0.0156
vn 0.0135 0.9796 0.2003
vn -0.6725 0.4654 0.5754
vn -0.8565 0.1796 0.4840
vn 0.0515 0.5402 0.8400
vn -0.5165 0.4739 0.7132
vn -0.7245 0.4974 0.4772
vn -0.8485 0.3332 0.4111
vn -0.3962 0.7445 0.5374
vn -0.1691 0.7238 -0.6690
vn -0.0546 0.6033 -0.7956
vn -0.1517 0.4189 -0.8953
vn -0.2178 0.7184 -0.6607
vn -0.1473 0.9095 -0.3887
vn -0.0365 0.8405 -0.5406
vn -0.2439 0.8824 -0.4023
vn -0.5013 -0.0803 0.8615
vn -0.5424 0.4625 0.7013
vn -0.5665 0.2031 0.7987
vn -0.4498 0.1734 0.8761
vn -0.4462 0.4883 0.7500
vn -0.8153 0.5783 -0.0289
vn -0.6759 0.4767 0.5621
vn -0.7831 0.5812 -0.2213
vn -0.5145 0.7518 0.4124
vn -0.0450 0.9624 -0.2680
vn -0.1790 0.9411 0.2870
vn -0.0347 0.9993 -0.0159
vn -0.1462 0.9891 -0.0181
vn -0.2251 0.9212 0.3175
vn -0.2010 0.9794 -0.0185
vn 0.8621 -0.5014 0.0734
vn 0.9719 -0.2330 -0.0337
vn 0.9886 0.0579 0.1389
vn 0.8972 -0.4178 0.1431
vn 0.8630 -0.5052 -0.0065
vn 0.6823 -0.7310 -0.0055
vn 0.5190 -0.8335 0.1897
vn -0.5483 -0.7439 0.3822
vn -0.6810 -0.4740 0.5582
vn -0.6881 -0.6248 0.3690
vn -0.3043 -0.9155 0.2633
vn -0.5342 -0.7307 0.4251
vn -0.2808 -0.9027 0.3259
vn 0.3118 -0.9493 0.0396
vn -0.2177 -0.9621 0.1644
vn 0.0363 -0.9901 0.1356
vn -0.4609 -0.8475 0.2632
vn 0.0453 -0.9859 0.1610
vn -0.0886 -0.5040 -0.8592
vn -0.0392 0.1011 -0.9941
vn 0.0072 -0.2268 -0.9739
vn -0.0120 -0.5073 -0.8617
vn -0.1531 -0.5316 -0.8330
vn -0.1943 -0.8413 -0.5045
vn -0.1426 -0.9615 0.2349
vn -0.0362 -0.9529 -0.3010
vn -0.0418 -0.9991 0.0078
vn -0.2328 -0.8468 0.4783
vn -0.1225 -0.9922 -0.0210
vn -0.0057 -0.7312 -0.6821
vn -0.2379 -0.9161 0.3226
vn -0.1494 -0.9884 -0.0268
vn -0.3653 -0.7412 0.5633
vn -0.3319 -0.6265 0.7052
vn -0.6886 -0.5102 0.5154
vn -0.5122 -0.4656 0.7217
vn -0.2997 -0.9047 0.3027
vn -0.3097 0.2223 -0.9245
vn -0.6427 0.2340 -0.7295
vn -0.2791 0.3303 -0.9017
vn -0.5226 0.0887 -0.8480
vn -0.8761 0.1938 -0.4414
vn -0.5898 0.2909 -0.7533
vn -0.8477 0.3016 -0.4363
vn -0.9456 0.2086 0.2495
vn -0.9476 0.0753 -0.3104
vn -0.9974 0.0574 -0.0435
vn -0.7186 0.3598 0.5951
vn -0.9813 0.1836 -0.0584
vn -0.7996 0.0697 -0.5965
vn -0.9684 0.2456 -0.0439
vn -0.4919 0.5902 0.6401
vn -0.2582 0.4757 0.8409
vn -0.2958 0.6946 0.6558
vn -0.2534 0.6780 0.6900
vn -0.5488 0.4799 0.6845
vn -0.7504 0.5522 0.3632
vn 0.3501 -0.1032 -0.9310
vn -0.0263 -0.0171 -0.9995
vn 0.4014 -0.1932 -0.8953
vn 0.1267 -0.0974 -0.9871
vn -0.1384 -0.0206 -0.9902
vn 0.1809 -0.2147 -0.9598
vn -0.0010 -0.2060 -0.9785
vn 0.1287 -0.4344 -0.8915
vn 0.4338 -0.3048 -0.8479
vn -0.0236 -0.4195 -0.9074
vn 0.2390 -0.3192 -0.9171
vn 0.0363 -0.2528 -0.9668
vn -0.8830 -0.1113 -0.4560
vn -0.9151 -0.1614 -0.3695
vn -0.9271 -0.0359 -0.3732
vn -0.7710 -0.0246 -0.6364
vn -0.7270 -0.2507 -0.6392
vn -0.7712 -0.3199 -0.5504
vn -0.1957 -0.1253 -0.9726
vn -0.6793 -0.7208 0.1379
vn -0.5405 -0.8406 0.0357
vn -0.3573 -0.9219 0.1497
vn -0.6784 -0.7102 0.1879
vn -0.8849 -0.4561 0.0943
vn -0.7960 -0.6053 -0.0065
vn -0.8643 -0.4648 0.1923
vn -0.0273 0.8773 0.4791
vn -0.5530 0.6783 0.4838
vn -0.3139 0.7895 0.5274
vn -0.2744 0.8706 0.4084
vn -0.5748 0.7219 0.3853
vn -0.6345 -0.0515 0.7712
vn -0.5679 0.5402 0.6210
vn -0.6200 -0.2439 0.7457
vn -0.8141 0.3738 0.4445
vn -0.9384 -0.3452 -0.0154
vn -0.9715 0.2139 0.1022
vn -0.9946 -0.0976 -0.0359
vn -0.9925 -0.0954 0.0760
vn -0.9587 0.2426 0.1487
vn -0.9874 -0.0882 0.1315
vn 0.5546 0.1265 -0.8224
vn 0.3131 0.0212 -0.9495
vn 0.0370 0.0921 -0.9951
vn 0.5842 0.1943 -0.7880
vn 0.5777 0.0453 -0.8150
vn 0.7517 0.0125 -0.6594
vn 0.8299 0.2198 -0.5128
vn 0.6966 0.4276 0.5760
vn 0.4097 0.7670 0.4939
vn 0.5639 0.3692 0.7387
vn 0.9058 0.2637 0.3317
vn 0.3211 0.6032 0.7301
vn 0.8947 0.3381 0.2920
vn 0.8414 0.3291 0.4287
vn 0.9542 0.0288 -0.2978
vn 0.9583 0.1425 0.2476
vn 0.9923 0.1218 -0.0235
vn 0.8238 0.2519 0.5078
vn 0.9871 0.1523 -0.0493
vn 0.6313 -0.0607 -0.7731
vn 0.5044 -0.1267 -0.8541
vn 0.7921 -0.0382 -0.6091
vn 0.6312 -0.1213 -0.7661
vn 0.5344 -0.2152 -0.8174
vn 0.7268 -0.1704 -0.6653
vn 0.6293 -0.1969 -0.7518
vn 0.9251 -0.1299 -0.3567
vn 0.9139 -0.0491 -0.4029
vn 0.7863 -0.2093 -0.5813
vn 0.8621 -0.1251 -0.4910
vn 0.7629 -0.0944 -0.6396
vn 0.5642 -0.2929 -0.7720
vn 0.7037 -0.2992 -0.6444
vn 0.5764 -0.3726 -0.7273
vn 0.6728 -0.2573 -0.6936
vn 0.8276 -0.2337 -0.5104
vn 0.5544 -0.8176 0.1553
vn -0.0108 -0.9816 0.1908
vn 0.3030 -0.9521 0.0398
vn 0.5709 -0.8176 0.0751
vn 0.4545 -0.8634 0.2190
vn 0.8611 -0.4313 0.2693
vn 0.8049 -0.5629 0.1876
vn 0.9277 0.3133 0.2031
vn 0.9685 -0.2220 0.1132
vn 0.9897 0.0889 0.1122
vn 0.7873 0.5507 0.2773
vn 0.9792 0.0626 0.1932
vn 0.7802 -0.6206 0.0791
vn 0.8669 0.4041 0.2919
vn 0.9734 0.0634 0.2200
vn 0.6680 0.6390 0.3813
vn 0.5427 0.7618 0.3536
vn 0.3767 0.7588 0.5313
vn 0.6506 0.6295 0.4247
vn 0.8517 0.3876 0.3526
vn 0.2959 -0.2963 0.9081
vn 0.3146 -0.2790 0.9073
vn 0.4380 -0.4514 0.7774
vn 0.4645 -0.4256 0.7766
vn 0.6994 -0.6637 0.2652
vn 0.6806 -0.7325 0.0104
vn 0.7223 -0.6916 0.0091
vn 0.2783 -0.3128 0.9081
vn 0.4122 -0.4751 0.7774
vn 0.6589 -0.7038 0.2656
vn 0.6394 -0.7687 0.0130
vn -0.2983 0.3080 0.9034
vn -0.3151 0.2893 0.9039
vn -0.4487 0.4491 0.7727
vn -0.7223 0.6194 0.3076
vn -0.7197 0.6916 0.0608
vn -0.6836 0.6627 0.3059
vn -0.3322 0.2685 0.9042
vn -0.4750 0.4208 0.7728
vn -0.7604 0.5717 0.3083
vn -0.7611 0.6456 0.0620
vn 0.3484 -0.2407 0.9059
vn 0.3331 -0.2601 0.9063
vn 0.5137 -0.3701 0.7740
vn 0.7386 -0.6201 0.2647
vn 0.7979 -0.6027 0.0062
vn 0.7739 -0.5770 0.2611
vn 0.4923 -0.3991 0.7736
vn 0.7623 -0.6471 0.0081
vn -0.2814 0.3263 0.9024
vn -0.2645 0.3416 0.9018
vn -0.4228 0.4770 0.7706
vn -0.3966 0.5000 0.7699
vn -0.6043 0.7359 0.3053
vn -0.6773 0.7332 0.0608
vn -0.6357 0.7696 0.0595
vn -0.6431 0.7016 0.3069
vn -0.2471 0.3567 0.9010
vn -0.2269 0.3712 0.9004
vn -0.3698 0.5228 0.7681
vn -0.3383 0.5473 0.7655
vn -0.5147 0.8017 0.3040
vn -0.5917 0.8038 0.0617
vn -0.5392 0.8398 0.0628
vn -0.5628 0.7677 0.3064
vn 0.2601 -0.3293 0.9077
vn 0.3858 -0.4987 0.7762
vn 0.6184 -0.7388 0.2680
vn 0.5953 -0.8034 0.0158
vn 0.2402 -0.3463 0.9069
vn 0.3565 -0.5224 0.7746
vn 0.5751 -0.7723 0.2696
vn 0.5473 -0.8368 0.0184
vn 0.2192 -0.3632 0.9055
vn 0.3264 -0.5460 0.7715
vn 0.5281 -0.8054 0.2693
vn 0.4964 -0.8678 0.0218
vn 0.1940 -0.3699 0.9086
vn 0.2954 -0.5594 0.7745
vn 0.4777 -0.8356 0.2711
vn 0.4483 -0.8936 0.0208
vn -0.2089 0.3852 0.8989
vn -0.2010 0.4034 0.8927
vn -0.3052 0.5738 0.7600
vn -0.2830 0.5982 0.7497
vn -0.4094 0.8644 0.2920
vn -0.4742 0.8780 0.0647
vn -0.4188 0.9062 0.0591
vn -0.4570 0.8362 0.3031
vn 0.0754 -0.3498 0.9338
vn -0.0444 -0.3249 0.9447
vn 0.1655 -0.7858 0.5959
vn -0.0423 -0.6754 0.7363
vn 0.1873 -0.9776 0.0956
vn -0.0324 -0.9178 0.3958
vn 0.0644 -0.1135 0.9914
vn 0.2688 -0.5633 0.7813
vn 0.4289 -0.8640 0.2638
vn 0.4132 -0.9105 0.0173
vn 0.2639 -0.5766 0.7732
vn 0.3956 -0.8830 0.2527
vn -0.2016 0.4230 0.8834
vn -0.2779 0.6169 0.7363
vn -0.3926 0.9182 0.0527
vn -0.3848 0.8785 0.2831
vn -0.3518 0.2414 0.9044
vn -0.5014 0.3888 0.7729
vn -0.8039 0.5091 0.3075
vn -0.8015 0.5946 0.0635
vn -0.3754 0.2192 0.9006
vn -0.5349 0.3464 0.7707
vn -0.8401 0.4507 0.3018
vn -0.8478 0.5262 0.0656
vn 0.3703 -0.2135 0.9041
vn 0.3617 -0.2244 0.9049
vn 0.5466 -0.3322 0.7687
vn 0.8010 -0.5397 0.2590
vn 0.8429 -0.5380 0.0042
vn 0.8186 -0.5135 0.2572
vn 0.5344 -0.3477 0.7704
vn 0.8257 -0.5641 0.0067
vn 0.3895 0.0379 0.9202
vn 0.7207 0.0469 0.6916
vn 0.9347 0.0479 0.3522
vn -0.3923 0.2090 0.8958
vn -0.5685 0.3085 0.7626
vn -0.8592 0.4190 0.2935
vn -0.8853 0.4608 0.0630
vn -0.9017 0.4285 0.0575
vn -0.5882 0.2940 0.7534
vn -0.8591 0.4128 0.3025
vn 0.3757 -0.2090 0.9029
vn 0.5979 -0.2945 0.7456
vn 0.8283 -0.5019 0.2491
vn 0.8514 -0.5246 0.0024
vn 0.5552 -0.3251 0.7656
vn 0.5223 -0.5174 -0.6779
vn 0.4926 -0.5477 -0.6763
vn 0.3769 -0.3823 -0.8437
vn 0.3555 -0.4044 -0.8426
vn 0.2086 -0.2238 -0.9520
vn 0.1964 -0.2358 -0.9518
vn 0.4633 -0.5750 -0.6743
vn 0.3348 -0.4248 -0.8411
vn 0.1852 -0.2476 -0.9510
vn -0.5845 0.4788 -0.6551
vn -0.5526 0.5133 -0.6566
vn -0.4245 0.3388 -0.8397
vn -0.4016 0.3638 -0.8405
vn -0.2335 0.1743 -0.9566
vn -0.2211 0.1878 -0.9570
vn -0.6158 0.4401 -0.6535
vn -0.4475 0.3111 -0.8384
vn -0.2460 0.1591 -0.9561
vn 0.5519 -0.4851 -0.6783
vn 0.5786 -0.4531 -0.6782
vn 0.3988 -0.3591 -0.8438
vn 0.4187 -0.3364 -0.8435
vn 0.2207 -0.2108 -0.9523
vn 0.2321 -0.1982 -0.9523
vn -0.4899 0.5747 -0.6555
vn -0.5207 0.5458 -0.6565
vn -0.3563 0.4084 -0.8404
vn -0.3786 0.3875 -0.8406
vn -0.1968 0.2127 -0.9571
vn -0.2086 0.2009 -0.9572
vn -0.4183 0.6340 -0.6504
vn -0.4579 0.6028 -0.6534
vn -0.3050 0.4531 -0.8376
vn -0.3332 0.4290 -0.8396
vn -0.1682 0.2376 -0.9567
vn -0.1841 0.2238 -0.9571
vn 0.4327 -0.6024 -0.6707
vn 0.3128 -0.4450 -0.8392
vn 0.1726 -0.2587 -0.9504
vn 0.3991 -0.6298 -0.6664
vn 0.2891 -0.4662 -0.8361
vn 0.1598 -0.2712 -0.9491
vn 0.3643 -0.6575 -0.6595
vn 0.2649 -0.4884 -0.8315
vn 0.1471 -0.2854 -0.9471
vn 0.3323 -0.6843 -0.6491
vn 0.2456 -0.5163 -0.8204
vn 0.1412 -0.3112 -0.9398
vn -0.3175 0.7050 -0.6342
vn -0.3660 0.6723 -0.6435
vn -0.2275 0.5142 -0.8270
vn -0.2656 0.4850 -0.8332
vn -0.1166 0.2767 -0.9539
vn -0.1438 0.2584 -0.9553
vn 0.0577 -0.9190 -0.3900
vn 0.1815 -0.7821 -0.5962
vn 0.0619 -0.7164 -0.6949
vn 0.1509 -0.6173 -0.7721
vn 0.0575 -0.4263 -0.9028
vn 0.1111 -0.4181 -0.9016
vn 0.3122 -0.7088 -0.6326
vn 0.2378 -0.5501 -0.8005
vn 0.1466 -0.3519 -0.9245
vn -0.2930 0.7194 -0.6298
vn -0.2067 0.5263 -0.8248
vn -0.0992 0.2806 -0.9547
vn -0.6535 0.3897 -0.6488
vn -0.4762 0.2757 -0.8350
vn -0.2617 0.1403 -0.9549
vn -0.6886 0.3433 -0.6387
vn -0.5047 0.2438 -0.8281
vn -0.2793 0.1241 -0.9521
vn 0.6000 -0.4259 -0.6772
vn 0.6143 -0.4079 -0.6754
vn 0.4349 -0.3171 -0.8428
vn 0.4461 -0.3043 -0.8417
vn 0.2414 -0.1874 -0.9522
vn 0.2476 -0.1802 -0.9519
vn 0.9104 -0.0273 -0.4129
vn 0.6915 -0.0304 -0.7217
vn 0.3741 -0.0288 -0.9269
vn -0.7072 0.3207 -0.6301
vn -0.5222 0.2288 -0.8215
vn -0.2918 0.1168 -0.9493
vn 0.6211 -0.3986 -0.6748
vn 0.4521 -0.2983 -0.8406
vn 0.2517 -0.1773 -0.9514
vn 0.8396 -0.3502 -0.4153
vn 0.8840 -0.2447 -0.3982
vn 0.9167 -0.1362 -0.3757
vn -0.7999 0.4701 -0.3730
vn 0.2618 0.9440 -0.2009
vn 0.2609 0.9443 -0.2007
vn 0.2622 0.9440 -0.2003
vn -0.7941 0.4806 -0.3721
vn 0.2462 0.9473 -0.2050
vn 0.9637 0.1188 0.2391
vn -0.7935 0.4814 -0.3723
vn -0.2312 -0.9500 0.2098
vn -0.5601 0.7387 -0.3749
vn 0.0031 -0.4168 -0.9090
vn 0.0032 -0.7305 -0.6829
vn 0.0029 -0.9342 -0.3567
vn 0.9229 -0.3850 0.0045
vn 0.3799 -0.9249 0.0180
vn 0.7052 -0.7089 0.0122
vn -0.6915 -0.1947 0.6956
vn -0.6636 -0.1054 0.7406
vn -0.6915 -0.1949 0.6956
vn -0.5827 -0.5532 0.5953
vn -0.1750 -0.9646 0.1973
vn -0.6296 0.4705 0.6182
vn -0.6047 -0.5046 0.6162
vn 0.9224 -0.0082 -0.3861
vn 0.7069 -0.0133 -0.7072
vn 0.3875 -0.0163 -0.9217
vn -0.6937 0.6854 -0.2214
vn -0.7416 0.6679 -0.0631
vn -0.6937 0.6854 -0.2215
vn -0.6263 0.6148 -0.4793
vn -0.1952 0.1801 -0.9641
vn -0.6305 0.6323 0.4502
vn -0.5671 0.5548 -0.6087
vn -0.2276 0.6991 0.6778
vn 0.0681 0.7629 0.6429
vn 0.6772 0.5276 0.5129
vn 0.9790 0.1475 0.1406
vn 0.0054 0.7171 0.6969
vn 0.6777 0.5272 0.5126
vn 0.0008 0.8925 -0.4510
vn 0.0029 0.6662 -0.7457
vn 0.0047 0.3315 -0.9434
vn -0.1387 0.0984 -0.9854
vn 0.0002 -0.1217 -0.9926
vn -0.3454 -0.0156 -0.9383
vn -0.4739 -0.0129 -0.8805
vn -0.6399 -0.0098 -0.7684
vn -0.8552 -0.0038 -0.5183
vn 0.1813 -0.1973 -0.9634
vn 0.3066 -0.3252 -0.8946
vn 0.4381 -0.4575 -0.7738
vn 0.5142 -0.5349 -0.6704
vn 0.6492 -0.6687 -0.3623
vn 0.2922 -0.3104 -0.9046
vn 0.3909 0.9201 -0.0234
vn 0.7496 0.6617 -0.0187
vn 0.9348 0.3550 -0.0121
vn 0.6926 0.7211 -0.0200
vn 0.8683 0.4958 -0.0152
vn 0.9936 0.0468 -0.1030
vn 0.4512 0.0247 0.8921
vn 0.7398 0.0176 0.6725
vn 0.8662 0.0125 0.4996
vn 0.8847 0.0113 0.4661
vn 0.9291 0.0084 0.3698
vn 0.9948 -0.0920 0.0441
vn 0.8871 -0.3318 -0.3208
vn 0.7568 -0.4716 -0.4525
vn 0.6068 -0.5732 -0.5506
vn 0.1835 -0.7101 -0.6798
vn 0.7186 -0.5012 -0.4820
vn 0.5052 -0.6202 -0.6001
vn 0.0032 -0.9684 0.2495
vn 0.0033 -0.9286 0.3711
vn 0.0035 -0.7206 0.6933
vn 0.0036 -0.8179 0.5754
vn 0.0011 -0.3903 0.9207
vn -0.1189 -0.9801 0.1589
vn -0.3585 -0.9327 0.0387
vn -0.6813 -0.7318 0.0171
vn -0.9163 -0.4004 0.0107
vn -0.0804 -0.9927 -0.0898
vn -0.5254 -0.8506 0.0194
vn 0.3417 -0.8824 -0.3234
vn 0.4922 -0.7266 -0.4794
vn 0.5529 -0.6323 -0.5426
vn 0.6742 -0.3047 -0.6728
vn 0.2263 -0.9521 -0.2058
vn 0.5006 -0.7150 -0.4880
vn -0.0021 0.3566 -0.9342
vn -0.0014 0.6782 -0.7349
vn -0.0006 0.9011 -0.4336
vn -0.8593 -0.0134 -0.5112
vn -0.6424 -0.0194 -0.7661
vn -0.3529 -0.0231 -0.9354
vn 0.6279 -0.6393 -0.4440
vn 0.4723 -0.4913 -0.7318
vn 0.2563 -0.2807 -0.9250
vn 0.9224 0.3862 -0.0113
vn 0.7059 0.7081 -0.0184
vn 0.3821 0.9238 -0.0227
vn 0.9310 0.0102 0.3650
vn 0.7394 0.0174 0.6731
vn 0.4514 0.0223 0.8920
vn 0.2298 -0.7018 -0.6742
vn 0.6361 -0.5558 -0.5352
vn 0.9120 -0.2948 -0.2853
vn 0.0026 -0.3623 0.9321
vn 0.0023 -0.6914 0.7225
vn 0.0017 -0.9153 0.4028
vn -0.9237 -0.3830 0.0108
vn -0.7065 -0.7075 0.0175
vn -0.3818 -0.9240 0.0216
vn 0.6461 -0.4123 -0.6423
vn 0.4981 -0.7181 -0.4859
vn 0.2740 -0.9274 -0.2548
vn -0.3835 0.9233 -0.0215
vn -0.7045 0.7095 -0.0156
vn -0.7075 0.7066 -0.0156
vn -0.9235 0.3834 -0.0074
vn 0.6852 -0.7052 0.1822
vn -0.3377 -0.9363 -0.0965
vn 0.2090 -0.9700 0.1244
vn 0.2213 -0.9667 0.1287
vn -0.9128 -0.1605 -0.3755
vn 0.5666 -0.7822 0.2590
vn 0.0669 -0.9973 0.0308
vn -0.3389 -0.9350 -0.1049
vn -0.6974 -0.6628 -0.2727
vn -0.2192 0.7279 -0.6497
vn -0.2193 0.7286 -0.6489
vn -0.3242 -0.0462 -0.9449
vn -0.3241 -0.0451 -0.9449
vn -0.0572 0.9819 -0.1806
vn -0.2192 0.7278 -0.6498
vn -0.1521 -0.0224 -0.9881
vn -0.3242 -0.0463 -0.9449
vn -0.2676 -0.5748 -0.7733
vn 0.1658 -0.1332 0.9771
vn 0.0656 -0.9161 0.3954
vn 0.0656 -0.9162 0.3954
vn 0.0656 -0.9162 0.3952
vn -0.0976 -0.8190 -0.5655
vn -0.9230 0.0078 0.3848
vn -0.7055 0.0153 0.7086
vn -0.7053 0.0153 0.7088
vn -0.3803 0.0204 0.9246
vn 0.8017 -0.1604 -0.5758
vn 0.9254 0.0092 0.3789
vn 0.9208 -0.0882 0.3798
vn 0.8093 -0.0124 -0.5872
vn 0.9252 0.0093 0.3793
vn 0.9251 0.0091 0.3796
vn 0.1628 0.0219 0.9864
vn 0.5872 0.7119 -0.3853
vn 0.8779 -0.0181 -0.4785
vn 0.1497 0.9738 -0.1713
vn 0.5871 0.7111 -0.3868
vn 0.7703 -0.0798 -0.6327
vn 0.8778 -0.0191 -0.4786
vn 0.7553 -0.5450 -0.3640
vn 0.0018 0.4068 0.9135
vn 0.0007 0.7253 0.6884
vn 0.0007 0.7241 0.6897
vn -0.0004 0.9329 0.3602
vn -0.3820 -0.0090 -0.9241
vn -0.3859 -0.0208 -0.9223
vn -0.9870 -0.0043 -0.1606
vn 0.5809 -0.0175 -0.8138
vn 0.1827 -0.0123 -0.9831
vn -0.3857 -0.0089 -0.9226
vn -0.8370 -0.0039 -0.5472
vn -0.9702 -0.0912 -0.2247
vn 0.3198 0.8912 -0.3217
vn 0.3008 0.8914 -0.3390
vn 0.4659 0.7538 -0.4633
vn 0.4408 0.7516 -0.4908
vn 0.6552 0.2330 -0.7187
vn 0.7167 -0.0260 -0.6969
vn 0.6748 -0.0273 -0.7375
vn 0.3355 0.8917 -0.3038
vn 0.4904 0.7529 -0.4388
vn 0.6964 0.2318 -0.6792
vn 0.7539 -0.0249 -0.6565
vn -0.2723 0.9184 0.2871
vn -0.2532 0.9184 0.3041
vn -0.4152 0.7940 0.4441
vn -0.5924 0.3421 0.7294
vn -0.6724 0.0967 0.7338
vn -0.6362 0.3418 0.6917
vn -0.2312 0.9190 0.3194
vn -0.3853 0.7943 0.4698
vn -0.5433 0.3427 0.7664
vn -0.6258 0.0982 0.7738
vn 0.2615 0.8903 -0.3728
vn 0.2815 0.8908 -0.3566
vn 0.3828 0.7503 -0.5390
vn 0.6112 0.2311 -0.7570
vn 0.5829 -0.0291 -0.8120
vn 0.5659 0.2291 -0.7920
vn 0.4113 0.7523 -0.5146
vn 0.6295 -0.0273 -0.7765
vn -0.2902 0.9180 0.2702
vn -0.3067 0.9173 0.2541
vn -0.4419 0.7940 0.4175
vn -0.4672 0.7920 0.3930
vn -0.7127 0.3372 0.6151
vn -0.7153 0.0975 0.6920
vn -0.7525 0.0978 0.6513
vn -0.6768 0.3402 0.6528
vn -0.3213 0.9170 0.2364
vn -0.3383 0.9157 0.2169
vn -0.4889 0.7921 0.3654
vn -0.5138 0.7901 0.3342
vn -0.7801 0.3355 0.5281
vn -0.7877 0.0967 0.6084
vn -0.8241 0.0967 0.5582
vn -0.7453 0.3387 0.5743
vn 0.3519 0.8915 -0.2853
vn 0.5132 0.7533 -0.4113
vn 0.7329 0.2305 -0.6401
vn 0.7894 -0.0219 -0.6135
vn 0.3694 0.8904 -0.2660
vn 0.5385 0.7504 -0.3834
vn 0.7671 0.2329 -0.5977
vn 0.8242 -0.0175 -0.5660
vn 0.3878 0.8883 -0.2460
vn 0.5628 0.7469 -0.3540
vn 0.8008 0.2348 -0.5509
vn 0.8565 -0.0175 -0.5159
vn 0.4060 0.8852 -0.2270
vn 0.5854 0.7416 -0.3275
vn 0.8329 0.2338 -0.5017
vn 0.8834 -0.0163 -0.4683
vn -0.3565 0.9135 0.1959
vn -0.3741 0.9096 0.1807
vn -0.5453 0.7814 0.3034
vn -0.5652 0.7771 0.2769
vn -0.8377 0.3305 0.4348
vn -0.8594 0.0971 0.5019
vn -0.8841 0.0948 0.4576
vn -0.8128 0.3363 0.4756
vn 0.4542 0.8805 -0.1357
vn 0.3883 0.9213 -0.0212
vn 0.8229 0.5283 -0.2094
vn 0.7175 0.6964 -0.0169
vn 0.9753 0.0513 -0.2150
vn 0.9340 0.3571 -0.0103
vn 0.1913 0.9753 -0.1106
vn 0.6104 0.7288 -0.3103
vn 0.8624 0.2244 -0.4538
vn 0.9009 -0.0205 -0.4335
vn 0.6224 0.7208 -0.3050
vn 0.8823 0.2110 -0.4207
vn -0.3825 0.9076 0.1730
vn -0.5764 0.7721 0.2677
vn -0.8946 0.0913 0.4374
vn -0.8496 0.3265 0.4143
vn -0.2040 0.9184 0.3389
vn -0.3527 0.7941 0.4951
vn -0.4806 0.3396 0.8085
vn -0.5735 0.0992 0.8132
vn -0.1814 0.9142 0.3623
vn -0.3097 0.7911 0.5275
vn -0.4214 0.3334 0.8433
vn -0.5042 0.0994 0.8578
vn 0.2232 0.8862 -0.4060
vn 0.2416 0.8890 -0.3890
vn 0.3302 0.7421 -0.5834
vn 0.5190 0.2273 -0.8240
vn 0.4904 -0.0318 -0.8709
vn 0.4732 0.2183 -0.8535
vn 0.3539 0.7486 -0.5606
vn 0.5355 -0.0289 -0.8440
vn 0.0002 0.9161 -0.4010
vn -0.0095 0.6861 -0.7275
vn -0.0174 0.3415 -0.9397
vn 0.1222 0.8780 -0.4628
vn 0.2037 0.5130 -0.8339
vn 0.2167 0.0173 -0.9761
vn -0.1709 0.9096 0.3788
vn -0.2708 0.7827 0.5604
vn -0.3898 0.3216 0.8629
vn -0.4381 0.0955 0.8938
vn -0.4056 0.0885 0.9098
vn -0.2563 0.7726 0.5808
vn -0.3820 0.3285 0.8638
vn 0.2131 0.8814 -0.4215
vn 0.4429 0.2001 -0.8740
vn 0.3128 0.7344 -0.6023
vn 0.4577 -0.0383 -0.8883
vn 0.4826 -0.7052 -0.5194
vn 0.5137 -0.7041 -0.4902
vn 0.3459 -0.8630 -0.3683
vn 0.3684 -0.8626 -0.3468
vn 0.1873 -0.9630 -0.1936
vn 0.1997 -0.9629 -0.1815
vn 0.5418 -0.7022 -0.4619
vn 0.3891 -0.8613 -0.3267
vn 0.2122 -0.9621 -0.1711
vn -0.4860 -0.6278 0.6080
vn -0.5217 -0.6279 0.5776
vn -0.3561 -0.8195 0.4490
vn -0.3821 -0.8195 0.4272
vn -0.1999 -0.9455 0.2569
vn -0.2143 -0.9455 0.2453
vn -0.4469 -0.6264 0.6386
vn -0.3277 -0.8189 0.4711
vn -0.1844 -0.9454 0.2687
vn 0.4499 -0.7050 -0.5483
vn 0.4166 -0.7042 -0.5749
vn 0.3221 -0.8630 -0.3892
vn 0.2981 -0.8628 -0.4084
vn 0.1739 -0.9631 -0.2053
vn 0.1611 -0.9628 -0.2168
vn -0.5848 -0.6257 0.5163
vn -0.5540 -0.6291 0.5453
vn -0.4286 -0.8181 0.3834
vn -0.4062 -0.8194 0.4045
vn -0.2401 -0.9451 0.2217
vn -0.2278 -0.9454 0.2332
vn -0.6437 -0.6205 0.4480
vn -0.6132 -0.6240 0.4844
vn -0.4720 -0.8156 0.3345
vn -0.4498 -0.8170 0.3609
vn -0.2641 -0.9446 0.1952
vn -0.2517 -0.9448 0.2095
vn 0.5705 -0.6982 -0.4325
vn 0.4099 -0.8596 -0.3051
vn 0.2236 -0.9617 -0.1588
vn 0.5984 -0.6947 -0.3992
vn 0.4315 -0.8569 -0.2820
vn 0.2358 -0.9608 -0.1459
vn 0.6263 -0.6891 -0.3646
vn 0.4542 -0.8527 -0.2582
vn 0.2492 -0.9593 -0.1330
vn 0.6521 -0.6813 -0.3326
vn 0.4756 -0.8475 -0.2357
vn 0.2634 -0.9571 -0.1206
vn -0.7001 -0.6076 0.3751
vn -0.6750 -0.6155 0.4069
vn -0.5190 -0.8059 0.2848
vn -0.4972 -0.8118 0.3062
vn -0.2927 -0.9410 0.1697
vn -0.2786 -0.9433 0.1804
vn 0.9016 -0.4289 -0.0558
vn 0.7446 -0.6454 -0.1706
vn 0.6768 -0.7354 -0.0333
vn 0.5449 -0.8299 -0.1197
vn 0.3583 -0.9336 -0.0059
vn 0.3075 -0.9497 -0.0598
vn 0.6717 -0.6728 -0.3102
vn 0.4930 -0.8416 -0.2208
vn 0.2751 -0.9547 -0.1138
vn -0.7123 -0.6022 0.3607
vn -0.5299 -0.8023 0.2750
vn -0.3004 -0.9395 0.1648
vn -0.3958 -0.6222 0.6754
vn -0.2916 -0.8161 0.4989
vn -0.1651 -0.9446 0.2838
vn -0.3481 -0.6129 0.7093
vn -0.2592 -0.8092 0.5273
vn -0.1486 -0.9418 0.3014
vn 0.3831 -0.7019 -0.6005
vn 0.3518 -0.6978 -0.6240
vn 0.2744 -0.8610 -0.4282
vn 0.2528 -0.8577 -0.4477
vn 0.1482 -0.9622 -0.2286
vn 0.1359 -0.9613 -0.2398
vn 0.0343 -0.4389 -0.8979
vn 0.0222 -0.7434 -0.6685
vn 0.0068 -0.9374 -0.3481
vn 0.1744 -0.6717 -0.7200
vn 0.1260 -0.8442 -0.5211
vn 0.0688 -0.9555 -0.2869
vn -0.3248 -0.6049 0.7271
vn -0.2440 -0.8021 0.5451
vn -0.1411 -0.9388 0.3142
vn 0.3307 -0.6919 -0.6418
vn 0.2388 -0.8533 -0.4635
vn 0.1287 -0.9597 -0.2500
vn -0.8076 -0.3396 0.4822
vn -0.4707 -0.3414 0.8136
vn -0.9546 -0.1742 -0.2416
vn -0.9546 -0.1742 -0.2415
vn -0.0778 0.2433 -0.9668
vn -0.7896 -0.3389 0.5116
vn 0.2796 -0.1880 0.9415
vn 0.2795 -0.1875 0.9417
vn 0.2795 -0.1875 0.9416
vn 0.9728 0.2255 0.0523
vn -0.4365 -0.3430 0.8318
vn -0.8371 -0.4011 -0.3719
vn -0.8375 -0.4175 -0.3527
vn -0.6776 -0.5350 -0.5045
vn -0.6762 -0.5610 -0.4775
vn -0.1230 -0.7520 -0.6475
vn 0.1339 -0.7105 -0.6908
vn 0.1358 -0.7498 -0.6476
vn -0.8377 -0.3835 -0.3888
vn -0.6782 -0.5099 -0.5292
vn -0.1247 -0.7123 -0.6907
vn 0.1320 -0.6715 -0.7292
vn -0.9558 0.2186 0.1968
vn -0.9561 0.2336 0.1769
vn -0.8556 0.3883 0.3424
vn -0.4435 0.7122 0.5441
vn -0.2061 0.7401 0.6402
vn -0.4436 0.6758 0.5886
vn -0.9551 0.2528 0.1547
vn -0.8549 0.4147 0.3116
vn -0.4402 0.7497 0.4941
vn -0.2058 0.7785 0.5930
vn -0.8371 -0.4492 -0.3123
vn -0.8371 -0.4345 -0.3324
vn -0.6759 -0.6070 -0.4181
vn -0.1210 -0.7898 -0.6013
vn 0.1356 -0.8208 -0.5549
vn -0.1223 -0.8215 -0.5570
vn -0.6783 -0.5829 -0.4473
vn 0.1359 -0.7876 -0.6011
vn -0.9556 0.2018 0.2149
vn -0.9550 0.1853 0.2316
vn -0.8556 0.3611 0.3709
vn -0.8548 0.3367 0.3949
vn -0.4404 0.6027 0.6654
vn -0.2045 0.6999 0.6843
vn -0.2045 0.6609 0.7221
vn -0.4410 0.6398 0.6294
vn -0.9538 0.1704 0.2473
vn -0.9532 0.1524 0.2610
vn -0.8520 0.3135 0.4193
vn -0.8500 0.2842 0.4435
vn -0.4380 0.5195 0.7336
vn -0.2056 0.6157 0.7607
vn -0.2056 0.5677 0.7972
vn -0.4409 0.5601 0.7013
vn -0.8368 -0.3663 -0.4068
vn -0.6757 -0.4857 -0.5546
vn -0.1234 -0.6764 -0.7261
vn 0.1295 -0.6295 -0.7661
vn -0.8369 -0.3465 -0.4237
vn -0.6751 -0.4576 -0.5787
vn -0.1265 -0.6341 -0.7628
vn 0.1254 -0.5848 -0.8014
vn -0.8393 -0.3304 -0.4318
vn -0.6755 -0.4352 -0.5952
vn -0.1276 -0.5906 -0.7968
vn 0.1222 -0.5469 -0.8283
vn -0.8571 -0.3093 -0.4120
vn -0.6959 -0.4126 -0.5877
vn -0.1306 -0.5525 -0.8232
vn 0.1185 -0.5267 -0.8418
vn -0.9527 0.1440 0.2675
vn -0.9462 0.1562 0.2835
vn -0.8457 0.2625 0.4646
vn -0.8339 0.2596 0.4872
vn -0.4226 0.4254 0.8003
vn -0.2057 0.5065 0.8374
vn -0.1992 0.4539 0.8685
vn -0.4344 0.4660 0.7708
vn -0.9190 0.0215 -0.3938
vn -0.8100 0.0141 -0.5863
vn -0.6698 0.0365 -0.7416
vn -0.2987 0.0442 -0.9533
vn -0.9806 -0.1426 -0.1346
vn -0.7411 -0.3862 -0.5492
vn -0.1360 -0.5344 -0.8342
vn 0.1163 -0.5172 -0.8479
vn -0.7413 -0.3850 -0.5498
vn -0.1436 -0.5274 -0.8374
vn -0.9322 0.1760 0.3163
vn -0.6338 0.3496 0.6900
vn -0.1899 0.4308 0.8822
vn -0.9551 0.2674 0.1277
vn -0.8534 0.4413 0.2773
vn -0.4385 0.7897 0.4290
vn -0.2044 0.8169 0.5393
vn -0.9513 0.2899 0.1043
vn -0.8509 0.4694 0.2359
vn -0.4302 0.8229 0.3712
vn -0.2033 0.8597 0.4686
vn -0.8329 -0.4812 -0.2734
vn -0.8356 -0.4654 -0.2918
vn -0.6693 -0.6482 -0.3632
vn -0.1214 -0.8521 -0.5091
vn 0.1364 -0.8778 -0.4592
vn -0.1123 -0.8815 -0.4587
vn -0.6740 -0.6283 -0.3886
vn 0.1349 -0.8519 -0.5060
vn -0.8792 -0.4735 -0.0528
vn -0.6263 -0.7794 -0.0165
vn -0.2670 -0.9634 0.0226
vn -0.8256 -0.5381 -0.1695
vn -0.4296 -0.8774 -0.2136
vn 0.0743 -0.9796 -0.1867
vn -0.9466 0.3086 0.0936
vn -0.8426 0.5013 0.1967
vn -0.4193 0.8425 0.3383
vn -0.1979 0.8940 0.4021
vn -0.1894 0.9092 0.3708
vn -0.8323 0.5239 0.1812
vn -0.4209 0.8451 0.3297
vn -0.8263 -0.4986 -0.2619
vn -0.0981 -0.8992 -0.4264
vn -0.6578 -0.6691 -0.3458
vn 0.1424 -0.8937 -0.4254
vn 0.7765 -0.4744 -0.4148
vn 0.7772 -0.4424 -0.4475
vn 0.9121 -0.3067 -0.2722
vn 0.9123 -0.2836 -0.2955
vn 0.9862 -0.1208 -0.1129
vn 0.9861 -0.1089 -0.1254
vn 0.7735 -0.4184 -0.4760
vn 0.9100 -0.2668 -0.3173
vn 0.9856 -0.0981 -0.1376
vn 0.5392 0.6705 0.5096
vn 0.5410 0.6392 0.5465
vn 0.7528 0.5238 0.3987
vn 0.7535 0.5011 0.4255
vn 0.9051 0.3375 0.2586
vn 0.9052 0.3258 0.2729
vn 0.5387 0.6997 0.4693
vn 0.7528 0.5442 0.3704
vn 0.9052 0.3490 0.2427
vn 0.7770 -0.5011 -0.3809
vn 0.7759 -0.5267 -0.3472
vn 0.9120 -0.3274 -0.2472
vn 0.9121 -0.3438 -0.2231
vn 0.9860 -0.1344 -0.0989
vn 0.9865 -0.1397 -0.0854
vn 0.5395 0.5785 0.6118
vn 0.5406 0.6089 0.5806
vn 0.7529 0.4579 0.4727
vn 0.7532 0.4794 0.4505
vn 0.9048 0.3034 0.2987
vn 0.9051 0.3140 0.2866
vn 0.5354 0.5093 0.6738
vn 0.5380 0.5491 0.6396
vn 0.7502 0.4075 0.5206
vn 0.7525 0.4360 0.4937
vn 0.9044 0.2740 0.3270
vn 0.9051 0.2902 0.3107
vn 0.7704 -0.3889 -0.5052
vn 0.9084 -0.2455 -0.3384
vn 0.9848 -0.0871 -0.1502
vn 0.7653 -0.3587 -0.5345
vn 0.9055 -0.2228 -0.3610
vn 0.9839 -0.0734 -0.1627
vn 0.7601 -0.3329 -0.5581
vn 0.9012 -0.2068 -0.3808
vn 0.9818 -0.0681 -0.1773
vn 0.7499 -0.3221 -0.5778
vn 0.8892 -0.2055 -0.4087
vn 0.9742 -0.0757 -0.2126
vn 0.5201 0.3941 0.7578
vn 0.5299 0.4510 0.7182
vn 0.7454 0.3073 0.5915
vn 0.7454 0.3610 0.5603
vn 0.9063 0.1940 0.3755
vn 0.9031 0.2403 0.3558
vn 0.4618 -0.0201 -0.8867
vn 0.7352 -0.0225 -0.6775
vn 0.9212 -0.0216 -0.3885
vn 0.7332 -0.3245 -0.5976
vn 0.8650 -0.2247 -0.4486
vn 0.9551 -0.1115 -0.2747
vn 0.5205 0.3617 0.7735
vn 0.7475 0.2754 0.6044
vn 0.9118 0.1627 0.3770
vn 0.5369 0.7331 0.4175
vn 0.7514 0.5694 0.3333
vn 0.9051 0.3621 0.2229
vn 0.5288 0.7645 0.3686
vn 0.7452 0.5957 0.2996
vn 0.9018 0.3800 0.2056
vn 0.7729 -0.5519 -0.3130
vn 0.7679 -0.5752 -0.2820
vn 0.9100 -0.3638 -0.1986
vn 0.9068 -0.3828 -0.1766
vn 0.9857 -0.1524 -0.0719
vn 0.9845 -0.1650 -0.0596
vn 0.5193 -0.8542 0.0260
vn 0.8203 -0.5694 0.0543
vn 0.9602 -0.2701 0.0709
vn 0.7218 -0.6841 -0.1048
vn 0.8859 -0.4571 -0.0786
vn 0.9773 -0.2119 0.0083
vn 0.5202 0.7818 0.3438
vn 0.7353 0.6161 0.2825
vn 0.8984 0.3920 0.1978
vn 0.7630 -0.5917 -0.2601
vn 0.9012 -0.4018 -0.1626
vn 0.9826 -0.1778 -0.0527
vn 0.2406 0.5315 0.8122
vn 0.2406 0.8499 0.4688
vn 0.1204 -0.2030 0.9717
vn 0.1204 -0.2027 0.9718
vn -0.1700 -0.9813 0.0906
vn 0.2431 0.6522 0.7180
vn 0.1552 0.9602 -0.2324
vn 0.1519 0.9607 -0.2322
vn 0.1506 0.9608 -0.2328
vn -0.1352 0.1242 -0.9830
vn 0.2303 0.5089 0.8294
vn 0.1473 0.9613 -0.2327
vn 0.5018 -0.3059 -0.8091
vn 0.4720 -0.2105 -0.8561
vn 0.4362 -0.1137 -0.8926
vn 0.5928 -0.0976 0.7994
vn 0.5927 -0.0976 0.7995
vn -0.0014 -0.8450 0.5348
vn -0.7853 0.3839 0.4857
vn -0.4919 0.5635 0.6636
vn -0.0690 -0.6439 -0.7620
vn -0.5012 0.8047 0.3182
vn -0.2172 -0.5344 0.8168
vn -0.4416 0.8303 0.3400
vn 0.1927 0.3991 0.8964
vn 0.8717 -0.0934 -0.4810
vn -0.2711 -0.7219 -0.6367
vn 0.0732 0.8713 -0.4853
vn -0.9175 -0.3976 0.0128
vn 0.4773 -0.0270 0.8783
vn 0.1866 -0.7091 -0.6799
vn 0.4565 -0.4673 -0.7571
vn 0.8597 0.2192 -0.4613
vn -0.7618 0.2136 0.6115
vn 0.2566 0.5393 0.8020
vn 0.6258 -0.7732 0.1027
vn -0.2917 -0.8588 0.4212
vn -0.7340 0.5190 0.4381
vn 0.2461 0.9473 -0.2051
vn 0.6507 -0.6700 -0.3574
vn 0.8846 0.0114 0.4663
vn 0.0770 -0.9964 0.0345
vn 0.0655 -0.9165 0.3946
vn 0.1972 -0.0125 -0.9803
vt 0.676839 0.644729
vt 0.676839 0.644666
vt 0.676839 0.644607
vt 0.535864 0.437685
vt 0.534050 0.441630
vt 0.532560 0.439158
vt 0.803955 0.514879
vt 0.804019 0.526801
vt 0.801743 0.515356
vt 0.530835 0.443277
vt 0.529196 0.447590
vt 0.527710 0.445119
vt 0.782168 0.554935
vt 0.784441 0.567632
vt 0.781776 0.567695
vt 0.521891 0.449289
vt 0.517816 0.449012
vt 0.520405 0.446815
vt 0.801079 0.504280
vt 0.799023 0.504785
vt 0.779408 0.507397
vt 0.779396 0.496757
vt 0.781396 0.507168
vt 0.781614 0.529796
vt 0.784558 0.542041
vt 0.782114 0.542181
vt 0.523224 0.444674
vt 0.526224 0.442650
vt 0.526195 0.449618
vt 0.524709 0.447146
vt 0.783626 0.580468
vt 0.780874 0.580467
vt 0.809543 0.589383
vt 0.807382 0.576712
vt 0.810193 0.576479
vt 0.810168 0.563794
vt 0.806896 0.551517
vt 0.809506 0.551170
vt 0.782047 0.594302
vt 0.779215 0.594213
vt 0.778835 0.613582
vt 0.775938 0.613418
vt 0.806132 0.616718
vt 0.805224 0.602828
vt 0.808190 0.602730
vt 0.519301 0.451487
vt 0.515433 0.451282
vt 0.773483 0.642113
vt 0.770527 0.641938
vt 0.767278 0.676461
vt 0.764290 0.676328
vt 0.803238 0.631136
vt 0.803105 0.616722
vt 0.514643 0.456224
vt 0.511112 0.456216
vt 0.513215 0.453666
vt 0.797895 0.494560
vt 0.795997 0.495069
vt 0.794520 0.485313
vt 0.792765 0.485805
vt 0.774155 0.484295
vt 0.769908 0.467530
vt 0.775757 0.483961
vt 0.532322 0.445748
vt 0.791031 0.476156
vt 0.789386 0.476647
vt 0.787340 0.467255
vt 0.785809 0.467843
vt 0.768527 0.467807
vt 0.764811 0.451492
vt 0.541756 0.438631
vt 0.539070 0.442599
vt 0.537467 0.440142
vt 0.801669 0.527211
vt 0.799538 0.515804
vt 0.795861 0.553376
vt 0.804391 0.564418
vt 0.796001 0.566045
vt 0.784730 0.554829
vt 0.787114 0.567548
vt 0.786768 0.580408
vt 0.794428 0.592087
vt 0.785311 0.594323
vt 0.796973 0.505258
vt 0.794099 0.495548
vt 0.783923 0.529626
vt 0.785007 0.517720
vt 0.786239 0.529428
vt 0.787008 0.541876
vt 0.782843 0.517947
vt 0.783394 0.506907
vt 0.805748 0.538972
vt 0.807452 0.564088
vt 0.804295 0.551839
vt 0.804746 0.564359
vt 0.784896 0.594378
vt 0.787467 0.567505
vt 0.795570 0.578762
vt 0.806650 0.589550
vt 0.804583 0.576924
vt 0.803768 0.589697
vt 0.776437 0.642284
vt 0.792067 0.608313
vt 0.782141 0.613612
vt 0.802269 0.602910
vt 0.800213 0.630899
vt 0.800102 0.616711
vt 0.770260 0.676592
vt 0.796705 0.505302
vt 0.792309 0.516915
vt 0.790202 0.506241
vt 0.781209 0.496442
vt 0.777365 0.483604
vt 0.791007 0.486272
vt 0.787747 0.477122
vt 0.787640 0.496147
vt 0.790735 0.486269
vt 0.793839 0.495580
vt 0.771284 0.467229
vt 0.765435 0.451605
vt 0.784320 0.468409
vt 0.780684 0.518143
vt 0.775310 0.457232
vt 0.785669 0.467644
vt 0.774539 0.458217
vt 0.784321 0.468386
vt 0.773752 0.459185
vt 0.785292 0.517694
vt 0.783660 0.506879
vt 0.787299 0.554700
vt 0.786552 0.529397
vt 0.547453 0.436937
vt 0.544138 0.440974
vt 0.529347 0.440807
vt 0.777621 0.483627
vt 0.779207 0.472325
vt 0.784056 0.485085
vt 0.505753 0.468183
vt 0.503761 0.474425
vt 0.505111 0.468099
vt 0.786568 0.654751
vt 0.770451 0.676644
vt 0.784079 0.653561
vt 0.804218 0.576985
vt 0.808238 0.538580
vt 0.799252 0.515854
vt 0.794007 0.528458
vt 0.803265 0.539339
vt 0.553879 0.435154
vt 0.551720 0.439004
vt 0.547054 0.433459
vt 0.543175 0.434866
vt 0.784265 0.468493
vt 0.787453 0.477095
vt 0.771608 0.467430
vt 0.773891 0.459643
vt 0.512149 0.459358
vt 0.509082 0.458963
vt 0.520786 0.453962
vt 0.516917 0.453757
vt 0.786394 0.580450
vt 0.799587 0.616961
vt 0.788246 0.629338
vt 0.523377 0.451763
vt 0.518401 0.456232
vt 0.795196 0.540730
vt 0.787337 0.541841
vt 0.777596 0.497040
vt 0.643460 0.553072
vt 0.675450 0.522769
vt 0.644616 0.553378
vt 0.781477 0.496413
vt 0.509163 0.463485
vt 0.507192 0.461678
vt 0.509165 0.468035
vt 0.505855 0.468080
vt 0.776872 0.641972
vt 0.783994 0.652842
vt 0.770757 0.675542
vt 0.797053 0.630613
vt 0.764829 0.451503
vt 0.764649 0.450839
vt 0.539373 0.436286
vt 0.764883 0.452073
vt 0.801840 0.603043
vt 0.806377 0.526364
vt 0.787640 0.554660
vt 0.803387 0.589774
vt 0.789054 0.655918
vt 0.516068 0.458783
vt 0.781738 0.613738
vt 0.797247 0.630656
vt 0.803951 0.551897
vt 0.802939 0.539396
vt 0.801364 0.527265
vt 0.535540 0.444103
vt 0.513172 0.462501
vt 0.689125 0.463210
vt 0.605553 0.460959
vt 0.707104 0.457047
vt 0.586453 0.527941
vt 0.540595 0.507567
vt 0.586818 0.526888
vt 0.542691 0.507429
vt 0.587185 0.525838
vt 0.626673 0.535333
vt 0.615669 0.502067
vt 0.643339 0.502040
vt 0.644881 0.655468
vt 0.564970 0.618630
vt 0.569248 0.614687
vt 0.674892 0.521551
vt 0.714232 0.490585
vt 0.634385 0.601876
vt 0.641207 0.650126
vt 0.633215 0.602116
vt 0.610174 0.485458
vt 0.659990 0.468778
vt 0.676831 0.644978
vt 0.720926 0.574270
vt 0.673916 0.664693
vt 0.530287 0.543748
vt 0.581304 0.549905
vt 0.532645 0.545285
vt 0.667082 0.585662
vt 0.698918 0.566080
vt 0.686706 0.617470
vt 0.622178 0.560312
vt 0.580946 0.550968
vt 0.721253 0.469503
vt 0.726269 0.576057
vt 0.514568 0.530269
vt 0.560135 0.623006
vt 0.499190 0.516335
vt 0.657055 0.670252
vt 0.715645 0.572606
vt 0.714455 0.490667
vt 0.715985 0.487669
vt 0.656007 0.595474
vt 0.644571 0.553551
vt 0.656933 0.595139
vt 0.630452 0.545132
vt 0.577957 0.536834
vt 0.582343 0.532174
vt 0.604007 0.455769
vt 0.726030 0.450761
vt 0.643181 0.553098
vt 0.672866 0.515916
vt 0.674831 0.521346
vt 0.677124 0.642080
vt 0.714150 0.572481
vt 0.677908 0.398121
vt 0.617999 0.403266
vt 0.645166 0.354058
vt 0.628166 0.554336
vt 0.577897 0.537086
vt 0.631906 0.550518
vt 0.664223 0.508171
vt 0.658644 0.506708
vt 0.651933 0.600024
vt 0.655851 0.595599
vt 0.670632 0.510100
vt 0.726356 0.450998
vt 0.670437 0.509930
vt 0.623942 0.558759
vt 0.623106 0.559610
vt 0.530173 0.543998
vt 0.570396 0.613093
vt 0.569469 0.614424
vt 0.518692 0.511588
vt 0.499322 0.515973
vt 0.642547 0.652364
vt 0.644264 0.654784
vt 0.635557 0.601632
vt 0.642770 0.652236
vt 0.637394 0.551718
vt 0.647451 0.604916
vt 0.632120 0.550457
vt 0.529540 0.543436
vt 0.579863 0.543308
vt 0.581651 0.548653
vt 0.628807 0.539486
vt 0.670517 0.685508
vt 0.712921 0.493247
vt 0.676007 0.523991
vt 0.628644 0.539258
vt 0.628309 0.538111
vt 0.607034 0.465935
vt 0.685975 0.464875
vt 0.607443 0.467332
vt 0.650741 0.447329
vt 0.710649 0.442184
vt 0.538126 0.507425
vt 0.540582 0.507334
vt 0.628821 0.539206
vt 0.657575 0.505942
vt 0.658457 0.506638
vt 0.647197 0.604988
vt 0.641154 0.603285
vt 0.581667 0.548844
vt 0.622978 0.559486
vt 0.670148 0.685599
vt 0.590832 0.452474
vt 0.648883 0.416238
vt 0.631959 0.550301
vt 0.627988 0.537004
vt 0.607848 0.468717
vt 0.542679 0.507210
vt 0.683956 0.466022
vt 0.645683 0.553837
vt 0.657856 0.594802
vt 0.713113 0.493337
vt 0.677254 0.640437
vt 0.712666 0.572352
vt 0.532526 0.545507
vt 0.571321 0.611772
vt 0.622302 0.560431
vt 0.641025 0.650239
vt 0.716283 0.486836
vt 0.715982 0.572667
vt 0.676744 0.644145
vt 0.676880 0.642123
vt 0.677039 0.640445
vt 0.645726 0.553672
vt 0.624059 0.558508
vt 0.621327 0.561177
vt 0.596553 0.586486
vt 0.583817 0.561504
vt 0.584184 0.599122
vt 0.546343 0.561830
vt 0.586330 0.528098
vt 0.537303 0.507591
vt 0.593500 0.518727
vt 0.560358 0.502137
vt 0.628479 0.538061
vt 0.656693 0.505250
vt 0.679300 0.534247
vt 0.711130 0.514690
vt 0.647438 0.553823
vt 0.681775 0.561998
vt 0.635760 0.601660
vt 0.621676 0.598813
vt 0.622025 0.636412
vt 0.534638 0.546655
vt 0.606940 0.465616
vt 0.686100 0.465095
vt 0.688398 0.463755
vt 0.684060 0.466206
vt 0.544038 0.449411
vt 0.542370 0.453432
vt 0.540800 0.450989
vt 0.465580 0.545636
vt 0.467732 0.533572
vt 0.467978 0.545578
vt 0.539155 0.455169
vt 0.537520 0.459580
vt 0.535997 0.457058
vt 0.491477 0.509193
vt 0.490231 0.497753
vt 0.492562 0.497857
vt 0.530039 0.461231
vt 0.525924 0.460842
vt 0.528588 0.458695
vt 0.466320 0.557610
vt 0.468719 0.557519
vt 0.491580 0.557422
vt 0.490734 0.570391
vt 0.489245 0.557543
vt 0.490526 0.533177
vt 0.488441 0.521019
vt 0.490776 0.521043
vt 0.531461 0.456581
vt 0.534493 0.454559
vt 0.534428 0.461643
vt 0.532939 0.459100
vt 0.491720 0.486785
vt 0.494044 0.486935
vt 0.470796 0.477221
vt 0.471280 0.487982
vt 0.468884 0.487870
vt 0.467404 0.498687
vt 0.468712 0.509932
vt 0.466318 0.509889
vt 0.493784 0.475472
vt 0.496087 0.475667
vt 0.497130 0.460783
vt 0.499391 0.461002
vt 0.476197 0.455519
vt 0.475613 0.466697
vt 0.473209 0.466491
vt 0.527347 0.463392
vt 0.523445 0.463041
vt 0.501953 0.440459
vt 0.504234 0.440621
vt 0.506639 0.416232
vt 0.509148 0.415864
vt 0.479854 0.444613
vt 0.478611 0.455806
vt 0.522421 0.467980
vt 0.518849 0.467784
vt 0.521104 0.465335
vt 0.467521 0.569546
vt 0.469922 0.569424
vt 0.469226 0.581815
vt 0.471633 0.581662
vt 0.496276 0.587803
vt 0.499762 0.613723
vt 0.493960 0.588049
vt 0.540711 0.457663
vt 0.471472 0.594736
vt 0.473883 0.594557
vt 0.474055 0.608040
vt 0.476467 0.607851
vt 0.502064 0.613451
vt 0.506855 0.643956
vt 0.549946 0.450114
vt 0.547506 0.454227
vt 0.545755 0.451808
vt 0.470121 0.533552
vt 0.470371 0.545521
vt 0.478908 0.509531
vt 0.472502 0.498827
vt 0.479992 0.498256
vt 0.489143 0.509130
vt 0.487890 0.497649
vt 0.489068 0.486647
vt 0.483488 0.476418
vt 0.491154 0.475294
vt 0.471113 0.557427
vt 0.472319 0.569300
vt 0.488190 0.533197
vt 0.486114 0.545470
vt 0.485848 0.533218
vt 0.486097 0.520997
vt 0.488459 0.545403
vt 0.486900 0.557664
vt 0.468007 0.521606
vt 0.469798 0.498763
vt 0.471100 0.509977
vt 0.472185 0.498840
vt 0.491470 0.475271
vt 0.487573 0.497661
vt 0.481478 0.487379
vt 0.473195 0.477374
vt 0.473667 0.488095
vt 0.475585 0.477530
vt 0.499693 0.440294
vt 0.486446 0.463746
vt 0.494547 0.460632
vt 0.478005 0.466904
vt 0.482118 0.445071
vt 0.480990 0.456086
vt 0.504263 0.417171
vt 0.471429 0.557426
vt 0.478200 0.545496
vt 0.478961 0.557545
vt 0.488389 0.570577
vt 0.491636 0.588296
vt 0.474035 0.581506
vt 0.476292 0.594378
vt 0.480307 0.569931
vt 0.474363 0.581576
vt 0.472637 0.569311
vt 0.497455 0.613996
vt 0.504572 0.644146
vt 0.478881 0.607660
vt 0.490794 0.545335
vt 0.561290 0.445655
vt 0.554835 0.444726
vt 0.561345 0.445044
vt 0.555060 0.444086
vt 0.561399 0.444431
vt 0.485798 0.545474
vt 0.486583 0.557666
vt 0.486800 0.509068
vt 0.485532 0.533223
vt 0.555316 0.448199
vt 0.552480 0.452260
vt 0.537623 0.452703
vt 0.491308 0.588227
vt 0.486905 0.604195
vt 0.482814 0.584877
vt 0.490714 0.428801
vt 0.502779 0.415437
vt 0.492414 0.429895
vt 0.504112 0.417106
vt 0.494118 0.430986
vt 0.473985 0.488080
vt 0.465614 0.521592
vt 0.470687 0.545517
vt 0.477941 0.533389
vt 0.470395 0.521619
vt 0.561179 0.445726
vt 0.559642 0.449565
vt 0.554603 0.445432
vt 0.551103 0.446559
vt 0.479177 0.607566
vt 0.476643 0.594571
vt 0.497100 0.613792
vt 0.491674 0.625661
vt 0.519748 0.470899
vt 0.516650 0.470418
vt 0.528778 0.465970
vt 0.524841 0.465605
vt 0.489385 0.486633
vt 0.481355 0.455902
vt 0.490566 0.448249
vt 0.531498 0.463791
vt 0.526243 0.468199
vt 0.478203 0.521315
vt 0.485782 0.521005
vt 0.493067 0.570206
vt 0.549935 0.459504
vt 0.548250 0.463561
vt 0.546652 0.461107
vt 0.488071 0.570568
vt 0.516570 0.474589
vt 0.514648 0.472992
vt 0.516357 0.478780
vt 0.512967 0.478516
vt 0.499359 0.440490
vt 0.494092 0.431474
vt 0.503850 0.417849
vt 0.484597 0.445630
vt 0.567941 0.445433
vt 0.567999 0.446123
vt 0.547447 0.447933
vt 0.567804 0.444787
vt 0.478339 0.466833
vt 0.465333 0.533592
vt 0.486484 0.509078
vt 0.475906 0.477507
vt 0.523736 0.470652
vt 0.494868 0.460558
vt 0.484333 0.445515
vt 0.471416 0.509966
vt 0.470710 0.521612
vt 0.470436 0.533546
vt 0.543968 0.455903
vt 0.520618 0.474026
vt 0.769734 0.550597
vt 0.767754 0.562480
vt 0.767374 0.550670
vt 0.545033 0.465338
vt 0.543468 0.469782
vt 0.541898 0.467290
vt 0.744795 0.587251
vt 0.746437 0.598664
vt 0.744094 0.598646
vt 0.536032 0.471612
vt 0.531896 0.471344
vt 0.534507 0.469111
vt 0.768985 0.538830
vt 0.766620 0.538913
vt 0.743874 0.538988
vt 0.744737 0.526055
vt 0.746205 0.538865
vt 0.745142 0.563234
vt 0.747487 0.575345
vt 0.745153 0.575381
vt 0.537338 0.466915
vt 0.540339 0.464814
vt 0.540429 0.471908
vt 0.538879 0.469404
vt 0.745369 0.609766
vt 0.743011 0.609703
vt 0.766891 0.618138
vt 0.765723 0.607539
vt 0.768089 0.607519
vt 0.769046 0.596814
vt 0.767359 0.585791
vt 0.769718 0.585759
vt 0.743784 0.621412
vt 0.741408 0.621284
vt 0.741207 0.637090
vt 0.738839 0.636894
vt 0.764337 0.640718
vt 0.763202 0.629154
vt 0.765598 0.629099
vt 0.533402 0.473855
vt 0.529479 0.473631
vt 0.737232 0.659544
vt 0.734874 0.659313
vt 0.732561 0.685748
vt 0.730315 0.685360
vt 0.763128 0.652569
vt 0.761928 0.640797
vt 0.528636 0.478618
vt 0.524959 0.478547
vt 0.527198 0.476014
vt 0.767889 0.527064
vt 0.765513 0.527160
vt 0.766377 0.514901
vt 0.763984 0.515027
vt 0.739538 0.508726
vt 0.737246 0.483386
vt 0.741819 0.508543
vt 0.546622 0.467817
vt 0.764296 0.502072
vt 0.761891 0.502243
vt 0.761596 0.488894
vt 0.759295 0.489263
vt 0.734999 0.483520
vt 0.732620 0.453666
vt 0.555944 0.460238
vt 0.553402 0.464348
vt 0.551664 0.461921
vt 0.765401 0.562538
vt 0.765016 0.550742
vt 0.757298 0.586514
vt 0.764016 0.596884
vt 0.756626 0.597759
vt 0.747130 0.587240
vt 0.748786 0.598680
vt 0.748058 0.609796
vt 0.754248 0.619849
vt 0.746498 0.621499
vt 0.764257 0.538998
vt 0.763141 0.527260
vt 0.747479 0.563174
vt 0.749397 0.550897
vt 0.749817 0.563115
vt 0.749827 0.575309
vt 0.747059 0.550983
vt 0.748543 0.538741
vt 0.767732 0.574268
vt 0.766685 0.596838
vt 0.765002 0.585822
vt 0.764327 0.596859
vt 0.746175 0.621539
vt 0.749103 0.598655
vt 0.755635 0.608681
vt 0.764512 0.618168
vt 0.763357 0.607557
vt 0.762128 0.618196
vt 0.739596 0.659776
vt 0.752226 0.633188
vt 0.743912 0.637196
vt 0.760798 0.629206
vt 0.760716 0.652660
vt 0.759514 0.640875
vt 0.734892 0.686035
vt 0.763945 0.538999
vt 0.757270 0.550818
vt 0.756467 0.538870
vt 0.747072 0.525887
vt 0.744101 0.508354
vt 0.761597 0.515156
vt 0.759514 0.502412
vt 0.755178 0.526581
vt 0.761274 0.515084
vt 0.762827 0.527247
vt 0.739477 0.483243
vt 0.735267 0.453992
vt 0.757041 0.489623
vt 0.744727 0.551070
vt 0.749983 0.469387
vt 0.748215 0.470383
vt 0.746441 0.471376
vt 0.749712 0.550890
vt 0.748858 0.538738
vt 0.749470 0.587227
vt 0.750131 0.563104
vt 0.561596 0.458355
vt 0.558482 0.462452
vt 0.543454 0.462874
vt 0.744419 0.508430
vt 0.749199 0.492867
vt 0.752861 0.511784
vt 0.519434 0.489610
vt 0.517642 0.495204
vt 0.518839 0.489577
vt 0.517069 0.494939
vt 0.518243 0.489543
vt 0.763044 0.607588
vt 0.770091 0.574224
vt 0.764706 0.550748
vt 0.757674 0.562822
vt 0.765376 0.574312
vt 0.567945 0.456285
vt 0.566053 0.460026
vt 0.560936 0.455350
vt 0.557172 0.456627
vt 0.756760 0.489712
vt 0.759172 0.502221
vt 0.739805 0.483461
vt 0.746429 0.471856
vt 0.526075 0.481679
vt 0.522745 0.481253
vt 0.534913 0.476385
vt 0.530969 0.476151
vt 0.747737 0.609824
vt 0.759173 0.641064
vt 0.749482 0.650223
vt 0.537562 0.474130
vt 0.532458 0.478690
vt 0.757663 0.574801
vt 0.750141 0.575293
vt 0.742411 0.526220
vt 0.747387 0.525899
vt 0.523039 0.485558
vt 0.520739 0.483934
vt 0.523013 0.489763
vt 0.519524 0.489536
vt 0.739938 0.659575
vt 0.746657 0.669133
vt 0.735295 0.685455
vt 0.757962 0.652868
vt 0.736902 0.452398
vt 0.738382 0.450839
vt 0.553414 0.458015
vt 0.735418 0.453948
vt 0.760473 0.629301
vt 0.770113 0.562421
vt 0.749786 0.587207
vt 0.761812 0.618241
vt 0.520033 0.484074
vt 0.520667 0.483981
vt 0.530054 0.481237
vt 0.743584 0.637287
vt 0.519405 0.484206
vt 0.764692 0.585842
vt 0.765067 0.574327
vt 0.765091 0.562548
vt 0.549858 0.466028
vt 0.527096 0.484798
vt 0.504394 0.474669
vt 0.504416 0.474663
vt 0.504389 0.474685
vt 0.504422 0.474635
vt 0.504442 0.474637
vt 0.504414 0.474680
vt 0.504436 0.474656
vt 0.504506 0.474559
vt 0.504485 0.474552
vt 0.504515 0.474516
vt 0.764206 0.675892
vt 0.764138 0.675906
vt 0.764173 0.675671
vt 0.504471 0.474602
vt 0.504454 0.474595
vt 0.504455 0.474643
vt 0.764219 0.676247
vt 0.764240 0.676121
vt 0.764286 0.676482
vt 0.764200 0.676336
vt 0.764177 0.676090
vt 0.764167 0.676185
vt 0.787140 0.466874
vt 0.787103 0.466970
vt 0.787043 0.466883
vt 0.787232 0.466890
vt 0.787196 0.466959
vt 0.787177 0.467069
vt 0.787270 0.466958
vt 0.787251 0.467034
vt 0.787460 0.466924
vt 0.787344 0.466987
vt 0.787321 0.466898
vt 0.787430 0.467041
vt 0.787345 0.467054
vt 0.787292 0.467015
vt 0.787259 0.467169
vt 0.787377 0.467178
vt 0.787311 0.467108
vt 0.787402 0.467108
vt 0.764449 0.450974
vt 0.764427 0.450910
vt 0.764469 0.451131
vt 0.764384 0.451082
vt 0.764351 0.450982
vt 0.764368 0.450943
vt 0.764337 0.451030
vt 0.764126 0.451268
vt 0.764267 0.451120
vt 0.764336 0.451203
vt 0.764233 0.451080
vt 0.764299 0.451023
vt 0.560696 0.436831
vt 0.560696 0.436854
vt 0.560659 0.436844
vt 0.764304 0.450972
vt 0.764422 0.450920
vt 0.764271 0.451036
vt 0.764242 0.451099
vt 0.770450 0.676497
vt 0.770524 0.676397
vt 0.770301 0.676702
vt 0.770389 0.676554
vt 0.770509 0.676301
vt 0.770617 0.676110
vt 0.770453 0.676389
vt 0.770376 0.676470
vt 0.770279 0.676668
vt 0.770371 0.676334
vt 0.770464 0.676278
vt 0.770704 0.675813
vt 0.770632 0.675770
vt 0.770571 0.676062
vt 0.770499 0.676048
vt 0.784317 0.468403
vt 0.784298 0.468399
vt 0.784317 0.468415
vt 0.784304 0.468414
vt 0.784280 0.468424
vt 0.784301 0.468431
vt 0.784292 0.468430
vt 0.784324 0.468427
vt 0.784319 0.468419
vt 0.784314 0.468448
vt 0.784314 0.468428
vt 0.784304 0.468439
vt 0.784308 0.468423
vt 0.784268 0.468457
vt 0.784293 0.468470
vt 0.784289 0.468449
vt 0.765032 0.451870
vt 0.765086 0.451996
vt 0.764988 0.451835
vt 0.765055 0.451761
vt 0.765140 0.451836
vt 0.765092 0.451773
vt 0.765067 0.451703
vt 0.765055 0.451711
vt 0.765052 0.451692
vt 0.765091 0.451696
vt 0.765064 0.451719
vt 0.765038 0.451741
vt 0.765097 0.451727
vt 0.765197 0.451731
vt 0.765182 0.451667
vt 0.765226 0.451907
vt 0.643436 0.553112
vt 0.643386 0.553087
vt 0.643419 0.553158
vt 0.643371 0.553115
vt 0.643303 0.553103
vt 0.643363 0.553143
vt 0.643327 0.553135
vt 0.643315 0.553120
vt 0.643357 0.553206
vt 0.643412 0.553206
vt 0.643414 0.553252
vt 0.643309 0.553142
vt 0.643357 0.553173
vt 0.643234 0.553106
vt 0.643271 0.553120
vt 0.643232 0.553116
vt 0.643292 0.553152
vt 0.530181 0.543766
vt 0.530035 0.543674
vt 0.530131 0.543812
vt 0.530004 0.543688
vt 0.529867 0.543632
vt 0.529809 0.543590
vt 0.529962 0.543725
vt 0.530119 0.543882
vt 0.529988 0.543710
vt 0.529652 0.543515
vt 0.529754 0.543563
vt 0.529768 0.543588
vt 0.715765 0.487588
vt 0.715950 0.487408
vt 0.715835 0.487592
vt 0.715888 0.487602
vt 0.716053 0.487278
vt 0.715987 0.487414
vt 0.716218 0.486958
vt 0.716187 0.486998
vt 0.716143 0.487086
vt 0.716073 0.487184
vt 0.715935 0.487624
vt 0.716055 0.487396
vt 0.716023 0.487400
vt 0.716095 0.487205
vt 0.716140 0.487121
vt 0.676817 0.644174
vt 0.676794 0.644392
vt 0.676876 0.644168
vt 0.676832 0.644397
vt 0.676864 0.644388
vt 0.676846 0.644534
vt 0.676841 0.644596
vt 0.677008 0.644065
vt 0.676889 0.644396
vt 0.676934 0.644133
vt 0.676910 0.644394
vt 0.676848 0.644690
vt 0.688406 0.463668
vt 0.688575 0.463591
vt 0.688566 0.463513
vt 0.688686 0.463458
vt 0.688722 0.463445
vt 0.688251 0.463540
vt 0.688573 0.463481
vt 0.688343 0.463567
vt 0.688575 0.463463
vt 0.688835 0.463362
vt 0.688745 0.463423
vt 0.688388 0.463609
vt 0.688976 0.463316
vt 0.689002 0.463274
vt 0.623879 0.558604
vt 0.623850 0.558652
vt 0.623809 0.558630
vt 0.623957 0.558595
vt 0.623907 0.558620
vt 0.623929 0.558640
vt 0.623888 0.558682
vt 0.623954 0.558614
vt 0.623993 0.558610
vt 0.623995 0.558573
vt 0.624025 0.558550
vt 0.624018 0.558542
vt 0.623958 0.558576
vt 0.623919 0.558719
vt 0.623966 0.558689
vt 0.623949 0.558662
vt 0.623973 0.558611
vt 0.644498 0.654667
vt 0.644573 0.654957
vt 0.644464 0.654745
vt 0.644595 0.654933
vt 0.644706 0.655191
vt 0.644662 0.655134
vt 0.644696 0.655201
vt 0.644732 0.655243
vt 0.644785 0.655339
vt 0.644359 0.654796
vt 0.644500 0.654992
vt 0.644420 0.654783
vt 0.644526 0.654985
vt 0.644545 0.654965
vt 0.628810 0.539279
vt 0.628782 0.539231
vt 0.628779 0.539353
vt 0.628782 0.539296
vt 0.628754 0.539305
vt 0.628737 0.539250
vt 0.628764 0.539340
vt 0.628786 0.539436
vt 0.628758 0.539359
vt 0.628781 0.539397
vt 0.628797 0.539432
vt 0.628797 0.539363
vt 0.628690 0.539258
vt 0.628692 0.539314
vt 0.628725 0.539313
vt 0.628749 0.539377
vt 0.538122 0.507676
vt 0.537859 0.507592
vt 0.538068 0.507610
vt 0.537617 0.507585
vt 0.537696 0.507584
vt 0.537880 0.507629
vt 0.538067 0.507496
vt 0.537833 0.507525
vt 0.537855 0.507564
vt 0.537838 0.507542
vt 0.537657 0.507583
vt 0.537574 0.507574
vt 0.537731 0.507577
vt 0.670474 0.685660
vt 0.670425 0.685539
vt 0.670637 0.685648
vt 0.670587 0.685564
vt 0.670334 0.685564
vt 0.670487 0.685761
vt 0.670378 0.685704
vt 0.645164 0.354036
vt 0.645192 0.354051
vt 0.645139 0.354056
vt 0.645144 0.354027
vt 0.645183 0.354023
vt 0.645210 0.354046
vt 0.645163 0.354019
vt 0.670242 0.685583
vt 0.670128 0.685703
vt 0.670274 0.685711
vt 0.670159 0.685781
vt 0.670395 0.685765
vt 0.670316 0.685800
vt 0.726034 0.450685
vt 0.726123 0.450810
vt 0.726074 0.450615
vt 0.726184 0.450711
vt 0.726209 0.450862
vt 0.726241 0.450651
vt 0.726286 0.450750
vt 0.710666 0.442187
vt 0.710637 0.442206
vt 0.710663 0.442160
vt 0.710683 0.442170
vt 0.726159 0.450520
vt 0.726345 0.450604
vt 0.726313 0.450697
vt 0.726287 0.450923
vt 0.726438 0.450983
vt 0.726374 0.450826
vt 0.726517 0.450925
vt 0.726419 0.450727
vt 0.632069 0.550483
vt 0.632087 0.550410
vt 0.632017 0.550501
vt 0.632042 0.550438
vt 0.632049 0.550369
vt 0.631995 0.550426
vt 0.632017 0.550404
vt 0.631909 0.550461
vt 0.631964 0.550513
vt 0.631919 0.550407
vt 0.631962 0.550461
vt 0.632004 0.550456
vt 0.632007 0.550333
vt 0.631935 0.550354
vt 0.631982 0.550380
vt 0.631965 0.550419
vt 0.499086 0.516353
vt 0.499213 0.516240
vt 0.499011 0.516312
vt 0.499090 0.516194
vt 0.499243 0.516150
vt 0.499003 0.516131
vt 0.499120 0.516090
vt 0.590816 0.452480
vt 0.590816 0.452452
vt 0.499088 0.515840
vt 0.499098 0.515988
vt 0.498995 0.516007
vt 0.590798 0.452465
vt 0.590807 0.452431
vt 0.499068 0.516059
vt 0.499178 0.516009
vt 0.499276 0.515911
vt 0.499280 0.516062
vt 0.499207 0.515873
vt 0.712964 0.493312
vt 0.712898 0.493340
vt 0.713000 0.493228
vt 0.713044 0.493231
vt 0.712933 0.493389
vt 0.712871 0.493434
vt 0.713002 0.493308
vt 0.712968 0.493366
vt 0.713021 0.493340
vt 0.713076 0.493261
vt 0.713033 0.493411
vt 0.712966 0.493407
vt 0.712842 0.493528
vt 0.712886 0.493551
vt 0.714266 0.493697
vt 0.712911 0.493461
vt 0.712957 0.493481
vt 0.645762 0.553697
vt 0.645707 0.553712
vt 0.645794 0.553725
vt 0.645742 0.553733
vt 0.645694 0.553752
vt 0.645767 0.553751
vt 0.645730 0.553761
vt 0.645807 0.553811
vt 0.645821 0.553756
vt 0.643709 0.553388
vt 0.645768 0.553825
vt 0.645786 0.553776
vt 0.645758 0.553788
vt 0.645686 0.553793
vt 0.645727 0.553833
vt 0.645727 0.553792
vt 0.645752 0.553767
vt 0.677125 0.640410
vt 0.677106 0.640487
vt 0.677074 0.640361
vt 0.677140 0.640335
vt 0.677154 0.640423
vt 0.677144 0.640493
vt 0.677178 0.640169
vt 0.677130 0.640174
vt 0.678057 0.640603
vt 0.677199 0.640257
vt 0.677158 0.640263
vt 0.677105 0.640269
vt 0.677181 0.640403
vt 0.677223 0.640345
vt 0.677181 0.640480
vt 0.677174 0.640330
vt 0.622216 0.560337
vt 0.622160 0.560353
vt 0.622248 0.560364
vt 0.622196 0.560373
vt 0.622148 0.560393
vt 0.622206 0.560407
vt 0.622184 0.560402
vt 0.622262 0.560451
vt 0.622276 0.560395
vt 0.622222 0.560465
vt 0.622240 0.560416
vt 0.622212 0.560428
vt 0.622221 0.560391
vt 0.622140 0.560434
vt 0.622181 0.560473
vt 0.623592 0.559000
vt 0.622181 0.560432
vt 0.534640 0.546740
vt 0.534580 0.546695
vt 0.534709 0.546716
vt 0.534681 0.546782
vt 0.534604 0.546766
vt 0.534554 0.546730
vt 0.534645 0.546790
vt 0.534303 0.546804
vt 0.534805 0.546831
vt 0.533636 0.547229
vt 0.534701 0.546890
vt 0.534722 0.546831
vt 0.534761 0.546774
vt 0.534659 0.546826
vt 0.534531 0.546845
vt 0.534603 0.546810
vt 0.534626 0.546876
vt 0.534539 0.546771
vt 0.641119 0.650117
vt 0.641136 0.650050
vt 0.641135 0.650209
vt 0.641097 0.650157
vt 0.641069 0.650067
vt 0.641068 0.649987
vt 0.641065 0.650109
vt 0.641052 0.650157
vt 0.641096 0.650226
vt 0.640987 0.650135
vt 0.641026 0.650091
vt 0.641002 0.649930
vt 0.640943 0.649964
vt 0.640323 0.650780
vt 0.641012 0.650018
vt 0.640962 0.650048
vt 0.683985 0.466176
vt 0.684054 0.466139
vt 0.683968 0.466242
vt 0.683922 0.466199
vt 0.683985 0.466132
vt 0.683937 0.466161
vt 0.683768 0.466232
vt 0.683805 0.466288
vt 0.683980 0.465251
vt 0.683819 0.466165
vt 0.683853 0.466216
vt 0.683885 0.466267
vt 0.683896 0.466158
vt 0.683945 0.466110
vt 0.683877 0.466097
vt 0.684013 0.466066
vt 0.628113 0.536977
vt 0.628126 0.536921
vt 0.628153 0.536956
vt 0.628073 0.536991
vt 0.628091 0.536942
vt 0.628098 0.536890
vt 0.628056 0.536933
vt 0.628072 0.536918
vt 0.627991 0.536960
vt 0.628032 0.537000
vt 0.627998 0.536919
vt 0.628032 0.536959
vt 0.628035 0.536928
vt 0.628063 0.536955
vt 0.628065 0.536864
vt 0.628011 0.536880
vt 0.628550 0.538654
vt 0.628047 0.536900
vt 0.542718 0.507350
vt 0.542768 0.507398
vt 0.542650 0.507362
vt 0.542640 0.507326
vt 0.542784 0.507340
vt 0.542849 0.507372
vt 0.542702 0.507324
vt 0.542753 0.507323
vt 0.542717 0.507296
vt 0.542645 0.507288
vt 0.542768 0.507246
vt 0.542784 0.507306
vt 0.542935 0.507349
vt 0.542936 0.507303
vt 0.542165 0.506525
vt 0.542848 0.507324
vt 0.542851 0.507277
vt 0.511243 0.484253
vt 0.511269 0.484247
vt 0.511239 0.484274
vt 0.511275 0.484217
vt 0.511297 0.484222
vt 0.511268 0.484266
vt 0.511291 0.484242
vt 0.511361 0.484154
vt 0.511342 0.484144
vt 0.511372 0.484116
vt 0.511342 0.484197
vt 0.511327 0.484191
vt 0.511309 0.484180
vt 0.511311 0.484230
vt 0.509198 0.415909
vt 0.509188 0.416005
vt 0.511255 0.484288
vt 0.511287 0.484262
vt 0.511319 0.484246
vt 0.567987 0.446143
vt 0.567958 0.446141
vt 0.568025 0.446129
vt 0.568003 0.446147
vt 0.567955 0.446162
vt 0.567912 0.446159
vt 0.567975 0.446162
vt 0.509152 0.643685
vt 0.509198 0.643630
vt 0.509155 0.643740
vt 0.567971 0.446189
vt 0.567958 0.446177
vt 0.567995 0.446163
vt 0.568025 0.446139
vt 0.567866 0.446177
vt 0.567868 0.446198
vt 0.567828 0.446195
vt 0.567915 0.446178
vt 0.567916 0.446194
vt 0.504100 0.417237
vt 0.504032 0.417309
vt 0.504223 0.417081
vt 0.504149 0.417199
vt 0.504044 0.417378
vt 0.503962 0.417498
vt 0.504091 0.417319
vt 0.504158 0.417263
vt 0.504242 0.417107
vt 0.504155 0.417368
vt 0.504079 0.417397
vt 0.503894 0.417684
vt 0.503943 0.417714
vt 0.503995 0.417532
vt 0.504047 0.417547
vt 0.567783 0.444767
vt 0.567820 0.444786
vt 0.567756 0.444766
vt 0.567743 0.444750
vt 0.567800 0.444767
vt 0.567766 0.444753
vt 0.504209 0.643599
vt 0.504154 0.643634
vt 0.504103 0.643449
vt 0.504331 0.643790
vt 0.504271 0.643809
vt 0.504234 0.643849
vt 0.504377 0.643960
vt 0.504340 0.643986
vt 0.504475 0.644086
vt 0.504458 0.643984
vt 0.504567 0.644226
vt 0.504481 0.644150
vt 0.504403 0.644042
vt 0.518235 0.495431
vt 0.518256 0.495430
vt 0.518231 0.495446
vt 0.518261 0.495406
vt 0.518279 0.495411
vt 0.518254 0.495446
vt 0.518274 0.495427
vt 0.518335 0.495354
vt 0.518316 0.495345
vt 0.518342 0.495320
vt 0.730234 0.685087
vt 0.730177 0.685100
vt 0.730199 0.684945
vt 0.518305 0.495386
vt 0.518288 0.495376
vt 0.518291 0.495419
vt 0.730260 0.685322
vt 0.730270 0.685233
vt 0.730309 0.685443
vt 0.730252 0.685378
vt 0.730216 0.685223
vt 0.730215 0.685290
vt 0.520672 0.483959
vt 0.520687 0.483972
vt 0.520678 0.483933
vt 0.520691 0.483951
vt 0.520703 0.483959
vt 0.520707 0.483932
vt 0.520706 0.483943
vt 0.520715 0.483894
vt 0.520688 0.483907
vt 0.520697 0.483883
vt 0.520723 0.483907
vt 0.520704 0.483914
vt 0.520697 0.483932
vt 0.520715 0.483921
vt 0.520718 0.483932
vt 0.520730 0.483919
vt 0.520720 0.483946
vt 0.575173 0.457181
vt 0.575160 0.457201
vt 0.575132 0.457197
vt 0.575198 0.457186
vt 0.575178 0.457206
vt 0.575128 0.457218
vt 0.575084 0.457214
vt 0.575148 0.457219
vt 0.730277 0.453836
vt 0.730228 0.453885
vt 0.730279 0.453783
vt 0.730235 0.453977
vt 0.730188 0.453995
vt 0.730222 0.453826
vt 0.730278 0.453755
vt 0.730187 0.453924
vt 0.575035 0.457231
vt 0.575037 0.457254
vt 0.574993 0.457248
vt 0.575087 0.457234
vt 0.575088 0.457251
vt 0.575130 0.457232
vt 0.517054 0.494920
vt 0.517060 0.494896
vt 0.517061 0.494960
vt 0.517049 0.494934
vt 0.517046 0.494885
vt 0.517052 0.494846
vt 0.517043 0.494904
vt 0.734979 0.685994
vt 0.734890 0.686092
vt 0.734991 0.685899
vt 0.735064 0.685889
vt 0.517053 0.494960
vt 0.517034 0.494929
vt 0.735044 0.685960
vt 0.734978 0.686053
vt 0.735263 0.685618
vt 0.735201 0.685583
vt 0.517037 0.494844
vt 0.517045 0.494795
vt 0.735155 0.685764
vt 0.735097 0.685741
vt 0.517034 0.494886
vt 0.519386 0.484198
vt 0.519406 0.484184
vt 0.519365 0.484187
vt 0.519387 0.484179
vt 0.519406 0.484158
vt 0.519377 0.484162
vt 0.519389 0.484161
vt 0.758041 0.652841
vt 0.758015 0.652925
vt 0.758135 0.652871
vt 0.758075 0.652898
vt 0.519357 0.484163
vt 0.519344 0.484176
vt 0.519371 0.484173
vt 0.519408 0.484132
vt 0.519389 0.484120
vt 0.519409 0.484109
vt 0.519388 0.484141
vt 0.758203 0.652853
vt 0.758131 0.652810
vt 0.758221 0.652779
vt 0.519371 0.484151
vt 0.735423 0.454075
vt 0.735353 0.453904
vt 0.735484 0.454152
vt 0.735470 0.454219
vt 0.735377 0.454031
vt 0.735427 0.454157
vt 0.735554 0.454566
vt 0.735605 0.454538
vt 0.735642 0.454709
vt 0.735459 0.454389
vt 0.735512 0.454377
vt 0.735546 0.454345
vt 0.735434 0.454236
vt 0.735364 0.454096
vt 0.735362 0.454201
vt 0.735314 0.453891
vt 0.523214 0.444658
vt 0.526214 0.442633
vt 0.806545 0.526335
vt 0.808360 0.538564
vt 0.806492 0.526343
vt 0.808304 0.538570
vt 0.806439 0.526352
vt 0.520395 0.446799
vt 0.808416 0.538561
vt 0.809633 0.551160
vt 0.809575 0.551163
vt 0.529206 0.447607
vt 0.780519 0.518162
vt 0.781494 0.529803
vt 0.781437 0.529806
vt 0.780572 0.518155
vt 0.781550 0.529800
vt 0.532333 0.445765
vt 0.779257 0.507424
vt 0.779305 0.507413
vt 0.780625 0.518149
vt 0.532550 0.439142
vt 0.804111 0.514840
vt 0.801177 0.504251
vt 0.801222 0.504235
vt 0.804062 0.514853
vt 0.801133 0.504266
vt 0.529337 0.440790
vt 0.804013 0.514865
vt 0.526205 0.449635
vt 0.523387 0.451780
vt 0.781972 0.554924
vt 0.781987 0.542183
vt 0.782035 0.554932
vt 0.782047 0.542183
vt 0.782098 0.554936
vt 0.781927 0.542181
vt 0.780592 0.580404
vt 0.781574 0.567673
vt 0.780666 0.580431
vt 0.781638 0.567686
vt 0.780732 0.580451
vt 0.781703 0.567693
vt 0.780798 0.580463
vt 0.520796 0.453979
vt 0.517806 0.448995
vt 0.809693 0.551162
vt 0.810301 0.563790
vt 0.810240 0.563788
vt 0.515423 0.451265
vt 0.810363 0.563797
vt 0.810331 0.576482
vt 0.810268 0.576476
vt 0.513205 0.453648
vt 0.810394 0.576496
vt 0.809684 0.589395
vt 0.809620 0.589383
vt 0.511105 0.456195
vt 0.809747 0.589418
vt 0.808332 0.602764
vt 0.808269 0.602736
vt 0.775666 0.613242
vt 0.779005 0.594154
vt 0.775733 0.613311
vt 0.779070 0.594185
vt 0.775793 0.613366
vt 0.779137 0.594204
vt 0.775859 0.613403
vt 0.778933 0.594114
vt 0.507173 0.461675
vt 0.505826 0.468120
vt 0.507157 0.461674
vt 0.505799 0.468154
vt 0.507141 0.461676
vt 0.789149 0.655921
vt 0.803321 0.631138
vt 0.505774 0.468177
vt 0.509082 0.458932
vt 0.808391 0.602810
vt 0.806267 0.616796
vt 0.806210 0.616738
vt 0.509081 0.458908
vt 0.764126 0.675488
vt 0.770334 0.641741
vt 0.770387 0.641844
vt 0.770449 0.641912
vt 0.770278 0.641617
vt 0.535550 0.444120
vt 0.777463 0.497080
vt 0.777504 0.497063
vt 0.779353 0.507404
vt 0.539081 0.442616
vt 0.774046 0.484362
vt 0.774078 0.484331
vt 0.777547 0.497050
vt 0.539358 0.436271
vt 0.798024 0.494508
vt 0.794599 0.485273
vt 0.794631 0.485242
vt 0.797984 0.494528
vt 0.794565 0.485296
vt 0.535853 0.437669
vt 0.797944 0.494545
vt 0.553919 0.435143
vt 0.775402 0.457198
vt 0.775345 0.457207
vt 0.547071 0.433443
vt 0.775475 0.457200
vt 0.544154 0.440989
vt 0.768444 0.467901
vt 0.768465 0.467855
vt 0.774112 0.484309
vt 0.768491 0.467823
vt 0.551747 0.439016
vt 0.547040 0.433444
vt 0.791120 0.476051
vt 0.791098 0.476099
vt 0.791071 0.476134
vt 0.543151 0.434855
vt 0.801597 0.527223
vt 0.803188 0.539351
vt 0.801517 0.527238
vt 0.803103 0.539366
vt 0.801437 0.527252
vt 0.803017 0.539382
vt 0.804213 0.551850
vt 0.804123 0.551865
vt 0.804033 0.551881
vt 0.785074 0.517713
vt 0.786313 0.529422
vt 0.785148 0.517706
vt 0.786394 0.529414
vt 0.785223 0.517699
vt 0.786476 0.529405
vt 0.783457 0.506898
vt 0.783526 0.506891
vt 0.783595 0.506884
vt 0.799471 0.515816
vt 0.796910 0.505270
vt 0.799396 0.515830
vt 0.796840 0.505282
vt 0.799321 0.515843
vt 0.796770 0.505293
vt 0.787380 0.554694
vt 0.787086 0.541870
vt 0.787468 0.554684
vt 0.787172 0.541861
vt 0.787558 0.554672
vt 0.787257 0.541850
vt 0.786483 0.580446
vt 0.787198 0.567542
vt 0.786580 0.580436
vt 0.787290 0.567532
vt 0.786678 0.580423
vt 0.787382 0.567519
vt 0.804661 0.564369
vt 0.804568 0.564384
vt 0.804476 0.564401
vt 0.804496 0.576933
vt 0.804401 0.576948
vt 0.804305 0.576967
vt 0.803678 0.589707
vt 0.803578 0.589725
vt 0.803479 0.589749
vt 0.802168 0.602921
vt 0.802057 0.602952
vt 0.801944 0.602995
vt 0.781832 0.613732
vt 0.784994 0.594375
vt 0.781936 0.613705
vt 0.785102 0.594363
vt 0.782041 0.613662
vt 0.785210 0.594344
vt 0.784005 0.653475
vt 0.797197 0.630661
vt 0.783973 0.653314
vt 0.797142 0.630654
vt 0.783973 0.653094
vt 0.797091 0.630637
vt 0.799984 0.616724
vt 0.799851 0.616778
vt 0.799715 0.616862
vt 0.776534 0.642262
vt 0.776645 0.642194
vt 0.776761 0.642092
vt 0.781273 0.496431
vt 0.781342 0.496423
vt 0.781412 0.496417
vt 0.777423 0.483599
vt 0.777489 0.483603
vt 0.777557 0.483613
vt 0.794038 0.495558
vt 0.790945 0.486281
vt 0.793970 0.495568
vt 0.790875 0.486282
vt 0.793902 0.495575
vt 0.790803 0.486278
vt 0.773759 0.459273
vt 0.773788 0.459383
vt 0.773834 0.459508
vt 0.771354 0.467257
vt 0.771436 0.467303
vt 0.771522 0.467362
vt 0.787683 0.477136
vt 0.787609 0.477134
vt 0.787529 0.477118
vt 0.785780 0.467794
vt 0.785743 0.467740
vt 0.785704 0.467688
vt 0.764816 0.451489
vt 0.765334 0.451789
vt 0.764818 0.451493
vt 0.764820 0.451498
vt 0.764290 0.676425
vt 0.503759 0.474442
vt 0.767268 0.676532
vt 0.503106 0.474190
vt 0.670599 0.510040
vt 0.670556 0.509992
vt 0.670501 0.509956
vt 0.577886 0.537016
vt 0.577916 0.536891
vt 0.577892 0.536951
vt 0.590845 0.452493
vt 0.603896 0.455401
vt 0.603970 0.455648
vt 0.650742 0.447349
vt 0.603933 0.455523
vt 0.647269 0.604998
vt 0.647335 0.604989
vt 0.647395 0.604962
vt 0.677929 0.398107
vt 0.710670 0.442138
vt 0.726392 0.576101
vt 0.677942 0.398095
vt 0.726517 0.576145
vt 0.617977 0.403255
vt 0.645120 0.354055
vt 0.617963 0.403244
vt 0.645111 0.354055
vt 0.560036 0.623092
vt 0.590807 0.452414
vt 0.617959 0.403234
vt 0.674874 0.521502
vt 0.715896 0.487409
vt 0.674860 0.521450
vt 0.674846 0.521398
vt 0.676826 0.644816
vt 0.655888 0.595558
vt 0.655924 0.595523
vt 0.655964 0.595495
vt 0.715897 0.572642
vt 0.715814 0.572625
vt 0.715731 0.572614
vt 0.676843 0.644831
vt 0.581677 0.548798
vt 0.581676 0.548752
vt 0.581667 0.548704
vt 0.529684 0.543508
vt 0.635605 0.601628
vt 0.635655 0.601632
vt 0.635706 0.601644
vt 0.644798 0.655326
vt 0.569313 0.614624
vt 0.569369 0.614561
vt 0.569419 0.614494
vt 0.529948 0.543739
vt 0.658591 0.506696
vt 0.658542 0.506682
vt 0.688774 0.463417
vt 0.658497 0.506664
vt 0.586370 0.528060
vt 0.586404 0.528023
vt 0.586432 0.527983
vt 0.537467 0.507596
vt 0.537440 0.507579
vt 0.606965 0.465699
vt 0.606988 0.465779
vt 0.607011 0.465855
vt 0.676047 0.524138
vt 0.676036 0.524086
vt 0.676023 0.524037
vt 0.676891 0.527041
vt 0.657897 0.594782
vt 0.657937 0.594755
vt 0.657974 0.594723
vt 0.660083 0.593052
vt 0.712585 0.572345
vt 0.712504 0.572335
vt 0.712425 0.572323
vt 0.709965 0.571026
vt 0.581444 0.554243
vt 0.580942 0.551103
vt 0.580935 0.551057
vt 0.580936 0.551012
vt 0.633073 0.602110
vt 0.633122 0.602119
vt 0.633169 0.602121
vt 0.630320 0.601382
vt 0.571368 0.611704
vt 0.571416 0.611638
vt 0.573758 0.609774
vt 0.584148 0.599161
vt 0.656654 0.505225
vt 0.656611 0.505207
vt 0.656563 0.505193
vt 0.653664 0.503985
vt 0.587204 0.525796
vt 0.587231 0.525758
vt 0.587263 0.525721
vt 0.588793 0.523142
vt 0.607870 0.468792
vt 0.607892 0.468868
vt 0.607914 0.468944
vt 0.609142 0.472417
vt 0.644605 0.553421
vt 0.644593 0.553464
vt 0.644582 0.553508
vt 0.677050 0.642098
vt 0.676951 0.642124
vt 0.676999 0.642114
vt 0.532625 0.545360
vt 0.532607 0.545410
vt 0.532577 0.545454
vt 0.642708 0.652279
vt 0.641168 0.650182
vt 0.642616 0.652328
vt 0.642664 0.652304
vt 0.628352 0.538098
vt 0.628394 0.538086
vt 0.628437 0.538073
vt 0.686037 0.464983
vt 0.684039 0.466100
vt 0.686012 0.464939
vt 0.686063 0.465029
vt 0.714310 0.490583
vt 0.714405 0.490615
vt 0.714362 0.490590
vt 0.623074 0.559579
vt 0.623042 0.559548
vt 0.623010 0.559517
vt 0.540586 0.507402
vt 0.538052 0.507553
vt 0.540591 0.507497
vt 0.540588 0.507449
vt 0.531451 0.456565
vt 0.534483 0.454543
vt 0.531443 0.456551
vt 0.534475 0.454529
vt 0.531434 0.456537
vt 0.534466 0.454515
vt 0.465551 0.521590
vt 0.465270 0.533591
vt 0.528578 0.458678
vt 0.528570 0.458664
vt 0.528560 0.458651
vt 0.466255 0.509886
vt 0.537530 0.459598
vt 0.540722 0.457680
vt 0.537539 0.459613
vt 0.540731 0.457695
vt 0.537548 0.459627
vt 0.490591 0.533177
vt 0.543979 0.455920
vt 0.543988 0.455935
vt 0.540740 0.457710
vt 0.490858 0.545333
vt 0.540790 0.450972
vt 0.537613 0.452686
vt 0.540781 0.450958
vt 0.537604 0.452673
vt 0.540773 0.450944
vt 0.537587 0.452642
vt 0.540765 0.450927
vt 0.537596 0.452658
vt 0.534457 0.454498
vt 0.534438 0.461660
vt 0.531508 0.463809
vt 0.534447 0.461675
vt 0.531517 0.463824
vt 0.534457 0.461690
vt 0.531527 0.463838
vt 0.490840 0.521044
vt 0.491541 0.509196
vt 0.528788 0.465988
vt 0.526253 0.468217
vt 0.528797 0.466003
vt 0.526262 0.468232
vt 0.528807 0.466017
vt 0.526273 0.468246
vt 0.492627 0.497862
vt 0.494108 0.486942
vt 0.525914 0.460825
vt 0.525906 0.460810
vt 0.525896 0.460798
vt 0.467341 0.498683
vt 0.523435 0.463023
vt 0.523427 0.463009
vt 0.523416 0.462997
vt 0.468821 0.487864
vt 0.521095 0.465317
vt 0.521087 0.465303
vt 0.521076 0.465290
vt 0.470733 0.477213
vt 0.518843 0.467763
vt 0.518836 0.467745
vt 0.518827 0.467731
vt 0.473146 0.466478
vt 0.523745 0.470670
vt 0.520624 0.474048
vt 0.523753 0.470686
vt 0.520630 0.474066
vt 0.523764 0.470700
vt 0.520639 0.474081
vt 0.496150 0.475677
vt 0.499453 0.461015
vt 0.514630 0.472987
vt 0.512936 0.478550
vt 0.514613 0.472984
vt 0.512906 0.478579
vt 0.514596 0.472982
vt 0.490645 0.428789
vt 0.479790 0.444603
vt 0.512881 0.478597
vt 0.512859 0.478600
vt 0.516651 0.470388
vt 0.516651 0.470364
vt 0.516645 0.470345
vt 0.476137 0.455496
vt 0.516354 0.478810
vt 0.516354 0.478835
vt 0.516358 0.478854
vt 0.504295 0.440641
vt 0.547518 0.454243
vt 0.547528 0.454258
vt 0.543997 0.455950
vt 0.491644 0.557418
vt 0.552497 0.452273
vt 0.552511 0.452286
vt 0.547536 0.454273
vt 0.493131 0.570198
vt 0.547430 0.447919
vt 0.544027 0.449395
vt 0.547417 0.447907
vt 0.544017 0.449382
vt 0.547407 0.447894
vt 0.544002 0.449350
vt 0.547400 0.447876
vt 0.544010 0.449367
vt 0.561220 0.445709
vt 0.561256 0.445691
vt 0.561280 0.445674
vt 0.554603 0.445414
vt 0.554604 0.445398
vt 0.554606 0.445382
vt 0.554607 0.445364
vt 0.559671 0.449573
vt 0.559695 0.449581
vt 0.552522 0.452300
vt 0.502124 0.613427
vt 0.496339 0.587789
vt 0.559712 0.449591
vt 0.509183 0.643535
vt 0.551077 0.446549
vt 0.551055 0.446540
vt 0.551031 0.446512
vt 0.551040 0.446529
vt 0.470196 0.533551
vt 0.470470 0.521619
vt 0.470278 0.533549
vt 0.470552 0.521617
vt 0.470361 0.533548
vt 0.470635 0.521615
vt 0.471175 0.509977
vt 0.471257 0.509974
vt 0.471340 0.509971
vt 0.486039 0.545471
vt 0.485773 0.533219
vt 0.485957 0.545473
vt 0.485691 0.533220
vt 0.485875 0.545473
vt 0.485609 0.533222
vt 0.486825 0.557666
vt 0.486743 0.557667
vt 0.486660 0.557667
vt 0.470446 0.545519
vt 0.471188 0.557425
vt 0.470529 0.545518
vt 0.471270 0.557425
vt 0.470611 0.545517
vt 0.471353 0.557425
vt 0.486725 0.509067
vt 0.486022 0.520997
vt 0.486643 0.509069
vt 0.485941 0.520999
vt 0.486561 0.509073
vt 0.485858 0.521002
vt 0.489310 0.486631
vt 0.487815 0.497648
vt 0.489228 0.486634
vt 0.487733 0.497651
vt 0.489145 0.486640
vt 0.487650 0.497655
vt 0.472260 0.498840
vt 0.472343 0.498837
vt 0.472426 0.498833
vt 0.473742 0.488096
vt 0.473825 0.488093
vt 0.473909 0.488087
vt 0.475661 0.477531
vt 0.475744 0.477527
vt 0.475829 0.477518
vt 0.478082 0.466903
vt 0.478168 0.466888
vt 0.478257 0.466863
vt 0.494794 0.460560
vt 0.491396 0.475269
vt 0.494712 0.460575
vt 0.491314 0.475273
vt 0.494627 0.460601
vt 0.491231 0.475283
vt 0.494153 0.431047
vt 0.484402 0.445533
vt 0.494155 0.431157
vt 0.484472 0.445559
vt 0.494131 0.431306
vt 0.484539 0.445592
vt 0.481069 0.456077
vt 0.481162 0.456038
vt 0.481261 0.455976
vt 0.499619 0.440306
vt 0.499534 0.440348
vt 0.499444 0.440414
vt 0.488314 0.570580
vt 0.488231 0.570579
vt 0.488148 0.570574
vt 0.491560 0.588296
vt 0.491475 0.588282
vt 0.491389 0.588257
vt 0.472394 0.569299
vt 0.474111 0.581509
vt 0.472477 0.569301
vt 0.474196 0.581523
vt 0.472560 0.569305
vt 0.474283 0.581547
vt 0.561391 0.444412
vt 0.567696 0.444746
vt 0.491736 0.625993
vt 0.491713 0.625838
vt 0.555066 0.444066
vt 0.561366 0.444390
vt 0.479034 0.607629
vt 0.479110 0.607599
vt 0.497378 0.613986
vt 0.497287 0.613943
vt 0.497192 0.613874
vt 0.476370 0.594389
vt 0.478956 0.607649
vt 0.476461 0.594430
vt 0.476555 0.594494
vt 0.506865 0.644010
vt 0.504573 0.644200
vt 0.509151 0.643768
vt 0.567958 0.445435
vt 0.509143 0.415805
vt 0.506619 0.416141
vt 0.509130 0.415775
vt 0.510380 0.484006
vt 0.506629 0.416169
vt 0.509513 0.483736
vt 0.510380 0.483984
vt 0.537327 0.466899
vt 0.540328 0.464798
vt 0.537318 0.466885
vt 0.540320 0.464784
vt 0.537309 0.466872
vt 0.540311 0.464770
vt 0.770153 0.574223
vt 0.770175 0.562420
vt 0.534497 0.469095
vt 0.534488 0.469081
vt 0.534478 0.469068
vt 0.769780 0.585759
vt 0.543479 0.469799
vt 0.744549 0.551081
vt 0.745021 0.563236
vt 0.744964 0.563236
vt 0.744606 0.551076
vt 0.745078 0.563236
vt 0.546633 0.467834
vt 0.743698 0.539009
vt 0.743754 0.538999
vt 0.744663 0.551073
vt 0.546642 0.461090
vt 0.543444 0.462858
vt 0.546633 0.461077
vt 0.543435 0.462844
vt 0.546625 0.461062
vt 0.769047 0.538827
vt 0.543427 0.462830
vt 0.769796 0.550595
vt 0.540440 0.471926
vt 0.537573 0.474148
vt 0.744617 0.587236
vt 0.745033 0.575379
vt 0.744674 0.587245
vt 0.745089 0.575381
vt 0.744730 0.587250
vt 0.744975 0.575375
vt 0.534923 0.476402
vt 0.532469 0.478708
vt 0.742835 0.609668
vt 0.743973 0.598635
vt 0.742890 0.609686
vt 0.744030 0.598643
vt 0.742947 0.609698
vt 0.743917 0.598621
vt 0.531886 0.471327
vt 0.531877 0.471314
vt 0.531866 0.471301
vt 0.769108 0.596816
vt 0.529468 0.473614
vt 0.529459 0.473600
vt 0.529449 0.473588
vt 0.768150 0.607521
vt 0.527189 0.475997
vt 0.527180 0.475983
vt 0.527169 0.475971
vt 0.766953 0.618141
vt 0.524952 0.478526
vt 0.524945 0.478510
vt 0.524936 0.478497
vt 0.765660 0.629104
vt 0.530063 0.481255
vt 0.527102 0.484819
vt 0.738671 0.636806
vt 0.741288 0.621258
vt 0.738721 0.636850
vt 0.741344 0.621275
vt 0.738775 0.636880
vt 0.741234 0.621232
vt 0.519499 0.489564
vt 0.519476 0.489589
vt 0.519454 0.489605
vt 0.522743 0.481227
vt 0.522741 0.481207
vt 0.522735 0.481191
vt 0.764398 0.640728
vt 0.523012 0.489791
vt 0.734760 0.659240
vt 0.734811 0.659291
vt 0.734715 0.659166
vt 0.549869 0.466044
vt 0.742237 0.526258
vt 0.742292 0.526240
vt 0.743810 0.538992
vt 0.553414 0.464365
vt 0.739375 0.508801
vt 0.739424 0.508763
vt 0.742347 0.526227
vt 0.553398 0.458001
vt 0.549924 0.459488
vt 0.553384 0.457988
vt 0.549915 0.459474
vt 0.553374 0.457975
vt 0.766440 0.514891
vt 0.549907 0.459460
vt 0.767951 0.527059
vt 0.567990 0.456270
vt 0.568029 0.456255
vt 0.568056 0.456238
vt 0.568068 0.456219
vt 0.560937 0.455331
vt 0.560939 0.455314
vt 0.560944 0.455297
vt 0.750054 0.469379
vt 0.558499 0.462467
vt 0.734850 0.483661
vt 0.734892 0.483588
vt 0.739476 0.508738
vt 0.734939 0.483540
vt 0.566083 0.460036
vt 0.730177 0.454299
vt 0.730206 0.454142
vt 0.557144 0.456617
vt 0.764403 0.502007
vt 0.761660 0.488885
vt 0.761716 0.488893
vt 0.557122 0.456608
vt 0.766490 0.514868
vt 0.764357 0.502053
vt 0.765327 0.562540
vt 0.765303 0.574314
vt 0.765246 0.562543
vt 0.765222 0.574318
vt 0.765165 0.562546
vt 0.765141 0.574322
vt 0.764928 0.585825
vt 0.764847 0.585830
vt 0.764766 0.585836
vt 0.749472 0.550894
vt 0.749891 0.563113
vt 0.749553 0.550893
vt 0.749973 0.563110
vt 0.749635 0.550891
vt 0.750055 0.563107
vt 0.748618 0.538738
vt 0.748699 0.538737
vt 0.748782 0.538737
vt 0.764943 0.550744
vt 0.764183 0.539000
vt 0.764862 0.550746
vt 0.764102 0.539001
vt 0.764780 0.550747
vt 0.764020 0.539000
vt 0.749545 0.587225
vt 0.749901 0.575307
vt 0.749627 0.587221
vt 0.749983 0.575303
vt 0.749709 0.587214
vt 0.750065 0.575298
vt 0.747813 0.609823
vt 0.748861 0.598678
vt 0.747896 0.609816
vt 0.748943 0.598672
vt 0.747980 0.609807
vt 0.749026 0.598664
vt 0.764253 0.596862
vt 0.764172 0.596868
vt 0.764090 0.596876
vt 0.763282 0.607560
vt 0.763201 0.607567
vt 0.763119 0.607577
vt 0.762053 0.618201
vt 0.761971 0.618211
vt 0.761888 0.618226
vt 0.760722 0.629215
vt 0.760637 0.629236
vt 0.760552 0.629267
vt 0.743661 0.637284
vt 0.746251 0.621538
vt 0.743745 0.637265
vt 0.746335 0.621529
vt 0.743832 0.637234
vt 0.746420 0.621516
vt 0.518225 0.489535
vt 0.518209 0.489512
vt 0.518195 0.489478
vt 0.746639 0.669286
vt 0.759436 0.640891
vt 0.759347 0.640933
vt 0.759256 0.640994
vt 0.758301 0.652753
vt 0.739674 0.659766
vt 0.739761 0.659723
vt 0.739851 0.659655
vt 0.747146 0.525885
vt 0.747228 0.525887
vt 0.747310 0.525892
vt 0.744174 0.508356
vt 0.744257 0.508372
vt 0.744340 0.508399
vt 0.763066 0.527261
vt 0.761522 0.515153
vt 0.762984 0.527258
vt 0.761437 0.515137
vt 0.762902 0.527253
vt 0.761352 0.515113
vt 0.746402 0.471434
vt 0.746392 0.471542
vt 0.746404 0.471689
vt 0.756971 0.489638
vt 0.756897 0.489658
vt 0.756824 0.489683
vt 0.739551 0.483258
vt 0.739635 0.483305
vt 0.739722 0.483377
vt 0.759437 0.502401
vt 0.759349 0.502360
vt 0.759257 0.502297
vt 0.732617 0.453604
vt 0.735291 0.453922
vt 0.575256 0.455778
vt 0.575206 0.456485
vt 0.575239 0.455776
vt 0.575223 0.456491
vt 0.730313 0.685414
vt 0.732550 0.685804
vt 0.732548 0.685833
vt 0.517639 0.495220
vt 0.734891 0.686120
vt 0.517064 0.494953
vt 0.520046 0.483999
vt 0.520043 0.484025
vt 0.520038 0.484051
vt 0.520047 0.483977
vt 0.688869 0.463366
vt 0.546290 0.561852
vt 0.772621 0.678698
vt 0.501452 0.413759
vt 0.764563 0.451026
vt 0.560742 0.436840
vt 0.770359 0.676695
vt 0.716064 0.487232
vt 0.511243 0.484286
vt 0.568016 0.446125
vt 0.504188 0.417069
vt 0.575190 0.457183
vt 0.781499 0.567651
vt 0.806318 0.616886
vt 0.803391 0.631121
vt 0.503111 0.474174
vt 0.576103 0.607912
vt 0.555073 0.444044
vt 0.509518 0.483715
vt 0.763187 0.652597
s 1
g off
g Triángulo1BI_Holocron_Corners.001
usemtl Holocron_Corners.001
f 484/1/1 483/2/2 1895/3/3
s 2
f 1286/4/4 1/5/5 199/6/6
f 1237/7/7 20/8/8 104/9/9
f 87/10/5 224/11/10 3/12/5
f 213/13/11 112/14/12 1247/15/13
f 4/16/5 1251/17/14 203/18/15
f 198/19/16 104/9/9 16/20/17
f 209/21/18 100/22/19 14/23/20
f 223/24/21 107/25/22 1242/26/23
f 3/12/5 1226/27/24 219/28/25
f 1241/29/26 4/16/5 86/30/5
f 1247/15/13 21/31/27 228/32/28
f 1257/33/29 19/34/30 234/35/31
f 1252/36/32 25/37/33 204/38/34
f 228/32/28 106/39/35 1262/40/36
f 1262/40/36 22/41/37 238/42/38
f 1272/43/39 18/44/40 244/45/41
f 88/46/5 233/47/42 1251/17/14
f 238/42/38 113/48/43 1277/49/44
f 1277/49/44 1395/50/45 250/51/46
f 265/52/47 111/53/48 1272/43/39
f 89/54/49 243/55/50 1256/56/51
f 1287/57/52 16/20/17 102/58/53
f 270/59/54 102/58/53 17/60/55
f 276/61/56 108/62/57 13/63/58
f 1/5/5 1231/64/59 87/10/5
f 1302/65/60 17/60/55 110/66/61
f 282/67/62 110/66/61 1386/68/63
f 1297/69/64 1391/70/65 108/62/57
f 6/71/66 1281/72/67 91/73/5
f 104/9/9 337/74/68 1316/75/69
f 10/76/70 1332/77/71 95/78/70
f 23/79/72 1326/80/73 112/14/12
f 346/81/74 96/82/75 1342/83/76
f 102/58/53 317/84/77 1366/85/78
f 15/86/79 1311/87/80 342/88/81
f 15/86/79 1321/89/82 107/25/22
f 101/90/83 326/91/84 1311/87/80
f 114/92/85 337/74/68 20/8/8
f 115/93/86 321/94/87 25/37/33
f 19/34/30 1331/95/88 115/93/86
f 21/31/27 1341/96/89 106/39/35
f 1327/97/90 8/98/91 346/81/74
f 103/99/92 351/100/93 19/34/30
f 18/44/40 1336/101/94 103/99/92
f 22/41/37 1356/102/95 113/48/43
f 1342/83/76 11/103/96 356/104/97
f 111/53/48 361/105/98 18/44/40
f 24/106/99 1351/107/100 111/53/48
f 113/48/43 367/108/101 1395/50/45
f 316/109/102 94/110/70 7/111/70
f 14/23/20 1361/112/103 326/91/84
f 100/22/19 393/113/104 1361/112/103
f 110/66/61 389/114/105 1381/115/106
f 98/116/70 388/117/107 1367/118/108
f 13/63/58 1376/119/109 393/113/104
f 108/62/57 419/120/110 1376/119/109
f 1386/68/63 1381/115/106 399/121/111
f 1232/122/112 14/23/20 101/90/83
f 1292/123/113 1387/124/114 105/125/115
f 105/125/115 398/126/116 1371/127/117
f 7/111/70 1312/128/118 327/129/119
f 224/11/10 86/30/5 3/12/5
f 1242/26/23 23/79/72 213/13/11
f 107/25/22 332/130/120 23/79/72
f 94/110/70 341/131/121 1312/128/118
f 92/132/122 275/133/123 6/71/66
f 199/6/6 87/10/5 1236/134/124
f 16/20/17 1316/75/69 317/84/77
f 394/135/125 99/136/126 12/137/127
f 234/35/31 115/93/86 1252/36/32
f 1267/138/128 1396/139/129 109/140/130
f 109/141/130 366/142/131 1346/143/132
f 95/78/70 352/144/133 8/98/91
f 204/38/34 114/92/85 1227/145/134
f 223/24/21 101/90/83 15/86/79
f 1317/146/135 9/147/70 94/110/70
f 25/37/33 1306/148/136 114/92/85
f 1291/149/137 1296/150/138 92/132/122
f 281/151/139 92/132/122 1301/152/140
f 99/136/126 400/153/141 1382/154/142
f 1377/155/143 1372/156/144 99/136/126
f 5/157/145 1271/158/146 243/55/50
f 1246/159/147 2/160/148 88/46/5
f 112/14/12 347/161/149 21/31/27
f 11/103/96 1352/162/150 97/163/151
f 214/164/152 88/46/5 4/16/5
f 229/165/153 89/54/49 2/160/148
f 93/166/70 341/131/121 9/147/70
f 10/76/70 1322/167/154 93/166/70
f 1282/168/155 13/63/58 100/22/19
f 7/111/70 1367/118/108 316/109/102
s 3
f 434/169/156 135/170/157 1516/171/158
s 2
f 1362/172/159 12/137/127 98/116/70
f 90/173/160 266/174/161 1271/158/146
f 1276/175/162 1266/176/163 90/173/160
f 1357/177/164 1347/178/165 368/179/166
f 97/163/151 383/180/167 1347/178/165
f 1292/123/113 1392/181/168 298/182/169
f 271/183/170 91/73/5 1286/4/4
f 17/60/55 1366/85/78 389/114/105
f 105/125/115 417/184/171 1392/181/168
f 244/45/41 103/99/92 1257/33/29
f 1301/152/140 6/71/66 271/183/170
f 12/137/127 1382/154/142 388/117/107
f 96/82/75 362/185/172 11/103/96
f 2/160/148 1256/56/51 233/47/42
f 1227/145/134 20/8/8 218/186/173
f 331/187/174 95/78/70 1327/97/90
f 8/98/91 1337/188/175 96/82/75
f 1267/189/128 24/106/99 265/52/47
f 1261/190/176 5/157/145 89/54/49
f 106/39/35 357/191/177 22/41/37
f 109/141/130 384/192/178 24/106/99
f 1236/134/124 3/12/5 219/28/25
f 86/30/5 203/18/15 1226/27/24
f 322/193/179 93/166/70 1307/194/180
f 1307/194/180 9/147/70 336/195/181
f 91/73/5 208/196/182 1/5/5
f 239/197/183 90/173/160 5/157/145
f 356/104/97 97/163/151 1357/177/164
f 327/129/119 98/116/70 7/111/70
s 3
f 487/198/184 128/199/185 33/200/186
f 1462/201/187 1554/202/188 134/203/189
f 134/203/189 763/204/190 1506/205/191
f 747/206/192 129/207/193 1502/208/194
f 513/209/195 125/210/196 1451/211/197
f 1426/212/198 1543/213/199 135/170/157
f 136/214/200 709/215/201 1492/216/202
f 1502/208/194 1512/217/203 728/218/204
f 475/219/205 122/220/206 28/221/207
f 448/222/208 133/223/209 1525/224/210
f 1477/225/211 1482/226/212 657/227/213
f 133/223/209 672/228/214 1487/229/215
f 26/230/216 1418/231/217 122/220/206
f 30/232/218 1422/233/219 603/234/220
f 31/235/221 1422/233/219 125/210/196
f 1437/236/222 1544/237/223 461/238/224
f 1432/239/225 1517/240/226 118/241/227
f 32/242/228 1404/243/229 127/244/230
f 33/200/186 1409/245/231 566/246/232
f 436/247/233 120/248/234 1427/249/235
f 1437/236/222 1521/250/236 132/251/237
s 4
f 1417/252/238 1421/253/239 549/254/240
s 3
f 29/255/241 1403/256/242 585/257/243
f 487/198/184 126/258/244 1456/259/245
f 475/219/205 121/260/246 1431/261/247
f 26/230/216 1398/262/248 568/263/249
f 33/200/186 1399/264/250 126/258/244
f 499/265/251 136/214/200 1548/266/252
f 449/267/253 117/268/254 1452/269/255
f 34/270/256 1409/245/231 128/199/185
f 34/270/256 1404/243/229 605/271/257
f 1452/269/255 1531/272/258 514/273/259
f 1446/274/260 1530/275/261 136/214/200
f 27/276/262 1413/277/263 584/278/264
f 28/221/207 1413/277/263 121/260/246
f 450/279/265 123/280/266 1442/281/267
f 524/282/268 126/258/244 32/242/228
f 28/221/207 1418/231/217 548/283/269
f 135/170/157 621/284/270 1472/285/271
f 525/286/272 134/203/189 1534/287/273
f 1467/288/274 1539/289/275 137/290/276
s 4
f 1408/291/277 1417/252/238 567/292/278
s 3
f 27/276/262 1398/262/248 120/248/234
f 540/293/279 137/290/276 1553/294/280
f 523/295/281 116/296/282 1457/297/283
f 29/255/241 1412/298/284 124/299/285
f 30/232/218 1403/256/242 123/280/266
f 1441/300/286 1549/301/287 133/223/209
f 31/235/221 1412/298/284 550/302/288
s 4
f 604/303/289 119/304/290 1408/291/277
s 3
f 32/242/228 1399/264/250 586/305/291
f 1534/287/273 1506/205/191 746/306/292
f 1553/294/280 1511/307/293 764/308/294
f 137/290/276 729/309/295 1511/307/293
f 118/241/227 640/310/296 1476/311/297
f 132/251/237 622/312/298 1544/237/223
f 132/251/237 658/313/299 1481/314/300
f 1526/315/301 1496/316/302 117/268/254
f 1548/266/252 1492/216/202 673/317/303
f 117/268/254 710/318/304 1531/272/258
f 460/319/305 122/220/206 1436/320/306
f 473/321/307 118/241/227 1522/322/308
f 1522/322/308 1476/311/297 656/323/309
f 1516/171/158 1472/285/271 638/324/310
f 450/279/265 125/210/196 30/232/218
f 498/325/311 123/280/266 29/255/241
f 674/326/312 131/327/313 1486/328/314
f 1486/328/314 1497/329/315 691/330/316
f 524/282/268 127/244/230 1461/331/317
f 539/332/318 127/244/230 34/270/256
f 1512/217/203 1507/333/319 765/334/320
f 1535/335/321 1501/336/322 116/296/282
f 436/247/233 121/260/246 27/276/262
f 460/319/305 120/248/234 26/230/216
f 1482/226/212 1471/337/323 623/338/324
f 639/339/325 130/340/326 1477/225/211
f 498/325/311 124/299/285 1447/341/327
f 513/209/195 124/299/285 31/235/221
f 1497/329/315 1491/342/328 711/343/329
f 1525/224/210 1487/229/215 690/344/330
f 539/332/318 128/199/185 1466/345/331
f 1457/297/283 1540/346/332 485/347/333
f 116/296/282 727/348/334 1540/346/332
s 5
f 1617/349/335 35/350/336 781/351/337
f 1568/352/338 54/353/339 156/354/340
f 139/355/336 806/356/341 37/357/336
f 795/358/342 164/359/343 1578/360/344
f 38/361/336 1582/362/345 785/363/346
f 780/364/347 156/354/340 50/365/348
f 791/366/349 152/367/350 48/368/351
f 805/369/352 159/370/353 1573/371/354
f 37/357/336 1557/372/355 801/373/356
f 1572/374/357 38/361/336 138/375/336
f 1578/360/344 56/376/358 810/377/359
f 1588/378/360 53/379/361 816/380/362
f 1583/381/363 60/382/364 786/383/365
f 810/377/359 158/384/366 1593/385/367
f 1593/385/367 57/386/368 820/387/369
f 1603/388/370 52/389/371 826/390/372
f 140/391/336 815/392/373 1582/362/345
f 820/387/369 165/393/374 1608/394/375
f 1608/394/375 1720/395/376 832/396/377
f 848/397/378 163/398/379 1603/388/370
f 141/399/336 825/400/380 1587/401/381
f 1618/402/382 50/365/348 154/403/383
f 853/404/384 154/403/383 51/405/385
f 859/406/386 160/407/387 47/408/388
f 35/350/336 1562/409/389 139/355/336
f 1633/410/390 51/405/385 162/411/391
f 864/412/392 162/411/391 55/413/393
f 1628/414/394 1717/415/395 160/407/387
f 40/416/336 1612/417/396 143/418/336
f 156/354/340 907/419/397 1647/420/398
f 44/421/399 1663/422/400 147/423/399
f 58/424/401 1657/425/402 164/359/343
f 916/426/403 148/427/399 1673/428/404
f 154/403/383 887/429/405 1697/430/406
f 49/431/407 1642/432/408 912/433/409
f 49/431/407 1652/434/410 159/370/353
f 153/435/411 896/436/412 1642/432/408
f 166/437/413 907/419/397 54/353/339
f 167/438/414 891/439/415 60/382/364
f 53/379/361 1662/440/416 167/438/414
f 56/376/358 1672/441/417 158/384/366
f 1658/442/418 42/443/399 916/426/403
f 155/444/419 921/445/420 53/379/361
f 52/389/371 1667/446/421 155/444/419
f 57/386/368 1687/447/422 165/393/374
f 1673/428/404 45/448/423 926/449/424
f 163/398/379 931/450/425 52/389/371
f 59/451/426 1682/452/427 163/398/379
f 165/393/374 937/453/428 1720/395/376
f 886/454/429 146/455/399 41/456/399
f 48/368/351 1692/457/430 896/436/412
f 152/367/350 963/458/431 1692/457/430
f 162/411/391 959/459/432 1712/460/433
f 150/461/399 958/462/434 1698/463/435
f 47/408/388 1707/464/436 963/458/431
f 160/407/387 975/465/437 1707/464/436
f 55/413/393 1712/460/433 968/466/438
f 1563/467/439 48/368/351 153/435/411
f 1623/468/440 55/469/393 157/470/441
f 157/470/441 968/471/438 1702/472/442
f 41/456/399 1643/473/443 897/474/444
f 806/356/341 138/375/336 37/357/336
f 1573/371/354 58/424/401 795/358/342
f 159/370/353 902/475/445 58/424/401
f 146/455/399 911/476/446 1643/473/443
f 144/477/336 858/478/447 40/416/336
f 781/351/337 139/355/336 1567/479/448
f 50/365/348 1647/420/398 887/429/405
f 964/480/449 151/481/399 46/482/399
f 816/380/362 167/438/414 1583/381/363
f 1598/483/450 1721/484/451 161/485/452
f 161/485/452 936/486/453 1677/487/454
f 147/423/399 922/488/455 42/443/399
f 786/383/365 166/437/413 1558/489/456
f 805/369/352 153/435/411 49/431/407
f 1648/490/457 43/491/399 146/455/399
f 60/382/364 1637/492/458 166/437/413
f 1622/493/459 1627/494/460 144/477/336
f 863/495/461 144/477/336 1632/496/462
f 151/481/399 969/497/463 1713/498/464
f 1708/499/465 1703/500/466 151/481/399
f 39/501/467 1602/502/468 825/400/380
f 1577/503/469 36/504/336 140/391/336
f 164/359/343 917/505/470 56/376/358
f 45/448/423 1683/506/471 149/507/472
f 796/508/473 140/391/336 38/361/336
f 811/509/474 141/399/336 36/504/336
f 145/510/399 911/476/446 43/491/399
f 44/421/399 1653/511/475 145/510/399
f 1613/512/476 47/408/388 152/367/350
f 41/456/399 1698/463/435 886/454/429
s 6
f 1783/513/477 61/514/478 991/515/479
s 5
f 1693/516/480 46/482/399 150/461/399
f 142/517/481 849/518/482 1602/502/468
f 1607/519/483 1597/520/484 142/517/481
f 1688/521/485 1678/522/486 938/523/487
f 149/507/472 953/524/488 1678/522/486
f 1623/468/440 1718/525/489 868/526/490
f 854/527/491 143/418/336 1617/349/335
f 51/405/385 1697/430/406 959/459/432
f 157/470/441 973/528/492 1718/525/489
f 826/390/372 155/444/419 1588/378/360
f 1632/496/462 40/416/336 854/527/491
f 46/482/399 1713/498/464 958/462/434
f 148/427/399 932/529/493 45/448/423
f 36/504/336 1587/401/381 815/392/373
f 1558/489/456 54/353/339 800/530/494
f 901/531/495 147/423/399 1658/442/418
f 42/443/399 1668/532/496 148/427/399
f 1598/483/450 59/451/426 848/397/378
f 1592/533/497 39/501/467 141/399/336
f 158/384/366 927/534/498 57/386/368
f 161/485/452 954/535/499 59/451/426
f 1567/479/448 37/357/336 801/373/356
f 138/375/336 785/363/346 1557/372/355
f 892/536/500 145/510/399 1638/537/501
f 1638/537/501 43/491/399 906/538/502
f 143/418/336 790/539/503 35/350/336
f 821/540/504 142/517/481 39/501/467
f 926/449/424 149/507/472 1688/521/485
f 897/474/444 150/461/399 41/456/399
s 6
f 1734/541/505 80/542/506 186/543/507
f 169/544/478 1016/545/508 63/546/478
f 1005/547/509 194/548/510 1744/549/511
f 64/550/478 1748/551/512 995/552/513
f 990/553/514 186/543/507 76/554/515
f 1001/555/516 182/556/517 74/557/518
f 1015/558/519 189/559/520 1739/560/521
f 63/546/478 1723/561/522 1011/562/523
f 1738/563/524 64/550/478 168/564/478
f 1744/549/511 82/565/525 1020/566/526
f 1754/567/527 79/568/528 1026/569/529
f 1749/570/530 85/571/531 996/572/532
f 1020/566/526 188/573/533 1759/574/534
f 1759/574/534 83/575/535 1030/576/536
f 1769/577/537 78/578/538 1036/579/539
f 170/580/478 1025/581/540 1748/551/512
f 1030/576/536 195/582/541 1774/583/542
f 1774/583/542 1886/584/543 1042/585/544
f 1058/586/545 193/587/546 1769/577/537
f 171/588/547 1035/589/548 1753/590/549
f 1784/591/550 76/554/515 184/592/551
f 1075/593/552 184/592/551 77/594/553
f 1081/595/554 190/596/555 73/597/556
f 61/514/478 1728/598/557 169/544/478
f 1799/599/558 77/594/553 192/600/559
f 1086/601/560 192/600/559 81/602/561
f 1794/603/562 1883/604/563 190/596/555
f 66/605/478 1778/606/564 173/607/478
f 186/543/507 1129/608/565 1813/609/566
f 70/610/567 1829/611/568 177/612/567
f 84/613/569 1823/614/570 194/548/510
f 1138/615/571 178/616/572 1839/617/573
f 184/592/551 1109/618/574 1863/619/575
f 75/620/576 1808/621/577 1134/622/578
f 75/620/576 1818/623/579 189/559/520
f 183/624/580 1118/625/581 1808/621/577
f 196/626/582 1129/608/565 80/542/506
f 197/627/583 1113/628/584 85/571/531
f 79/568/528 1828/629/585 197/627/583
f 82/565/525 1838/630/586 188/573/533
f 1824/631/587 68/632/588 1138/615/571
f 185/633/589 1143/634/590 79/568/528
f 78/578/538 1833/635/591 185/633/589
f 83/575/535 1853/636/592 195/582/541
f 1839/617/573 71/637/593 1148/638/594
f 193/587/546 1153/639/595 78/578/538
f 1890/640/596 1848/641/597 193/587/546
f 195/582/541 1159/642/598 1886/584/543
f 1108/643/599 176/644/567 67/645/567
f 74/557/518 1858/646/600 1118/625/581
f 182/556/517 1199/647/601 1858/646/600
f 192/600/559 1195/648/602 1878/649/603
f 180/650/567 1194/651/604 1864/652/605
f 73/597/556 1873/653/606 1199/647/601
f 190/596/555 1211/654/607 1873/653/606
f 81/602/561 1878/649/603 1204/655/608
f 1729/656/609 74/557/518 183/624/580
f 1789/657/610 81/602/561 187/658/611
f 187/658/611 1204/655/608 1868/659/612
f 67/645/567 1809/660/613 1119/661/614
f 1016/545/508 168/564/478 63/546/478
f 1739/560/521 84/613/569 1005/547/509
f 189/559/520 1124/662/615 84/613/569
f 176/644/567 1133/663/616 1809/660/613
f 174/664/478 1080/665/617 66/605/478
f 991/515/479 169/544/478 1733/666/618
f 76/554/515 1813/609/566 1109/618/574
f 1200/667/619 181/668/567 72/669/567
f 1026/569/529 197/627/583 1749/570/530
f 1764/670/620 1887/671/621 191/672/622
f 191/672/622 1158/673/623 1843/674/624
f 177/612/567 1144/675/625 68/632/588
f 996/572/532 196/626/582 1724/676/626
f 1015/558/519 183/624/580 75/620/576
f 1814/677/627 69/678/567 176/644/567
f 85/571/531 1803/679/628 196/626/582
f 1788/680/629 1793/681/630 174/664/478
f 1085/682/631 174/664/478 1798/683/632
f 181/668/567 1205/684/633 1879/685/634
f 1874/686/635 1869/687/636 181/668/567
f 65/688/637 1768/689/638 1035/589/548
f 1743/690/639 62/691/640 170/580/478
f 194/548/510 1139/692/641 82/565/525
f 71/637/593 1849/693/642 179/694/643
f 1006/695/644 170/580/478 64/550/478
f 1021/696/645 171/588/547 62/691/640
f 175/697/567 1133/663/616 69/678/567
f 70/610/567 1819/698/646 175/697/567
f 1779/699/647 73/597/556 182/556/517
f 67/645/567 1864/652/605 1108/643/599
f 1859/700/648 72/669/567 180/650/567
f 172/701/649 1059/702/650 1768/689/638
f 1773/703/651 1763/704/652 172/701/649
f 1854/705/653 1844/706/654 1160/707/655
f 179/694/643 1176/708/656 1844/706/654
f 1789/657/610 1884/709/657 1090/710/658
f 1076/711/659 173/607/478 1783/513/477
f 77/594/553 1863/619/575 1195/648/602
f 187/658/611 1209/712/660 1884/709/657
f 1036/579/539 185/633/589 1754/567/527
f 1798/683/632 66/605/478 1076/711/659
f 72/669/567 1879/685/634 1194/651/604
f 178/616/572 1154/713/661 71/637/593
f 62/691/640 1753/590/549 1025/581/540
f 1724/676/626 80/542/506 1010/714/662
f 1123/715/663 177/612/567 1824/631/587
f 68/632/588 1834/716/664 178/616/572
f 1764/670/620 1891/717/665 1057/718/666
f 1758/719/667 65/688/637 171/588/547
f 188/573/533 1149/720/668 83/575/535
f 191/672/622 1175/721/669 1891/717/665
f 1733/666/618 63/546/478 1011/562/523
f 168/564/478 995/552/513 1723/561/522
f 1114/722/670 175/697/567 1804/723/671
f 1804/723/671 69/678/567 1128/724/672
f 173/607/478 1000/725/673 61/514/478
f 1031/726/674 172/701/649 65/688/637
f 1148/638/594 179/694/643 1854/705/653
f 1119/661/614 180/650/567 67/645/567
s 2
f 248/727/675 254/728/676 253/729/677
f 251/730/678 255/731/679 254/728/676
f 253/729/677 254/728/676 264/732/680
f 254/728/676 256/733/681 264/732/680
f 257/734/682 259/735/683 249/736/684
f 258/737/685 260/738/686 257/739/682
f 260/740/686 252/741/687 259/735/683
f 261/742/688 255/731/679 260/740/686
f 250/51/689 263/743/690 262/744/691
s 7
f 253/745/692 264/746/692 263/743/692
s 2
f 262/744/691 261/747/693 258/737/694
f 263/743/690 256/748/695 261/747/693
f 283/749/696 285/750/697 280/751/698
f 284/752/699 286/753/700 283/749/696
f 286/753/700 295/754/701 285/750/697
f 286/753/700 287/755/702 288/756/703
f 281/757/139 292/758/704 291/759/705
f 289/760/706 293/761/707 292/758/704
f 291/759/705 287/755/702 284/752/699
f 292/758/704 288/762/703 287/755/702
f 294/763/708 296/764/709 282/67/62
f 295/754/701 297/765/710 294/763/708
f 297/765/710 290/766/711 296/764/709
f 297/765/710 288/762/703 293/761/712
f 298/182/169 303/767/713 302/768/714
f 301/769/715 304/770/716 303/767/713
f 302/768/714 315/771/717 312/772/718
f 303/767/713 305/773/719 315/771/717
f 299/774/720 309/775/721 308/776/722
f 306/777/723 310/778/724 309/775/721
f 308/776/725 304/770/726 301/769/727
f 309/775/721 305/773/728 304/770/726
f 311/779/729 313/780/730 300/781/731
f 312/772/718 314/782/732 311/783/729
f 314/782/732 307/784/733 313/785/730
f 315/771/717 310/778/734 314/782/732
f 366/142/131 371/786/735 370/787/736
f 369/788/737 372/789/738 371/786/735
f 370/787/736 382/790/739 379/791/740
f 371/786/735 373/792/741 382/790/739
f 367/108/101 376/793/742 369/794/743
f 374/795/744 377/796/745 376/793/742
f 369/794/743 376/793/742 372/789/746
f 376/793/742 373/792/747 372/789/746
f 378/797/748 380/798/749 368/179/166
f 379/791/740 381/799/750 378/797/748
f 381/799/750 375/800/751 380/798/749
f 382/790/752 377/796/745 381/799/750
f 401/801/753 403/802/754 398/126/116
f 402/803/755 404/804/756 401/801/753
f 404/804/756 413/805/757 403/802/754
f 404/804/756 406/806/758 416/807/759
f 407/808/760 409/809/761 399/121/111
f 408/810/762 410/811/763 407/808/760
f 410/811/763 402/803/755 409/809/761
f 411/812/764 405/813/765 410/811/763
f 412/814/766 414/815/767 400/153/141
f 413/805/757 415/816/768 412/814/766
f 414/815/767 411/812/764 408/810/762
f 415/816/768 406/806/758 411/812/764
f 417/184/171 422/817/769 430/818/770
f 420/819/771 423/820/772 422/817/769
f 430/818/770 422/817/769 433/821/773
f 422/817/769 424/822/774 433/821/775
f 425/823/776 427/824/777 418/825/778
f 426/826/779 428/827/780 425/823/776
f 428/827/780 421/828/781 427/824/777
f 429/829/782 423/820/783 428/827/780
f 419/120/110 432/830/784 431/831/785
f 430/832/786 433/821/787 432/830/784
f 431/831/785 429/829/782 426/826/779
f 432/830/784 424/822/788 429/829/782
s 3
f 437/833/789 439/834/790 434/169/156
f 437/833/789 438/835/791 440/836/792
f 439/834/790 440/836/792 445/837/793
s 8
f 440/838/794 441/839/795 445/840/796
s 3
f 442/841/797 444/842/798 435/843/799
f 442/841/797 443/844/800 440/845/792
f 444/842/798 440/838/792 438/835/791
s 8
f 440/845/801 443/844/802 441/839/795
f 446/846/803 445/840/796 447/847/804
f 446/848/803 447/847/804 443/849/802
f 445/840/796 443/844/802 447/847/804
s 3
f 448/222/208 451/850/805 453/851/806
s 9
f 451/850/807 452/852/808 453/853/809
s 10
f 453/853/810 454/854/810 456/855/810
s 3
f 449/267/253 453/856/811 455/857/812
s 9
f 455/857/813 453/858/809 452/852/808
s 11
f 457/859/814 458/860/815 456/861/816
s 3
f 459/862/817 462/863/818 464/864/819
f 462/863/818 470/865/820 464/864/819
f 462/863/818 465/866/821 472/867/822
s 12
f 466/868/823 468/869/824 460/319/825
s 3
f 468/869/826 467/870/827 463/871/828
f 461/238/224 469/872/829 471/873/830
f 469/872/831 472/867/832 471/874/833
f 471/874/834 463/875/828 467/876/827
f 471/874/833 465/866/835 463/875/836
f 473/321/307 476/877/837 478/878/838
f 476/877/837 477/879/839 478/880/838
s 13
f 478/880/840 1895/3/840 483/2/840
s 3
f 478/881/838 479/882/841 1895/883/842
f 474/884/843 481/885/844 480/886/845
s 14
f 481/887/846 484/888/846 1895/883/847
s 3
f 481/885/848 477/879/839 480/886/849
f 485/347/333 488/889/850 489/890/851
s 15
f 489/891/852 490/892/853 495/893/852
s 3
f 486/894/854 493/895/855 492/896/856
s 16
f 493/897/857 491/898/857 495/899/858
s 17
f 492/896/859 489/891/860 488/900/861
f 493/895/862 490/892/863 489/891/860
s 18
f 494/901/864 496/902/865 487/198/866
s 3
f 500/903/867 502/904/868 497/905/869
f 500/903/867 501/906/870 503/907/871
f 502/904/868 503/908/871 509/909/872
f 503/907/871 501/906/870 504/910/873
f 506/911/874 507/912/875 505/913/876
f 505/914/876 507/912/875 501/915/870
f 507/912/875 504/910/873 501/906/870
f 508/916/877 510/917/878 499/265/251
f 509/909/872 511/918/879 508/916/877
f 511/918/879 506/911/874 510/917/878
f 511/918/879 503/908/871 504/919/873
f 512/920/880 515/921/881 517/922/882
s 19
f 515/923/883 516/924/883 520/925/883
s 20
f 516/926/884 519/927/885 518/928/886
s 3
f 514/273/259 521/929/887 522/930/888
s 21
f 517/931/889 522/932/890 521/929/891
s 22
f 522/932/892 520/925/892 516/926/893
s 21
f 522/932/890 515/933/894 520/925/895
s 3
f 526/934/896 528/935/897 523/295/281
f 526/934/896 527/936/898 529/937/899
f 528/935/897 529/938/899 535/939/900
f 529/937/899 527/936/898 530/940/901
f 532/941/902 531/942/903 533/943/904
f 532/944/902 533/943/904 527/945/898
f 531/942/903 527/936/898 533/943/904
f 534/946/905 536/947/906 525/286/272
f 535/939/900 537/948/907 534/946/905
f 536/947/906 537/948/907 531/949/903
f 537/948/907 530/940/901 531/942/903
f 538/950/908 541/951/909 542/952/910
s 23
f 545/953/911 543/954/912 541/955/913
s 3
f 540/293/279 546/956/914 547/957/915
s 24
f 546/956/916 541/958/917 547/959/918
s 25
f 547/959/919 1896/960/920 545/961/920
s 24
f 547/959/918 543/962/921 1896/960/922
s 3
f 548/283/269 554/963/923 553/964/924
f 552/965/925 554/963/923 551/966/926
f 554/963/923 562/967/927 553/964/924
f 554/963/923 555/968/928 565/969/929
s 4
f 549/254/240 559/970/930 558/971/931
f 556/972/932 560/973/933 559/970/930
f 558/971/931 555/974/934 552/975/935
s 26
f 559/970/936 565/976/937 555/974/938
s 3
f 561/977/939 563/978/940 550/302/288
f 562/967/927 564/979/941 561/977/939
f 564/979/941 557/980/942 563/978/940
f 564/979/941 565/981/943 560/982/944
f 569/983/945 571/984/946 566/246/232
f 570/985/947 572/986/948 569/983/945
f 572/986/948 580/987/949 571/984/946
f 572/986/948 573/988/950 583/989/951
s 4
f 567/292/278 577/990/952 576/991/953
f 574/992/954 578/993/955 577/990/952
f 576/994/953 573/988/956 570/985/957
s 27
f 577/995/958 583/996/959 573/988/960
s 3
f 579/997/961 581/998/962 568/263/249
f 580/987/949 582/999/963 579/997/961
f 582/999/963 575/1000/964 581/998/962
f 582/999/963 583/996/965 578/1001/966
f 587/1002/967 589/1003/968 584/278/264
f 588/1004/969 590/1005/970 587/1002/967
f 590/1005/970 599/1006/971 589/1003/968
f 590/1005/970 592/1007/972 602/1008/973
f 593/1009/974 595/1010/975 585/257/243
f 594/1011/976 596/1012/977 593/1009/974
f 596/1012/977 588/1004/969 595/1010/975
f 596/1012/977 592/1007/972 591/1013/978
f 598/1014/979 600/1015/980 586/305/291
f 599/1006/971 601/1016/981 598/1014/979
f 601/1016/981 594/1011/976 600/1015/980
f 601/1016/981 592/1007/972 597/1017/982
f 606/1018/983 608/1019/984 603/234/220
f 607/1020/985 609/1021/986 606/1018/983
f 609/1021/986 617/1022/987 608/1019/984
f 609/1021/986 610/1023/988 620/1024/989
s 4
f 604/303/289 614/1025/990 613/1026/991
f 611/1027/992 615/1028/993 614/1029/990
f 613/1026/991 610/1030/994 607/1031/995
s 28
f 614/1029/996 620/1032/997 610/1023/998
s 3
f 605/271/257 619/1033/999 618/1034/1000
f 617/1022/987 619/1033/999 616/1035/1001
f 619/1033/999 612/1036/1002 618/1034/1000
f 619/1033/999 620/1032/1003 615/1028/1004
f 621/284/270 627/1037/1005 626/1038/1006
f 624/1039/1007 625/1040/1008 627/1037/1005
f 626/1038/1006 637/1041/1009 634/1042/1010
f 627/1043/1005 628/1044/1011 637/1041/1009
f 622/312/298 627/1045/1012 631/1046/1013
f 629/1047/1014 632/1048/1015 627/1045/1012
f 631/1046/1013 627/1043/1012 625/1040/1016
f 627/1045/1012 632/1048/1015 628/1044/1011
f 633/1049/1017 635/1050/1018 623/1051/324
f 634/1042/1010 636/1052/1019 633/1049/1017
f 636/1052/1019 630/1053/1020 635/1050/1018
f 637/1041/1009 632/1048/1015 636/1052/1019
f 641/1054/1021 643/1055/1022 638/324/310
f 642/1056/1023 644/1057/1024 641/1054/1021
f 644/1057/1024 652/1058/1025 643/1055/1022
f 644/1057/1024 645/1059/1026 655/1060/1027
f 646/1061/1028 648/1062/1029 639/1063/325
f 647/1064/1030 649/1065/1031 646/1061/1028
f 649/1065/1031 642/1056/1023 648/1062/1029
f 650/1066/1032 645/1059/1026 649/1065/1031
f 651/1067/1033 653/1068/1034 640/310/296
f 652/1058/1025 654/1069/1035 651/1067/1033
f 654/1069/1035 647/1064/1030 653/1068/1034
f 654/1069/1035 655/1070/1027 650/1066/1032
f 656/323/309 662/1071/1036 661/1072/1037
f 659/1073/1038 663/1074/1039 662/1071/1036
f 661/1072/1037 662/1075/1036 669/1076/1040
f 664/1077/1041 666/1078/1042 657/1079/213
f 665/1080/1043 667/1081/1044 664/1077/1041
f 667/1081/1045 660/1082/1046 666/1078/1042
f 658/313/299 671/1083/1047 670/1084/1048
s 29
f 668/1085/1049 662/1075/1050 671/1083/1051
s 3
f 670/1084/1048 663/1086/1052 665/1080/1043
s 29
f 671/1083/1051 662/1075/1050 663/1086/1053
s 3
f 675/1087/1054 677/1088/1055 672/228/214
f 676/1089/1056 678/1090/1057 675/1087/1054
f 678/1090/1057 686/1091/1058 677/1088/1055
f 678/1090/1057 679/1092/1059 689/1093/1060
f 680/1094/1061 682/1095/1062 673/317/303
f 681/1096/1063 683/1097/1064 680/1094/1061
f 683/1097/1064 676/1089/1056 682/1095/1062
f 683/1097/1064 684/1098/1065 679/1099/1059
f 685/1100/1066 687/1101/1067 674/1102/312
f 686/1091/1058 688/1103/1068 685/1100/1066
f 688/1103/1068 681/1096/1063 687/1101/1067
f 689/1093/1060 684/1098/1065 688/1103/1068
f 690/344/330 696/1104/1069 695/1105/1070
f 693/1106/1071 697/1107/1072 696/1104/1069
f 695/1105/1070 708/1108/1073 705/1109/1074
f 696/1104/1069 698/1110/1075 708/1108/1073
f 699/1111/1076 701/1112/1077 691/1113/316
f 700/1114/1078 702/1115/1079 699/1111/1076
f 702/1115/1079 694/1116/1080 701/1112/1077
f 703/1117/1081 697/1107/1082 702/1115/1079
f 692/1118/1083 707/1119/1084 706/1120/1085
f 704/1121/1086 708/1108/1087 707/1119/1084
f 706/1120/1085 703/1117/1088 700/1114/1078
f 707/1119/1084 698/1110/1089 703/1117/1088
f 709/215/201 714/1122/1090 713/1123/1091
f 712/1124/1092 715/1125/1093 714/1122/1090
f 713/1123/1091 726/1126/1094 723/1127/1095
f 714/1122/1090 716/1128/1096 726/1126/1094
f 710/318/304 720/1129/1097 719/1130/1098
f 717/1131/1099 721/1132/1100 720/1129/1097
f 719/1130/1101 715/1125/1102 712/1124/1103
f 720/1129/1097 716/1128/1104 715/1125/1102
f 722/1133/1105 724/1134/1106 711/1135/329
f 723/1127/1095 725/1136/1107 722/1133/1105
f 725/1136/1107 718/1137/1108 724/1134/1106
f 726/1126/1094 721/1132/1109 725/1136/1107
f 727/348/334 733/1138/1110 732/1139/1111
f 730/1140/1112 734/1141/1113 733/1138/1110
f 732/1139/1111 733/1138/1110 744/1142/1114
f 733/1138/1110 735/1143/1115 744/1142/1114
f 736/1144/1116 738/1145/1117 728/1146/204
f 737/1147/1118 739/1148/1119 736/1144/1116
f 739/1148/1119 731/1149/1120 738/1145/1117
f 740/1150/1121 734/1141/1113 739/1148/1119
f 729/309/295 743/1151/1122 742/1152/1123
f 741/1153/1124 744/1142/1125 743/1151/1122
f 742/1152/1123 740/1150/1121 737/1147/1118
f 743/1151/1122 735/1143/1115 740/1150/1121
f 748/1154/1126 750/1155/1127 745/1156/1128
f 749/1157/1129 751/1158/1130 748/1154/1126
f 751/1158/1130 759/1159/1131 750/1155/1127
f 751/1158/1130 752/1160/1132 762/1161/1133
f 753/1162/1134 755/1163/1135 746/306/292
f 754/1164/1136 756/1165/1137 753/1162/1134
f 756/1165/1137 749/1157/1129 755/1163/1135
f 756/1165/1137 757/1166/1138 752/1167/1132
f 758/1168/1139 760/1169/1140 747/1170/192
f 759/1159/1131 761/1171/1141 758/1168/1139
f 761/1171/1141 754/1164/1136 760/1169/1140
f 762/1161/1133 757/1166/1138 761/1171/1141
f 763/204/190 769/1172/1142 768/1173/1143
s 30
f 766/1174/1144 767/1175/1145 769/1172/1144
s 3
f 768/1173/1143 779/1176/1146 776/1177/1147
f 769/1178/1142 770/1179/1148 779/1176/1146
f 764/308/294 774/1180/1149 773/1181/1150
f 771/1182/1151 779/1183/1152 774/1180/1153
f 774/1180/1153 767/1175/1154 773/1181/1155
f 774/1180/1153 770/1179/1156 769/1178/1157
f 775/1184/1158 777/1185/1159 765/1186/320
f 776/1177/1147 778/1187/1160 775/1184/1158
f 778/1187/1161 772/1188/1162 777/1185/1159
s 5
f 830/1189/1163 836/1190/1164 835/1191/1165
f 833/1192/1166 837/1193/1167 836/1190/1164
f 835/1191/1165 836/1190/1164 847/1194/1168
f 836/1190/1164 838/1195/1169 847/1194/1168
f 839/1196/1170 841/1197/1171 831/1198/1172
f 840/1199/1173 842/1200/1174 839/1196/1170
f 842/1200/1174 834/1201/1175 841/1197/1171
f 843/1202/1176 837/1193/1167 842/1200/1174
f 832/396/377 846/1203/1177 845/1204/1178
f 844/1205/1179 847/1194/1180 846/1206/1177
f 845/1207/1178 843/1202/1181 840/1199/1182
f 846/1206/1177 838/1195/1183 843/1202/1181
f 868/526/490 873/1208/1184 872/1209/1185
f 871/1210/1186 874/1211/1187 873/1208/1184
f 872/1209/1185 885/1212/1188 882/1213/1189
f 873/1208/1184 875/1214/1190 885/1212/1188
f 869/1215/1191 879/1216/1192 878/1217/1193
f 876/1218/1194 880/1219/1195 879/1220/1192
f 878/1221/1196 874/1211/1197 871/1210/1198
f 879/1220/1192 875/1214/1199 874/1211/1197
f 881/1222/1200 883/1223/1201 870/1224/1202
f 882/1213/1189 884/1225/1203 881/1222/1200
f 884/1225/1203 877/1226/1204 883/1223/1201
f 885/1212/1188 880/1219/1205 884/1225/1203
f 936/486/453 941/1227/1206 940/1228/1207
f 939/1229/1208 942/1230/1209 941/1227/1206
f 940/1228/1207 952/1231/1210 949/1232/1211
f 941/1227/1206 943/1233/1212 952/1231/1210
f 937/453/428 946/1234/1213 939/1235/1214
f 944/1236/1215 947/1237/1216 946/1234/1213
f 939/1235/1214 946/1234/1213 942/1230/1217
f 946/1234/1213 943/1233/1218 942/1230/1217
f 948/1238/1219 950/1239/1220 938/523/487
f 949/1232/1211 951/1240/1221 948/1238/1219
f 951/1240/1221 945/1241/1222 950/1239/1220
f 952/1231/1223 947/1237/1216 951/1240/1221
f 973/528/492 979/1242/1224 978/1243/1225
f 976/1244/1226 980/1245/1227 979/1242/1224
f 978/1243/1225 979/1242/1224 989/1246/1228
f 979/1242/1224 981/1247/1229 989/1246/1228
f 982/1248/1230 984/1249/1231 974/1250/1232
f 983/1251/1233 985/1252/1234 982/1248/1230
f 985/1252/1234 977/1253/1235 984/1249/1231
f 986/1254/1236 980/1255/1237 985/1252/1234
f 975/465/437 988/1256/1238 987/1257/1239
f 978/1258/1240 989/1259/1241 988/1256/1238
f 987/1257/1239 986/1254/1236 983/1251/1233
f 988/1256/1238 981/1260/1242 986/1254/1236
s 6
f 1040/1261/1243 1045/1262/1244 1053/1263/1245
f 1043/1264/1246 1046/1265/1247 1045/1262/1244
f 1053/1263/1245 1045/1262/1244 1056/1266/1248
f 1045/1262/1244 1047/1267/1249 1056/1266/1248
f 1048/1268/1250 1050/1269/1251 1041/1270/1252
f 1049/1271/1253 1051/1272/1254 1048/1273/1250
f 1051/1274/1254 1044/1275/1255 1050/1269/1251
f 1052/1276/1256 1046/1265/1247 1051/1274/1254
f 1042/585/544 1055/1277/1257 1054/1278/1258
f 1053/1279/1259 1056/1280/1260 1055/1277/1257
f 1054/1278/1258 1052/1281/1261 1049/1271/1253
f 1055/1277/1257 1047/1282/1262 1052/1281/1261
f 1060/1283/1263 1062/1284/1264 1057/718/666
f 1061/1285/1265 1063/1286/1266 1060/1283/1263
f 1063/1286/1266 1071/1287/1267 1062/1284/1264
f 1063/1286/1266 1064/1288/1268 1074/1289/1269
f 1065/1290/1270 1067/1291/1271 1058/1292/545
f 1066/1293/1272 1068/1294/1273 1065/1290/1270
f 1067/1291/1271 1064/1295/1268 1061/1285/1265
f 1068/1294/1273 1069/1296/1274 1064/1295/1268
f 1059/702/650 1073/1297/1275 1072/1298/1276
f 1070/1299/1277 1074/1289/1278 1073/1297/1275
f 1072/1298/1276 1069/1296/1279 1066/1293/1280
f 1073/1297/1281 1064/1288/1268 1069/1296/1274
f 1090/1300/658 1095/1301/1282 1094/1302/1283
f 1093/1303/1284 1096/1304/1285 1095/1301/1282
f 1094/1302/1283 1107/1305/1286 1104/1306/1287
f 1095/1301/1282 1097/1307/1288 1107/1305/1286
f 1091/1308/1289 1101/1309/1290 1100/1310/1291
f 1098/1311/1292 1102/1312/1293 1101/1309/1290
f 1100/1310/1294 1096/1313/1295 1093/1314/1296
f 1101/1309/1290 1097/1315/1297 1096/1313/1295
f 1103/1316/1298 1105/1317/1299 1092/1318/1300
f 1104/1306/1287 1106/1319/1301 1103/1316/1298
f 1106/1319/1301 1099/1320/1302 1105/1317/1299
f 1107/1305/1286 1102/1321/1303 1106/1319/1301
f 1158/673/623 1163/1322/1304 1162/1323/1305
f 1161/1324/1306 1164/1325/1307 1163/1322/1304
f 1162/1323/1305 1174/1326/1308 1171/1327/1309
f 1163/1322/1304 1165/1328/1310 1174/1326/1308
f 1159/642/598 1168/1329/1311 1161/1330/1312
f 1166/1331/1313 1169/1332/1314 1168/1329/1311
f 1161/1333/1312 1168/1334/1311 1164/1325/1315
f 1168/1329/1311 1165/1335/1316 1164/1336/1317
f 1170/1337/1318 1172/1338/1319 1160/707/655
f 1171/1327/1309 1173/1339/1320 1170/1340/1318
f 1173/1341/1320 1167/1342/1321 1172/1338/1319
f 1174/1326/1322 1169/1343/1314 1173/1339/1320
f 1178/1344/1323 1180/1345/1324 1175/721/669
f 1179/1346/1325 1181/1347/1326 1178/1344/1323
f 1181/1347/1326 1190/1348/1327 1180/1345/1324
f 1181/1347/1326 1183/1349/1328 1193/1350/1329
f 1184/1351/1330 1186/1352/1331 1176/708/656
f 1184/1351/1330 1188/1353/1332 1187/1354/1333
f 1187/1355/1333 1179/1346/1325 1186/1356/1331
f 1187/1355/1333 1183/1349/1328 1182/1357/1334
f 1189/1358/1335 1191/1359/1336 1177/1360/1337
f 1190/1348/1327 1192/1361/1338 1189/1358/1335
f 1192/1362/1338 1185/1363/1339 1191/1364/1336
f 1193/1350/1329 1188/1365/1332 1192/1361/1338
f 1209/712/660 1214/1366/1340 1222/1367/1341
f 1212/1368/1342 1215/1369/1343 1214/1366/1340
f 1222/1367/1341 1214/1366/1340 1225/1370/1344
f 1214/1366/1340 1216/1371/1345 1225/1370/1346
f 1217/1372/1347 1219/1373/1348 1210/1374/1349
f 1218/1375/1350 1220/1376/1351 1217/1372/1347
f 1220/1376/1351 1213/1377/1352 1219/1373/1348
f 1221/1378/1353 1215/1369/1354 1220/1376/1351
f 1211/654/607 1224/1379/1355 1223/1380/1356
f 1222/1381/1357 1225/1370/1358 1224/1379/1355
f 1223/1380/1356 1221/1378/1353 1218/1375/1350
f 1224/1379/1355 1216/1371/1359 1221/1378/1353
s 2
f 219/28/25 1228/1382/1360 222/1383/1361
f 222/1384/1361 1229/1385/1362 221/1386/1363
f 221/1386/1364 1230/1387/1365 220/1388/1366
f 1230/1387/1365 218/186/173 220/1388/1366
f 1226/27/24 205/1389/1367 1228/1382/1360
f 1228/1390/1360 206/1391/1368 1229/1385/1362
f 1229/1385/1369 207/1392/1370 1230/1387/1365
f 207/1392/1370 1227/145/134 1230/1387/1365
f 1231/64/59 227/1393/1371 224/11/10
f 1233/1394/1372 226/1395/1373 227/1396/1371
f 1234/1397/1374 225/1398/1375 226/1395/1376
f 225/1398/1375 1232/122/112 223/24/21
f 208/196/182 1233/1399/1372 1231/64/59
f 210/1400/1377 1234/1397/1378 1233/1394/1372
f 211/1401/1379 1235/1402/1380 1234/1397/1374
f 1235/1402/1380 209/21/18 1232/122/112
f 1236/134/124 202/1403/1381 199/6/6
f 1238/1404/1382 201/1405/1383 202/1406/1381
f 1239/1407/1384 200/1408/1385 201/1405/1386
f 200/1408/1385 1237/7/7 198/19/16
f 219/28/25 1238/1409/1382 1236/134/124
f 222/1384/1361 1239/1407/1387 1238/1404/1382
f 221/1386/1364 1240/1410/1388 1239/1407/1384
f 1240/1410/1388 218/186/173 1237/7/7
f 214/164/152 1243/1411/1389 217/1412/1390
f 217/1413/1390 1244/1414/1391 216/1415/1392
f 216/1415/1393 1245/1416/1394 215/1417/1395
f 1245/1416/1394 213/13/11 215/1417/1395
f 1241/29/26 227/1393/1371 1243/1411/1389
f 1243/1418/1389 226/1395/1373 1244/1414/1391
f 1244/1414/1396 225/1398/1375 1245/1416/1394
f 225/1398/1375 1242/26/23 1245/1416/1394
f 229/1419/153 1248/1420/1397 232/1421/1398
f 232/1421/1398 1249/1422/1399 231/1423/1400
f 231/1423/1401 1250/1424/1402 230/1425/1403
f 1250/1424/1402 228/32/28 230/1425/1403
f 1246/159/147 217/1412/1390 1248/1426/1397
f 1248/1420/1397 216/1415/1392 1249/1422/1399
f 1249/1422/1404 215/1417/1395 1250/1424/1402
f 215/1417/1395 1247/15/13 1250/1424/1402
f 203/18/15 1253/1427/1405 205/1389/1367
f 205/1428/1367 1254/1429/1406 206/1391/1368
f 206/1391/1407 1255/1430/1408 207/1392/1370
f 1255/1430/1408 204/38/34 207/1392/1370
f 1251/17/14 235/1431/1409 1253/1427/1405
f 1253/1432/1405 236/1433/1410 1254/1429/1406
f 1254/1429/1411 237/1434/1412 1255/1430/1408
f 237/1434/1412 1252/36/32 1255/1430/1408
f 233/47/42 1258/1435/1413 235/1431/1409
f 235/1436/1409 1259/1437/1414 236/1433/1410
f 236/1433/1415 1260/1438/1416 237/1434/1412
f 1260/1438/1416 234/35/31 237/1434/1412
f 1256/56/51 245/1439/1417 1258/1435/1413
f 1258/1440/1413 246/1441/1418 1259/1437/1414
f 1259/1437/1419 247/1442/1420 1260/1438/1416
f 247/1442/1420 1257/33/29 1260/1438/1416
f 239/1443/183 1263/1444/1421 242/1445/1422
f 242/1445/1422 1264/1446/1423 241/1447/1424
f 241/1447/1425 1265/1448/1426 240/1449/1427
f 1265/1448/1426 238/42/38 240/1449/1427
f 1261/1450/176 232/1421/1398 1263/1444/1421
f 1263/1444/1421 231/1423/1400 1264/1446/1423
f 1264/1446/1428 230/1425/1403 1265/1448/1426
f 230/1425/1403 1262/40/36 1265/1448/1426
f 1266/176/163 269/1451/1429 266/174/161
f 1268/1452/1430 268/1453/1431 269/1451/1429
f 1269/1454/1432 267/1455/1433 268/1453/1431
f 1270/1456/1434 265/52/47 267/1457/1433
f 249/736/684 1268/1452/1430 1266/176/163
f 259/735/683 1269/1454/1432 1268/1452/1430
f 252/741/687 1270/1458/1434 1269/1454/1432
f 251/730/678 1267/138/128 1270/1458/1434
f 243/55/50 1273/1459/1435 245/1439/1417
f 245/1460/1417 1274/1461/1436 246/1441/1418
f 246/1441/1437 1275/1462/1438 247/1442/1420
f 247/1442/1420 1272/43/39 244/45/41
f 1271/158/146 269/1451/1429 1273/1459/1435
f 1273/1459/1439 268/1453/1431 1274/1463/1436
f 1274/1461/1440 267/1457/1433 1275/1462/1438
f 267/1457/1433 1272/43/39 1275/1462/1438
f 249/1464/684 1278/1465/1441 257/739/682
f 257/739/682 1279/1466/1442 258/737/685
f 258/737/694 1280/1467/1443 262/744/691
f 262/744/691 1277/49/44 250/51/46
f 1276/1468/162 242/1445/1422 1278/1465/1441
f 1278/1465/1441 241/1447/1424 1279/1466/1442
f 1279/1466/1444 240/1449/1427 1280/1467/1443
f 1280/1467/1443 238/42/38 1277/49/44
f 1281/72/67 210/1469/1377 208/196/182
f 1283/1470/1445 211/1401/1446 210/1400/1377
f 1284/1471/1447 212/1472/1448 211/1401/1379
f 212/1472/1448 1282/168/155 209/21/18
f 275/133/123 1283/1473/1445 1281/72/67
f 277/1474/1449 1284/1471/1450 1283/1470/1445
f 278/1475/1451 1285/1476/1452 1284/1471/1447
f 1285/1476/1452 276/61/56 1282/168/155
f 1286/4/4 274/1477/1453 271/183/170
f 1288/1478/1454 273/1479/1455 274/1480/1453
f 1289/1481/1456 272/1482/1457 273/1479/1458
f 272/1482/1457 1287/57/52 270/59/54
f 199/6/6 1288/1483/1454 1286/4/4
f 202/1406/1381 1289/1481/1459 1288/1478/1454
f 201/1405/1386 1290/1484/1460 1289/1481/1456
f 1290/1484/1460 198/19/16 1287/57/52
f 300/781/731 1293/1485/1461 311/779/729
f 311/783/729 1294/1486/1462 312/772/718
f 312/772/718 1295/1487/1463 302/768/714
f 302/768/714 1292/123/113 298/182/169
f 1291/149/137 291/1488/705 1293/1485/1461
f 1293/1489/1461 284/752/699 1294/1486/1462
f 1294/1486/1462 283/749/696 1295/1487/1463
f 1295/1487/1463 280/751/698 1292/123/113
f 1296/150/138 277/1490/1449 275/133/123
f 1298/1491/1464 278/1475/1465 277/1474/1449
f 1299/1492/1466 279/1493/1467 278/1475/1451
f 1300/1494/1468 276/61/56 279/1493/1467
f 300/781/731 1298/1495/1464 1296/150/138
f 313/785/730 1299/1492/1469 1298/1491/1464
f 307/784/1470 1300/1494/1468 1299/1492/1466
f 306/777/723 1297/69/64 1300/1494/1468
f 1301/152/140 289/1496/706 281/151/139
f 1303/1497/1471 290/766/1472 289/760/706
f 1304/1498/1473 296/764/709 290/766/711
f 1305/1499/1474 282/67/62 296/764/709
f 271/183/170 1303/1500/1471 1301/152/140
f 274/1480/1453 1304/1498/1475 1303/1497/1471
f 273/1479/1458 1305/1499/1474 1304/1498/1473
f 272/1482/1457 1302/65/60 1305/1499/1474
f 1306/148/136 340/1501/1476 337/74/68
f 1308/1502/1477 339/1503/1478 340/1501/1476
f 1309/1504/1479 338/1505/1480 339/1503/1478
f 1310/1506/1481 336/195/181 338/1505/1480
f 321/94/87 1308/1502/1477 1306/148/136
f 323/1507/1482 1309/1504/1479 1308/1502/1477
f 324/1508/1483 1310/1506/1481 1309/1504/1479
f 325/1509/1484 1307/194/180 1310/1506/1481
f 342/88/81 1313/1510/1485 345/1511/1486
f 345/1511/1486 1314/1512/1487 344/1513/1488
f 344/1513/1488 1315/1514/1489 343/1515/1490
f 343/1515/1490 1312/128/118 341/131/121
f 1311/87/80 328/1516/1491 1313/1510/1485
f 1313/1510/1485 329/1517/1492 1314/1512/1487
f 1314/1512/1487 330/1518/1493 1315/1514/1489
f 1315/1514/1489 327/129/119 1312/128/118
f 317/84/77 1318/1519/1494 320/1520/1495
f 320/1520/1495 1319/1521/1496 319/1522/1497
f 319/1522/1497 1320/1523/1498 318/1524/1499
f 318/1524/1499 1317/146/135 316/109/102
f 1316/75/69 340/1501/1476 1318/1519/1494
f 1318/1519/1494 339/1503/1478 1319/1521/1496
f 1319/1521/1496 338/1505/1480 1320/1523/1498
f 1320/1523/1498 336/195/181 1317/146/135
f 1321/89/82 335/1525/1500 332/130/120
f 1323/1526/1501 334/1527/1502 335/1525/1500
f 1324/1528/1503 333/1529/1504 334/1527/1502
f 1325/1530/1505 331/187/174 333/1529/1504
f 342/88/81 1323/1526/1501 1321/89/82
f 345/1511/1486 1324/1528/1503 1323/1526/1501
f 344/1513/1488 1325/1530/1505 1324/1528/1503
f 343/1515/1490 1322/167/154 1325/1530/1505
f 1326/80/73 350/1531/1506 347/161/149
f 1328/1532/1507 349/1533/1508 350/1531/1506
f 1329/1534/1509 348/1535/1510 349/1533/1508
f 1330/1536/1511 346/81/74 348/1535/1510
f 332/130/120 1328/1532/1507 1326/80/73
f 335/1525/1500 1329/1534/1509 1328/1532/1507
f 334/1527/1502 1330/1536/1511 1329/1534/1509
f 333/1529/1504 1327/97/90 1330/1536/1511
f 1331/95/88 323/1507/1482 321/94/87
f 1333/1537/1512 324/1508/1483 323/1507/1482
f 1334/1538/1513 325/1509/1484 324/1508/1483
f 1335/1539/1514 322/193/179 325/1509/1484
f 351/100/93 1333/1537/1512 1331/95/88
f 353/1540/1515 1334/1538/1513 1333/1537/1512
f 354/1541/1516 1335/1539/1514 1334/1538/1513
f 355/1542/1517 1332/77/71 1335/1539/1514
f 1336/101/94 353/1540/1515 351/100/93
f 1338/1543/1518 354/1541/1516 353/1540/1515
f 1339/1544/1519 355/1542/1517 354/1541/1516
f 1340/1545/1520 352/144/133 355/1542/1517
f 361/105/98 1338/1543/1518 1336/101/94
f 363/1546/1521 1339/1544/1519 1338/1543/1518
f 364/1547/1522 1340/1545/1520 1339/1544/1519
f 365/1548/1523 1337/188/175 1340/1545/1520
f 1341/96/89 360/1549/1524 357/191/177
f 1343/1550/1525 359/1551/1526 360/1549/1524
f 1344/1552/1527 358/1553/1528 359/1551/1526
f 1345/1554/1529 356/104/97 358/1553/1528
f 347/161/149 1343/1550/1525 1341/96/89
f 350/1531/1506 1344/1552/1527 1343/1550/1525
f 349/1533/1508 1345/1554/1529 1344/1552/1527
f 348/1535/1510 1342/83/76 1345/1554/1529
f 384/192/178 1348/1555/1530 387/1556/1531
f 387/1556/1531 1349/1557/1532 386/1558/1533
f 386/1558/1533 1350/1559/1534 385/1560/1535
f 385/1560/1535 1347/178/165 383/180/167
f 1346/143/132 370/787/736 1348/1555/1530
f 1348/1555/1530 379/791/740 1349/1557/1532
f 1349/1557/1532 378/797/748 1350/1559/1534
f 1350/1559/1534 368/179/166 1347/178/165
f 1351/107/100 363/1546/1521 361/105/98
f 1353/1561/1536 364/1547/1522 363/1546/1521
f 1354/1562/1537 365/1548/1523 364/1547/1522
f 1355/1563/1538 362/185/172 365/1548/1523
f 384/192/178 1353/1561/1536 1351/107/100
f 387/1556/1531 1354/1562/1537 1353/1561/1536
f 386/1558/1533 1355/1563/1538 1354/1562/1537
f 385/1560/1535 1352/162/150 1355/1563/1538
f 1356/102/95 374/795/744 367/108/101
f 1358/1564/1539 375/800/751 374/795/744
f 1359/1565/1540 380/798/749 375/800/751
f 1360/1566/1541 368/179/166 380/798/749
f 357/191/177 1358/1564/1539 1356/102/95
f 360/1549/1524 1359/1565/1540 1358/1564/1539
f 359/1551/1526 1360/1566/1541 1359/1565/1540
f 358/1553/1528 1357/177/164 1360/1566/1541
f 326/91/84 1363/1567/1542 328/1516/1491
f 328/1516/1491 1364/1568/1543 329/1517/1492
f 329/1517/1492 1365/1569/1544 330/1518/1493
f 330/1518/1493 1362/172/159 327/129/119
f 1361/112/103 395/1570/1545 1363/1567/1542
f 1363/1567/1542 396/1571/1546 1364/1568/1543
f 1364/1568/1543 397/1572/1547 1365/1569/1544
f 1365/1569/1544 394/135/125 1362/172/159
f 389/114/105 1368/1573/1548 392/1574/1549
f 392/1574/1549 1369/1575/1550 391/1576/1551
f 391/1576/1551 1370/1577/1552 390/1578/1553
f 390/1578/1553 1367/118/108 388/117/107
f 1366/85/78 320/1520/1495 1368/1573/1548
f 1368/1573/1548 319/1522/1497 1369/1575/1550
f 1369/1575/1550 318/1524/1499 1370/1577/1552
f 1370/1577/1552 316/109/102 1367/118/108
f 1371/127/117 420/819/771 417/184/171
f 1373/1579/1554 421/828/781 420/819/771
f 1374/1580/1555 427/824/777 421/828/781
f 1375/1581/1556 418/825/778 427/824/777
f 398/126/116 1373/1579/1554 1371/127/117
f 403/802/754 1374/1580/1555 1373/1579/1554
f 413/805/757 1375/1581/1556 1374/1580/1555
f 412/814/766 1372/156/144 1375/1581/1556
f 393/113/104 1378/1582/1557 395/1570/1545
f 395/1570/1545 1379/1583/1558 396/1571/1546
f 396/1571/1546 1380/1584/1559 397/1572/1547
f 397/1572/1547 1377/155/143 394/135/125
f 1376/119/109 431/831/785 1378/1582/1557
f 1378/1582/1557 426/826/779 1379/1583/1558
f 1379/1583/1558 425/823/776 1380/1584/1559
f 1380/1584/1559 418/825/778 1377/155/143
f 399/121/111 1383/1585/1560 407/808/760
f 407/808/760 1384/1586/1561 408/810/762
f 408/810/762 1385/1587/1562 414/815/767
f 414/815/767 1382/154/142 400/153/141
f 1381/115/106 392/1574/1549 1383/1585/1560
f 1383/1585/1560 391/1576/1551 1384/1586/1561
f 1384/1586/1561 390/1578/1553 1385/1587/1562
f 1385/1587/1562 388/117/107 1382/154/142
f 1386/68/63 294/763/708 282/67/62
f 1388/1588/1563 295/754/701 294/763/708
f 1389/1589/1564 285/750/697 295/754/701
f 1390/1590/1565 280/751/698 285/750/697
f 399/121/111 1388/1588/1563 1386/68/63
f 409/809/761 1389/1589/1564 1388/1588/1563
f 402/803/755 1390/1590/1565 1389/1589/1564
f 401/801/753 1387/124/114 1390/1590/1565
f 419/120/110 1393/1591/1566 430/1592/786
s 31
f 430/1592/1567 1393/1591/1568 1394/1593/1569
s 2
f 430/818/770 1392/181/168 417/184/171
f 1391/70/65 308/776/1570 1393/1591/1566
s 31
f 1393/1591/1568 301/769/1571 1394/1593/1569
s 2
f 1394/1594/1572 298/182/169 1392/181/168
f 1395/50/45 253/1595/1573 250/51/46
f 1397/1596/1574 248/727/675 253/729/677
f 367/108/101 1397/1597/1575 1395/50/45
f 369/1598/737 1396/139/129 1397/1596/1574
s 3
f 568/263/249 1400/1599/1576 579/997/961
f 579/997/961 1401/1600/1577 580/987/949
f 1401/1600/1577 571/984/946 580/987/949
f 1402/1601/1578 566/246/232 571/984/946
f 1398/262/248 589/1003/968 1400/1599/1576
f 1400/1599/1576 599/1006/971 1401/1600/1577
f 599/1006/971 1402/1601/1578 1401/1600/1577
f 598/1014/979 1399/264/250 1402/1601/1578
f 1403/256/242 593/1009/974 585/257/243
f 1405/1602/1579 594/1011/976 593/1009/974
f 594/1011/976 1407/1603/1580 600/1015/980
f 600/1015/980 1404/243/229 586/305/291
f 603/234/220 1405/1602/1579 1403/256/242
f 608/1019/984 1406/1604/1581 1405/1602/1579
f 1406/1604/1581 616/1035/1001 1407/1603/1580
f 1407/1603/1580 605/271/257 1404/243/229
s 4
f 1408/291/277 611/1605/992 604/303/289
f 1410/1606/1582 612/1036/1583 611/1027/992
f 612/1036/1583 1411/1607/1584 618/1034/1585
s 3
f 1411/1607/1586 605/271/257 618/1034/1000
s 4
f 1408/291/277 576/991/953 1410/1608/1587
f 1410/1606/1582 570/985/957 1411/1609/1584
f 1411/1609/1584 570/985/957 569/983/1588
s 3
f 1411/1607/1586 566/246/232 1409/245/231
f 550/302/288 1414/1610/1589 561/977/939
f 561/977/939 1415/1611/1590 562/967/927
f 1415/1611/1590 553/964/924 562/967/927
f 1416/1612/1591 548/283/269 553/964/924
f 1412/298/284 595/1010/975 1414/1610/1589
f 1414/1610/1589 588/1004/969 1415/1611/1590
f 588/1004/969 1416/1612/1591 1415/1611/1590
f 587/1002/967 1413/277/263 1416/1612/1591
s 4
f 1417/252/238 574/992/954 567/292/278
f 1419/1613/1592 575/1614/1593 574/992/954
f 575/1000/1593 1420/1615/1594 581/998/1595
s 3
f 1420/1615/1596 568/263/249 581/998/962
s 4
f 1417/252/238 558/971/931 1419/1613/1597
f 1419/1613/1592 552/975/935 1420/1616/1594
s 3
f 1420/1617/1598 552/965/925 551/966/926
f 1420/1615/1596 548/283/269 1418/231/217
s 4
f 1421/253/239 556/972/932 549/254/240
f 1423/1618/1599 557/1619/1600 556/972/932
s 3
f 1424/1620/1601 563/1621/940 557/1619/942
f 1425/1622/1602 550/302/288 563/978/940
s 4
f 1421/253/239 613/1026/991 1423/1618/1599
f 1423/1618/1599 607/1031/995 1424/1620/1603
s 3
f 1424/1620/1601 606/1623/983 1425/1624/1604
f 1425/1622/1602 603/234/220 1422/233/219
f 459/862/817 1428/1625/1605 462/1626/818
f 462/1626/818 1429/1627/1606 463/871/828
f 463/871/828 1430/1628/1607 468/869/826
f 468/869/826 1427/249/235 460/319/305
f 434/169/156 1428/1625/1605 1426/212/198
f 439/834/790 1429/1627/1606 1428/1625/1605
f 445/837/793 1430/1628/1607 1429/1627/1606
f 446/846/1608 1427/249/235 1430/1628/1607
f 1431/261/247 482/1629/1609 475/219/205
f 1433/1630/1610 483/2/1611 482/1629/1609
f 1434/1631/1612 478/878/838 483/2/1611
f 1435/1632/1613 473/321/307 478/878/838
f 1431/261/247 446/848/1608 1433/1630/1610
f 1433/1630/1610 443/849/800 1434/1631/1612
f 1434/1631/1612 442/841/797 1435/1632/1613
f 1435/1632/1613 435/843/799 1432/239/225
f 1436/320/306 466/868/1614 460/319/305
f 1438/1633/1615 467/876/1616 466/868/1614
f 1439/1634/1617 471/873/830 467/876/1616
f 1440/1635/1618 461/238/224 471/873/830
f 1436/320/306 482/1636/1609 1438/1633/1615
f 1438/1633/1615 484/888/1619 1439/1634/1617
f 1439/1634/1617 481/887/844 1440/1635/1618
f 1440/1635/1618 474/884/843 1437/236/222
f 497/905/869 1443/1637/1620 500/903/867
f 500/903/867 1444/1638/1621 501/915/870
f 501/915/870 1445/1639/1622 505/914/876
f 505/914/876 1442/281/267 498/325/311
f 448/222/208 1443/1637/1620 1441/300/286
f 453/851/1623 1444/1638/1621 1443/1637/1620
f 456/855/1624 1445/1639/1622 1444/1638/1621
f 457/1640/1625 1442/281/267 1445/1639/1622
f 512/920/880 1448/1641/1626 515/923/881
f 515/923/881 1449/1642/1627 516/924/1628
f 516/924/1629 1450/1643/1630 518/1644/1631
f 518/1644/1631 1447/341/327 513/209/195
f 499/265/251 1448/1641/1626 1446/274/260
f 510/917/878 1449/1642/1627 1448/1641/1626
f 506/911/874 1450/1643/1630 1449/1642/1627
f 505/913/876 1447/341/327 1450/1643/1630
f 1451/211/197 518/928/1631 513/209/195
f 1453/1645/1632 516/926/1633 518/928/1631
f 1454/1646/1634 522/930/888 516/926/1633
f 1455/1647/1635 514/273/259 522/930/888
f 1451/211/197 457/859/1625 1453/1645/1632
f 1453/1645/1632 456/861/1636 1454/1646/1634
f 1454/1646/1634 453/1648/1637 1455/1647/1635
f 1455/1647/1635 449/267/253 1452/269/255
f 1456/259/245 494/901/1638 487/198/184
f 1458/1649/1639 1459/1650/1640 495/1651/1641
f 1459/1650/1640 489/890/851 495/1651/1641
f 1460/1652/1642 485/347/333 489/890/851
f 1456/259/245 532/944/1643 1458/1649/1639
f 1458/1649/1639 527/945/898 1459/1650/1640
f 1459/1650/1640 526/934/896 1460/1652/1642
f 1460/1652/1642 523/295/281 1457/297/283
f 1461/331/317 532/941/1643 524/282/268
f 1463/1653/1644 531/949/903 532/941/1643
f 1464/1654/1645 536/947/906 531/949/903
f 1465/1655/1646 525/286/272 536/947/906
f 1461/331/317 544/1656/1647 1463/1653/1644
f 1463/1653/1644 545/953/1648 1464/1654/1645
f 1464/1654/1645 541/955/909 1465/1655/1646
f 1465/1655/1646 538/950/908 1462/201/187
f 1466/345/331 544/1657/1647 539/332/318
f 1468/1658/1649 545/961/1650 544/1657/1647
f 1469/1659/1651 547/957/915 545/961/1650
f 1470/1660/1652 540/293/279 547/957/915
f 1466/345/331 496/902/1653 1468/1658/1649
f 1468/1658/1649 491/898/1654 1469/1659/1651
f 1469/1659/1651 493/897/855 1470/1660/1652
f 1470/1660/1652 486/894/854 1467/288/274
f 623/1051/324 1473/1661/1655 633/1049/1017
f 633/1049/1017 1474/1662/1656 634/1042/1010
f 634/1042/1010 1475/1663/1657 626/1038/1006
f 626/1038/1006 1472/285/271 621/284/270
f 1471/1664/323 648/1062/1029 1473/1661/1655
f 1473/1661/1655 642/1056/1023 1474/1662/1656
f 1474/1662/1656 641/1054/1021 1475/1663/1657
f 1475/1663/1657 638/324/310 1472/285/271
f 1476/311/297 659/1073/1038 656/323/309
f 1478/1665/1658 660/1082/1046 659/1073/1038
f 1479/1666/1659 666/1078/1042 660/1082/1046
f 1480/1667/1660 657/1079/213 666/1078/1042
f 640/310/296 1478/1665/1658 1476/311/297
f 653/1068/1034 1479/1666/1659 1478/1665/1658
f 647/1064/1030 1480/1667/1660 1479/1666/1659
f 646/1061/1028 1477/1668/211 1480/1667/1660
f 1481/314/300 629/1047/1014 622/312/298
f 1483/1669/1661 630/1053/1020 629/1047/1014
f 1484/1670/1662 635/1050/1018 630/1053/1020
f 1485/1671/1663 623/1051/324 635/1050/1018
f 1481/314/300 670/1084/1048 1483/1669/1661
f 1483/1669/1661 665/1080/1043 1484/1670/1662
f 1484/1670/1662 664/1077/1041 1485/1671/1663
f 1485/1671/1663 657/1079/213 1482/1672/212
f 1486/1673/314 685/1100/1066 674/1102/312
f 1488/1674/1664 686/1091/1058 685/1100/1066
f 1489/1675/1665 677/1088/1055 686/1091/1058
f 677/1088/1055 1487/229/215 672/228/214
f 691/1113/316 1488/1674/1664 1486/1673/314
f 701/1112/1077 1489/1675/1665 1488/1674/1664
f 694/1116/1080 1490/1676/1666 1489/1675/1665
f 693/1106/1071 1487/229/215 1490/1676/1666
f 711/1135/329 1493/1677/1667 722/1133/1105
f 722/1133/1105 1494/1678/1668 723/1127/1095
f 723/1127/1095 1495/1679/1669 713/1123/1091
f 713/1123/1091 1492/216/202 709/215/201
f 1491/1680/328 687/1101/1067 1493/1677/1667
f 1493/1677/1667 681/1096/1063 1494/1678/1668
f 1494/1678/1668 680/1094/1061 1495/1679/1669
f 1495/1679/1669 673/317/303 1492/216/202
f 1496/316/302 717/1131/1099 710/318/304
f 1498/1681/1670 718/1137/1108 717/1131/1099
f 1499/1682/1671 724/1134/1106 718/1137/1108
f 1500/1683/1672 711/1135/329 724/1134/1106
f 1496/316/302 706/1120/1085 1498/1681/1670
f 1498/1681/1670 700/1114/1078 1499/1682/1671
f 1499/1682/1671 699/1111/1076 1500/1683/1672
f 1500/1684/1672 691/330/316 1497/329/315
f 1501/336/322 730/1140/1112 727/348/334
f 1503/1685/1673 731/1149/1120 730/1140/1112
f 1504/1686/1674 738/1145/1117 731/1149/1120
f 1505/1687/1675 728/1146/204 738/1145/1117
f 745/1156/1128 1503/1685/1673 1501/336/322
f 750/1155/1127 1504/1686/1674 1503/1685/1673
f 759/1159/1131 1505/1687/1675 1504/1686/1674
f 758/1168/1139 1502/1688/194 1505/1687/1675
f 746/306/292 1508/1689/1676 753/1162/1134
f 753/1162/1134 1509/1690/1677 754/1164/1136
f 754/1164/1136 1510/1691/1678 760/1169/1140
f 760/1169/1140 1507/1692/319 747/1170/192
f 1506/205/191 768/1173/1143 1508/1689/1676
f 1508/1689/1676 776/1177/1147 1509/1690/1677
f 1509/1690/1677 775/1184/1158 1510/1691/1678
f 1510/1691/1678 765/1186/320 1507/1692/319
f 1511/307/293 771/1182/1151 764/308/294
f 1513/1693/1679 772/1188/1162 771/1182/1151
f 1514/1694/1680 777/1185/1159 772/1188/1162
f 1515/1695/1681 765/1186/320 777/1185/1159
f 1511/307/293 742/1152/1123 1513/1693/1679
f 1513/1693/1679 737/1147/1118 1514/1694/1680
f 1514/1694/1680 736/1144/1116 1515/1695/1681
f 1515/1695/1681 728/1146/204 1512/1696/203
f 1516/171/158 437/833/789 434/169/156
f 1518/1697/1682 438/835/1683 437/833/789
f 1519/1698/1684 444/842/798 438/835/1683
f 1520/1699/1685 435/843/799 444/842/798
f 638/324/310 1518/1697/1682 1516/171/158
f 643/1055/1022 1519/1698/1684 1518/1697/1682
f 652/1058/1025 1520/1699/1685 1519/1698/1684
f 651/1067/1033 1517/240/226 1520/1699/1685
f 1521/250/236 668/1085/1686 658/313/299
s 32
f 1523/1700/1687 669/1076/1688 668/1085/1689
s 3
f 669/1076/1040 1524/1701/1690 661/1072/1037
f 1524/1701/1690 656/323/309 661/1072/1037
f 474/884/843 1523/1700/1691 1521/250/236
s 32
f 480/886/1692 1524/1702/1693 1523/1700/1687
s 33
f 1524/1702/1694 477/879/1694 476/877/1694
s 3
f 476/877/837 1522/322/308 1524/1701/1690
f 1525/224/210 451/850/805 448/222/208
f 1527/1703/1695 452/852/1696 451/850/1696
f 1528/1704/1697 455/857/1698 452/852/1698
f 455/857/812 1526/315/301 449/267/253
f 690/344/330 1527/1703/1699 1525/224/210
f 695/1105/1070 1528/1704/1700 1527/1703/1695
f 705/1109/1701 1529/1705/1702 1528/1704/1697
f 1529/1705/1703 692/1118/1083 1526/315/301
f 709/215/201 1532/1706/1704 712/1707/1092
f 712/1124/1103 1533/1708/1705 719/1130/1101
f 719/1130/1098 1531/272/258 710/318/304
f 1530/275/261 517/922/882 1532/1706/1704
f 1532/1709/1706 521/929/1707 1533/1708/1705
f 1533/1708/1708 514/273/259 1531/272/258
f 525/286/272 1536/1710/1709 534/946/905
f 534/946/905 1537/1711/1710 535/939/1711
f 1537/1711/1710 528/935/897 535/939/1711
f 528/935/897 1535/335/321 523/295/281
f 746/306/292 1536/1710/1709 1534/287/273
f 755/1163/1135 1537/1711/1710 1536/1710/1709
f 749/1157/1129 1538/1712/1712 1537/1711/1710
f 1538/1712/1712 745/1156/1128 1535/335/321
f 1539/289/275 741/1153/1713 729/309/295
f 741/1153/1124 1542/1713/1714 732/1714/1715
f 732/1139/1111 1540/346/332 727/348/334
f 1539/289/275 492/896/856 1541/1715/1716
f 1541/1715/1717 488/900/1718 1542/1713/1714
f 1542/1716/1719 485/347/333 1540/346/332
f 1543/213/199 624/1039/1007 621/284/270
f 1545/1717/1720 625/1040/1008 624/1039/1007
f 625/1040/1016 1547/1718/1721 631/1046/1013
f 631/1046/1013 1544/237/223 622/312/298
f 459/862/817 1545/1717/1722 1543/213/199
f 464/864/819 1546/1719/1723 1545/1717/1720
f 470/865/1724 1547/1718/1721 1546/1719/1725
f 1547/1718/1726 461/238/224 1544/237/223
f 1548/266/252 508/916/877 499/265/251
f 1550/1720/1727 509/909/1728 508/916/877
f 1551/1721/1729 502/904/868 509/909/1728
f 1552/1722/1730 497/905/869 502/904/868
f 673/317/303 1550/1720/1727 1548/266/252
f 682/1095/1062 1551/1721/1729 1550/1720/1727
f 676/1089/1056 1552/1722/1730 1551/1721/1729
f 1552/1722/1730 672/228/214 1549/301/287
f 1553/294/280 546/956/914 540/293/279
s 34
f 1555/1723/1731 542/1724/1732 546/956/1732
s 3
f 1556/1725/1733 538/950/908 542/952/910
f 764/308/294 1555/1723/1734 1553/294/280
s 34
f 1555/1723/1731 767/1175/1735 1556/1726/1736
s 3
f 1556/1726/1733 767/1175/1737 766/1174/1738
f 1556/1725/1733 763/204/190 1554/202/188
s 5
f 801/373/356 1559/1727/1739 804/1728/1740
f 804/1728/1740 1560/1729/1741 803/1730/1742
f 803/1730/1743 1561/1731/1744 802/1732/1745
f 1561/1733/1744 800/530/494 802/1734/1745
f 1557/372/355 787/1735/1746 1559/1727/1739
f 1559/1727/1739 788/1736/1747 1560/1729/1741
f 1560/1729/1748 789/1737/1749 1561/1731/1744
f 789/1738/1749 1558/489/456 1561/1733/1744
f 1562/409/389 809/1739/1750 806/356/341
f 1564/1740/1751 808/1741/1752 809/1739/1750
f 1565/1742/1753 807/1743/1754 808/1741/1755
f 807/1744/1754 1563/467/439 805/369/352
f 790/539/503 1564/1740/1751 1562/409/389
f 792/1745/1756 1565/1742/1757 1564/1740/1751
f 793/1746/1758 1566/1747/1759 1565/1742/1753
f 1566/1748/1759 791/366/349 1563/467/439
f 1567/479/448 784/1749/1760 781/351/337
f 1569/1750/1761 783/1751/1762 784/1749/1760
f 1570/1752/1763 782/1753/1764 783/1751/1765
f 782/1753/1764 1568/1754/338 780/1755/347
f 801/373/356 1569/1750/1761 1567/479/448
f 804/1728/1740 1570/1752/1766 1569/1750/1761
f 803/1730/1743 1571/1756/1767 1570/1752/1763
f 1571/1756/1767 800/1757/494 1568/1754/338
f 796/508/473 1574/1758/1768 799/1759/1769
f 799/1759/1769 1575/1760/1770 798/1761/1771
f 798/1761/1772 1576/1762/1773 797/1763/1774
f 1576/1764/1773 795/358/342 797/1765/1774
f 1572/374/357 809/1739/1750 1574/1758/1768
f 1574/1758/1768 808/1741/1752 1575/1760/1770
f 1575/1760/1775 807/1743/1754 1576/1762/1773
f 807/1744/1754 1573/371/354 1576/1764/1773
f 811/509/474 1579/1766/1776 814/1767/1777
f 814/1767/1777 1580/1768/1778 813/1769/1779
f 813/1769/1780 1581/1770/1781 812/1771/1782
f 1581/1772/1781 810/377/359 812/1773/1782
f 1577/503/469 799/1759/1769 1579/1766/1776
f 1579/1766/1776 798/1761/1771 1580/1768/1778
f 1580/1768/1783 797/1763/1774 1581/1770/1781
f 797/1765/1774 1578/360/344 1581/1772/1781
f 785/363/346 1584/1774/1784 787/1735/1746
f 787/1735/1746 1585/1775/1785 788/1736/1747
f 788/1736/1786 1586/1776/1787 789/1737/1749
f 1586/1777/1787 786/383/365 789/1738/1749
f 1582/362/345 817/1778/1788 1584/1774/1784
f 1584/1774/1784 818/1779/1789 1585/1775/1785
f 1585/1775/1790 819/1780/1791 1586/1776/1787
f 819/1781/1791 1583/381/363 1586/1777/1787
f 815/392/373 1589/1782/1792 817/1778/1788
f 817/1778/1788 1590/1783/1793 818/1779/1789
f 818/1779/1794 1591/1784/1795 819/1780/1791
f 1591/1785/1795 816/380/362 819/1781/1791
f 1587/401/381 827/1786/1796 1589/1782/1792
f 1589/1782/1792 828/1787/1797 1590/1783/1793
f 1590/1783/1798 829/1788/1799 1591/1784/1795
f 829/1789/1799 1588/378/360 1591/1785/1795
f 821/540/504 1594/1790/1800 824/1791/1801
f 824/1791/1801 1595/1792/1802 823/1793/1803
f 823/1793/1804 1596/1794/1805 822/1795/1806
f 1596/1796/1805 820/387/369 822/1797/1806
f 1592/533/497 814/1767/1777 1594/1790/1800
f 1594/1790/1800 813/1769/1779 1595/1792/1802
f 1595/1792/1807 812/1771/1782 1596/1794/1805
f 812/1773/1782 1593/385/367 1596/1796/1805
f 1597/520/484 852/1798/1808 849/518/482
f 1599/1799/1809 851/1800/1810 852/1798/1808
f 1600/1801/1811 850/1802/1812 851/1800/1810
f 1601/1803/1813 848/397/378 850/1804/1812
f 831/1198/1172 1599/1799/1809 1597/520/484
f 841/1197/1171 1600/1801/1811 1599/1799/1809
f 834/1201/1175 1601/1805/1813 1600/1801/1811
f 833/1192/1166 1598/1806/450 1601/1805/1813
f 825/400/380 1604/1807/1814 827/1786/1796
f 827/1786/1796 1605/1808/1815 828/1787/1797
f 828/1787/1816 1606/1809/1817 829/1788/1799
f 829/1789/1799 1603/388/370 826/390/372
f 1602/502/468 852/1798/1808 1604/1807/1814
f 1604/1807/1818 851/1800/1810 1605/1808/1815
f 1605/1808/1819 850/1802/1812 1606/1809/1817
f 850/1804/1812 1603/388/370 1606/1810/1817
f 831/1198/1172 1609/1811/1820 839/1196/1170
f 839/1196/1170 1610/1812/1821 840/1199/1173
f 840/1199/1182 1611/1813/1822 845/1207/1178
f 845/1204/1178 1608/394/375 832/396/377
f 1607/519/483 824/1791/1801 1609/1811/1820
f 1609/1811/1820 823/1793/1803 1610/1812/1821
f 1610/1812/1823 822/1795/1806 1611/1813/1822
f 1611/1814/1822 820/387/369 1608/394/375
f 1612/417/396 792/1745/1756 790/539/503
f 1614/1815/1824 793/1746/1825 792/1745/1756
f 1615/1816/1826 794/1817/1827 793/1746/1758
f 794/1818/1827 1613/512/476 791/366/349
f 858/478/447 1614/1815/1824 1612/417/396
f 860/1819/1828 1615/1816/1829 1614/1815/1824
f 861/1820/1830 1616/1821/1831 1615/1816/1826
f 1616/1822/1831 859/406/386 1613/512/476
f 1617/349/335 857/1823/1832 854/527/491
f 1619/1824/1833 856/1825/1834 857/1823/1832
f 1620/1826/1835 855/1827/1836 856/1825/1837
f 855/1827/1836 1618/1828/382 853/1829/384
f 781/351/337 1619/1824/1833 1617/349/335
f 784/1749/1760 1620/1826/1838 1619/1824/1833
f 783/1751/1765 1621/1830/1839 1620/1826/1835
f 1621/1830/1839 780/1755/347 1618/1828/382
f 870/1224/1202 1624/1831/1840 881/1222/1200
f 881/1222/1200 1625/1832/1841 882/1213/1189
f 882/1213/1189 1626/1833/1842 872/1209/1185
f 872/1209/1185 1623/468/440 868/526/490
f 1622/493/459 865/1834/1843 1624/1831/1840
f 1624/1831/1840 866/1835/1844 1625/1832/1841
f 1625/1832/1841 867/1836/1845 1626/1833/1842
f 1626/1833/1842 864/1837/392 1623/468/440
f 1627/494/460 860/1819/1828 858/478/447
f 1629/1838/1846 861/1820/1847 860/1819/1828
f 1630/1839/1848 862/1840/1849 861/1820/1830
f 1631/1841/1850 859/406/386 862/1842/1849
f 870/1224/1202 1629/1838/1846 1627/494/460
f 883/1223/1201 1630/1839/1851 1629/1838/1846
f 877/1226/1852 1631/1843/1850 1630/1839/1848
f 876/1844/1194 1628/414/394 1631/1841/1850
f 1632/496/462 865/1834/1843 863/495/461
f 1634/1845/1853 866/1835/1844 865/1834/1843
f 1635/1846/1854 867/1836/1845 866/1835/1844
f 867/1836/1845 1633/1847/390 864/1837/392
f 854/527/491 1634/1845/1853 1632/496/462
f 857/1823/1832 1635/1846/1855 1634/1845/1853
f 856/1825/1837 1636/1848/1856 1635/1846/1854
f 855/1827/1836 1633/1847/390 1636/1848/1856
f 1637/492/458 910/1849/1857 907/419/397
f 1639/1850/1858 909/1851/1859 910/1849/1857
f 1640/1852/1860 908/1853/1861 909/1851/1859
f 1641/1854/1862 906/538/502 908/1853/1861
f 891/439/415 1639/1850/1858 1637/492/458
f 893/1855/1863 1640/1852/1860 1639/1850/1858
f 894/1856/1864 1641/1854/1862 1640/1852/1860
f 895/1857/1865 1638/537/501 1641/1854/1862
f 912/433/409 1644/1858/1866 915/1859/1867
f 915/1859/1867 1645/1860/1868 914/1861/1869
f 914/1861/1869 1646/1862/1870 913/1863/1871
f 913/1863/1871 1643/473/443 911/476/446
f 1642/432/408 898/1864/1872 1644/1858/1866
f 1644/1858/1866 899/1865/1873 1645/1860/1868
f 1645/1860/1868 900/1866/1874 1646/1862/1870
f 1646/1862/1870 897/474/444 1643/473/443
f 887/429/405 1649/1867/1875 890/1868/1876
f 890/1868/1876 1650/1869/1877 889/1870/1878
f 889/1870/1878 1651/1871/1879 888/1872/1880
f 888/1872/1880 1648/490/457 886/454/429
f 1647/420/398 910/1849/1857 1649/1867/1875
f 1649/1867/1875 909/1851/1859 1650/1869/1877
f 1650/1869/1877 908/1853/1861 1651/1871/1879
f 1651/1871/1879 906/538/502 1648/490/457
f 1652/434/410 905/1873/1881 902/475/445
f 1654/1874/1882 904/1875/1883 905/1873/1881
f 1655/1876/1884 903/1877/1885 904/1875/1883
f 1656/1878/1886 901/531/495 903/1877/1885
f 912/433/409 1654/1874/1882 1652/434/410
f 915/1859/1867 1655/1876/1884 1654/1874/1882
f 914/1861/1869 1656/1878/1886 1655/1876/1884
f 913/1863/1871 1653/511/475 1656/1878/1886
f 1657/425/402 920/1879/1887 917/505/470
f 1659/1880/1888 919/1881/1889 920/1879/1887
f 1660/1882/1890 918/1883/1891 919/1881/1889
f 1661/1884/1892 916/426/403 918/1883/1891
f 902/475/445 1659/1880/1888 1657/425/402
f 905/1873/1881 1660/1882/1890 1659/1880/1888
f 904/1875/1883 1661/1884/1892 1660/1882/1890
f 903/1877/1885 1658/442/418 1661/1884/1892
f 1662/440/416 893/1855/1863 891/439/415
f 1664/1885/1893 894/1856/1864 893/1855/1863
f 1665/1886/1894 895/1857/1865 894/1856/1864
f 1666/1887/1895 892/536/500 895/1857/1865
f 921/445/420 1664/1885/1893 1662/440/416
f 923/1888/1896 1665/1886/1894 1664/1885/1893
f 924/1889/1897 1666/1887/1895 1665/1886/1894
f 925/1890/1898 1663/422/400 1666/1887/1895
f 1667/446/421 923/1888/1896 921/445/420
f 1669/1891/1899 924/1889/1897 923/1888/1896
f 1670/1892/1900 925/1890/1898 924/1889/1897
f 1671/1893/1901 922/488/455 925/1890/1898
f 931/450/425 1669/1891/1899 1667/446/421
f 933/1894/1902 1670/1892/1900 1669/1891/1899
f 934/1895/1903 1671/1893/1901 1670/1892/1900
f 935/1896/1904 1668/532/496 1671/1893/1901
f 1672/441/417 930/1897/1905 927/534/498
f 1674/1898/1906 929/1899/1907 930/1897/1905
f 1675/1900/1908 928/1901/1909 929/1899/1907
f 1676/1902/1910 926/449/424 928/1901/1909
f 917/505/470 1674/1898/1906 1672/441/417
f 920/1879/1887 1675/1900/1908 1674/1898/1906
f 919/1881/1889 1676/1902/1910 1675/1900/1908
f 918/1883/1891 1673/428/404 1676/1902/1910
f 954/535/499 1679/1903/1911 957/1904/1912
f 957/1904/1912 1680/1905/1913 956/1906/1914
f 956/1906/1914 1681/1907/1915 955/1908/1916
f 955/1908/1916 1678/522/486 953/524/488
f 1677/487/454 940/1228/1207 1679/1903/1911
f 1679/1903/1911 949/1232/1211 1680/1905/1913
f 1680/1905/1913 948/1238/1219 1681/1907/1915
f 1681/1907/1915 938/523/487 1678/522/486
f 1682/452/427 933/1894/1902 931/450/425
f 1684/1909/1917 934/1895/1903 933/1894/1902
f 1685/1910/1918 935/1896/1904 934/1895/1903
f 1686/1911/1919 932/529/493 935/1896/1904
f 954/535/499 1684/1909/1917 1682/452/427
f 957/1904/1912 1685/1910/1918 1684/1909/1917
f 956/1906/1914 1686/1911/1919 1685/1910/1918
f 955/1908/1916 1683/506/471 1686/1911/1919
f 1687/447/422 944/1236/1215 937/453/428
f 1689/1912/1920 945/1241/1222 944/1236/1215
f 1690/1913/1921 950/1239/1220 945/1241/1222
f 1691/1914/1922 938/523/487 950/1239/1220
f 927/534/498 1689/1912/1920 1687/447/422
f 930/1897/1905 1690/1913/1921 1689/1912/1920
f 929/1899/1907 1691/1914/1922 1690/1913/1921
f 928/1901/1909 1688/521/485 1691/1914/1922
f 896/436/412 1694/1915/1923 898/1864/1872
f 898/1864/1872 1695/1916/1924 899/1865/1873
f 899/1865/1873 1696/1917/1925 900/1866/1874
f 900/1866/1874 1693/516/480 897/474/444
f 1692/457/430 965/1918/1926 1694/1915/1923
f 1694/1915/1923 966/1919/1927 1695/1916/1924
f 1695/1916/1924 967/1920/1928 1696/1917/1925
f 1696/1917/1925 964/480/449 1693/516/480
f 959/459/432 1699/1921/1929 962/1922/1930
f 962/1922/1930 1700/1923/1931 961/1924/1932
f 961/1924/1932 1701/1925/1933 960/1926/1934
f 960/1926/1934 1698/463/435 958/462/434
f 1697/430/406 890/1868/1876 1699/1921/1929
f 1699/1921/1929 889/1870/1878 1700/1923/1931
f 1700/1923/1931 888/1872/1880 1701/1925/1933
f 1701/1925/1933 886/454/429 1698/463/435
f 1702/472/442 976/1244/1226 973/528/492
f 1704/1927/1935 977/1928/1235 976/1244/1226
f 1705/1929/1936 984/1249/1231 977/1253/1235
f 1706/1930/1937 974/1250/1232 984/1249/1231
f 968/471/438 1704/1927/1935 1702/472/442
f 970/1931/1938 1705/1932/1936 1704/1927/1935
f 971/1933/1939 1706/1930/1937 1705/1929/1936
f 972/1934/1940 1703/500/466 1706/1930/1937
f 963/458/431 1709/1935/1941 965/1918/1926
f 965/1918/1926 1710/1936/1942 966/1919/1927
f 966/1919/1927 1711/1937/1943 967/1920/1928
f 967/1920/1928 1708/499/465 964/480/449
f 1707/464/436 987/1257/1239 1709/1935/1941
f 1709/1935/1941 983/1251/1233 1710/1936/1942
f 1710/1936/1942 982/1248/1230 1711/1937/1943
f 1711/1937/1943 974/1250/1232 1708/499/465
f 968/466/438 1714/1938/1944 970/1939/1938
f 970/1939/1938 1715/1940/1945 971/1933/1939
f 971/1933/1939 1716/1941/1946 972/1934/1940
f 972/1934/1940 1713/498/464 969/497/463
f 1712/460/433 962/1922/1930 1714/1938/1944
f 1714/1938/1944 961/1924/1932 1715/1940/1945
f 1715/1940/1945 960/1926/1934 1716/1941/1946
f 1716/1941/1946 958/462/434 1713/498/464
f 975/465/437 1719/1942/1947 978/1943/1240
f 978/1243/1225 1718/525/489 973/528/492
f 1717/415/395 878/1217/1948 1719/1942/1947
s 35
f 1719/1942/1949 878/1217/1949 871/1944/1950
s 5
f 1719/1945/1951 868/526/490 1718/525/489
f 1720/395/376 844/1946/1952 832/396/377
s 36
f 844/1946/1953 1722/1947/1954 835/1948/1955
s 5
f 1722/1949/1956 830/1189/1163 835/1191/1165
f 937/453/428 1722/1950/1957 1720/395/376
f 939/1951/1208 1721/1952/451 1722/1949/1956
s 6
f 1011/562/523 1725/1953/1958 1014/1954/1959
f 1014/1954/1959 1726/1955/1960 1013/1956/1961
f 1013/1956/1962 1727/1957/1963 1012/1958/1964
f 1727/1959/1963 1010/714/662 1012/1960/1964
f 1723/561/522 997/1961/1965 1725/1953/1958
f 1725/1953/1958 998/1962/1966 1726/1955/1960
f 1726/1955/1967 999/1963/1968 1727/1957/1963
f 999/1964/1968 1724/676/626 1727/1959/1963
f 1728/598/557 1019/1965/1969 1016/545/508
f 1730/1966/1970 1018/1967/1971 1019/1968/1969
f 1731/1969/1972 1017/1970/1973 1018/1967/1974
f 1017/1970/1973 1729/656/609 1015/558/519
f 1000/725/673 1730/1971/1970 1728/598/557
f 1002/1972/1975 1731/1969/1976 1730/1966/1970
f 1003/1973/1977 1732/1974/1978 1731/1969/1972
f 1732/1974/1978 1001/555/516 1729/656/609
f 1733/666/618 994/1975/1979 991/515/479
f 1735/1976/1980 993/1977/1981 994/1975/1979
f 1736/1978/1982 992/1979/1983 993/1977/1984
f 992/1980/1983 1734/541/505 990/553/514
f 1011/562/523 1735/1976/1980 1733/666/618
f 1014/1954/1959 1736/1978/1985 1735/1976/1980
f 1013/1956/1962 1737/1981/1986 1736/1978/1982
f 1737/1982/1986 1010/714/662 1734/541/505
f 1006/695/644 1740/1983/1987 1009/1984/1988
f 1009/1985/1988 1741/1986/1989 1008/1987/1990
f 1008/1987/1991 1742/1988/1992 1007/1989/1993
f 1742/1988/1992 1005/547/509 1007/1989/1993
f 1738/563/524 1019/1965/1969 1740/1983/1987
f 1740/1990/1987 1018/1967/1971 1741/1986/1989
f 1741/1986/1994 1017/1970/1973 1742/1988/1992
f 1017/1970/1973 1739/560/521 1742/1988/1992
f 1021/696/645 1745/1991/1995 1024/1992/1996
f 1024/1993/1996 1746/1994/1997 1023/1995/1998
f 1023/1995/1999 1747/1996/2000 1022/1997/2001
f 1747/1996/2000 1020/566/526 1022/1997/2001
f 1743/690/639 1009/1984/1988 1745/1991/1995
f 1745/1998/1995 1008/1987/1990 1746/1994/1997
f 1746/1994/2002 1007/1989/1993 1747/1996/2000
f 1007/1989/1993 1744/549/511 1747/1996/2000
f 995/552/513 1750/1999/2003 997/1961/1965
f 997/1961/1965 1751/2000/2004 998/1962/1966
f 998/1962/2005 1752/2001/2006 999/1963/1968
f 1752/2002/2006 996/572/532 999/1964/1968
f 1748/551/512 1027/2003/2007 1750/1999/2003
f 1750/1999/2003 1028/2004/2008 1751/2000/2004
f 1751/2000/2009 1029/2005/2010 1752/2001/2006
f 1029/2006/2010 1749/570/530 1752/2002/2006
f 1025/581/540 1755/2007/2011 1027/2003/2007
f 1027/2003/2007 1756/2008/2012 1028/2004/2008
f 1028/2004/2013 1757/2009/2014 1029/2005/2010
f 1757/2010/2014 1026/569/529 1029/2006/2010
f 1753/590/549 1037/2011/2015 1755/2007/2011
f 1755/2007/2011 1038/2012/2016 1756/2008/2012
f 1756/2008/2017 1039/2013/2018 1757/2009/2014
f 1039/2014/2018 1754/567/527 1757/2010/2014
f 1031/726/674 1760/2015/2019 1034/2016/2020
f 1034/2017/2020 1761/2018/2021 1033/2019/2022
f 1033/2019/2023 1762/2020/2024 1032/2021/2025
f 1032/2021/2025 1759/574/534 1030/576/536
f 1758/719/667 1024/1992/1996 1760/2015/2019
f 1760/2022/2019 1023/1995/1998 1761/2018/2021
f 1761/2018/2026 1022/1997/2001 1762/2020/2024
f 1022/1997/2001 1759/574/534 1762/2020/2024
f 1763/704/652 1070/1299/1277 1059/702/650
f 1765/2023/2027 1071/1287/2028 1070/1299/1277
f 1766/2024/2029 1062/1284/1264 1071/1287/1267
f 1767/2025/2030 1057/718/666 1062/1284/1264
f 1041/1270/1252 1765/2023/2027 1763/704/652
f 1050/1269/1251 1766/2024/2029 1765/2023/2027
f 1044/1275/1255 1767/2025/2030 1766/2024/2029
f 1043/1264/1246 1764/670/620 1767/2025/2030
f 1035/589/548 1770/2026/2031 1037/2011/2015
f 1037/2011/2015 1771/2027/2032 1038/2012/2016
f 1038/2012/2033 1772/2028/2034 1039/2013/2018
f 1039/2014/2018 1769/577/537 1036/579/539
f 1768/689/638 1072/1298/1276 1770/2026/2031
f 1770/2026/2035 1066/1293/1280 1771/2027/2032
f 1771/2027/2036 1065/1290/1270 1772/2028/2034
f 1772/2029/2034 1058/586/545 1769/577/537
f 1041/1270/1252 1775/2030/2037 1048/1268/1250
f 1048/1273/1250 1776/2031/2038 1049/1271/1253
f 1049/1271/1253 1777/2032/2039 1054/1278/1258
f 1054/1278/1258 1774/583/542 1042/585/544
f 1773/703/651 1034/2016/2020 1775/2030/2037
f 1775/2033/2037 1033/2019/2022 1776/2031/2038
f 1776/2031/2038 1032/2021/2025 1777/2032/2039
f 1777/2032/2039 1030/576/536 1774/583/542
f 1778/606/564 1002/2034/1975 1000/725/673
f 1780/2035/2040 1003/1973/2041 1002/1972/1975
f 1781/2036/2042 1004/2037/2043 1003/1973/1977
f 1004/2037/2043 1779/699/647 1001/555/516
f 1080/665/617 1780/2038/2040 1778/606/564
f 1082/2039/2044 1781/2036/2045 1780/2035/2040
f 1083/2040/2046 1782/2041/2047 1781/2036/2042
f 1782/2041/2047 1081/595/554 1779/699/647
f 1783/513/477 1079/2042/2048 1076/711/659
f 1785/2043/2049 1078/2044/2050 1079/2042/2048
f 1786/2045/2051 1077/2046/2052 1078/2044/2053
f 1077/2047/2052 1784/591/550 1075/593/552
f 991/515/479 1785/2043/2049 1783/513/477
f 994/1975/1979 1786/2045/2054 1785/2043/2049
f 993/1977/1984 1787/2048/2055 1786/2045/2051
f 1787/2049/2055 990/553/514 1784/591/550
f 1092/1318/1300 1790/2050/2056 1103/1316/1298
f 1103/1316/1298 1791/2051/2057 1104/1306/1287
f 1104/1306/1287 1792/2052/2058 1094/1302/1283
f 1094/1302/1283 1789/2053/610 1090/1300/658
f 1788/680/629 1087/2054/2059 1790/2050/2056
f 1790/2050/2056 1088/2055/2060 1791/2051/2057
f 1791/2051/2057 1089/2056/2061 1792/2052/2058
f 1792/2057/2058 1086/601/560 1789/657/610
f 1793/681/630 1082/2058/2044 1080/665/617
f 1795/2059/2062 1083/2040/2063 1082/2039/2044
f 1796/2060/2064 1084/2061/2065 1083/2040/2046
f 1797/2062/2066 1081/595/554 1084/2061/2065
f 1092/1318/1300 1795/2063/2062 1793/681/630
f 1105/2064/1299 1796/2060/2067 1795/2059/2062
f 1099/2065/2068 1797/2062/2066 1796/2060/2064
f 1098/1311/1292 1794/603/562 1797/2062/2066
f 1798/683/632 1087/2054/2059 1085/682/631
f 1800/2066/2069 1088/2055/2060 1087/2054/2059
f 1801/2067/2070 1089/2068/2061 1088/2069/2060
f 1089/2068/2061 1799/599/558 1086/601/560
f 1076/711/659 1800/2066/2069 1798/683/632
f 1079/2042/2048 1801/2070/2071 1800/2066/2069
f 1078/2071/2053 1802/2072/2072 1801/2067/2070
f 1077/2047/2052 1799/599/558 1802/2072/2072
f 1803/679/628 1132/2073/2073 1129/608/565
f 1805/2074/2074 1131/2075/2075 1132/2073/2073
f 1806/2076/2076 1130/2077/2077 1131/2075/2075
f 1807/2078/2078 1128/724/672 1130/2077/2077
f 1113/628/584 1805/2074/2074 1803/679/628
f 1115/2079/2079 1806/2076/2076 1805/2074/2074
f 1116/2080/2080 1807/2078/2078 1806/2076/2076
f 1117/2081/2081 1804/723/671 1807/2078/2078
f 1134/622/578 1810/2082/2082 1137/2083/2083
f 1137/2083/2083 1811/2084/2084 1136/2085/2085
f 1136/2085/2085 1812/2086/2086 1135/2087/2087
f 1135/2087/2087 1809/660/613 1133/663/616
f 1808/621/577 1120/2088/2088 1810/2082/2082
f 1810/2082/2082 1121/2089/2089 1811/2084/2084
f 1811/2084/2084 1122/2090/2090 1812/2086/2086
f 1812/2086/2086 1119/661/614 1809/660/613
f 1109/618/574 1815/2091/2091 1112/2092/2092
f 1112/2092/2092 1816/2093/2093 1111/2094/2094
f 1111/2094/2094 1817/2095/2095 1110/2096/2096
f 1110/2096/2096 1814/677/627 1108/643/599
f 1813/609/566 1132/2073/2073 1815/2091/2091
f 1815/2091/2091 1131/2075/2075 1816/2093/2093
f 1816/2093/2093 1130/2077/2077 1817/2095/2095
f 1817/2095/2095 1128/724/672 1814/677/627
f 1818/623/579 1127/2097/2097 1124/662/615
f 1820/2098/2098 1126/2099/2099 1127/2097/2097
f 1821/2100/2100 1125/2101/2101 1126/2099/2099
f 1822/2102/2102 1123/715/663 1125/2101/2101
f 1134/622/578 1820/2098/2098 1818/623/579
f 1137/2083/2083 1821/2100/2100 1820/2098/2098
f 1136/2085/2085 1822/2102/2102 1821/2100/2100
f 1135/2087/2087 1819/698/646 1822/2102/2102
f 1823/614/570 1142/2103/2103 1139/692/641
f 1825/2104/2104 1141/2105/2105 1142/2103/2103
f 1826/2106/2106 1140/2107/2107 1141/2105/2105
f 1827/2108/2108 1138/615/571 1140/2107/2107
f 1124/662/615 1825/2104/2104 1823/614/570
f 1127/2097/2097 1826/2106/2106 1825/2104/2104
f 1126/2099/2099 1827/2108/2108 1826/2106/2106
f 1125/2101/2101 1824/631/587 1827/2108/2108
f 1828/629/585 1115/2079/2079 1113/628/584
f 1830/2109/2109 1116/2080/2080 1115/2079/2079
f 1831/2110/2110 1117/2081/2081 1116/2080/2080
f 1832/2111/2111 1114/722/670 1117/2081/2081
f 1143/634/590 1830/2109/2109 1828/629/585
f 1145/2112/2112 1831/2110/2110 1830/2109/2109
f 1146/2113/2113 1832/2111/2111 1831/2110/2110
f 1147/2114/2114 1829/611/568 1832/2111/2111
f 1833/635/591 1145/2112/2112 1143/634/590
f 1835/2115/2115 1146/2113/2113 1145/2112/2112
f 1836/2116/2116 1147/2114/2114 1146/2113/2113
f 1837/2117/2117 1144/675/625 1147/2114/2114
f 1153/639/595 1835/2115/2115 1833/635/591
f 1155/2118/2118 1836/2116/2116 1835/2115/2115
f 1156/2119/2119 1837/2117/2117 1836/2116/2116
f 1157/2120/2120 1834/716/664 1837/2117/2117
f 1838/630/586 1152/2121/2121 1149/720/668
f 1840/2122/2122 1151/2123/2123 1152/2121/2121
f 1841/2124/2124 1150/2125/2125 1151/2123/2123
f 1842/2126/2126 1148/638/594 1150/2125/2125
f 1139/692/641 1840/2122/2122 1838/630/586
f 1142/2103/2103 1841/2124/2124 1840/2122/2122
f 1141/2105/2105 1842/2126/2126 1841/2124/2124
f 1140/2107/2107 1839/617/573 1842/2126/2126
f 1175/721/669 1845/2127/2127 1178/1344/1323
f 1178/1344/1323 1846/2128/2128 1179/1346/1325
f 1179/1346/1325 1847/2129/2129 1186/1356/1331
f 1186/1352/1331 1844/706/654 1176/708/656
f 1843/674/624 1162/1323/1305 1845/2127/2127
f 1845/2127/2127 1171/1327/1309 1846/2128/2128
f 1846/2128/2128 1170/1340/1318 1847/2129/2129
f 1847/2130/2129 1160/707/655 1844/706/654
f 1848/641/597 1155/2118/2118 1153/639/595
f 1850/2131/2130 1156/2119/2119 1155/2118/2118
f 1851/2132/2131 1157/2120/2120 1156/2119/2119
f 1852/2133/2132 1154/713/661 1157/2120/2120
f 1177/2134/1337 1850/2131/2130 1848/641/597
f 1191/1364/1336 1851/2132/2131 1850/2131/2130
f 1185/1363/1339 1852/2133/2132 1851/2132/2131
f 1184/1351/1330 1849/693/642 1852/2133/2132
f 1853/636/592 1166/1331/1313 1159/642/598
f 1855/2135/2133 1167/1342/1321 1166/1331/1313
f 1856/2136/2134 1172/1338/1319 1167/1342/1321
f 1857/2137/2135 1160/707/655 1172/1338/1319
f 1149/720/668 1855/2135/2133 1853/636/592
f 1152/2121/2121 1856/2136/2134 1855/2135/2133
f 1151/2123/2123 1857/2137/2135 1856/2136/2134
f 1150/2125/2125 1854/705/653 1857/2137/2135
f 1118/625/581 1860/2138/2136 1120/2088/2088
f 1120/2088/2088 1861/2139/2137 1121/2089/2089
f 1121/2089/2089 1862/2140/2138 1122/2090/2090
f 1122/2090/2090 1859/700/648 1119/661/614
f 1858/646/600 1201/2141/2139 1860/2138/2136
f 1860/2138/2136 1202/2142/2140 1861/2139/2137
f 1861/2139/2137 1203/2143/2141 1862/2140/2138
f 1862/2140/2138 1200/667/619 1859/700/648
f 1195/648/602 1865/2144/2142 1198/2145/2143
f 1198/2145/2143 1866/2146/2144 1197/2147/2145
f 1197/2147/2145 1867/2148/2146 1196/2149/2147
f 1196/2149/2147 1864/652/605 1194/651/604
f 1863/619/575 1112/2092/2092 1865/2144/2142
f 1865/2144/2142 1111/2094/2094 1866/2146/2144
f 1866/2146/2144 1110/2096/2096 1867/2148/2146
f 1867/2148/2146 1108/643/599 1864/652/605
f 1868/659/612 1212/1368/1342 1209/712/660
f 1870/2150/2148 1213/1377/1352 1212/1368/1342
f 1871/2151/2149 1219/1373/1348 1213/1377/1352
f 1872/2152/2150 1210/1374/1349 1219/1373/1348
f 1204/655/608 1870/2150/2148 1868/659/612
f 1206/2153/2151 1871/2151/2149 1870/2150/2148
f 1207/2154/2152 1872/2152/2150 1871/2151/2149
f 1208/2155/2153 1869/687/636 1872/2152/2150
f 1199/647/601 1875/2156/2154 1201/2141/2139
f 1201/2141/2139 1876/2157/2155 1202/2142/2140
f 1202/2142/2140 1877/2158/2156 1203/2143/2141
f 1203/2143/2141 1874/686/635 1200/667/619
f 1873/653/606 1223/1380/1356 1875/2156/2154
f 1875/2156/2154 1218/1375/1350 1876/2157/2155
f 1876/2157/2155 1217/1372/1347 1877/2158/2156
f 1877/2158/2156 1210/1374/1349 1874/686/635
f 1204/655/608 1880/2159/2157 1206/2153/2151
f 1206/2153/2151 1881/2160/2158 1207/2154/2152
f 1207/2154/2152 1882/2161/2159 1208/2155/2153
f 1208/2155/2153 1879/685/634 1205/684/633
f 1878/649/603 1198/2145/2143 1880/2159/2157
f 1880/2159/2157 1197/2147/2145 1881/2160/2158
f 1881/2160/2158 1196/2149/2147 1882/2161/2159
f 1882/2161/2159 1194/651/604 1879/685/634
f 1211/654/607 1885/2162/2160 1222/2163/1357
f 1222/2164/1341 1884/2165/657 1209/2166/660
f 1883/604/563 1100/1310/2161 1885/2162/2160
s 37
f 1885/2162/2162 1100/1310/2163 1093/1314/2163
s 6
f 1885/2167/2164 1090/1300/658 1884/2165/657
f 1886/584/543 1053/2168/2165 1042/585/544
s 38
f 1053/2168/2166 1888/2169/2167 1889/2170/2168
s 6
f 1889/2171/2169 1040/1261/1243 1053/1263/1245
f 1159/642/598 1888/2169/2170 1886/584/543
s 38
f 1888/2169/2167 1161/2172/2171 1889/2170/2168
s 6
f 1161/2173/1306 1887/671/621 1889/2171/2169
f 1177/1360/1337 1892/2174/2172 1189/1358/1335
f 1189/1358/1335 1893/2175/2173 1190/1348/1327
f 1190/1348/1327 1894/2176/2174 1180/1345/1324
f 1180/1345/1324 1891/717/665 1175/721/669
f 1890/2177/596 1067/1291/1271 1892/2174/2172
f 1892/2174/2172 1061/1285/1265 1893/2175/2173
f 1893/2175/2173 1060/1283/1263 1894/2176/2174
f 1894/2176/2174 1057/718/666 1891/717/665
s 3
f 481/885/848 479/882/841 478/881/838
s 39
f 482/1629/2175 483/2/2176 484/1/2176
s 2
f 1237/7/7 218/186/173 20/8/8
f 1262/40/36 106/39/35 22/41/37
f 238/42/38 22/41/37 113/48/43
f 1277/49/44 113/48/43 1395/50/45
f 104/9/9 20/8/8 337/74/68
f 10/76/70 322/193/179 1332/77/71
f 23/79/72 332/130/120 1326/80/73
f 346/81/74 8/98/91 96/82/75
f 102/58/53 16/20/17 317/84/77
f 15/86/79 101/90/83 1311/87/80
f 15/86/79 342/88/81 1321/89/82
f 101/90/83 14/23/20 326/91/84
f 114/92/85 1306/148/136 337/74/68
f 115/93/86 1331/95/88 321/94/87
f 21/31/27 347/161/149 1341/96/89
f 1327/97/90 95/78/70 8/98/91
f 22/41/37 357/191/177 1356/102/95
f 1342/83/76 96/82/75 11/103/96
f 113/48/43 1356/102/95 367/108/101
f 316/109/102 1317/146/135 94/110/70
f 14/23/20 100/22/19 1361/112/103
f 110/66/61 17/60/55 389/114/105
f 98/116/70 12/137/127 388/117/107
f 13/63/58 108/62/57 1376/119/109
f 108/62/57 1391/70/65 419/120/110
f 1386/68/63 110/66/61 1381/115/106
f 7/111/70 94/110/70 1312/128/118
f 107/25/22 1321/89/82 332/130/120
f 94/110/70 9/147/70 341/131/121
f 16/20/17 104/9/9 1316/75/69
f 394/135/125 1377/155/143 99/136/126
f 95/78/70 1332/77/71 352/144/133
f 223/24/21 1232/122/112 101/90/83
f 1317/146/135 336/195/181 9/147/70
f 25/37/33 321/94/87 1306/148/136
f 99/136/126 1372/156/144 400/153/141
f 1377/155/143 418/825/778 1372/156/144
f 112/14/12 1326/80/73 347/161/149
f 11/103/96 362/185/172 1352/162/150
f 93/166/70 1322/167/154 341/131/121
f 10/76/70 331/187/174 1322/167/154
f 7/111/70 98/116/70 1367/118/108
s 3
f 434/169/156 1426/212/198 135/170/157
s 2
f 1362/172/159 394/135/125 12/137/127
f 1357/177/164 97/163/151 1347/178/165
f 97/163/151 1352/162/150 383/180/167
f 17/60/55 102/58/53 1366/85/78
f 12/137/127 99/136/126 1382/154/142
f 96/82/75 1337/188/175 362/185/172
f 331/187/174 10/76/70 95/78/70
f 8/98/91 352/144/133 1337/188/175
f 106/39/35 1341/96/89 357/191/177
f 322/193/179 10/76/70 93/166/70
f 1307/194/180 93/166/70 9/147/70
f 356/104/97 11/103/96 97/163/151
f 327/129/119 1362/172/159 98/116/70
s 3
f 487/198/184 1466/345/331 128/199/185
f 747/206/192 1507/333/319 129/207/193
f 513/209/195 31/235/221 125/210/196
f 1426/212/198 459/862/817 1543/213/199
f 1502/208/194 129/207/193 1512/217/203
f 475/219/205 1436/320/306 122/220/206
f 448/222/208 1441/300/286 133/223/209
f 1477/225/211 130/340/326 1482/226/212
f 133/223/209 1549/301/287 672/228/214
f 26/230/216 568/263/249 1418/231/217
f 30/232/218 125/210/196 1422/233/219
f 31/235/221 550/302/288 1422/233/219
f 1437/236/222 132/251/237 1544/237/223
f 32/242/228 586/305/291 1404/243/229
f 33/200/186 128/199/185 1409/245/231
f 436/247/233 27/276/262 120/248/234
f 1437/236/222 474/884/843 1521/250/236
f 29/255/241 123/280/266 1403/256/242
f 487/198/184 33/200/186 126/258/244
f 475/219/205 28/221/207 121/260/246
f 26/230/216 120/248/234 1398/262/248
f 33/200/186 566/246/232 1399/264/250
f 449/267/253 1526/315/301 117/268/254
f 34/270/256 605/271/257 1409/245/231
f 34/270/256 127/244/230 1404/243/229
f 27/276/262 121/260/246 1413/277/263
f 28/221/207 548/283/269 1413/277/263
f 450/279/265 30/232/218 123/280/266
f 524/282/268 1456/259/245 126/258/244
f 28/221/207 122/220/206 1418/231/217
f 135/170/157 1543/213/199 621/284/270
f 1467/288/274 486/894/854 1539/289/275
s 4
f 1408/291/277 119/304/290 1417/252/238
s 3
f 27/276/262 584/278/264 1398/262/248
f 540/293/279 1467/288/274 137/290/276
f 29/255/241 585/257/243 1412/298/284
f 30/232/218 603/234/220 1403/256/242
f 1441/300/286 497/905/869 1549/301/287
f 31/235/221 124/299/285 1412/298/284
s 4
f 604/303/289 1421/253/239 119/304/290
s 3
f 32/242/228 126/258/244 1399/264/250
f 1553/294/280 137/290/276 1511/307/293
f 137/290/276 1539/289/275 729/309/295
f 132/251/237 1481/314/300 622/312/298
f 132/251/237 1521/250/236 658/313/299
f 1526/315/301 692/1118/1083 1496/316/302
f 460/319/305 26/230/216 122/220/206
f 1516/171/158 135/170/157 1472/285/271
f 450/279/265 1451/211/197 125/210/196
f 498/325/311 1442/281/267 123/280/266
f 674/326/312 1491/342/328 131/327/313
f 1486/328/314 131/327/313 1497/329/315
f 524/282/268 32/242/228 127/244/230
f 539/332/318 1461/331/317 127/244/230
f 1512/217/203 129/207/193 1507/333/319
f 436/247/233 1431/261/247 121/260/246
f 460/319/305 1427/249/235 120/248/234
f 1482/226/212 130/340/326 1471/337/323
f 639/339/325 1471/337/323 130/340/326
f 498/325/311 29/255/241 124/299/285
f 513/209/195 1447/341/327 124/299/285
f 1497/329/315 131/327/313 1491/342/328
f 1525/224/210 133/223/209 1487/229/215
f 539/332/318 34/270/256 128/199/185
s 5
f 1568/352/338 800/530/494 54/353/339
f 780/364/347 1568/352/338 156/354/340
f 1588/378/360 155/444/419 53/379/361
f 1583/381/363 167/438/414 60/382/364
f 1603/388/370 163/398/379 52/389/371
f 848/397/378 59/451/426 163/398/379
f 1618/402/382 780/364/347 50/365/348
f 853/404/384 1618/402/382 154/403/383
f 864/412/392 1633/410/390 162/411/391
f 156/354/340 54/353/339 907/419/397
f 44/421/399 892/536/500 1663/422/400
f 916/426/403 42/443/399 148/427/399
f 154/403/383 50/365/348 887/429/405
f 166/437/413 1637/492/458 907/419/397
f 167/438/414 1662/440/416 891/439/415
f 53/379/361 921/445/420 1662/440/416
f 1658/442/418 147/423/399 42/443/399
f 155/444/419 1667/446/421 921/445/420
f 52/389/371 931/450/425 1667/446/421
f 1673/428/404 148/427/399 45/448/423
f 163/398/379 1682/452/427 931/450/425
f 59/451/426 954/535/499 1682/452/427
f 886/454/429 1648/490/457 146/455/399
f 162/411/391 51/405/385 959/459/432
f 150/461/399 46/482/399 958/462/434
f 55/413/393 162/411/391 1712/460/433
f 157/470/441 55/469/393 968/471/438
f 41/456/399 146/455/399 1643/473/443
f 146/455/399 43/491/399 911/476/446
f 50/365/348 156/354/340 1647/420/398
f 964/480/449 1708/499/465 151/481/399
f 816/380/362 53/379/361 167/438/414
f 147/423/399 1663/422/400 922/488/455
f 786/383/365 60/382/364 166/437/413
f 1648/490/457 906/538/502 43/491/399
f 60/382/364 891/439/415 1637/492/458
f 151/481/399 1703/500/466 969/497/463
f 1708/499/465 974/1250/1232 1703/500/466
f 45/448/423 932/529/493 1683/506/471
f 145/510/399 1653/511/475 911/476/446
f 44/421/399 901/531/495 1653/511/475
f 41/456/399 150/461/399 1698/463/435
f 1693/516/480 964/480/449 46/482/399
f 1688/521/485 149/507/472 1678/522/486
f 149/507/472 1683/506/471 953/524/488
f 51/405/385 154/403/383 1697/430/406
f 826/390/372 52/389/371 155/444/419
f 46/482/399 151/481/399 1713/498/464
f 148/427/399 1668/532/496 932/529/493
f 1558/489/456 166/437/413 54/353/339
f 901/531/495 44/421/399 147/423/399
f 42/443/399 922/488/455 1668/532/496
f 161/485/452 1677/487/454 954/535/499
f 892/536/500 44/421/399 145/510/399
f 1638/537/501 145/510/399 43/491/399
f 926/449/424 45/448/423 149/507/472
f 897/474/444 1693/516/480 150/461/399
s 6
f 1001/555/516 1779/699/647 182/556/517
f 1015/558/519 75/620/576 189/559/520
f 1754/567/527 185/633/589 79/568/528
f 1749/570/530 197/627/583 85/571/531
f 1769/577/537 193/587/546 78/578/538
f 1784/591/550 990/553/514 76/554/515
f 1075/593/552 1784/591/550 184/592/551
f 1799/599/558 1075/593/552 77/594/553
f 1086/601/560 1799/599/558 192/600/559
f 70/610/567 1114/722/670 1829/611/568
f 84/613/569 1124/662/615 1823/614/570
f 1138/615/571 68/632/588 178/616/572
f 184/592/551 76/554/515 1109/618/574
f 75/620/576 183/624/580 1808/621/577
f 75/620/576 1134/622/578 1818/623/579
f 183/624/580 74/557/518 1118/625/581
f 196/626/582 1803/679/628 1129/608/565
f 197/627/583 1828/629/585 1113/628/584
f 79/568/528 1143/634/590 1828/629/585
f 1824/631/587 177/612/567 68/632/588
f 185/633/589 1833/635/591 1143/634/590
f 78/578/538 1153/639/595 1833/635/591
f 1839/617/573 178/616/572 71/637/593
f 193/587/546 1848/641/597 1153/639/595
f 1890/640/596 1177/2134/1337 1848/641/597
f 1108/643/599 1814/677/627 176/644/567
f 74/557/518 182/556/517 1858/646/600
f 182/556/517 73/597/556 1199/647/601
f 192/600/559 77/594/553 1195/648/602
f 180/650/567 72/669/567 1194/651/604
f 73/597/556 190/596/555 1873/653/606
f 190/596/555 1883/604/563 1211/654/607
f 81/602/561 192/600/559 1878/649/603
f 67/645/567 176/644/567 1809/660/613
f 1739/560/521 189/559/520 84/613/569
f 189/559/520 1818/623/579 1124/662/615
f 176/644/567 69/678/567 1133/663/616
f 1200/667/619 1874/686/635 181/668/567
f 1026/569/529 79/568/528 197/627/583
f 177/612/567 1829/611/568 1144/675/625
f 996/572/532 85/571/531 196/626/582
f 1814/677/627 1128/724/672 69/678/567
f 85/571/531 1113/628/584 1803/679/628
f 181/668/567 1869/687/636 1205/684/633
f 1874/686/635 1210/1374/1349 1869/687/636
f 194/548/510 1823/614/570 1139/692/641
f 71/637/593 1154/713/661 1849/693/642
f 175/697/567 1819/698/646 1133/663/616
f 70/610/567 1123/715/663 1819/698/646
f 1779/699/647 1081/595/554 73/597/556
f 67/645/567 180/650/567 1864/652/605
f 1859/700/648 1200/667/619 72/669/567
f 1854/705/653 179/694/643 1844/706/654
f 179/694/643 1849/693/642 1176/708/656
f 77/594/553 184/592/551 1863/619/575
f 1036/579/539 78/578/538 185/633/589
f 72/669/567 181/668/567 1879/685/634
f 178/616/572 1834/716/664 1154/713/661
f 1724/676/626 196/626/582 80/542/506
f 1123/715/663 70/610/567 177/612/567
f 68/632/588 1144/675/625 1834/716/664
f 1114/722/670 70/610/567 175/697/567
f 1804/723/671 175/697/567 69/678/567
f 1148/638/594 71/637/593 179/694/643
f 1119/661/614 1859/700/648 180/650/567
s 2
f 1306/148/136 1308/1502/1477 340/1501/1476
f 1309/1504/1479 1310/1506/1481 338/1505/1480
f 324/1508/1483 325/1509/1484 1310/1506/1481
f 343/1515/1490 1315/1514/1489 1312/128/118
f 344/1513/1488 343/1515/1490 1325/1530/1505
f 1331/95/88 1333/1537/1512 323/1507/1482
f 1341/96/89 1343/1550/1525 360/1549/1524
f 349/1533/1508 348/1535/1510 1345/1554/1529
f 1358/1564/1539 1359/1565/1540 375/800/751
f 357/191/177 360/1549/1524 1358/1564/1539
f 1365/1569/1544 397/1572/1547 394/135/125
f 1369/1575/1550 319/1522/1497 318/1524/1499
f 393/113/104 1376/119/109 1378/1582/1557
f 1379/1583/1558 426/826/779 425/823/776
f 399/121/111 1381/115/106 1383/1585/1560
s 3
f 568/263/249 1398/262/248 1400/1599/1576
f 579/997/961 1400/1599/1576 1401/1600/1577
f 1401/1600/1577 1402/1601/1578 571/984/946
f 1400/1599/1576 589/1003/968 599/1006/971
f 599/1006/971 598/1014/979 1402/1601/1578
f 598/1014/979 586/305/291 1399/264/250
f 1403/256/242 1405/1602/1579 593/1009/974
f 1405/1602/1579 1406/1604/1581 594/1011/976
f 594/1011/976 1406/1604/1581 1407/1603/1580
f 600/1015/980 1407/1603/1580 1404/243/229
f 603/234/220 608/1019/984 1405/1602/1579
f 608/1019/984 617/1022/987 1406/1604/1581
f 1406/1604/1581 617/1022/987 616/1035/1001
f 1407/1603/1580 616/1035/1001 605/271/257
s 4
f 1408/291/277 1410/1608/1587 611/1605/992
s 3
f 1411/1607/1586 1409/245/231 605/271/257
s 4
f 1408/291/277 567/292/278 576/991/953
s 3
f 1411/1607/1586 569/983/945 566/246/232
f 550/302/288 1412/298/284 1414/1610/1589
f 1415/1611/1590 1416/1612/1591 553/964/924
f 1416/1612/1591 1413/277/263 548/283/269
f 1414/1610/1589 595/1010/975 588/1004/969
f 588/1004/969 587/1002/967 1416/1612/1591
f 587/1002/967 584/278/264 1413/277/263
f 1420/1615/1596 1418/231/217 568/263/249
f 1420/1615/1596 551/966/926 548/283/269
f 1424/1620/1601 1425/1624/1604 563/1621/940
s 4
f 1421/253/239 604/303/289 613/1026/991
s 3
f 1425/1622/1602 606/1018/983 603/234/220
f 459/862/817 1426/212/198 1428/1625/1605
f 462/1626/818 1428/1625/1605 1429/1627/1606
f 463/871/828 1429/1627/1606 1430/1628/1607
f 468/869/826 1430/1628/1607 1427/249/235
f 434/169/156 439/834/790 1428/1625/1605
f 439/834/790 445/837/793 1429/1627/1606
f 445/837/793 446/846/1608 1430/1628/1607
f 446/846/1608 436/247/233 1427/249/235
f 1431/261/247 1433/1630/1610 482/1629/1609
f 1435/1632/1613 1432/239/225 473/321/307
f 1435/1632/1613 442/841/797 435/843/799
f 1438/1633/1615 1439/1634/1617 467/876/1616
f 1439/1634/1617 1440/1635/1618 471/873/830
f 1440/1635/1618 1437/236/222 461/238/224
f 1436/320/306 475/219/205 482/1636/1609
f 1440/1635/1618 481/887/844 474/884/843
f 497/905/869 1441/300/286 1443/1637/1620
f 500/903/867 1443/1637/1620 1444/1638/1621
f 501/915/870 1444/1638/1621 1445/1639/1622
f 505/914/876 1445/1639/1622 1442/281/267
f 448/222/208 453/851/806 1443/1637/1620
f 453/851/1623 456/855/1624 1444/1638/1621
f 456/855/1624 457/1640/1625 1445/1639/1622
f 457/1640/1625 450/279/265 1442/281/267
f 518/1644/1631 1450/1643/1630 1447/341/327
f 1451/211/197 450/279/265 457/859/1625
f 1453/1645/1632 457/859/1625 456/861/1636
f 1454/1646/1634 456/861/1636 453/1648/1637
f 1455/1647/1635 453/1648/811 449/267/253
f 1456/259/245 1458/1649/1639 494/901/1638
f 491/2178/2177 494/901/1638 495/1651/1641
f 494/901/1638 1458/1649/1639 495/1651/1641
f 1459/1650/1640 1460/1652/1642 489/890/851
f 1458/1649/1639 532/944/1643 527/945/898
f 1459/1650/1640 527/945/898 526/934/896
f 1461/331/317 1463/1653/1644 532/941/1643
f 1463/1653/1644 544/1656/1647 545/953/1648
f 1465/1655/1646 541/955/909 538/950/908
f 1466/345/331 1468/1658/1649 544/1657/1647
f 1468/1658/1649 1469/1659/1651 545/961/1650
f 1469/1659/1651 1470/1660/1652 547/957/915
f 1470/1660/1652 1467/288/274 540/293/279
f 1466/345/331 487/198/184 496/902/1653
f 1468/1658/1649 496/902/1653 491/898/1654
f 1469/1659/1651 491/898/1654 493/897/855
f 1470/1660/1652 493/897/855 486/894/854
f 633/1049/1017 1473/1661/1655 1474/1662/1656
f 634/1042/1010 1474/1662/1656 1475/1663/1657
f 1471/1664/323 639/1063/325 648/1062/1029
f 1473/1661/1655 648/1062/1029 642/1056/1023
f 1474/1662/1656 642/1056/1023 641/1054/1021
f 1475/1663/1657 641/1054/1021 638/324/310
f 1486/1673/314 1488/1674/1664 685/1100/1066
f 1488/1674/1664 1489/1675/1665 686/1091/1058
f 1489/1675/1665 1490/1676/1666 677/1088/1055
f 677/1088/1055 1490/1676/1666 1487/229/215
f 701/1112/1077 694/1116/1080 1489/1675/1665
f 694/1116/1080 693/1106/1071 1490/1676/1666
f 693/1106/1071 690/344/330 1487/229/215
f 1496/316/302 692/1118/1083 706/1120/1085
f 1498/1681/1670 706/1120/1085 700/1114/1078
f 1499/1682/1671 700/1114/1078 699/1111/1076
f 1500/1684/1672 699/2179/1076 691/330/316
f 1511/307/293 1513/1693/1679 771/1182/1151
f 1513/1693/1679 1514/1694/1680 772/1188/1162
f 1514/1694/1680 1515/1695/1681 777/1185/1159
f 1515/1695/1681 1512/1696/203 765/1186/320
f 1511/307/293 729/309/295 742/1152/1123
f 1513/1693/1679 742/1152/1123 737/1147/1118
f 1514/1694/1680 737/1147/1118 736/1144/1116
f 1515/1695/1681 736/1144/1116 728/1146/204
s 5
f 1639/1850/1858 1640/1852/1860 909/1851/1859
f 887/429/405 1647/420/398 1649/1867/1875
f 890/1868/1876 1649/1867/1875 1650/1869/1877
f 889/1870/1878 1650/1869/1877 1651/1871/1879
f 1650/1869/1877 909/1851/1859 908/1853/1861
f 914/1861/1869 913/1863/1871 1656/1878/1886
f 1665/1886/1894 1666/1887/1895 895/1857/1865
f 924/1889/1897 925/1890/1898 1666/1887/1895
f 1669/1891/1899 1670/1892/1900 924/1889/1897
f 934/1895/1903 935/1896/1904 1671/1893/1901
f 1675/1900/1908 1676/1902/1910 928/1901/1909
f 955/1908/1916 1681/1907/1915 1678/522/486
f 1690/1913/1921 1691/1914/1922 950/1239/1220
f 1694/1915/1923 965/1918/1926 966/1919/1927
f 1697/430/406 887/429/405 890/1868/1876
f 965/1918/1926 1709/1935/1941 1710/1936/1942
f 1711/1937/1943 982/1248/1230 974/1250/1232
f 971/1933/1939 1715/1940/1945 1716/1941/1946
f 1714/1938/1944 962/1922/1930 961/1924/1932
s 6
f 1820/2098/2098 1821/2100/2100 1126/2099/2099
f 1825/2104/2104 1826/2106/2106 1141/2105/2105
f 1147/2114/2114 1144/675/625 1829/611/568
f 1840/2122/2122 1841/2124/2124 1151/2123/2123
f 1151/2123/2123 1150/2125/2125 1857/2137/2135
f 1120/2088/2088 1860/2138/2136 1861/2139/2137
f 1122/2090/2090 1862/2140/2138 1859/700/648
f 1197/2147/2145 1866/2146/2144 1867/2148/2146
f 1865/2144/2142 1112/2092/2092 1111/2094/2094
f 1866/2146/2144 1111/2094/2094 1110/2096/2096
f 1206/2153/2151 1207/2154/2152 1871/2151/2149
f 1199/647/601 1873/653/606 1875/2156/2154
f 1201/2141/2139 1875/2156/2154 1876/2157/2155
f 1873/653/606 1211/654/607 1223/1380/1356
f 1878/649/603 1195/648/602 1198/2145/2143
f 1881/2160/2158 1197/2147/2145 1196/2149/2147
s 2
f 1286/4/4 91/73/5 1/5/5
f 87/10/5 1231/64/59 224/11/10
f 213/13/11 23/79/72 112/14/12
f 4/16/5 88/46/5 1251/17/14
f 198/19/16 1237/7/7 104/9/9
f 209/21/18 1282/168/155 100/22/19
f 223/24/21 15/86/79 107/25/22
f 3/12/5 86/30/5 1226/27/24
f 1241/29/26 214/164/152 4/16/5
f 1247/15/13 112/14/12 21/31/27
f 1257/33/29 103/99/92 19/34/30
f 1252/36/32 115/93/86 25/37/33
f 228/32/28 21/31/27 106/39/35
f 1272/43/39 111/53/48 18/44/40
f 88/46/5 2/160/148 233/47/42
f 265/52/47 24/106/99 111/53/48
f 89/54/49 5/157/145 243/55/50
f 1287/57/52 198/19/16 16/20/17
f 270/59/54 1287/57/52 102/58/53
f 276/61/56 1297/69/64 108/62/57
f 1/5/5 208/196/182 1231/64/59
f 1302/65/60 270/59/54 17/60/55
f 282/67/62 1302/65/60 110/66/61
f 1297/69/64 299/774/720 1391/70/65
f 6/71/66 275/133/123 1281/72/67
f 19/34/30 351/100/93 1331/95/88
f 103/99/92 1336/101/94 351/100/93
f 18/44/40 361/105/98 1336/101/94
f 111/53/48 1351/107/100 361/105/98
f 24/106/99 384/192/178 1351/107/100
f 100/22/19 13/63/58 393/113/104
f 1232/122/112 209/21/18 14/23/20
f 1292/123/113 280/751/698 1387/124/114
f 105/125/115 1387/124/114 398/126/116
f 224/11/10 1241/29/26 86/30/5
f 1242/26/23 107/25/22 23/79/72
f 92/132/122 1296/150/138 275/133/123
f 199/6/6 1/5/5 87/10/5
f 234/35/31 19/34/30 115/93/86
f 1267/138/128 248/727/675 1396/139/129
f 109/141/130 1396/2180/129 366/142/131
f 204/38/34 25/37/33 114/92/85
f 1291/149/137 300/781/731 1296/150/138
f 281/151/139 1291/149/137 92/132/122
f 5/157/145 90/173/160 1271/158/146
f 1246/159/147 229/165/153 2/160/148
f 214/164/152 1246/159/147 88/46/5
f 229/165/153 1261/190/176 89/54/49
f 1282/168/155 276/61/56 13/63/58
f 90/173/160 1266/176/163 266/174/161
f 1276/175/162 249/736/684 1266/176/163
f 1292/123/113 105/125/115 1392/181/168
f 271/183/170 6/71/66 91/73/5
f 105/125/115 1371/127/117 417/184/171
f 244/45/41 18/44/40 103/99/92
f 1301/152/140 92/132/122 6/71/66
f 2/160/148 89/54/49 1256/56/51
f 1227/145/134 114/92/85 20/8/8
f 1267/189/128 109/141/130 24/106/99
f 1261/190/176 239/197/183 5/157/145
f 109/141/130 1346/143/132 384/192/178
f 1236/134/124 87/10/5 3/12/5
f 86/30/5 4/16/5 203/18/15
f 91/73/5 1281/72/67 208/196/182
f 239/197/183 1276/175/162 90/173/160
s 3
f 1462/201/187 538/950/908 1554/202/188
f 134/203/189 1554/202/188 763/204/190
f 136/214/200 1530/275/261 709/215/201
f 1432/239/225 435/843/799 1517/240/226
s 4
f 1417/252/238 119/304/290 1421/253/239
s 3
f 499/265/251 1446/274/260 136/214/200
f 1452/269/255 117/268/254 1531/272/258
f 1446/274/260 512/920/880 1530/275/261
f 525/286/272 1462/201/187 134/203/189
f 523/295/281 1535/335/321 116/296/282
f 1534/287/273 134/203/189 1506/205/191
f 118/241/227 1517/240/226 640/310/296
f 1548/266/252 136/214/200 1492/216/202
f 117/268/254 1496/316/302 710/318/304
f 473/321/307 1432/239/225 118/241/227
f 1522/322/308 118/241/227 1476/311/297
f 1535/335/321 745/1156/1128 1501/336/322
f 1457/297/283 116/296/282 1540/346/332
f 116/296/282 1501/336/322 727/348/334
s 5
f 1617/349/335 143/418/336 35/350/336
f 139/355/336 1562/409/389 806/356/341
f 795/358/342 58/424/401 164/359/343
f 38/361/336 140/391/336 1582/362/345
f 791/366/349 1613/512/476 152/367/350
f 805/369/352 49/431/407 159/370/353
f 37/357/336 138/375/336 1557/372/355
f 1572/374/357 796/508/473 38/361/336
f 1578/360/344 164/359/343 56/376/358
f 810/377/359 56/376/358 158/384/366
f 1593/385/367 158/384/366 57/386/368
f 140/391/336 36/504/336 815/392/373
f 820/387/369 57/386/368 165/393/374
f 1608/394/375 165/393/374 1720/395/376
f 141/399/336 39/501/467 825/400/380
f 859/406/386 1628/414/394 160/407/387
f 35/350/336 790/539/503 1562/409/389
f 1633/410/390 853/404/384 51/405/385
f 1628/414/394 869/1215/1191 1717/415/395
f 40/416/336 858/478/447 1612/417/396
f 58/424/401 902/475/445 1657/425/402
f 49/431/407 153/435/411 1642/432/408
f 49/431/407 912/433/409 1652/434/410
f 153/435/411 48/368/351 896/436/412
f 56/376/358 917/505/470 1672/441/417
f 57/386/368 927/534/498 1687/447/422
f 165/393/374 1687/447/422 937/453/428
f 48/368/351 152/367/350 1692/457/430
f 152/367/350 47/408/388 963/458/431
f 47/408/388 160/407/387 1707/464/436
f 160/407/387 1717/415/395 975/465/437
f 1563/467/439 791/366/349 48/368/351
f 1623/468/440 864/1837/392 55/469/393
f 806/356/341 1572/374/357 138/375/336
f 1573/371/354 159/370/353 58/424/401
f 159/370/353 1652/434/410 902/475/445
f 144/477/336 1627/494/460 858/478/447
f 781/351/337 35/350/336 139/355/336
f 1598/483/450 830/2181/1163 1721/484/451
f 161/485/452 1721/484/451 936/486/453
f 805/369/352 1563/467/439 153/435/411
f 1622/493/459 870/1224/1202 1627/494/460
f 863/495/461 1622/493/459 144/477/336
f 39/501/467 142/517/481 1602/502/468
f 1577/503/469 811/509/474 36/504/336
f 164/359/343 1657/425/402 917/505/470
f 796/508/473 1577/503/469 140/391/336
f 811/509/474 1592/533/497 141/399/336
f 1613/512/476 859/406/386 47/408/388
s 6
f 1783/513/477 173/607/478 61/514/478
s 5
f 142/517/481 1597/520/484 849/518/482
f 1607/519/483 831/1198/1172 1597/520/484
f 1623/468/440 157/470/441 1718/525/489
f 854/527/491 40/416/336 143/418/336
f 157/470/441 1702/472/442 973/528/492
f 1632/496/462 144/477/336 40/416/336
f 36/504/336 141/399/336 1587/401/381
f 1598/483/450 161/485/452 59/451/426
f 1592/533/497 821/540/504 39/501/467
f 158/384/366 1672/441/417 927/534/498
f 1567/479/448 139/355/336 37/357/336
f 138/375/336 38/361/336 785/363/346
f 143/418/336 1612/417/396 790/539/503
f 821/540/504 1607/519/483 142/517/481
s 6
f 1734/541/505 1010/714/662 80/542/506
f 169/544/478 1728/598/557 1016/545/508
f 1005/547/509 84/613/569 194/548/510
f 64/550/478 170/580/478 1748/551/512
f 990/553/514 1734/541/505 186/543/507
f 63/546/478 168/564/478 1723/561/522
f 1738/563/524 1006/695/644 64/550/478
f 1744/549/511 194/548/510 82/565/525
f 1020/566/526 82/565/525 188/573/533
f 1759/574/534 188/573/533 83/575/535
f 170/580/478 62/691/640 1025/581/540
f 1030/576/536 83/575/535 195/582/541
f 1774/583/542 195/582/541 1886/584/543
f 1058/586/545 1890/640/596 193/587/546
f 171/588/547 65/688/637 1035/589/548
f 1081/595/554 1794/603/562 190/596/555
f 61/514/478 1000/725/673 1728/598/557
f 1794/603/562 1091/1308/1289 1883/604/563
f 66/605/478 1080/665/617 1778/606/564
f 186/543/507 80/542/506 1129/608/565
f 82/565/525 1139/692/641 1838/630/586
f 83/575/535 1149/720/668 1853/636/592
f 195/582/541 1853/636/592 1159/642/598
f 1729/656/609 1001/555/516 74/557/518
f 1789/657/610 1086/601/560 81/602/561
f 187/658/611 81/602/561 1204/655/608
f 1016/545/508 1738/563/524 168/564/478
f 174/664/478 1793/681/630 1080/665/617
f 991/515/479 61/514/478 169/544/478
f 76/554/515 186/543/507 1813/609/566
f 1764/670/620 1040/1261/1243 1887/671/621
f 191/672/622 1887/671/621 1158/673/623
f 1015/558/519 1729/656/609 183/624/580
f 1788/680/629 1092/1318/1300 1793/681/630
f 1085/682/631 1788/680/629 174/664/478
f 65/688/637 172/701/649 1768/689/638
f 1743/690/639 1021/696/645 62/691/640
f 1006/695/644 1743/690/639 170/580/478
f 1021/696/645 1758/719/667 171/588/547
f 172/701/649 1763/704/652 1059/702/650
f 1773/703/651 1041/1270/1252 1763/704/652
f 1789/657/610 187/658/611 1884/709/657
f 1076/711/659 66/605/478 173/607/478
f 187/658/611 1868/659/612 1209/712/660
f 1798/683/632 174/664/478 66/605/478
f 62/691/640 171/588/547 1753/590/549
f 1764/670/620 191/672/622 1891/717/665
f 1758/719/667 1031/726/674 65/688/637
f 188/573/533 1838/630/586 1149/720/668
f 191/672/622 1843/674/624 1175/721/669
f 1733/666/618 169/544/478 63/546/478
f 168/564/478 64/550/478 995/552/513
f 173/607/478 1778/606/564 1000/725/673
f 1031/726/674 1773/703/651 172/701/649
s 2
f 248/727/675 251/730/678 254/728/676
f 251/730/678 252/741/687 255/731/679
f 254/728/676 255/731/679 256/733/681
f 257/734/682 260/740/686 259/735/683
f 258/737/685 261/747/688 260/738/686
f 260/740/686 255/731/679 252/741/687
f 261/742/688 256/733/681 255/731/679
f 250/51/689 253/1595/2178 263/743/690
f 262/744/691 263/743/690 261/747/693
f 263/743/690 264/746/2179 256/748/695
f 283/749/696 286/753/700 285/750/697
f 284/752/699 287/755/702 286/753/700
f 286/753/700 288/756/703 295/754/701
f 281/757/139 289/760/706 292/758/704
f 289/760/706 290/766/1472 293/761/707
f 291/759/705 292/758/704 287/755/702
f 292/758/704 293/761/707 288/762/703
f 294/763/708 297/765/710 296/764/709
f 295/754/701 288/756/703 297/765/710
f 297/765/710 293/761/712 290/766/711
f 298/182/169 301/2182/715 303/767/713
f 302/768/714 303/767/713 315/771/717
f 303/767/713 304/770/716 305/773/719
f 299/774/720 306/777/723 309/775/721
f 306/777/723 307/784/1470 310/778/724
f 308/776/725 309/775/721 304/770/726
f 309/775/721 310/778/724 305/773/728
f 311/779/729 314/2183/732 313/780/730
f 312/772/718 315/771/717 314/782/732
f 314/782/732 310/778/734 307/784/733
f 315/771/717 305/773/719 310/778/734
f 366/142/131 369/2184/737 371/786/735
f 370/787/736 371/786/735 382/790/739
f 371/786/735 372/789/2180 373/792/741
f 367/108/101 374/795/744 376/793/742
f 374/795/744 375/800/751 377/796/745
f 376/793/742 377/796/745 373/792/747
f 378/797/748 381/799/750 380/798/749
f 379/791/740 382/790/752 381/799/750
f 381/799/750 377/796/745 375/800/751
f 382/790/752 373/792/747 377/796/745
f 401/801/753 404/804/756 403/802/754
f 402/803/755 405/813/765 404/804/756
f 404/804/756 416/807/759 413/805/757
f 404/804/756 405/813/765 406/806/758
f 407/808/760 410/811/763 409/809/761
f 408/810/762 411/812/764 410/811/763
f 410/811/763 405/813/765 402/803/755
f 411/812/764 406/806/758 405/813/765
f 412/814/766 415/816/768 414/815/767
f 413/805/757 416/807/759 415/816/768
f 414/815/767 415/816/768 411/812/764
f 415/816/768 416/807/759 406/806/758
f 417/184/171 420/819/771 422/817/769
f 420/819/771 421/828/781 423/820/772
f 422/817/769 423/820/772 424/822/774
f 425/823/776 428/827/780 427/824/777
f 426/826/779 429/829/782 428/827/780
f 428/827/780 423/820/783 421/828/781
f 429/829/782 424/822/788 423/820/783
f 419/120/110 430/1592/786 432/830/784
f 431/831/785 432/830/784 429/829/782
f 432/830/784 433/821/787 424/822/788
s 3
f 437/833/789 440/836/792 439/834/790
f 442/841/797 440/845/792 444/842/798
s 8
f 445/840/796 441/839/795 443/844/802
s 3
f 462/863/818 472/867/822 470/865/820
f 462/863/818 463/2185/828 465/866/821
s 12
f 466/868/823 467/870/2181 468/869/824
s 3
f 469/872/831 470/865/1724 472/867/832
f 471/874/833 472/867/832 465/866/835
f 481/885/848 478/881/838 477/879/839
s 17
f 492/896/859 493/895/862 489/891/860
f 493/895/862 495/899/2182 490/892/863
s 18
f 494/901/864 491/2178/2183 496/902/865
s 3
f 500/903/867 503/907/871 502/904/868
f 506/911/874 504/919/873 507/912/875
f 508/916/877 511/918/879 510/917/878
f 509/909/872 503/908/871 511/918/879
f 511/918/879 504/919/873 506/911/874
s 20
f 516/926/884 520/925/2184 519/927/885
s 21
f 517/931/889 515/933/894 522/932/890
s 3
f 526/934/896 529/937/899 528/935/897
f 531/942/903 530/940/901 527/936/898
f 534/946/905 537/948/907 536/947/906
f 535/939/900 529/938/899 537/948/907
f 537/948/907 529/938/899 530/940/901
s 23
f 545/953/911 1896/960/2185 543/954/912
s 24
f 546/956/916 542/1724/2186 541/958/917
f 547/959/918 541/958/917 543/962/921
s 3
f 548/283/269 551/966/926 554/963/923
f 552/965/925 555/968/928 554/963/923
f 554/963/923 565/969/929 562/967/927
s 4
f 549/254/240 556/972/932 559/970/930
f 556/972/932 557/1619/1600 560/973/933
f 558/971/931 559/970/930 555/974/934
s 26
f 559/970/936 560/973/2187 565/976/937
s 3
f 561/977/939 564/979/941 563/978/940
f 562/967/927 565/969/943 564/979/941
f 564/979/941 560/982/944 557/980/942
f 569/983/945 572/986/948 571/984/946
f 570/985/947 573/988/950 572/986/948
f 572/986/948 583/989/951 580/987/949
s 4
f 567/292/278 574/992/954 577/990/952
f 574/992/954 575/1614/1593 578/993/955
f 576/994/953 577/995/952 573/988/956
s 27
f 577/995/958 578/1001/2188 583/996/959
s 3
f 579/997/961 582/999/963 581/998/962
f 580/987/949 583/989/965 582/999/963
f 582/999/963 578/1001/966 575/1000/964
f 587/1002/967 590/1005/970 589/1003/968
f 588/1004/969 591/1013/978 590/1005/970
f 590/1005/970 602/1008/973 599/1006/971
f 590/1005/970 591/1013/978 592/1007/972
f 593/1009/974 596/1012/977 595/1010/975
f 594/1011/976 597/1017/982 596/1012/977
f 596/1012/977 591/1013/978 588/1004/969
f 596/1012/977 597/1017/982 592/1007/972
f 598/1014/979 601/1016/981 600/1015/980
f 599/1006/971 602/1008/973 601/1016/981
f 601/1016/981 597/1017/982 594/1011/976
f 601/1016/981 602/1008/973 592/1007/972
f 606/1018/983 609/1021/986 608/1019/984
f 607/1020/985 610/1023/988 609/1021/986
f 609/1021/986 620/1024/989 617/1022/987
s 4
f 604/303/289 611/1605/992 614/1025/990
f 611/1027/992 612/1036/1583 615/1028/993
f 613/1026/991 614/1025/990 610/1030/994
s 28
f 614/1029/996 615/1028/2189 620/1032/997
s 3
f 605/271/257 616/1035/1001 619/1033/999
f 617/1022/987 620/1024/1003 619/1033/999
f 619/1033/999 615/1028/1004 612/1036/1002
f 621/284/270 624/1039/1007 627/1037/1005
f 626/1038/1006 627/1037/1005 637/1041/1009
f 622/312/298 629/1047/1014 627/1045/1012
f 629/1047/1014 630/1053/1020 632/1048/1015
f 633/1049/1017 636/1052/1019 635/1050/1018
f 634/1042/1010 637/1041/1009 636/1052/1019
f 636/1052/1019 632/1048/1015 630/1053/1020
f 637/1041/1009 628/1044/1011 632/1048/1015
f 641/1054/1021 644/1057/1024 643/1055/1022
f 642/1056/1023 645/1059/1026 644/1057/1024
f 644/1057/1024 655/1060/1027 652/1058/1025
f 646/1061/1028 649/1065/1031 648/1062/1029
f 647/1064/1030 650/1066/1032 649/1065/1031
f 649/1065/1031 645/1059/1026 642/1056/1023
f 650/1066/1032 655/1070/1027 645/1059/1026
f 651/1067/1033 654/1069/1035 653/1068/1034
f 652/1058/1025 655/1060/1027 654/1069/1035
f 654/1069/1035 650/1066/1032 647/1064/1030
f 656/323/309 659/1073/1038 662/1071/1036
f 659/1073/1038 660/1082/1046 663/1074/1039
f 664/1077/1041 667/1081/1045 666/1078/1042
f 665/1080/1043 663/1086/1052 667/1081/1044
f 667/1081/1045 663/1074/1039 660/1082/1046
f 658/313/299 668/1085/1686 671/1083/1047
s 29
f 668/1085/1049 669/1076/2190 662/1075/1050
s 3
f 670/1084/1048 671/1083/2191 663/1086/1052
f 675/1087/1054 678/1090/1057 677/1088/1055
f 676/1089/1056 679/1099/1059 678/1090/1057
f 678/1090/1057 689/1093/1060 686/1091/1058
f 680/1094/1061 683/1097/1064 682/1095/1062
f 681/1096/1063 684/1098/1065 683/1097/1064
f 683/1097/1064 679/1099/1059 676/1089/1056
f 685/1100/1066 688/1103/1068 687/1101/1067
f 686/1091/1058 689/1093/1060 688/1103/1068
f 688/1103/1068 684/1098/1065 681/1096/1063
f 689/1093/1060 679/1092/1059 684/1098/1065
f 690/344/330 693/1106/1071 696/1104/1069
f 693/1106/1071 694/1116/1080 697/1107/1072
f 695/1105/1070 696/1104/1069 708/1108/1073
f 696/1104/1069 697/1107/1072 698/1110/1075
f 699/1111/1076 702/1115/1079 701/1112/1077
f 700/1114/1078 703/1117/1081 702/1115/1079
f 702/1115/1079 697/1107/1082 694/1116/1080
f 703/1117/1081 698/1110/2192 697/1107/1082
f 692/1118/1083 704/1121/1086 707/1119/1084
f 704/1121/1086 705/1109/1701 708/1108/1087
f 706/1120/1085 707/1119/1084 703/1117/1088
f 707/1119/1084 708/1108/1087 698/1110/1089
f 709/215/201 712/1707/1092 714/1122/1090
f 713/1123/1091 714/1122/1090 726/1126/1094
f 714/1122/1090 715/1125/1093 716/1128/1096
f 710/318/304 717/1131/1099 720/1129/1097
f 717/1131/1099 718/1137/1108 721/1132/1100
f 719/1130/1101 720/1129/1097 715/1125/1102
f 720/1129/1097 721/1132/1100 716/1128/1104
f 722/1133/1105 725/1136/1107 724/1134/1106
f 723/1127/1095 726/1126/1094 725/1136/1107
f 725/1136/1107 721/1132/1109 718/1137/1108
f 726/1126/1094 716/1128/1096 721/1132/1109
f 727/348/334 730/1140/1112 733/1138/1110
f 730/1140/1112 731/1149/1120 734/1141/1113
f 733/1138/1110 734/1141/1113 735/1143/1115
f 736/1144/1116 739/1148/1119 738/1145/1117
f 737/1147/1118 740/1150/1121 739/1148/1119
f 739/1148/1119 734/1141/1113 731/1149/1120
f 740/1150/1121 735/1143/1115 734/1141/1113
f 729/309/295 741/1153/1713 743/1151/1122
f 741/1153/1124 732/1714/1715 744/1142/1125
f 742/1152/1123 743/1151/1122 740/1150/1121
f 743/1151/1122 744/1142/1125 735/1143/1115
f 748/1154/1126 751/1158/1130 750/1155/1127
f 749/1157/1129 752/1167/1132 751/1158/1130
f 751/1158/1130 762/1161/1133 759/1159/1131
f 753/1162/1134 756/1165/1137 755/1163/1135
f 754/1164/1136 757/1166/1138 756/1165/1137
f 756/1165/1137 752/1167/1132 749/1157/1129
f 758/1168/1139 761/1171/1141 760/1169/1140
f 759/1159/1131 762/1161/1133 761/1171/1141
f 761/1171/1141 757/1166/1138 754/1164/1136
f 762/1161/1133 752/1160/1132 757/1166/1138
f 763/204/190 766/1174/1738 769/1172/1142
f 768/1173/1143 769/1172/1142 779/1176/1146
f 764/308/294 771/1182/1151 774/1180/1149
f 771/1182/1151 772/1188/1162 779/1183/1152
f 774/1180/1153 769/1178/1157 767/1175/1154
f 774/1180/1153 779/1183/1152 770/1179/1156
f 775/1184/1158 778/1187/1160 777/1185/1159
f 776/1177/1147 779/1176/1146 778/1187/1160
f 778/1187/1161 779/1183/1152 772/1188/1162
s 5
f 830/1189/1163 833/1192/1166 836/1190/1164
f 833/1192/1166 834/1201/1175 837/1193/1167
f 836/1190/1164 837/1193/1167 838/1195/1169
f 839/1196/1170 842/1200/1174 841/1197/1171
f 840/1199/1173 843/1202/1176 842/1200/1174
f 842/1200/1174 837/1193/1167 834/1201/1175
f 843/1202/1176 838/1195/1169 837/1193/1167
f 832/396/377 844/1946/2193 846/1203/1177
f 844/1205/1179 835/2186/2194 847/1194/1180
f 845/1207/1178 846/1206/1177 843/1202/1181
f 846/1206/1177 847/1194/1180 838/1195/1183
f 868/526/490 871/2187/1186 873/1208/1184
f 872/1209/1185 873/1208/1184 885/1212/1188
f 873/1208/1184 874/1211/1187 875/1214/1190
f 869/1215/1191 876/1844/1194 879/1216/1192
f 876/1218/1194 877/1226/1852 880/1219/1195
f 878/1221/1196 879/1220/1192 874/1211/1197
f 879/1220/1192 880/1219/1195 875/1214/1199
f 881/1222/1200 884/1225/1203 883/1223/1201
f 882/1213/1189 885/1212/1188 884/1225/1203
f 884/1225/1203 880/1219/1205 877/1226/1204
f 885/1212/1188 875/1214/1190 880/1219/1205
f 936/486/453 939/2188/1208 941/1227/1206
f 940/1228/1207 941/1227/1206 952/1231/1210
f 941/1227/1206 942/1230/2195 943/1233/1212
f 937/453/428 944/1236/1215 946/1234/1213
f 944/1236/1215 945/1241/1222 947/1237/1216
f 946/1234/1213 947/1237/1216 943/1233/1218
f 948/1238/1219 951/1240/1221 950/1239/1220
f 949/1232/1211 952/1231/1223 951/1240/1221
f 951/1240/1221 947/1237/1216 945/1241/1222
f 952/1231/1223 943/1233/1218 947/1237/1216
f 973/528/492 976/1244/1226 979/1242/1224
f 976/1244/1226 977/1928/1235 980/1245/1227
f 979/1242/1224 980/1245/1227 981/1247/1229
f 982/1248/1230 985/1252/1234 984/1249/1231
f 983/1251/1233 986/1254/1236 985/1252/1234
f 985/1252/1234 980/1255/1237 977/1253/1235
f 986/1254/1236 981/1260/1242 980/1255/1237
f 975/465/437 978/1943/1240 988/1256/1238
f 987/1257/1239 988/1256/1238 986/1254/1236
f 988/1256/1238 989/1259/2196 981/1260/1242
s 6
f 1040/1261/1243 1043/1264/1246 1045/1262/1244
f 1043/1264/1246 1044/1275/1255 1046/1265/1247
f 1045/1262/1244 1046/1265/1247 1047/1267/1249
f 1048/1268/1250 1051/1274/1254 1050/1269/1251
f 1049/1271/1253 1052/1281/1256 1051/1272/1254
f 1051/1274/1254 1046/1265/1247 1044/1275/1255
f 1052/1276/1256 1047/1267/1249 1046/1265/1247
f 1042/585/544 1053/2168/1259 1055/1277/1257
f 1054/1278/1258 1055/1277/1257 1052/1281/1261
f 1055/1277/1257 1056/1280/2197 1047/1282/1262
f 1060/1283/1263 1063/1286/1266 1062/1284/1264
f 1061/1285/1265 1064/1295/1268 1063/1286/1266
f 1063/1286/1266 1074/1289/1269 1071/1287/1267
f 1065/1290/1270 1068/1294/1273 1067/1291/1271
f 1066/1293/1272 1069/1296/1274 1068/1294/1273
f 1067/1291/1271 1068/1294/1273 1064/1295/1268
f 1059/702/650 1070/1299/1277 1073/1297/1275
f 1070/1299/1277 1071/1287/2028 1074/1289/1278
f 1072/1298/1276 1073/1297/1275 1069/1296/1279
f 1073/1297/1281 1074/1289/1269 1064/1288/1268
f 1090/1300/658 1093/2189/1284 1095/1301/1282
f 1094/1302/1283 1095/1301/1282 1107/1305/1286
f 1095/1301/1282 1096/1304/1285 1097/1307/1288
f 1091/1308/1289 1098/1311/1292 1101/1309/1290
f 1098/1311/1292 1099/2065/2068 1102/1312/1293
f 1100/1310/1294 1101/1309/1290 1096/1313/1295
f 1101/1309/1290 1102/1312/1293 1097/1315/1297
f 1103/1316/1298 1106/1319/1301 1105/1317/1299
f 1104/1306/1287 1107/1305/1286 1106/1319/1301
f 1106/1319/1301 1102/1321/1303 1099/1320/1302
f 1107/1305/1286 1097/1307/1288 1102/1321/1303
f 1158/673/623 1161/2173/1306 1163/1322/1304
f 1162/1323/1305 1163/1322/1304 1174/1326/1308
f 1163/1322/1304 1164/1325/1307 1165/1328/1310
f 1159/642/598 1166/1331/1313 1168/1329/1311
f 1166/1331/1313 1167/1342/1321 1169/1332/1314
f 1168/1329/1311 1169/1332/1314 1165/1335/1316
f 1170/1337/1318 1173/1341/1320 1172/1338/1319
f 1171/1327/1309 1174/1326/1322 1173/1339/1320
f 1173/1341/1320 1169/1332/1314 1167/1342/1321
f 1174/1326/1322 1165/1328/1316 1169/1343/1314
f 1178/1344/1323 1181/1347/1326 1180/1345/1324
f 1179/1346/1325 1182/1357/1334 1181/1347/1326
f 1181/1347/1326 1193/1350/1329 1190/1348/1327
f 1181/1347/1326 1182/1357/1334 1183/1349/1328
f 1184/1351/1330 1187/1354/1333 1186/1352/1331
f 1184/1351/1330 1185/1363/1339 1188/1353/1332
f 1187/1355/1333 1182/1357/1334 1179/1346/1325
f 1187/1355/1333 1188/1365/1332 1183/1349/1328
f 1189/1358/1335 1192/1361/1338 1191/1359/1336
f 1190/1348/1327 1193/1350/1329 1192/1361/1338
f 1192/1362/1338 1188/1353/1332 1185/1363/1339
f 1193/1350/1329 1183/1349/1328 1188/1365/1332
f 1209/712/660 1212/1368/1342 1214/1366/1340
f 1212/1368/1342 1213/1377/1352 1215/1369/1343
f 1214/1366/1340 1215/1369/1343 1216/1371/1345
f 1217/1372/1347 1220/1376/1351 1219/1373/1348
f 1218/1375/1350 1221/1378/1353 1220/1376/1351
f 1220/1376/1351 1215/1369/1354 1213/1377/1352
f 1221/1378/1353 1216/1371/1359 1215/1369/1354
f 1211/654/607 1222/2163/1357 1224/1379/1355
f 1223/1380/1356 1224/1379/1355 1221/1378/1353
f 1224/1379/1355 1225/1370/1358 1216/1371/1359
s 2
f 219/28/25 1226/27/24 1228/1382/1360
f 222/1384/1361 1228/1390/1360 1229/1385/1362
f 221/1386/1364 1229/1385/1369 1230/1387/1365
f 1230/1387/1365 1227/145/134 218/186/173
f 1226/27/24 203/18/15 205/1389/1367
f 1228/1390/1360 205/1428/1367 206/1391/1368
f 1229/1385/1369 206/1391/1407 207/1392/1370
f 207/1392/1370 204/38/34 1227/145/134
f 1231/64/59 1233/1399/1372 227/1393/1371
f 1233/1394/1372 1234/1397/1378 226/1395/1373
f 1234/1397/1374 1235/1402/1380 225/1398/1375
f 225/1398/1375 1235/1402/1380 1232/122/112
f 208/196/182 210/1469/1377 1233/1399/1372
f 210/1400/1377 211/1401/1446 1234/1397/1378
f 211/1401/1379 212/1472/1448 1235/1402/1380
f 1235/1402/1380 212/1472/1448 209/21/18
f 1236/134/124 1238/1409/1382 202/1403/1381
f 1238/1404/1382 1239/1407/1387 201/1405/1383
f 1239/1407/1384 1240/1410/1388 200/1408/1385
f 200/1408/1385 1240/1410/1388 1237/7/7
f 219/28/25 222/1383/1361 1238/1409/1382
f 222/1384/1361 221/1386/1363 1239/1407/1387
f 221/1386/1364 220/1388/1366 1240/1410/1388
f 1240/1410/1388 220/1388/1366 218/186/173
f 214/164/152 1241/29/26 1243/1411/1389
f 217/1413/1390 1243/1418/1389 1244/1414/1391
f 216/1415/1393 1244/1414/1396 1245/1416/1394
f 1245/1416/1394 1242/26/23 213/13/11
f 1241/29/26 224/11/10 227/1393/1371
f 1243/1418/1389 227/1396/1371 226/1395/1373
f 1244/1414/1396 226/1395/1376 225/1398/1375
f 225/1398/1375 223/24/21 1242/26/23
f 229/1419/153 1246/2190/147 1248/1420/1397
f 232/1421/1398 1248/1420/1397 1249/1422/1399
f 231/1423/1401 1249/1422/1404 1250/1424/1402
f 1250/1424/1402 1247/15/13 228/32/28
f 1246/159/147 214/164/152 217/1412/1390
f 1248/1420/1397 217/1413/1390 216/1415/1392
f 1249/1422/1404 216/1415/1393 215/1417/1395
f 215/1417/1395 213/13/11 1247/15/13
f 203/18/15 1251/17/14 1253/1427/1405
f 205/1428/1367 1253/1432/1405 1254/1429/1406
f 206/1391/1407 1254/1429/1411 1255/1430/1408
f 1255/1430/1408 1252/36/32 204/38/34
f 1251/17/14 233/47/42 235/1431/1409
f 1253/1432/1405 235/1436/1409 236/1433/1410
f 1254/1429/1411 236/1433/1415 237/1434/1412
f 237/1434/1412 234/35/31 1252/36/32
f 233/47/42 1256/56/51 1258/1435/1413
f 235/1436/1409 1258/1440/1413 1259/1437/1414
f 236/1433/1415 1259/1437/1419 1260/1438/1416
f 1260/1438/1416 1257/33/29 234/35/31
f 1256/56/51 243/55/50 245/1439/1417
f 1258/1440/1413 245/1460/1417 246/1441/1418
f 1259/1437/1419 246/1441/1437 247/1442/1420
f 247/1442/1420 244/45/41 1257/33/29
f 239/1443/183 1261/1450/176 1263/1444/1421
f 242/1445/1422 1263/1444/1421 1264/1446/1423
f 241/1447/1425 1264/1446/1428 1265/1448/1426
f 1265/1448/1426 1262/40/36 238/42/38
f 1261/1450/176 229/1419/153 232/1421/1398
f 1263/1444/1421 232/1421/1398 231/1423/1400
f 1264/1446/1428 231/1423/1401 230/1425/1403
f 230/1425/1403 228/32/28 1262/40/36
f 1266/176/163 1268/1452/1430 269/1451/1429
f 1268/1452/1430 1269/1454/1432 268/1453/1431
f 1269/1454/1432 1270/1458/1434 267/1455/1433
f 1270/1456/1434 1267/189/128 265/52/47
f 249/736/684 259/735/683 1268/1452/1430
f 259/735/683 252/741/687 1269/1454/1432
f 252/741/687 251/730/678 1270/1458/1434
f 251/730/678 248/727/675 1267/138/128
f 243/55/50 1271/158/146 1273/1459/1435
f 245/1460/1417 1273/2191/1439 1274/1461/1436
f 246/1441/1437 1274/1461/1440 1275/1462/1438
f 247/1442/1420 1275/1462/1438 1272/43/39
f 1271/158/146 266/174/161 269/1451/1429
f 1273/1459/1439 269/1451/1429 268/1453/1431
f 1274/1461/1440 268/2192/1431 267/1457/1433
f 267/1457/1433 265/52/47 1272/43/39
f 249/1464/684 1276/1468/162 1278/1465/1441
f 257/739/682 1278/1465/1441 1279/1466/1442
f 258/737/694 1279/1466/1444 1280/1467/1443
f 262/744/691 1280/1467/1443 1277/49/44
f 1276/1468/162 239/1443/183 242/1445/1422
f 1278/1465/1441 242/1445/1422 241/1447/1424
f 1279/1466/1444 241/1447/1425 240/1449/1427
f 1280/1467/1443 240/1449/1427 238/42/38
f 1281/72/67 1283/1473/1445 210/1469/1377
f 1283/1470/1445 1284/1471/1450 211/1401/1446
f 1284/1471/1447 1285/1476/1452 212/1472/1448
f 212/1472/1448 1285/1476/1452 1282/168/155
f 275/133/123 277/1490/1449 1283/1473/1445
f 277/1474/1449 278/1475/1465 1284/1471/1450
f 278/1475/1451 279/1493/1467 1285/1476/1452
f 1285/1476/1452 279/1493/1467 276/61/56
f 1286/4/4 1288/1483/1454 274/1477/1453
f 1288/1478/1454 1289/1481/1459 273/1479/1455
f 1289/1481/1456 1290/1484/1460 272/1482/1457
f 272/1482/1457 1290/1484/1460 1287/57/52
f 199/6/6 202/1403/1381 1288/1483/1454
f 202/1406/1381 201/1405/1383 1289/1481/1459
f 201/1405/1386 200/1408/1385 1290/1484/1460
f 1290/1484/1460 200/1408/1385 198/19/16
f 300/781/731 1291/149/137 1293/1485/1461
f 311/783/729 1293/1489/1461 1294/1486/1462
f 312/772/718 1294/1486/1462 1295/1487/1463
f 302/768/714 1295/1487/1463 1292/123/113
f 1291/149/137 281/151/139 291/1488/705
f 1293/1489/1461 291/759/705 284/752/699
f 1294/1486/1462 284/752/699 283/749/696
f 1295/1487/1463 283/749/696 280/751/698
f 1296/150/138 1298/1495/1464 277/1490/1449
f 1298/1491/1464 1299/1492/1469 278/1475/1465
f 1299/1492/1466 1300/1494/1468 279/1493/1467
f 1300/1494/1468 1297/69/64 276/61/56
f 300/781/731 313/780/730 1298/1495/1464
f 313/785/730 307/784/733 1299/1492/1469
f 307/784/1470 306/777/723 1300/1494/1468
f 306/777/723 299/774/720 1297/69/64
f 1301/152/140 1303/1500/1471 289/1496/706
f 1303/1497/1471 1304/1498/1475 290/766/1472
f 1304/1498/1473 1305/1499/1474 296/764/709
f 1305/1499/1474 1302/65/60 282/67/62
f 271/183/170 274/1477/1453 1303/1500/1471
f 274/1480/1453 273/1479/1455 1304/1498/1475
f 273/1479/1458 272/1482/1457 1305/1499/1474
f 272/1482/1457 270/59/54 1302/65/60
f 1308/1502/1477 1309/1504/1479 339/1503/1478
f 1310/1506/1481 1307/194/180 336/195/181
f 321/94/87 323/1507/1482 1308/1502/1477
f 323/1507/1482 324/1508/1483 1309/1504/1479
f 325/1509/1484 322/193/179 1307/194/180
f 342/88/81 1311/87/80 1313/1510/1485
f 345/1511/1486 1313/1510/1485 1314/1512/1487
f 344/1513/1488 1314/1512/1487 1315/1514/1489
f 1311/87/80 326/91/84 328/1516/1491
f 1313/1510/1485 328/1516/1491 329/1517/1492
f 1314/1512/1487 329/1517/1492 330/1518/1493
f 1315/1514/1489 330/1518/1493 327/129/119
f 317/84/77 1316/75/69 1318/1519/1494
f 320/1520/1495 1318/1519/1494 1319/1521/1496
f 319/1522/1497 1319/1521/1496 1320/1523/1498
f 318/1524/1499 1320/1523/1498 1317/146/135
f 1316/75/69 337/74/68 340/1501/1476
f 1318/1519/1494 340/1501/1476 339/1503/1478
f 1319/1521/1496 339/1503/1478 338/1505/1480
f 1320/1523/1498 338/1505/1480 336/195/181
f 1321/89/82 1323/1526/1501 335/1525/1500
f 1323/1526/1501 1324/1528/1503 334/1527/1502
f 1324/1528/1503 1325/1530/1505 333/1529/1504
f 1325/1530/1505 1322/167/154 331/187/174
f 342/88/81 345/1511/1486 1323/1526/1501
f 345/1511/1486 344/1513/1488 1324/1528/1503
f 343/1515/1490 341/131/121 1322/167/154
f 1326/80/73 1328/1532/1507 350/1531/1506
f 1328/1532/1507 1329/1534/1509 349/1533/1508
f 1329/1534/1509 1330/1536/1511 348/1535/1510
f 1330/1536/1511 1327/97/90 346/81/74
f 332/130/120 335/1525/1500 1328/1532/1507
f 335/1525/1500 334/1527/1502 1329/1534/1509
f 334/1527/1502 333/1529/1504 1330/1536/1511
f 333/1529/1504 331/187/174 1327/97/90
f 1333/1537/1512 1334/1538/1513 324/1508/1483
f 1334/1538/1513 1335/1539/1514 325/1509/1484
f 1335/1539/1514 1332/77/71 322/193/179
f 351/100/93 353/1540/1515 1333/1537/1512
f 353/1540/1515 354/1541/1516 1334/1538/1513
f 354/1541/1516 355/1542/1517 1335/1539/1514
f 355/1542/1517 352/144/133 1332/77/71
f 1336/101/94 1338/1543/1518 353/1540/1515
f 1338/1543/1518 1339/1544/1519 354/1541/1516
f 1339/1544/1519 1340/1545/1520 355/1542/1517
f 1340/1545/1520 1337/188/175 352/144/133
f 361/105/98 363/1546/1521 1338/1543/1518
f 363/1546/1521 364/1547/1522 1339/1544/1519
f 364/1547/1522 365/1548/1523 1340/1545/1520
f 365/1548/1523 362/185/172 1337/188/175
f 1343/1550/1525 1344/1552/1527 359/1551/1526
f 1344/1552/1527 1345/1554/1529 358/1553/1528
f 1345/1554/1529 1342/83/76 356/104/97
f 347/161/149 350/1531/1506 1343/1550/1525
f 350/1531/1506 349/1533/1508 1344/1552/1527
f 348/1535/1510 346/81/74 1342/83/76
f 384/192/178 1346/143/132 1348/1555/1530
f 387/1556/1531 1348/1555/1530 1349/1557/1532
f 386/1558/1533 1349/1557/1532 1350/1559/1534
f 385/1560/1535 1350/1559/1534 1347/178/165
f 1346/143/132 366/142/131 370/787/736
f 1348/1555/1530 370/787/736 379/791/740
f 1349/1557/1532 379/791/740 378/797/748
f 1350/1559/1534 378/797/748 368/179/166
f 1351/107/100 1353/1561/1536 363/1546/1521
f 1353/1561/1536 1354/1562/1537 364/1547/1522
f 1354/1562/1537 1355/1563/1538 365/1548/1523
f 1355/1563/1538 1352/162/150 362/185/172
f 384/192/178 387/1556/1531 1353/1561/1536
f 387/1556/1531 386/1558/1533 1354/1562/1537
f 386/1558/1533 385/1560/1535 1355/1563/1538
f 385/1560/1535 383/180/167 1352/162/150
f 1356/102/95 1358/1564/1539 374/795/744
f 1359/1565/1540 1360/1566/1541 380/798/749
f 1360/1566/1541 1357/177/164 368/179/166
f 360/1549/1524 359/1551/1526 1359/1565/1540
f 359/1551/1526 358/1553/1528 1360/1566/1541
f 358/1553/1528 356/104/97 1357/177/164
f 326/91/84 1361/112/103 1363/1567/1542
f 328/1516/1491 1363/1567/1542 1364/1568/1543
f 329/1517/1492 1364/1568/1543 1365/1569/1544
f 330/1518/1493 1365/1569/1544 1362/172/159
f 1361/112/103 393/113/104 395/1570/1545
f 1363/1567/1542 395/1570/1545 396/1571/1546
f 1364/1568/1543 396/1571/1546 397/1572/1547
f 389/114/105 1366/85/78 1368/1573/1548
f 392/1574/1549 1368/1573/1548 1369/1575/1550
f 391/1576/1551 1369/1575/1550 1370/1577/1552
f 390/1578/1553 1370/1577/1552 1367/118/108
f 1366/85/78 317/84/77 320/1520/1495
f 1368/1573/1548 320/1520/1495 319/1522/1497
f 1370/1577/1552 318/1524/1499 316/109/102
f 1371/127/117 1373/1579/1554 420/819/771
f 1373/1579/1554 1374/1580/1555 421/828/781
f 1374/1580/1555 1375/1581/1556 427/824/777
f 1375/1581/1556 1372/156/144 418/825/778
f 398/126/116 403/802/754 1373/1579/1554
f 403/802/754 413/805/757 1374/1580/1555
f 413/805/757 412/814/766 1375/1581/1556
f 412/814/766 400/153/141 1372/156/144
f 395/1570/1545 1378/1582/1557 1379/1583/1558
f 396/1571/1546 1379/1583/1558 1380/1584/1559
f 397/1572/1547 1380/1584/1559 1377/155/143
f 1376/119/109 419/120/110 431/831/785
f 1378/1582/1557 431/831/785 426/826/779
f 1380/1584/1559 425/823/776 418/825/778
f 407/808/760 1383/1585/1560 1384/1586/1561
f 408/810/762 1384/1586/1561 1385/1587/1562
f 414/815/767 1385/1587/1562 1382/154/142
f 1381/115/106 389/114/105 392/1574/1549
f 1383/1585/1560 392/1574/1549 391/1576/1551
f 1384/1586/1561 391/1576/1551 390/1578/1553
f 1385/1587/1562 390/1578/1553 388/117/107
f 1386/68/63 1388/1588/1563 294/763/708
f 1388/1588/1563 1389/1589/1564 295/754/701
f 1389/1589/1564 1390/1590/1565 285/750/697
f 1390/1590/1565 1387/124/114 280/751/698
f 399/121/111 409/809/761 1388/1588/1563
f 409/809/761 402/803/755 1389/1589/1564
f 402/803/755 401/801/753 1390/1590/1565
f 401/801/753 398/126/116 1387/124/114
f 419/120/110 1391/70/65 1393/1591/1566
f 430/818/770 1394/1594/1572 1392/181/168
f 1391/70/65 299/774/720 308/776/1570
s 31
f 1393/1591/1568 308/776/2198 301/769/1571
s 2
f 1394/1594/1572 301/2182/715 298/182/169
f 1395/50/45 1397/1597/1575 253/1595/1573
f 1397/1596/1574 1396/139/129 248/727/675
f 367/108/101 369/794/743 1397/1597/1575
f 369/1598/737 366/2193/131 1396/139/129
s 3
f 1402/1601/1578 1399/264/250 566/246/232
f 1398/262/248 584/278/264 589/1003/968
s 4
f 1410/1606/1582 1411/1609/1584 612/1036/1583
f 1410/1606/1582 576/994/953 570/985/957
s 3
f 561/977/939 1414/1610/1589 1415/1611/1590
f 1412/298/284 585/257/243 595/1010/975
s 4
f 1417/252/238 1419/1613/1597 574/992/954
f 1419/1613/1592 1420/1616/1594 575/1614/1593
f 1417/252/238 549/254/240 558/971/931
f 1419/1613/1592 558/971/931 552/975/935
f 1421/253/239 1423/1618/1599 556/972/932
f 1423/1618/1599 1424/1620/1603 557/1619/1600
s 3
f 1425/1622/1602 1422/233/219 550/302/288
s 4
f 1423/1618/1599 613/1026/991 607/1031/995
s 3
f 1424/1620/1601 607/1031/985 606/1623/983
f 1433/1630/1610 1434/1631/1612 483/2/1611
f 1434/1631/1612 1435/1632/1613 478/878/838
f 1431/261/247 436/247/233 446/848/1608
f 1433/1630/1610 446/848/1608 443/849/800
f 1434/1631/1612 443/849/800 442/841/797
f 1436/320/306 1438/1633/1615 466/868/1614
f 1438/1633/1615 482/1636/1609 484/888/1619
f 1439/1634/1617 484/888/2199 481/887/844
f 512/920/880 1446/274/260 1448/1641/1626
f 515/923/881 1448/1641/1626 1449/1642/1627
f 516/924/2200 1449/1642/1627 1450/1643/1630
f 499/265/251 510/917/878 1448/1641/1626
f 510/917/878 506/911/874 1449/1642/1627
f 506/911/874 505/913/876 1450/1643/1630
f 505/913/876 498/325/311 1447/341/327
f 1451/211/197 1453/1645/1632 518/928/1631
f 1453/1645/1632 1454/1646/1634 516/926/1633
f 1454/1646/1634 1455/1647/1635 522/930/888
f 1455/1647/1635 1452/269/255 514/273/259
f 1460/1652/1642 1457/297/283 485/347/333
f 1456/259/245 524/282/268 532/944/1643
f 1460/1652/1642 526/934/896 523/295/281
f 1463/1653/1644 1464/1654/1645 531/949/903
f 1464/1654/1645 1465/1655/1646 536/947/906
f 1465/1655/1646 1462/201/187 525/286/272
f 1461/331/317 539/332/318 544/1656/1647
f 1464/1654/1645 545/953/1648 541/955/909
f 623/1051/324 1471/1664/323 1473/1661/1655
f 626/1038/1006 1475/1663/1657 1472/285/271
f 1476/311/297 1478/1665/1658 659/1073/1038
f 1478/1665/1658 1479/1666/1659 660/1082/1046
f 1479/1666/1659 1480/1667/1660 666/1078/1042
f 1480/1667/1660 1477/1668/211 657/1079/213
f 640/310/296 653/1068/1034 1478/1665/1658
f 653/1068/1034 647/1064/1030 1479/1666/1659
f 647/1064/1030 646/1061/1028 1480/1667/1660
f 646/1061/1028 639/1063/325 1477/1668/211
f 1481/314/300 1483/1669/1661 629/1047/1014
f 1483/1669/1661 1484/1670/1662 630/1053/1020
f 1484/1670/1662 1485/1671/1663 635/1050/1018
f 1485/1671/1663 1482/1672/212 623/1051/324
f 1481/314/300 658/313/299 670/1084/1048
f 1483/1669/1661 670/1084/1048 665/1080/1043
f 1484/1670/1662 665/1080/1043 664/1077/1041
f 1485/1671/1663 664/1077/1041 657/1079/213
f 691/1113/316 701/1112/1077 1488/1674/1664
f 711/1135/329 1491/1680/328 1493/1677/1667
f 722/1133/1105 1493/1677/1667 1494/1678/1668
f 723/1127/1095 1494/1678/1668 1495/1679/1669
f 713/1123/1091 1495/1679/1669 1492/216/202
f 1491/1680/328 674/1102/312 687/1101/1067
f 1493/1677/1667 687/1101/1067 681/1096/1063
f 1494/1678/1668 681/1096/1063 680/1094/1061
f 1495/1679/1669 680/1094/1061 673/317/303
f 1496/316/302 1498/1681/1670 717/1131/1099
f 1498/1681/1670 1499/1682/1671 718/1137/1108
f 1499/1682/1671 1500/1683/1672 724/1134/1106
f 1500/1683/1672 1497/2194/315 711/1135/329
f 1501/336/322 1503/1685/1673 730/1140/1112
f 1503/1685/1673 1504/1686/1674 731/1149/1120
f 1504/1686/1674 1505/1687/1675 738/1145/1117
f 1505/1687/1675 1502/1688/194 728/1146/204
f 745/1156/1128 750/1155/1127 1503/1685/1673
f 750/1155/1127 759/1159/1131 1504/1686/1674
f 759/1159/1131 758/1168/1139 1505/1687/1675
f 758/1168/1139 747/1170/192 1502/1688/194
f 746/306/292 1506/205/191 1508/1689/1676
f 753/1162/1134 1508/1689/1676 1509/1690/1677
f 754/1164/1136 1509/1690/1677 1510/1691/1678
f 760/1169/1140 1510/1691/1678 1507/1692/319
f 1506/205/191 763/204/190 768/1173/1143
f 1508/1689/1676 768/1173/1143 776/1177/1147
f 1509/1690/1677 776/1177/1147 775/1184/1158
f 1510/1691/1678 775/1184/1158 765/1186/320
f 1516/171/158 1518/1697/1682 437/833/789
f 1518/1697/1682 1519/1698/1684 438/835/1683
f 1519/1698/1684 1520/1699/1685 444/842/798
f 1520/1699/1685 1517/240/226 435/843/799
f 638/324/310 643/1055/1022 1518/1697/1682
f 643/1055/1022 652/1058/1025 1519/1698/1684
f 652/1058/1025 651/1067/1033 1520/1699/1685
f 651/1067/1033 640/310/296 1517/240/226
f 1521/250/236 1523/1700/1691 668/1085/1686
s 32
f 1523/1700/1687 1524/1702/1693 669/1076/1688
s 3
f 1524/1701/1690 1522/322/308 656/323/309
f 474/884/843 480/886/845 1523/1700/1691
s 32
f 480/886/1692 477/879/2201 1524/1702/1693
s 3
f 476/877/837 473/321/307 1522/322/308
f 1525/224/210 1527/1703/1699 451/850/805
f 1527/1703/1695 1528/1704/1700 452/852/1696
f 1528/1704/1697 1529/1705/1702 455/857/1698
f 455/857/812 1529/1705/1703 1526/315/301
f 690/344/330 695/1105/1070 1527/1703/1699
f 695/1105/1070 705/1109/1074 1528/1704/1700
f 705/1109/1701 704/1121/1086 1529/1705/1702
f 1529/1705/1703 704/1121/1086 692/1118/1083
f 709/215/201 1530/275/261 1532/1706/1704
f 712/1124/1103 1532/1709/1706 1533/1708/1705
f 719/1130/1098 1533/1708/1708 1531/272/258
f 1530/275/261 512/920/880 517/922/882
f 1532/1709/1706 517/931/2202 521/929/1707
f 1533/1708/1708 521/929/887 514/273/259
f 525/286/272 1534/287/273 1536/1710/1709
f 534/946/905 1536/1710/1709 1537/1711/1710
f 1537/1711/1710 1538/1712/1712 528/935/897
f 528/935/897 1538/1712/1712 1535/335/321
f 746/306/292 755/1163/1135 1536/1710/1709
f 755/1163/1135 749/1157/1129 1537/1711/1710
f 749/1157/1129 748/1154/1126 1538/1712/1712
f 1538/1712/1712 748/1154/1126 745/1156/1128
f 1539/289/275 1541/1715/1716 741/1153/1713
f 741/1153/1124 1541/1715/1717 1542/1713/1714
f 732/1139/1111 1542/1716/1719 1540/346/332
f 1539/289/275 486/894/854 492/896/856
f 1541/1715/1717 492/896/1718 488/900/1718
f 1542/1716/1719 488/889/850 485/347/333
f 1543/213/199 1545/1717/1722 624/1039/1007
f 1545/1717/1720 1546/1719/1723 625/1040/1008
f 625/1040/1016 1546/1719/1725 1547/1718/1721
f 631/1046/1013 1547/1718/1726 1544/237/223
f 459/862/817 464/864/819 1545/1717/1722
f 464/864/819 470/865/820 1546/1719/1723
f 470/865/1724 469/872/831 1547/1718/1721
f 1547/1718/1726 469/872/829 461/238/224
f 1548/266/252 1550/1720/1727 508/916/877
f 1550/1720/1727 1551/1721/1729 509/909/1728
f 1551/1721/1729 1552/1722/1730 502/904/868
f 1552/1722/1730 1549/301/287 497/905/869
f 673/317/303 682/1095/1062 1550/1720/1727
f 682/1095/1062 676/1089/1056 1551/1721/1729
f 676/1089/1056 675/1087/1054 1552/1722/1730
f 1552/1722/1730 675/1087/1054 672/228/214
f 1553/294/280 1555/1723/1734 546/956/914
s 34
f 1555/1723/1731 1556/1726/1736 542/1724/1732
s 3
f 1556/1725/1733 1554/202/188 538/950/908
f 764/308/294 773/1181/1150 1555/1723/1734
s 34
f 1555/1723/1731 773/1181/2203 767/1175/1735
s 3
f 1556/1725/1733 766/1174/1738 763/204/190
s 5
f 801/373/356 1557/372/355 1559/1727/1739
f 804/1728/1740 1559/1727/1739 1560/1729/1741
f 803/1730/1743 1560/1729/1748 1561/1731/1744
f 1561/1733/1744 1558/489/456 800/530/494
f 1557/372/355 785/363/346 787/1735/1746
f 1559/1727/1739 787/1735/1746 788/1736/1747
f 1560/1729/1748 788/1736/1786 789/1737/1749
f 789/1738/1749 786/383/365 1558/489/456
f 1562/409/389 1564/1740/1751 809/1739/1750
f 1564/1740/1751 1565/1742/1757 808/1741/1752
f 1565/1742/1753 1566/1747/1759 807/1743/1754
f 807/1744/1754 1566/1748/1759 1563/467/439
f 790/539/503 792/1745/1756 1564/1740/1751
f 792/1745/1756 793/1746/1825 1565/1742/1757
f 793/1746/1758 794/1817/1827 1566/1747/1759
f 1566/1748/1759 794/1818/1827 791/366/349
f 1567/479/448 1569/1750/1761 784/1749/1760
f 1569/1750/1761 1570/1752/1766 783/1751/1762
f 1570/1752/1763 1571/1756/1767 782/1753/1764
f 782/1753/1764 1571/1756/1767 1568/1754/338
f 801/373/356 804/1728/1740 1569/1750/1761
f 804/1728/1740 803/1730/1742 1570/1752/1766
f 803/1730/1743 802/1732/1745 1571/1756/1767
f 1571/1756/1767 802/1732/1745 800/1757/494
f 796/508/473 1572/374/357 1574/1758/1768
f 799/1759/1769 1574/1758/1768 1575/1760/1770
f 798/1761/1772 1575/1760/1775 1576/1762/1773
f 1576/1764/1773 1573/371/354 795/358/342
f 1572/374/357 806/356/341 809/1739/1750
f 1574/1758/1768 809/1739/1750 808/1741/1752
f 1575/1760/1775 808/1741/1755 807/1743/1754
f 807/1744/1754 805/369/352 1573/371/354
f 811/509/474 1577/503/469 1579/1766/1776
f 814/1767/1777 1579/1766/1776 1580/1768/1778
f 813/1769/1780 1580/1768/1783 1581/1770/1781
f 1581/1772/1781 1578/360/344 810/377/359
f 1577/503/469 796/508/473 799/1759/1769
f 1579/1766/1776 799/1759/1769 798/1761/1771
f 1580/1768/1783 798/1761/1772 797/1763/1774
f 797/1765/1774 795/358/342 1578/360/344
f 785/363/346 1582/362/345 1584/1774/1784
f 787/1735/1746 1584/1774/1784 1585/1775/1785
f 788/1736/1786 1585/1775/1790 1586/1776/1787
f 1586/1777/1787 1583/381/363 786/383/365
f 1582/362/345 815/392/373 817/1778/1788
f 1584/1774/1784 817/1778/1788 818/1779/1789
f 1585/1775/1790 818/1779/1794 819/1780/1791
f 819/1781/1791 816/380/362 1583/381/363
f 815/392/373 1587/401/381 1589/1782/1792
f 817/1778/1788 1589/1782/1792 1590/1783/1793
f 818/1779/1794 1590/1783/1798 1591/1784/1795
f 1591/1785/1795 1588/378/360 816/380/362
f 1587/401/381 825/400/380 827/1786/1796
f 1589/1782/1792 827/1786/1796 828/1787/1797
f 1590/1783/1798 828/1787/1816 829/1788/1799
f 829/1789/1799 826/390/372 1588/378/360
f 821/540/504 1592/533/497 1594/1790/1800
f 824/1791/1801 1594/1790/1800 1595/1792/1802
f 823/1793/1804 1595/1792/1807 1596/1794/1805
f 1596/1796/1805 1593/385/367 820/387/369
f 1592/533/497 811/509/474 814/1767/1777
f 1594/1790/1800 814/1767/1777 813/1769/1779
f 1595/1792/1807 813/1769/1780 812/1771/1782
f 812/1773/1782 810/377/359 1593/385/367
f 1597/520/484 1599/1799/1809 852/1798/1808
f 1599/1799/1809 1600/1801/1811 851/1800/1810
f 1600/1801/1811 1601/1805/1813 850/1802/1812
f 1601/1803/1813 1598/483/450 848/397/378
f 831/1198/1172 841/1197/1171 1599/1799/1809
f 841/1197/1171 834/1201/1175 1600/1801/1811
f 834/1201/1175 833/1192/1166 1601/1805/1813
f 833/1192/1166 830/1189/1163 1598/1806/450
f 825/400/380 1602/502/468 1604/1807/1814
f 827/1786/1796 1604/1807/1818 1605/1808/1815
f 828/1787/1816 1605/1808/1819 1606/1809/1817
f 829/1789/1799 1606/1810/1817 1603/388/370
f 1602/502/468 849/518/482 852/1798/1808
f 1604/1807/1818 852/1798/1808 851/1800/1810
f 1605/1808/1819 851/1800/1810 850/1802/1812
f 850/1804/1812 848/397/378 1603/388/370
f 831/1198/1172 1607/519/483 1609/1811/1820
f 839/1196/1170 1609/1811/1820 1610/1812/1821
f 840/1199/1182 1610/1812/1823 1611/1813/1822
f 845/1204/1178 1611/1814/1822 1608/394/375
f 1607/519/483 821/540/504 824/1791/1801
f 1609/1811/1820 824/1791/1801 823/1793/1803
f 1610/1812/1823 823/1793/1804 822/1795/1806
f 1611/1814/1822 822/1797/1806 820/387/369
f 1612/417/396 1614/1815/1824 792/1745/1756
f 1614/1815/1824 1615/1816/1829 793/1746/1825
f 1615/1816/1826 1616/1821/1831 794/1817/1827
f 794/1818/1827 1616/1822/1831 1613/512/476
f 858/478/447 860/1819/1828 1614/1815/1824
f 860/1819/1828 861/1820/1847 1615/1816/1829
f 861/1820/1830 862/1840/1849 1616/1821/1831
f 1616/1822/1831 862/1842/1849 859/406/386
f 1617/349/335 1619/1824/1833 857/1823/1832
f 1619/1824/1833 1620/1826/1838 856/1825/1834
f 1620/1826/1835 1621/1830/1839 855/1827/1836
f 855/1827/1836 1621/1830/1839 1618/1828/382
f 781/351/337 784/1749/1760 1619/1824/1833
f 784/1749/1760 783/1751/1762 1620/1826/1838
f 783/1751/1765 782/1753/1764 1621/1830/1839
f 1621/1830/1839 782/1753/1764 780/1755/347
f 870/1224/1202 1622/493/459 1624/1831/1840
f 881/1222/1200 1624/1831/1840 1625/1832/1841
f 882/1213/1189 1625/1832/1841 1626/1833/1842
f 872/1209/1185 1626/1833/1842 1623/468/440
f 1622/493/459 863/495/461 865/1834/1843
f 1624/1831/1840 865/1834/1843 866/1835/1844
f 1625/1832/1841 866/1835/1844 867/1836/1845
f 1626/1833/1842 867/1836/1845 864/1837/392
f 1627/494/460 1629/1838/1846 860/1819/1828
f 1629/1838/1846 1630/1839/1851 861/1820/1847
f 1630/1839/1848 1631/1843/1850 862/1840/1849
f 1631/1841/1850 1628/414/394 859/406/386
f 870/1224/1202 883/1223/1201 1629/1838/1846
f 883/1223/1201 877/1226/1204 1630/1839/1851
f 877/1226/1852 876/1218/1194 1631/1843/1850
f 876/1844/1194 869/1215/1191 1628/414/394
f 1632/496/462 1634/1845/1853 865/1834/1843
f 1634/1845/1853 1635/1846/1855 866/1835/1844
f 1635/1846/1854 1636/1848/1856 867/1836/1845
f 867/1836/1845 1636/1848/1856 1633/1847/390
f 854/527/491 857/1823/1832 1634/1845/1853
f 857/1823/1832 856/1825/1834 1635/1846/1855
f 856/1825/1837 855/1827/1836 1636/1848/1856
f 855/1827/1836 853/1829/384 1633/1847/390
f 1637/492/458 1639/1850/1858 910/1849/1857
f 1640/1852/1860 1641/1854/1862 908/1853/1861
f 1641/1854/1862 1638/537/501 906/538/502
f 891/439/415 893/1855/1863 1639/1850/1858
f 893/1855/1863 894/1856/1864 1640/1852/1860
f 894/1856/1864 895/1857/1865 1641/1854/1862
f 895/1857/1865 892/536/500 1638/537/501
f 912/433/409 1642/432/408 1644/1858/1866
f 915/1859/1867 1644/1858/1866 1645/1860/1868
f 914/1861/1869 1645/1860/1868 1646/1862/1870
f 913/1863/1871 1646/1862/1870 1643/473/443
f 1642/432/408 896/436/412 898/1864/1872
f 1644/1858/1866 898/1864/1872 899/1865/1873
f 1645/1860/1868 899/1865/1873 900/1866/1874
f 1646/1862/1870 900/1866/1874 897/474/444
f 888/1872/1880 1651/1871/1879 1648/490/457
f 1647/420/398 907/419/397 910/1849/1857
f 1649/1867/1875 910/1849/1857 909/1851/1859
f 1651/1871/1879 908/1853/1861 906/538/502
f 1652/434/410 1654/1874/1882 905/1873/1881
f 1654/1874/1882 1655/1876/1884 904/1875/1883
f 1655/1876/1884 1656/1878/1886 903/1877/1885
f 1656/1878/1886 1653/511/475 901/531/495
f 912/433/409 915/1859/1867 1654/1874/1882
f 915/1859/1867 914/1861/1869 1655/1876/1884
f 913/1863/1871 911/476/446 1653/511/475
f 1657/425/402 1659/1880/1888 920/1879/1887
f 1659/1880/1888 1660/1882/1890 919/1881/1889
f 1660/1882/1890 1661/1884/1892 918/1883/1891
f 1661/1884/1892 1658/442/418 916/426/403
f 902/475/445 905/1873/1881 1659/1880/1888
f 905/1873/1881 904/1875/1883 1660/1882/1890
f 904/1875/1883 903/1877/1885 1661/1884/1892
f 903/1877/1885 901/531/495 1658/442/418
f 1662/440/416 1664/1885/1893 893/1855/1863
f 1664/1885/1893 1665/1886/1894 894/1856/1864
f 1666/1887/1895 1663/422/400 892/536/500
f 921/445/420 923/1888/1896 1664/1885/1893
f 923/1888/1896 924/1889/1897 1665/1886/1894
f 925/1890/1898 922/488/455 1663/422/400
f 1667/446/421 1669/1891/1899 923/1888/1896
f 1670/1892/1900 1671/1893/1901 925/1890/1898
f 1671/1893/1901 1668/532/496 922/488/455
f 931/450/425 933/1894/1902 1669/1891/1899
f 933/1894/1902 934/1895/1903 1670/1892/1900
f 935/1896/1904 932/529/493 1668/532/496
f 1672/441/417 1674/1898/1906 930/1897/1905
f 1674/1898/1906 1675/1900/1908 929/1899/1907
f 1676/1902/1910 1673/428/404 926/449/424
f 917/505/470 920/1879/1887 1674/1898/1906
f 920/1879/1887 919/1881/1889 1675/1900/1908
f 919/1881/1889 918/1883/1891 1676/1902/1910
f 918/1883/1891 916/426/403 1673/428/404
f 954/535/499 1677/487/454 1679/1903/1911
f 957/1904/1912 1679/1903/1911 1680/1905/1913
f 956/1906/1914 1680/1905/1913 1681/1907/1915
f 1677/487/454 936/486/453 940/1228/1207
f 1679/1903/1911 940/1228/1207 949/1232/1211
f 1680/1905/1913 949/1232/1211 948/1238/1219
f 1681/1907/1915 948/1238/1219 938/523/487
f 1682/452/427 1684/1909/1917 933/1894/1902
f 1684/1909/1917 1685/1910/1918 934/1895/1903
f 1685/1910/1918 1686/1911/1919 935/1896/1904
f 1686/1911/1919 1683/506/471 932/529/493
f 954/535/499 957/1904/1912 1684/1909/1917
f 957/1904/1912 956/1906/1914 1685/1910/1918
f 956/1906/1914 955/1908/1916 1686/1911/1919
f 955/1908/1916 953/524/488 1683/506/471
f 1687/447/422 1689/1912/1920 944/1236/1215
f 1689/1912/1920 1690/1913/1921 945/1241/1222
f 1691/1914/1922 1688/521/485 938/523/487
f 927/534/498 930/1897/1905 1689/1912/1920
f 930/1897/1905 929/1899/1907 1690/1913/1921
f 929/1899/1907 928/1901/1909 1691/1914/1922
f 928/1901/1909 926/449/424 1688/521/485
f 896/436/412 1692/457/430 1694/1915/1923
f 898/1864/1872 1694/1915/1923 1695/1916/1924
f 899/1865/1873 1695/1916/1924 1696/1917/1925
f 900/1866/1874 1696/1917/1925 1693/516/480
f 1692/457/430 963/458/431 965/1918/1926
f 1695/1916/1924 966/1919/1927 967/1920/1928
f 1696/1917/1925 967/1920/1928 964/480/449
f 959/459/432 1697/430/406 1699/1921/1929
f 962/1922/1930 1699/1921/1929 1700/1923/1931
f 961/1924/1932 1700/1923/1931 1701/1925/1933
f 960/1926/1934 1701/1925/1933 1698/463/435
f 1699/1921/1929 890/1868/1876 889/1870/1878
f 1700/1923/1931 889/1870/1878 888/1872/1880
f 1701/1925/1933 888/1872/1880 886/454/429
f 1702/472/442 1704/1927/1935 976/1244/1226
f 1704/1927/1935 1705/1932/1936 977/1928/1235
f 1705/1929/1936 1706/1930/1937 984/1249/1231
f 1706/1930/1937 1703/500/466 974/1250/1232
f 968/471/438 970/1931/1938 1704/1927/1935
f 970/1931/1938 971/2195/1939 1705/1932/1936
f 971/1933/1939 972/1934/1940 1706/1930/1937
f 972/1934/1940 969/497/463 1703/500/466
f 963/458/431 1707/464/436 1709/1935/1941
f 966/1919/1927 1710/1936/1942 1711/1937/1943
f 967/1920/1928 1711/1937/1943 1708/499/465
f 1707/464/436 975/465/437 987/1257/1239
f 1709/1935/1941 987/1257/1239 983/1251/1233
f 1710/1936/1942 983/1251/1233 982/1248/1230
f 968/466/438 1712/460/433 1714/1938/1944
f 970/1939/1938 1714/1938/1944 1715/1940/1945
f 972/1934/1940 1716/1941/1946 1713/498/464
f 1712/460/433 959/459/432 962/1922/1930
f 1715/1940/1945 961/1924/1932 960/1926/1934
f 1716/1941/1946 960/1926/1934 958/462/434
f 975/465/437 1717/415/395 1719/1942/1947
f 978/1243/1225 1719/1945/1951 1718/525/489
f 1717/415/395 869/1215/1191 878/1217/1948
f 1719/1945/1951 871/2187/1186 868/526/490
f 1720/395/376 1722/1950/1957 844/1946/1952
f 1722/1949/1956 1721/1952/451 830/1189/1163
f 937/453/428 939/1235/1214 1722/1950/1957
f 939/1951/1208 936/2196/453 1721/1952/451
s 6
f 1011/562/523 1723/561/522 1725/1953/1958
f 1014/1954/1959 1725/1953/1958 1726/1955/1960
f 1013/1956/1962 1726/1955/1967 1727/1957/1963
f 1727/1959/1963 1724/676/626 1010/714/662
f 1723/561/522 995/552/513 997/1961/1965
f 1725/1953/1958 997/1961/1965 998/1962/1966
f 1726/1955/1967 998/1962/2005 999/1963/1968
f 999/1964/1968 996/572/532 1724/676/626
f 1728/598/557 1730/1971/1970 1019/1965/1969
f 1730/1966/1970 1731/1969/1976 1018/1967/1971
f 1731/1969/1972 1732/1974/1978 1017/1970/1973
f 1017/1970/1973 1732/1974/1978 1729/656/609
f 1000/725/673 1002/2034/1975 1730/1971/1970
f 1002/1972/1975 1003/1973/2041 1731/1969/1976
f 1003/1973/1977 1004/2037/2043 1732/1974/1978
f 1732/1974/1978 1004/2037/2043 1001/555/516
f 1733/666/618 1735/1976/1980 994/1975/1979
f 1735/1976/1980 1736/1978/1985 993/1977/1981
f 1736/1978/1982 1737/1981/1986 992/1979/1983
f 992/1980/1983 1737/1982/1986 1734/541/505
f 1011/562/523 1014/1954/1959 1735/1976/1980
f 1014/1954/1959 1013/1956/1961 1736/1978/1985
f 1013/1956/1962 1012/1958/1964 1737/1981/1986
f 1737/1982/1986 1012/1960/1964 1010/714/662
f 1006/695/644 1738/563/524 1740/1983/1987
f 1009/1985/1988 1740/1990/1987 1741/1986/1989
f 1008/1987/1991 1741/1986/1994 1742/1988/1992
f 1742/1988/1992 1739/560/521 1005/547/509
f 1738/563/524 1016/545/508 1019/1965/1969
f 1740/1990/1987 1019/1968/1969 1018/1967/1971
f 1741/1986/1994 1018/1967/1974 1017/1970/1973
f 1017/1970/1973 1015/558/519 1739/560/521
f 1021/696/645 1743/690/639 1745/1991/1995
f 1024/1993/1996 1745/1998/1995 1746/1994/1997
f 1023/1995/1999 1746/1994/2002 1747/1996/2000
f 1747/1996/2000 1744/549/511 1020/566/526
f 1743/690/639 1006/695/644 1009/1984/1988
f 1745/1998/1995 1009/1985/1988 1008/1987/1990
f 1746/1994/2002 1008/1987/1991 1007/1989/1993
f 1007/1989/1993 1005/547/509 1744/549/511
f 995/552/513 1748/551/512 1750/1999/2003
f 997/1961/1965 1750/1999/2003 1751/2000/2004
f 998/1962/2005 1751/2000/2009 1752/2001/2006
f 1752/2002/2006 1749/570/530 996/572/532
f 1748/551/512 1025/581/540 1027/2003/2007
f 1750/1999/2003 1027/2003/2007 1028/2004/2008
f 1751/2000/2009 1028/2004/2013 1029/2005/2010
f 1029/2006/2010 1026/569/529 1749/570/530
f 1025/581/540 1753/590/549 1755/2007/2011
f 1027/2003/2007 1755/2007/2011 1756/2008/2012
f 1028/2004/2013 1756/2008/2017 1757/2009/2014
f 1757/2010/2014 1754/567/527 1026/569/529
f 1753/590/549 1035/589/548 1037/2011/2015
f 1755/2007/2011 1037/2011/2015 1038/2012/2016
f 1756/2008/2017 1038/2012/2033 1039/2013/2018
f 1039/2014/2018 1036/579/539 1754/567/527
f 1031/726/674 1758/719/667 1760/2015/2019
f 1034/2017/2020 1760/2022/2019 1761/2018/2021
f 1033/2019/2023 1761/2018/2026 1762/2020/2024
f 1032/2021/2025 1762/2020/2024 1759/574/534
f 1758/719/667 1021/696/645 1024/1992/1996
f 1760/2022/2019 1024/1993/1996 1023/1995/1998
f 1761/2018/2026 1023/1995/1999 1022/1997/2001
f 1022/1997/2001 1020/566/526 1759/574/534
f 1763/704/652 1765/2023/2027 1070/1299/1277
f 1765/2023/2027 1766/2024/2029 1071/1287/2028
f 1766/2024/2029 1767/2025/2030 1062/1284/1264
f 1767/2025/2030 1764/670/620 1057/718/666
f 1041/1270/1252 1050/1269/1251 1765/2023/2027
f 1050/1269/1251 1044/1275/1255 1766/2024/2029
f 1044/1275/1255 1043/1264/1246 1767/2025/2030
f 1043/1264/1246 1040/1261/1243 1764/670/620
f 1035/589/548 1768/689/638 1770/2026/2031
f 1037/2011/2015 1770/2026/2035 1771/2027/2032
f 1038/2012/2033 1771/2027/2036 1772/2028/2034
f 1039/2014/2018 1772/2029/2034 1769/577/537
f 1768/689/638 1059/702/650 1072/1298/1276
f 1770/2026/2035 1072/1298/1276 1066/1293/1280
f 1771/2027/2036 1066/1293/1272 1065/1290/1270
f 1772/2029/2034 1065/2197/1270 1058/586/545
f 1041/1270/1252 1773/703/651 1775/2030/2037
f 1048/1273/1250 1775/2033/2037 1776/2031/2038
f 1049/1271/1253 1776/2031/2038 1777/2032/2039
f 1054/1278/1258 1777/2032/2039 1774/583/542
f 1773/703/651 1031/726/674 1034/2016/2020
f 1775/2033/2037 1034/2017/2020 1033/2019/2022
f 1776/2031/2038 1033/2019/2023 1032/2021/2025
f 1777/2032/2039 1032/2021/2025 1030/576/536
f 1778/606/564 1780/2038/2040 1002/2034/1975
f 1780/2035/2040 1781/2036/2045 1003/1973/2041
f 1781/2036/2042 1782/2041/2047 1004/2037/2043
f 1004/2037/2043 1782/2041/2047 1779/699/647
f 1080/665/617 1082/2058/2044 1780/2038/2040
f 1082/2039/2044 1083/2040/2063 1781/2036/2045
f 1083/2040/2046 1084/2061/2065 1782/2041/2047
f 1782/2041/2047 1084/2061/2065 1081/595/554
f 1783/513/477 1785/2043/2049 1079/2042/2048
f 1785/2043/2049 1786/2045/2054 1078/2044/2050
f 1786/2045/2051 1787/2048/2055 1077/2046/2052
f 1077/2047/2052 1787/2049/2055 1784/591/550
f 991/515/479 994/1975/1979 1785/2043/2049
f 994/1975/1979 993/1977/1981 1786/2045/2054
f 993/1977/1984 992/1979/1983 1787/2048/2055
f 1787/2049/2055 992/1980/1983 990/553/514
f 1092/1318/1300 1788/680/629 1790/2050/2056
f 1103/1316/1298 1790/2050/2056 1791/2051/2057
f 1104/1306/1287 1791/2051/2057 1792/2052/2058
f 1094/1302/1283 1792/2052/2058 1789/2053/610
f 1788/680/629 1085/682/631 1087/2054/2059
f 1790/2050/2056 1087/2054/2059 1088/2055/2060
f 1791/2051/2057 1088/2055/2060 1089/2056/2061
f 1792/2057/2058 1089/2068/2061 1086/601/560
f 1793/681/630 1795/2063/2062 1082/2058/2044
f 1795/2059/2062 1796/2060/2067 1083/2040/2063
f 1796/2060/2064 1797/2062/2066 1084/2061/2065
f 1797/2062/2066 1794/603/562 1081/595/554
f 1092/1318/1300 1105/1317/1299 1795/2063/2062
f 1105/2064/1299 1099/2065/1302 1796/2060/2067
f 1099/2065/2068 1098/1311/1292 1797/2062/2066
f 1098/1311/1292 1091/1308/1289 1794/603/562
f 1798/683/632 1800/2066/2069 1087/2054/2059
f 1800/2066/2069 1801/2070/2071 1088/2055/2060
f 1801/2067/2070 1802/2072/2072 1089/2068/2061
f 1089/2068/2061 1802/2072/2072 1799/599/558
f 1076/711/659 1079/2042/2048 1800/2066/2069
f 1079/2042/2048 1078/2044/2050 1801/2070/2071
f 1078/2071/2053 1077/2047/2052 1802/2072/2072
f 1077/2047/2052 1075/593/552 1799/599/558
f 1803/679/628 1805/2074/2074 1132/2073/2073
f 1805/2074/2074 1806/2076/2076 1131/2075/2075
f 1806/2076/2076 1807/2078/2078 1130/2077/2077
f 1807/2078/2078 1804/723/671 1128/724/672
f 1113/628/584 1115/2079/2079 1805/2074/2074
f 1115/2079/2079 1116/2080/2080 1806/2076/2076
f 1116/2080/2080 1117/2081/2081 1807/2078/2078
f 1117/2081/2081 1114/722/670 1804/723/671
f 1134/622/578 1808/621/577 1810/2082/2082
f 1137/2083/2083 1810/2082/2082 1811/2084/2084
f 1136/2085/2085 1811/2084/2084 1812/2086/2086
f 1135/2087/2087 1812/2086/2086 1809/660/613
f 1808/621/577 1118/625/581 1120/2088/2088
f 1810/2082/2082 1120/2088/2088 1121/2089/2089
f 1811/2084/2084 1121/2089/2089 1122/2090/2090
f 1812/2086/2086 1122/2090/2090 1119/661/614
f 1109/618/574 1813/609/566 1815/2091/2091
f 1112/2092/2092 1815/2091/2091 1816/2093/2093
f 1111/2094/2094 1816/2093/2093 1817/2095/2095
f 1110/2096/2096 1817/2095/2095 1814/677/627
f 1813/609/566 1129/608/565 1132/2073/2073
f 1815/2091/2091 1132/2073/2073 1131/2075/2075
f 1816/2093/2093 1131/2075/2075 1130/2077/2077
f 1817/2095/2095 1130/2077/2077 1128/724/672
f 1818/623/579 1820/2098/2098 1127/2097/2097
f 1821/2100/2100 1822/2102/2102 1125/2101/2101
f 1822/2102/2102 1819/698/646 1123/715/663
f 1134/622/578 1137/2083/2083 1820/2098/2098
f 1137/2083/2083 1136/2085/2085 1821/2100/2100
f 1136/2085/2085 1135/2087/2087 1822/2102/2102
f 1135/2087/2087 1133/663/616 1819/698/646
f 1823/614/570 1825/2104/2104 1142/2103/2103
f 1826/2106/2106 1827/2108/2108 1140/2107/2107
f 1827/2108/2108 1824/631/587 1138/615/571
f 1124/662/615 1127/2097/2097 1825/2104/2104
f 1127/2097/2097 1126/2099/2099 1826/2106/2106
f 1126/2099/2099 1125/2101/2101 1827/2108/2108
f 1125/2101/2101 1123/715/663 1824/631/587
f 1828/629/585 1830/2109/2109 1115/2079/2079
f 1830/2109/2109 1831/2110/2110 1116/2080/2080
f 1831/2110/2110 1832/2111/2111 1117/2081/2081
f 1832/2111/2111 1829/611/568 1114/722/670
f 1143/634/590 1145/2112/2112 1830/2109/2109
f 1145/2112/2112 1146/2113/2113 1831/2110/2110
f 1146/2113/2113 1147/2114/2114 1832/2111/2111
f 1833/635/591 1835/2115/2115 1145/2112/2112
f 1835/2115/2115 1836/2116/2116 1146/2113/2113
f 1836/2116/2116 1837/2117/2117 1147/2114/2114
f 1837/2117/2117 1834/716/664 1144/675/625
f 1153/639/595 1155/2118/2118 1835/2115/2115
f 1155/2118/2118 1156/2119/2119 1836/2116/2116
f 1156/2119/2119 1157/2120/2120 1837/2117/2117
f 1157/2120/2120 1154/713/661 1834/716/664
f 1838/630/586 1840/2122/2122 1152/2121/2121
f 1841/2124/2124 1842/2126/2126 1150/2125/2125
f 1842/2126/2126 1839/617/573 1148/638/594
f 1139/692/641 1142/2103/2103 1840/2122/2122
f 1142/2103/2103 1141/2105/2105 1841/2124/2124
f 1141/2105/2105 1140/2107/2107 1842/2126/2126
f 1140/2107/2107 1138/615/571 1839/617/573
f 1175/721/669 1843/674/624 1845/2127/2127
f 1178/1344/1323 1845/2127/2127 1846/2128/2128
f 1179/1346/1325 1846/2128/2128 1847/2129/2129
f 1186/1352/1331 1847/2130/2129 1844/706/654
f 1843/674/624 1158/673/623 1162/1323/1305
f 1845/2127/2127 1162/1323/1305 1171/1327/1309
f 1846/2128/2128 1171/1327/1309 1170/1340/1318
f 1847/2130/2129 1170/1337/1318 1160/707/655
f 1848/641/597 1850/2131/2130 1155/2118/2118
f 1850/2131/2130 1851/2132/2131 1156/2119/2119
f 1851/2132/2131 1852/2133/2132 1157/2120/2120
f 1852/2133/2132 1849/693/642 1154/713/661
f 1177/2134/1337 1191/1364/1336 1850/2131/2130
f 1191/1364/1336 1185/1363/1339 1851/2132/2131
f 1185/1363/1339 1184/1351/1330 1852/2133/2132
f 1184/1351/1330 1176/708/656 1849/693/642
f 1853/636/592 1855/2135/2133 1166/1331/1313
f 1855/2135/2133 1856/2136/2134 1167/1342/1321
f 1856/2136/2134 1857/2137/2135 1172/1338/1319
f 1857/2137/2135 1854/705/653 1160/707/655
f 1149/720/668 1152/2121/2121 1855/2135/2133
f 1152/2121/2121 1151/2123/2123 1856/2136/2134
f 1150/2125/2125 1148/638/594 1854/705/653
f 1118/625/581 1858/646/600 1860/2138/2136
f 1121/2089/2089 1861/2139/2137 1862/2140/2138
f 1858/646/600 1199/647/601 1201/2141/2139
f 1860/2138/2136 1201/2141/2139 1202/2142/2140
f 1861/2139/2137 1202/2142/2140 1203/2143/2141
f 1862/2140/2138 1203/2143/2141 1200/667/619
f 1195/648/602 1863/619/575 1865/2144/2142
f 1198/2145/2143 1865/2144/2142 1866/2146/2144
f 1196/2149/2147 1867/2148/2146 1864/652/605
f 1863/619/575 1109/618/574 1112/2092/2092
f 1867/2148/2146 1110/2096/2096 1108/643/599
f 1868/659/612 1870/2150/2148 1212/1368/1342
f 1870/2150/2148 1871/2151/2149 1213/1377/1352
f 1871/2151/2149 1872/2152/2150 1219/1373/1348
f 1872/2152/2150 1869/687/636 1210/1374/1349
f 1204/655/608 1206/2153/2151 1870/2150/2148
f 1207/2154/2152 1208/2155/2153 1872/2152/2150
f 1208/2155/2153 1205/684/633 1869/687/636
f 1202/2142/2140 1876/2157/2155 1877/2158/2156
f 1203/2143/2141 1877/2158/2156 1874/686/635
f 1875/2156/2154 1223/1380/1356 1218/1375/1350
f 1876/2157/2155 1218/1375/1350 1217/1372/1347
f 1877/2158/2156 1217/1372/1347 1210/1374/1349
f 1204/655/608 1878/649/603 1880/2159/2157
f 1206/2153/2151 1880/2159/2157 1881/2160/2158
f 1207/2154/2152 1881/2160/2158 1882/2161/2159
f 1208/2155/2153 1882/2161/2159 1879/685/634
f 1880/2159/2157 1198/2145/2143 1197/2147/2145
f 1882/2161/2159 1196/2149/2147 1194/651/604
f 1211/654/607 1883/604/563 1885/2162/2160
f 1222/2164/1341 1885/2167/2164 1884/2165/657
f 1883/604/563 1091/1308/1289 1100/1310/2161
f 1885/2167/2164 1093/2189/1284 1090/1300/658
f 1886/584/543 1888/2169/2170 1053/2168/2165
f 1889/2171/2169 1887/671/621 1040/1261/1243
f 1159/642/598 1161/1330/1312 1888/2169/2170
f 1161/2173/1306 1158/673/623 1887/671/621
f 1177/1360/1337 1890/2177/596 1892/2174/2172
f 1189/1358/1335 1892/2174/2172 1893/2175/2173
f 1190/1348/1327 1893/2175/2173 1894/2176/2174
f 1180/1345/1324 1894/2176/2174 1891/717/665
f 1890/2177/596 1058/1292/545 1067/1291/1271
f 1892/2174/2172 1067/1291/1271 1061/1285/1265
f 1893/2175/2173 1061/1285/1265 1060/1283/1263
f 1894/2176/2174 1060/1283/1263 1057/718/666
s 3
f 481/885/848 1895/883/842 479/882/841
