# Blender 5.2.2 LTS
# www.blender.org
mtllib HoloEsq6.mtl
g Triángulo3AI_Holocron.007
v -3.950056 5.073973 2.804923
v -2.721922 5.091091 3.956875
v -3.574427 5.080579 3.247535
v -3.153280 5.086376 3.637910
v -2.212908 5.095250 4.241355
v -4.304461 5.065609 2.246856
v -3.946001 5.185595 2.799537
v -2.717867 5.202716 3.951490
v -3.570372 5.192199 3.242149
v -3.149225 5.197999 3.632526
v -2.208857 5.206872 4.235971
v -4.300406 5.177231 2.241472
v -4.175859 5.118174 2.032501
v -3.792604 5.127574 2.659584
v -3.417223 5.134184 3.102425
v -4.103453 5.131989 2.944876
v -4.429007 5.124665 2.455827
v -2.418604 5.152923 4.356612
v -2.875391 5.149112 4.096896
v -3.727571 5.138591 3.387260
v -4.733900 5.116230 1.893927
v -2.564398 5.144697 3.811471
v -2.003160 5.149200 4.120716
v -2.995836 5.139980 3.492578
v -1.917089 5.156202 4.582345
v -3.306665 5.144395 3.777856
v -0.570601 5.236859 4.791334
v -4.979338 5.247274 4.789586
v -4.975279 5.168346 0.386841
v -5.221498 5.007002 4.794254
v -5.224985 0.602716 4.857097
v -5.217432 4.936044 0.382697
v -4.982298 5.011106 5.032709
v -0.563875 5.006116 5.036726
v -4.985788 0.607153 5.097700
v -2.916227 4.012073 4.906388
v -4.094210 2.809160 4.937270
v -3.366785 3.646099 4.916750
v -3.766088 3.233500 4.927294
v -4.389509 2.306444 4.948098
v -2.350687 4.354344 4.895182
v -2.911451 4.009691 5.018084
v -4.089434 2.806777 5.048969
v -3.362009 3.643718 5.028449
v -3.761309 3.231120 5.038991
v -4.384733 2.304063 5.059796
v -2.345911 4.351963 5.006879
v -2.139372 4.222068 4.950858
v -2.774534 3.852442 4.963213
v -3.225317 3.486723 4.973574
v -3.053141 4.169322 4.961258
v -2.557222 4.484236 4.951205
v -4.500616 2.515441 5.001913
v -4.231192 2.966482 4.992142
v -3.503477 3.803093 4.971622
v -1.988909 4.776931 4.940734
v -3.952452 2.649454 4.994098
v -4.273630 2.095068 5.005979
v -3.624403 3.073877 4.984121
v -4.737020 2.018962 5.012039
v -3.902994 3.390739 4.982166
v -5.122614 2.903663 3.841511
v -5.102987 4.074625 2.631524
v -5.124537 3.351746 3.472370
v -5.117395 3.748657 3.057397
v -5.077906 4.367716 2.128027
v -5.108477 2.340967 4.188331
v -5.232615 2.890424 3.826349
v -5.212988 4.061386 2.616361
v -5.234533 3.338507 3.457207
v -5.227396 3.735418 3.042234
v -5.187902 4.354477 2.112863
v -5.218477 2.327730 4.173168
v -5.132460 2.125898 4.052611
v -5.149820 2.757898 3.677803
v -5.151785 3.206205 3.308913
v -5.205412 3.036190 3.990056
v -5.194494 2.542801 4.308888
v -5.163687 4.474640 2.328348
v -5.185797 4.207216 2.780142
v -5.207285 3.484051 3.620664
v -5.175154 1.977228 4.606407
v -5.130178 3.928795 2.467743
v -5.102125 4.247550 1.912543
v -5.144602 3.602900 2.893697
v -5.134199 4.709066 1.831703
v -5.200190 3.881175 3.205933
v -3.367014 5.083601 3.450847
v -3.769266 5.077354 3.031376
v -2.938822 5.088867 3.806112
v -2.492315 5.093131 4.095828
v -1.854994 5.097664 4.409095
v -4.121023 5.070305 2.560057
v -4.519423 5.059281 1.825733
v -3.362963 5.195222 3.445463
v -3.765211 5.188974 3.025991
v -2.934767 5.200489 3.800725
v -2.488264 5.204753 4.090442
v -1.850939 5.209287 4.403711
v -4.116972 5.181927 2.554673
v -4.515368 5.170904 1.820346
v -3.967115 5.123780 2.406034
v -3.611967 5.130959 2.886180
v -4.270876 5.128456 2.708696
v -2.652315 5.151107 4.232752
v -3.922506 5.135370 3.171188
v -4.751997 5.107796 1.337559
v -2.328264 5.146778 3.953518
v -3.209723 5.137207 3.305656
v -4.452307 5.109643 1.464877
v -1.448248 5.156084 4.588220
v -4.582487 5.120544 2.181202
v -2.171663 5.154596 4.471727
v -2.781309 5.142469 3.660715
v -1.534269 5.152356 4.341080
v -3.520250 5.141616 3.590654
v -3.092279 5.146886 3.946122
v -2.899035 4.770397 4.989332
v -5.172438 2.901067 2.742031
v -4.735373 5.167304 2.716069
v -3.505678 3.505657 3.343786
v -2.774969 5.242067 4.790459
v -4.977308 5.207811 2.588214
v -2.772940 5.202603 2.589086
v -5.223242 2.804857 4.825676
v -5.219461 4.971522 2.588475
v -5.221209 2.769380 2.619898
v -2.773085 5.008611 5.034716
v -4.984041 2.809129 5.065204
v -2.774832 2.806634 5.067213
v -3.513998 3.545162 4.960118
v -3.513140 5.131526 3.327106
v -5.125063 3.521841 3.347927
v -2.901171 5.164061 2.714376
v -5.174105 2.926073 4.585563
v -4.743448 2.933895 5.016823
v -2.902830 5.192987 4.549166
v -5.171919 4.738420 2.716058
v -2.899557 2.933382 5.017452
v -3.574492 3.443137 4.922056
v -3.146502 3.836219 4.911510
v -3.938841 3.022737 4.932351
v -4.238039 2.582624 4.942265
v -4.564863 1.952264 4.955365
v -2.667753 4.177713 4.901229
v -1.925043 4.560171 4.887546
v -3.569715 3.440755 5.033755
v -3.141726 3.833839 5.023208
v -3.934061 3.020357 5.044051
v -4.233263 2.580240 5.053963
v -4.560087 1.949880 5.067064
v -2.662973 4.175333 5.012928
v -1.920267 4.557790 4.999243
v -2.517302 4.021437 4.957910
v -3.004950 3.676747 4.968337
v -2.813425 4.331605 4.956242
v -4.371786 2.746404 4.997005
v -3.283278 3.993310 4.966383
v -1.432249 4.783051 4.934800
v -4.099516 2.416460 4.999226
v -3.432943 3.283667 4.978882
v -1.565943 4.486207 4.940772
v -4.752905 1.550409 5.019347
v -2.279367 4.631753 4.946018
v -4.620985 2.271066 5.006941
v -3.797091 2.863042 4.989178
v -4.503969 1.631078 5.015488
v -3.711264 3.600221 4.976928
v -4.075811 3.180051 4.987222
v -5.121988 3.558237 3.268115
v -5.124720 3.132700 3.663984
v -5.111078 3.920301 2.845767
v -5.092611 4.217421 2.404518
v -5.057417 4.541635 1.773657
v -5.117933 2.656473 4.009075
v -5.092649 1.917350 4.397837
v -5.231989 3.544996 3.252951
v -5.234716 3.119461 3.648820
v -5.221075 3.907062 2.830603
v -5.202608 4.204180 2.389353
v -5.167418 4.528396 1.758493
v -5.227934 2.643236 3.993911
v -5.202650 1.904113 4.382675
v -5.144720 2.501989 3.848804
v -5.151949 2.987074 3.500432
v -5.201143 2.797720 4.154183
v -5.175791 4.346804 2.559598
v -5.207487 3.265086 3.812373
v -5.128107 1.422628 4.618630
v -5.119429 4.074798 2.234273
v -5.149221 3.412615 3.104568
v -5.109819 1.555166 4.321771
v -5.088556 4.723848 1.365282
v -5.185480 2.266298 4.458741
v -5.149515 4.594021 2.083847
v -5.138269 3.774481 2.681995
v -5.075319 4.476009 1.448303
v -5.204756 3.690618 3.416499
v -5.193884 4.052885 2.994375
v -0.081736 5.237047 5.036088
v -4.122458 5.080271 2.963093
v -4.120653 5.076395 2.961496
v -4.122755 5.078801 2.963385
v -4.122511 5.077550 2.963184
v -4.121775 5.076704 2.962520
v -3.323851 5.088800 3.794458
v -3.325670 5.092678 3.796072
v -3.324980 5.089109 3.795488
v -3.325720 5.089955 3.796158
v -3.325964 5.091207 3.796362
v -3.779470 5.071548 2.648364
v -3.777411 5.075487 2.646411
v -3.778326 5.071835 2.647308
v -3.777533 5.072683 2.646566
v -3.777208 5.073965 2.646251
v -2.980642 5.087898 3.479409
v -2.982710 5.083956 3.481366
v -2.980444 5.086376 3.479248
v -2.980764 5.085092 3.479563
v -2.981562 5.084241 3.480307
v -3.746580 5.086869 3.405476
v -3.744776 5.082997 3.403879
v -3.746874 5.085401 3.405769
v -3.746634 5.084150 3.405568
v -3.745897 5.083305 3.404903
v -3.402029 5.082099 3.089254
v -3.404081 5.078159 3.091197
v -3.401831 5.080578 3.089093
v -3.402151 5.079293 3.089406
v -3.402941 5.078444 3.090146
v -2.549208 5.092617 3.798300
v -2.551310 5.088670 3.800289
v -2.549009 5.091092 3.798143
v -2.549337 5.089806 3.798464
v -2.550146 5.088956 3.799218
v -2.892534 5.093515 4.113462
v -2.894392 5.097406 4.115106
v -2.893679 5.093825 4.114506
v -2.894434 5.094675 4.115186
v -2.894682 5.095932 4.115396
v -1.987970 5.097127 4.107546
v -1.991064 5.093170 4.109074
v -1.987848 5.095600 4.107353
v -1.988394 5.094312 4.107576
v -1.989523 5.093457 4.108180
v -2.434755 5.097332 4.373639
v -2.437593 5.101240 4.374815
v -2.436277 5.097642 4.374506
v -2.437353 5.098493 4.375034
v -2.437815 5.099756 4.375143
v -0.968653 5.103920 4.581032
v -0.981314 5.099844 4.576066
v -0.968130 5.103870 4.579140
v -0.971506 5.102378 4.580392
v -0.974913 5.101063 4.579224
v -0.967333 5.104177 4.580924
v -0.969286 5.102544 4.580137
v -0.971506 5.101257 4.579183
v -0.970026 5.101655 4.579023
v -0.978052 5.100144 4.575956
v -0.974401 5.101014 4.576503
v -0.978357 5.100173 4.577705
v -0.974470 5.100612 4.577760
v -0.971289 5.101238 4.578030
v -0.967047 5.104150 4.579899
v -0.970919 5.102323 4.577621
v -0.969007 5.102518 4.578834
v -0.967974 5.102630 4.579758
v -1.936071 5.104551 4.600539
v -1.937284 5.100585 4.597645
v -1.936602 5.103052 4.600738
v -1.937021 5.101774 4.600259
v -1.937258 5.100907 4.599172
v -4.448004 5.072959 2.474039
v -4.446863 5.069054 2.471364
v -4.448351 5.071484 2.474249
v -4.448256 5.070223 2.473816
v -4.447733 5.069369 2.472803
v -4.162107 5.062163 2.022432
v -4.160666 5.066089 2.019329
v -4.161200 5.062445 2.020936
v -4.160604 5.063287 2.019821
v -4.160418 5.064569 2.019255
v -4.750048 5.060669 1.912785
v -4.752890 5.064547 1.912132
v -4.751570 5.060968 1.912952
v -4.752645 5.061810 1.912886
v -4.753107 5.063067 1.912598
v -4.754908 5.047365 0.772423
v -4.753096 5.047340 0.771907
v -4.749487 5.043577 0.785826
v -4.754835 5.047564 0.771093
v -4.754137 5.045883 0.775468
v -4.753939 5.046000 0.773212
v -4.753599 5.046067 0.771873
v -4.752779 5.045153 0.774040
v -4.751432 5.045864 0.774876
v -4.750162 5.044631 0.778564
v -4.753851 5.047552 0.770813
v -4.752668 5.045992 0.772931
v -4.751753 5.044777 0.775362
v -4.751204 5.043834 0.782722
v -4.752836 5.044643 0.779085
v -4.749479 5.043827 0.782409
v -4.751375 5.044212 0.778682
v -4.752886 5.044783 0.775584
v -4.079824 5.187493 2.922359
v -4.084448 5.183712 2.926659
v -4.081163 5.187220 2.923591
v -4.082510 5.186406 2.924841
v -4.083666 5.185173 2.925918
v -3.287664 5.196117 3.759639
v -3.283026 5.199900 3.755323
v -3.286879 5.197578 3.758897
v -3.285723 5.198810 3.757816
v -3.284369 5.199626 3.756562
v -3.807798 5.179661 2.672757
v -3.812193 5.183693 2.676729
v -3.808489 5.181190 2.673368
v -3.809565 5.182493 2.674337
v -3.810865 5.183372 2.675518
v -3.015429 5.196100 3.509727
v -3.011030 5.192066 3.505751
v -3.014101 5.195779 3.508516
v -3.012800 5.194898 3.507333
v -3.011721 5.193595 3.506363
v -3.703947 5.194095 3.364745
v -3.708567 5.190319 3.369041
v -3.705286 5.193823 3.365976
v -3.706633 5.193010 3.367224
v -3.707785 5.191779 3.368301
v -3.436800 5.190303 3.119561
v -3.432421 5.186272 3.115598
v -3.435480 5.189981 3.118353
v -3.434183 5.189103 3.117177
v -3.433107 5.187801 3.116209
v -2.584024 5.200815 3.828651
v -2.579592 5.196774 3.824642
v -2.582685 5.200490 3.827426
v -2.581373 5.199611 3.826233
v -2.580286 5.198305 3.825256
v -2.856394 5.200820 4.078683
v -2.851709 5.204618 4.074327
v -2.855604 5.202288 4.077938
v -2.854437 5.203525 4.076847
v -2.853067 5.204341 4.075579
v -2.024035 5.205310 4.137309
v -2.018351 5.201273 4.133884
v -2.022219 5.204993 4.136307
v -2.020498 5.204113 4.135307
v -2.019140 5.202806 4.134454
v -2.399611 5.204608 4.338407
v -2.393675 5.208433 4.334635
v -2.398726 5.206085 4.337703
v -2.397284 5.207328 4.336738
v -2.395514 5.208154 4.335662
v -0.998995 5.208016 4.607036
v -0.998510 5.208011 4.605478
v -1.017294 5.211965 4.602922
v -1.003141 5.209548 4.606913
v -1.000879 5.209609 4.606822
v -0.999506 5.209625 4.606575
v -1.002417 5.210380 4.606097
v -1.002737 5.209522 4.604482
v -1.007788 5.210805 4.603647
v -0.997419 5.208269 4.606206
v -1.000681 5.209596 4.605684
v -1.004141 5.210685 4.605236
v -1.013048 5.211685 4.604687
v -1.008078 5.210838 4.606089
v -1.012899 5.211663 4.603099
v -1.008245 5.211247 4.604928
v -1.004263 5.210701 4.606269
v -1.896509 5.211687 4.558525
v -1.898108 5.207864 4.564151
v -1.896685 5.211416 4.560257
v -1.897051 5.210596 4.561935
v -1.897551 5.209346 4.563302
v -4.406202 5.180151 2.431957
v -4.410006 5.176378 2.437614
v -4.407225 5.179884 2.433708
v -4.408308 5.179072 2.435397
v -4.409285 5.177841 2.436768
v -4.191050 5.170257 2.045671
v -4.194662 5.174314 2.051090
v -4.191683 5.171790 2.046392
v -4.192591 5.173098 2.047676
v -4.193640 5.173983 2.049325
v -4.714903 5.167921 1.875721
v -4.709265 5.171770 1.873634
v -4.714041 5.169397 1.875145
v -4.712664 5.170647 1.874546
v -4.710989 5.171480 1.874015
v -4.784986 5.151502 0.798727
v -4.780691 5.155769 0.817363
v -4.783480 5.151506 0.798250
v -4.784849 5.153090 0.802966
v -4.783983 5.154461 0.807994
v -4.784800 5.153099 0.800651
v -4.784231 5.154259 0.804094
v -4.784082 5.153910 0.802208
v -4.780935 5.155398 0.812897
v -4.781549 5.154459 0.807697
v -4.782526 5.155401 0.813052
v -4.782839 5.154886 0.808149
v -4.783201 5.154259 0.803964
v -4.784208 5.151699 0.797147
v -4.782446 5.153093 0.802553
v -4.783674 5.153100 0.800453
v -4.784582 5.153090 0.799251
v -4.732763 5.239710 4.550267
v -4.737020 5.239647 4.546011
v -4.741610 5.244047 4.554746
v -4.734392 5.239705 4.549944
v -4.735777 5.239690 4.549022
v -4.734709 5.241350 4.550592
v -4.735735 5.241287 4.550274
v -4.737070 5.242167 4.550266
v -4.737371 5.241310 4.547904
v -4.738363 5.242729 4.550229
v -4.736696 5.239670 4.547641
v -4.737051 5.241267 4.548944
v -4.739496 5.243696 4.553016
v -4.737074 5.242749 4.551556
v -4.738440 5.243204 4.551610
v -5.218122 1.092992 4.611438
v -5.218119 1.091699 4.608437
v -5.222433 1.079324 4.616249
v -5.218122 1.090850 4.610584
v -5.219755 1.090017 4.611829
v -5.220579 1.087928 4.612041
v -5.219755 1.088926 4.610920
v -5.221148 1.085601 4.613274
v -5.222090 1.082620 4.614433
v -1.072870 5.227854 4.546980
v -1.059256 5.232191 4.551512
v -1.071623 5.227798 4.543964
v -1.069902 5.229485 4.547307
v -1.071470 5.227848 4.546750
v -1.067816 5.230304 4.547481
v -1.062536 5.231830 4.549759
v -1.064840 5.231345 4.548914
v -1.070795 5.227816 4.545116
v -1.068804 5.229465 4.546401
v -4.733706 5.173854 0.885086
v -4.730688 5.173822 0.883839
v -4.738302 5.177853 0.871363
v -4.732821 5.173819 0.882957
v -4.734053 5.175431 0.882093
v -4.734240 5.176210 0.879988
v -4.733149 5.175407 0.880991
v -4.735037 5.176722 0.878426
v -4.737268 5.177589 0.874239
v -4.735689 5.177170 0.876991
v -1.059420 4.770551 5.033449
v -1.058180 4.767544 5.033494
v -1.045691 4.775154 5.037691
v -1.058020 4.770322 5.033452
v -1.056402 4.770921 5.035079
v -1.054342 4.771106 5.035901
v -1.057348 4.768693 5.033478
v -1.055464 4.770214 5.035034
v -1.048971 4.773412 5.037373
v -1.051344 4.772550 5.036907
v -5.217081 4.759178 4.559612
v -5.221342 4.768039 4.563982
v -5.217077 4.763378 4.555291
v -5.218710 4.761128 4.559924
v -5.220095 4.763496 4.560865
v -5.217081 4.760801 4.559266
v -5.218653 4.762147 4.559589
v -5.219530 4.763476 4.559575
v -5.221018 4.766273 4.561911
v -5.220091 4.764768 4.559533
v -5.220545 4.764860 4.560905
v -5.217077 4.763076 4.556926
v -5.217081 4.762172 4.558321
v -5.218710 4.763752 4.557208
v -5.218653 4.763444 4.558246
v -5.213751 4.713487 0.876747
v -5.217997 4.717805 0.862859
v -5.213751 4.710463 0.875547
v -5.215376 4.713788 0.873687
v -5.216196 4.713923 0.871644
v -5.217676 4.716784 0.865868
v -5.217207 4.715296 0.868602
v -5.213751 4.712578 0.874630
v -5.215376 4.712811 0.872735
v -4.738680 4.771577 5.032197
v -4.747484 4.776188 5.036383
v -4.742941 4.767318 5.032261
v -4.740614 4.771948 5.033820
v -4.742968 4.772954 5.035187
v -4.740313 4.771253 5.032200
v -4.741644 4.771629 5.033768
v -4.745378 4.774443 5.036086
v -4.744337 4.773029 5.035637
v -4.743563 4.771655 5.035027
v -4.742617 4.768949 5.032235
v -4.741693 4.770330 5.032216
v -4.743288 4.769277 5.033862
v -4.742968 4.770305 5.033787
v -4.743982 1.101804 5.088369
v -4.748625 1.088197 5.092790
v -4.740965 1.100549 5.088390
v -4.744337 1.098871 5.090040
v -4.743753 1.100402 5.088392
v -4.744532 1.096777 5.090889
v -4.747583 1.091066 5.092441
v -4.745993 1.093809 5.091938
v -4.742121 1.099723 5.088402
v -4.743647 1.097854 5.090000
v -5.212252 5.158842 -0.097682
v -5.213385 5.155293 -0.100081
v -5.216867 5.154303 -0.097510
v -5.211740 5.158546 -0.098740
v -5.211775 5.157769 -0.099566
v -5.214018 5.158491 -0.097655
v -5.213789 5.158048 -0.099574
v -5.213751 5.157410 -0.100817
v -5.214926 5.156857 -0.100739
v -5.214716 5.154291 -0.100011
v -5.215849 5.153751 -0.099496
v -5.212351 5.156628 -0.100037
v -5.214136 5.156057 -0.100701
v -5.215494 5.155687 -0.100787
v -5.216513 5.156036 -0.097562
v -5.215513 5.157506 -0.097613
v -5.216600 5.153755 -0.098618
v -5.216108 5.155764 -0.099515
v -0.079573 5.238088 5.032305
v -0.081984 5.241530 5.031134
v -0.080976 5.236549 5.035519
v -0.082037 5.238818 5.035402
v -0.080107 5.238571 5.035011
v -0.078856 5.238510 5.034405
v -0.078913 5.239667 5.033823
v -0.079634 5.239401 5.031252
v -0.080114 5.240514 5.030659
v -0.079634 5.237092 5.033648
v -0.078955 5.238863 5.033045
v -0.078848 5.240207 5.032644
v -0.081999 5.241225 5.032897
v -0.082018 5.240273 5.034395
v -0.080938 5.241264 5.030619
v -0.080088 5.240819 5.032673
v -5.217070 5.250503 5.024434
v -5.221647 5.245947 5.024511
v -5.217108 5.246019 5.029032
v -5.218821 5.250150 5.024437
v -5.220308 5.249160 5.024455
v -5.217077 5.250180 5.026173
v -5.218767 5.249672 5.026121
v -5.220118 5.248996 5.026087
v -5.219713 5.248603 5.027068
v -5.221304 5.245975 5.026238
v -5.220324 5.245997 5.027706
v -5.221300 5.247684 5.024479
v -5.220797 5.247653 5.026150
v -5.220125 5.247631 5.027489
v -5.217096 5.247752 5.028662
v -5.217085 5.249213 5.027657
v -5.218847 5.246012 5.028685
v -5.218779 5.247684 5.028161
v -5.218729 5.249017 5.027468
v -5.227537 0.126098 5.097952
v -5.224096 0.123575 5.099129
v -5.222944 0.126108 5.102608
v -5.227285 0.125003 5.097452
v -5.226545 0.124139 5.097500
v -5.227201 0.126112 5.099722
v -5.226805 0.124166 5.099521
v -5.226202 0.122903 5.099502
v -5.225634 0.122980 5.100683
v -5.223063 0.123666 5.100462
v -5.222479 0.124178 5.101591
v -5.225424 0.123636 5.098089
v -5.224844 0.122995 5.099890
v -5.224459 0.122919 5.101255
v -5.224714 0.126117 5.102241
v -5.226210 0.126119 5.101227
v -5.222441 0.125036 5.102344
v -5.224493 0.124181 5.101856
v -1.072897 5.151646 4.547977
v -1.071650 5.151605 4.544959
v -1.078913 5.147331 4.543777
v -1.071035 5.151643 4.547937
v -1.070147 5.151638 4.547348
v -1.073816 5.150009 4.547485
v -1.071985 5.149967 4.547387
v -1.072344 5.149165 4.546471
v -1.072660 5.149971 4.544696
v -1.074400 5.148584 4.544381
v -1.070360 5.151622 4.546303
v -1.071436 5.149948 4.546059
v -1.072935 5.148818 4.545730
v -1.077070 5.147672 4.545212
v -1.075281 5.148614 4.546513
v -1.076593 5.147658 4.544057
v -1.074629 5.148069 4.545540
v -4.732786 5.152736 4.551445
v -4.732786 5.148419 4.547244
v -4.737043 5.152680 4.547189
v -4.732786 5.151102 4.551143
v -4.732786 5.149707 4.550238
v -4.734419 5.152732 4.551122
v -4.734457 5.151055 4.550753
v -4.734373 5.149921 4.550021
v -4.734415 5.148743 4.547239
v -4.735796 5.149668 4.547229
v -4.732786 5.148765 4.548869
v -4.734457 5.149158 4.548906
v -4.735582 5.149906 4.548812
v -4.736723 5.152702 4.548819
v -4.735800 5.152721 4.550201
v -4.736723 5.151048 4.547211
v -4.736330 5.151032 4.548883
v -4.735582 5.151132 4.550005
v -4.733728 5.103037 0.885991
v -4.729475 5.098857 0.892063
v -4.730715 5.103019 0.884743
v -4.733217 5.101418 0.886930
v -4.732225 5.100056 0.888414
v -4.733690 5.103012 0.884128
v -4.733118 5.101353 0.885099
v -4.732191 5.100569 0.885471
v -4.729761 5.099150 0.889739
v -4.730093 5.100044 0.887532
v -4.730913 5.099156 0.890216
v -4.731249 5.099516 0.887769
v -4.731447 5.100242 0.886064
v -4.732058 5.103003 0.883455
v -4.733103 5.102999 0.883238
v -4.730429 5.101401 0.885778
v -4.731791 5.101345 0.884551
v -5.130087 4.759152 4.559690
v -5.130083 4.763355 4.555368
v -5.125822 4.759092 4.555433
v -5.130087 4.760778 4.559343
v -5.130087 4.762147 4.558400
v -5.128458 4.759148 4.559369
v -5.128416 4.760814 4.558952
v -5.128500 4.761928 4.558189
v -5.128454 4.763029 4.555377
v -5.127073 4.762105 4.555389
v -5.130087 4.763052 4.557004
v -5.128416 4.762661 4.557052
v -5.127291 4.761911 4.556981
v -5.126150 4.759115 4.557063
v -5.127077 4.759135 4.558445
v -5.126150 4.760723 4.555410
v -5.126543 4.760787 4.557079
v -5.127291 4.760720 4.558206
v -5.131128 1.092971 4.611516
v -5.126863 1.098913 4.607175
v -5.131128 1.091676 4.608517
v -5.129499 1.093877 4.610988
v -5.128115 1.095327 4.609978
v -5.131132 1.091108 4.611502
v -5.129457 1.092046 4.610919
v -5.128668 1.092394 4.609987
v -5.127188 1.096601 4.607491
v -5.128111 1.094411 4.607858
v -5.127192 1.097097 4.608640
v -5.127581 1.094659 4.609010
v -5.128332 1.092970 4.609235
v -5.131128 1.090410 4.609879
v -5.131132 1.090212 4.610929
v -5.129496 1.092683 4.608219
v -5.129457 1.091478 4.609600
v -5.126757 4.713463 0.876825
v -5.126757 4.710442 0.875624
v -5.122503 4.709286 0.882940
v -5.126757 4.713216 0.875428
v -5.125132 4.713158 0.878219
v -5.125185 4.712780 0.876528
v -5.125227 4.712258 0.875456
v -5.124308 4.711785 0.876642
v -5.125128 4.709705 0.876849
v -5.123747 4.709230 0.878669
v -5.126757 4.711578 0.874778
v -5.125185 4.711142 0.875877
v -5.123926 4.710829 0.877170
v -5.122828 4.710896 0.881529
v -5.123747 4.712257 0.879871
v -5.122828 4.709080 0.880808
v -5.123297 4.710802 0.879122
v -5.123930 4.712122 0.877683
v -1.059393 4.769220 4.946465
v -1.065443 4.764897 4.942272
v -1.058149 4.766213 4.946514
v -1.060778 4.768872 4.944840
v -1.062414 4.767929 4.943472
v -1.057989 4.768991 4.946472
v -1.059080 4.768518 4.944906
v -1.060228 4.767824 4.943655
v -1.059179 4.767509 4.944044
v -1.063307 4.764727 4.942598
v -1.061174 4.764917 4.943520
v -1.064054 4.766532 4.942570
v -1.061647 4.766476 4.943043
v -1.059694 4.766538 4.943675
v -1.057318 4.767364 4.946496
v -1.059362 4.765439 4.944893
v -1.058409 4.766887 4.944930
v -1.058004 4.768009 4.944951
v -4.738649 4.770246 4.945217
v -4.742914 4.765987 4.945279
v -4.738649 4.765920 4.941020
v -4.740282 4.769922 4.945220
v -4.741663 4.768999 4.945234
v -4.738649 4.769897 4.943591
v -4.740324 4.769506 4.943554
v -4.741446 4.768757 4.943651
v -4.742590 4.765962 4.943651
v -4.741663 4.765940 4.942265
v -4.742590 4.767618 4.945252
v -4.742197 4.767632 4.943581
v -4.741446 4.767530 4.942460
v -4.738649 4.767557 4.941319
v -4.738649 4.768952 4.942223
v -4.740282 4.765926 4.941345
v -4.740324 4.767603 4.941708
v -4.740236 4.768739 4.942441
v -4.743956 1.100473 5.001388
v -4.740934 1.099218 5.001407
v -4.739691 1.106405 4.997038
v -4.743914 1.098611 5.001417
v -4.743330 1.097719 5.001430
v -4.743437 1.101362 4.999744
v -4.743341 1.099531 4.999731
v -4.742414 1.099878 4.998936
v -4.740652 1.100206 4.999761
v -4.740313 1.101915 4.998354
v -4.742281 1.097932 5.001427
v -4.742014 1.098981 4.999740
v -4.741671 1.100458 4.998592
v -4.741133 1.104574 4.997391
v -4.742445 1.102800 4.998340
v -4.739977 1.104091 4.997398
v -4.741468 1.102140 4.997818
v -3.070707 4.187881 4.909153
v -3.069128 4.185983 4.905314
v -3.070986 4.188159 4.907677
v -3.070784 4.187894 4.906430
v -3.070131 4.187130 4.905600
v -3.918966 3.407382 4.926219
v -3.920561 3.409297 4.930062
v -3.919973 3.408535 4.926506
v -3.920630 3.409305 4.927337
v -3.920835 3.409573 4.928585
v -2.763338 3.838180 4.907461
v -2.761446 3.836140 4.911442
v -2.762308 3.837017 4.907771
v -2.761587 3.836221 4.908635
v -2.761286 3.835913 4.909923
v -3.611319 3.057577 4.932351
v -3.613211 3.059621 4.928366
v -3.611155 3.057350 4.930834
v -3.611456 3.057659 4.929543
v -3.612181 3.058458 4.928677
v -3.521044 3.821651 4.919514
v -3.519464 3.819753 4.915679
v -3.521322 3.821929 4.918041
v -3.521120 3.821665 4.916794
v -3.520468 3.820901 4.915964
v -3.212229 3.470420 4.921803
v -3.214109 3.472452 4.917822
v -3.212069 3.470194 4.920287
v -3.212366 3.470500 4.918997
v -3.213083 3.471294 4.918131
v -3.939367 2.633153 4.942334
v -3.941290 2.635234 4.938345
v -3.939207 2.632928 4.940814
v -3.939516 2.633245 4.939522
v -3.940248 2.634054 4.938654
v -4.247126 2.983081 4.936198
v -4.248747 2.985033 4.940051
v -4.248148 2.984251 4.936485
v -4.248816 2.985033 4.937318
v -4.249025 2.985309 4.938569
v -4.260542 2.078767 4.954223
v -4.261988 2.081831 4.950207
v -4.260347 2.078615 4.952698
v -4.260550 2.079145 4.951399
v -4.261126 2.080274 4.950525
v -4.517035 2.531061 4.945989
v -4.518167 2.533983 4.949847
v -4.517870 2.532606 4.946271
v -4.518377 2.533704 4.947103
v -4.518484 2.534189 4.948358
v -4.755716 1.069997 4.974850
v -4.750460 1.082483 4.970598
v -4.753836 1.069433 4.974819
v -4.755007 1.072809 4.973266
v -4.753759 1.076170 4.971902
v -4.755636 1.068678 4.975128
v -4.754797 1.070589 4.973468
v -4.753794 1.072767 4.972151
v -4.753664 1.071287 4.972574
v -4.750422 1.079221 4.970949
v -4.751051 1.075597 4.971875
v -4.752165 1.079567 4.970966
v -4.752302 1.075689 4.971466
v -4.752645 1.072523 4.972140
v -4.754618 1.068372 4.975110
v -4.752249 1.072160 4.973234
v -4.753504 1.070282 4.973451
v -4.754450 1.069269 4.973577
v -4.754560 2.037492 4.960002
v -4.751623 2.038583 4.956034
v -4.754744 2.038007 4.958496
v -4.754251 2.038394 4.957215
v -4.753157 2.038595 4.956350
v -2.574785 4.502790 4.899113
v -2.572115 4.501529 4.895240
v -2.574980 4.503118 4.897632
v -2.574545 4.502992 4.896375
v -2.573538 4.502435 4.895535
v -2.129339 4.207214 4.895126
v -2.126287 4.205766 4.899087
v -2.127863 4.206277 4.895426
v -2.126764 4.205675 4.896286
v -2.126211 4.205494 4.897571
v -2.007158 4.792589 4.884829
v -2.006460 4.795475 4.888667
v -2.007296 4.794119 4.885104
v -2.007208 4.795204 4.885929
v -2.006918 4.795682 4.887181
v -0.866903 4.772970 4.877155
v -0.866426 4.771146 4.877162
v -0.880400 4.767775 4.873387
v -0.865576 4.772871 4.877364
v -0.869959 4.772242 4.875670
v -0.867704 4.771997 4.875803
v -0.866373 4.771631 4.875882
v -0.868555 4.770843 4.874969
v -0.869421 4.769524 4.875699
v -0.873129 4.768313 4.874466
v -0.865316 4.771884 4.877367
v -0.867449 4.770723 4.875817
v -0.869894 4.769838 4.874605
v -0.877260 4.769432 4.873631
v -0.873594 4.770998 4.874432
v -0.876986 4.767700 4.873655
v -0.873220 4.769521 4.874028
v -0.870092 4.770977 4.874589
v -3.031393 4.146114 5.017244
v -3.035574 4.150765 5.013367
v -3.032595 4.147472 5.016942
v -3.033812 4.148835 5.016099
v -3.034861 4.149990 5.014844
v -3.885427 3.372183 5.034273
v -3.881231 3.367514 5.038151
v -3.884710 3.371406 5.035752
v -3.883661 3.370247 5.037008
v -3.882441 3.368879 5.037849
v -2.787622 3.868746 5.014986
v -2.791517 3.873287 5.018926
v -2.788225 3.869475 5.016499
v -2.789179 3.870594 5.017782
v -2.790335 3.871931 5.018633
v -3.641390 3.094726 5.039832
v -3.637487 3.090181 5.035889
v -3.640203 3.093370 5.039540
v -3.639048 3.092031 5.038686
v -3.638094 3.090909 5.037404
v -3.481730 3.779888 5.027609
v -3.485907 3.784534 5.023736
v -3.482931 3.781245 5.027308
v -3.484148 3.782606 5.026468
v -3.485193 3.783760 5.025214
v -3.242292 3.507558 5.029290
v -3.238405 3.503027 5.025348
v -3.241110 3.506206 5.028994
v -3.239958 3.504871 5.028142
v -3.239008 3.503755 5.026862
v -3.969473 2.670339 5.049812
v -3.965536 2.665754 5.045862
v -3.968275 2.668968 5.049516
v -3.967108 2.667615 5.048662
v -3.966146 2.666486 5.047379
v -4.213629 2.947927 5.044236
v -4.209391 2.943214 5.048127
v -4.212904 2.947147 5.045718
v -4.211847 2.945978 5.046979
v -4.210611 2.944595 5.047825
v -4.290033 2.117183 5.061666
v -4.286715 2.111364 5.057738
v -4.289068 2.115339 5.061382
v -4.288099 2.113588 5.060534
v -4.287271 2.112192 5.059255
v -4.483061 2.496896 5.053987
v -4.479437 2.490945 5.057925
v -4.482382 2.496019 5.055479
v -4.481455 2.494581 5.056753
v -4.480421 2.492795 5.057610
v -4.781549 1.102544 5.078320
v -4.780001 1.102028 5.078330
v -4.777063 1.120813 5.082000
v -4.781591 1.101236 5.078597
v -4.781343 1.106714 5.079788
v -4.781301 1.104448 5.079884
v -4.781084 1.103071 5.079924
v -4.780546 1.105981 5.080635
v -4.778921 1.106252 5.079780
v -4.777987 1.111307 5.080986
v -4.780169 1.104227 5.079881
v -4.779654 1.107690 5.080918
v -4.778917 1.116602 5.081777
v -4.780420 1.111650 5.081003
v -4.777334 1.116418 5.081765
v -4.779261 1.111799 5.081415
v -4.780684 1.107839 5.080923
v -4.713903 1.998769 5.067962
v -4.719473 2.000425 5.064088
v -4.715628 1.998975 5.067681
v -4.717295 1.999364 5.066846
v -4.718645 1.999872 5.065584
v -2.534105 4.461824 5.007164
v -2.539660 4.465684 5.003302
v -2.535830 4.462879 5.006872
v -2.537493 4.463982 5.006034
v -2.538839 4.464967 5.004781
v -2.152460 4.238372 5.002626
v -2.157820 4.242164 5.006597
v -2.153173 4.239044 5.004144
v -2.154444 4.239999 5.005432
v -2.156076 4.241096 5.006294
v -1.971354 4.758384 4.992813
v -1.969404 4.752765 4.996757
v -1.970804 4.757534 4.994303
v -1.970240 4.756167 4.995577
v -1.969748 4.754491 4.996439
v -0.893045 4.805267 4.980669
v -0.911787 4.801438 4.984910
v -0.892599 4.803749 4.980698
v -0.897291 4.805242 4.982238
v -0.902346 4.804508 4.983596
v -0.891722 4.805280 4.980870
v -0.894979 4.805146 4.982259
v -0.898439 4.804670 4.983409
v -0.896555 4.804473 4.983073
v -0.907316 4.801580 4.984558
v -0.902098 4.802070 4.983634
v -0.907434 4.803171 4.984535
v -0.902525 4.803373 4.984040
v -0.898333 4.803638 4.983426
v -0.896929 4.802830 4.982278
v -0.894804 4.804018 4.982278
v -0.893583 4.804898 4.982260
v -5.157267 3.057676 4.014309
v -5.153128 3.056394 4.012879
v -5.155859 3.058067 4.014750
v -5.154577 3.057962 4.014635
v -5.153616 3.057375 4.013977
v -5.147902 3.901363 3.228739
v -5.152044 3.902661 3.230186
v -5.148394 3.902347 3.229843
v -5.149355 3.902941 3.230506
v -5.150637 3.903051 3.230626
v -5.092108 2.750948 3.670158
v -5.095675 2.748760 3.667691
v -5.092203 2.749897 3.668976
v -5.092913 2.749111 3.668094
v -5.094133 2.748712 3.667642
v -5.090460 3.593761 2.883586
v -5.086893 3.595955 2.886058
v -5.088919 3.593713 2.883538
v -5.087698 3.594115 2.883989
v -5.086988 3.594900 2.884876
v -5.159136 3.505538 3.644920
v -5.155001 3.504254 3.643489
v -5.157728 3.505927 3.645360
v -5.156450 3.505819 3.645244
v -5.155493 3.505233 3.644586
v -5.097639 3.197067 3.298803
v -5.094072 3.199246 3.301259
v -5.096098 3.197018 3.298751
v -5.094877 3.197415 3.299201
v -5.094168 3.198197 3.300081
v -5.076040 3.919656 2.457633
v -5.072474 3.921879 2.460140
v -5.074499 3.919609 2.457586
v -5.073278 3.920015 2.458045
v -5.072569 3.920813 2.458942
v -5.133497 4.227367 2.802908
v -5.137663 4.228696 2.804388
v -5.133993 4.228365 2.804027
v -5.134962 4.228969 2.804702
v -5.136248 4.229085 2.804828
v -5.047995 4.238413 1.902433
v -5.044477 4.240161 1.905922
v -5.046453 4.238330 1.902460
v -5.045240 4.238634 1.903133
v -5.044550 4.239277 1.904348
v -5.111334 4.495273 2.350135
v -5.115576 4.496113 2.352584
v -5.111853 4.496086 2.351629
v -5.112841 4.496532 2.352618
v -5.114149 4.496540 2.352953
v -4.989252 4.729513 0.893173
v -4.986086 4.724610 0.906116
v -4.989012 4.727640 0.892633
v -4.987951 4.728931 0.896154
v -4.986895 4.727795 0.899661
v -4.989367 4.729414 0.891828
v -4.987883 4.728706 0.893927
v -4.986753 4.727806 0.896252
v -4.986990 4.727644 0.894738
v -4.986055 4.724543 0.902837
v -4.986601 4.725094 0.899124
v -4.986238 4.726279 0.903159
v -4.986300 4.726377 0.899248
v -4.986628 4.726662 0.896022
v -4.989241 4.728398 0.891537
v -4.987638 4.726182 0.895541
v -4.987730 4.727415 0.893636
v -4.987814 4.728350 0.892609
v -5.086115 4.730525 1.855923
v -5.082090 4.727899 1.857490
v -5.084696 4.730822 1.856603
v -5.083433 4.730426 1.857139
v -5.082518 4.729399 1.857452
v -5.146360 2.564283 4.333135
v -5.142179 2.561914 4.332353
v -5.144945 2.564592 4.333629
v -5.143652 2.564253 4.333653
v -5.142683 2.563310 4.333205
v -5.074789 2.120107 4.044365
v -5.078318 2.116758 4.042502
v -5.074869 2.118612 4.043414
v -5.075567 2.117450 4.042727
v -5.076777 2.116800 4.042405
v -5.122961 1.999685 4.628209
v -5.127043 1.998701 4.630643
v -5.123419 1.999799 4.629698
v -5.124353 1.999654 4.630681
v -5.125628 1.999269 4.631015
v -5.027323 0.863275 4.620793
v -5.027082 0.862796 4.618985
v -5.024008 0.877012 4.615933
v -5.027418 0.861932 4.620683
v -5.025999 0.866430 4.620210
v -5.025930 0.864175 4.619973
v -5.025866 0.862840 4.619614
v -5.025038 0.865083 4.618914
v -5.025671 0.865896 4.617513
v -5.024591 0.869684 4.616416
v -5.027288 0.861673 4.619705
v -5.025778 0.863920 4.618707
v -5.024660 0.866449 4.617945
v -5.024202 0.873865 4.617581
v -5.024904 0.870153 4.619082
v -5.024004 0.873590 4.615861
v -5.024302 0.869806 4.617667
v -5.024794 0.866647 4.619075
v -5.256548 3.010235 3.960778
v -5.253561 3.014702 3.965802
v -5.256498 3.011457 3.962150
v -5.255911 3.012735 3.963587
v -5.254881 3.013876 3.964870
v -5.248339 3.859688 3.181680
v -5.251326 3.855204 3.176637
v -5.249659 3.858859 3.180746
v -5.250689 3.857716 3.179459
v -5.251272 3.856432 3.178017
v -5.203962 2.767040 3.687914
v -5.208685 2.770630 3.691933
v -5.205595 2.767526 3.688459
v -5.207064 2.768381 3.689412
v -5.208147 2.769470 3.690632
v -5.203466 3.615637 2.907831
v -5.198744 3.612040 2.903808
v -5.202932 3.614475 2.906530
v -5.201845 3.613384 2.905307
v -5.200373 3.612529 2.904352
v -5.258421 3.458095 3.591388
v -5.255438 3.462560 3.596408
v -5.258371 3.459317 3.592759
v -5.257788 3.460596 3.594196
v -5.256758 3.461734 3.595476
v -5.210646 3.218927 3.323032
v -5.205927 3.215345 3.319025
v -5.210112 3.217772 3.321737
v -5.209024 3.216686 3.320520
v -5.207556 3.215833 3.319567
v -5.189051 3.941561 2.481913
v -5.184313 3.937933 2.477853
v -5.188509 3.940388 2.480597
v -5.187422 3.939284 2.479364
v -5.185946 3.938423 2.478400
v -5.233931 4.185735 2.755894
v -5.236921 4.181207 2.750805
v -5.235254 4.184899 2.754956
v -5.236288 4.183748 2.753658
v -5.236876 4.182451 2.752200
v -5.161066 4.259707 1.927948
v -5.156256 4.256691 1.922652
v -5.160501 4.258768 1.926159
v -5.159388 4.257864 1.924525
v -5.157896 4.257135 1.923293
v -5.211802 4.453167 2.304110
v -5.214743 4.449247 2.297781
v -5.213129 4.452377 2.303073
v -5.214151 4.451355 2.301506
v -5.214720 4.450256 2.299648
v -5.097433 4.747459 0.913350
v -5.097269 4.745915 0.912851
v -5.102850 4.742729 0.931117
v -5.099352 4.747150 0.917323
v -5.099184 4.747099 0.915064
v -5.099047 4.746876 0.913694
v -5.100050 4.746290 0.916508
v -5.099112 4.744734 0.916893
v -5.100817 4.743713 0.921783
v -5.097471 4.746645 0.911748
v -5.099070 4.745968 0.914856
v -5.100458 4.745377 0.918182
v -5.102282 4.744589 0.926939
v -5.101057 4.746141 0.922096
v -5.102129 4.743011 0.926778
v -5.101393 4.744953 0.922208
v -5.100557 4.746405 0.918317
v -5.185518 4.681752 1.805441
v -5.182291 4.687604 1.807476
v -5.185392 4.683496 1.805662
v -5.184736 4.685221 1.806125
v -5.183645 4.686663 1.806762
v -5.245596 2.515478 4.280416
v -5.242632 2.521318 4.284640
v -5.245558 2.517225 4.281481
v -5.244978 2.518945 4.282657
v -5.243956 2.520384 4.283766
v -5.186602 2.135038 4.062723
v -5.191378 2.140085 4.065980
v -5.188238 2.135637 4.063208
v -5.189718 2.136808 4.063998
v -5.190821 2.138368 4.064971
v -5.223272 1.955755 4.582167
v -5.226385 1.953508 4.576151
v -5.224611 1.955095 4.581155
v -5.225672 1.954435 4.579656
v -5.226297 1.953878 4.577899
v -5.135542 0.881521 4.640713
v -5.140711 0.899885 4.636238
v -5.135363 0.881075 4.639207
v -5.137411 0.885637 4.640467
v -5.139055 0.890573 4.639531
v -5.137251 0.883333 4.640392
v -5.138594 0.886694 4.639753
v -5.138094 0.884842 4.639613
v -5.140043 0.895452 4.636463
v -5.138792 0.890321 4.637106
v -5.140211 0.895578 4.638046
v -5.139376 0.890722 4.638350
v -5.138483 0.886583 4.638727
v -5.135546 0.879947 4.639901
v -5.137148 0.885273 4.638068
v -5.137125 0.883155 4.639270
v -5.137117 0.881940 4.640158
v -3.537447 5.086023 3.607267
v -3.539259 5.089897 3.608871
v -3.538572 5.086330 3.608295
v -3.539309 5.087175 3.608961
v -3.539553 5.088426 3.609163
v -3.598829 5.074934 2.874955
v -3.596777 5.078874 2.873008
v -3.597689 5.075218 2.873901
v -3.596895 5.076069 2.873161
v -3.596575 5.077353 2.872847
v -3.939711 5.079774 3.187809
v -3.941515 5.083648 3.189405
v -3.940832 5.080084 3.188834
v -3.941568 5.080929 3.189497
v -3.941809 5.082181 3.189698
v -3.196589 5.081182 3.294433
v -3.194529 5.085122 3.292485
v -3.195444 5.081466 3.293378
v -3.194651 5.082316 3.292637
v -3.194330 5.083601 3.292324
v -2.768198 5.086444 3.649516
v -2.766115 5.090390 3.647544
v -2.767042 5.086730 3.648451
v -2.766241 5.087581 3.647704
v -2.765917 5.088864 3.647385
v -3.109446 5.091291 3.962707
v -3.111284 5.095175 3.964336
v -3.110582 5.091602 3.963746
v -3.111330 5.092449 3.964418
v -3.111578 5.093704 3.964626
v -2.669321 5.095515 4.249363
v -2.671309 5.099413 4.250961
v -2.670515 5.095825 4.250391
v -2.671316 5.096673 4.251055
v -2.671595 5.097936 4.251255
v -2.315310 5.090752 3.942289
v -2.313074 5.094703 3.940349
v -2.314096 5.091039 3.941236
v -2.313246 5.091890 3.940498
v -2.312887 5.093178 3.940187
v -1.459307 5.100215 4.586855
v -1.450125 5.104406 4.590713
v -1.455839 5.100551 4.588393
v -1.452875 5.101467 4.589666
v -1.450869 5.102820 4.590480
v -2.185667 5.099020 4.489728
v -2.190649 5.102929 4.489925
v -2.188009 5.099327 4.490222
v -2.189779 5.100175 4.490434
v -2.190710 5.101440 4.490328
v -1.524305 5.096310 4.328458
v -1.519079 5.100286 4.327911
v -1.521948 5.096606 4.327940
v -1.520124 5.097463 4.327652
v -1.519117 5.098756 4.327642
v -3.953905 5.067756 2.394962
v -3.951921 5.071695 2.392863
v -3.952787 5.068039 2.393850
v -3.952021 5.068888 2.393059
v -3.951715 5.070171 2.392712
v -4.288164 5.072857 2.725173
v -4.289881 5.076741 2.726910
v -4.289251 5.073168 2.726252
v -4.289961 5.074015 2.726962
v -4.290182 5.075270 2.727191
v -4.749765 5.052119 1.349060
v -4.753874 5.056132 1.340052
v -4.751387 5.052383 1.345674
v -4.752733 5.053240 1.342773
v -4.753607 5.054556 1.340799
v -4.437403 5.053669 1.457223
v -4.437117 5.057560 1.451705
v -4.436937 5.053936 1.454801
v -4.436716 5.054767 1.452902
v -4.436781 5.056042 1.451815
v -4.601522 5.064899 2.194596
v -4.601480 5.068849 2.199411
v -4.601942 5.065229 2.196855
v -4.602079 5.066093 2.198563
v -4.601919 5.067365 2.199461
v -3.501245 5.193344 3.572437
v -3.496622 5.197121 3.568134
v -3.500463 5.194803 3.571695
v -3.499308 5.196033 3.570617
v -3.497961 5.196849 3.569368
v -3.627165 5.183048 2.899353
v -3.631548 5.187078 2.903316
v -3.627855 5.184576 2.899963
v -3.628931 5.185878 2.900932
v -3.630228 5.186757 2.902109
v -3.903502 5.187096 3.152969
v -3.898886 5.190874 3.148674
v -3.902719 5.188555 3.152229
v -3.901567 5.189786 3.151153
v -3.900221 5.190601 3.149906
v -3.224916 5.189293 3.318827
v -3.229303 5.193325 3.322795
v -3.225607 5.190823 3.319439
v -3.226686 5.192125 3.320407
v -3.227983 5.193004 3.321586
v -2.796499 5.194553 3.673887
v -2.800913 5.198589 3.677879
v -2.797194 5.196082 3.674499
v -2.798277 5.197387 3.675474
v -2.799582 5.198268 3.676659
v -3.073278 5.198603 3.927907
v -3.068621 5.202390 3.923574
v -3.072493 5.200067 3.927164
v -3.071333 5.201299 3.926078
v -3.069971 5.202117 3.924819
v -2.633318 5.202809 4.214544
v -2.628462 5.206615 4.210247
v -2.632513 5.204278 4.213800
v -2.631311 5.205518 4.212722
v -2.629889 5.206338 4.211475
v -2.343454 5.198855 3.966689
v -2.348059 5.202896 3.970634
v -2.344164 5.200387 3.967298
v -2.345285 5.201694 3.968263
v -2.346655 5.202575 3.969435
v -1.446371 5.207743 4.585728
v -1.456919 5.211826 4.580722
v -1.447126 5.209326 4.585287
v -1.449400 5.210660 4.584178
v -1.452837 5.211536 4.582576
v -2.152678 5.206275 4.453525
v -2.144007 5.210128 4.450992
v -2.151583 5.207754 4.452915
v -2.149549 5.209007 4.452219
v -2.146891 5.209840 4.451544
v -1.549459 5.204427 4.354248
v -1.557844 5.208448 4.356424
v -1.550455 5.205959 4.354723
v -1.552397 5.207262 4.355304
v -1.554995 5.208136 4.355901
v -3.982309 5.175863 2.419206
v -3.986601 5.179899 2.423363
v -3.982992 5.177393 2.419832
v -3.984049 5.178696 2.420841
v -3.985315 5.179577 2.422081
v -4.251875 5.180175 2.690480
v -4.247358 5.183958 2.686001
v -4.251101 5.181639 2.689725
v -4.249968 5.182870 2.688610
v -4.248655 5.183686 2.687301
v -4.750120 5.159445 1.335067
v -4.745005 5.163763 1.345142
v -4.749685 5.161049 1.335773
v -4.748560 5.162434 1.337934
v -4.746916 5.163386 1.341223
v -4.467501 5.161726 1.478048
v -4.469679 5.165828 1.486462
v -4.468023 5.163261 1.478998
v -4.468622 5.164582 1.480930
v -4.469202 5.165482 1.483551
v -4.563486 5.172247 2.162992
v -4.561125 5.175989 2.154713
v -4.562872 5.173712 2.161947
v -4.562208 5.174937 2.160005
v -4.561594 5.175735 2.157466
v -4.768286 5.099423 0.785078
v -4.769949 5.099432 0.785577
v -4.768969 5.099404 0.783924
v -0.983320 5.155940 4.592309
v -0.983828 5.155965 4.594039
v -0.982157 5.155950 4.592988
v -2.649530 5.246018 5.027794
v -2.649523 5.241561 5.032400
v -2.648790 5.245701 5.029545
v -2.648531 5.244745 5.031031
v -2.648787 5.243289 5.032034
v -5.224592 2.685949 5.061243
v -5.220037 2.686019 5.065819
v -5.224257 2.685243 5.062998
v -5.223269 2.685009 5.064483
v -5.221788 2.685281 5.065475
v -2.651827 2.680837 5.065716
v -2.652510 2.681633 5.069185
v -2.651346 2.680383 5.067055
v -2.651308 2.680376 5.068186
v -5.219255 5.200133 2.463386
v -5.214674 5.204674 2.463345
v -5.218908 5.201854 2.462631
v -5.217913 5.203320 2.462358
v -5.216429 5.204310 2.462610
v -2.646475 5.196692 2.466117
v -2.647177 5.200185 2.466715
v -2.645990 5.198014 2.465614
v -2.645952 5.199142 2.465551
v -5.218740 2.639436 2.499521
v -5.222200 2.640260 2.500202
v -5.220072 2.638960 2.499048
v -5.221197 2.638950 2.499011
v -2.902819 5.233781 4.548625
v -2.900412 5.238118 4.553118
v -2.902632 5.235418 4.548948
v -2.902113 5.236816 4.549918
v -2.901331 5.237766 4.551381
v -4.739943 5.210951 2.713081
v -4.735365 5.206751 2.715549
v -4.738192 5.210649 2.714008
v -4.736704 5.209746 2.714803
v -4.735712 5.208376 2.715345
v -2.898706 5.205024 2.711462
v -2.901155 5.200809 2.713901
v -2.899641 5.204718 2.712379
v -2.900438 5.203808 2.713163
v -2.900969 5.202436 2.713699
v -5.217604 2.926084 4.585525
v -5.221888 2.923773 4.590103
v -5.219233 2.925911 4.585871
v -5.220625 2.925409 4.586864
v -5.221556 2.924658 4.588347
v -5.215414 4.738434 2.716019
v -5.219671 4.742916 2.713564
v -5.217043 4.738775 2.715831
v -5.218428 4.739747 2.715298
v -5.219347 4.741199 2.714502
v -5.220213 2.898493 2.739587
v -5.215933 2.901081 2.741992
v -5.219881 2.899484 2.740507
v -5.218954 2.900324 2.741285
v -5.217566 2.900884 2.741808
v -2.896646 4.775662 5.037037
v -2.899050 4.771065 5.032822
v -2.897566 4.773922 5.036730
v -2.898348 4.772438 5.035820
v -2.898867 4.771434 5.034449
v -4.748045 2.932237 5.064586
v -4.743464 2.934562 5.060314
v -4.746290 2.933147 5.064258
v -4.744806 2.933908 5.063331
v -4.743811 2.934404 5.061947
v -2.897150 2.931638 5.065243
v -2.899572 2.934045 5.060943
v -2.898077 2.932580 5.064901
v -2.898863 2.933368 5.063965
v -2.899389 2.933885 5.062576
v -2.904966 5.147873 4.545509
v -2.902842 5.152191 4.549712
v -2.904154 5.148221 4.547136
v -2.903463 5.149163 4.548504
v -2.903006 5.150557 4.549409
v -4.735388 5.127859 2.716589
v -4.731131 5.123627 2.718773
v -4.735064 5.126230 2.716773
v -4.734140 5.124855 2.717252
v -4.732759 5.123940 2.717955
v -2.901182 5.127314 2.714851
v -2.904196 5.123095 2.717918
v -2.901411 5.125685 2.715102
v -2.902063 5.124312 2.715772
v -2.903044 5.123403 2.716761
v -5.126345 2.928125 4.581317
v -5.130610 2.926061 4.585603
v -5.126669 2.927336 4.582958
v -5.127596 2.926666 4.584349
v -5.128977 2.926218 4.585279
v -5.124163 4.734177 2.718299
v -5.128420 4.738411 2.716098
v -5.124487 4.735796 2.717458
v -5.125410 4.737169 2.716745
v -5.126791 4.738087 2.716266
v -5.128942 2.901058 2.742071
v -5.124685 2.904108 2.745050
v -5.127314 2.901291 2.742298
v -5.125929 2.901951 2.742945
v -5.125010 2.902941 2.743911
v -2.899019 4.769733 4.945841
v -2.901159 4.765411 4.941645
v -2.899183 4.769387 4.944216
v -2.899645 4.768440 4.942848
v -2.900339 4.767045 4.941945
v -4.743433 2.933229 4.973333
v -4.739172 2.935285 4.969044
v -4.743109 2.933366 4.971700
v -4.742186 2.933805 4.970312
v -4.740801 2.934476 4.969378
v -2.899542 2.932714 4.973961
v -2.902559 2.935657 4.969654
v -2.899771 2.932920 4.972328
v -2.900427 2.933551 4.970936
v -2.901403 2.934511 4.969997
v -4.732775 5.196223 4.550855
v -4.737032 5.196164 4.546598
v -4.734407 5.196221 4.550533
v -4.735788 5.196208 4.549611
v -4.736712 5.196187 4.548230
v -4.730700 5.138420 0.884291
v -4.733717 5.138447 0.885539
v -4.731855 5.138411 0.883462
v -4.733488 5.138424 0.884137
v -5.174623 1.092981 4.611477
v -5.174623 1.091688 4.608477
v -5.174627 1.091577 4.611267
v -5.174623 1.090875 4.609643
v -5.170256 4.713476 0.876786
v -5.170256 4.710453 0.875585
v -5.170252 4.712564 0.874670
v -4.742929 4.766653 4.988770
v -4.738665 4.770912 4.988705
v -4.742601 4.768283 4.988743
v -4.741678 4.769666 4.988724
v -4.740297 4.770589 4.988709
v -1.058165 4.766879 4.990002
v -1.059404 4.769886 4.989958
v -1.057333 4.768028 4.989988
v -1.058004 4.769657 4.989960
v -1.072886 5.189750 4.547478
v -1.071634 5.189701 4.544461
v -1.071486 5.189744 4.547247
v -1.070807 5.189718 4.545615
v -5.173582 4.763368 4.555330
v -5.173586 4.759164 4.559650
v -5.173582 4.763064 4.556965
v -5.173582 4.762161 4.558360
v -5.173582 4.760791 4.559304
v -4.740950 1.099886 5.044899
v -4.743967 1.101137 5.044878
v -4.742105 1.099058 5.044912
v -4.743738 1.099737 5.044901
v -3.727247 3.616875 4.920984
v -3.728830 3.618781 4.924818
v -3.728251 3.618024 4.921267
v -3.728907 3.618791 4.922099
v -3.729109 3.619056 4.923343
v -2.993746 3.662477 4.912584
v -2.991861 3.660445 4.916564
v -2.992720 3.661317 4.912894
v -2.991999 3.660524 4.913759
v -2.991697 3.660218 4.915047
v -3.299269 4.009973 4.910438
v -3.300848 4.011870 4.914276
v -3.300272 4.011119 4.910724
v -3.300920 4.011884 4.911555
v -3.301123 4.012146 4.912800
v -3.421743 3.269402 4.923128
v -3.419859 3.267367 4.927110
v -3.420713 3.268241 4.923437
v -3.419996 3.267446 4.924303
v -3.419695 3.267138 4.925592
v -3.785913 2.848804 4.933425
v -3.784006 2.846742 4.937414
v -3.784876 2.847631 4.933735
v -3.784147 2.846830 4.934602
v -3.783842 2.846515 4.935892
v -4.091764 3.196672 4.931280
v -4.093374 3.198605 4.935123
v -4.092779 3.197834 4.931566
v -4.093443 3.198609 4.932397
v -4.093649 3.198881 4.933648
v -4.387770 2.762870 4.941066
v -4.389341 2.764955 4.944927
v -4.388773 2.764093 4.941352
v -4.389425 2.764917 4.942187
v -4.389624 2.765220 4.943439
v -4.088308 2.402372 4.943469
v -4.086435 2.400159 4.947465
v -4.087282 2.401144 4.943782
v -4.086569 2.400289 4.944650
v -4.086267 2.399946 4.945944
v -4.751043 1.560537 4.963315
v -4.755114 1.551511 4.967633
v -4.752653 1.557111 4.963701
v -4.753996 1.554189 4.964656
v -4.754858 1.552221 4.966038
v -4.638422 2.284555 4.951059
v -4.638529 2.289606 4.954885
v -4.638868 2.286916 4.951324
v -4.639044 2.288705 4.952144
v -4.638926 2.289649 4.953397
v -4.491301 1.619955 4.959671
v -4.490885 1.614782 4.963732
v -4.490835 1.617592 4.960006
v -4.490591 1.615780 4.960894
v -4.490606 1.614793 4.962202
v -2.506250 4.007097 4.902160
v -2.504213 4.005135 4.906143
v -2.505163 4.005963 4.902469
v -2.504396 4.005193 4.903333
v -2.504061 4.004901 4.904624
v -2.829271 4.348350 4.900298
v -2.830988 4.350162 4.904145
v -2.830328 4.349465 4.900585
v -2.831026 4.350202 4.901416
v -2.831259 4.350448 4.902666
v -1.443533 4.780178 4.879104
v -1.434458 4.784153 4.883098
v -1.440115 4.781724 4.879362
v -1.437189 4.783025 4.880210
v -1.435205 4.783878 4.881523
v -1.558348 4.470250 4.885083
v -1.552855 4.469905 4.889003
v -1.555941 4.469736 4.885368
v -1.554049 4.469490 4.886213
v -1.552965 4.469549 4.887490
v -2.292093 4.650178 4.890011
v -2.296926 4.650302 4.893937
v -2.294344 4.650650 4.890323
v -2.296053 4.650840 4.891179
v -2.296957 4.650716 4.892446
v -3.693697 3.581664 5.029038
v -3.689512 3.577008 5.032914
v -3.692980 3.580888 5.030515
v -3.691935 3.579731 5.031770
v -3.690714 3.578369 5.032612
v -3.018038 3.693051 5.020110
v -3.021929 3.697584 5.024050
v -3.018641 3.693779 5.021623
v -3.019590 3.694894 5.022906
v -3.020746 3.696231 5.023757
v -3.265711 3.974752 5.018495
v -3.261534 3.970106 5.022368
v -3.264994 3.973979 5.019973
v -3.263948 3.972824 5.021227
v -3.262735 3.971463 5.022068
v -3.446032 3.299974 5.030652
v -3.449923 3.304507 5.034593
v -3.446634 3.300700 5.032166
v -3.447584 3.301816 5.033449
v -3.448740 3.303154 5.034300
v -3.810179 2.879344 5.040945
v -3.814093 2.883905 5.044892
v -3.810781 2.880075 5.042462
v -3.811739 2.881198 5.043743
v -3.812902 2.882543 5.044597
v -4.058245 3.161495 5.039325
v -4.054029 3.156806 5.043208
v -4.057528 3.160717 5.040805
v -4.056471 3.159553 5.042063
v -4.055243 3.158178 5.042907
v -4.354231 2.727857 5.049092
v -4.350054 2.722972 5.052995
v -4.353510 2.727062 5.050577
v -4.352465 2.725854 5.051842
v -4.351252 2.724416 5.052689
v -4.112604 2.432760 5.050988
v -4.116468 2.437509 5.054934
v -4.113203 2.433504 5.052505
v -4.114149 2.434671 5.053789
v -4.115297 2.436075 5.054642
v -4.750692 1.549307 5.071040
v -4.745481 1.559806 5.074981
v -4.750242 1.550077 5.072614
v -4.749094 1.552343 5.073915
v -4.747419 1.555761 5.074746
v -4.603434 2.252527 5.059001
v -4.601103 2.243867 5.063004
v -4.602850 2.251440 5.060503
v -4.602205 2.249414 5.061790
v -4.601591 2.246753 5.062670
v -4.517054 1.647379 5.067245
v -4.519068 1.655874 5.071122
v -4.517511 1.648409 5.068761
v -4.518057 1.650385 5.070029
v -4.518602 1.653003 5.070857
v -2.530390 4.037741 5.009682
v -2.534472 4.042182 5.013628
v -2.531008 4.038462 5.011198
v -2.532000 4.039558 5.012480
v -2.533216 4.040864 5.013335
v -2.795858 4.313051 5.008348
v -2.791498 4.308504 5.012227
v -2.795130 4.312282 5.009827
v -2.794043 4.311148 5.011083
v -2.792768 4.309822 5.011926
v -1.430037 4.781950 4.986479
v -1.440237 4.777118 4.990829
v -1.430758 4.781555 4.988088
v -1.432951 4.780497 4.989480
v -1.436277 4.778941 4.990444
v -1.579027 4.502510 4.992541
v -1.587416 4.504930 4.996564
v -1.579973 4.503076 4.994061
v -1.581900 4.503736 4.995363
v -1.584513 4.504386 4.996240
v -2.261808 4.613203 4.998106
v -2.253599 4.610728 5.001928
v -2.260782 4.612592 4.999586
v -2.258863 4.611906 5.000830
v -2.256342 4.611250 5.001652
v -0.879511 4.787446 4.928931
v -0.879976 4.789121 4.928909
v -0.878344 4.788103 4.928908
v -4.766920 1.085729 5.026573
v -4.768637 1.086271 5.026583
v -4.767622 1.084581 5.026598
v -5.152472 3.710816 3.439317
v -5.156607 3.712106 3.440753
v -5.152960 3.711798 3.440416
v -5.153921 3.712388 3.441077
v -5.155199 3.712496 3.441193
v -5.094236 2.980116 3.492778
v -5.097807 2.977934 3.490320
v -5.094332 2.979067 3.491600
v -5.095045 2.978285 3.490719
v -5.096262 2.977886 3.490270
v -5.155199 3.285295 3.835201
v -5.159338 3.286575 3.836628
v -5.155691 3.286272 3.836296
v -5.156649 3.286859 3.836953
v -5.157930 3.286966 3.837070
v -5.091513 3.405658 3.096918
v -5.095079 3.403476 3.094456
v -5.091604 3.404610 3.095739
v -5.092318 3.403826 3.094857
v -5.093538 3.403427 3.094406
v -5.080564 3.767549 2.674371
v -5.084131 3.765342 2.671886
v -5.080656 3.766490 2.673183
v -5.081366 3.765698 2.672292
v -5.082586 3.765295 2.671837
v -5.141592 4.073057 3.017162
v -5.145742 4.074368 3.018623
v -5.142088 4.074047 3.018274
v -5.143049 4.074645 3.018941
v -5.144331 4.074759 3.019064
v -5.123484 4.367004 2.582227
v -5.127668 4.368279 2.583839
v -5.123983 4.367983 2.583398
v -5.124956 4.368568 2.584116
v -5.126249 4.368672 2.584270
v -5.061735 4.067833 2.226803
v -5.065298 4.065660 2.224163
v -5.061823 4.066786 2.225555
v -5.062532 4.066007 2.224615
v -5.063753 4.065611 2.224126
v -5.034086 4.726255 1.381809
v -5.037626 4.729979 1.372303
v -5.034193 4.727829 1.378343
v -5.034903 4.729092 1.375320
v -5.036108 4.729845 1.373199
v -5.097036 4.615663 2.103500
v -5.101416 4.615485 2.108076
v -5.097601 4.616089 2.105810
v -5.098635 4.616205 2.107490
v -5.099974 4.615994 2.108286
v -5.017797 4.467600 1.443795
v -5.021193 4.466871 1.438194
v -5.017820 4.467106 1.441413
v -5.018476 4.466795 1.439513
v -5.019659 4.466712 1.438383
v -5.087019 2.495188 3.841079
v -5.090578 2.492849 3.838692
v -5.087111 2.494077 3.839927
v -5.087820 2.493242 3.839069
v -5.089037 2.492811 3.838636
v -5.148851 2.817781 4.177091
v -5.153002 2.819202 4.178433
v -5.149343 2.818813 4.178157
v -5.150309 2.819448 4.178786
v -5.151590 2.819586 4.178883
v -5.073462 1.438102 4.622067
v -5.077192 1.428754 4.625649
v -5.073637 1.434675 4.623612
v -5.074408 1.431697 4.624833
v -5.075659 1.429620 4.625548
v -5.052248 1.551801 4.312399
v -5.055681 1.546026 4.311662
v -5.052290 1.549379 4.311879
v -5.052958 1.547430 4.311556
v -5.054148 1.546251 4.311479
v -5.133093 2.283252 4.483357
v -5.137358 2.287771 4.482982
v -5.133627 2.285475 4.483769
v -5.134623 2.287111 4.483841
v -5.135931 2.287922 4.483567
v -5.252905 3.669130 3.392244
v -5.255892 3.664657 3.387215
v -5.254225 3.668302 3.391311
v -5.255255 3.667162 3.390028
v -5.255842 3.665882 3.388589
v -5.206095 2.996214 3.510543
v -5.210814 2.999798 3.514553
v -5.207724 2.996702 3.511085
v -5.209192 2.997555 3.512038
v -5.210276 2.998642 3.513256
v -5.255636 3.243599 3.788118
v -5.258623 3.239135 3.783098
v -5.256956 3.242771 3.787185
v -5.257986 3.241633 3.785904
v -5.258574 3.240354 3.784468
v -5.203363 3.421755 3.114679
v -5.208086 3.425340 3.118692
v -5.204996 3.422241 3.115222
v -5.206465 3.423095 3.116175
v -5.207548 3.424183 3.117393
v -5.192408 3.783621 2.692106
v -5.197138 3.787232 2.696145
v -5.194040 3.784111 2.692651
v -5.195513 3.784969 2.693610
v -5.196600 3.786065 2.694837
v -5.242025 4.031401 2.970124
v -5.245016 4.026896 2.965060
v -5.243349 4.030567 2.969187
v -5.244379 4.029422 2.967895
v -5.244967 4.028131 2.966447
v -5.223917 4.325326 2.535354
v -5.226904 4.320862 2.530093
v -5.225245 4.324495 2.534400
v -5.226278 4.323356 2.533065
v -5.226862 4.322080 2.531554
v -5.173563 4.083937 2.244383
v -5.178312 4.087498 2.248608
v -5.175200 4.084423 2.244942
v -5.176676 4.085270 2.245941
v -5.177767 4.086349 2.247229
v -5.139463 4.717724 1.358264
v -5.144186 4.712240 1.368294
v -5.141077 4.717155 1.358856
v -5.142542 4.715912 1.360969
v -5.143633 4.714187 1.364284
v -5.197622 4.572551 2.059614
v -5.200411 4.569915 2.050576
v -5.198938 4.571857 2.058370
v -5.199934 4.571112 2.056216
v -5.200449 4.570431 2.053478
v -5.129446 4.485146 1.458412
v -5.134420 4.486870 1.466384
v -5.131102 4.485493 1.459257
v -5.132627 4.485943 1.461069
v -5.133791 4.486428 1.463571
v -5.198866 2.511129 3.858915
v -5.203592 2.514906 3.862831
v -5.200495 2.511633 3.859449
v -5.201967 2.512525 3.860382
v -5.203054 2.513675 3.861570
v -5.249289 2.776232 4.129931
v -5.252275 2.771581 4.125012
v -5.250608 2.775392 4.129006
v -5.251638 2.774212 4.127746
v -5.252226 2.772875 4.126344
v -5.179003 1.416505 4.611614
v -5.183519 1.426340 4.606215
v -5.180605 1.417101 4.611028
v -5.182024 1.419181 4.609797
v -5.183050 1.422426 4.608106
v -5.163961 1.564306 4.331883
v -5.168859 1.572364 4.333741
v -5.165606 1.565134 4.332261
v -5.167112 1.566957 4.332747
v -5.168257 1.569494 4.333268
v -5.233610 2.244817 4.434496
v -5.236494 2.236337 4.431677
v -5.234930 2.243681 4.433729
v -5.235937 2.241670 4.432923
v -5.236486 2.239095 4.432204
v -5.081224 0.871936 4.629095
v -5.081430 0.872400 4.630758
v -5.081190 0.870775 4.629762
v -5.043139 4.736776 0.902742
v -5.043341 4.738493 0.903263
v -5.043085 4.737475 0.901593
v -5.216814 4.714692 0.869974
v -5.221014 1.087026 4.612520
v -1.066893 5.230731 4.547935
v -1.053442 4.771561 5.036324
v -4.744997 1.095857 5.091320
v -0.079508 5.236091 5.035126
vn -0.0822 -0.9942 0.0693
vn -0.0003 -0.9999 0.0152
vn -0.0780 -0.9942 0.0734
vn -0.7132 0.3615 0.6005
vn -0.6466 0.4536 0.6133
vn -0.6828 0.4528 0.5733
vn 0.0677 -0.9965 -0.0500
vn 0.6135 0.2608 -0.7454
vn 0.5534 0.3523 -0.7547
vn 0.5719 0.2575 -0.7789
vn -0.0581 -0.9938 0.0943
vn -0.0620 -0.9940 0.0898
vn -0.7472 0.3617 0.5576
vn -0.7162 0.4508 0.5327
vn 0.7731 0.2636 -0.5769
vn 0.7911 0.3565 -0.4971
vn 0.7471 0.3594 -0.5592
vn 0.6939 0.2652 -0.6695
vn 0.6315 0.3581 -0.6878
vn 0.6532 0.2630 -0.7101
vn -0.0656 -0.9941 0.0864
vn -0.0699 -0.9942 0.0821
vn 0.0636 -0.9965 -0.0537
vn 0.5072 0.3474 -0.7887
vn 0.5237 0.2531 -0.8134
vn -0.4657 0.3503 0.8126
vn -0.4918 0.4444 0.7487
vn -0.5129 0.3547 0.7817
vn -0.5574 0.3590 0.7486
vn -0.5730 0.4514 0.6840
vn -0.5983 0.3615 0.7151
vn 0.4554 0.3408 -0.8225
vn 0.4694 0.2474 -0.8476
vn 0.4140 0.3348 -0.8465
vn 0.4263 0.2424 -0.8715
vn -0.3885 0.3425 0.8554
vn -0.4042 0.4324 0.8060
vn -0.4210 0.3445 0.8391
vn -0.0535 -0.9938 0.0977
vn 0.3945 0.3318 -0.8569
vn 0.4060 0.2408 -0.8816
vn 0.4312 0.3374 -0.8368
vn 0.5237 0.0761 -0.8485
vn -0.1790 0.2850 0.9417
vn -0.3735 0.4272 0.8234
vn -0.0451 -0.9932 0.1073
vn -0.0489 -0.9936 0.1018
vn -0.7794 0.3581 0.5142
vn -0.7473 0.4476 0.4912
vn -0.8064 0.3556 0.4725
vn -0.7743 0.4435 0.4514
vn 0.8547 0.2599 -0.4493
vn 0.8441 0.3491 -0.4069
vn 0.8275 0.3520 -0.4375
vn 0.0713 -0.9964 -0.0456
vn -0.8236 0.3545 0.4428
vn -0.7919 0.4401 0.4233
vn -0.9274 0.3035 0.2185
vn -0.8911 0.3987 0.2168
vn 0.8710 0.2588 -0.4176
vn 0.8261 0.3522 -0.4400
vn 0.0789 -0.9963 -0.0347
vn -0.6186 0.5242 0.5853
vn -0.6529 0.5240 0.5469
vn 0.0003 0.9999 -0.0152
vn -0.0481 0.9975 0.0509
vn 0.5934 0.3557 -0.7221
vn 0.5323 0.4328 -0.7276
vn 0.0462 0.9953 -0.0853
vn 0.0417 0.9952 -0.0882
vn -0.6851 0.5218 0.5083
vn -0.7148 0.5191 0.4686
vn 0.6708 0.3597 -0.6486
vn 0.6819 0.4396 -0.5846
vn 0.6450 0.4394 -0.6252
vn 0.6071 0.4386 -0.6627
vn 0.7090 0.3601 -0.6063
vn 0.7185 0.4396 -0.5390
vn -0.6095 0.4531 0.6505
vn -0.5343 0.4487 0.7164
vn -0.5481 0.5230 0.6527
vn -0.5115 0.5198 0.6842
vn 0.4384 0.4207 -0.7942
vn 0.0495 0.9955 -0.0812
vn -0.4470 0.4388 0.7795
vn -0.4712 0.5156 0.7157
vn -0.4285 0.5105 0.7455
vn 0.3807 0.4094 -0.8291
vn 0.0389 0.9950 -0.0922
vn -0.3885 0.5029 0.7721
vn -0.1822 0.3807 0.9065
vn -0.3596 0.4970 0.7897
vn 0.3990 0.4495 -0.7992
vn -0.0650 0.9973 0.0339
vn 0.7613 0.4367 -0.4793
vn 0.7977 0.4305 -0.4222
vn -0.7409 0.5148 0.4313
vn -0.7593 0.5092 0.4052
vn -0.0722 0.9970 0.0270
vn -0.0681 0.9972 0.0301
vn 0.8143 0.4268 -0.3933
vn 0.7843 0.4656 -0.4100
vn -0.8546 0.4712 0.2182
vn 0.7336 0.2657 -0.6255
vn -0.9977 -0.0649 0.0170
vn -0.9981 0.0386 0.0471
vn -0.9881 0.1404 0.0625
vn 0.0626 0.9957 -0.0680
vn 0.0656 0.9958 -0.0638
vn 0.5707 0.4360 -0.6959
vn 0.0594 0.9956 -0.0718
vn 0.0860 -0.9958 -0.0311
vn -0.0741 -0.9942 0.0775
vn 0.0752 0.9956 -0.0551
vn 0.0051 -0.0533 0.9986
vn 0.2793 -0.1507 0.9483
vn -0.0288 0.0493 0.9984
vn 0.1603 0.1641 0.9733
vn -0.0475 0.1493 0.9877
vn -0.0450 0.9975 0.0553
vn -0.6364 0.3631 0.6806
vn -0.0617 0.9974 0.0374
vn -0.5828 0.5245 0.6206
vn -0.0960 -0.9953 0.0150
vn 0.0908 -0.9954 -0.0289
vn -0.1076 -0.9932 0.0445
vn -0.0904 -0.9939 0.0631
vn -0.0901 0.9959 0.0115
vn -0.0758 0.9968 0.0255
vn 0.0790 0.9955 -0.0531
vn -0.0948 0.9955 -0.0087
vn -0.0430 -0.9928 0.1118
vn 0.0562 -0.9965 -0.0614
vn 0.4880 0.4280 -0.7607
vn -0.0355 0.9972 0.0662
vn 0.0004 0.9999 -0.0153
vn 0.0602 -0.9965 -0.0576
vn 0.0521 -0.9966 -0.0641
vn 0.0561 0.9956 -0.0751
vn 0.8179 0.2627 -0.5118
vn -0.0006 0.0911 -0.9958
vn 0.0969 -0.0135 -0.9952
vn 0.0703 0.1170 -0.9906
vn 0.0695 0.9958 -0.0588
vn -0.0004 -0.9999 0.0152
vn -0.0257 -0.9919 0.1240
vn 0.0428 -0.9961 -0.0772
vn 0.0017 -0.9938 0.1107
vn 0.0379 0.9947 -0.0953
vn -0.0043 0.9968 0.0796
vn 0.0330 0.9995 0.0005
vn -0.0229 0.9967 0.0780
vn -0.9457 -0.2049 -0.2525
vn -0.8944 -0.4397 -0.0825
vn -0.0863 -0.9941 0.0651
vn -0.9783 0.1411 -0.1521
vn -0.0372 0.9974 0.0620
vn -0.6749 0.3639 0.6419
vn 0.0529 0.9955 -0.0784
vn -0.0410 0.9974 0.0586
vn 0.0475 -0.9965 -0.0693
vn 0.3991 0.4134 -0.8184
vn -0.1870 0.4558 0.8702
vn -0.0516 0.9975 0.0481
vn -0.0546 0.9975 0.0443
vn -0.0581 0.9975 0.0408
vn 0.0756 -0.9963 -0.0414
vn 0.0438 -0.9963 -0.0734
vn -0.0148 0.0100 0.9998
vn -0.0007 0.0151 0.9999
vn -0.0053 0.0141 0.9999
vn 0.9900 0.0562 0.1296
vn 1.0000 -0.0003 0.0004
vn 0.9945 0.0013 0.1049
vn 0.9869 0.0176 0.1606
vn 0.9952 0.0012 0.0981
vn 0.0969 -0.0818 0.9919
vn -0.0003 0.0153 0.9999
vn -0.0004 -0.0828 0.9966
vn -0.9999 -0.0037 0.0110
vn -1.0000 0.0048 0.0032
vn -0.9925 0.0879 0.0851
vn -0.0449 0.0831 -0.9955
vn -0.0009 -0.0133 -0.9999
vn -0.0003 -0.9999 0.0136
vn -0.1597 -0.9803 0.1164
vn -0.0988 -0.9950 0.0134
vn -0.0697 0.0848 0.9940
vn -0.0739 -0.0152 0.9971
vn 0.0019 1.0000 -0.0073
vn 0.0023 0.9998 -0.0174
vn 0.0006 0.9998 -0.0193
vn -0.0948 0.0913 -0.9913
vn 0.0009 -0.0141 -0.9999
vn 0.0009 0.0671 -0.9977
vn 0.0983 0.9951 -0.0134
vn -0.0690 0.9961 0.0558
vn 0.0307 0.9977 0.0605
vn 0.0009 -0.1117 -0.9937
vn -0.0966 -0.0140 -0.9952
vn 0.0003 0.9998 -0.0179
vn 0.1518 0.9740 -0.1683
vn -1.0000 0.0047 -0.0012
vn -0.9676 -0.1804 -0.1764
vn -0.9881 -0.1422 0.0581
vn -1.0000 0.0011 -0.0007
vn -0.7049 0.0879 0.7038
vn -0.7625 0.0087 0.6470
vn -0.7389 0.1110 0.6646
vn 0.9945 0.1048 -0.0010
vn 0.9953 -0.0016 -0.0963
vn 1.0000 -0.0003 0.0009
vn -0.0012 0.0144 0.9999
vn -0.1024 0.0146 0.9946
vn -0.0052 0.0150 0.9999
vn 0.1846 -0.1726 0.9675
vn 0.2160 0.2028 0.9551
vn 0.0226 0.9991 -0.0361
vn 0.0028 0.9998 -0.0181
vn 0.0031 0.9940 -0.1095
vn -0.6284 0.0839 0.7734
vn -0.7072 0.0094 0.7069
vn 0.4646 -0.4793 -0.7446
vn 0.5768 -0.5876 -0.5675
vn 0.5152 -0.6164 -0.5955
vn -1.0000 0.0006 -0.0014
vn -0.9957 0.0023 0.0925
vn -0.9905 0.1000 0.0948
vn -0.0007 0.0108 0.9999
vn -0.0004 -0.0821 0.9966
vn -0.0038 0.9998 -0.0179
vn 0.0993 0.9949 -0.0178
vn 0.0019 0.9968 0.0801
vn 0.1973 0.9804 -0.0016
vn -0.0010 0.1093 0.9940
vn -0.1040 -0.9945 0.0134
vn -0.0002 -0.9964 -0.0851
vn -0.1303 -0.9898 -0.0578
vn -0.0733 0.7840 0.6165
vn -0.0004 0.7180 0.6960
vn -0.0818 0.7157 0.6937
vn -0.0014 0.0110 0.9999
vn -0.0618 -0.1467 0.9872
vn -0.0779 0.6392 0.7650
vn 0.0013 0.5696 0.8219
vn -0.0964 -0.9882 0.1192
vn -0.0009 0.9999 -0.0162
vn -0.1002 0.9948 -0.0179
vn -0.0981 0.9918 0.0823
vn -0.9999 0.0145 -0.0058
vn -1.0000 0.0005 -0.0055
vn -0.9953 -0.0011 -0.0973
vn 0.0206 -0.0056 0.9998
vn -0.0181 0.9750 -0.2217
vn -0.0820 -0.0130 -0.9965
vn -0.0009 0.0995 -0.9950
vn 0.9951 -0.0992 0.0018
vn 0.9890 -0.0687 0.1313
vn -0.7035 0.7074 0.0681
vn -0.7604 0.6494 -0.0102
vn -0.7056 0.7085 -0.0111
vn 0.6045 -0.6146 -0.5068
vn 0.6044 -0.5287 -0.5960
vn 0.7495 -0.4766 -0.4595
vn -0.6682 0.7436 0.0243
vn -0.6465 0.7628 -0.0119
vn -0.0003 -0.9929 0.1189
vn 0.0972 -0.9952 0.0153
vn -0.0003 -0.9999 0.0153
vn -0.9949 0.1012 -0.0027
vn -1.0000 0.0004 -0.0009
vn -0.1034 -0.0140 -0.9945
vn -0.9868 0.0600 -0.1502
vn 0.4637 -0.7615 -0.4529
vn -0.0976 0.1110 0.9890
vn 0.9904 -0.0972 0.0986
vn -0.6849 0.7130 0.1501
vn -0.7022 0.7065 0.0874
vn 0.9907 0.0955 -0.0971
vn 0.9938 0.1113 -0.0006
vn -0.7095 0.1694 0.6840
vn -0.6472 0.0100 0.7623
vn -0.7038 0.1072 0.7023
vn -0.1608 0.7199 0.6752
vn -0.0986 0.7146 0.6925
vn -0.0976 -0.9917 -0.0839
vn -0.1597 0.6332 0.7574
vn -0.0093 0.9997 -0.0226
vn -0.0835 0.9941 0.0689
vn 0.9899 0.0962 0.1038
vn 0.9967 0.0007 0.0813
vn 0.9883 0.1517 0.0150
vn 0.0961 0.0836 -0.9919
vn -0.9995 -0.0207 -0.0226
vn -0.9907 -0.0966 -0.0963
vn -1.0000 0.0003 -0.0009
vn -0.9951 -0.0011 -0.0984
vn -0.9951 0.0719 0.0674
vn -0.9967 0.0736 -0.0334
vn 0.0858 0.0152 0.9962
vn 0.0039 0.0229 0.9997
vn 0.0973 0.0152 0.9951
vn 0.0307 0.0893 0.9955
vn 0.0966 -0.9890 0.1119
vn -0.0003 -0.9937 0.1122
vn 0.0002 0.9938 -0.1116
vn -0.0736 0.9963 -0.0436
vn 0.0972 0.9891 -0.1105
vn 0.0003 0.9999 -0.0136
vn -0.9957 -0.0926 0.0003
vn -0.9951 -0.0988 0.0004
vn -0.9968 -0.0298 0.0740
vn -0.1600 0.0026 -0.9871
vn -0.0854 0.1006 0.9913
vn -0.0536 -0.9883 0.1429
vn -0.0811 -0.9966 0.0152
vn -0.1039 -0.9791 0.1749
vn -0.0627 0.0674 -0.9958
vn -0.0105 -0.0154 -0.9998
vn -0.0671 0.0636 -0.9957
vn -0.5868 0.7314 0.3475
vn -0.6015 0.6667 0.4402
vn -0.5607 0.7020 0.4391
vn 0.0533 -0.0848 -0.9950
vn 0.7308 -0.6250 0.2744
vn 0.7411 -0.5637 0.3648
vn 0.7652 -0.5840 0.2710
vn -0.0876 0.0440 -0.9952
vn -0.0840 0.0481 -0.9953
vn -0.5433 0.7648 0.3463
vn -0.5194 0.7345 0.4367
vn 0.5589 -0.7809 0.2789
vn 0.4784 -0.7957 0.3715
vn 0.5414 -0.7530 0.3740
vn 0.6534 -0.7039 0.2785
vn 0.6724 -0.6401 0.3716
vn 0.6945 -0.6638 0.2773
vn -0.0800 0.0516 -0.9955
vn -0.0757 0.0557 -0.9956
vn 0.0574 -0.0810 -0.9951
vn 0.7761 -0.5182 0.3594
vn 0.8010 -0.5367 0.2653
vn -0.8043 0.4885 0.3383
vn -0.7401 0.5147 0.4328
vn -0.7721 0.5349 0.3431
vn -0.7383 0.5790 0.3459
vn -0.6737 0.5946 0.4389
vn -0.7041 0.6189 0.3480
vn 0.8110 -0.4673 0.3521
vn 0.8361 -0.4833 0.2596
vn 0.8358 -0.4265 0.3456
vn 0.8612 -0.4409 0.2529
vn -0.8484 0.4119 0.3324
vn -0.7992 0.4281 0.4219
vn -0.8312 0.4440 0.3345
vn -0.0920 0.0398 -0.9950
vn 0.8467 -0.4073 0.3423
vn 0.8717 -0.4209 0.2509
vn 0.8262 -0.4428 0.3483
vn 0.8382 -0.5379 0.0894
vn -0.9387 0.2033 0.2784
vn -0.8172 0.3977 0.4171
vn -0.1017 0.0315 -0.9943
vn -0.0962 0.0352 -0.9947
vn -0.4989 0.7954 0.3440
vn -0.4772 0.7646 0.4332
vn -0.4569 0.8219 0.3403
vn -0.4368 0.7907 0.4289
vn 0.4298 -0.8600 0.2753
vn 0.3872 -0.8469 0.3646
vn 0.4181 -0.8308 0.3673
vn 0.0492 -0.0887 -0.9948
vn -0.4269 0.8386 0.3383
vn -0.4083 0.8077 0.4253
vn -0.1998 0.9366 0.2879
vn -0.1996 0.9018 0.3833
vn 0.3977 -0.8755 0.2745
vn 0.4205 -0.8295 0.3675
vn 0.0382 -0.0962 -0.9946
vn -0.5744 0.6390 0.5117
vn -0.5354 0.6729 0.5104
vn 0.0105 0.0154 0.9998
vn -0.0549 0.0653 0.9964
vn 0.7076 -0.6028 0.3687
vn 0.7142 -0.5409 0.4441
vn 0.0797 -0.0320 0.9963
vn 0.0826 -0.0276 0.9962
vn -0.4959 0.7040 0.5084
vn -0.4559 0.7331 0.5046
vn 0.6325 -0.6786 0.3736
vn 0.5674 -0.6866 0.4546
vn 0.6090 -0.6507 0.4535
vn 0.6477 -0.6140 0.4511
vn 0.5893 -0.7159 0.3744
vn 0.5214 -0.7225 0.4540
vn -0.6395 0.6304 0.4401
vn -0.7069 0.5565 0.4365
vn -0.6435 0.5704 0.5105
vn -0.6759 0.5343 0.5076
vn 0.7829 -0.4486 0.4311
vn 0.0761 -0.0357 0.9965
vn -0.7718 0.4705 0.4277
vn -0.7076 0.4943 0.5049
vn -0.7387 0.4525 0.4996
vn 0.8193 -0.3920 0.4184
vn 0.0105 0.0153 0.9998
vn 0.0870 -0.0250 0.9959
vn -0.7656 0.4127 0.4934
vn -0.9042 0.2075 0.3733
vn -0.7843 0.3841 0.4872
vn 0.6174 -0.5770 0.5346
vn -0.0374 0.0820 0.9959
vn 0.4608 -0.7642 0.4513
vn 0.4031 -0.7996 0.4451
vn -0.4179 0.7585 0.5000
vn -0.3913 0.7756 0.4953
vn -0.0301 0.0888 0.9956
vn -0.0335 0.0850 0.9958
vn 0.3740 -0.8161 0.4406
vn 0.5654 -0.6206 0.5432
vn -0.2019 0.8666 0.4564
vn 0.6087 -0.7425 0.2797
vn 0.0046 0.9968 -0.0799
vn -0.0260 0.9994 0.0225
vn -0.0420 0.9916 0.1226
vn 0.0620 -0.0481 0.9969
vn 0.0577 -0.0510 0.9970
vn 0.6813 -0.5781 0.4489
vn 0.0660 -0.0452 0.9968
vn 0.0334 -0.1017 -0.9943
vn -0.0715 0.0599 -0.9956
vn 0.0486 -0.0597 0.9970
vn -0.9982 0.0153 -0.0582
vn -0.9530 -0.2605 -0.1548
vn -0.9977 0.0508 0.0438
vn -0.9959 0.0265 -0.0863
vn -0.9871 0.0709 0.1435
vn -0.0583 0.0618 0.9964
vn -0.6685 0.6565 0.3495
vn -0.0407 0.0785 0.9961
vn -0.6106 0.6044 0.5117
vn -0.0083 0.0813 -0.9967
vn 0.0313 -0.1070 -0.9938
vn -0.0375 0.0927 -0.9950
vn -0.0566 0.0758 -0.9955
vn -0.0141 0.1058 0.9943
vn -0.0286 0.0924 0.9953
vn 0.0468 -0.0642 0.9968
vn 0.0061 0.1098 0.9939
vn -0.0105 -0.0153 -0.9998
vn -0.1052 0.0289 -0.9940
vn 0.0647 -0.0738 -0.9952
vn 0.7484 -0.4971 0.4391
vn -0.0699 0.0527 0.9962
vn 0.0106 0.0153 0.9998
vn 0.0618 -0.0780 -0.9950
vn 0.0682 -0.0693 -0.9953
vn 0.0691 -0.0416 0.9967
vn 0.4929 -0.8244 0.2782
vn 0.9737 0.1382 0.1810
vn 0.9913 0.0863 0.0996
vn 0.9739 0.1424 0.1768
vn 0.0524 -0.0544 0.9971
vn -0.0106 -0.0153 -0.9998
vn -0.1199 0.0128 -0.9927
vn 0.0809 -0.0602 -0.9949
vn -0.1070 -0.0153 -0.9941
vn 0.0899 -0.0240 0.9957
vn -0.0842 0.0220 0.9962
vn -0.0056 -0.0169 0.9998
vn -0.0810 0.0404 0.9959
vn 0.2723 0.9362 -0.2223
vn 0.1038 0.8841 -0.4557
vn -0.0585 0.0717 -0.9957
vn -0.0033 0.9913 -0.1317
vn -0.0669 0.0550 0.9962
vn -0.6289 0.6942 0.3501
vn 0.0723 -0.0383 0.9966
vn -0.0626 0.0583 0.9963
vn 0.0727 -0.0647 -0.9952
vn 0.8079 -0.4099 0.4234
vn -0.8684 0.2129 0.4478
vn -0.0516 0.0688 0.9963
vn -0.0483 0.0720 0.9962
vn -0.0447 0.0754 0.9962
vn 0.0443 -0.0922 -0.9948
vn 0.0775 -0.0616 -0.9951
vn -0.4738 0.5591 0.6804
vn -0.5582 0.5671 0.6057
vn -0.5581 0.5265 0.6413
vn 0.9993 0.0223 0.0308
vn -0.1445 -0.7502 -0.6453
vn -0.2406 -0.7672 -0.5946
vn -0.1430 -0.7850 -0.6028
vn 0.9741 0.1622 0.1575
vn 0.9740 0.1592 0.1613
vn -0.4723 0.5162 0.7144
vn -0.5564 0.4856 0.6743
vn -0.1448 -0.5793 -0.8022
vn -0.2401 -0.5061 -0.8284
vn -0.2428 -0.5690 -0.7857
vn -0.1463 -0.6733 -0.7247
vn -0.2436 -0.6994 -0.6720
vn -0.1455 -0.7144 -0.6844
vn 0.9739 0.1564 0.1647
vn 0.9738 0.1516 0.1696
vn 0.9992 0.0187 0.0351
vn -0.2378 -0.8017 -0.5485
vn -0.1413 -0.8193 -0.5557
vn -0.4521 0.7765 0.4389
vn -0.5437 0.7057 0.4542
vn -0.4593 0.7445 0.4844
vn -0.4657 0.7102 0.5279
vn -0.5540 0.6391 0.5335
vn -0.4698 0.6761 0.5675
vn -0.2339 -0.8358 -0.4967
vn -0.1377 -0.8544 -0.5011
vn -0.2302 -0.8601 -0.4552
vn -0.1358 -0.8780 -0.4590
vn -0.4399 0.8217 0.3622
vn -0.5274 0.7653 0.3689
vn -0.4444 0.8042 0.3947
vn 0.9740 0.1673 0.1530
vn -0.2283 -0.8707 -0.4356
vn -0.1346 -0.8887 -0.4384
vn -0.2317 -0.8503 -0.4725
vn 0.0374 -0.8411 -0.5396
vn -0.3695 0.9152 0.1609
vn -0.5205 0.7836 0.3391
vn 0.9733 0.1782 0.1445
vn 0.9740 0.1714 0.1484
vn -0.4696 0.4728 0.7456
vn -0.5532 0.4438 0.7050
vn -0.4663 0.4307 0.7727
vn -0.5489 0.4039 0.7318
vn -0.1412 -0.4504 -0.8816
vn -0.2342 -0.4146 -0.8793
vn -0.2365 -0.4456 -0.8634
vn 0.9993 0.0264 0.0269
vn -0.4652 0.4008 0.7892
vn -0.5452 0.3758 0.7494
vn -0.4081 0.1785 0.8953
vn -0.4988 0.1709 0.8497
vn -0.1413 -0.4183 -0.8972
vn -0.2366 -0.4483 -0.8620
vn 0.9991 0.0371 0.0194
vn -0.6237 0.5346 0.5703
vn -0.6238 0.4957 0.6043
vn -0.9913 -0.0863 -0.0996
vn -0.9985 -0.0208 -0.0501
vn -0.2424 -0.7341 -0.6343
vn -0.3243 -0.7463 -0.5812
vn -0.9771 -0.1549 -0.1456
vn -0.9772 -0.1584 -0.1415
vn -0.6219 0.4568 0.6360
vn -0.6188 0.4171 0.6657
vn -0.2441 -0.6597 -0.7108
vn -0.3280 -0.6010 -0.7288
vn -0.3283 -0.6423 -0.6926
vn -0.3275 -0.6804 -0.6557
vn -0.2439 -0.6168 -0.7484
vn -0.3267 -0.5552 -0.7649
vn -0.5567 0.6049 0.5693
vn -0.5497 0.6724 0.4957
vn -0.6199 0.6035 0.5015
vn -0.6159 0.6356 0.4655
vn -0.3164 -0.8141 -0.4870
vn -0.9773 -0.1503 -0.1491
vn -0.5360 0.7377 0.4105
vn -0.6103 0.6678 0.4261
vn -0.6025 0.6991 0.3849
vn -0.3086 -0.8488 -0.4293
vn -0.9771 -0.1615 -0.1383
vn -0.5934 0.7268 0.3459
vn -0.4617 0.8735 0.1544
vn -0.5867 0.7446 0.3183
vn -0.3497 -0.8208 -0.4516
vn -0.9987 -0.0386 -0.0340
vn -0.3242 -0.4946 -0.8064
vn -0.3181 -0.4366 -0.8416
vn -0.6144 0.3794 0.6918
vn -0.6097 0.3534 0.7095
vn -0.9986 -0.0453 -0.0265
vn -0.9986 -0.0421 -0.0304
vn -0.3137 -0.4073 -0.8578
vn -0.3560 -0.4272 -0.8311
vn -0.5670 0.1677 0.8065
vn -0.1457 -0.6289 -0.7638
vn -0.0351 0.0026 0.9994
vn -0.1395 0.0253 0.9899
vn -0.2395 0.0336 0.9703
vn -0.9771 -0.1377 -0.1621
vn -0.9772 -0.1336 -0.1653
vn -0.3262 -0.7144 -0.6190
vn -0.9773 -0.1410 -0.1584
vn 0.9990 0.0422 0.0134
vn 0.9737 0.1472 0.1737
vn -0.9771 -0.1228 -0.1738
vn -0.0191 0.9997 0.0121
vn 0.1078 0.9615 -0.2526
vn -0.1243 0.9916 0.0356
vn -0.2172 0.9622 -0.1642
vn -0.2248 0.9734 0.0442
vn -0.9984 -0.0168 -0.0539
vn -0.4720 0.6409 0.6053
vn -0.9987 -0.0350 -0.0372
vn -0.6225 0.5707 0.5355
vn 0.9773 0.0840 0.1947
vn 0.9990 0.0440 0.0084
vn 0.9721 0.1130 0.2058
vn 0.9730 0.1322 0.1895
vn -0.9981 -0.0608 -0.0089
vn -0.9987 -0.0467 -0.0226
vn -0.9762 -0.1232 -0.1785
vn -0.9967 -0.0814 -0.0049
vn 0.9735 0.1793 0.1419
vn 0.9991 0.0115 0.0419
vn -0.3209 -0.7804 -0.5367
vn -0.9980 -0.0053 -0.0629
vn -0.9913 -0.0864 -0.0997
vn 0.9992 0.0140 0.0378
vn 0.9989 0.0062 0.0460
vn -0.9771 -0.1448 -0.1557
vn -0.1435 -0.5134 -0.8461
vn -0.9774 -0.1280 -0.1684
vn 0.9913 0.0863 0.0997
vn 0.9729 0.1943 0.1255
vn 0.9985 -0.0028 0.0554
vn 0.9784 0.1818 0.0981
vn -0.9765 -0.1660 -0.1378
vn -0.9956 0.0084 -0.0936
vn -0.9886 -0.0724 -0.1319
vn -0.9972 0.0043 -0.0751
vn 0.1288 -0.2566 0.9579
vn 0.3571 -0.0683 0.9316
vn 0.9735 0.1340 0.1852
vn -0.2279 -0.1802 0.9568
vn -0.9981 -0.0071 -0.0609
vn -0.4740 0.6008 0.6438
vn -0.9771 -0.1487 -0.1521
vn -0.9982 -0.0141 -0.0579
vn 0.9987 0.0032 0.0510
vn -0.3122 -0.8376 -0.4483
vn -0.5339 0.8319 0.1513
vn -0.9987 -0.0221 -0.0468
vn -0.9987 -0.0277 -0.0438
vn -0.9987 -0.0309 -0.0403
vn 0.9992 0.0311 0.0232
vn 0.9985 -0.0030 0.0540
vn 0.1164 -0.4042 0.9072
vn 0.1890 -0.7106 0.6778
vn 0.5489 -0.6251 0.5550
vn 0.0623 -0.5921 0.8035
vn 0.1659 -0.9051 0.3915
vn 0.3604 -0.6991 0.6175
vn 0.8174 -0.5241 0.2393
vn 0.2661 -0.8745 0.4054
vn 0.1948 -0.9373 -0.2890
vn 0.0564 -0.9623 0.2661
vn 0.0464 -0.9989 0.0108
vn 0.2441 -0.9153 -0.3203
vn 0.1621 -0.9866 0.0173
vn 0.0463 -0.8374 0.5446
vn 0.2214 -0.9751 0.0136
vn 0.5699 -0.4546 -0.6845
vn 0.4673 -0.1737 -0.8669
vn 0.6251 -0.2742 -0.7308
vn 0.6323 -0.4123 -0.6559
vn 0.4715 -0.4879 -0.7346
vn 0.3984 -0.3286 -0.8564
vn 0.5440 -0.7327 -0.4088
vn -0.6575 -0.7382 -0.1507
vn -0.7855 -0.6181 -0.0326
vn -0.5314 -0.6765 -0.5098
vn -0.6009 -0.7372 -0.3090
vn -0.3709 -0.9190 -0.1337
vn -0.5239 -0.8516 -0.0201
vn -0.3861 -0.8935 -0.2295
vn 0.8476 0.0919 -0.5227
vn 0.6971 -0.4532 -0.5556
vn 0.7442 -0.2679 -0.6119
vn 0.8692 -0.1558 -0.4693
vn 0.7500 -0.4746 -0.4607
vn 0.6695 -0.4101 -0.6193
vn 0.4169 -0.7476 -0.5169
vn -0.2474 -0.9683 -0.0343
vn 0.3032 -0.9355 -0.1813
vn 0.0062 -0.9995 -0.0299
vn 0.0004 -0.9900 -0.1414
vn 0.3303 -0.9162 -0.2270
vn -0.0001 -0.9806 -0.1959
vn 0.1021 0.5029 0.8583
vn -0.0162 0.2387 0.9710
vn 0.3051 0.3877 0.8698
vn 0.1776 0.0071 0.9841
vn 0.0025 0.5164 0.8563
vn -0.0053 0.7328 0.6804
vn 0.1831 0.8415 0.5083
vn 0.3467 0.7516 -0.5612
vn 0.4309 0.4726 -0.7688
vn 0.3391 0.6288 -0.6998
vn 0.2365 0.9191 -0.3152
vn 0.3713 0.7731 -0.5143
vn 0.2972 0.9098 -0.2898
vn 0.0260 0.9519 0.3053
vn 0.1381 0.9644 -0.2257
vn 0.1150 0.9929 0.0295
vn 0.2338 0.8509 -0.4704
vn 0.1409 0.9894 0.0357
vn -0.8727 0.4791 -0.0940
vn -0.8827 0.3644 -0.2966
vn -0.9790 0.2018 0.0288
vn -0.8707 0.4918 0.0059
vn -0.9876 -0.0338 -0.1533
vn -0.5296 0.8272 -0.1877
vn -0.6345 0.7659 -0.1042
vn 0.2100 0.9657 -0.1526
vn -0.3234 0.9457 -0.0336
vn -0.0149 0.9988 -0.0467
vn 0.4539 0.8559 -0.2477
vn -0.0458 0.9909 -0.1264
vn -0.6960 0.7180 0.0070
vn 0.2972 0.9216 -0.2496
vn -0.0514 0.9869 -0.1531
vn 0.5430 0.7592 -0.3588
vn 0.6835 0.6397 -0.3515
vn 0.7560 0.4831 -0.4416
vn 0.5020 0.7747 -0.3846
vn 0.2767 0.9088 -0.3123
vn 0.3438 0.2313 -0.9101
vn 0.1058 0.4972 -0.8612
vn 0.5984 0.5261 -0.6043
vn 0.3885 0.6368 -0.6660
vn 0.1717 0.8494 -0.4990
vn 0.6597 0.6391 -0.3953
vn 0.4251 0.7975 -0.4281
vn 0.8535 0.5087 -0.1128
vn 0.9066 0.2380 -0.3484
vn 0.9889 0.1299 -0.0726
vn 0.5427 0.8219 -0.1733
vn 0.1947 0.9490 -0.2481
vn 0.1273 0.9794 -0.1567
vn -0.6717 0.3275 -0.6645
vn -0.7486 0.3854 -0.5395
vn -0.6669 0.2759 -0.6922
vn -0.9155 0.3367 -0.2202
vn -0.9219 0.3420 -0.1821
vn -0.7139 0.6511 0.2577
vn -0.7138 0.6511 0.2578
vn -0.7137 0.6512 0.2580
vn -0.4318 -0.3292 -0.8398
vn -0.6654 -0.2130 -0.7155
vn -0.6986 -0.1921 -0.6892
vn -0.4323 0.6326 -0.6426
vn -0.2011 0.4828 -0.8523
vn -0.1436 0.4387 -0.8871
vn -0.3129 0.8769 -0.3648
vn -0.2492 0.8978 -0.3631
vn -0.2635 0.8614 -0.4343
vn -0.5267 0.8170 -0.2348
vn -0.5267 0.8171 -0.2345
vn -0.5267 0.8170 -0.2347
vn -0.7771 0.2979 0.5544
vn -0.6420 0.4494 0.6211
vn 0.1019 0.7125 -0.6942
vn 0.1528 0.6658 -0.7303
vn 0.6590 0.6798 0.3219
vn 0.5258 0.7635 0.3750
vn 0.6852 0.6751 0.2733
vn -0.0027 0.9380 0.3466
vn -0.0958 0.9309 0.3526
vn -0.2642 0.7265 0.6343
vn -0.2644 0.7264 0.6344
vn -0.2643 0.7265 0.6343
vn 0.6407 0.7645 -0.0709
vn 0.6406 0.7646 -0.0709
vn 0.6407 0.7646 -0.0709
vn -0.1872 -0.8458 0.4995
vn -0.1935 -0.7841 0.5897
vn -0.5216 -0.2039 0.8285
vn -0.5215 -0.2041 0.8285
vn -0.3461 -0.2113 0.9141
vn -0.3529 -0.1641 0.9211
vn -0.7399 0.6721 0.0273
vn -0.6223 0.6188 0.4793
vn -0.7862 0.5740 0.2291
vn 0.1782 -0.8072 0.5628
vn 0.2617 -0.8435 0.4690
vn 0.0407 -0.7216 0.6911
vn -0.5061 -0.1186 -0.8543
vn -0.2423 -0.3578 -0.9018
vn -0.1279 -0.0848 -0.9881
vn -0.8196 -0.1708 -0.5469
vn -0.6449 -0.3989 -0.6519
vn -0.5338 -0.6064 -0.5894
vn -0.8035 -0.4285 -0.4134
vn -0.6445 -0.6643 -0.3787
vn -0.8542 -0.4941 -0.1620
vn -0.9517 -0.2417 -0.1892
vn -0.9818 -0.1449 -0.1224
vn -0.2426 -0.9112 -0.3331
vn -0.5090 -0.8556 -0.0944
vn -0.7695 -0.4784 0.4232
vn -0.6802 -0.6433 0.3513
vn -0.6723 -0.6807 0.2911
vn -0.9315 -0.2756 0.2373
vn -0.8182 -0.4187 0.3941
vn -0.7112 0.2796 0.6450
vn -0.7113 0.2795 0.6449
vn -0.9376 -0.2616 0.2291
vn 0.0958 -0.8711 0.4818
vn 0.3453 -0.9025 0.2575
vn 0.0707 -0.9869 0.1453
vn 0.1935 -0.4523 0.8706
vn 0.3875 -0.6468 0.6568
vn 0.1609 -0.6394 0.7519
vn 0.5972 -0.5891 0.5443
vn -0.4988 -0.5579 0.6632
vn -0.4987 -0.5581 0.6632
vn -0.4987 -0.5580 0.6632
vn 0.3027 -0.1269 0.9446
vn 0.1286 -0.1165 0.9848
vn 0.9064 -0.3413 0.2491
vn 0.9375 -0.1006 0.3332
vn 0.7160 -0.3763 0.5879
vn 0.5627 -0.3089 0.7667
vn 0.7951 0.1911 0.5757
vn 0.8548 0.1927 0.4819
vn 0.1985 0.3538 0.9140
vn 0.5380 0.3338 0.7740
vn 0.2156 0.5258 0.8228
vn 0.2156 0.5259 0.8228
vn -0.5641 0.7936 0.2280
vn -0.6104 0.6337 0.4751
vn 0.8133 -0.1861 0.5513
vn 0.8452 -0.2696 0.4615
vn 0.8482 -0.2797 0.4498
vn 0.7492 -0.0677 0.6589
vn 0.2246 0.8269 -0.5155
vn -0.3713 0.9177 -0.1411
vn 0.2629 0.7365 -0.6232
vn -0.2466 0.8931 -0.3762
vn -0.6981 0.7031 -0.1356
vn -0.4080 0.8063 -0.4283
vn -0.6633 0.6639 -0.3452
vn 0.2177 -0.2343 -0.9475
vn 0.5815 -0.2050 -0.7873
vn 0.1769 -0.5962 -0.7831
vn 0.0728 -0.3166 -0.9458
vn 0.3023 -0.0975 -0.9482
vn 0.6594 -0.0225 -0.7515
vn 0.0150 -0.0329 -0.9993
vn -0.9175 0.3764 -0.1289
vn -0.8695 -0.2232 -0.4406
vn -0.8992 0.2492 -0.3597
vn -0.7678 -0.2589 -0.5861
vn -0.8125 0.4084 -0.4160
vn 0.3420 0.3538 0.8706
vn 0.1099 0.4723 0.8745
vn 0.2872 -0.0017 0.9579
vn 0.3616 -0.1308 0.9231
vn 0.1230 0.7146 0.6886
vn 0.4264 0.3076 0.8506
vn 0.3346 0.6776 0.6550
vn 0.9469 -0.2324 -0.2220
vn 0.7709 -0.5174 -0.3715
vn 0.7879 -0.2061 -0.5803
vn 0.9465 -0.0999 -0.3067
vn 0.9465 -0.2689 -0.1781
vn 0.7089 -0.5544 -0.4359
vn 0.9992 -0.0322 -0.0254
vn 0.1234 0.9274 0.3530
vn 0.4838 0.8320 -0.2715
vn 0.3608 0.9036 0.2309
vn 0.6085 0.7436 -0.2771
vn 0.4127 0.8198 0.3971
vn -0.3870 0.9156 0.1096
vn -0.1248 0.9186 0.3751
vn -0.7016 0.7061 0.0964
vn -0.3621 0.8639 0.3501
vn -0.1085 0.7123 0.6935
vn -0.5756 0.5870 0.5692
vn -0.3256 0.6782 0.6588
vn -0.9132 0.1325 0.3853
vn -0.9126 0.3914 0.1183
vn -0.7016 0.1205 0.7023
vn -0.8573 0.3708 0.3571
vn -0.6669 0.6745 0.3166
vn -0.1252 0.4002 0.9078
vn -0.3858 0.1390 0.9121
vn -0.3611 0.3761 0.8533
vn -0.6670 0.3392 0.6633
vn -0.8678 -0.4476 -0.2160
vn -0.9226 -0.1131 0.3688
vn -0.7641 -0.5971 -0.2442
vn -0.9027 -0.3480 0.2529
vn -0.7067 -0.1107 0.6988
vn -0.8152 -0.4013 0.4176
vn -0.6714 -0.3207 0.6682
vn 0.2161 -0.9547 -0.2044
vn 0.1842 -0.8011 -0.5695
vn 0.5799 -0.7951 -0.1778
vn 0.3029 -0.9506 -0.0683
vn 0.0757 -0.9543 -0.2891
vn -0.0000 -0.7598 -0.6501
vn 0.0134 -0.9999 -0.0043
vn -0.3800 -0.1111 0.9183
vn 0.2262 -0.4523 0.8627
vn -0.2545 -0.3477 0.9024
vn 0.2569 -0.5995 0.7580
vn -0.4185 -0.4001 0.8154
vn -0.0250 0.1427 -0.9894
vn -0.0323 0.3157 -0.9483
vn -0.0633 0.5148 -0.8550
vn -0.5601 0.6060 -0.5649
vn -0.4384 0.7645 -0.4727
vn -0.4721 0.5072 -0.7210
vn -0.1173 0.7693 -0.6281
vn -0.0970 0.7256 -0.6812
vn 0.1973 0.6914 -0.6950
vn -0.6731 0.4892 0.5546
vn -0.8480 0.0910 0.5221
vn -0.6416 0.4672 0.6083
vn -0.5701 0.7016 0.4274
vn -0.8410 0.5148 0.1663
vn -0.6143 0.7788 0.1267
vn -0.0675 0.9388 -0.3377
vn -0.2771 0.9458 0.1696
vn -0.1862 0.7983 -0.5728
vn -0.3733 0.8957 0.2415
vn -0.5004 0.7430 0.4443
vn 0.0965 0.3661 -0.9256
vn 0.3777 0.0850 -0.9220
vn 0.0914 0.6947 -0.7134
vn 0.3725 0.3621 -0.8545
vn 0.7039 0.0826 -0.7055
vn 0.3543 0.6523 -0.6700
vn 0.6609 0.3458 -0.6660
vn 0.3789 0.9189 -0.1095
vn 0.0973 0.9153 -0.3907
vn 0.7037 0.7032 -0.1010
vn 0.3733 0.8444 -0.3842
vn 0.6616 0.6559 -0.3634
vn 0.9207 0.0927 -0.3791
vn 0.9204 0.3773 -0.1020
vn 0.8490 0.3686 -0.3785
vn 0.9446 0.3271 0.0277
vn 0.9907 0.1349 0.0194
vn 0.8470 0.5286 0.0560
vn 0.6170 0.7797 0.1068
vn 0.4617 0.7766 0.4285
vn 0.5584 0.6189 0.5524
vn 0.7161 0.5206 0.4650
vn 0.6850 0.6984 -0.2074
vn 0.2767 0.6964 0.6622
vn -0.1820 0.9470 0.2647
vn 0.3256 0.9439 0.0548
vn -0.4543 0.7438 0.4903
vn -0.2543 0.8967 0.3622
vn 0.5627 0.8078 0.1757
vn 0.6730 0.7345 0.0873
vn -0.6865 0.1693 0.7071
vn -0.5603 0.4931 0.6655
vn -0.6149 0.4673 0.6353
vn -0.1748 0.5224 0.8346
vn -0.1748 0.5219 0.8349
vn -0.4362 0.7041 0.5603
vn -0.1366 0.7866 0.6021
vn -0.0965 -0.3913 -0.9152
vn -0.3777 -0.1104 -0.9193
vn -0.0958 -0.1109 -0.9892
vn -0.0912 -0.7140 -0.6942
vn -0.3724 -0.3851 -0.8444
vn -0.7036 -0.1020 -0.7032
vn -0.3538 -0.6705 -0.6521
vn -0.6614 -0.3634 -0.6561
vn -0.3789 -0.9215 -0.0851
vn -0.0970 -0.9256 -0.3658
vn -0.7044 -0.7050 -0.0827
vn -0.3728 -0.8548 -0.3612
vn -0.6613 -0.6658 -0.3455
vn -0.9201 -0.1031 -0.3779
vn -0.9208 -0.3788 -0.0927
vn -0.8495 -0.3778 -0.3683
vn -0.3275 0.0185 -0.9447
vn -0.1351 0.0079 -0.9908
vn -0.5406 0.0501 -0.8398
vn -0.7776 0.1085 -0.6193
vn -0.7702 0.4321 -0.4692
vn -0.6098 0.5536 -0.5672
vn -0.5124 0.4609 -0.7246
vn -0.7098 -0.1896 -0.6784
vn -0.6873 0.6670 -0.2874
vn -0.9435 0.2803 0.1769
vn -0.9427 0.0624 -0.3276
vn -0.7365 0.5085 0.4460
vn -0.8919 0.3786 0.2473
vn -0.8053 0.1780 -0.5655
vn -0.7336 0.0870 -0.6739
vn -0.4824 0.6816 0.5501
vn -0.4590 0.6514 0.6042
vn -0.5132 0.8433 0.1596
vn -0.6966 0.5768 0.4267
vn -0.7797 0.6137 0.1242
vn -0.5484 -0.7838 0.2914
vn -0.4238 -0.9010 0.0929
vn -0.1906 -0.4699 0.8619
vn -0.5177 -0.6438 0.5635
vn -0.8291 -0.4948 0.2604
vn -0.7664 -0.6379 0.0758
vn -0.8072 -0.2181 0.5485
vn -0.5489 0.3688 0.7501
vn -0.2195 0.5359 0.8152
vn -0.4242 0.5914 0.6858
vn -0.8299 0.1798 0.5281
vn -0.5958 0.2641 0.7584
vn -0.9440 -0.3170 0.0914
vn -0.9442 0.1670 0.2838
vn -0.9619 -0.1011 0.2540
vn -0.7670 0.4114 0.4924
vn -0.2826 -0.7787 0.5602
vn -0.1596 -0.9736 0.1629
vn -0.0818 -0.8954 0.4378
vn -0.2548 -0.4847 0.8367
vn -0.8568 -0.4792 0.1903
vn -0.5563 -0.6428 0.5266
vn -0.9200 -0.3781 0.1032
vn -0.5467 -0.2136 0.8096
vn -0.2873 0.1777 0.9412
vn -0.0884 -0.3032 0.9488
vn -0.4992 0.4170 0.7596
vn -0.2539 -0.0897 0.9631
vn -0.0684 -0.6275 0.7756
vn -0.5321 0.1851 0.8262
vn -0.7664 0.6246 0.1498
vn -0.7556 0.3675 0.5422
vn -0.6938 0.5889 0.4146
vn -0.8200 0.5315 0.2124
vn -0.7616 0.2666 0.5907
vn 0.3781 -0.9191 0.1111
vn 0.0965 -0.9148 0.3923
vn 0.7036 -0.7031 0.1028
vn 0.3736 -0.8432 0.3865
vn 0.0909 -0.6937 0.7145
vn 0.6610 -0.6554 0.3653
vn 0.3544 -0.6512 0.6711
vn 0.9206 -0.0917 0.3795
vn 0.9201 -0.3777 0.1036
vn 0.7035 -0.0812 0.7060
vn 0.8489 -0.3673 0.3801
vn 0.6609 -0.3445 0.6667
vn 0.0966 -0.3645 0.9262
vn 0.3778 -0.0826 0.9222
vn 0.3729 -0.3601 0.8552
vn 0.9439 0.0349 0.3284
vn 0.8383 0.0701 0.5406
vn 0.5580 0.5710 0.6022
vn 0.4628 0.4501 0.7637
vn 0.7156 0.4828 0.5047
vn 0.6166 0.1286 0.7767
vn 0.6717 0.1075 0.7330
vn 0.6796 -0.1878 0.7091
vn -0.5599 0.6809 0.4722
vn -0.5218 0.8501 0.0716
vn -0.6134 0.6495 0.4494
vn -0.4354 0.5824 0.6865
vn -0.1704 0.8478 0.5023
vn -0.1706 0.8477 0.5022
vn -0.1706 0.8478 0.5022
vn -0.1363 0.6258 0.7680
vn 0.3257 0.0815 0.9420
vn -0.1819 0.2921 0.9389
vn 0.5615 0.1986 0.8033
vn -0.2542 0.3886 0.8857
vn -0.4537 0.5132 0.7286
vn -0.9075 -0.1042 -0.4069
vn -0.6782 -0.1849 -0.7112
vn -0.5631 -0.5495 -0.6172
vn -0.8021 -0.0541 -0.5947
vn -0.3913 -0.1721 -0.9040
vn -0.6222 -0.3573 -0.6966
vn -0.2535 -0.8236 -0.5074
vn -0.4062 -0.2738 -0.8718
vn 0.2884 -0.2155 -0.9329
vn -0.2626 -0.0660 -0.9626
vn -0.0071 -0.0616 -0.9981
vn 0.3180 -0.2651 -0.9103
vn -0.0158 -0.1775 -0.9840
vn -0.5409 -0.0481 -0.8397
vn -0.0137 -0.2367 -0.9715
vn 0.6743 -0.5922 -0.4411
vn 0.8574 -0.4886 -0.1616
vn 0.7206 -0.6429 -0.2596
vn 0.6444 -0.6536 -0.3970
vn 0.7268 -0.4945 -0.4768
vn 0.8492 -0.4217 -0.3180
vn 0.4005 -0.5635 -0.7226
vn 0.1682 0.6414 -0.7485
vn 0.0522 0.7730 -0.6323
vn 0.5222 0.5102 -0.6833
vn 0.3259 0.5819 -0.7451
vn 0.1460 0.3535 -0.9240
vn 0.0352 0.5077 -0.8608
vn 0.2417 0.3661 -0.8986
vn 0.5034 -0.8570 0.1102
vn 0.5447 -0.7164 -0.4360
vn 0.5970 -0.7615 -0.2524
vn 0.4515 -0.8812 -0.1402
vn 0.4475 -0.7672 -0.4596
vn 0.6073 -0.6885 -0.3965
vn 0.5162 -0.4383 -0.7358
vn 0.0443 0.2307 -0.9720
vn 0.1792 -0.3220 -0.9296
vn 0.0344 -0.0225 -0.9992
vn 0.1461 -0.0199 -0.9891
vn 0.2254 -0.3512 -0.9088
vn 0.2003 -0.0208 -0.9795
vn -0.8609 -0.0482 0.5064
vn -0.9715 0.0403 0.2338
vn -0.9965 -0.0241 -0.0801
vn -0.8303 -0.1190 0.5445
vn -0.8590 0.0240 0.5114
vn -0.6831 0.0315 0.7297
vn -0.5154 -0.1586 0.8421
vn 0.5435 -0.3715 0.7528
vn 0.4787 -0.6923 0.5400
vn 0.6895 -0.3440 0.6374
vn 0.3034 -0.2280 0.9252
vn 0.6991 -0.5351 0.4743
vn 0.2789 -0.2893 0.9157
vn 0.4025 -0.2881 0.8689
vn -0.3102 -0.0042 0.9507
vn 0.2183 -0.1275 0.9675
vn -0.0365 -0.0988 0.9944
vn 0.4617 -0.2298 0.8568
vn -0.0459 -0.1232 0.9913
vn 0.0869 0.8779 0.4709
vn 0.0435 0.9897 -0.1364
vn -0.0091 0.9818 0.1899
vn 0.0101 0.8809 0.4731
vn 0.1517 0.8532 0.4991
vn 0.1945 0.5375 0.8205
vn 0.1436 -0.1981 0.9696
vn 0.0361 0.3369 0.9408
vn 0.0424 0.0301 0.9986
vn 0.2340 -0.4452 0.8643
vn 0.1228 0.0587 0.9907
vn 0.0044 0.7096 0.7046
vn 0.2393 -0.2877 0.9273
vn 0.1500 0.0639 0.9866
vn 0.3671 -0.5343 0.7614
vn 0.3339 -0.6802 0.6525
vn 0.6862 -0.4929 0.5350
vn 0.5153 -0.7003 0.4940
vn 0.3003 -0.2708 0.9146
vn 0.3477 0.9354 -0.0638
vn 0.6735 0.7311 -0.1088
vn 0.6341 0.6078 -0.4780
vn 0.5352 0.8447 0.0058
vn 0.8859 0.4585 -0.0707
vn 0.6839 0.6733 -0.2810
vn 0.5808 0.2908 -0.7603
vn 0.8644 0.4719 -0.1739
vn 0.9705 -0.2174 -0.1039
vn 0.9416 0.3340 0.0425
vn 0.9951 0.0834 0.0535
vn 0.9569 -0.2452 -0.1555
vn 0.9937 0.0928 -0.0633
vn 0.7965 0.6031 0.0431
vn 0.9882 0.0905 -0.1233
vn 0.5558 -0.6410 -0.5294
vn 0.2813 -0.8433 -0.4580
vn 0.3867 -0.6967 -0.6043
vn 0.5172 -0.6146 -0.5955
vn 0.5843 -0.6889 -0.4289
vn 0.4273 -0.8233 -0.3736
vn 0.8117 -0.3399 -0.4750
vn 0.6806 -0.1099 0.7243
vn 0.5416 -0.0032 0.8406
vn 0.6578 -0.4686 0.5897
vn 0.6956 -0.2677 0.6667
vn 0.8853 -0.0758 0.4589
vn 0.7962 0.0311 0.6042
vn 0.8658 -0.1734 0.4695
vn 0.0271 -0.5119 -0.8586
vn 0.5548 -0.5090 -0.6581
vn 0.3801 -0.5781 -0.7221
vn 0.2745 -0.4407 -0.8547
vn 0.5767 -0.4118 -0.7056
vn 0.5170 -0.5752 -0.6339
vn 0.8188 -0.4547 -0.3505
vn 0.9392 0.0301 0.3419
vn 0.9715 -0.1080 -0.2111
vn 0.9947 0.0420 0.0934
vn 0.9928 -0.0709 0.0962
vn 0.9577 -0.1563 -0.2416
vn 0.9872 -0.1279 0.0951
vn -0.5500 0.8232 -0.1408
vn -0.3090 0.9511 0.0042
vn -0.4178 0.8459 -0.3315
vn -0.0612 0.9844 -0.1647
vn -0.5749 0.8170 -0.0435
vn -0.7786 0.6247 -0.0596
vn -0.8512 0.4567 -0.2585
vn -0.6685 -0.6103 -0.4250
vn -0.3709 -0.7920 -0.4849
vn -0.5392 -0.7369 -0.4078
vn -0.8655 -0.3771 -0.3296
vn -0.6876 -0.5704 -0.4493
vn -0.8540 -0.3444 -0.3900
vn -0.9641 0.2384 -0.1168
vn -0.9273 -0.2909 -0.2357
vn -0.9764 -0.0396 -0.2125
vn -0.7879 -0.5249 -0.3221
vn -0.9706 -0.0364 -0.2377
vn -0.5523 -0.1442 0.8211
vn -0.4317 -0.3386 0.8361
vn -0.3007 -0.0036 0.9537
vn -0.5697 -0.0445 0.8206
vn -0.0577 -0.1695 0.9838
vn -0.8611 -0.2550 0.4400
vn -0.8138 -0.1712 0.5553
vn -0.9270 -0.2163 -0.3064
vn -0.9681 -0.1061 0.2271
vn -0.9895 -0.1171 -0.0843
vn -0.7872 -0.2995 -0.5391
vn -0.9785 -0.1988 -0.0540
vn -0.7797 -0.0572 0.6235
vn -0.8678 -0.3081 -0.3898
vn -0.9733 -0.2241 -0.0488
vn -0.6729 -0.4022 -0.6208
vn -0.5425 -0.3834 -0.7475
vn -0.3731 -0.4607 -0.8053
vn -0.6922 -0.4287 -0.5805
vn -0.8531 -0.3701 -0.3678
vn -0.2943 -0.8963 0.3317
vn -0.3121 -0.8971 0.3129
vn -0.4373 -0.7592 0.4821
vn -0.4617 -0.7619 0.4543
vn -0.6982 -0.2421 0.6738
vn -0.6804 0.0140 0.7327
vn -0.7217 0.0147 0.6921
vn -0.2764 -0.8963 0.3468
vn -0.4108 -0.7595 0.5044
vn -0.6579 -0.2409 0.7136
vn -0.6392 0.0140 0.7689
vn 0.3004 -0.9134 -0.2746
vn 0.3174 -0.9132 -0.2556
vn 0.4517 -0.7857 -0.4226
vn 0.7226 -0.3302 -0.6073
vn 0.7198 -0.0846 -0.6890
vn 0.6843 -0.3301 -0.6502
vn 0.3346 -0.9126 -0.2348
vn 0.4772 -0.7863 -0.3924
vn 0.7604 -0.3292 -0.5598
vn 0.7610 -0.0841 -0.6433
vn -0.3471 -0.8967 0.2745
vn -0.3304 -0.8970 0.2938
vn -0.5123 -0.7608 0.3983
vn -0.7380 -0.2413 0.6302
vn -0.7985 0.0132 0.6018
vn -0.7736 -0.2423 0.5856
vn -0.4887 -0.7608 0.4269
vn -0.7620 0.0146 0.6474
vn 0.2831 -0.9136 -0.2919
vn 0.2667 -0.9132 -0.3080
vn 0.4244 -0.7869 -0.4479
vn 0.3995 -0.7858 -0.4720
vn 0.6053 -0.3301 -0.7243
vn 0.6770 -0.0855 -0.7310
vn 0.6355 -0.0865 -0.7673
vn 0.6443 -0.3272 -0.6912
vn 0.2493 -0.9129 -0.3233
vn 0.2289 -0.9126 -0.3388
vn 0.3721 -0.7849 -0.4954
vn 0.3402 -0.7841 -0.5192
vn 0.5167 -0.3296 -0.7902
vn 0.5916 -0.0897 -0.8013
vn 0.5408 -0.0901 -0.8363
vn 0.5631 -0.3330 -0.7563
vn -0.2582 -0.8951 0.3635
vn -0.3839 -0.7579 0.5275
vn -0.6173 -0.2425 0.7484
vn -0.5951 0.0123 0.8035
vn -0.2378 -0.8939 0.3799
vn -0.3542 -0.7556 0.5510
vn -0.5742 -0.2431 0.7818
vn -0.5469 0.0110 0.8371
vn -0.2164 -0.8925 0.3959
vn -0.3234 -0.7530 0.5730
vn -0.5270 -0.2412 0.8149
vn -0.4958 0.0106 0.8684
vn -0.1980 -0.8879 0.4153
vn -0.2975 -0.7456 0.5963
vn -0.4767 -0.2382 0.8462
vn -0.4477 0.0109 0.8941
vn 0.2081 -0.9109 -0.3564
vn 0.1915 -0.9075 -0.3738
vn 0.3062 -0.7799 -0.5459
vn 0.2814 -0.7725 -0.5692
vn 0.4221 -0.3248 -0.8464
vn 0.4836 -0.0920 -0.8704
vn 0.4386 -0.0910 -0.8941
vn 0.4640 -0.3277 -0.8230
vn -0.1054 -0.8813 0.4606
vn 0.0080 -0.9195 0.3929
vn -0.1787 -0.5268 0.8310
vn 0.0151 -0.6941 0.7198
vn -0.1907 -0.0496 0.9804
vn 0.0195 -0.3520 0.9358
vn -0.1868 -0.8822 0.4323
vn -0.2787 -0.7353 0.6178
vn -0.4282 -0.2317 0.8735
vn -0.4126 0.0168 0.9108
vn -0.3956 -0.2165 0.8925
vn 0.1844 -0.9048 -0.3839
vn 0.2704 -0.7700 -0.5779
vn 0.4182 -0.0873 -0.9042
vn 0.4016 -0.3197 -0.8582
vn 0.3546 -0.9116 -0.2079
vn 0.5033 -0.7856 -0.3599
vn 0.8039 -0.3258 -0.4977
vn 0.8014 -0.0844 -0.5921
vn 0.3776 -0.9072 -0.1856
vn 0.5386 -0.7796 -0.3194
vn 0.8390 -0.3215 -0.4389
vn 0.8477 -0.0833 -0.5239
vn -0.3815 -0.8935 0.2370
vn -0.3633 -0.8962 0.2548
vn -0.5597 -0.7524 0.3474
vn -0.8074 -0.2380 0.5398
vn -0.8597 0.0143 0.5106
vn -0.8375 -0.2331 0.4942
vn -0.5360 -0.7583 0.3711
vn -0.8318 0.0142 0.5549
vn -0.3807 -0.9246 0.0139
vn -0.7113 -0.7028 0.0108
vn -0.9321 -0.3621 0.0063
vn -0.4421 -0.8864 0.1377
vn -0.8166 -0.5313 0.2258
vn -0.9701 -0.0403 0.2395
vn 0.3954 -0.9016 -0.1757
vn 0.5696 -0.7729 -0.2796
vn 0.8610 -0.3028 -0.4087
vn 0.8851 -0.0796 -0.4585
vn 0.9019 -0.0684 -0.4266
vn 0.5892 -0.7631 -0.2656
vn 0.8618 -0.3108 -0.4009
vn -0.3967 -0.8895 0.2268
vn -0.8579 -0.2218 0.4636
vn -0.5780 -0.7465 0.3298
vn -0.8779 0.0199 0.4785
vn -0.5234 0.6960 0.4916
vn -0.4931 0.6964 0.5214
vn -0.3778 0.8573 0.3497
vn -0.3575 0.8561 0.3732
vn -0.2100 0.9596 0.1872
vn -0.1985 0.9594 0.2001
vn -0.4642 0.6950 0.5491
vn -0.3362 0.8560 0.3926
vn -0.1868 0.9594 0.2112
vn 0.5831 0.6371 -0.5040
vn 0.5513 0.6373 -0.5384
vn 0.4225 0.8272 -0.3705
vn 0.3993 0.8272 -0.3953
vn 0.2318 0.9497 -0.2107
vn 0.2193 0.9495 -0.2244
vn 0.6138 0.6385 -0.4643
vn 0.4458 0.8268 -0.3429
vn 0.2445 0.9497 -0.1957
vn -0.5531 0.6948 0.4597
vn -0.5804 0.6936 0.4268
vn -0.4003 0.8560 0.3272
vn -0.4202 0.8551 0.3036
vn -0.2226 0.9592 0.1746
vn -0.2338 0.9588 0.1615
vn 0.4886 0.6337 -0.5998
vn 0.5190 0.6367 -0.5704
vn 0.3554 0.8237 -0.4418
vn 0.3767 0.8261 -0.4192
vn 0.1958 0.9483 -0.2497
vn 0.2070 0.9491 -0.2374
vn 0.4192 0.6265 -0.6571
vn 0.4561 0.6312 -0.6273
vn 0.3057 0.8199 -0.4840
vn 0.3323 0.8223 -0.4619
vn 0.1687 0.9470 -0.2735
vn 0.1828 0.9479 -0.2608
vn -0.4336 0.6925 0.5766
vn -0.3143 0.8547 0.4132
vn -0.1746 0.9591 0.2230
vn -0.4002 0.6888 0.6045
vn -0.2903 0.8530 0.4338
vn -0.1616 0.9584 0.2353
vn -0.3649 0.6841 0.6316
vn -0.2658 0.8495 0.4558
vn -0.1480 0.9574 0.2479
vn -0.3320 0.6770 0.6569
vn -0.2427 0.8450 0.4765
vn -0.1356 0.9558 0.2610
vn 0.3452 0.6119 -0.7116
vn 0.3777 0.6200 -0.6878
vn 0.2545 0.8097 -0.5288
vn 0.2767 0.8156 -0.5082
vn 0.1419 0.9431 -0.3006
vn 0.1529 0.9457 -0.2867
vn -0.0440 0.4309 0.9013
vn -0.1672 0.6464 0.7445
vn -0.0335 0.7382 0.6737
vn -0.1250 0.8297 0.5441
vn -0.0179 0.9350 0.3542
vn -0.0732 0.9503 0.3025
vn -0.3089 0.6696 0.6754
vn -0.2278 0.8386 0.4948
vn -0.1282 0.9534 0.2733
vn 0.3306 0.6061 -0.7234
vn 0.2451 0.8048 -0.5405
vn 0.1370 0.9414 -0.3083
vn 0.6520 0.6350 -0.4144
vn 0.4737 0.8254 -0.3070
vn 0.2598 0.9494 -0.1767
vn 0.6871 0.6268 -0.3674
vn 0.5025 0.8197 -0.2749
vn 0.2773 0.9474 -0.1600
vn -0.6064 0.6909 0.3937
vn -0.6306 0.6859 0.3631
vn -0.4400 0.8532 0.2801
vn -0.4600 0.8493 0.2589
vn -0.2454 0.9580 0.1487
vn -0.2577 0.9564 0.1371
vn -0.9061 0.4196 0.0534
vn -0.6853 0.7274 0.0346
vn -0.3701 0.9289 0.0106
vn -0.7310 0.6558 0.1884
vn -0.5368 0.8329 0.1344
vn -0.3072 0.9490 0.0713
vn 0.7060 0.6186 -0.3448
vn 0.5212 0.8127 -0.2605
vn 0.2902 0.9446 -0.1531
vn -0.6483 0.6801 0.3423
vn -0.4761 0.8445 0.2455
vn -0.2684 0.9544 0.1304
vn 0.8028 0.3552 -0.4789
vn -0.8810 -0.1397 -0.4520
vn -0.8815 -0.1400 -0.4509
vn 0.7992 0.3558 -0.4845
vn -0.2681 0.1621 -0.9497
vn -0.2683 0.1622 -0.9496
vn -0.2684 0.1622 -0.9496
vn -0.8556 -0.1208 -0.5034
vn 0.4718 0.3429 -0.8123
vn 0.4781 0.3436 -0.8083
vn 0.9439 0.2096 0.2550
vn 0.9439 0.2096 0.2551
vn 0.5286 -0.0588 0.8468
vn 0.1182 -0.1932 0.9740
vn 0.4755 -0.0802 0.8761
vn 0.0011 0.9305 0.3664
vn 0.0003 0.7183 0.6958
vn -0.0006 0.3951 0.9186
vn -0.9251 0.0065 0.3796
vn -0.3859 0.0137 0.9224
vn -0.7085 0.0109 0.7056
vn 0.6825 -0.6897 -0.2418
vn 0.6575 -0.7535 0.0029
vn 0.3571 -0.3479 0.8669
vn 0.7045 -0.7092 -0.0286
vn 0.3846 -0.3759 0.8431
vn -0.9225 0.3858 -0.0078
vn -0.7041 0.7100 -0.0134
vn -0.3818 0.9241 -0.0169
vn 0.6820 -0.2737 -0.6782
vn 0.7512 -0.0220 -0.6597
vn 0.2960 0.9032 -0.3107
vn 0.7057 -0.0667 -0.7054
vn 0.2455 -0.6981 -0.6726
vn -0.0167 -0.6716 -0.7407
vn -0.8699 -0.3536 -0.3439
vn 0.0286 -0.7205 -0.6929
vn 0.0004 0.3900 -0.9208
vn 0.0004 0.4108 -0.9117
vn 0.0017 0.7199 -0.6941
vn 0.0021 0.8047 -0.5936
vn 0.0027 0.9273 -0.3742
vn -0.1250 0.9921 -0.0103
vn 0.0445 0.9960 0.0777
vn 0.3347 0.9422 -0.0167
vn 0.5041 0.8635 -0.0151
vn 0.6701 0.7422 -0.0128
vn 0.8451 0.5345 -0.0088
vn 0.9144 0.4048 -0.0064
vn -0.2999 0.9099 0.2867
vn -0.4253 0.8053 0.4130
vn -0.5545 0.6404 0.5314
vn -0.6748 0.3100 0.6698
vn -0.4382 0.7916 0.4259
vn -0.6562 0.3835 0.6498
vn -0.4005 -0.0128 -0.9162
vn -0.7254 -0.0095 -0.6882
vn -0.9301 -0.0049 -0.3672
vn -0.4210 -0.0126 -0.9070
vn -0.8234 -0.0078 -0.5674
vn -0.9914 0.1304 0.0090
vn -0.4001 -0.9164 0.0121
vn -0.5028 -0.8643 0.0113
vn -0.7260 -0.6877 0.0087
vn -0.8930 -0.4499 0.0052
vn -0.9307 -0.3658 0.0041
vn -0.9932 -0.0684 0.0937
vn -0.8956 0.3196 0.3094
vn -0.7954 0.4360 0.4210
vn -0.6421 0.5508 0.5333
vn -0.3427 0.6730 0.6554
vn -0.3279 0.6790 0.6568
vn -0.7844 0.4454 0.4316
vn -0.4350 0.6464 0.6268
vn -0.1205 0.0160 0.9926
vn -0.0004 -0.3541 0.9352
vn -0.0005 -0.5594 0.8289
vn -0.0004 -0.6775 0.7355
vn -0.0004 -0.9100 0.4145
vn 0.3570 0.0142 0.9340
vn 0.5182 0.0128 0.8552
vn 0.8113 0.0087 0.5845
vn 0.9139 0.0060 0.4060
vn 0.0665 0.1078 0.9919
vn 0.3757 0.0139 0.9266
vn 0.5246 0.0128 0.8513
vn -0.3167 0.3314 0.8887
vn -0.5380 0.4555 0.7092
vn -0.5443 0.5561 0.6281
vn -0.6680 0.6754 0.3125
vn -0.3402 0.3550 0.8708
vn -0.0001 0.9185 -0.3954
vn -0.0005 0.6975 -0.7165
vn -0.0008 0.3827 -0.9239
vn 0.9251 0.3796 0.0085
vn 0.7071 0.7071 -0.0089
vn 0.3830 0.9237 -0.0122
vn -0.6533 0.3916 0.6479
vn -0.5006 0.7132 0.4907
vn -0.2708 0.9273 0.2583
vn -0.9235 -0.0052 -0.3836
vn -0.7066 -0.0098 -0.7076
vn -0.3821 -0.0129 -0.9240
vn -0.9238 -0.3828 0.0044
vn -0.7072 -0.7069 0.0089
vn -0.3835 -0.9234 0.0122
vn -0.3827 0.6637 0.6428
vn -0.7080 0.5065 0.4921
vn -0.9244 0.2745 0.2650
vn -0.0004 -0.9181 0.3963
vn -0.0004 -0.6960 0.7181
vn -0.0004 -0.3687 0.9295
vn 0.9238 0.0057 0.3827
vn 0.7067 0.0107 0.7074
vn 0.3823 0.0140 0.9239
vn -0.6518 0.6602 0.3733
vn -0.4991 0.5118 0.6993
vn -0.2707 0.2857 0.9193
vn 0.3819 -0.0126 -0.9241
vn 0.7071 -0.0098 -0.7071
vn 0.7070 -0.0098 -0.7071
vn 0.9243 -0.0054 -0.3815
vn -0.5785 0.0102 0.8156
vn -0.5240 0.0942 0.8465
vn -0.2026 0.0010 0.9793
vn 0.8242 -0.0056 0.5662
vn 0.3867 0.0021 0.9222
vn 0.8343 -0.0050 0.5513
vn 0.9866 0.0015 0.1635
vn 0.3817 0.0021 0.9243
vn 0.3817 0.0236 0.9240
vn 0.0011 0.1497 -0.9887
vn 0.0084 0.3699 -0.9290
vn -0.0091 0.9181 -0.3963
vn 0.0083 0.9161 -0.4008
vn 0.0083 0.9181 -0.3963
vn -0.0000 0.8234 0.5674
vn 0.0074 0.9300 0.3675
vn 0.0108 0.5508 -0.8346
vn 0.0095 0.9820 0.1884
vn -0.0846 0.8557 0.5106
vn -0.0004 0.7718 0.6359
vn 0.0014 -0.9782 0.2075
vn -0.1472 -0.9732 0.1767
vn -0.0107 -0.3686 0.9295
vn -0.1048 -0.3666 0.9244
vn 0.0031 -0.9184 0.3957
vn 0.0030 0.3975 0.9176
vn 0.7074 -0.7068 0.0111
vn 0.7077 -0.7065 0.0110
vn 0.9235 -0.3834 0.0062
vn 0.3821 -0.9240 0.0143
vn -0.9241 -0.3820 0.0055
vn -0.1613 -0.9868 0.0151
vn -0.8110 0.5850 -0.0092
vn -0.9241 -0.3822 0.0055
vn -0.9258 -0.3780 0.0055
vn -0.1600 -0.9870 0.0149
vn -0.1604 -0.0129 -0.9870
vn -0.0210 0.1231 -0.9922
vn -0.9219 -0.0191 -0.3869
vn -0.5660 -0.0221 -0.8241
vn -0.5524 -0.0216 -0.8333
vn -0.9795 -0.0076 0.2015
vn -0.8134 0.0077 0.5816
vn -0.1626 -0.0128 -0.9866
vn -0.9242 -0.0046 -0.3818
vn -0.9239 -0.0191 -0.3823
vn 0.0001 -0.9289 -0.3704
vn 0.0004 -0.7170 -0.6971
vn 0.0004 -0.7172 -0.6969
vn 0.0007 -0.3955 -0.9185
vn -0.5819 0.8132 -0.0128
vn 0.3841 0.9232 -0.0140
vn 0.3881 0.9212 -0.0265
vn 0.9874 0.1585 -0.0022
vn 0.9864 0.1645 -0.0021
vn -0.2010 0.9793 -0.0247
vn 0.8241 0.5662 -0.0183
vn 0.3840 0.9229 -0.0265
vn 0.9967 0.0808 -0.0009
vn -0.3198 0.2861 -0.9032
vn -0.3020 0.3044 -0.9034
vn -0.4682 0.4344 -0.7695
vn -0.4416 0.4603 -0.7701
vn -0.6572 0.7086 -0.2568
vn -0.7182 0.6959 0.0004
vn -0.6764 0.7366 0.0006
vn -0.3371 0.2696 -0.9020
vn -0.4925 0.4096 -0.7679
vn -0.6981 0.6686 -0.2563
vn -0.7553 0.6553 -0.0012
vn 0.2723 -0.3210 -0.9071
vn 0.2531 -0.3375 -0.9067
vn 0.4152 -0.4725 -0.7774
vn 0.5937 -0.7405 -0.3148
vn 0.6739 -0.7355 -0.0699
vn 0.6376 -0.7032 -0.3145
vn 0.2316 -0.3538 -0.9062
vn 0.3851 -0.4974 -0.7773
vn 0.5452 -0.7776 -0.3132
vn 0.6273 -0.7757 -0.0694
vn -0.2625 0.3382 -0.9037
vn -0.2826 0.3222 -0.9035
vn -0.3843 0.5090 -0.7702
vn -0.6131 0.7473 -0.2564
vn -0.5847 0.8112 -0.0020
vn -0.5681 0.7817 -0.2571
vn -0.4120 0.4846 -0.7716
vn -0.6308 0.7760 -0.0009
vn 0.2906 -0.3043 -0.9071
vn 0.3069 -0.2880 -0.9071
vn 0.4428 -0.4468 -0.7774
vn 0.4660 -0.4206 -0.7784
vn 0.7129 -0.6255 -0.3171
vn 0.7167 -0.6937 -0.0714
vn 0.7539 -0.6530 -0.0723
vn 0.6779 -0.6634 -0.3168
vn 0.3222 -0.2708 -0.9071
vn 0.3386 -0.2509 -0.9069
vn 0.4915 -0.3952 -0.7760
vn 0.5159 -0.3642 -0.7753
vn 0.7802 -0.5383 -0.3185
vn 0.7889 -0.6098 -0.0754
vn 0.8250 -0.5597 -0.0781
vn 0.7457 -0.5849 -0.3191
vn -0.3530 0.2509 -0.9014
vn -0.5151 0.3821 -0.7672
vn -0.7339 0.6290 -0.2564
vn -0.7908 0.6121 -0.0006
vn -0.3703 0.2314 -0.8996
vn -0.5391 0.3535 -0.7645
vn -0.7688 0.5868 -0.2542
vn -0.8253 0.5646 -0.0010
vn -0.3880 0.2110 -0.8972
vn -0.5640 0.3245 -0.7593
vn -0.8023 0.5402 -0.2541
vn -0.8576 0.5143 -0.0024
vn -0.4074 0.1929 -0.8926
vn -0.5869 0.2985 -0.7526
vn -0.8344 0.4908 -0.2509
vn -0.8843 0.4668 -0.0010
vn 0.3569 -0.2299 -0.9054
vn 0.3733 -0.2138 -0.9027
vn 0.5433 -0.3303 -0.7718
vn 0.5649 -0.3049 -0.7668
vn 0.8389 -0.4454 -0.3129
vn 0.8603 -0.5034 -0.0798
vn 0.8849 -0.4590 -0.0791
vn 0.8147 -0.4861 -0.3163
vn -0.4551 0.1018 -0.8846
vn -0.3889 -0.0144 -0.9212
vn -0.8248 0.1879 -0.5333
vn -0.7164 -0.0109 -0.6976
vn -0.9759 0.2108 -0.0564
vn -0.9343 -0.0052 -0.3565
vn -0.1920 0.0732 -0.9787
vn -0.6086 0.2800 -0.7425
vn -0.8626 0.4429 -0.2445
vn -0.9018 0.4321 0.0066
vn -0.6213 0.2754 -0.7336
vn -0.8833 0.4107 -0.2261
vn 0.3843 -0.2070 -0.8997
vn 0.5772 -0.2955 -0.7612
vn 0.8954 -0.4386 -0.0768
vn 0.8509 -0.4253 -0.3084
vn 0.2046 -0.3735 -0.9048
vn 0.3526 -0.5233 -0.7758
vn 0.4819 -0.8193 -0.3108
vn 0.5753 -0.8150 -0.0693
vn 0.1817 -0.3960 -0.9001
vn 0.3102 -0.5563 -0.7709
vn 0.4230 -0.8544 -0.3017
vn 0.5060 -0.8599 -0.0674
vn -0.2247 0.3720 -0.9006
vn -0.2427 0.3542 -0.9031
vn -0.3313 0.5535 -0.7641
vn -0.5211 0.8141 -0.2562
vn -0.4922 0.8705 -0.0008
vn -0.4752 0.8439 -0.2490
vn -0.3553 0.5310 -0.7693
vn -0.5372 0.8435 -0.0025
vn -0.0015 0.3664 -0.9304
vn 0.0076 0.7004 -0.7137
vn 0.0153 0.9262 -0.3766
vn -0.1240 0.4305 -0.8940
vn -0.2056 0.8131 -0.5445
vn -0.2183 0.9744 -0.0548
vn 0.1711 -0.4125 -0.8948
vn 0.2718 -0.5891 -0.7609
vn 0.3914 -0.8730 -0.2909
vn 0.4399 -0.8959 -0.0616
vn 0.4075 -0.9116 -0.0542
vn 0.2566 -0.6082 -0.7512
vn 0.3838 -0.8752 -0.2946
vn -0.2144 0.3877 -0.8965
vn -0.4447 0.8646 -0.2339
vn -0.3144 0.5737 -0.7563
vn -0.4596 0.8881 0.0053
vn -0.4839 0.5451 0.6846
vn -0.5145 0.5156 0.6851
vn -0.3461 0.3994 0.8489
vn -0.3687 0.3785 0.8490
vn -0.1873 0.2295 0.9551
vn -0.2001 0.2179 0.9552
vn -0.5428 0.4872 0.6842
vn -0.3892 0.3579 0.8488
vn -0.2115 0.2063 0.9553
vn 0.4879 -0.5832 0.6494
vn 0.5234 -0.5522 0.6490
vn 0.3576 -0.4172 0.8355
vn 0.3833 -0.3949 0.8350
vn 0.2008 -0.2204 0.9545
vn 0.2154 -0.2090 0.9539
vn 0.4487 -0.6139 0.6495
vn 0.3295 -0.4397 0.8355
vn 0.1856 -0.2328 0.9546
vn -0.4507 0.5736 0.6840
vn -0.4176 0.6005 0.6819
vn -0.3221 0.4204 0.8483
vn -0.2985 0.4402 0.8468
vn -0.1739 0.2411 0.9548
vn -0.1612 0.2528 0.9540
vn 0.5858 -0.4907 0.6451
vn 0.5571 -0.5214 0.6464
vn 0.4297 -0.3513 0.8318
vn 0.4078 -0.3726 0.8336
vn 0.2407 -0.1852 0.9528
vn 0.2281 -0.1963 0.9536
vn 0.6449 -0.4227 0.6368
vn 0.6146 -0.4595 0.6412
vn 0.4734 -0.3028 0.8272
vn 0.4504 -0.3284 0.8303
vn 0.2656 -0.1594 0.9508
vn 0.2528 -0.1733 0.9519
vn -0.5707 0.4570 0.6822
vn -0.4098 0.3363 0.8479
vn -0.2235 0.1945 0.9551
vn -0.5989 0.4239 0.6794
vn -0.4316 0.3132 0.8460
vn -0.2358 0.1817 0.9547
vn -0.6265 0.3891 0.6753
vn -0.4533 0.2887 0.8433
vn -0.2487 0.1684 0.9538
vn -0.6527 0.3568 0.6684
vn -0.4753 0.2663 0.8386
vn -0.2624 0.1564 0.9522
vn 0.7011 -0.3505 0.6209
vn 0.6769 -0.3824 0.6289
vn 0.5199 -0.2530 0.8159
vn 0.4983 -0.2743 0.8225
vn 0.2927 -0.1330 0.9469
vn 0.2793 -0.1440 0.9494
vn -0.9023 0.0701 0.4254
vn -0.7440 0.1933 0.6396
vn -0.6762 0.0596 0.7343
vn -0.5447 0.1498 0.8252
vn -0.3585 0.0404 0.9326
vn -0.3049 0.0948 0.9476
vn -0.6714 0.3338 0.6617
vn -0.4937 0.2517 0.8324
vn -0.2744 0.1489 0.9500
vn 0.7136 -0.3364 0.6145
vn 0.5309 -0.2434 0.8117
vn 0.3008 -0.1284 0.9450
vn 0.3976 -0.6507 0.6469
vn 0.2933 -0.4674 0.8339
vn 0.1660 -0.2475 0.9546
vn 0.3498 -0.6850 0.6391
vn 0.2606 -0.4957 0.8285
vn 0.1496 -0.2651 0.9525
vn -0.3840 0.6257 0.6789
vn -0.3528 0.6491 0.6740
vn -0.2748 0.4598 0.8444
vn -0.2531 0.4790 0.8406
vn -0.1480 0.2642 0.9530
vn -0.1361 0.2761 0.9515
vn -0.0360 0.9135 0.4052
vn -0.0233 0.6966 0.7171
vn -0.0071 0.3837 0.9234
vn -0.1759 0.7452 0.6432
vn -0.1268 0.5531 0.8234
vn -0.0690 0.3229 0.9439
vn 0.3268 -0.7032 0.6315
vn 0.2456 -0.5137 0.8221
vn 0.1422 -0.2779 0.9500
vn -0.3315 0.6663 0.6679
vn -0.2392 0.4946 0.8356
vn -0.1295 0.2867 0.9492
vn 0.4643 -0.8044 0.3707
vn 0.4656 -0.8036 0.3707
vn 0.9559 0.2449 0.1622
vn 0.9559 0.2448 0.1623
vn 0.5213 0.8425 -0.1358
vn 0.7979 -0.4868 0.3555
vn 0.7975 -0.4870 0.3561
vn -0.2745 -0.9352 0.2239
vn -0.2745 -0.9351 0.2239
vn -0.2748 -0.9351 0.2239
vn -0.8565 -0.5129 -0.0579
vn -0.9755 -0.0993 -0.1962
vn 0.8371 0.3886 0.3850
vn 0.8367 0.3709 0.4030
vn 0.6773 0.5247 0.5157
vn 0.6766 0.4998 0.5407
vn 0.1226 0.6769 0.7258
vn -0.1348 0.7169 0.6841
vn -0.1362 0.6752 0.7249
vn 0.8378 0.4033 0.3680
vn 0.6773 0.5489 0.4899
vn 0.1231 0.7162 0.6869
vn -0.1327 0.7539 0.6434
vn 0.9562 -0.2025 -0.2114
vn 0.9562 -0.1826 -0.2288
vn 0.8562 -0.3542 -0.3760
vn 0.4416 -0.5694 -0.6934
vn 0.2043 -0.6675 -0.7160
vn 0.4414 -0.6125 -0.6557
vn 0.9556 -0.1639 -0.2449
vn 0.8565 -0.3242 -0.4017
vn 0.4409 -0.5206 -0.7311
vn 0.2049 -0.6218 -0.7559
vn 0.8366 0.3304 0.4370
vn 0.8371 0.3490 0.4214
vn 0.6752 0.4423 0.5903
vn 0.1222 0.6307 0.7664
vn -0.1368 0.5840 0.8001
vn 0.1202 0.5869 0.8007
vn 0.6773 0.4684 0.5673
vn -0.1364 0.6297 0.7647
vn 0.9554 -0.2220 -0.1948
vn 0.9549 -0.2373 -0.1786
vn 0.8546 -0.3844 -0.3492
vn 0.8549 -0.4049 -0.3243
vn 0.4410 -0.6864 -0.5783
vn 0.2046 -0.7100 -0.6738
vn 0.2050 -0.7464 -0.6332
vn 0.4399 -0.6544 -0.6150
vn 0.9544 -0.2516 -0.1607
vn 0.9525 -0.2697 -0.1417
vn 0.8519 -0.4313 -0.2972
vn 0.8488 -0.4562 -0.2673
vn 0.4358 -0.7546 -0.4905
vn 0.2040 -0.7821 -0.5889
vn 0.2037 -0.8174 -0.5388
vn 0.4385 -0.7203 -0.5375
vn 0.8373 0.4202 0.3498
vn 0.6771 0.5723 0.4626
vn 0.1259 0.7504 0.6489
vn -0.1296 0.7891 0.6004
vn 0.8358 0.4396 0.3289
vn 0.6736 0.5998 0.4319
vn 0.1276 0.7863 0.6045
vn -0.1255 0.8237 0.5530
vn 0.8346 0.4560 0.3090
vn 0.6722 0.6205 0.4039
vn 0.1288 0.8198 0.5580
vn -0.1216 0.8551 0.5040
vn 0.8307 0.4753 0.2897
vn 0.6681 0.6413 0.3774
vn 0.1293 0.8506 0.5096
vn -0.1205 0.8827 0.4542
vn 0.9505 -0.2863 -0.1206
vn 0.9460 -0.3067 -0.1050
vn 0.8437 -0.4830 -0.2344
vn 0.8352 -0.5087 -0.2090
vn 0.4267 -0.8116 -0.3991
vn 0.2018 -0.8528 -0.4816
vn 0.1983 -0.8761 -0.4394
vn 0.4310 -0.7887 -0.4383
vn 0.8305 0.5206 0.1981
vn 0.8849 0.4574 0.0878
vn 0.4464 0.8619 0.2405
vn 0.6397 0.7661 0.0624
vn -0.0409 0.9776 0.2064
vn 0.2831 0.9587 0.0267
vn 0.9463 0.2662 0.1833
vn 0.6575 0.6627 0.3585
vn 0.1223 0.8806 0.4578
vn -0.1229 0.8997 0.4188
vn 0.6460 0.6780 0.3507
vn 0.1115 0.8982 0.4252
vn 0.9438 -0.3154 -0.0989
vn 0.8335 -0.5145 -0.2014
vn 0.1935 -0.8877 -0.4178
vn 0.4177 -0.8267 -0.3769
vn 0.9548 -0.1360 -0.2645
vn 0.8546 -0.2953 -0.4271
vn 0.4376 -0.4580 -0.7738
vn 0.2052 -0.5693 -0.7961
vn 0.9511 -0.1119 -0.2880
vn 0.8518 -0.2507 -0.4600
vn 0.4305 -0.3996 -0.8093
vn 0.2033 -0.5003 -0.8417
vn 0.8324 0.2937 0.4700
vn 0.8351 0.3111 0.4537
vn 0.6686 0.3900 0.6331
vn 0.1205 0.5406 0.8326
vn -0.1369 0.4918 0.8599
vn 0.1132 0.4936 0.8623
vn 0.6735 0.4134 0.6127
vn -0.1355 0.5367 0.8328
vn 0.8793 0.0725 0.4707
vn 0.6260 0.0472 0.7784
vn 0.2674 0.0144 0.9635
vn 0.8272 0.1915 0.5283
vn 0.4290 0.2474 0.8688
vn -0.0752 0.2230 0.9719
vn 0.9466 -0.1034 -0.3054
vn 0.8424 -0.2134 -0.4949
vn 0.4191 -0.3689 -0.8296
vn 0.1981 -0.4350 -0.8784
vn 0.1893 -0.4032 -0.8953
vn 0.8332 -0.2005 -0.5153
vn 0.4223 -0.3612 -0.8314
vn 0.8266 0.2825 0.4867
vn 0.1006 0.4619 0.8812
vn 0.6588 0.3701 0.6550
vn -0.1417 0.4589 0.8771
vn -0.7777 0.4308 0.4578
vn -0.7766 0.4622 0.4280
vn -0.9127 0.2819 0.2959
vn -0.9122 0.3039 0.2750
vn -0.9865 0.1157 0.1163
vn -0.9863 0.1275 0.1048
vn -0.7751 0.4895 0.3996
vn -0.9112 0.3241 0.2542
vn -0.9857 0.1404 0.0933
vn -0.5393 -0.5376 -0.6482
vn -0.5404 -0.5708 -0.6182
vn -0.7526 -0.4208 -0.5065
vn -0.7527 -0.4455 -0.4847
vn -0.9045 -0.2735 -0.3274
vn -0.9045 -0.2872 -0.3151
vn -0.5386 -0.4973 -0.6801
vn -0.7525 -0.3921 -0.5292
vn -0.9046 -0.2579 -0.3394
vn -0.7778 0.3979 0.4865
vn -0.7765 0.3651 0.5136
vn -0.9126 0.2578 0.3173
vn -0.9119 0.2341 0.3372
vn -0.9865 0.1018 0.1281
vn -0.9862 0.0886 0.1397
vn -0.5376 -0.6339 -0.5560
vn -0.5393 -0.6042 -0.5866
vn -0.7510 -0.4919 -0.4404
vn -0.7525 -0.4697 -0.4616
vn -0.9042 -0.3129 -0.2908
vn -0.9044 -0.3003 -0.3032
vn -0.5325 -0.6922 -0.4871
vn -0.5360 -0.6619 -0.5241
vn -0.7487 -0.5353 -0.3911
vn -0.7504 -0.5124 -0.4174
vn -0.9040 -0.3356 -0.2649
vn -0.9041 -0.3239 -0.2787
vn -0.7719 0.5173 0.3695
vn -0.9098 0.3434 0.2330
vn -0.9855 0.1490 0.0813
vn -0.7670 0.5460 0.3370
vn -0.9061 0.3672 0.2099
vn -0.9843 0.1630 0.0684
vn -0.7606 0.5741 0.3030
vn -0.9026 0.3885 0.1855
vn -0.9830 0.1753 0.0548
vn -0.7527 0.5999 0.2711
vn -0.8970 0.4107 0.1635
vn -0.9804 0.1920 0.0432
vn -0.5220 -0.7462 -0.4133
vn -0.5279 -0.7234 -0.4451
vn -0.7400 -0.5804 -0.3401
vn -0.7457 -0.5593 -0.3621
vn -0.9009 -0.3630 -0.2379
vn -0.9028 -0.3504 -0.2494
vn -0.4978 0.8672 0.0118
vn -0.7120 0.6934 0.1110
vn -0.7845 0.6193 -0.0319
vn -0.8753 0.4811 0.0486
vn -0.9550 0.2880 -0.0705
vn -0.9725 0.2324 -0.0177
vn -0.7444 0.6195 0.2493
vn -0.8908 0.4293 0.1493
vn -0.9791 0.2002 0.0361
vn -0.5166 -0.7583 -0.3976
vn -0.7357 -0.5917 -0.3297
vn -0.8983 -0.3723 -0.2334
vn -0.5359 -0.4462 -0.7168
vn -0.7503 -0.3560 -0.5570
vn -0.9042 -0.2389 -0.3541
vn -0.5280 -0.3980 -0.7502
vn -0.7440 -0.3232 -0.5849
vn -0.9016 -0.2210 -0.3719
vn -0.7738 0.3319 0.5394
vn -0.7692 0.3013 0.5635
vn -0.9102 0.2104 0.3568
vn -0.9068 0.1893 0.3767
vn -0.9856 0.0757 0.1515
vn -0.9844 0.0638 0.1638
vn -0.5099 0.0061 0.8602
vn -0.7925 -0.0304 0.6091
vn -0.9594 -0.0625 0.2751
vn -0.7363 0.1275 0.6645
vn -0.8890 0.0646 0.4533
vn -0.9773 -0.0024 0.2118
vn -0.5199 -0.3744 -0.7678
vn -0.7365 -0.3080 -0.6022
vn -0.8976 -0.2159 -0.3844
vn -0.7635 0.2805 0.5817
vn -0.9027 0.1756 0.3927
vn -0.9831 0.0561 0.1742
vn -0.2391 -0.4876 -0.8397
vn 0.0857 -0.4579 0.8849
vn 0.0859 -0.4568 0.8854
vn -0.2392 -0.4934 -0.8363
vn -0.1178 -0.9639 0.2387
vn -0.1178 -0.9639 0.2386
vn -0.1181 -0.9639 0.2387
vn 0.0723 -0.5109 0.8566
vn -0.2354 -0.8251 -0.5137
vn -0.2355 -0.8216 -0.5192
vn -0.1360 0.2563 -0.9570
vn -0.1354 0.2573 -0.9568
vn 0.0477 0.8580 -0.5114
vn 0.1329 0.9875 -0.0847
vn 0.0625 0.8884 -0.4549
vn -0.6787 0.4964 0.5413
vn -0.6038 0.6470 0.4657
vn -0.6038 0.6469 0.4658
vn -0.6039 0.6468 0.4658
vn -0.0597 -0.7737 0.6307
vn -0.0598 -0.7737 0.6307
vn -0.0598 -0.7738 0.6306
vn 0.4841 -0.4411 -0.7557
vn 0.4841 -0.4412 -0.7557
vn -0.6890 0.5456 0.4772
vn -0.6890 0.5455 0.4772
vn -0.0618 0.5970 -0.7999
vn -0.0619 0.5970 -0.7999
vn -0.0619 0.5969 -0.7999
vn -0.2285 -0.5893 -0.7749
vn 0.1015 0.7815 0.6155
vn -0.8059 0.3786 -0.4552
vn -0.0025 -0.4529 -0.8916
vn -0.4735 0.6549 -0.5889
vn 0.4582 0.8128 0.3597
vn -0.3433 -0.5053 0.7917
vn 0.2720 -0.8471 0.4566
vn 0.1407 0.3629 0.9212
vn 0.1236 0.8846 -0.4497
vn -0.8974 -0.1193 -0.4248
vn 0.4343 0.8899 -0.1400
vn -0.8969 -0.4283 -0.1102
vn 0.1174 -0.4235 0.8983
vn -0.6696 0.6849 -0.2873
vn 0.9904 0.0214 0.1364
vn 0.2781 0.6815 0.6770
vn 0.7801 0.2069 -0.5904
vn 0.2950 -0.3901 0.8723
vn 0.6223 -0.7314 0.2790
vn -0.8099 0.5610 -0.1710
vn -0.9663 -0.2415 -0.0897
vn 0.4747 -0.0806 0.8764
vn 0.8823 0.0071 0.4706
vn -0.3822 0.0028 0.9241
vn 0.9234 -0.0046 0.3838
vn 0.0103 0.5387 -0.8424
vn -0.0006 -0.9190 0.3943
vn -0.0007 0.3975 0.9176
vn -0.9259 -0.3778 0.0055
vn 0.8321 0.5544 -0.0176
vn 0.1116 0.9603 -0.2559
vn 0.1510 -0.0919 0.9843
vn 0.0628 0.8889 -0.4537
vt 0.757132 0.733556
vt 0.752506 0.733510
vt 0.754280 0.730986
vt 0.886390 0.772512
vt 0.877609 0.764021
vt 0.887680 0.770496
vt 0.749512 0.731053
vt 0.744544 0.731235
vt 0.746388 0.728734
vt 0.870592 0.730758
vt 0.860394 0.725417
vt 0.861781 0.723540
vt 0.739912 0.724618
vt 0.738620 0.720459
vt 0.741791 0.722179
vt 0.896698 0.778578
vt 0.897962 0.776543
vt 0.910657 0.757571
vt 0.920912 0.765513
vt 0.909452 0.759571
vt 0.889971 0.744909
vt 0.878720 0.739866
vt 0.880040 0.737940
vt 0.745013 0.724120
vt 0.748215 0.726255
vt 0.741286 0.729057
vt 0.743159 0.726579
vt 0.852104 0.718039
vt 0.853531 0.716179
vt 0.832507 0.730177
vt 0.841726 0.735736
vt 0.840304 0.737666
vt 0.848469 0.744903
vt 0.858534 0.750071
vt 0.857166 0.752035
vt 0.843771 0.710006
vt 0.845218 0.708176
vt 0.833234 0.699034
vt 0.834677 0.697242
vt 0.817397 0.713721
vt 0.826399 0.720355
vt 0.824906 0.722245
vt 0.736722 0.722877
vt 0.735473 0.718946
vt 0.818715 0.683568
vt 0.820126 0.681775
vt 0.801509 0.665837
vt 0.802900 0.663936
vt 0.810032 0.704694
vt 0.818939 0.711862
vt 0.730270 0.719974
vt 0.728991 0.716442
vt 0.732289 0.717617
vt 0.907230 0.784255
vt 0.908471 0.782201
vt 0.918324 0.789704
vt 0.919540 0.787627
vt 0.938353 0.770662
vt 0.961431 0.782291
vt 0.937262 0.772698
vt 0.747697 0.733576
vt 0.930272 0.795041
vt 0.931461 0.792951
vt 0.942687 0.800232
vt 0.943857 0.798131
vt 0.962505 0.780269
vt 0.989872 0.793735
vt 0.758779 0.739686
vt 0.753761 0.738872
vt 0.755450 0.736200
vt 0.878919 0.762031
vt 0.888965 0.768485
vt 0.863874 0.741382
vt 0.851419 0.740746
vt 0.855110 0.734205
vt 0.869239 0.732661
vt 0.859004 0.727303
vt 0.850507 0.720178
vt 0.838857 0.719152
vt 0.842160 0.712120
vt 0.899223 0.774513
vt 0.909708 0.780151
vt 0.888686 0.746859
vt 0.897704 0.755424
vt 0.887397 0.748813
vt 0.877396 0.741798
vt 0.898956 0.753443
vt 0.908243 0.761579
vt 0.867834 0.757150
vt 0.849863 0.742957
vt 0.859899 0.748113
vt 0.851253 0.741017
vt 0.842317 0.711841
vt 0.858837 0.727573
vt 0.846888 0.726914
vt 0.833962 0.728265
vt 0.843145 0.733814
vt 0.835414 0.726361
vt 0.817306 0.685355
vt 0.829865 0.709660
vt 0.831670 0.701138
vt 0.827889 0.718474
vt 0.811711 0.702988
vt 0.820475 0.710016
vt 0.800241 0.667864
vt 0.899399 0.774251
vt 0.893309 0.761992
vt 0.903705 0.768085
vt 0.919757 0.767553
vt 0.936171 0.774741
vt 0.920750 0.785555
vt 0.932649 0.790865
vt 0.914698 0.773889
vt 0.920990 0.785323
vt 0.909894 0.779893
vt 0.960360 0.784315
vt 0.988609 0.795765
vt 0.945025 0.796029
vt 0.900203 0.751471
vt 0.767523 0.749427
vt 0.766197 0.742507
vt 0.768164 0.749265
vt 0.766928 0.742514
vt 0.768804 0.749102
vt 0.897530 0.755688
vt 0.908068 0.761843
vt 0.867883 0.734571
vt 0.887226 0.749078
vt 0.762809 0.744326
vt 0.757638 0.743033
vt 0.751311 0.728552
vt 0.935932 0.774971
vt 0.946594 0.787498
vt 0.928433 0.780152
vt 0.715995 0.715107
vt 0.709801 0.715105
vt 0.715895 0.714427
vt 0.709887 0.714382
vt 0.715797 0.713744
vt 0.843309 0.733541
vt 0.866491 0.759131
vt 0.889138 0.768222
vt 0.883134 0.755462
vt 0.869173 0.755175
vt 0.767412 0.749340
vt 0.763004 0.749199
vt 0.765394 0.742513
vt 0.762775 0.739439
vt 0.945103 0.795732
vt 0.933004 0.790682
vt 0.959995 0.784487
vt 0.966617 0.795898
vt 0.726348 0.718590
vt 0.725540 0.715407
vt 0.734802 0.725305
vt 0.733557 0.721346
vt 0.850672 0.719905
vt 0.820521 0.709606
vt 0.819058 0.697582
vt 0.738011 0.727074
vt 0.731620 0.723755
vt 0.873265 0.748526
vt 0.877227 0.742064
vt 0.922061 0.763483
vt 0.833162 0.866832
vt 0.791764 0.875765
vt 0.790988 0.874899
vt 0.919572 0.767811
vt 0.721461 0.717036
vt 0.722220 0.714532
vt 0.717287 0.718529
vt 0.716122 0.715178
vt 0.817281 0.685753
vt 0.806914 0.684932
vt 0.800567 0.668607
vt 0.813604 0.701168
vt 0.770094 0.756050
vt 0.769420 0.756347
vt 0.759948 0.736351
vt 0.770696 0.755693
vt 0.828013 0.718155
vt 0.876293 0.766019
vt 0.867715 0.734839
vt 0.835572 0.726080
vt 0.802666 0.686362
vt 0.728228 0.722335
vt 0.831787 0.700825
vt 0.804580 0.685501
vt 0.813357 0.701328
vt 0.860067 0.747845
vt 0.869342 0.754909
vt 0.879090 0.761766
vt 0.750718 0.736059
vt 0.723682 0.720711
vt 0.878237 0.828860
vt 0.812367 0.776866
vt 0.895708 0.833456
vt 0.729319 0.780727
vt 0.759256 0.822470
vt 0.758412 0.823120
vt 0.733092 0.782809
vt 0.760106 0.821822
vt 0.787730 0.852526
vt 0.798884 0.818715
vt 0.821484 0.835441
vt 0.736358 0.957321
vt 0.691143 0.886406
vt 0.696625 0.885335
vt 0.884011 0.862979
vt 0.833295 0.867824
vt 0.757155 0.909449
vt 0.736381 0.951903
vt 0.756168 0.909046
vt 0.804453 0.801833
vt 0.855206 0.818373
vt 0.768720 0.967084
vt 0.846059 0.936278
vt 0.755763 0.979947
vt 0.703455 0.804000
vt 0.741818 0.838150
vt 0.704411 0.806152
vt 0.791192 0.915253
vt 0.829192 0.917019
vt 0.789478 0.953253
vt 0.770870 0.869012
vt 0.741086 0.838927
vt 0.899090 0.850986
vt 0.850194 0.940767
vt 0.698268 0.785739
vt 0.685114 0.887580
vt 0.693640 0.767613
vt 0.738981 0.974888
vt 0.842081 0.931952
vt 0.882371 0.864210
vt 0.884123 0.863203
vt 0.778414 0.916213
vt 0.791635 0.875882
vt 0.779355 0.916444
vt 0.784852 0.861386
vt 0.746500 0.825710
vt 0.752670 0.824319
vt 0.814201 0.771051
vt 0.913548 0.838407
vt 0.790748 0.874768
vt 0.835034 0.861249
vt 0.833201 0.866641
vt 0.769307 0.966496
vt 0.841292 0.931080
vt 0.638140 0.976056
vt 0.683661 0.955591
vt 0.685668 0.985005
vt 0.777916 0.867615
vt 0.746311 0.825879
vt 0.783060 0.866534
vt 0.832756 0.850255
vt 0.828948 0.846133
vt 0.772653 0.917482
vt 0.778221 0.916232
vt 0.836966 0.855179
vt 0.913631 0.838784
vt 0.836914 0.854931
vt 0.758144 0.909848
vt 0.770907 0.869182
vt 0.772047 0.868939
vt 0.703231 0.804117
vt 0.698320 0.884971
vt 0.696955 0.885267
vt 0.711581 0.773758
vt 0.693927 0.767353
vt 0.736226 0.956482
vt 0.736198 0.954044
vt 0.736484 0.956493
vt 0.786839 0.870501
vt 0.766410 0.918759
vt 0.783269 0.866601
vt 0.703010 0.803312
vt 0.744319 0.831826
vt 0.742634 0.837198
vt 0.786636 0.855910
vt 0.742284 0.992981
vt 0.882253 0.864011
vt 0.833424 0.868818
vt 0.786996 0.854528
vt 0.786629 0.855636
vt 0.810596 0.782469
vt 0.874988 0.828401
vt 0.810166 0.783796
vt 0.706421 0.945358
vt 0.658893 0.936409
vt 0.679646 0.896762
vt 0.729457 0.780517
vt 0.731467 0.781675
vt 0.828834 0.845973
vt 0.787160 0.854582
vt 0.828533 0.844949
vt 0.766169 0.918681
vt 0.761980 0.914133
vt 0.742553 0.837375
vt 0.741921 0.992859
vt 0.733196 0.993955
vt 0.783222 0.866387
vt 0.787346 0.853463
vt 0.733199 0.782620
vt 0.809739 0.785108
vt 0.792388 0.876714
vt 0.780298 0.916673
vt 0.880890 0.865108
vt 0.770422 0.964947
vt 0.840511 0.930213
vt 0.704986 0.808070
vt 0.699672 0.884679
vt 0.769808 0.869416
vt 0.736172 0.951907
vt 0.884766 0.862688
vt 0.842306 0.932199
vt 0.769092 0.966357
vt 0.770233 0.964807
vt 0.771230 0.963513
vt 0.792512 0.876602
vt 0.772279 0.868797
vt 0.768106 0.869843
vt 0.734091 0.877988
vt 0.736569 0.850405
vt 0.717109 0.882054
vt 0.705062 0.830986
vt 0.758226 0.823182
vt 0.728685 0.780218
vt 0.770707 0.818894
vt 0.753700 0.785294
vt 0.787505 0.853515
vt 0.828229 0.843928
vt 0.830925 0.879001
vt 0.868905 0.880785
vt 0.792908 0.877216
vt 0.817109 0.903764
vt 0.758292 0.909977
vt 0.748621 0.901497
vt 0.729156 0.933121
vt 0.705186 0.807982
vt 0.810698 0.782148
vt 0.877405 0.828903
vt 0.874960 0.828650
vt 0.872835 0.828382
vt 0.736932 0.717212
vt 0.741545 0.717309
vt 0.739761 0.719815
vt 0.868636 0.799794
vt 0.860055 0.791540
vt 0.869896 0.797832
vt 0.744521 0.719758
vt 0.749443 0.719542
vt 0.747646 0.722042
vt 0.852625 0.758926
vt 0.842383 0.753927
vt 0.843695 0.752020
vt 0.754172 0.726002
vt 0.755588 0.730098
vt 0.752368 0.728489
vt 0.878627 0.805771
vt 0.879884 0.803802
vt 0.892608 0.785243
vt 0.902654 0.793245
vt 0.891395 0.787212
vt 0.872090 0.772644
vt 0.860866 0.767780
vt 0.862141 0.765850
vt 0.749094 0.726625
vt 0.745852 0.724538
vt 0.752699 0.721637
vt 0.750893 0.724133
vt 0.833929 0.746975
vt 0.835256 0.745098
vt 0.815138 0.759540
vt 0.824348 0.764677
vt 0.823017 0.766610
vt 0.831224 0.773441
vt 0.841202 0.778233
vt 0.839910 0.780187
vt 0.825471 0.739400
vt 0.826823 0.737556
vt 0.814760 0.729036
vt 0.816110 0.727226
vt 0.799780 0.743951
vt 0.808819 0.750134
vt 0.807422 0.752036
vt 0.757398 0.727632
vt 0.758771 0.731498
vt 0.799949 0.714427
vt 0.801261 0.712592
vt 0.782287 0.697885
vt 0.783438 0.696014
vt 0.792285 0.735375
vt 0.801225 0.742081
vt 0.763910 0.730298
vt 0.765305 0.733765
vt 0.761984 0.732712
vt 0.888794 0.811481
vt 0.890049 0.809500
vt 0.899489 0.817096
vt 0.900738 0.815091
vt 0.919687 0.798824
vt 0.941576 0.811330
vt 0.918543 0.800781
vt 0.746312 0.717253
vt 0.911049 0.822699
vt 0.912277 0.820650
vt 0.923282 0.827991
vt 0.924288 0.825912
vt 0.942741 0.809429
vt 0.968349 0.824433
vt 0.735387 0.711056
vt 0.740352 0.711987
vt 0.738643 0.714602
vt 0.861320 0.789588
vt 0.871156 0.795871
vt 0.846242 0.769581
vt 0.833994 0.769289
vt 0.837434 0.762758
vt 0.851332 0.760844
vt 0.841067 0.755837
vt 0.832442 0.749131
vt 0.820980 0.748528
vt 0.823968 0.741527
vt 0.881140 0.801833
vt 0.891302 0.807519
vt 0.870828 0.774588
vt 0.879784 0.783046
vt 0.869566 0.776533
vt 0.859587 0.769714
vt 0.881027 0.781089
vt 0.890178 0.789187
vt 0.850437 0.784951
vt 0.832533 0.771497
vt 0.842493 0.776283
vt 0.833840 0.769558
vt 0.824112 0.741248
vt 0.840912 0.756109
vt 0.829123 0.755863
vt 0.816497 0.757618
vt 0.825677 0.762748
vt 0.817855 0.755705
vt 0.798633 0.716262
vt 0.811841 0.739549
vt 0.813303 0.731153
vt 0.810212 0.748241
vt 0.793867 0.733657
vt 0.802662 0.740223
vt 0.781618 0.699886
vt 0.881315 0.801580
vt 0.875432 0.789514
vt 0.885617 0.795568
vt 0.901472 0.795238
vt 0.917404 0.802743
vt 0.901983 0.813087
vt 0.913491 0.818624
vt 0.896335 0.801436
vt 0.902224 0.812866
vt 0.891489 0.807271
vt 0.940426 0.813225
vt 0.966583 0.826400
vt 0.925275 0.823877
vt 0.882267 0.779136
vt 0.945722 0.829624
vt 0.945917 0.827622
vt 0.946116 0.825617
vt 0.879613 0.783307
vt 0.890003 0.789445
vt 0.850037 0.762765
vt 0.869399 0.776796
vt 0.731426 0.706246
vt 0.736592 0.707746
vt 0.742732 0.722259
vt 0.917162 0.802958
vt 0.927091 0.815666
vt 0.909658 0.807913
vt 0.778275 0.734638
vt 0.784376 0.734424
vt 0.778396 0.735300
vt 0.784286 0.735145
vt 0.778513 0.735964
vt 0.825829 0.762476
vt 0.849161 0.786903
vt 0.871326 0.795614
vt 0.865408 0.783120
vt 0.851713 0.783001
vt 0.727025 0.700828
vt 0.731384 0.701270
vt 0.728741 0.708016
vt 0.731400 0.711212
vt 0.925363 0.823599
vt 0.913840 0.818455
vt 0.940064 0.813368
vt 0.945732 0.825335
vt 0.767858 0.731537
vt 0.768773 0.734673
vt 0.759225 0.725156
vt 0.760595 0.729047
vt 0.832594 0.748858
vt 0.802693 0.739821
vt 0.800829 0.728135
vt 0.755987 0.723513
vt 0.762438 0.726588
vt 0.855620 0.776416
vt 0.859424 0.769981
vt 0.903835 0.791259
vt 0.721309 0.739146
vt 0.725901 0.739230
vt 0.724124 0.741723
vt 0.901285 0.795489
vt 0.772773 0.732912
vt 0.772104 0.735427
vt 0.776876 0.731282
vt 0.778146 0.734572
vt 0.798623 0.716649
vt 0.788630 0.716236
vt 0.781952 0.700599
vt 0.795652 0.731820
vt 0.966950 0.828632
vt 0.967377 0.830719
vt 0.734168 0.714363
vt 0.966533 0.826547
vt 0.810323 0.747925
vt 0.858786 0.793497
vt 0.849878 0.763034
vt 0.818000 0.755424
vt 0.784541 0.717762
vt 0.765857 0.727879
vt 0.813406 0.730843
vt 0.786377 0.716863
vt 0.795416 0.731984
vt 0.842650 0.776017
vt 0.851874 0.782738
vt 0.861486 0.789328
vt 0.743332 0.714798
vt 0.770435 0.729334
vt 0.911917 0.674709
vt 0.919998 0.683458
vt 0.910528 0.676582
vt 0.728858 0.741683
vt 0.733775 0.741509
vt 0.731953 0.743986
vt 0.926283 0.716223
vt 0.936262 0.721536
vt 0.934894 0.723378
vt 0.738397 0.748034
vt 0.739720 0.752153
vt 0.736551 0.750471
vt 0.902426 0.668015
vt 0.901014 0.669869
vt 0.887247 0.689318
vt 0.877220 0.681375
vt 0.888456 0.687361
vt 0.907429 0.702049
vt 0.918409 0.707175
vt 0.917085 0.709049
vt 0.733333 0.748562
vt 0.730141 0.746449
vt 0.737001 0.743650
vt 0.735161 0.746112
vt 0.944389 0.728745
vt 0.943001 0.730559
vt 0.963497 0.716906
vt 0.954499 0.711523
vt 0.955878 0.709652
vt 0.947990 0.702604
vt 0.938273 0.697486
vt 0.939629 0.695597
vt 0.952502 0.736586
vt 0.951089 0.738364
vt 0.962704 0.747308
vt 0.961301 0.749043
vt 0.978259 0.732927
vt 0.969465 0.726478
vt 0.970923 0.724630
vt 0.741584 0.749729
vt 0.742869 0.753626
vt 0.976669 0.762257
vt 0.975308 0.764002
vt 0.993637 0.779136
vt 0.992417 0.781271
vt 0.985354 0.741755
vt 0.976746 0.734753
vt 0.748051 0.752540
vt 0.749364 0.756059
vt 0.746058 0.754917
vt 0.892861 0.661450
vt 0.891425 0.663285
vt 0.882912 0.654790
vt 0.881440 0.656610
vt 0.859991 0.676118
vt 0.836917 0.664390
vt 0.861090 0.674097
vt 0.730662 0.739192
vt 0.872325 0.647758
vt 0.870817 0.649564
vt 0.861327 0.640413
vt 0.859798 0.642224
vt 0.835847 0.666425
vt 0.808106 0.653272
vt 0.719715 0.733018
vt 0.724699 0.733903
vt 0.722999 0.736534
vt 0.918627 0.685356
vt 0.909135 0.678459
vt 0.932970 0.705884
vt 0.945099 0.706619
vt 0.941469 0.712964
vt 0.927630 0.714366
vt 0.937633 0.719689
vt 0.945946 0.726659
vt 0.957304 0.727668
vt 0.954077 0.734535
vt 0.899598 0.671727
vt 0.889985 0.665125
vt 0.908721 0.700151
vt 0.899974 0.691593
vt 0.910018 0.698249
vt 0.919736 0.705296
vt 0.898714 0.693525
vt 0.889672 0.685396
vt 0.929346 0.690440
vt 0.946625 0.704482
vt 0.936920 0.699373
vt 0.945262 0.706358
vt 0.953923 0.734805
vt 0.937798 0.719425
vt 0.949473 0.720097
vt 0.962079 0.718775
vt 0.953121 0.713389
vt 0.960664 0.720636
vt 0.978022 0.760537
vt 0.966050 0.736924
vt 0.964225 0.745277
vt 0.968010 0.728317
vt 0.983757 0.743384
vt 0.975251 0.736554
vt 0.994693 0.776764
vt 0.898527 0.672995
vt 0.904397 0.685171
vt 0.894213 0.679032
vt 0.878383 0.679370
vt 0.862194 0.672069
vt 0.879964 0.658438
vt 0.869307 0.651378
vt 0.883427 0.673187
vt 0.877321 0.661852
vt 0.888221 0.667324
vt 0.837990 0.662350
vt 0.809238 0.651302
vt 0.858270 0.644037
vt 0.897461 0.695450
vt 0.711235 0.722909
vt 0.712130 0.729981
vt 0.710581 0.723034
vt 0.711395 0.729925
vt 0.709925 0.723158
vt 0.900148 0.691335
vt 0.889847 0.685138
vt 0.928979 0.712505
vt 0.910190 0.697991
vt 0.715705 0.728242
vt 0.720905 0.729688
vt 0.727064 0.744159
vt 0.862434 0.671842
vt 0.851934 0.659336
vt 0.869907 0.666847
vt 0.992555 0.759242
vt 0.997240 0.776739
vt 0.990715 0.760070
vt 0.994812 0.776675
vt 0.988883 0.760902
vt 0.952961 0.713655
vt 0.930696 0.688545
vt 0.908605 0.679070
vt 0.914329 0.691763
vt 0.927997 0.692335
vt 0.711339 0.723002
vt 0.715750 0.723330
vt 0.712939 0.730031
vt 0.715703 0.733226
vt 0.853532 0.651238
vt 0.865499 0.656430
vt 0.838356 0.662174
vt 0.831782 0.651288
vt 0.751997 0.753883
vt 0.752839 0.757089
vt 0.743461 0.747292
vt 0.744752 0.751214
vt 0.945784 0.726925
vt 0.975207 0.736953
vt 0.976514 0.748672
vt 0.740255 0.745584
vt 0.746651 0.748788
vt 0.923885 0.698761
vt 0.919906 0.705037
vt 0.876064 0.683369
vt 0.878568 0.679117
vt 0.756954 0.755396
vt 0.756243 0.757998
vt 0.761065 0.753735
vt 0.762327 0.757069
vt 0.978041 0.760156
vt 0.988496 0.760616
vt 0.994364 0.776085
vt 0.981958 0.745136
vt 0.709076 0.716171
vt 0.709779 0.715928
vt 0.718531 0.736339
vt 0.708453 0.716490
vt 0.967889 0.728628
vt 0.921367 0.681563
vt 0.929147 0.712244
vt 0.960510 0.720910
vt 0.750064 0.750144
vt 0.964111 0.745579
vt 0.982195 0.744980
vt 0.936754 0.699631
vt 0.927827 0.692591
vt 0.918451 0.685610
vt 0.727688 0.736721
vt 0.754645 0.751712
vt 0.709768 0.715829
vt 0.709778 0.715848
vt 0.709751 0.715831
vt 0.709806 0.715846
vt 0.709807 0.715867
vt 0.709763 0.715852
vt 0.709741 0.715834
vt 0.709788 0.715867
vt 0.709898 0.715907
vt 0.709900 0.715883
vt 0.709940 0.715901
vt 0.709844 0.715906
vt 0.709846 0.715887
vt 0.709851 0.715865
vt 0.709803 0.715881
vt 0.802965 0.663923
vt 0.803035 0.663985
vt 0.709769 0.715868
vt 0.709791 0.715892
vt 0.769396 0.756342
vt 0.769388 0.756312
vt 0.769425 0.756365
vt 0.769399 0.756359
vt 0.769366 0.756317
vt 0.769353 0.756272
vt 0.769373 0.756337
vt 0.991006 0.791684
vt 0.990988 0.791616
vt 0.991053 0.791715
vt 0.769345 0.756342
vt 0.769352 0.756325
vt 0.769380 0.756357
vt 0.769414 0.756378
vt 0.769319 0.756233
vt 0.769300 0.756242
vt 0.769288 0.756201
vt 0.769335 0.756282
vt 0.769320 0.756289
vt 0.709909 0.714358
vt 0.709939 0.714356
vt 0.800158 0.667833
vt 0.800191 0.667946
vt 0.800184 0.668006
vt 0.800193 0.668119
vt 0.800262 0.668154
vt 0.800321 0.668301
vt 0.800245 0.668072
vt 0.800245 0.667983
vt 0.800187 0.667838
vt 0.800325 0.668050
vt 0.800302 0.668135
vt 0.800448 0.668472
vt 0.800504 0.668446
vt 0.800372 0.668291
vt 0.800417 0.668253
vt 0.770709 0.755664
vt 0.770703 0.755708
vt 0.988375 0.795902
vt 0.988316 0.795850
vt 0.988484 0.795874
vt 0.770715 0.755682
vt 0.988401 0.795839
vt 0.988549 0.795851
vt 0.987946 0.795734
vt 0.987944 0.795796
vt 0.987769 0.795735
vt 0.988162 0.795743
vt 0.988144 0.795800
vt 0.988154 0.795850
vt 0.988320 0.795806
vt 0.988488 0.795810
vt 0.988390 0.795755
vt 0.988675 0.795823
vt 0.790947 0.874918
vt 0.790921 0.874871
vt 0.790910 0.874946
vt 0.790893 0.874885
vt 0.790845 0.874839
vt 0.790871 0.874904
vt 0.790845 0.874858
vt 0.790833 0.874951
vt 0.790878 0.874981
vt 0.790854 0.875019
vt 0.790809 0.874872
vt 0.790851 0.874924
vt 0.790809 0.874835
vt 0.790787 0.874804
vt 0.790780 0.874811
vt 0.703371 0.803982
vt 0.703301 0.803803
vt 0.703166 0.803648
vt 0.703137 0.803585
vt 0.703205 0.803806
vt 0.703268 0.804033
vt 0.703113 0.803554
vt 0.703187 0.803812
vt 0.884249 0.862912
vt 0.884089 0.863014
vt 0.884431 0.862869
vt 0.884284 0.862934
vt 0.884300 0.862957
vt 0.884130 0.863057
vt 0.884142 0.863115
vt 0.884335 0.862984
vt 0.884324 0.862970
vt 0.884464 0.862854
vt 0.884539 0.862824
vt 0.884402 0.862890
vt 0.769119 0.966441
vt 0.768997 0.966591
vt 0.768931 0.966785
vt 0.768891 0.966840
vt 0.769047 0.966674
vt 0.769215 0.966506
vt 0.769060 0.966687
vt 0.768919 0.966798
vt 0.877466 0.828836
vt 0.877664 0.828865
vt 0.877486 0.828779
vt 0.877685 0.828834
vt 0.877871 0.828827
vt 0.877931 0.828835
vt 0.877419 0.828643
vt 0.877708 0.828781
vt 0.877474 0.828719
vt 0.877711 0.828762
vt 0.877888 0.828831
vt 0.772079 0.868779
vt 0.772030 0.868802
vt 0.772008 0.868762
vt 0.772159 0.868798
vt 0.772093 0.868807
vt 0.772044 0.868847
vt 0.772135 0.868828
vt 0.772100 0.868835
vt 0.772169 0.868845
vt 0.772191 0.868816
vt 0.772229 0.868813
vt 0.772227 0.868803
vt 0.772050 0.868894
vt 0.772104 0.868895
vt 0.772105 0.868864
vt 0.736420 0.956748
vt 0.736413 0.956546
vt 0.736363 0.956948
vt 0.736388 0.956765
vt 0.736296 0.956544
vt 0.736314 0.956780
vt 0.736334 0.956780
vt 0.736353 0.957046
vt 0.786752 0.855745
vt 0.786756 0.855691
vt 0.786802 0.855692
vt 0.786696 0.855805
vt 0.786721 0.855743
vt 0.786693 0.855735
vt 0.786710 0.855681
vt 0.786647 0.855858
vt 0.786666 0.855781
vt 0.786664 0.855824
vt 0.786657 0.855861
vt 0.786667 0.855662
vt 0.786639 0.855708
vt 0.786666 0.855725
vt 0.786649 0.855790
vt 0.729142 0.780556
vt 0.729310 0.780642
vt 0.729012 0.780419
vt 0.729144 0.780514
vt 0.729156 0.780488
vt 0.729327 0.780585
vt 0.729370 0.780545
vt 0.729160 0.780444
vt 0.729154 0.780460
vt 0.728982 0.780397
vt 0.728917 0.780347
vt 0.729045 0.780432
vt 0.742308 0.993066
vt 0.742188 0.992962
vt 0.742296 0.993162
vt 0.742158 0.993087
vt 0.742097 0.992936
vt 0.742112 0.993172
vt 0.742052 0.993074
vt 0.741879 0.993606
vt 0.741997 0.993247
vt 0.742237 0.993302
vt 0.741768 0.993152
vt 0.741946 0.993119
vt 0.742032 0.993136
vt 0.742009 0.992900
vt 0.741850 0.992917
vt 0.741959 0.993022
vt 0.741803 0.993003
vt 0.913706 0.838463
vt 0.913581 0.838500
vt 0.913702 0.838304
vt 0.913612 0.838342
vt 0.913606 0.838592
vt 0.913803 0.838461
vt 0.913747 0.838561
vt 0.914298 0.838444
vt 0.913926 0.838524
vt 0.913853 0.838285
vt 0.913955 0.838771
vt 0.913839 0.838631
vt 0.913811 0.838548
vt 0.913622 0.838685
vt 0.913714 0.838817
vt 0.913750 0.838668
vt 0.913810 0.838815
vt 0.783212 0.866594
vt 0.783267 0.866545
vt 0.783160 0.866580
vt 0.783215 0.866543
vt 0.783259 0.866492
vt 0.783183 0.866508
vt 0.783213 0.866501
vt 0.783094 0.866489
vt 0.783110 0.866561
vt 0.783132 0.866450
vt 0.783137 0.866517
vt 0.783174 0.866536
vt 0.783244 0.866440
vt 0.783174 0.866417
vt 0.783198 0.866462
vt 0.783163 0.866485
vt 0.693553 0.767591
vt 0.693705 0.767538
vt 0.693476 0.767531
vt 0.693609 0.767447
vt 0.693772 0.767470
vt 0.693558 0.767364
vt 0.693675 0.767361
vt 0.693300 0.766947
vt 0.693552 0.767225
vt 0.693385 0.767410
vt 0.693752 0.767079
vt 0.693690 0.767246
vt 0.693631 0.767313
vt 0.693846 0.767409
vt 0.693914 0.767264
vt 0.693767 0.767306
vt 0.693863 0.767183
vt 0.880779 0.864921
vt 0.880791 0.865002
vt 0.880726 0.864983
vt 0.880871 0.864988
vt 0.880845 0.864961
vt 0.880738 0.865041
vt 0.880666 0.865043
vt 0.880773 0.865042
vt 0.880817 0.865050
vt 0.880883 0.865024
vt 0.880795 0.865116
vt 0.880753 0.865071
vt 0.880817 0.865019
vt 0.880600 0.865102
vt 0.880621 0.865143
vt 0.881860 0.865620
vt 0.880689 0.865084
vt 0.880708 0.865127
vt 0.792529 0.876642
vt 0.792475 0.876624
vt 0.792539 0.876682
vt 0.792493 0.876661
vt 0.792443 0.876650
vt 0.792482 0.876693
vt 0.792468 0.876678
vt 0.792504 0.876759
vt 0.792545 0.876722
vt 0.791289 0.875384
vt 0.792464 0.876749
vt 0.792505 0.876719
vt 0.792476 0.876714
vt 0.792503 0.876689
vt 0.792414 0.876679
vt 0.792426 0.876734
vt 0.792449 0.876701
vt 0.771310 0.963534
vt 0.771262 0.963584
vt 0.771297 0.963467
vt 0.771354 0.963485
vt 0.771287 0.963612
vt 0.771351 0.963520
vt 0.771323 0.963562
vt 0.771469 0.963379
vt 0.771430 0.963354
vt 0.771819 0.964636
vt 0.771443 0.963463
vt 0.771402 0.963440
vt 0.771364 0.963413
vt 0.771405 0.963644
vt 0.771354 0.963565
vt 0.771423 0.963550
vt 0.771321 0.963628
vt 0.771382 0.963503
vt 0.769790 0.869292
vt 0.769736 0.869276
vt 0.769773 0.869253
vt 0.769801 0.869332
vt 0.769754 0.869312
vt 0.769704 0.869301
vt 0.769765 0.869340
vt 0.769729 0.869329
vt 0.769765 0.869411
vt 0.769807 0.869373
vt 0.769726 0.869401
vt 0.769767 0.869370
vt 0.769744 0.869345
vt 0.769676 0.869331
vt 0.769688 0.869385
vt 0.771467 0.868969
vt 0.769710 0.869352
vt 0.769737 0.869365
vt 0.705128 0.808042
vt 0.705108 0.807976
vt 0.705193 0.808064
vt 0.705149 0.808105
vt 0.705072 0.807983
vt 0.705120 0.808085
vt 0.705097 0.808040
vt 0.705185 0.808257
vt 0.705225 0.808235
vt 0.703891 0.807946
vt 0.705123 0.808192
vt 0.705164 0.808169
vt 0.705207 0.808148
vt 0.705079 0.808065
vt 0.705059 0.808132
vt 0.705040 0.808005
vt 0.705119 0.808120
vt 0.736318 0.951854
vt 0.736365 0.951807
vt 0.736320 0.951931
vt 0.736280 0.951876
vt 0.736306 0.951789
vt 0.736346 0.951723
vt 0.736281 0.951820
vt 0.736241 0.951853
vt 0.736238 0.951933
vt 0.736196 0.951801
vt 0.736258 0.951787
vt 0.736324 0.951644
vt 0.736257 0.951640
vt 0.735394 0.952356
vt 0.736286 0.951721
vt 0.736225 0.951717
vt 0.872792 0.828315
vt 0.872868 0.828324
vt 0.872740 0.828358
vt 0.872728 0.828297
vt 0.872817 0.828279
vt 0.872879 0.828285
vt 0.872762 0.828275
vt 0.872585 0.828233
vt 0.872582 0.828300
vt 0.873404 0.827471
vt 0.872664 0.828209
vt 0.872662 0.828270
vt 0.872658 0.828330
vt 0.872731 0.828249
vt 0.872858 0.828175
vt 0.872798 0.828239
vt 0.872751 0.828189
vt 0.787462 0.853509
vt 0.787504 0.853471
vt 0.787422 0.853499
vt 0.787463 0.853469
vt 0.787498 0.853431
vt 0.787434 0.853463
vt 0.787462 0.853438
vt 0.787372 0.853428
vt 0.787384 0.853484
vt 0.787401 0.853399
vt 0.787407 0.853450
vt 0.787440 0.853443
vt 0.787486 0.853391
vt 0.787433 0.853374
vt 0.786882 0.855096
vt 0.787451 0.853410
vt 0.787426 0.853427
vt 0.733157 0.782758
vt 0.733173 0.782824
vt 0.733104 0.782696
vt 0.733093 0.782732
vt 0.733217 0.782785
vt 0.733254 0.782846
vt 0.733200 0.782754
vt 0.733185 0.782712
vt 0.733129 0.782667
vt 0.733253 0.782698
vt 0.733235 0.782757
vt 0.733158 0.782727
vt 0.733338 0.782874
vt 0.733364 0.782835
vt 0.733171 0.781541
vt 0.733279 0.782806
vt 0.733306 0.782768
vt 0.784459 0.733698
vt 0.784448 0.733678
vt 0.784477 0.733698
vt 0.784418 0.733682
vt 0.784415 0.733661
vt 0.784465 0.733673
vt 0.784486 0.733694
vt 0.784436 0.733660
vt 0.784321 0.733626
vt 0.784320 0.733649
vt 0.784280 0.733633
vt 0.784373 0.733625
vt 0.784373 0.733644
vt 0.784370 0.733666
vt 0.784418 0.733645
vt 0.783497 0.695996
vt 0.783568 0.696049
vt 0.783370 0.695976
vt 0.783453 0.695961
vt 0.783605 0.696016
vt 0.783714 0.696109
vt 0.783547 0.695979
vt 0.725189 0.693440
vt 0.725213 0.693445
vt 0.725220 0.693475
vt 0.725184 0.693424
vt 0.725211 0.693427
vt 0.725241 0.693471
vt 0.725254 0.693515
vt 0.725235 0.693451
vt 0.969540 0.822433
vt 0.969528 0.822366
vt 0.969582 0.822464
vt 0.969449 0.822319
vt 0.969462 0.822270
vt 0.969580 0.822393
vt 0.969520 0.822310
vt 0.725289 0.693556
vt 0.725311 0.693546
vt 0.725321 0.693591
vt 0.725273 0.693504
vt 0.725288 0.693497
vt 0.725254 0.693463
vt 0.781502 0.699937
vt 0.781567 0.700023
vt 0.781568 0.700129
vt 0.781545 0.699862
vt 0.781573 0.699968
vt 0.781639 0.700165
vt 0.781702 0.700308
vt 0.781624 0.700085
vt 0.781623 0.700001
vt 0.781570 0.699865
vt 0.781700 0.700063
vt 0.781679 0.700145
vt 0.781831 0.700471
vt 0.781885 0.700444
vt 0.781752 0.700297
vt 0.781795 0.700258
vt 0.966427 0.826479
vt 0.966605 0.826519
vt 0.966330 0.826485
vt 0.966283 0.826435
vt 0.966488 0.826466
vt 0.966358 0.826436
vt 0.965953 0.826307
vt 0.965947 0.826364
vt 0.965787 0.826297
vt 0.966151 0.826330
vt 0.966131 0.826380
vt 0.966137 0.826425
vt 0.966290 0.826397
vt 0.966443 0.826419
vt 0.966359 0.826357
vt 0.966638 0.826495
vt 0.768521 0.756118
vt 0.768494 0.756107
vt 0.768538 0.756101
vt 0.768465 0.756131
vt 0.768453 0.756106
vt 0.768505 0.756092
vt 0.768542 0.756087
vt 0.768473 0.756095
vt 0.768359 0.756079
vt 0.768358 0.756101
vt 0.768318 0.756085
vt 0.768408 0.756077
vt 0.768409 0.756095
vt 0.768407 0.756116
vt 0.768451 0.756090
vt 0.768510 0.756071
vt 0.768488 0.756084
vt 0.768459 0.756075
vt 0.709802 0.715936
vt 0.709807 0.715964
vt 0.709776 0.715910
vt 0.709802 0.715919
vt 0.709829 0.715961
vt 0.709839 0.716005
vt 0.709823 0.715942
vt 0.709807 0.715903
vt 0.709818 0.715924
vt 0.709789 0.715898
vt 0.709850 0.715936
vt 0.709843 0.715953
vt 0.709871 0.716045
vt 0.709890 0.716037
vt 0.709900 0.716078
vt 0.709857 0.715996
vt 0.709873 0.715990
vt 0.994720 0.776604
vt 0.994698 0.776516
vt 0.994797 0.776779
vt 0.994726 0.776660
vt 0.994638 0.776490
vt 0.994587 0.776362
vt 0.994660 0.776556
vt 0.994671 0.776635
vt 0.994760 0.776781
vt 0.994591 0.776581
vt 0.994606 0.776508
vt 0.994474 0.776210
vt 0.994424 0.776233
vt 0.994543 0.776371
vt 0.994504 0.776405
vt 0.708439 0.716518
vt 0.708447 0.716475
vt 0.708446 0.716546
vt 0.708433 0.716563
vt 0.708434 0.716500
vt 0.708430 0.716539
vt 0.809869 0.651303
vt 0.809870 0.651237
vt 0.810053 0.651299
vt 0.809650 0.651300
vt 0.809666 0.651243
vt 0.708428 0.716619
vt 0.708442 0.716613
vt 0.708439 0.716681
vt 0.809492 0.651247
vt 0.809492 0.651204
vt 0.809340 0.651256
vt 0.809431 0.651299
vt 0.809175 0.651253
vt 0.809285 0.651225
vt 0.809414 0.651223
vt 0.745026 0.724103
vt 0.748227 0.726238
vt 0.745036 0.724089
vt 0.748237 0.726224
vt 0.745045 0.724075
vt 0.748247 0.726210
vt 0.866455 0.759182
vt 0.876258 0.766071
vt 0.741803 0.722162
vt 0.741813 0.722148
vt 0.741822 0.722134
vt 0.857129 0.752086
vt 0.744531 0.731252
vt 0.747685 0.733594
vt 0.744520 0.731267
vt 0.747674 0.733608
vt 0.744510 0.731282
vt 0.890007 0.744856
vt 0.750706 0.736076
vt 0.750695 0.736091
vt 0.747663 0.733623
vt 0.900237 0.751416
vt 0.754292 0.730969
vt 0.751323 0.728536
vt 0.754302 0.730955
vt 0.751333 0.728522
vt 0.754313 0.730942
vt 0.896665 0.778632
vt 0.751344 0.728508
vt 0.886357 0.772565
vt 0.741273 0.729074
vt 0.737998 0.727090
vt 0.741262 0.729089
vt 0.737987 0.727105
vt 0.741252 0.729104
vt 0.737978 0.727121
vt 0.880078 0.737888
vt 0.870630 0.730706
vt 0.734788 0.725322
vt 0.731607 0.723772
vt 0.734777 0.725337
vt 0.731596 0.723787
vt 0.853615 0.716091
vt 0.861821 0.723489
vt 0.853573 0.716130
vt 0.734768 0.725352
vt 0.738633 0.720442
vt 0.738643 0.720428
vt 0.738652 0.720413
vt 0.848430 0.744953
vt 0.735486 0.718930
vt 0.735496 0.718916
vt 0.735504 0.718901
vt 0.840264 0.737715
vt 0.732303 0.717600
vt 0.732313 0.717586
vt 0.732321 0.717571
vt 0.832466 0.730225
vt 0.729009 0.716428
vt 0.729023 0.716415
vt 0.729033 0.716400
vt 0.824860 0.722290
vt 0.728214 0.722351
vt 0.723663 0.720726
vt 0.728202 0.722366
vt 0.723648 0.720739
vt 0.834774 0.697171
vt 0.845262 0.708128
vt 0.834722 0.697198
vt 0.845307 0.708093
vt 0.722217 0.714513
vt 0.716075 0.715162
vt 0.722213 0.714495
vt 0.716035 0.715145
vt 0.722209 0.714478
vt 0.716007 0.715127
vt 0.722200 0.714459
vt 0.725569 0.715396
vt 0.725592 0.715386
vt 0.725608 0.715372
vt 0.809993 0.704748
vt 0.817344 0.713759
vt 0.717257 0.718539
vt 0.717232 0.718549
vt 0.803179 0.664053
vt 0.820176 0.681736
vt 0.820242 0.681725
vt 0.753749 0.738890
vt 0.753739 0.738905
vt 0.750683 0.736105
vt 0.910689 0.757515
vt 0.757631 0.743056
vt 0.757624 0.743074
vt 0.753727 0.738919
vt 0.922091 0.763426
vt 0.759955 0.736330
vt 0.757143 0.733538
vt 0.759961 0.736312
vt 0.757153 0.733524
vt 0.759971 0.736297
vt 0.918298 0.789762
vt 0.757164 0.733510
vt 0.907199 0.784310
vt 0.767444 0.749375
vt 0.767475 0.749405
vt 0.767501 0.749424
vt 0.765412 0.742506
vt 0.765429 0.742501
vt 0.765446 0.742497
vt 0.765466 0.742497
vt 0.763006 0.749231
vt 0.763007 0.749258
vt 0.757614 0.743090
vt 0.962520 0.780206
vt 0.938376 0.770602
vt 0.763003 0.749279
vt 0.990902 0.791574
vt 0.762774 0.739409
vt 0.762774 0.739383
vt 0.942651 0.800287
vt 0.762779 0.739364
vt 0.930254 0.795102
vt 0.878960 0.761968
vt 0.869214 0.755113
vt 0.879005 0.761899
vt 0.869258 0.755044
vt 0.879049 0.761830
vt 0.869302 0.754973
vt 0.859941 0.748051
vt 0.859985 0.747982
vt 0.860028 0.747911
vt 0.897663 0.755487
vt 0.887356 0.748875
vt 0.897618 0.755555
vt 0.887312 0.748944
vt 0.897573 0.755624
vt 0.887267 0.749013
vt 0.908203 0.761643
vt 0.908158 0.761711
vt 0.908112 0.761780
vt 0.889006 0.768422
vt 0.899264 0.774450
vt 0.889051 0.768353
vt 0.899309 0.774382
vt 0.889096 0.768285
vt 0.899356 0.774314
vt 0.867841 0.734633
vt 0.877355 0.741860
vt 0.867797 0.734703
vt 0.877310 0.741929
vt 0.867754 0.734773
vt 0.877267 0.741999
vt 0.850629 0.719967
vt 0.858961 0.727365
vt 0.850585 0.720037
vt 0.858917 0.727434
vt 0.850544 0.720110
vt 0.858875 0.727505
vt 0.851295 0.740955
vt 0.851339 0.740884
vt 0.851381 0.740813
vt 0.843188 0.733752
vt 0.843231 0.733681
vt 0.843273 0.733608
vt 0.835457 0.726299
vt 0.835499 0.726226
vt 0.835538 0.726151
vt 0.827930 0.718409
vt 0.827965 0.718328
vt 0.827993 0.718240
vt 0.831747 0.700889
vt 0.842273 0.711903
vt 0.831714 0.700967
vt 0.842232 0.711974
vt 0.831688 0.701053
vt 0.842193 0.712049
vt 0.806579 0.684634
vt 0.813411 0.701280
vt 0.806676 0.684696
vt 0.813473 0.701234
vt 0.806790 0.684802
vt 0.813539 0.701196
vt 0.715805 0.713721
vt 0.820511 0.709944
vt 0.820529 0.709844
vt 0.820532 0.709726
vt 0.817274 0.685425
vt 0.817261 0.685522
vt 0.817265 0.685636
vt 0.919717 0.767617
vt 0.919671 0.767685
vt 0.919620 0.767751
vt 0.936129 0.774803
vt 0.936071 0.774864
vt 0.936002 0.774921
vt 0.909749 0.780087
vt 0.920794 0.785493
vt 0.909797 0.780020
vt 0.920854 0.785431
vt 0.909847 0.779953
vt 0.920922 0.785373
vt 0.770700 0.755636
vt 0.967010 0.796101
vt 0.966919 0.796034
vt 0.966780 0.795965
vt 0.967041 0.796168
vt 0.945052 0.795959
vt 0.945075 0.795882
vt 0.945092 0.795804
vt 0.960308 0.784372
vt 0.960223 0.784421
vt 0.960113 0.784459
vt 0.932702 0.790807
vt 0.932787 0.790755
vt 0.932892 0.790713
vt 0.989924 0.793760
vt 0.988657 0.795801
vt 0.770099 0.756077
vt 0.769424 0.756375
vt 0.770098 0.756068
vt 0.801464 0.665799
vt 0.802853 0.663905
vt 0.709783 0.715109
vt 0.709870 0.714381
vt 0.836979 0.855111
vt 0.836975 0.855047
vt 0.836953 0.854987
vt 0.746341 0.825817
vt 0.746435 0.825733
vt 0.746382 0.825768
vt 0.814355 0.770561
vt 0.814316 0.770684
vt 0.814239 0.770930
vt 0.814278 0.770806
vt 0.766221 0.918726
vt 0.766278 0.918754
vt 0.766341 0.918764
vt 0.850539 0.941146
vt 0.850454 0.941051
vt 0.850280 0.940860
vt 0.850368 0.940956
vt 0.684612 0.887679
vt 0.684737 0.887653
vt 0.684990 0.887604
vt 0.684863 0.887628
vt 0.833161 0.866786
vt 0.833169 0.866739
vt 0.884499 0.862833
vt 0.833183 0.866691
vt 0.884625 0.862756
vt 0.768803 0.966951
vt 0.778273 0.916219
vt 0.778321 0.916210
vt 0.778369 0.916207
vt 0.884653 0.862760
vt 0.842247 0.932135
vt 0.842191 0.932073
vt 0.842137 0.932014
vt 0.768803 0.966980
vt 0.768876 0.966878
vt 0.742581 0.837338
vt 0.742603 0.837295
vt 0.742619 0.837249
vt 0.703084 0.803452
vt 0.758185 0.909870
vt 0.758223 0.909900
vt 0.736364 0.957013
vt 0.758257 0.909936
vt 0.736369 0.957162
vt 0.736351 0.957180
vt 0.696711 0.885318
vt 0.696793 0.885301
vt 0.696873 0.885285
vt 0.703060 0.803439
vt 0.878079 0.828854
vt 0.828910 0.846094
vt 0.828878 0.846056
vt 0.828852 0.846016
vt 0.758279 0.823173
vt 0.758327 0.823161
vt 0.758372 0.823144
vt 0.728816 0.780306
vt 0.728947 0.780377
vt 0.728804 0.780280
vt 0.810672 0.782232
vt 0.810646 0.782311
vt 0.810621 0.782389
vt 0.878101 0.828839
vt 0.877969 0.828827
vt 0.833407 0.868955
vt 0.833419 0.868908
vt 0.833426 0.868862
vt 0.833096 0.872076
vt 0.780342 0.916679
vt 0.780389 0.916678
vt 0.780437 0.916670
vt 0.783514 0.916671
vt 0.840457 0.930153
vt 0.840403 0.930094
vt 0.840350 0.930034
vt 0.837562 0.926921
vt 0.739541 0.841757
vt 0.741019 0.839049
vt 0.741037 0.839003
vt 0.741058 0.838962
vt 0.756057 0.908962
vt 0.756092 0.908996
vt 0.756128 0.909025
vt 0.753570 0.907017
vt 0.699751 0.884661
vt 0.699829 0.884644
vt 0.699907 0.884627
vt 0.703981 0.883770
vt 0.828212 0.843886
vt 0.828188 0.843847
vt 0.828157 0.843809
vt 0.826507 0.841088
vt 0.760144 0.821798
vt 0.760187 0.821781
vt 0.760234 0.821768
vt 0.763055 0.820526
vt 0.809714 0.785185
vt 0.809690 0.785260
vt 0.809664 0.785337
vt 0.808415 0.789376
vt 0.791731 0.875794
vt 0.791699 0.875823
vt 0.791667 0.875852
vt 0.770366 0.964905
vt 0.770327 0.964876
vt 0.770289 0.964848
vt 0.704347 0.806180
vt 0.704303 0.806199
vt 0.704260 0.806218
vt 0.704197 0.806246
vt 0.736451 0.954040
vt 0.736325 0.954042
vt 0.736279 0.951938
vt 0.736375 0.954041
vt 0.736274 0.954043
vt 0.787078 0.854555
vt 0.787037 0.854541
vt 0.787119 0.854568
vt 0.872878 0.828243
vt 0.874969 0.828576
vt 0.874979 0.828476
vt 0.874974 0.828526
vt 0.882288 0.864069
vt 0.882336 0.864150
vt 0.882312 0.864109
vt 0.770898 0.869139
vt 0.770889 0.869097
vt 0.770880 0.869054
vt 0.731434 0.781735
vt 0.731388 0.781817
vt 0.731411 0.781776
vt 0.731355 0.781877
vt 0.749082 0.726642
vt 0.745840 0.724555
vt 0.749072 0.726656
vt 0.745830 0.724569
vt 0.858723 0.793591
vt 0.849127 0.786954
vt 0.858752 0.793548
vt 0.752356 0.728506
vt 0.752346 0.728520
vt 0.849096 0.786996
vt 0.839875 0.780237
vt 0.749456 0.719525
vt 0.882358 0.778984
vt 0.872156 0.772544
vt 0.872188 0.772497
vt 0.882330 0.779033
vt 0.872125 0.772591
vt 0.746325 0.717236
vt 0.892690 0.785087
vt 0.892666 0.785138
vt 0.882301 0.779082
vt 0.739749 0.719832
vt 0.742720 0.722275
vt 0.739738 0.719846
vt 0.868576 0.799891
vt 0.878595 0.805824
vt 0.878570 0.805870
vt 0.742710 0.722290
vt 0.868603 0.799846
vt 0.752711 0.721620
vt 0.755999 0.723495
vt 0.852737 0.758789
vt 0.862211 0.765752
vt 0.852698 0.758831
vt 0.862177 0.765797
vt 0.852662 0.758874
vt 0.862247 0.765708
vt 0.759238 0.725139
vt 0.762451 0.726570
vt 0.835379 0.744971
vt 0.843771 0.751927
vt 0.835335 0.745009
vt 0.843733 0.751969
vt 0.835295 0.745048
vt 0.843813 0.751888
vt 0.755576 0.730115
vt 0.755566 0.730130
vt 0.755558 0.730145
vt 0.752338 0.728535
vt 0.831187 0.773491
vt 0.758759 0.731515
vt 0.758749 0.731529
vt 0.758742 0.731545
vt 0.822980 0.766660
vt 0.761971 0.732728
vt 0.761961 0.732743
vt 0.761954 0.732758
vt 0.815099 0.759588
vt 0.765287 0.733780
vt 0.765274 0.733793
vt 0.765264 0.733809
vt 0.807379 0.752081
vt 0.765870 0.727862
vt 0.770453 0.729319
vt 0.765881 0.727847
vt 0.770468 0.729305
vt 0.816203 0.727153
vt 0.826864 0.737508
vt 0.816153 0.727181
vt 0.762461 0.726555
vt 0.826906 0.737472
vt 0.772107 0.735447
vt 0.778193 0.734587
vt 0.772112 0.735464
vt 0.778234 0.734602
vt 0.772117 0.735482
vt 0.778262 0.734619
vt 0.772127 0.735500
vt 0.768744 0.734685
vt 0.768721 0.734697
vt 0.768706 0.734710
vt 0.792249 0.735430
vt 0.799730 0.743990
vt 0.776906 0.731271
vt 0.776930 0.731261
vt 0.801309 0.712551
vt 0.801373 0.712537
vt 0.743344 0.714781
vt 0.903902 0.791096
vt 0.903886 0.791151
vt 0.892640 0.785188
vt 0.740364 0.711969
vt 0.919718 0.798649
vt 0.919721 0.798711
vt 0.903865 0.791203
vt 0.734160 0.714384
vt 0.736921 0.717229
vt 0.734153 0.714402
vt 0.888741 0.811582
vt 0.899462 0.817152
vt 0.899450 0.817205
vt 0.736911 0.717244
vt 0.888762 0.811534
vt 0.726994 0.700789
vt 0.726964 0.700757
vt 0.726938 0.700737
vt 0.726915 0.700732
vt 0.728722 0.708023
vt 0.728705 0.708027
vt 0.728687 0.708028
vt 0.945689 0.829686
vt 0.736600 0.707724
vt 0.942711 0.809228
vt 0.942747 0.809304
vt 0.919712 0.798767
vt 0.942760 0.809369
vt 0.731383 0.701238
vt 0.969221 0.822089
vt 0.969333 0.822201
vt 0.731400 0.711242
vt 0.911041 0.822822
vt 0.923253 0.828048
vt 0.923215 0.828089
vt 0.731400 0.711268
vt 0.911030 0.822759
vt 0.861360 0.789527
vt 0.851752 0.782939
vt 0.861403 0.789459
vt 0.851794 0.782871
vt 0.861446 0.789391
vt 0.851836 0.782801
vt 0.842532 0.776222
vt 0.842574 0.776152
vt 0.842614 0.776082
vt 0.879744 0.783108
vt 0.869526 0.776595
vt 0.879700 0.783176
vt 0.869483 0.776664
vt 0.879655 0.783244
vt 0.869439 0.776732
vt 0.890138 0.789249
vt 0.890093 0.789316
vt 0.890047 0.789383
vt 0.871196 0.795810
vt 0.881180 0.801772
vt 0.871240 0.795743
vt 0.881225 0.801706
vt 0.871285 0.795676
vt 0.881272 0.801640
vt 0.849997 0.762827
vt 0.859547 0.769777
vt 0.849956 0.762897
vt 0.859505 0.769846
vt 0.849915 0.762968
vt 0.859463 0.769915
vt 0.832554 0.748920
vt 0.841027 0.755900
vt 0.832514 0.748990
vt 0.840986 0.755970
vt 0.832476 0.749063
vt 0.840947 0.756042
vt 0.833879 0.769496
vt 0.833920 0.769426
vt 0.833959 0.769355
vt 0.825716 0.762686
vt 0.825756 0.762616
vt 0.825795 0.762543
vt 0.817894 0.755642
vt 0.817933 0.755570
vt 0.817969 0.755495
vt 0.810250 0.748176
vt 0.810282 0.748096
vt 0.810306 0.748009
vt 0.813369 0.730906
vt 0.824072 0.741310
vt 0.813339 0.730984
vt 0.824033 0.741382
vt 0.813318 0.731070
vt 0.823999 0.741456
vt 0.788295 0.715958
vt 0.795467 0.731935
vt 0.788391 0.716015
vt 0.795527 0.731889
vt 0.788506 0.716114
vt 0.795590 0.731849
vt 0.784235 0.735173
vt 0.778506 0.735986
vt 0.802694 0.740152
vt 0.802709 0.740053
vt 0.802707 0.739938
vt 0.798604 0.716331
vt 0.798595 0.716425
vt 0.798603 0.716536
vt 0.901432 0.795300
vt 0.901384 0.795366
vt 0.901333 0.795430
vt 0.917360 0.802802
vt 0.917301 0.802859
vt 0.917232 0.802912
vt 0.891343 0.807458
vt 0.902028 0.813028
vt 0.891391 0.807393
vt 0.902088 0.812968
vt 0.891442 0.807329
vt 0.902156 0.812913
vt 0.946091 0.825552
vt 0.946009 0.825482
vt 0.945882 0.825409
vt 0.925303 0.823812
vt 0.925329 0.823740
vt 0.925350 0.823667
vt 0.940373 0.813276
vt 0.940287 0.813318
vt 0.940179 0.813348
vt 0.913543 0.818568
vt 0.913627 0.818520
vt 0.913730 0.818482
vt 0.968401 0.824466
vt 0.966625 0.826458
vt 0.723789 0.693886
vt 0.724497 0.693669
vt 0.723793 0.693903
vt 0.724497 0.693642
vt 0.725184 0.693414
vt 0.724497 0.693651
vt 0.782241 0.697857
vt 0.783393 0.695990
vt 0.782187 0.697847
vt 0.783344 0.695968
vt 0.784394 0.734420
vt 0.784304 0.735146
vt 0.733321 0.748579
vt 0.730129 0.746465
vt 0.921466 0.681430
vt 0.930765 0.688455
vt 0.921434 0.681471
vt 0.930733 0.688496
vt 0.921403 0.681513
vt 0.736539 0.750488
vt 0.930800 0.688416
vt 0.939700 0.695509
vt 0.939666 0.695548
vt 0.733788 0.741492
vt 0.730674 0.739175
vt 0.733798 0.741477
vt 0.730685 0.739160
vt 0.733809 0.741463
vt 0.907393 0.702101
vt 0.727700 0.736704
vt 0.727711 0.736689
vt 0.730696 0.739146
vt 0.897426 0.695504
vt 0.724112 0.741740
vt 0.912012 0.674573
vt 0.902491 0.667922
vt 0.902518 0.667877
vt 0.911983 0.674617
vt 0.902462 0.667966
vt 0.727052 0.744175
vt 0.911953 0.674659
vt 0.737014 0.743633
vt 0.740268 0.745567
vt 0.737025 0.743618
vt 0.740278 0.745553
vt 0.737035 0.743603
vt 0.740288 0.745537
vt 0.917048 0.709100
vt 0.926245 0.716273
vt 0.743474 0.747275
vt 0.746664 0.748771
vt 0.743484 0.747260
vt 0.746675 0.748756
vt 0.743494 0.747244
vt 0.746683 0.748740
vt 0.934854 0.723427
vt 0.942960 0.730608
vt 0.739708 0.752170
vt 0.939737 0.695472
vt 0.948064 0.702518
vt 0.948028 0.702555
vt 0.742857 0.753642
vt 0.948104 0.702483
vt 0.955955 0.709568
vt 0.955917 0.709604
vt 0.746044 0.754933
vt 0.955997 0.709537
vt 0.963578 0.716825
vt 0.963537 0.716859
vt 0.749346 0.756074
vt 0.749332 0.756087
vt 0.746034 0.754947
vt 0.970967 0.724586
vt 0.750078 0.750127
vt 0.754664 0.751697
vt 0.750089 0.750112
vt 0.754678 0.751683
vt 0.750098 0.750096
vt 0.754689 0.751668
vt 0.754695 0.751649
vt 0.750104 0.750076
vt 0.756246 0.758018
vt 0.762375 0.757083
vt 0.756250 0.758036
vt 0.762415 0.757097
vt 0.756258 0.758053
vt 0.992602 0.759191
vt 0.985397 0.741708
vt 0.762443 0.757114
vt 0.999536 0.776525
vt 0.752809 0.757100
vt 0.752786 0.757111
vt 0.971016 0.724560
vt 0.978310 0.732890
vt 0.978374 0.732883
vt 0.761094 0.753724
vt 0.761119 0.753713
vt 0.761135 0.753700
vt 0.761143 0.753682
vt 0.724711 0.733886
vt 0.724721 0.733870
vt 0.727723 0.736675
vt 0.887215 0.689373
vt 0.720912 0.729666
vt 0.720920 0.729647
vt 0.724733 0.733857
vt 0.876034 0.683426
vt 0.718523 0.736360
vt 0.892946 0.661307
vt 0.882964 0.654687
vt 0.882972 0.654631
vt 0.892924 0.661355
vt 0.882946 0.654738
vt 0.721298 0.739163
vt 0.892897 0.661400
vt 0.711310 0.722965
vt 0.711282 0.722934
vt 0.711257 0.722914
vt 0.712920 0.730038
vt 0.712903 0.730041
vt 0.712885 0.730042
vt 0.712865 0.730040
vt 0.715749 0.723298
vt 0.715749 0.723271
vt 0.720930 0.729632
vt 0.835832 0.666488
vt 0.859967 0.676177
vt 0.715754 0.723250
vt 0.807106 0.655405
vt 0.872332 0.647563
vt 0.861416 0.640334
vt 0.861463 0.640304
vt 0.872352 0.647638
vt 0.861372 0.640368
vt 0.715704 0.733257
vt 0.872353 0.647701
vt 0.918585 0.685415
vt 0.927956 0.692395
vt 0.918538 0.685481
vt 0.927911 0.692461
vt 0.918493 0.685548
vt 0.927867 0.692529
vt 0.936879 0.699432
vt 0.936835 0.699500
vt 0.936792 0.699568
vt 0.900015 0.691531
vt 0.910059 0.698188
vt 0.900060 0.691464
vt 0.910104 0.698121
vt 0.900106 0.691397
vt 0.910149 0.698054
vt 0.889712 0.685333
vt 0.889757 0.685267
vt 0.889804 0.685200
vt 0.909091 0.678518
vt 0.899553 0.671785
vt 0.909042 0.678582
vt 0.899502 0.671847
vt 0.708515 0.745386
vt 0.707383 0.748932
vt 0.708491 0.745377
vt 0.898570 0.672934
vt 0.707407 0.748941
vt 0.706078 0.752436
vt 0.908647 0.679008
vt 0.929021 0.712445
vt 0.919777 0.705235
vt 0.929065 0.712377
vt 0.919822 0.705168
vt 0.929108 0.712308
vt 0.919865 0.705100
vt 0.945827 0.726865
vt 0.937675 0.719629
vt 0.945869 0.726797
vt 0.937719 0.719561
vt 0.945910 0.726726
vt 0.937760 0.719491
vt 0.945221 0.706418
vt 0.945178 0.706486
vt 0.945136 0.706555
vt 0.953079 0.713449
vt 0.953037 0.713518
vt 0.952997 0.713589
vt 0.960622 0.720696
vt 0.960581 0.720767
vt 0.960543 0.720841
vt 0.967970 0.728381
vt 0.967936 0.728459
vt 0.967909 0.728545
vt 0.964150 0.745518
vt 0.953965 0.734746
vt 0.964183 0.745442
vt 0.954006 0.734676
vt 0.964207 0.745359
vt 0.954044 0.734604
vt 0.988815 0.760898
vt 0.982143 0.745027
vt 0.988723 0.760839
vt 0.982084 0.745072
vt 0.988614 0.760739
vt 0.982020 0.745109
vt 0.975216 0.736624
vt 0.975198 0.736722
vt 0.975196 0.736836
vt 0.978052 0.760469
vt 0.978063 0.760376
vt 0.978058 0.760267
vt 0.878422 0.679308
vt 0.878469 0.679242
vt 0.878520 0.679177
vt 0.862237 0.672008
vt 0.862296 0.671947
vt 0.862364 0.671891
vt 0.889938 0.665181
vt 0.879912 0.658491
vt 0.889884 0.665241
vt 0.879846 0.658544
vt 0.710186 0.738017
vt 0.709410 0.741771
vt 0.710163 0.738002
vt 0.877389 0.661804
vt 0.709434 0.741781
vt 0.888268 0.667265
vt 0.709907 0.723172
vt 0.709892 0.723205
vt 0.709881 0.723252
vt 0.708431 0.716740
vt 0.711372 0.729924
vt 0.711347 0.729923
vt 0.853543 0.651166
vt 0.831616 0.651219
vt 0.838041 0.662292
vt 0.838128 0.662243
vt 0.838238 0.662203
vt 0.869246 0.651425
vt 0.858226 0.644096
vt 0.710803 0.734012
vt 0.710781 0.733984
vt 0.711322 0.729923
vt 0.710825 0.734033
vt 0.865610 0.656402
vt 0.808056 0.653249
vt 0.809193 0.651272
vt 0.806953 0.655264
vt 0.709073 0.716143
vt 0.709778 0.715899
vt 0.709074 0.716152
vt 0.993689 0.779170
vt 0.992471 0.781295
vt 0.769542 0.756637
vt 0.997258 0.776795
vt 0.999516 0.776652
vt 0.999523 0.776707
vt 0.994808 0.776742
vt 0.728890 0.780342
vt 0.736362 0.957077
vt 0.884557 0.862802
vt 0.703109 0.803526
vt 0.768854 0.966893
vt 0.877997 0.828839
vt 0.806506 0.684630
vt 0.788224 0.715956
vt 0.806999 0.655295
vt 0.790829 0.874873
vt 0.703262 0.803799
vt 0.703161 0.803632
vt 0.769014 0.966627
vt 0.772148 0.868814
vt 0.772152 0.868835
vt 0.736364 0.956964
vt 0.786687 0.855787
vt 0.781521 0.699876
vt 0.768531 0.756078
vt 0.861862 0.723449
vt 0.768822 0.749087
vt 0.839843 0.780278
vt 0.963624 0.716796
vt 0.746690 0.748720
vt 0.985424 0.741656
vt 0.706102 0.752445
vt 0.709871 0.723306
vt 0.710210 0.738030
s 1
g off
g Triángulo3AI_Holocron_Corners.001
usemtl Holocron_Corners.001
f 1222/1/1 1/2/2 202/3/3
f 1173/4/4 20/5/5 106/6/6
f 89/7/2 227/8/7 3/9/2
f 216/10/8 114/11/9 1183/12/10
f 4/13/2 1187/14/11 206/15/12
f 201/16/13 106/6/6 16/17/14
f 212/18/15 102/19/16 14/20/17
f 226/21/18 109/22/19 1178/23/20
f 3/9/2 1162/24/21 222/25/22
f 1177/26/23 4/13/2 88/27/2
f 1183/12/10 22/28/24 231/29/25
f 1193/30/26 19/31/27 237/32/28
f 1188/33/29 26/34/30 207/35/31
f 231/29/25 108/36/32 1198/37/33
f 1198/37/33 23/38/34 241/39/35
f 1208/40/36 18/41/37 247/42/38
f 90/43/2 236/44/39 1187/14/11
f 241/39/35 115/45/40 1213/46/41
f 1213/46/41 1325/47/42 253/48/43
f 269/49/44 113/50/45 1208/40/36
f 91/51/2 246/52/46 1192/53/47
f 1223/54/48 16/17/14 104/55/49
f 274/56/50 104/55/49 17/57/51
f 280/58/52 110/59/53 13/60/54
f 1/2/2 1167/61/55 89/7/2
f 1238/62/56 17/57/51 112/63/57
f 285/64/58 112/63/57 21/65/59
f 1233/66/60 1322/67/61 110/59/53
f 6/68/2 1217/69/62 93/70/2
f 106/6/6 328/71/63 1252/72/64
f 10/73/65 1268/74/66 97/75/65
f 24/76/67 1262/77/68 114/11/9
f 337/78/69 98/79/65 1278/80/70
f 104/55/49 308/81/71 1302/82/72
f 15/83/73 1247/84/74 333/85/75
f 15/83/73 1257/86/76 109/22/19
f 103/87/77 317/88/78 1247/84/74
f 116/89/79 328/71/63 20/5/5
f 117/90/80 312/91/81 26/34/30
f 19/31/27 1267/92/82 117/90/80
f 22/28/24 1277/93/83 108/36/32
f 1263/94/84 8/95/65 337/78/69
f 105/96/85 342/97/86 19/31/27
f 18/41/37 1272/98/87 105/96/85
f 23/38/34 1292/99/88 115/45/40
f 1278/80/70 11/100/65 347/101/89
f 113/50/45 352/102/90 18/41/37
f 25/103/91 1287/104/92 113/50/45
f 115/45/40 358/105/93 1325/47/42
f 307/106/94 96/107/65 7/108/65
f 14/20/17 1297/109/95 317/88/78
f 102/19/16 384/110/96 1297/109/95
f 112/63/57 380/111/97 1317/112/98
f 100/113/65 379/114/99 1303/115/100
f 13/60/54 1312/116/101 384/110/96
f 110/59/53 396/117/102 1312/116/101
f 21/65/59 1317/112/98 389/118/103
f 1168/119/104 14/20/17 103/87/77
f 1228/120/105 21/121/59 107/122/106
f 107/122/106 389/123/103 1307/124/107
f 7/108/65 1248/125/108 318/126/109
f 227/8/7 88/27/2 3/9/2
f 1178/23/20 24/76/67 216/10/8
f 109/22/19 323/127/110 24/76/67
f 96/107/65 332/128/111 1248/125/108
f 94/129/2 279/130/112 6/68/2
f 202/3/3 89/7/2 1172/131/113
f 16/17/14 1252/72/64 308/81/71
f 385/132/114 101/133/65 12/134/65
f 237/32/28 117/90/80 1188/33/29
f 1203/135/115 1326/136/116 111/137/117
f 111/137/117 357/138/118 1282/139/119
f 97/75/65 343/140/120 8/95/65
f 207/35/31 116/89/79 1163/141/121
f 226/21/18 103/87/77 15/83/73
f 1253/142/122 9/143/65 96/107/65
f 26/34/30 1242/144/123 116/89/79
f 1227/145/124 1232/146/125 94/129/2
f 284/147/126 94/129/2 1237/148/127
f 101/133/65 390/149/128 1318/150/129
f 1313/151/130 1308/152/131 101/133/65
f 5/153/2 1207/154/132 246/52/46
f 1182/155/133 2/156/2 90/43/2
f 114/11/9 338/157/134 22/28/24
f 11/100/65 1288/158/135 99/159/136
f 217/160/137 90/43/2 4/13/2
f 232/161/138 91/51/2 2/156/2
f 95/162/65 332/128/111 9/143/65
f 10/73/65 1258/163/139 95/162/65
f 1218/164/140 13/60/54 102/19/16
f 7/108/65 1303/115/100 307/106/94
s 2
f 1355/165/141 1445/166/142 411/167/143
s 1
f 1298/168/144 12/134/65 100/113/65
f 92/169/145 270/170/146 1207/154/132
f 1212/171/147 1202/172/148 92/169/145
f 1293/173/149 1283/174/150 359/175/151
f 99/159/136 374/176/152 1283/174/150
f 1228/120/105 1323/177/153 289/178/154
f 275/179/155 93/70/2 1222/1/1
f 17/57/51 1302/82/72 380/111/97
f 107/122/106 394/180/156 1323/177/153
f 247/42/38 105/96/85 1193/30/26
f 1237/148/127 6/68/2 275/179/155
f 12/134/65 1318/150/129 379/114/99
f 98/79/65 353/181/157 11/100/65
f 2/156/2 1192/53/47 236/44/39
f 1163/141/121 20/5/5 221/182/158
f 322/183/159 97/75/65 1263/94/84
f 8/95/65 1273/184/160 98/79/65
f 1203/185/115 25/103/91 269/49/44
f 1197/186/161 5/153/2 91/51/2
f 108/36/32 348/187/162 23/38/34
f 111/188/117 375/189/163 25/103/91
f 1172/131/113 3/9/2 222/25/22
f 88/27/2 206/15/12 1162/24/21
f 313/190/164 95/162/65 1243/191/165
f 1243/191/165 9/143/65 327/192/166
f 93/70/2 211/193/167 1/2/2
f 242/194/168 92/169/145 5/153/2
f 347/101/89 99/159/136 1293/173/149
f 318/126/109 100/113/65 7/108/65
s 2
f 457/195/169 130/196/170 34/197/171
f 503/198/172 136/199/173 1391/200/174
f 136/199/173 725/201/175 1435/202/176
f 709/203/177 131/204/178 1431/205/179
f 481/206/180 127/207/181 1380/208/182
f 435/209/183 137/210/184 1355/165/141
f 138/211/185 671/212/186 1421/213/187
f 1431/205/179 1441/214/188 690/215/189
f 447/216/190 124/217/191 29/218/192
f 426/219/193 135/220/194 1454/221/195
f 1406/222/196 1411/223/197 620/224/198
f 1475/225/199 1416/226/200 135/220/194
f 27/227/201 1348/228/202 124/217/191
f 31/229/203 1352/230/204 566/231/205
f 32/232/206 1352/230/204 127/207/181
f 1366/233/207 1471/234/208 437/235/209
f 1361/236/210 1446/237/211 120/238/212
f 33/239/213 1334/240/214 129/241/215
f 34/197/171 1339/242/216 200/243/217
f 413/244/218 122/245/219 1356/246/220
f 446/247/221 134/248/222 1366/233/207
s 3
f 514/249/223 121/250/224 1351/251/225
s 2
f 30/252/226 1333/253/227 548/254/228
f 457/195/169 128/255/229 1385/256/230
f 447/216/190 123/257/231 1360/258/232
f 27/227/201 1328/259/233 532/260/234
f 34/197/171 1329/261/235 128/255/229
f 1375/262/236 1474/263/237 467/264/238
f 427/265/239 119/266/240 1381/267/241
f 35/268/242 1339/242/216 130/196/170
f 35/268/242 1334/240/214 568/269/243
f 482/270/244 119/266/240 1459/271/245
f 480/272/246 138/211/185 1375/262/236
f 28/273/247 1343/274/248 547/275/249
f 29/218/192 1343/274/248 123/257/231
f 428/276/250 125/277/251 1371/278/252
f 490/279/253 128/255/229 33/239/213
f 29/218/192 1348/228/202 513/280/254
f 1470/281/255 1401/282/256 137/210/184
f 1391/200/174 1461/283/257 491/284/258
f 1396/285/259 1466/286/260 139/287/261
s 3
f 1338/288/262 1347/289/263 531/290/264
s 2
f 28/273/247 1328/259/233 122/245/219
f 505/291/265 139/287/261 1479/292/266
f 1386/293/267 1462/294/268 118/295/269
f 30/252/226 1342/296/270 126/297/271
f 31/229/203 1333/253/227 125/277/251
f 1370/298/272 1475/225/199 135/220/194
f 32/232/206 1342/296/270 515/299/273
s 3
f 1351/251/225 1338/288/262 567/300/274
s 2
f 33/239/213 1329/261/235 549/301/275
f 1461/283/257 1435/202/176 708/302/276
f 139/287/261 726/303/277 1479/292/266
f 1466/286/260 1440/304/278 139/287/261
f 120/238/212 603/305/279 1405/306/280
f 134/248/222 585/307/281 1471/234/208
f 1450/308/282 1410/309/283 134/248/222
f 119/266/240 656/310/284 1425/311/285
f 1474/263/237 1421/213/187 637/312/286
f 1459/271/245 1425/311/285 672/313/287
f 436/314/288 124/217/191 1365/315/289
f 445/316/290 120/238/212 1451/317/291
f 1451/317/291 1405/306/280 619/318/292
f 137/210/184 601/319/293 1445/166/142
f 428/276/250 127/207/181 31/229/203
f 466/320/294 125/277/251 30/252/226
f 638/321/295 133/322/296 1415/323/297
f 1415/323/297 1426/324/298 655/325/299
f 490/279/253 129/241/215 1390/326/300
f 504/327/301 129/241/215 35/268/242
f 1441/214/188 1436/328/302 727/329/303
f 118/295/269 707/330/304 1430/331/305
f 413/244/218 123/257/231 28/273/247
f 436/314/288 122/245/219 27/227/201
f 1411/223/197 1400/332/306 586/333/307
f 602/334/308 132/335/309 1406/222/196
f 466/320/294 126/297/271 1376/336/310
f 481/206/180 126/297/271 32/232/206
f 1426/324/298 1420/337/311 673/338/312
f 135/220/194 654/339/313 1454/221/195
f 504/327/301 130/196/170 1395/340/314
f 455/341/315 118/295/269 1467/342/316
f 118/295/269 689/343/317 1467/342/316
s 4
f 1543/344/318 36/345/319 743/346/320
f 1494/347/321 55/348/322 158/349/323
f 141/350/319 768/351/324 38/352/319
f 757/353/325 166/354/326 1504/355/327
f 39/356/319 1508/357/328 747/358/329
f 742/359/330 158/349/323 51/360/331
f 753/361/332 154/362/333 49/363/334
f 767/364/335 161/365/336 1499/366/337
f 38/352/319 1483/367/338 763/368/339
f 1498/369/340 39/356/319 140/370/319
f 1504/355/327 57/371/341 772/372/342
f 1514/373/343 54/374/344 778/375/345
f 1509/376/346 61/377/347 748/378/348
f 772/372/342 160/379/349 1519/380/350
f 1519/380/350 58/381/351 782/382/352
f 1529/383/353 53/384/354 788/385/355
f 142/386/319 777/387/356 1508/357/328
f 782/382/352 167/388/357 1534/389/358
f 1534/389/358 1646/390/359 794/391/360
f 810/392/361 165/393/362 1529/383/353
f 143/394/319 787/395/363 1513/396/364
f 1544/397/365 51/360/331 156/398/366
f 815/399/367 156/398/366 52/400/368
f 821/401/369 162/402/370 48/403/371
f 36/345/319 1488/404/372 141/350/319
f 1559/405/373 52/400/368 164/406/374
f 826/407/375 164/406/374 56/408/376
f 1554/409/377 1643/410/378 162/402/370
f 41/411/319 1538/412/379 145/413/319
f 158/349/323 869/414/380 1573/415/381
f 45/416/382 1589/417/383 149/418/382
f 59/419/384 1583/420/385 166/354/326
f 878/421/386 150/422/382 1599/423/387
f 156/398/366 849/424/388 1623/425/389
f 50/426/390 1568/427/391 874/428/392
f 50/426/390 1578/429/393 161/365/336
f 155/430/394 858/431/395 1568/427/391
f 168/432/396 869/414/380 55/348/322
f 169/433/397 853/434/398 61/377/347
f 54/374/344 1588/435/399 169/433/397
f 57/371/341 1598/436/400 160/379/349
f 1584/437/401 43/438/382 878/421/386
f 157/439/402 883/440/403 54/374/344
f 53/384/354 1593/441/404 157/439/402
f 58/381/351 1613/442/405 167/388/357
f 1599/423/387 46/443/406 888/444/407
f 165/393/362 893/445/408 53/384/354
f 60/446/409 1608/447/410 165/393/362
f 167/388/357 899/448/411 1646/390/359
f 848/449/412 148/450/382 42/451/382
f 49/363/334 1618/452/413 858/431/395
f 154/362/333 925/453/414 1618/452/413
f 164/406/374 921/454/415 1638/455/416
f 152/456/382 920/457/417 1624/458/418
f 48/403/371 1633/459/419 925/453/414
f 162/402/370 937/460/420 1633/459/419
f 56/408/376 1638/455/416 930/461/421
f 1489/462/422 49/363/334 155/430/394
f 1549/463/423 56/408/376 159/464/424
f 159/464/424 930/461/421 1628/465/425
f 42/451/382 1569/466/426 859/467/427
f 768/351/324 140/370/319 38/352/319
f 1499/366/337 59/419/384 757/353/325
f 161/365/336 864/468/428 59/419/384
f 148/450/382 873/469/429 1569/466/426
f 146/470/319 820/471/430 41/411/319
f 743/346/320 141/350/319 1493/472/431
f 51/360/331 1573/415/381 849/424/388
f 926/473/432 153/474/382 47/475/382
f 778/375/345 169/433/397 1509/376/346
f 1524/476/433 1647/477/434 163/478/435
f 163/478/435 898/479/436 1603/480/437
f 149/418/382 884/481/438 43/438/382
f 748/378/348 168/432/396 1484/482/439
f 767/364/335 155/430/394 50/426/390
f 1574/483/440 44/484/382 148/450/382
f 61/377/347 1563/485/441 168/432/396
f 1548/486/442 1553/487/443 146/470/319
f 825/488/444 146/470/319 1558/489/445
f 153/474/382 931/490/446 1639/491/447
f 1634/492/448 1629/493/449 153/474/382
f 40/494/450 1528/495/451 787/395/363
f 1503/496/452 37/497/319 142/386/319
f 166/354/326 879/498/453 57/371/341
f 46/443/406 1609/499/454 151/500/455
f 758/501/456 142/386/319 39/356/319
f 773/502/457 143/394/319 37/497/319
f 147/503/382 873/469/429 44/484/382
f 45/416/382 1579/504/458 147/503/382
f 1539/505/459 48/403/371 154/362/333
f 42/451/382 1624/458/418 848/449/412
s 5
f 1709/506/460 62/507/461 953/508/462
s 4
f 1619/509/463 47/475/382 152/456/382
f 144/510/464 811/511/465 1528/495/451
f 1533/512/466 1523/513/467 144/510/464
f 1614/514/468 1604/515/469 900/516/470
f 151/500/455 915/517/471 1604/515/469
f 1549/463/423 1644/518/472 830/519/473
f 816/520/474 145/413/319 1543/344/318
f 52/400/368 1623/425/389 921/454/415
f 159/464/424 935/521/475 1644/518/472
f 788/385/355 157/439/402 1514/373/343
f 1558/489/445 41/411/319 816/520/474
f 47/475/382 1639/491/447 920/457/417
f 150/422/382 894/522/476 46/443/406
f 37/497/319 1513/396/364 777/387/356
f 1484/482/439 55/348/322 762/523/477
f 863/524/478 149/418/382 1584/437/401
f 43/438/382 1594/525/479 150/422/382
f 1524/526/433 60/446/409 810/392/361
f 1518/527/480 40/494/450 143/394/319
f 160/379/349 889/528/481 58/381/351
f 163/529/435 916/530/482 60/446/409
f 1493/472/431 38/352/319 763/368/339
f 140/370/319 747/358/329 1483/367/338
f 854/531/483 147/503/382 1564/532/484
f 1564/532/484 44/484/382 868/533/485
f 145/413/319 752/534/486 36/345/319
f 783/535/487 144/510/464 40/494/450
f 888/444/407 151/500/455 1614/514/468
f 859/467/427 152/456/382 42/451/382
s 5
f 1660/536/488 81/537/489 188/538/490
f 171/539/461 978/540/491 64/541/461
f 967/542/492 196/543/493 1670/544/494
f 65/545/461 1674/546/495 957/547/496
f 952/548/497 188/538/490 77/549/498
f 963/550/499 184/551/500 75/552/501
f 977/553/502 191/554/503 1665/555/504
f 64/541/461 1649/556/505 973/557/506
f 1664/558/507 65/545/461 170/559/461
f 1670/544/494 83/560/508 982/561/509
f 1680/562/510 80/563/511 988/564/512
f 1675/565/513 87/566/514 958/567/515
f 982/561/509 190/568/516 1685/569/517
f 1685/569/517 84/570/518 992/571/519
f 1695/572/520 79/573/521 998/574/522
f 172/575/461 987/576/523 1674/546/495
f 992/571/519 197/577/524 1700/578/525
f 1700/578/525 1812/579/526 1004/580/527
f 1020/581/528 195/582/529 1695/572/520
f 173/583/461 997/584/530 1679/585/531
f 1710/586/532 77/549/498 186/587/533
f 1025/588/534 186/587/533 78/589/535
f 1031/590/536 192/591/537 74/592/538
f 62/507/461 1654/593/539 171/539/461
f 1725/594/540 78/589/535 194/595/541
f 1036/596/542 194/595/541 82/597/543
f 1720/598/544 1809/599/545 192/591/537
f 67/600/461 1704/601/546 175/602/461
f 188/538/490 1079/603/547 1739/604/548
f 71/605/549 1755/606/550 179/607/549
f 85/608/551 1749/609/552 196/543/493
f 1088/610/553 180/611/549 1765/612/554
f 186/587/533 1059/613/555 1789/614/556
f 76/615/557 1734/616/558 1084/617/559
f 76/615/557 1744/618/560 191/554/503
f 185/619/561 1068/620/562 1734/616/558
f 198/621/563 1079/603/547 81/537/489
f 199/622/564 1063/623/565 87/566/514
f 80/563/511 1754/624/566 199/622/564
f 83/560/508 1764/625/567 190/568/516
f 1750/626/568 69/627/549 1088/610/553
f 187/628/569 1093/629/570 80/563/511
f 79/573/521 1759/630/571 187/628/569
f 84/570/518 1779/631/572 197/577/524
f 1765/612/554 72/632/549 1098/633/573
f 195/582/529 1103/634/574 79/573/521
f 86/635/575 1774/636/576 195/582/529
f 197/577/524 1109/637/577 1812/579/526
f 1058/638/578 178/639/549 68/640/549
f 75/552/501 1784/641/579 1068/620/562
f 184/551/500 1135/642/580 1784/641/579
f 194/595/541 1131/643/581 1804/644/582
f 182/645/549 1130/646/583 1790/647/584
f 74/592/538 1799/648/585 1135/642/580
f 192/591/537 1147/649/586 1799/648/585
f 82/597/543 1804/644/582 1140/650/587
f 1655/651/588 75/552/501 185/619/561
f 1715/652/589 82/653/543 189/654/590
f 189/654/590 1140/655/587 1794/656/591
f 68/640/549 1735/657/592 1069/658/593
f 978/540/491 170/559/461 64/541/461
f 1665/555/504 85/608/551 967/542/492
f 191/554/503 1074/659/594 85/608/551
f 178/639/549 1083/660/595 1735/657/592
f 176/661/461 1030/662/596 67/600/461
f 953/508/462 171/539/461 1659/663/597
f 77/549/498 1739/604/548 1059/613/555
f 1136/664/598 183/665/549 73/666/549
f 988/564/512 199/622/564 1675/565/513
f 1690/667/599 1813/668/600 193/669/601
f 193/669/601 1108/670/602 1769/671/603
f 179/607/549 1094/672/604 69/627/549
f 958/567/515 198/621/563 1650/673/605
f 977/553/502 185/619/561 76/615/557
f 1740/674/606 70/675/549 178/639/549
f 87/566/514 1729/676/607 198/621/563
f 1714/677/608 1719/678/609 176/661/461
f 1035/679/610 176/661/461 1724/680/611
f 183/665/549 1141/681/612 1805/682/613
f 1800/683/614 1795/684/615 183/665/549
f 66/685/461 1694/686/616 997/584/530
f 1669/687/617 63/688/461 172/575/461
f 196/543/493 1089/689/618 83/560/508
f 72/632/549 1775/690/619 181/691/620
f 968/692/621 172/575/461 65/545/461
f 983/693/622 173/583/461 63/688/461
f 177/694/549 1083/660/595 70/675/549
f 71/605/549 1745/695/623 177/694/549
f 1705/696/624 74/592/538 184/551/500
f 68/640/549 1790/647/584 1058/638/578
f 1785/697/625 73/666/549 182/645/549
f 174/698/626 1021/699/627 1694/686/616
f 1699/700/628 1689/701/629 174/698/626
f 1780/702/630 1770/703/631 1110/704/632
f 181/691/620 1125/705/633 1770/703/631
f 1715/652/589 1810/706/634 1040/707/635
f 1026/708/636 175/602/461 1709/506/460
f 78/589/535 1789/614/556 1131/643/581
f 189/654/590 1145/709/637 1810/706/634
f 998/574/522 187/628/569 1680/562/510
f 1724/680/611 67/600/461 1026/708/636
f 73/666/549 1805/682/613 1130/646/583
f 180/611/549 1104/710/638 72/632/549
f 63/688/461 1679/585/531 987/576/523
f 1650/673/605 81/537/489 972/711/639
f 1073/712/640 179/607/549 1750/626/568
f 69/627/549 1760/713/641 180/611/549
f 1690/667/599 86/635/575 1020/581/528
f 1684/714/642 66/685/461 173/583/461
f 190/568/516 1099/715/643 84/570/518
f 193/669/601 1126/716/644 86/635/575
f 1659/663/597 64/541/461 973/557/506
f 170/559/461 957/547/496 1649/556/505
f 1064/717/645 177/694/549 1730/718/646
f 1730/718/646 70/675/549 1078/719/647
f 175/602/461 962/720/648 62/507/461
f 993/721/649 174/698/626 66/685/461
f 1098/633/573 181/691/620 1780/702/630
f 1069/658/593 182/645/549 68/640/549
s 1
f 251/722/650 257/723/651 256/724/652
f 254/725/653 258/726/654 257/723/651
f 256/724/652 268/727/655 265/728/656
f 257/723/651 259/729/657 268/727/655
f 260/730/658 262/731/659 252/732/660
f 261/733/661 263/734/662 260/730/658
f 263/734/662 255/735/663 262/731/659
f 264/736/664 258/726/654 263/734/662
f 253/48/43 267/737/665 266/738/666
f 265/728/667 268/727/668 267/739/665
f 266/740/666 264/736/669 261/733/670
f 267/739/665 259/729/671 264/736/669
f 289/178/154 294/741/672 293/742/673
f 292/743/674 295/744/675 294/741/672
f 293/742/673 306/745/676 303/746/677
f 294/741/672 296/747/678 306/745/676
f 290/748/679 300/749/680 299/750/681
f 297/751/682 301/752/683 300/753/680
f 299/754/681 300/753/680 295/744/684
f 300/753/680 296/747/685 295/744/684
f 302/755/686 304/756/687 291/757/688
f 303/746/677 305/758/689 302/755/686
f 305/758/689 298/759/690 304/756/687
f 306/745/676 301/752/691 305/758/689
f 357/138/118 361/760/692 360/761/693
f 366/762/694 362/763/695 361/764/692
f 360/765/693 373/766/696 370/767/697
f 361/764/692 363/768/698 373/766/696
f 358/105/93 367/769/699 366/770/700
f 364/771/701 368/772/702 367/769/699
f 366/770/700 367/769/699 362/763/703
f 367/769/699 363/768/704 362/763/703
f 369/773/705 371/774/706 359/175/151
f 370/767/697 372/775/707 369/773/705
f 372/775/707 365/776/708 371/774/706
f 373/766/709 368/772/702 372/775/707
f 394/180/156 399/777/710 407/778/711
f 397/779/712 400/780/713 399/781/710
f 407/778/711 399/777/710 410/782/714
f 399/781/710 401/783/715 410/784/716
f 402/785/717 404/786/718 395/787/719
f 403/788/720 405/789/721 402/785/717
f 405/789/721 398/790/722 404/786/718
f 406/791/723 400/780/724 405/789/721
f 396/117/102 409/792/725 408/793/726
f 407/794/727 410/784/728 409/792/725
f 408/793/726 406/791/723 403/788/720
f 409/792/725 401/783/729 406/791/723
s 2
f 414/795/730 416/796/731 411/167/143
f 415/797/732 417/798/733 414/795/730
f 417/798/733 424/799/734 416/796/731
f 417/798/733 422/800/735 418/801/736
f 419/802/737 421/803/738 412/804/739
f 420/805/740 422/806/735 419/802/737
f 421/803/738 422/800/735 415/797/732
f 424/799/734 425/807/741 423/808/742
f 425/807/741 420/805/740 423/809/742
s 6
f 429/810/743 430/811/744 426/219/745
f 430/811/744 431/812/746 1816/813/747
s 7
f 427/265/748 432/814/749 429/815/750
s 8
f 433/816/751 431/812/752 432/817/753
s 9
f 438/818/754 439/819/755 435/209/756
s 10
f 438/818/757 440/820/758 444/821/759
s 11
f 439/819/760 444/822/761 443/823/762
s 2
f 437/235/209 443/824/763 444/825/764
s 10
f 444/826/759 1817/827/765 442/828/766
f 444/822/759 440/829/758 1817/827/765
s 12
f 448/830/767 449/831/768 445/316/769
f 449/831/768 450/832/770 452/833/771
s 13
f 446/247/772 451/834/773 448/835/774
s 14
f 451/836/775 452/837/776 450/832/777
s 2
f 458/838/778 459/839/779 455/341/315
s 15
f 458/838/780 461/840/780 462/841/781
s 2
f 459/839/779 460/842/782 1818/843/783
f 456/844/784 462/845/785 461/846/786
s 16
f 462/847/787 1818/848/788 460/842/789
s 2
f 468/849/790 470/850/791 465/851/792
f 469/852/793 471/853/794 468/849/790
f 471/853/794 477/854/795 470/850/791
f 471/853/794 472/855/796 479/856/797
f 474/857/798 475/858/799 473/859/800
f 475/858/799 469/852/793 473/860/800
f 476/861/801 478/862/802 467/264/238
f 476/861/801 477/854/795 479/863/797
f 479/863/797 474/857/798 478/862/802
s 17
f 483/864/803 487/865/804 480/272/805
f 483/864/803 484/866/806 488/867/807
s 18
f 482/270/808 487/868/809 488/869/808
s 17
f 488/870/807 484/866/806 1815/871/810
s 2
f 492/872/811 494/873/812 489/874/813
f 493/875/814 495/876/815 492/872/816
f 494/873/812 495/877/815 500/878/817
s 19
f 496/879/818 498/880/819 497/881/820
s 2
f 497/881/821 493/875/814 496/882/822
f 499/883/823 501/884/824 491/284/258
f 500/878/817 502/885/825 499/883/823
f 501/884/824 502/885/825 498/886/826
f 502/885/825 495/877/815 498/880/826
f 506/887/827 507/888/828 503/198/172
f 506/887/827 508/889/829 512/890/830
s 20
f 507/888/831 512/891/832 511/892/831
s 2
f 505/291/265 511/893/833 512/894/834
s 21
f 512/895/835 1819/896/836 510/897/837
f 512/891/835 508/898/838 1819/896/836
s 2
f 516/899/839 518/900/840 513/280/254
f 517/901/841 519/902/842 516/899/839
f 519/902/842 528/903/843 518/900/840
f 519/902/842 520/904/844 521/905/845
s 3
f 514/906/223 525/907/846 524/908/847
f 522/909/848 526/910/849 525/907/846
f 524/908/847 520/904/850 517/901/851
f 525/907/846 521/911/852 520/904/850
s 2
f 527/912/853 529/913/854 515/299/273
f 528/903/843 530/914/855 527/912/853
f 530/914/855 523/915/856 529/913/854
f 530/914/855 521/911/845 526/910/857
f 200/243/217 535/916/858 534/917/859
f 1820/918/860 535/916/858 533/919/861
f 535/916/858 544/920/862 534/917/859
f 535/916/858 536/921/863 537/922/864
s 3
f 531/923/264 541/924/865 540/925/866
f 538/926/867 542/927/868 541/924/865
f 540/925/866 536/921/869 1820/918/870
f 541/924/865 537/928/871 536/921/869
s 2
f 543/929/872 545/930/873 532/260/234
f 544/920/862 546/931/874 543/929/872
f 546/931/874 539/932/875 545/930/873
f 546/931/874 537/928/864 542/927/876
f 550/933/877 552/934/878 547/275/249
f 551/935/879 553/936/880 550/933/877
f 553/936/880 562/937/881 552/934/878
f 553/936/880 555/938/882 565/939/883
f 556/940/884 558/941/885 548/254/228
f 557/942/886 559/943/887 556/940/884
f 559/943/887 551/935/879 558/941/885
f 559/943/887 555/938/882 554/944/888
f 561/945/889 563/946/890 549/301/275
f 562/937/881 564/947/891 561/945/889
f 564/947/891 557/942/886 563/946/890
f 564/947/891 555/938/882 560/948/892
f 569/949/893 571/950/894 566/231/205
f 570/951/895 572/952/896 569/949/893
f 572/952/896 581/953/897 571/950/894
f 572/952/896 573/954/898 574/955/899
s 3
f 567/956/274 578/957/900 577/958/901
f 575/959/902 579/960/903 578/957/900
f 577/958/901 573/954/904 570/951/905
f 578/957/900 574/961/906 573/954/904
s 2
f 580/962/907 582/963/908 568/269/243
f 581/953/897 583/964/909 580/962/907
f 583/964/909 576/965/910 582/963/908
f 583/964/909 574/961/899 579/960/911
f 584/966/912 590/967/913 589/968/914
f 588/969/915 590/967/916 587/970/917
f 589/968/914 596/971/918 598/972/919
f 590/967/916 591/973/920 596/971/918
f 585/307/281 595/974/921 594/975/922
f 592/976/923 596/977/924 595/974/921
s 22
f 594/975/925 595/978/925 588/969/925
s 2
f 595/974/921 596/977/924 591/973/926
f 597/979/927 599/980/928 586/981/307
f 598/972/919 600/982/929 597/979/927
f 600/982/930 593/983/931 599/980/928
f 604/984/932 606/985/933 601/319/293
f 605/986/934 607/987/935 604/984/932
f 607/987/935 615/988/936 606/985/933
f 607/987/935 608/989/937 618/990/938
f 609/991/939 611/992/940 602/993/308
f 610/994/941 612/995/942 609/991/939
f 612/995/942 605/986/934 611/992/940
f 612/995/942 613/996/943 608/997/937
f 614/998/944 616/999/945 603/305/279
f 615/988/936 617/1000/946 614/998/944
f 617/1000/946 610/994/941 616/999/945
f 618/990/938 613/996/943 617/1000/946
f 619/318/292 625/1001/947 624/1002/948
f 622/1003/949 631/1004/950 625/1001/951
f 625/1001/951 633/1005/952 624/1002/953
f 625/1001/951 626/1006/954 635/1007/955
f 627/1008/956 629/1009/957 620/1010/198
f 628/1011/958 630/1012/959 627/1008/956
f 630/1012/960 623/1013/961 629/1009/957
f 621/1014/962 635/1015/963 634/1016/964
s 23
f 632/1017/965 633/1005/966 635/1015/966
s 2
f 634/1016/964 631/1018/967 628/1011/958
f 635/1007/963 626/1006/968 631/1018/967
f 639/1019/969 641/1020/970 636/1021/971
f 640/1022/972 642/1023/973 639/1019/969
f 642/1023/973 650/1024/974 641/1020/970
f 643/1025/975 653/1026/976 642/1023/973
f 644/1027/977 646/1028/978 637/312/286
f 645/1029/979 647/1030/980 644/1027/977
f 647/1030/980 640/1022/972 646/1028/978
f 647/1030/980 648/1031/981 643/1025/975
f 649/1032/982 651/1033/983 638/1034/295
f 650/1024/974 652/1035/984 649/1032/982
f 652/1035/984 645/1029/979 651/1033/983
f 652/1035/984 653/1026/976 648/1036/981
f 654/339/313 660/1037/985 659/1038/986
f 657/1039/987 666/1040/988 660/1037/989
f 660/1037/989 668/1041/990 659/1038/991
f 660/1037/989 661/1042/992 670/1043/993
f 662/1044/994 664/1045/995 655/1046/299
f 663/1047/996 665/1048/997 662/1044/994
f 665/1048/998 658/1049/999 664/1045/995
f 656/310/284 670/1050/1000 669/1051/1001
s 24
f 667/1052/1002 668/1041/1002 670/1050/1002
s 2
f 669/1051/1001 666/1053/1003 663/1047/996
f 670/1043/1000 661/1042/1004 666/1053/1003
f 671/212/186 676/1054/1005 675/1055/1006
f 674/1056/1007 677/1057/1008 676/1054/1005
f 675/1055/1006 688/1058/1009 685/1059/1010
f 676/1054/1005 678/1060/1011 688/1058/1009
f 672/313/287 682/1061/1012 681/1062/1013
f 679/1063/1014 683/1064/1015 682/1061/1012
f 681/1062/1013 682/1061/1012 677/1057/1016
f 682/1061/1012 678/1060/1011 677/1057/1016
f 684/1065/1017 686/1066/1018 673/1067/312
f 685/1059/1010 687/1068/1019 684/1065/1017
f 687/1068/1019 680/1069/1020 686/1066/1018
f 688/1058/1009 683/1064/1015 687/1068/1019
f 689/343/317 695/1070/1021 694/1071/1022
f 692/1072/1023 696/1073/1024 695/1070/1021
f 694/1071/1025 706/1074/1026 703/1075/1027
f 695/1070/1021 697/1076/1028 706/1074/1026
f 698/1077/1029 700/1078/1030 690/1079/189
f 699/1080/1031 701/1081/1032 698/1077/1029
f 701/1081/1032 693/1082/1033 700/1078/1030
f 702/1083/1034 696/1073/1024 701/1081/1032
f 691/1084/1035 705/1085/1036 704/1086/1037
f 703/1075/1038 706/1074/1039 705/1085/1036
f 704/1086/1037 702/1083/1034 699/1080/1031
f 705/1085/1036 697/1076/1028 702/1083/1034
f 710/1087/1040 712/1088/1041 707/330/304
f 711/1089/1042 713/1090/1043 710/1087/1040
f 713/1090/1043 721/1091/1044 712/1088/1041
f 714/1092/1045 724/1093/1046 713/1090/1043
f 715/1094/1047 717/1095/1048 708/302/276
f 716/1096/1049 718/1097/1050 715/1094/1047
f 718/1097/1050 711/1089/1042 717/1095/1048
f 718/1097/1050 719/1098/1051 714/1092/1045
f 720/1099/1052 722/1100/1053 709/1101/177
f 721/1091/1044 723/1102/1054 720/1099/1052
f 723/1102/1054 716/1096/1049 722/1100/1053
f 723/1102/1054 724/1093/1046 719/1103/1051
f 725/201/175 731/1104/1055 730/1105/1056
f 729/1106/1057 731/1104/1058 728/1107/1059
f 730/1105/1056 737/1108/1060 739/1109/1061
f 731/1104/1058 732/1110/1062 737/1108/1060
f 726/303/277 736/1111/1063 735/1112/1064
f 733/1113/1065 737/1114/1066 736/1111/1063
s 25
f 735/1112/1067 736/1115/1068 729/1106/1069
s 2
f 736/1111/1063 737/1114/1066 732/1110/1070
f 738/1116/1071 740/1117/1072 727/1118/303
f 739/1109/1061 741/1119/1073 738/1116/1071
f 741/1119/1074 734/1120/1075 740/1117/1072
s 4
f 792/1121/1076 798/1122/1077 797/1123/1078
f 795/1124/1079 799/1125/1080 798/1122/1077
f 797/1123/1078 809/1126/1081 806/1127/1082
f 798/1122/1077 800/1128/1083 809/1126/1081
f 801/1129/1084 803/1130/1085 793/1131/1086
f 802/1132/1087 804/1133/1088 801/1129/1084
f 804/1133/1088 796/1134/1089 803/1130/1085
f 805/1135/1090 799/1125/1080 804/1133/1088
f 794/391/360 808/1136/1091 807/1137/1092
f 806/1138/1093 809/1139/1094 808/1136/1091
f 807/1137/1092 805/1140/1095 802/1141/1096
f 808/1136/1091 800/1142/1097 805/1140/1095
f 830/1143/473 835/1144/1098 834/1145/1099
f 833/1146/1100 836/1147/1101 835/1144/1098
f 834/1145/1099 847/1148/1102 844/1149/1103
f 835/1144/1098 837/1150/1104 847/1148/1102
f 831/1151/1105 841/1152/1106 840/1153/1107
f 838/1154/1108 842/1155/1109 841/1152/1106
f 840/1153/1107 841/1152/1106 836/1156/1110
f 841/1152/1106 837/1157/1111 836/1156/1110
f 843/1158/1112 845/1159/1113 832/1160/1114
f 844/1149/1103 846/1161/1115 843/1158/1112
f 846/1161/1115 839/1162/1116 845/1159/1113
f 847/1148/1102 842/1163/1117 846/1161/1115
f 898/1164/436 903/1165/1118 902/1166/1119
f 901/1167/1120 904/1168/1121 903/1165/1118
f 902/1166/1119 914/1169/1122 911/1170/1123
f 903/1165/1118 905/1171/1124 914/1169/1122
f 899/448/411 908/1172/1125 901/1173/1126
f 906/1174/1127 909/1175/1128 908/1172/1125
f 901/1173/1126 908/1172/1125 904/1168/1129
f 908/1172/1125 905/1171/1130 904/1168/1131
f 910/1176/1132 912/1177/1133 900/516/470
f 911/1170/1123 913/1178/1134 910/1176/1132
f 913/1178/1134 907/1179/1135 912/1177/1133
f 914/1169/1136 909/1175/1128 913/1178/1134
f 935/521/475 941/1180/1137 940/1181/1138
f 938/1182/1139 942/1183/1140 941/1180/1137
f 940/1181/1138 941/1180/1137 951/1184/1141
f 941/1180/1137 943/1185/1142 951/1184/1141
f 944/1186/1143 946/1187/1144 936/1188/1145
f 945/1189/1146 947/1190/1147 944/1186/1143
f 947/1190/1147 939/1191/1148 946/1187/1144
f 948/1192/1149 942/1183/1150 947/1190/1147
f 937/460/420 950/1193/1151 949/1194/1152
f 940/1195/1153 951/1184/1154 950/1193/1151
f 949/1194/1152 948/1192/1149 945/1189/1146
f 950/1193/1151 943/1185/1155 948/1192/1149
s 5
f 1002/1196/1156 1008/1197/1157 1007/1198/1158
f 1005/1199/1159 1009/1200/1160 1008/1197/1157
f 1007/1198/1158 1019/1201/1161 1016/1202/1162
f 1008/1197/1157 1010/1203/1163 1019/1201/1161
f 1011/1204/1164 1013/1205/1165 1003/1206/1166
f 1012/1207/1167 1014/1208/1168 1011/1204/1164
f 1014/1208/1168 1006/1209/1169 1013/1205/1165
f 1015/1210/1170 1009/1200/1160 1014/1208/1168
f 1004/1211/527 1018/1212/1171 1017/1213/1172
f 1016/1202/1173 1019/1201/1174 1018/1212/1171
f 1017/1213/1172 1015/1210/1175 1012/1207/1176
f 1018/1212/1171 1010/1203/1177 1015/1210/1175
f 1040/707/635 1045/1214/1178 1044/1215/1179
f 1043/1216/1180 1046/1217/1181 1045/1214/1178
f 1044/1215/1179 1057/1218/1182 1054/1219/1183
f 1045/1214/1178 1047/1220/1184 1057/1218/1182
f 1041/1221/1185 1051/1222/1186 1050/1223/1187
f 1048/1224/1188 1052/1225/1189 1051/1222/1186
f 1050/1223/1187 1051/1222/1186 1046/1217/1190
f 1051/1222/1186 1047/1220/1191 1046/1217/1190
f 1053/1226/1192 1055/1227/1193 1042/1228/1194
f 1054/1219/1183 1056/1229/1195 1053/1226/1192
f 1056/1229/1195 1049/1230/1196 1055/1227/1193
f 1057/1218/1182 1052/1225/1197 1056/1229/1195
f 1108/670/602 1112/1231/1198 1111/1232/1199
f 1117/1233/1200 1113/1234/1201 1112/1231/1198
f 1111/1232/1199 1124/1235/1202 1121/1236/1203
f 1112/1231/1198 1114/1237/1204 1124/1235/1202
f 1109/637/577 1118/1238/1205 1117/1239/1206
f 1115/1240/1207 1119/1241/1208 1118/1238/1205
f 1117/1239/1206 1118/1238/1205 1113/1234/1209
f 1118/1238/1205 1114/1237/1210 1113/1234/1209
f 1120/1242/1211 1122/1243/1212 1110/704/632
f 1121/1236/1203 1123/1244/1213 1120/1242/1211
f 1123/1244/1213 1116/1245/1214 1122/1243/1212
f 1124/1235/1215 1119/1241/1208 1123/1244/1213
f 1145/709/637 1150/1246/1216 1158/1247/1217
f 1148/1248/1218 1151/1249/1219 1150/1246/1216
f 1158/1247/1217 1150/1246/1216 1161/1250/1220
f 1150/1246/1216 1152/1251/1221 1161/1250/1222
f 1153/1252/1223 1155/1253/1224 1146/1254/1225
f 1154/1255/1226 1156/1256/1227 1153/1252/1223
f 1156/1257/1227 1149/1258/1228 1155/1259/1224
f 1157/1260/1229 1151/1261/1230 1156/1256/1227
f 1147/649/586 1160/1262/1231 1159/1263/1232
f 1158/1264/1233 1161/1265/1234 1160/1262/1231
f 1159/1263/1232 1157/1260/1229 1154/1255/1226
f 1160/1262/1231 1152/1266/1235 1157/1260/1229
s 1
f 222/25/22 1164/1267/1236 225/1268/1237
f 225/1268/1237 1165/1269/1238 224/1270/1239
f 224/1270/1240 1166/1271/1241 223/1272/1242
f 1166/1273/1241 221/182/158 223/1274/1242
f 1162/24/21 208/1275/1243 1164/1267/1236
f 1164/1267/1236 209/1276/1244 1165/1269/1238
f 1165/1269/1245 210/1277/1246 1166/1271/1241
f 210/1278/1246 1163/141/121 1166/1273/1241
f 1167/61/55 230/1279/1247 227/8/7
f 1169/1280/1248 229/1281/1249 230/1279/1247
f 1170/1282/1250 228/1283/1251 229/1281/1252
f 228/1284/1251 1168/119/104 226/21/18
f 211/193/167 1169/1280/1248 1167/61/55
f 213/1285/1253 1170/1282/1254 1169/1280/1248
f 214/1286/1255 1171/1287/1256 1170/1282/1250
f 1171/1288/1256 212/18/15 1168/119/104
f 1172/131/113 205/1289/1257 202/3/3
f 1174/1290/1258 204/1291/1259 205/1289/1257
f 1175/1292/1260 203/1293/1261 204/1291/1262
f 203/1294/1261 1173/4/4 201/16/13
f 222/25/22 1174/1290/1258 1172/131/113
f 225/1268/1237 1175/1292/1263 1174/1290/1258
f 224/1270/1240 1176/1295/1264 1175/1292/1260
f 1176/1296/1264 221/182/158 1173/4/4
f 217/160/137 1179/1297/1265 220/1298/1266
f 220/1298/1266 1180/1299/1267 219/1300/1268
f 219/1300/1269 1181/1301/1270 218/1302/1271
f 1181/1303/1270 216/10/8 218/1304/1271
f 1177/26/23 230/1279/1247 1179/1297/1265
f 1179/1297/1265 229/1281/1249 1180/1299/1267
f 1180/1299/1272 228/1283/1251 1181/1301/1270
f 228/1284/1251 1178/23/20 1181/1303/1270
f 232/161/138 1184/1305/1273 235/1306/1274
f 235/1306/1274 1185/1307/1275 234/1308/1276
f 234/1309/1277 1186/1310/1278 233/1311/1279
f 1186/1310/1278 231/29/25 233/1311/1279
f 1182/155/133 220/1298/1266 1184/1305/1273
f 1184/1305/1273 219/1300/1268 1185/1307/1275
f 1185/1307/1280 218/1302/1271 1186/1312/1278
f 218/1304/1271 1183/12/10 1186/1310/1278
f 206/15/12 1189/1313/1281 208/1275/1243
f 208/1275/1243 1190/1314/1282 209/1276/1244
f 209/1276/1283 1191/1315/1284 210/1277/1246
f 1191/1316/1284 207/35/31 210/1278/1246
f 1187/14/11 238/1317/1285 1189/1313/1281
f 1189/1313/1281 239/1318/1286 1190/1314/1282
f 1190/1314/1287 240/1319/1288 1191/1315/1284
f 240/1320/1288 1188/33/29 1191/1316/1284
f 236/44/39 1194/1321/1289 238/1317/1285
f 238/1317/1285 1195/1322/1290 239/1318/1286
f 239/1318/1291 1196/1323/1292 240/1319/1288
f 1196/1324/1292 237/32/28 240/1320/1288
f 1192/53/47 248/1325/1293 1194/1321/1289
f 1194/1321/1289 249/1326/1294 1195/1322/1290
f 1195/1322/1295 250/1327/1296 1196/1323/1292
f 250/1328/1296 1193/30/26 1196/1324/1292
f 242/194/168 1199/1329/1297 245/1330/1298
f 245/1330/1298 1200/1331/1299 244/1332/1300
f 244/1333/1301 1201/1334/1302 243/1335/1303
f 1201/1334/1302 241/39/35 243/1335/1303
f 1197/186/161 235/1306/1274 1199/1329/1297
f 1199/1329/1297 234/1308/1276 1200/1331/1299
f 1200/1336/1304 233/1311/1279 1201/1334/1302
f 233/1311/1279 1198/37/33 1201/1334/1302
f 1202/172/148 273/1337/1305 270/170/146
f 1204/1338/1306 272/1339/1307 273/1337/1305
f 1205/1340/1308 271/1341/1309 272/1339/1307
f 1206/1342/1310 269/1343/44 271/1341/1309
f 252/732/660 1204/1338/1306 1202/172/148
f 262/731/659 1205/1340/1308 1204/1338/1306
f 255/735/663 1206/1342/1310 1205/1340/1308
f 254/725/653 1203/135/115 1206/1342/1310
f 246/52/46 1209/1344/1311 248/1325/1293
f 248/1325/1293 1210/1345/1312 249/1326/1294
f 249/1326/1313 1211/1346/1314 250/1327/1296
f 250/1328/1296 1208/40/36 247/42/38
f 1207/154/132 273/1337/1305 1209/1344/1311
f 1209/1344/1311 272/1339/1307 1210/1345/1312
f 1210/1345/1315 271/1341/1309 1211/1346/1314
f 271/1347/1309 1208/40/36 1211/1348/1314
f 252/732/660 1214/1349/1316 260/730/658
f 260/730/658 1215/1350/1317 261/733/661
f 261/1351/670 1216/1352/1318 266/738/666
f 266/738/666 1213/46/41 253/48/43
f 1212/171/147 245/1330/1298 1214/1349/1316
f 1214/1349/1316 244/1332/1300 1215/1350/1317
f 1215/1353/1319 243/1335/1303 1216/1352/1318
f 1216/1352/1318 241/39/35 1213/46/41
f 1217/69/62 213/1285/1253 211/193/167
f 1219/1354/1320 214/1286/1321 213/1285/1253
f 1220/1355/1322 215/1356/1323 214/1286/1255
f 215/1357/1323 1218/164/140 212/18/15
f 279/130/112 1219/1354/1320 1217/69/62
f 281/1358/1324 1220/1355/1325 1219/1354/1320
f 282/1359/1326 1221/1360/1327 1220/1355/1322
f 1221/1361/1327 280/58/52 1218/164/140
f 1222/1/1 278/1362/1328 275/179/155
f 1224/1363/1329 277/1364/1330 278/1362/1328
f 1225/1365/1331 276/1366/1332 277/1364/1333
f 276/1367/1332 1223/54/48 274/56/50
f 202/3/3 1224/1363/1329 1222/1/1
f 205/1289/1257 1225/1365/1334 1224/1363/1329
f 204/1291/1262 1226/1368/1335 1225/1365/1331
f 1226/1369/1335 201/16/13 1223/54/48
f 291/757/688 1229/1370/1336 302/755/686
f 302/755/686 1230/1371/1337 303/746/677
f 303/746/677 1231/1372/1338 293/742/673
f 293/742/673 1228/120/105 289/178/154
f 1227/145/124 286/1373/1339 1229/1370/1336
f 1229/1370/1336 287/1374/1340 1230/1371/1337
f 1230/1371/1337 288/1375/1341 1231/1372/1338
f 1231/1372/1338 285/1376/58 1228/120/105
f 1232/146/125 281/1358/1324 279/130/112
f 1234/1377/1342 282/1359/1343 281/1358/1324
f 1235/1378/1344 283/1379/1345 282/1359/1326
f 1236/1380/1346 280/58/52 283/1381/1345
f 291/757/688 1234/1377/1342 1232/146/125
f 304/756/687 1235/1378/1347 1234/1377/1342
f 298/759/1348 1236/1382/1346 1235/1378/1344
f 297/1383/682 1233/66/60 1236/1380/1346
f 1237/148/127 286/1373/1339 284/147/126
f 1239/1384/1349 287/1374/1340 286/1373/1339
f 1240/1385/1350 288/1375/1341 287/1374/1340
f 288/1386/1341 1238/62/56 285/64/58
f 275/179/155 1239/1384/1349 1237/148/127
f 278/1362/1328 1240/1385/1351 1239/1384/1349
f 277/1364/1333 1241/1387/1352 1240/1385/1350
f 276/1367/1332 1238/62/56 1241/1388/1352
f 1242/144/123 331/1389/1353 328/71/63
f 1244/1390/1354 330/1391/1355 331/1389/1353
f 1245/1392/1356 329/1393/1357 330/1391/1355
f 1246/1394/1358 327/192/166 329/1393/1357
f 312/91/81 1244/1390/1354 1242/144/123
f 314/1395/1359 1245/1392/1356 1244/1390/1354
f 315/1396/1360 1246/1394/1358 1245/1392/1356
f 316/1397/1361 1243/191/165 1246/1394/1358
f 333/85/75 1249/1398/1362 336/1399/1363
f 336/1399/1363 1250/1400/1364 335/1401/1365
f 335/1401/1365 1251/1402/1366 334/1403/1367
f 334/1403/1367 1248/125/108 332/128/111
f 1247/84/74 319/1404/1368 1249/1398/1362
f 1249/1398/1362 320/1405/1369 1250/1400/1364
f 1250/1400/1364 321/1406/1370 1251/1402/1366
f 1251/1402/1366 318/126/109 1248/125/108
f 308/81/71 1254/1407/1371 311/1408/1372
f 311/1408/1372 1255/1409/1373 310/1410/1374
f 310/1410/1374 1256/1411/1375 309/1412/1376
f 309/1412/1376 1253/142/122 307/106/94
f 1252/72/64 331/1389/1353 1254/1407/1371
f 1254/1407/1371 330/1391/1355 1255/1409/1373
f 1255/1409/1373 329/1393/1357 1256/1411/1375
f 1256/1411/1375 327/192/166 1253/142/122
f 1257/86/76 326/1413/1377 323/127/110
f 1259/1414/1378 325/1415/1379 326/1413/1377
f 1260/1416/1380 324/1417/1381 325/1415/1379
f 1261/1418/1382 322/183/159 324/1417/1381
f 333/85/75 1259/1414/1378 1257/86/76
f 336/1399/1363 1260/1416/1380 1259/1414/1378
f 335/1401/1365 1261/1418/1382 1260/1416/1380
f 334/1403/1367 1258/163/139 1261/1418/1382
f 1262/77/68 341/1419/1383 338/157/134
f 1264/1420/1384 340/1421/1385 341/1419/1383
f 1265/1422/1386 339/1423/1387 340/1421/1385
f 1266/1424/1388 337/78/69 339/1423/1387
f 323/127/110 1264/1420/1384 1262/77/68
f 326/1413/1377 1265/1422/1386 1264/1420/1384
f 325/1415/1379 1266/1424/1388 1265/1422/1386
f 324/1417/1381 1263/94/84 1266/1424/1388
f 1267/92/82 314/1395/1359 312/91/81
f 1269/1425/1389 315/1396/1360 314/1395/1359
f 1270/1426/1390 316/1397/1361 315/1396/1360
f 1271/1427/1391 313/190/164 316/1397/1361
f 342/97/86 1269/1425/1389 1267/92/82
f 344/1428/1392 1270/1426/1390 1269/1425/1389
f 345/1429/1393 1271/1427/1391 1270/1426/1390
f 346/1430/1394 1268/74/66 1271/1427/1391
f 1272/98/87 344/1428/1392 342/97/86
f 1274/1431/1395 345/1429/1393 344/1428/1392
f 1275/1432/1396 346/1430/1394 345/1429/1393
f 1276/1433/1397 343/140/120 346/1430/1394
f 352/102/90 1274/1431/1395 1272/98/87
f 354/1434/1398 1275/1432/1396 1274/1431/1395
f 355/1435/1399 1276/1433/1397 1275/1432/1396
f 356/1436/1400 1273/184/160 1276/1433/1397
f 1277/93/83 351/1437/1401 348/187/162
f 1279/1438/1402 350/1439/1403 351/1437/1401
f 1280/1440/1404 349/1441/1405 350/1439/1403
f 1281/1442/1406 347/101/89 349/1441/1405
f 338/157/134 1279/1438/1402 1277/93/83
f 341/1419/1383 1280/1440/1404 1279/1438/1402
f 340/1421/1385 1281/1442/1406 1280/1440/1404
f 339/1423/1387 1278/80/70 1281/1442/1406
f 375/189/163 1284/1443/1407 378/1444/1408
f 378/1444/1408 1285/1445/1409 377/1446/1410
f 377/1446/1410 1286/1447/1411 376/1448/1412
f 376/1448/1412 1283/174/150 374/176/152
f 1282/139/119 360/761/693 1284/1449/1407
f 1284/1443/1407 370/767/697 1285/1445/1409
f 1285/1445/1409 369/773/705 1286/1447/1411
f 1286/1447/1411 359/175/151 1283/174/150
f 1287/104/92 354/1434/1398 352/102/90
f 1289/1450/1413 355/1435/1399 354/1434/1398
f 1290/1451/1414 356/1436/1400 355/1435/1399
f 1291/1452/1415 353/181/157 356/1436/1400
f 375/189/163 1289/1450/1413 1287/104/92
f 378/1444/1408 1290/1451/1414 1289/1450/1413
f 377/1446/1410 1291/1452/1415 1290/1451/1414
f 376/1448/1412 1288/158/135 1291/1452/1415
f 1292/99/88 364/771/701 358/105/93
f 1294/1453/1416 365/776/708 364/771/701
f 1295/1454/1417 371/774/706 365/776/708
f 1296/1455/1418 359/175/151 371/774/706
f 348/187/162 1294/1453/1416 1292/99/88
f 351/1437/1401 1295/1454/1417 1294/1453/1416
f 350/1439/1403 1296/1455/1418 1295/1454/1417
f 349/1441/1405 1293/173/149 1296/1455/1418
f 317/88/78 1299/1456/1419 319/1404/1368
f 319/1404/1368 1300/1457/1420 320/1405/1369
f 320/1405/1369 1301/1458/1421 321/1406/1370
f 321/1406/1370 1298/168/144 318/126/109
f 1297/109/95 386/1459/1422 1299/1456/1419
f 1299/1456/1419 387/1460/1423 1300/1457/1420
f 1300/1457/1420 388/1461/1424 1301/1458/1421
f 1301/1458/1421 385/132/114 1298/168/144
f 380/111/97 1304/1462/1425 383/1463/1426
f 383/1463/1426 1305/1464/1427 382/1465/1428
f 382/1465/1428 1306/1466/1429 381/1467/1430
f 381/1467/1430 1303/115/100 379/114/99
f 1302/82/72 311/1408/1372 1304/1462/1425
f 1304/1462/1425 310/1410/1374 1305/1464/1427
f 1305/1464/1427 309/1412/1376 1306/1466/1429
f 1306/1466/1429 307/106/94 1303/115/100
f 1307/124/107 397/1468/712 394/180/156
f 1309/1469/1431 398/790/722 397/779/712
f 1310/1470/1432 404/786/718 398/790/722
f 1311/1471/1433 395/787/719 404/786/718
f 389/118/103 1309/1469/1431 1307/1472/107
f 391/1473/1434 1310/1470/1432 1309/1469/1431
f 392/1474/1435 1311/1471/1433 1310/1470/1432
f 393/1475/1436 1308/152/131 1311/1471/1433
f 384/110/96 1314/1476/1437 386/1459/1422
f 386/1459/1422 1315/1477/1438 387/1460/1423
f 387/1460/1423 1316/1478/1439 388/1461/1424
f 388/1461/1424 1313/151/130 385/132/114
f 1312/116/101 408/793/726 1314/1476/1437
f 1314/1476/1437 403/788/720 1315/1477/1438
f 1315/1477/1438 402/785/717 1316/1478/1439
f 1316/1478/1439 395/787/719 1313/151/130
f 389/118/103 1319/1479/1440 391/1473/1434
f 391/1473/1434 1320/1480/1441 392/1474/1435
f 392/1474/1435 1321/1481/1442 393/1475/1436
f 393/1475/1436 1318/150/129 390/149/128
f 1317/112/98 383/1463/1426 1319/1479/1440
f 1319/1479/1440 382/1465/1428 1320/1480/1441
f 1320/1480/1441 381/1467/1430 1321/1481/1442
f 1321/1481/1442 379/114/99 1318/150/129
f 396/117/102 1324/1482/1443 407/1483/727
f 407/778/1444 1323/177/153 394/180/1445
f 1322/67/61 299/750/1446 1324/1482/1443
s 26
f 1324/1484/1447 299/1485/1448 292/743/1449
s 1
f 1324/1486/1450 289/178/154 1323/177/153
f 253/48/43 1327/1487/1451 265/1488/1452
s 27
f 265/728/1453 1327/1489/1453 256/724/1454
s 1
f 1327/1489/1455 251/722/650 256/724/1456
f 1325/47/42 366/770/700 1327/1487/1451
f 366/1490/1457 1326/136/116 1327/1489/1455
s 2
f 532/260/234 1330/1491/1458 543/929/872
f 543/929/872 1331/1492/1459 544/920/862
f 1331/1492/1459 534/917/859 544/920/862
f 1332/1493/1460 200/243/217 534/917/859
f 1328/259/233 552/934/878 1330/1491/1458
f 1330/1491/1458 562/937/881 1331/1492/1459
f 562/937/881 1332/1493/1460 1331/1492/1459
f 561/945/889 1329/261/235 1332/1493/1460
f 1333/253/227 556/940/884 548/254/228
f 1335/1494/1461 557/942/886 556/940/884
f 557/942/886 1337/1495/1462 563/946/890
f 563/946/890 1334/240/214 549/301/275
f 566/231/205 1335/1494/1461 1333/253/227
f 571/950/894 1336/1496/1463 1335/1494/1461
f 1336/1496/1463 580/962/907 1337/1495/1462
f 1337/1495/1462 568/269/243 1334/240/214
s 3
f 1338/1497/262 575/959/902 567/956/274
f 1340/1498/1464 576/965/1465 575/959/902
s 2
f 576/965/910 1341/1499/1466 582/963/908
f 1341/1499/1466 568/269/243 582/963/908
s 3
f 1338/1497/262 540/925/866 1340/1498/1464
f 1340/1498/1464 1820/918/870 1341/1500/1467
s 2
f 1341/1500/1466 1820/918/860 533/919/861
f 1341/1499/1466 200/243/1468 1339/242/216
f 515/299/273 1344/1501/1469 527/912/853
f 527/912/853 1345/1502/1470 528/903/843
f 1345/1502/1470 518/900/840 528/903/843
f 1346/1503/1471 513/280/254 518/900/840
f 1342/296/270 558/941/885 1344/1501/1469
f 1344/1501/1469 551/935/879 1345/1502/1470
f 551/935/879 1346/1503/1471 1345/1502/1470
f 550/933/877 1343/274/248 1346/1503/1471
s 3
f 1347/1504/263 538/926/867 531/923/264
f 1349/1505/1472 539/932/1473 538/926/867
s 2
f 539/932/875 1350/1506/1474 545/930/873
f 1350/1506/1474 532/260/234 545/930/873
s 3
f 1347/1504/263 524/908/847 1349/1505/1472
f 1349/1505/1472 517/901/851 1350/1507/1475
s 2
f 1350/1507/1474 517/901/841 516/899/839
f 1350/1506/1474 513/280/254 1348/228/202
s 3
f 1351/1508/225 522/909/848 514/906/223
f 1353/1509/1476 523/915/1477 522/909/848
s 2
f 523/915/856 1354/1510/1478 529/913/854
f 1354/1510/1478 515/299/273 529/913/854
s 3
f 1351/1508/225 577/958/901 1353/1509/1476
f 1353/1509/1476 570/951/905 1354/1511/1479
s 2
f 1354/1511/1478 570/951/895 569/949/893
f 1354/1510/1478 566/231/205 1352/230/204
f 435/209/183 1357/1512/1480 438/818/1481
f 438/818/1481 1358/1513/1482 1817/1514/1483
f 1817/1514/1483 1359/1515/1484 441/1516/1485
f 441/1516/1485 1356/246/220 436/314/288
f 411/167/143 1357/1512/1480 1355/165/141
f 416/796/731 1358/1513/1482 1357/1512/1480
f 424/799/734 1359/1515/1484 1358/1513/1482
f 423/808/742 1356/246/220 1359/1515/1484
f 1360/258/232 453/1517/1486 447/216/190
f 1362/1518/1487 452/833/1488 453/1517/1486
f 1363/1519/1489 449/831/1490 452/833/1488
f 1364/1520/1491 445/316/290 449/831/1490
f 1360/258/232 423/809/742 1362/1518/1487
f 1362/1518/1487 420/805/740 1363/1519/1489
f 1363/1519/1489 419/802/737 1364/1520/1491
f 1364/1520/1491 412/804/739 1361/236/210
f 1365/315/289 441/1521/1485 436/314/288
f 1367/1522/1492 442/828/1493 441/1521/1485
f 1368/1523/1494 444/825/764 442/828/1493
f 1369/1524/1495 437/235/209 444/825/764
f 1365/315/289 453/1525/1486 1367/1522/1492
f 1367/1522/1492 452/1526/1496 1368/1523/1494
f 1368/1523/1494 451/836/1497 1369/1524/1495
f 1369/1524/1495 446/247/221 1366/233/207
f 465/851/792 1372/1527/1498 468/849/790
f 468/849/790 1373/1528/1499 469/852/793
f 469/852/793 1374/1529/1500 473/860/800
f 473/860/800 1371/278/252 466/320/294
f 426/219/193 1372/1527/1498 1370/298/272
f 430/811/1501 1373/1528/1499 1372/1527/1498
f 1816/813/1502 1374/1529/1500 1373/1528/1499
f 434/1530/1503 1371/278/252 1374/1529/1500
f 480/272/246 1377/1531/1504 483/864/1505
f 483/864/1505 1378/1532/1506 1815/1533/1507
f 1815/1533/1507 1379/1534/1508 485/1535/1509
f 485/1535/1509 1376/336/310 481/206/180
f 467/264/238 1377/1531/1504 1375/262/236
f 478/862/802 1378/1532/1506 1377/1531/1504
f 474/857/798 1379/1534/1508 1378/1532/1506
f 473/859/800 1376/336/310 1379/1534/1508
f 1380/208/182 485/1536/1509 481/206/180
f 1382/1537/1510 1815/871/1511 485/1536/1509
f 1383/1538/1512 488/869/1513 1815/871/1511
f 1384/1539/1514 482/270/244 488/869/1513
f 1380/208/182 434/1540/1503 1382/1537/1510
f 1382/1537/1510 433/816/1515 1383/1538/1512
f 1383/1538/1512 432/817/1516 1384/1539/1514
f 1384/1539/1514 427/265/239 1381/267/241
f 1385/256/230 463/1541/1517 457/195/169
f 1387/1542/1518 1818/843/1519 463/1541/1517
f 1388/1543/1520 459/839/779 1818/843/1519
f 1389/1544/1521 455/341/315 459/839/779
f 1385/256/230 496/882/822 1387/1542/1518
f 1387/1542/1518 493/875/814 1388/1543/1520
f 1388/1543/1520 492/872/811 1389/1544/1521
f 1389/1544/1521 489/874/813 1386/293/267
f 1390/326/300 496/879/822 490/279/253
f 1392/1545/1522 498/886/1523 496/879/822
f 1393/1546/1524 501/884/824 498/886/826
f 1394/1547/1525 491/284/258 501/884/824
f 1390/326/300 509/1548/1526 1392/1545/1522
f 1392/1545/1522 1819/1549/1527 1393/1546/1528
f 1393/1546/1524 506/887/827 1394/1547/1525
f 1394/1547/1525 503/198/172 1391/200/174
f 1395/340/314 509/1550/1526 504/327/301
f 1397/1551/1529 510/897/1530 509/1550/1526
f 1398/1552/1531 512/894/834 510/897/1530
f 1399/1553/1532 505/291/265 512/894/834
f 1395/340/314 463/1554/1517 1397/1551/1529
f 1397/1551/1529 464/1555/1533 1398/1552/1531
f 1398/1552/1531 462/847/785 1399/1553/1532
f 1399/1553/1532 456/844/784 1396/285/259
f 586/981/307 1402/1556/1534 597/979/927
f 597/979/927 1403/1557/1535 598/972/919
f 598/972/919 1404/1558/1536 589/968/914
f 589/968/914 1401/282/256 584/966/912
f 1400/1559/306 611/992/940 1402/1556/1534
f 1402/1556/1534 605/986/934 1403/1557/1535
f 1403/1557/1535 604/984/932 1404/1558/1536
f 1404/1558/1536 601/319/293 1401/282/256
f 1405/306/280 622/1003/949 619/318/292
f 1407/1560/1537 623/1013/961 622/1003/949
f 1408/1561/1538 629/1009/957 623/1013/961
f 1409/1562/1539 620/1010/198 629/1009/957
f 603/305/279 1407/1560/1537 1405/306/280
f 616/999/945 1408/1561/1538 1407/1560/1537
f 610/994/941 1409/1562/1539 1408/1561/1538
f 609/991/939 1406/1563/196 1409/1562/1539
f 1410/309/283 592/976/923 585/307/281
f 1412/1564/1540 593/983/931 592/976/923
f 1413/1565/1541 599/980/928 593/983/931
f 1414/1566/1542 586/981/307 599/980/928
f 1410/309/283 634/1016/964 1412/1564/1540
f 1412/1564/1540 628/1011/958 1413/1565/1541
f 1413/1565/1541 627/1008/956 1414/1566/1542
f 1414/1566/1542 620/1010/198 1411/1567/197
f 1415/1568/297 649/1032/982 638/1034/295
f 1417/1569/1543 650/1024/974 649/1032/982
f 1418/1570/1544 641/1020/970 650/1024/974
f 1419/1571/1545 636/1021/971 641/1020/970
f 655/1046/299 1417/1569/1543 1415/1568/297
f 664/1045/995 1418/1570/1544 1417/1569/1543
f 658/1049/999 1419/1571/1545 1418/1570/1544
f 657/1039/987 1416/226/200 1419/1571/1545
f 673/1067/312 1422/1572/1546 684/1065/1017
f 684/1065/1017 1423/1573/1547 685/1059/1010
f 685/1059/1010 1424/1574/1548 675/1055/1006
f 675/1055/1006 1421/213/187 671/212/186
f 1420/1575/311 651/1033/983 1422/1572/1546
f 1422/1572/1546 645/1029/979 1423/1573/1547
f 1423/1573/1547 644/1027/977 1424/1574/1548
f 1424/1574/1548 637/312/286 1421/213/187
f 1425/311/285 679/1063/1014 672/313/287
f 1427/1576/1549 680/1069/1020 679/1063/1014
f 1428/1577/1550 686/1066/1018 680/1069/1020
f 1429/1578/1551 673/1067/312 686/1066/1018
f 1425/311/285 669/1051/1001 1427/1576/1549
f 1427/1576/1549 663/1047/996 1428/1577/1550
f 1428/1577/1550 662/1044/994 1429/1578/1551
f 1429/1578/1551 655/1046/299 1426/1579/298
f 1430/331/305 692/1072/1023 689/343/317
f 1432/1580/1552 693/1082/1033 692/1072/1023
f 1433/1581/1553 700/1078/1030 693/1082/1033
f 1434/1582/1554 690/1079/189 700/1078/1030
f 707/330/304 1432/1580/1552 1430/331/305
f 712/1088/1041 1433/1581/1553 1432/1580/1552
f 721/1091/1044 1434/1582/1554 1433/1581/1553
f 720/1099/1052 1431/1583/179 1434/1582/1554
f 708/302/276 1437/1584/1555 715/1094/1047
f 715/1094/1047 1438/1585/1556 716/1096/1049
f 716/1096/1049 1439/1586/1557 722/1100/1053
f 722/1100/1053 1436/1587/302 709/1101/177
f 1435/202/176 730/1105/1056 1437/1584/1555
f 1437/1584/1555 739/1109/1061 1438/1585/1556
f 1438/1585/1556 738/1116/1071 1439/1586/1557
f 1439/1586/1557 727/1118/303 1436/1587/302
f 1440/304/278 733/1113/1065 726/303/277
f 1442/1588/1558 734/1120/1075 733/1113/1065
f 1443/1589/1559 740/1117/1072 734/1120/1075
f 1444/1590/1560 727/1118/303 740/1117/1072
f 1440/304/278 704/1086/1037 1442/1588/1558
f 1442/1588/1558 699/1080/1031 1443/1589/1559
f 1443/1589/1559 698/1077/1029 1444/1590/1560
f 1444/1590/1560 690/1079/189 1441/1591/188
f 411/167/143 1447/1592/1561 414/795/730
f 1447/1592/1561 415/797/1562 414/795/730
f 1448/1593/1563 421/803/738 415/797/1562
f 1449/1594/1564 412/804/739 421/803/738
f 1445/166/142 606/985/933 1447/1592/1561
f 1447/1592/1561 615/988/936 1448/1593/1563
f 615/988/936 1449/1594/1564 1448/1593/1563
f 614/998/944 1446/237/211 1449/1594/1564
f 621/1014/962 1452/1595/1565 632/1017/1566
f 632/1017/1566 1452/1596/1565 633/1005/1567
s 28
f 633/1005/1568 1453/1597/1569 624/1002/1570
s 2
f 1453/1597/1571 619/318/292 624/1002/948
f 446/247/221 1452/1595/1565 1450/308/282
s 28
f 1452/1596/1572 448/830/1573 1453/1597/1569
s 2
f 1453/1597/1571 445/316/290 1451/317/291
f 426/219/193 1456/1598/1574 429/810/1575
s 29
f 429/810/1576 1456/1598/1577 1457/1599/1578
s 2
f 1457/1600/1579 427/265/239 429/815/1580
f 654/339/313 1456/1598/1574 1454/221/195
s 29
f 1456/1598/1577 668/1041/1581 1457/1599/1578
s 2
f 1457/1599/1579 668/1041/1582 667/1052/1583
f 1457/1600/1579 656/310/284 1455/1601/1584
f 1458/1602/1585 674/1056/1586 671/212/186
f 674/1056/1007 1460/1603/1587 681/1604/1588
f 681/1062/1013 1459/271/245 672/313/287
f 480/272/246 1460/1605/1589 1458/1602/1585
f 1460/1606/1590 482/270/244 1459/271/245
f 1461/283/257 499/883/823 491/284/258
f 499/883/823 1464/1607/1591 500/878/1592
f 1464/1607/1591 494/873/812 500/878/1592
f 494/873/812 1462/294/268 489/874/813
f 708/302/276 1463/1608/1593 1461/283/257
f 1463/1608/1593 711/1089/1042 1464/1607/1591
f 711/1089/1042 1465/1609/1594 1464/1607/1591
f 1465/1609/1594 707/330/304 1462/294/268
f 1466/286/260 703/1610/1038 691/1084/1035
f 703/1075/1027 1469/1611/1595 694/1071/1025
f 1469/1611/1596 689/343/317 694/1071/1022
f 456/844/784 1468/1612/1597 1466/286/260
f 1468/1613/1598 458/838/1599 1469/1611/1595
f 458/838/1600 1467/342/316 1469/1611/1596
f 584/966/912 1472/1614/1601 587/970/1602
s 30
f 1472/1614/1603 588/969/1604 587/970/1605
s 2
f 588/969/1606 1473/1615/1607 594/975/922
f 1473/1615/1607 585/307/281 594/975/922
f 1470/281/255 439/819/1608 1472/1614/1601
s 30
f 1472/1614/1603 443/823/1609 1473/1616/1610
s 2
f 1473/1615/1607 437/235/209 1471/234/208
f 467/264/238 1476/1617/1611 476/861/801
f 1476/1617/1611 477/854/1612 476/861/801
f 1477/1618/1613 470/850/791 477/854/1612
f 470/850/791 1475/225/199 465/851/792
f 637/312/286 1476/1617/1611 1474/263/237
f 646/1028/978 1477/1618/1613 1476/1617/1611
f 640/1022/972 1478/1619/1614 1477/1618/1613
f 1478/1619/1614 636/1021/971 1475/225/199
f 505/291/265 1481/1620/1615 511/893/833
s 31
f 511/892/1616 1482/1621/1617 507/888/1616
s 2
f 1482/1621/1618 503/198/172 507/888/1619
f 726/303/277 1481/1620/1615 1479/292/266
f 1481/1620/1615 735/1112/1064 729/1106/1620
s 31
f 729/1106/1621 1482/1621/1617 1481/1622/1622
s 2
f 1482/1621/1618 725/201/175 1480/1623/1623
s 4
f 763/368/339 1485/1624/1624 766/1625/1625
f 766/1625/1625 1486/1626/1626 765/1627/1627
f 765/1628/1628 1487/1629/1629 764/1630/1630
f 1487/1629/1629 762/523/477 764/1630/1630
f 1483/367/338 749/1631/1631 1485/1624/1624
f 1485/1624/1624 750/1632/1632 1486/1626/1626
f 1486/1633/1633 751/1634/1634 1487/1629/1629
f 751/1634/1634 1484/482/439 1487/1629/1629
f 1488/404/372 771/1635/1635 768/351/324
f 1490/1636/1636 770/1637/1637 771/1638/1635
f 1491/1639/1638 769/1640/1639 770/1637/1640
f 769/1640/1639 1489/462/422 767/364/335
f 752/534/486 1490/1641/1636 1488/404/372
f 754/1642/1641 1491/1639/1642 1490/1636/1636
f 755/1643/1643 1492/1644/1644 1491/1639/1638
f 1492/1644/1644 753/361/332 1489/462/422
f 1493/472/431 746/1645/1645 743/346/320
f 1495/1646/1646 745/1647/1647 746/1645/1645
f 1496/1648/1648 744/1649/1649 745/1650/1650
f 744/1649/1649 1494/347/321 742/359/330
f 763/368/339 1495/1646/1646 1493/472/431
f 766/1625/1625 1496/1651/1651 1495/1646/1646
f 765/1628/1628 1497/1652/1652 1496/1648/1648
f 1497/1652/1652 762/523/477 1494/347/321
f 758/501/456 1500/1653/1653 761/1654/1654
f 761/1655/1654 1501/1656/1655 760/1657/1656
f 760/1657/1657 1502/1658/1658 759/1659/1659
f 1502/1658/1658 757/353/325 759/1659/1659
f 1498/369/340 771/1635/1635 1500/1653/1653
f 1500/1660/1653 770/1637/1637 1501/1656/1655
f 1501/1656/1660 769/1640/1639 1502/1658/1658
f 769/1640/1639 1499/366/337 1502/1658/1658
f 773/502/457 1505/1661/1661 776/1662/1662
f 776/1663/1662 1506/1664/1663 775/1665/1664
f 775/1665/1665 1507/1666/1666 774/1667/1667
f 1507/1666/1666 772/372/342 774/1667/1667
f 1503/496/452 761/1654/1654 1505/1661/1661
f 1505/1668/1661 760/1657/1656 1506/1664/1663
f 1506/1664/1668 759/1659/1659 1507/1666/1666
f 759/1659/1659 1504/355/327 1507/1666/1666
f 747/358/329 1510/1669/1669 749/1631/1631
f 749/1631/1631 1511/1670/1670 750/1632/1632
f 750/1632/1671 1512/1671/1672 751/1672/1634
f 1512/1673/1672 748/378/348 751/1634/1634
f 1508/357/328 779/1674/1673 1510/1669/1669
f 1510/1669/1669 780/1675/1674 1511/1670/1670
f 1511/1670/1675 781/1676/1676 1512/1671/1672
f 781/1677/1676 1509/376/346 1512/1673/1672
f 777/387/356 1515/1678/1677 779/1674/1673
f 779/1674/1673 1516/1679/1678 780/1675/1674
f 780/1675/1679 1517/1680/1680 781/1676/1676
f 1517/1681/1680 778/375/345 781/1677/1676
f 1513/396/364 789/1682/1681 1515/1678/1677
f 1515/1678/1677 790/1683/1682 1516/1679/1678
f 1516/1679/1683 791/1684/1684 1517/1680/1680
f 791/1685/1684 1514/373/343 1517/1681/1680
f 783/535/487 1520/1686/1685 786/1687/1686
f 786/1687/1686 1521/1688/1687 785/1689/1688
f 785/1690/1689 1522/1691/1690 784/1692/1691
f 1522/1691/1690 782/382/352 784/1692/1691
f 1518/527/480 776/1662/1662 1520/1686/1685
f 1520/1686/1685 775/1693/1664 1521/1688/1687
f 1521/1694/1692 774/1667/1667 1522/1691/1690
f 774/1667/1667 1519/380/350 1522/1691/1690
f 1523/513/467 814/1695/1693 811/511/465
f 1525/1696/1694 813/1697/1695 814/1695/1693
f 1526/1698/1696 812/1699/1697 813/1697/1695
f 1527/1700/1698 810/1701/361 812/1699/1697
f 793/1131/1086 1525/1696/1694 1523/513/467
f 803/1130/1085 1526/1698/1696 1525/1696/1694
f 796/1134/1089 1527/1700/1698 1526/1698/1696
f 795/1124/1079 1524/476/433 1527/1700/1698
f 787/395/363 1530/1702/1699 789/1682/1681
f 789/1682/1681 1531/1703/1700 790/1683/1682
f 790/1683/1701 1532/1704/1702 791/1684/1684
f 791/1685/1684 1529/383/353 788/385/355
f 1528/495/451 814/1695/1693 1530/1702/1699
f 1530/1702/1703 813/1697/1695 1531/1703/1700
f 1531/1703/1704 812/1699/1697 1532/1704/1702
f 812/1705/1697 1529/383/353 1532/1706/1702
f 793/1131/1086 1535/1707/1705 801/1129/1084
f 801/1129/1084 1536/1708/1706 802/1132/1087
f 802/1141/1096 1537/1709/1707 807/1137/1092
f 807/1137/1092 1534/389/358 794/391/360
f 1533/512/466 786/1687/1686 1535/1707/1705
f 1535/1707/1705 785/1689/1688 1536/1708/1706
f 1536/1710/1708 784/1692/1691 1537/1709/1707
f 1537/1709/1707 782/382/352 1534/389/358
f 1538/412/379 754/1711/1641 752/534/486
f 1540/1712/1709 755/1643/1710 754/1642/1641
f 1541/1713/1711 756/1714/1712 755/1643/1643
f 756/1714/1712 1539/505/459 753/361/332
f 820/471/430 1540/1715/1709 1538/412/379
f 822/1716/1713 1541/1713/1714 1540/1712/1709
f 823/1717/1715 1542/1718/1716 1541/1713/1711
f 1542/1718/1716 821/401/369 1539/505/459
f 1543/344/318 819/1719/1717 816/520/474
f 1545/1720/1718 818/1721/1719 819/1719/1717
f 1546/1722/1720 817/1723/1721 818/1724/1722
f 817/1723/1721 1544/397/365 815/399/367
f 743/346/320 1545/1720/1718 1543/344/318
f 746/1645/1645 1546/1725/1723 1545/1720/1718
f 745/1650/1650 1547/1726/1724 1546/1722/1720
f 1547/1726/1724 742/359/330 1544/397/365
f 832/1160/1114 1550/1727/1725 843/1158/1112
f 843/1158/1112 1551/1728/1726 844/1149/1103
f 844/1149/1103 1552/1729/1727 834/1145/1099
f 834/1145/1099 1549/1730/423 830/1143/473
f 1548/486/442 827/1731/1728 1550/1727/1725
f 1550/1727/1725 828/1732/1729 1551/1728/1726
f 1551/1728/1726 829/1733/1730 1552/1729/1727
f 1552/1734/1727 826/407/375 1549/463/423
f 1553/487/443 822/1735/1713 820/471/430
f 1555/1736/1731 823/1717/1732 822/1716/1713
f 1556/1737/1733 824/1738/1734 823/1717/1715
f 1557/1739/1735 821/401/369 824/1738/1734
f 832/1160/1114 1555/1740/1731 1553/487/443
f 845/1741/1113 1556/1737/1736 1555/1736/1731
f 839/1742/1737 1557/1739/1735 1556/1737/1733
f 838/1154/1108 1554/409/377 1557/1739/1735
f 1558/489/445 827/1731/1728 825/488/444
f 1560/1743/1738 828/1732/1729 827/1731/1728
f 1561/1744/1739 829/1745/1730 828/1746/1729
f 829/1745/1730 1559/405/373 826/407/375
f 816/520/474 1560/1743/1738 1558/489/445
f 819/1719/1717 1561/1747/1740 1560/1743/1738
f 818/1724/1722 1562/1748/1741 1561/1744/1739
f 817/1723/1721 1559/405/373 1562/1748/1741
f 1563/485/441 872/1749/1742 869/414/380
f 1565/1750/1743 871/1751/1744 872/1749/1742
f 1566/1752/1745 870/1753/1746 871/1751/1744
f 1567/1754/1747 868/533/485 870/1753/1746
f 853/434/398 1565/1750/1743 1563/485/441
f 855/1755/1748 1566/1752/1745 1565/1750/1743
f 856/1756/1749 1567/1754/1747 1566/1752/1745
f 857/1757/1750 1564/532/484 1567/1754/1747
f 874/428/392 1570/1758/1751 877/1759/1752
f 877/1759/1752 1571/1760/1753 876/1761/1754
f 876/1761/1754 1572/1762/1755 875/1763/1756
f 875/1763/1756 1569/466/426 873/469/429
f 1568/427/391 860/1764/1757 1570/1758/1751
f 1570/1758/1751 861/1765/1758 1571/1760/1753
f 1571/1760/1753 862/1766/1759 1572/1762/1755
f 1572/1762/1755 859/467/427 1569/466/426
f 849/424/388 1575/1767/1760 852/1768/1761
f 852/1768/1761 1576/1769/1762 851/1770/1763
f 851/1770/1763 1577/1771/1764 850/1772/1765
f 850/1772/1765 1574/483/440 848/449/412
f 1573/415/381 872/1749/1742 1575/1767/1760
f 1575/1767/1760 871/1751/1744 1576/1769/1762
f 1576/1769/1762 870/1753/1746 1577/1771/1764
f 1577/1771/1764 868/533/485 1574/483/440
f 1578/429/393 867/1773/1766 864/468/428
f 1580/1774/1767 866/1775/1768 867/1773/1766
f 1581/1776/1769 865/1777/1770 866/1775/1768
f 1582/1778/1771 863/524/478 865/1777/1770
f 874/428/392 1580/1774/1767 1578/429/393
f 877/1759/1752 1581/1776/1769 1580/1774/1767
f 876/1761/1754 1582/1778/1771 1581/1776/1769
f 875/1763/1756 1579/504/458 1582/1778/1771
f 1583/420/385 882/1779/1772 879/498/453
f 1585/1780/1773 881/1781/1774 882/1779/1772
f 1586/1782/1775 880/1783/1776 881/1781/1774
f 1587/1784/1777 878/421/386 880/1783/1776
f 864/468/428 1585/1780/1773 1583/420/385
f 867/1773/1766 1586/1782/1775 1585/1780/1773
f 866/1775/1768 1587/1784/1777 1586/1782/1775
f 865/1777/1770 1584/437/401 1587/1784/1777
f 1588/435/399 855/1755/1748 853/434/398
f 1590/1785/1778 856/1756/1749 855/1755/1748
f 1591/1786/1779 857/1757/1750 856/1756/1749
f 1592/1787/1780 854/531/483 857/1757/1750
f 883/440/403 1590/1785/1778 1588/435/399
f 885/1788/1781 1591/1786/1779 1590/1785/1778
f 886/1789/1782 1592/1787/1780 1591/1786/1779
f 887/1790/1783 1589/417/383 1592/1787/1780
f 1593/441/404 885/1788/1781 883/440/403
f 1595/1791/1784 886/1789/1782 885/1788/1781
f 1596/1792/1785 887/1790/1783 886/1789/1782
f 1597/1793/1786 884/481/438 887/1790/1783
f 893/445/408 1595/1791/1784 1593/441/404
f 895/1794/1787 1596/1792/1785 1595/1791/1784
f 896/1795/1788 1597/1793/1786 1596/1792/1785
f 897/1796/1789 1594/525/479 1597/1793/1786
f 1598/436/400 892/1797/1790 889/528/481
f 1600/1798/1791 891/1799/1792 892/1797/1790
f 1601/1800/1793 890/1801/1794 891/1799/1792
f 1602/1802/1795 888/444/407 890/1801/1794
f 879/498/453 1600/1798/1791 1598/436/400
f 882/1779/1772 1601/1800/1793 1600/1798/1791
f 881/1781/1774 1602/1802/1795 1601/1800/1793
f 880/1783/1776 1599/423/387 1602/1802/1795
f 916/530/482 1605/1803/1796 919/1804/1797
f 919/1804/1797 1606/1805/1798 918/1806/1799
f 918/1806/1799 1607/1807/1800 917/1808/1801
f 917/1808/1801 1604/515/469 915/517/471
f 1603/480/437 902/1809/1119 1605/1810/1796
f 1605/1803/1796 911/1170/1123 1606/1805/1798
f 1606/1805/1798 910/1176/1132 1607/1807/1800
f 1607/1807/1800 900/516/470 1604/515/469
f 1608/447/410 895/1794/1787 893/445/408
f 1610/1811/1802 896/1795/1788 895/1794/1787
f 1611/1812/1803 897/1796/1789 896/1795/1788
f 1612/1813/1804 894/522/476 897/1796/1789
f 916/530/482 1610/1811/1802 1608/447/410
f 919/1804/1797 1611/1812/1803 1610/1811/1802
f 918/1806/1799 1612/1813/1804 1611/1812/1803
f 917/1808/1801 1609/499/454 1612/1813/1804
f 1613/442/405 906/1174/1127 899/448/411
f 1615/1814/1805 907/1179/1135 906/1174/1127
f 1616/1815/1806 912/1177/1133 907/1179/1135
f 1617/1816/1807 900/516/470 912/1177/1133
f 889/528/481 1615/1814/1805 1613/442/405
f 892/1797/1790 1616/1815/1806 1615/1814/1805
f 891/1799/1792 1617/1816/1807 1616/1815/1806
f 890/1801/1794 1614/514/468 1617/1816/1807
f 858/431/395 1620/1817/1808 860/1764/1757
f 860/1764/1757 1621/1818/1809 861/1765/1758
f 861/1765/1758 1622/1819/1810 862/1766/1759
f 862/1766/1759 1619/509/463 859/467/427
f 1618/452/413 927/1820/1811 1620/1817/1808
f 1620/1817/1808 928/1821/1812 1621/1818/1809
f 1621/1818/1809 929/1822/1813 1622/1819/1810
f 1622/1819/1810 926/473/432 1619/509/463
f 921/454/415 1625/1823/1814 924/1824/1815
f 924/1824/1815 1626/1825/1816 923/1826/1817
f 923/1826/1817 1627/1827/1818 922/1828/1819
f 922/1828/1819 1624/458/418 920/457/417
f 1623/425/389 852/1768/1761 1625/1823/1814
f 1625/1823/1814 851/1770/1763 1626/1825/1816
f 1626/1825/1816 850/1772/1765 1627/1827/1818
f 1627/1827/1818 848/449/412 1624/458/418
f 1628/465/425 938/1182/1139 935/521/475
f 1630/1829/1820 939/1191/1148 938/1182/1139
f 1631/1830/1821 946/1187/1144 939/1191/1148
f 1632/1831/1822 936/1188/1145 946/1187/1144
f 930/461/421 1630/1829/1820 1628/465/425
f 932/1832/1823 1631/1830/1821 1630/1829/1820
f 933/1833/1824 1632/1831/1822 1631/1830/1821
f 934/1834/1825 1629/493/449 1632/1831/1822
f 925/453/414 1635/1835/1826 927/1820/1811
f 927/1820/1811 1636/1836/1827 928/1821/1812
f 928/1821/1812 1637/1837/1828 929/1822/1813
f 929/1822/1813 1634/492/448 926/473/432
f 1633/459/419 949/1194/1152 1635/1835/1826
f 1635/1835/1826 945/1189/1146 1636/1836/1827
f 1636/1836/1827 944/1186/1143 1637/1837/1828
f 1637/1837/1828 936/1188/1145 1634/492/448
f 930/461/421 1640/1838/1829 932/1832/1823
f 932/1832/1823 1641/1839/1830 933/1833/1824
f 933/1833/1824 1642/1840/1831 934/1834/1825
f 934/1834/1825 1639/491/447 931/490/446
f 1638/455/416 924/1824/1815 1640/1838/1829
f 1640/1838/1829 923/1826/1817 1641/1839/1830
f 1641/1839/1830 922/1828/1819 1642/1840/1831
f 1642/1840/1831 920/457/417 1639/491/447
f 937/460/420 1645/1841/1832 940/1842/1153
f 940/1843/1138 1644/1844/472 935/1845/475
f 1643/410/378 840/1153/1833 1645/1841/1832
s 32
f 1645/1846/1834 840/1847/1835 833/1146/1835
s 4
f 1645/1848/1836 830/1143/473 1644/1844/472
f 794/391/360 1648/1849/1837 806/1850/1838
s 33
f 806/1138/1839 1648/1851/1840 797/1852/1841
s 4
f 1648/1853/1842 792/1121/1076 797/1123/1843
f 899/448/411 1648/1849/1837 1646/390/359
f 901/1854/1120 1647/477/434 1648/1853/1842
s 5
f 973/557/506 1651/1855/1844 976/1856/1845
f 976/1857/1845 1652/1858/1846 975/1859/1847
f 975/1859/1848 1653/1860/1849 974/1861/1850
f 1653/1860/1849 972/711/639 974/1861/1850
f 1649/556/505 959/1862/1851 1651/1855/1844
f 1651/1863/1844 960/1864/1852 1652/1858/1846
f 1652/1858/1853 961/1865/1854 1653/1860/1849
f 961/1865/1854 1650/673/605 1653/1860/1849
f 1654/593/539 981/1866/1855 978/540/491
f 1656/1867/1856 980/1868/1857 981/1866/1855
f 1657/1869/1858 979/1870/1859 980/1868/1860
f 979/1871/1859 1655/651/588 977/553/502
f 962/720/648 1656/1867/1856 1654/593/539
f 964/1872/1861 1657/1869/1862 1656/1867/1856
f 965/1873/1863 1658/1874/1864 1657/1869/1858
f 1658/1875/1864 963/550/499 1655/651/588
f 1659/663/597 956/1876/1865 953/508/462
f 1661/1877/1866 955/1878/1867 956/1879/1865
f 1662/1880/1868 954/1881/1869 955/1878/1870
f 954/1881/1869 1660/536/488 952/548/497
f 973/557/506 1661/1882/1866 1659/663/597
f 976/1857/1845 1662/1880/1871 1661/1877/1866
f 975/1859/1848 1663/1883/1872 1662/1880/1868
f 1663/1883/1872 972/711/639 1660/536/488
f 968/692/621 1666/1884/1873 971/1885/1874
f 971/1885/1874 1667/1886/1875 970/1887/1876
f 970/1887/1877 1668/1888/1878 969/1889/1879
f 1668/1890/1878 967/542/492 969/1891/1879
f 1664/558/507 981/1866/1855 1666/1884/1873
f 1666/1884/1873 980/1868/1857 1667/1886/1875
f 1667/1886/1880 979/1870/1859 1668/1888/1878
f 979/1871/1859 1665/555/504 1668/1890/1878
f 983/693/622 1671/1892/1881 986/1893/1882
f 986/1893/1882 1672/1894/1883 985/1895/1884
f 985/1895/1885 1673/1896/1886 984/1897/1887
f 1673/1898/1886 982/561/509 984/1899/1887
f 1669/687/617 971/1885/1874 1671/1892/1881
f 1671/1892/1881 970/1887/1876 1672/1894/1883
f 1672/1894/1888 969/1889/1879 1673/1896/1886
f 969/1891/1879 1670/544/494 1673/1898/1886
f 957/547/496 1676/1900/1889 959/1862/1851
f 959/1901/1851 1677/1902/1890 960/1864/1852
f 960/1864/1891 1678/1903/1892 961/1865/1854
f 1678/1903/1892 958/567/515 961/1865/1854
f 1674/546/495 989/1904/1893 1676/1900/1889
f 1676/1905/1889 990/1906/1894 1677/1902/1890
f 1677/1902/1895 991/1907/1896 1678/1903/1892
f 991/1907/1896 1675/565/513 1678/1903/1892
f 987/576/523 1681/1908/1897 989/1904/1893
f 989/1909/1893 1682/1910/1898 990/1906/1894
f 990/1906/1899 1683/1911/1900 991/1907/1896
f 1683/1911/1900 988/564/512 991/1907/1896
f 1679/585/531 999/1912/1901 1681/1908/1897
f 1681/1908/1897 1000/1913/1902 1682/1914/1898
f 1682/1910/1903 1001/1915/1904 1683/1911/1900
f 1001/1915/1904 1680/562/510 1683/1911/1900
f 993/721/649 1686/1916/1905 996/1917/1906
f 996/1917/1906 1687/1918/1907 995/1919/1908
f 995/1919/1909 1688/1920/1910 994/1921/1911
f 1688/1920/1910 992/1922/519 994/1921/1911
f 1684/714/642 986/1893/1882 1686/1916/1905
f 1686/1916/1905 985/1895/1884 1687/1918/1907
f 1687/1918/1912 984/1897/1887 1688/1920/1910
f 984/1897/1887 1685/1923/517 1688/1920/1910
f 1689/701/629 1024/1924/1913 1021/699/627
f 1691/1925/1914 1023/1926/1915 1024/1924/1913
f 1692/1927/1916 1022/1928/1917 1023/1926/1915
f 1693/1929/1918 1020/581/528 1022/1930/1917
f 1003/1206/1166 1691/1925/1914 1689/701/629
f 1013/1205/1165 1692/1927/1916 1691/1925/1914
f 1006/1209/1169 1693/1931/1918 1692/1927/1916
f 1005/1932/1159 1690/667/599 1693/1929/1918
f 997/584/530 1696/1933/1919 999/1912/1901
f 999/1912/1901 1697/1934/1920 1000/1913/1902
f 1000/1935/1921 1698/1936/1922 1001/1915/1904
f 1001/1915/1904 1695/572/520 998/574/522
f 1694/686/616 1024/1924/1913 1696/1933/1919
f 1696/1933/1923 1023/1926/1915 1697/1934/1920
f 1697/1937/1924 1022/1930/1917 1698/1936/1922
f 1022/1930/1917 1695/572/520 1698/1936/1922
f 1003/1206/1166 1701/1938/1925 1011/1204/1164
f 1011/1204/1164 1702/1939/1926 1012/1207/1167
f 1012/1207/1176 1703/1940/1927 1017/1213/1172
f 1017/1213/1172 1700/1941/525 1004/1211/527
f 1699/700/628 996/1917/1906 1701/1938/1925
f 1701/1938/1925 995/1919/1908 1702/1939/1926
f 1702/1939/1928 994/1921/1911 1703/1940/1927
f 1703/1940/1927 992/1922/519 1700/1941/525
f 1704/601/546 964/1872/1861 962/720/648
f 1706/1942/1929 965/1873/1930 964/1872/1861
f 1707/1943/1931 966/1944/1932 965/1873/1863
f 966/1945/1932 1705/696/624 963/550/499
f 1030/662/596 1706/1942/1929 1704/601/546
f 1032/1946/1933 1707/1943/1934 1706/1942/1929
f 1033/1947/1935 1708/1948/1936 1707/1943/1931
f 1708/1949/1936 1031/590/536 1705/696/624
f 1709/506/460 1029/1950/1937 1026/708/636
f 1711/1951/1938 1028/1952/1939 1029/1953/1937
f 1712/1954/1940 1027/1955/1941 1028/1952/1942
f 1027/1955/1941 1710/586/532 1025/588/534
f 953/508/462 1711/1956/1938 1709/506/460
f 956/1879/1865 1712/1954/1943 1711/1951/1938
f 955/1878/1870 1713/1957/1944 1712/1954/1940
f 1713/1957/1944 952/548/497 1710/586/532
f 1042/1228/1194 1716/1958/1945 1053/1226/1192
f 1053/1226/1192 1717/1959/1946 1054/1219/1183
f 1054/1219/1183 1718/1960/1947 1044/1215/1179
f 1044/1215/1179 1715/652/589 1040/707/635
f 1714/677/608 1037/1961/1948 1716/1958/1945
f 1716/1958/1945 1038/1962/1949 1717/1959/1946
f 1717/1959/1946 1039/1963/1950 1718/1960/1947
f 1718/1960/1947 1036/1964/542 1715/652/589
f 1719/678/609 1032/1946/1933 1030/662/596
f 1721/1965/1951 1033/1947/1952 1032/1946/1933
f 1722/1966/1953 1034/1967/1954 1033/1947/1935
f 1723/1968/1955 1031/590/536 1034/1969/1954
f 1042/1228/1194 1721/1965/1951 1719/678/609
f 1055/1227/1193 1722/1966/1956 1721/1965/1951
f 1049/1230/1957 1723/1970/1955 1722/1966/1953
f 1048/1971/1188 1720/598/544 1723/1968/1955
f 1724/680/611 1037/1961/1948 1035/679/610
f 1726/1972/1958 1038/1973/1949 1037/1974/1948
f 1727/1975/1959 1039/1976/1950 1038/1973/1949
f 1039/1976/1950 1725/594/540 1036/596/542
f 1026/708/636 1726/1977/1958 1724/680/611
f 1029/1953/1937 1727/1975/1960 1726/1972/1958
f 1028/1952/1942 1728/1978/1961 1727/1975/1959
f 1027/1955/1941 1725/594/540 1728/1978/1961
f 1729/676/607 1082/1979/1962 1079/603/547
f 1731/1980/1963 1081/1981/1964 1082/1979/1962
f 1732/1982/1965 1080/1983/1966 1081/1981/1964
f 1733/1984/1967 1078/719/647 1080/1983/1966
f 1063/623/565 1731/1980/1963 1729/676/607
f 1065/1985/1968 1732/1982/1965 1731/1980/1963
f 1066/1986/1969 1733/1984/1967 1732/1982/1965
f 1067/1987/1970 1730/718/646 1733/1984/1967
f 1084/617/559 1736/1988/1971 1087/1989/1972
f 1087/1989/1972 1737/1990/1973 1086/1991/1974
f 1086/1991/1974 1738/1992/1975 1085/1993/1976
f 1085/1993/1976 1735/657/592 1083/660/595
f 1734/616/558 1070/1994/1977 1736/1988/1971
f 1736/1988/1971 1071/1995/1978 1737/1990/1973
f 1737/1990/1973 1072/1996/1979 1738/1992/1975
f 1738/1992/1975 1069/658/593 1735/657/592
f 1059/613/555 1741/1997/1980 1062/1998/1981
f 1062/1998/1981 1742/1999/1982 1061/2000/1983
f 1061/2001/1983 1743/2002/1984 1060/2003/1985
f 1060/2004/1985 1740/674/606 1058/638/578
f 1739/604/548 1082/1979/1962 1741/1997/1980
f 1741/1997/1980 1081/1981/1964 1742/1999/1982
f 1742/2005/1982 1080/2006/1966 1743/2002/1984
f 1743/2007/1984 1078/719/647 1740/674/606
f 1744/618/560 1077/2008/1986 1074/659/594
f 1746/2009/1987 1076/2010/1988 1077/2008/1986
f 1747/2011/1989 1075/2012/1990 1076/2010/1988
f 1748/2013/1991 1073/712/640 1075/2012/1990
f 1084/617/559 1746/2009/1987 1744/618/560
f 1087/1989/1972 1747/2011/1989 1746/2009/1987
f 1086/1991/1974 1748/2013/1991 1747/2011/1989
f 1085/1993/1976 1745/695/623 1748/2013/1991
f 1749/609/552 1092/2014/1992 1089/689/618
f 1751/2015/1993 1091/2016/1994 1092/2014/1992
f 1752/2017/1995 1090/2018/1996 1091/2016/1994
f 1753/2019/1997 1088/610/553 1090/2018/1996
f 1074/659/594 1751/2015/1993 1749/609/552
f 1077/2008/1986 1752/2017/1995 1751/2015/1993
f 1076/2010/1988 1753/2019/1997 1752/2017/1995
f 1075/2012/1990 1750/626/568 1753/2019/1997
f 1754/624/566 1065/1985/1968 1063/623/565
f 1756/2020/1998 1066/1986/1969 1065/1985/1968
f 1757/2021/1999 1067/1987/1970 1066/1986/1969
f 1758/2022/2000 1064/717/645 1067/1987/1970
f 1093/629/570 1756/2020/1998 1754/624/566
f 1095/2023/2001 1757/2021/1999 1756/2020/1998
f 1096/2024/2002 1758/2022/2000 1757/2021/1999
f 1097/2025/2003 1755/606/550 1758/2022/2000
f 1759/630/571 1095/2023/2001 1093/629/570
f 1761/2026/2004 1096/2024/2002 1095/2023/2001
f 1762/2027/2005 1097/2025/2003 1096/2024/2002
f 1763/2028/2006 1094/672/604 1097/2025/2003
f 1103/634/574 1761/2026/2004 1759/630/571
f 1105/2029/2007 1762/2027/2005 1761/2026/2004
f 1106/2030/2008 1763/2028/2006 1762/2027/2005
f 1107/2031/2009 1760/713/641 1763/2028/2006
f 1764/625/567 1102/2032/2010 1099/715/643
f 1766/2033/2011 1101/2034/2012 1102/2032/2010
f 1767/2035/2013 1100/2036/2014 1101/2034/2012
f 1768/2037/2015 1098/633/573 1100/2036/2014
f 1089/689/618 1766/2033/2011 1764/625/567
f 1092/2014/1992 1767/2035/2013 1766/2033/2011
f 1091/2016/1994 1768/2037/2015 1767/2035/2013
f 1090/2018/1996 1765/612/554 1768/2037/2015
f 1126/716/644 1771/2038/2016 1129/2039/2017
f 1129/2039/2017 1772/2040/2018 1128/2041/2019
f 1128/2041/2019 1773/2042/2020 1127/2043/2021
f 1127/2043/2021 1770/703/631 1125/705/633
f 1769/671/603 1111/1232/1199 1771/2038/2016
f 1771/2038/2016 1121/1236/1203 1772/2040/2018
f 1772/2040/2018 1120/1242/1211 1773/2042/2020
f 1773/2042/2020 1110/704/632 1770/703/631
f 1774/636/576 1105/2029/2007 1103/634/574
f 1776/2044/2022 1106/2030/2008 1105/2029/2007
f 1777/2045/2023 1107/2031/2009 1106/2030/2008
f 1778/2046/2024 1104/710/638 1107/2031/2009
f 1126/716/644 1776/2044/2022 1774/636/576
f 1129/2039/2017 1777/2045/2023 1776/2044/2022
f 1128/2041/2019 1778/2046/2024 1777/2045/2023
f 1127/2043/2021 1775/690/619 1778/2046/2024
f 1779/631/572 1115/1240/1207 1109/637/577
f 1781/2047/2025 1116/1245/1214 1115/1240/1207
f 1782/2048/2026 1122/1243/1212 1116/1245/1214
f 1783/2049/2027 1110/704/632 1122/1243/1212
f 1099/715/643 1781/2047/2025 1779/631/572
f 1102/2032/2010 1782/2048/2026 1781/2047/2025
f 1101/2034/2012 1783/2049/2027 1782/2048/2026
f 1100/2036/2014 1780/702/630 1783/2049/2027
f 1068/620/562 1786/2050/2028 1070/1994/1977
f 1070/1994/1977 1787/2051/2029 1071/1995/1978
f 1071/1995/1978 1788/2052/2030 1072/1996/1979
f 1072/1996/1979 1785/697/625 1069/658/593
f 1784/641/579 1137/2053/2031 1786/2050/2028
f 1786/2050/2028 1138/2054/2032 1787/2051/2029
f 1787/2051/2029 1139/2055/2033 1788/2052/2030
f 1788/2052/2030 1136/664/598 1785/697/625
f 1131/643/581 1791/2056/2034 1134/2057/2035
f 1134/2057/2035 1792/2058/2036 1133/2059/2037
f 1133/2060/2037 1793/2061/2038 1132/2062/2039
f 1132/2063/2039 1790/647/584 1130/646/583
f 1789/614/556 1062/1998/1981 1791/2056/2034
f 1791/2056/2034 1061/2000/1983 1792/2058/2036
f 1792/2064/2036 1060/2003/1985 1793/2061/2038
f 1793/2065/2038 1058/638/578 1790/647/584
f 1794/656/591 1148/1248/1218 1145/709/637
f 1796/2066/2040 1149/1258/1228 1148/1248/1218
f 1797/2067/2041 1155/1259/1224 1149/1258/1228
f 1798/2068/2042 1146/2069/1225 1155/1259/1224
f 1140/655/587 1796/2066/2040 1794/656/591
f 1142/2070/2043 1797/2067/2041 1796/2066/2040
f 1143/2071/2044 1798/2068/2042 1797/2067/2041
f 1144/2072/2045 1795/684/615 1798/2073/2042
f 1135/642/580 1801/2074/2046 1137/2053/2031
f 1137/2053/2031 1802/2075/2047 1138/2054/2032
f 1138/2054/2032 1803/2076/2048 1139/2055/2033
f 1139/2055/2033 1800/683/614 1136/664/598
f 1799/648/585 1159/1263/1232 1801/2074/2046
f 1801/2074/2046 1154/1255/1226 1802/2075/2047
f 1802/2075/2047 1153/1252/1223 1803/2076/2048
f 1803/2076/2048 1146/1254/1225 1800/683/614
f 1140/650/587 1806/2077/2049 1142/2078/2043
f 1142/2070/2043 1807/2079/2050 1143/2071/2044
f 1143/2071/2044 1808/2080/2051 1144/2081/2045
f 1144/2072/2045 1805/682/613 1141/681/612
f 1804/644/582 1134/2057/2035 1806/2077/2049
f 1806/2082/2049 1133/2060/2037 1807/2079/2050
f 1807/2079/2050 1132/2062/2039 1808/2080/2051
f 1808/2083/2051 1130/646/583 1805/682/613
f 1147/649/586 1811/2084/2052 1158/2085/1233
f 1158/1247/2053 1810/706/634 1145/709/2054
f 1809/599/545 1050/2086/2055 1811/2084/2052
s 34
f 1811/2087/2056 1050/2088/2057 1043/1216/2058
s 5
f 1811/2089/2059 1040/707/635 1810/706/634
f 1004/580/527 1814/2090/2060 1016/2091/2061
s 35
f 1016/1202/2062 1814/2092/2062 1007/1198/2063
s 5
f 1814/2093/2064 1002/2094/1156 1007/2095/2065
f 1812/579/526 1117/1239/1206 1814/2090/2060
f 1117/2096/2066 1813/668/600 1814/2093/2064
s 2
f 509/1548/1526 510/2097/1530 1819/1549/2067
s 36
f 485/1535/2068 486/2098/2069 1815/1533/2070
s 37
f 441/1516/2071 442/2099/2072 1817/1514/2073
s 38
f 434/1530/2074 1816/813/2075 433/2100/2074
s 39
f 453/1517/2076 452/833/2077 454/2101/2076
s 40
f 463/1541/2078 1818/843/2079 464/2102/2080
s 1
f 212/18/15 1218/164/140 102/19/16
f 231/29/25 22/28/24 108/36/32
f 1198/37/33 108/36/32 23/38/34
f 241/39/35 23/38/34 115/45/40
f 10/73/65 313/190/164 1268/74/66
f 24/76/67 323/127/110 1262/77/68
f 337/78/69 8/95/65 98/79/65
f 15/83/73 103/87/77 1247/84/74
f 15/83/73 333/85/75 1257/86/76
f 103/87/77 14/20/17 317/88/78
f 22/28/24 338/157/134 1277/93/83
f 1263/94/84 97/75/65 8/95/65
f 23/38/34 348/187/162 1292/99/88
f 1278/80/70 98/79/65 11/100/65
f 115/45/40 1292/99/88 358/105/93
f 307/106/94 1253/142/122 96/107/65
f 14/20/17 102/19/16 1297/109/95
f 102/19/16 13/60/54 384/110/96
f 100/113/65 12/134/65 379/114/99
f 13/60/54 110/59/53 1312/116/101
f 110/59/53 1322/67/61 396/117/102
f 7/108/65 96/107/65 1248/125/108
f 109/22/19 1257/86/76 323/127/110
f 96/107/65 9/143/65 332/128/111
f 385/132/114 1313/151/130 101/133/65
f 97/75/65 1268/74/66 343/140/120
f 226/21/18 1168/119/104 103/87/77
f 1253/142/122 327/192/166 9/143/65
f 101/133/65 1308/152/131 390/149/128
f 1313/151/130 395/787/719 1308/152/131
f 114/11/9 1262/77/68 338/157/134
f 11/100/65 353/181/157 1288/158/135
f 95/162/65 1258/163/139 332/128/111
f 10/73/65 322/183/159 1258/163/139
f 1218/164/140 280/58/52 13/60/54
f 7/108/65 100/113/65 1303/115/100
s 2
f 1355/165/141 137/210/184 1445/166/142
s 1
f 1298/168/144 385/132/114 12/134/65
f 1293/173/149 99/159/136 1283/174/150
f 99/159/136 1288/158/135 374/176/152
f 17/57/51 104/55/49 1302/82/72
f 12/134/65 101/133/65 1318/150/129
f 98/79/65 1273/184/160 353/181/157
f 322/183/159 10/73/65 97/75/65
f 8/95/65 343/140/120 1273/184/160
f 108/36/32 1277/93/83 348/187/162
f 313/190/164 10/73/65 95/162/65
f 1243/191/165 95/162/65 9/143/65
f 347/101/89 11/100/65 99/159/136
f 318/126/109 1298/168/144 100/113/65
s 2
f 435/209/183 1470/281/255 137/210/184
f 447/216/190 1365/315/289 124/217/191
f 1406/222/196 132/335/309 1411/223/197
f 27/227/201 532/260/234 1348/228/202
f 1361/236/210 412/804/739 1446/237/211
f 413/244/218 28/273/247 122/245/219
f 446/247/221 1450/308/282 134/248/222
s 3
f 514/249/223 1347/289/263 121/250/224
s 2
f 447/216/190 29/218/192 123/257/231
f 27/227/201 122/245/219 1328/259/233
f 28/273/247 123/257/231 1343/274/248
f 29/218/192 513/280/254 1343/274/248
f 29/218/192 124/217/191 1348/228/202
f 1470/281/255 584/966/912 1401/282/256
s 3
f 1338/288/262 121/250/224 1347/289/263
s 2
f 28/273/247 547/275/249 1328/259/233
f 30/252/226 548/254/228 1342/296/270
f 32/232/206 126/297/271 1342/296/270
f 33/239/213 128/255/229 1329/261/235
f 120/238/212 1446/237/211 603/305/279
f 436/314/288 27/227/201 124/217/191
f 445/316/290 1361/236/210 120/238/212
f 1451/317/291 120/238/212 1405/306/280
f 137/210/184 1401/282/256 601/319/293
f 413/244/218 1360/258/232 123/257/231
f 436/314/288 1356/246/220 122/245/219
f 1411/223/197 132/335/309 1400/332/306
f 602/334/308 1400/332/306 132/335/309
s 1
f 333/85/75 1247/84/74 1249/1398/1362
f 335/1401/1365 1250/1400/1364 1251/1402/1366
f 309/1412/1376 1256/1411/1375 1253/142/122
f 1264/1420/1384 1265/1422/1386 340/1421/1385
f 1281/1442/1406 1278/80/70 347/101/89
f 348/187/162 351/1437/1401 1294/1453/1416
f 349/1441/1405 347/101/89 1293/173/149
f 317/88/78 1297/109/95 1299/1456/1419
f 1301/1458/1421 388/1461/1424 385/132/114
f 387/1460/1423 1315/1477/1438 1316/1478/1439
f 1314/1476/1437 408/793/726 403/788/720
s 2
f 550/933/877 547/275/249 1343/274/248
s 3
f 1347/1504/263 1349/1505/1472 538/926/867
f 1349/1505/1472 1350/1507/1475 539/932/1473
s 2
f 1350/1506/1474 1348/228/202 532/260/234
s 3
f 1347/1504/263 514/906/223 524/908/847
f 1349/1505/1472 524/908/847 517/901/851
s 2
f 1350/1506/1474 516/899/839 513/280/254
f 435/209/183 1355/165/141 1357/1512/1480
f 1817/1514/1483 1358/1513/1482 1359/1515/1484
f 411/167/143 416/796/731 1357/1512/1480
f 424/799/734 423/808/742 1359/1515/1484
f 1360/258/232 1362/1518/1487 453/1517/1486
f 1362/1518/1487 1363/1519/1489 452/833/1488
f 1363/1519/1489 1364/1520/1491 449/831/1490
f 1364/1520/1491 1361/236/210 445/316/290
f 1360/258/232 413/244/218 423/809/742
f 1363/1519/1489 420/805/740 419/802/737
f 1367/1522/1492 1368/1523/1494 442/828/1493
f 1369/1524/1495 1366/233/207 437/235/209
f 1368/1523/1494 452/1526/1496 451/836/1497
f 589/968/914 1404/1558/1536 1401/282/256
f 1400/1559/306 602/993/308 611/992/940
f 1402/1556/1534 611/992/940 605/986/934
f 1403/1557/1535 605/986/934 604/984/932
f 1404/1558/1536 604/984/932 601/319/293
f 1405/306/280 1407/1560/1537 622/1003/949
f 603/305/279 616/999/945 1407/1560/1537
f 616/999/945 610/994/941 1408/1561/1538
s 1
f 1222/1/1 93/70/2 1/2/2
f 1173/4/4 221/182/158 20/5/5
f 89/7/2 1167/61/55 227/8/7
f 216/10/8 24/76/67 114/11/9
f 4/13/2 90/43/2 1187/14/11
f 201/16/13 1173/4/4 106/6/6
f 226/21/18 15/83/73 109/22/19
f 3/9/2 88/27/2 1162/24/21
f 1177/26/23 217/160/137 4/13/2
f 1183/12/10 114/11/9 22/28/24
f 1193/30/26 105/96/85 19/31/27
f 1188/33/29 117/90/80 26/34/30
f 1208/40/36 113/50/45 18/41/37
f 90/43/2 2/156/2 236/44/39
f 1213/46/41 115/45/40 1325/47/42
f 269/49/44 25/103/91 113/50/45
f 91/51/2 5/153/2 246/52/46
f 1223/54/48 201/16/13 16/17/14
f 274/56/50 1223/54/48 104/55/49
f 280/58/52 1233/66/60 110/59/53
f 1/2/2 211/193/167 1167/61/55
f 1238/62/56 274/56/50 17/57/51
f 285/64/58 1238/62/56 112/63/57
f 1233/66/60 290/748/679 1322/67/61
f 6/68/2 279/130/112 1217/69/62
f 106/6/6 20/5/5 328/71/63
f 104/55/49 16/17/14 308/81/71
f 116/89/79 1242/144/123 328/71/63
f 117/90/80 1267/92/82 312/91/81
f 19/31/27 342/97/86 1267/92/82
f 105/96/85 1272/98/87 342/97/86
f 18/41/37 352/102/90 1272/98/87
f 113/50/45 1287/104/92 352/102/90
f 25/103/91 375/189/163 1287/104/92
f 112/63/57 17/57/51 380/111/97
f 21/65/59 112/63/57 1317/112/98
f 1168/119/104 212/18/15 14/20/17
f 1228/120/105 285/1376/58 21/121/59
f 107/122/106 21/121/59 389/123/103
f 227/8/7 1177/26/23 88/27/2
f 1178/23/20 109/22/19 24/76/67
f 94/129/2 1232/146/125 279/130/112
f 202/3/3 1/2/2 89/7/2
f 16/17/14 106/6/6 1252/72/64
f 237/32/28 19/31/27 117/90/80
f 1203/135/115 251/722/650 1326/136/116
f 111/137/117 1326/136/116 357/138/118
f 207/35/31 26/34/30 116/89/79
f 26/34/30 312/91/81 1242/144/123
f 1227/145/124 291/757/688 1232/146/125
f 284/147/126 1227/145/124 94/129/2
f 5/153/2 92/169/145 1207/154/132
f 1182/155/133 232/161/138 2/156/2
f 217/160/137 1182/155/133 90/43/2
f 232/161/138 1197/186/161 91/51/2
f 92/169/145 1202/172/148 270/170/146
f 1212/171/147 252/732/660 1202/172/148
f 1228/120/105 107/122/106 1323/177/153
f 275/179/155 6/68/2 93/70/2
f 107/122/106 1307/124/107 394/180/156
f 247/42/38 18/41/37 105/96/85
f 1237/148/127 94/129/2 6/68/2
f 2/156/2 91/51/2 1192/53/47
f 1163/141/121 116/89/79 20/5/5
f 1203/185/115 111/188/117 25/103/91
f 1197/186/161 242/194/168 5/153/2
f 111/188/117 1282/2103/119 375/189/163
f 1172/131/113 89/7/2 3/9/2
f 88/27/2 4/13/2 206/15/12
f 93/70/2 1217/69/62 211/193/167
f 242/194/168 1212/171/147 92/169/145
s 2
f 457/195/169 1395/340/314 130/196/170
f 503/198/172 1480/1623/1623 136/199/173
f 136/199/173 1480/1623/1623 725/201/175
f 709/203/177 1436/328/302 131/204/178
f 481/206/180 32/232/206 127/207/181
f 138/211/185 1458/1602/1585 671/212/186
f 1431/205/179 131/204/178 1441/214/188
f 426/219/193 1370/298/272 135/220/194
f 1475/225/199 636/1021/971 1416/226/200
f 31/229/203 127/207/181 1352/230/204
f 32/232/206 515/299/273 1352/230/204
f 1366/233/207 134/248/222 1471/234/208
f 33/239/213 549/301/275 1334/240/214
f 34/197/171 130/196/170 1339/242/216
f 30/252/226 125/277/251 1333/253/227
f 457/195/169 34/197/171 128/255/229
f 34/197/171 200/243/217 1329/261/235
f 1375/262/236 138/211/185 1474/263/237
f 427/265/239 1455/1601/1584 119/266/240
f 35/268/242 568/269/243 1339/242/216
f 35/268/242 129/241/215 1334/240/214
f 482/270/244 1381/267/241 119/266/240
f 480/272/246 1458/1602/1585 138/211/185
f 428/276/250 31/229/203 125/277/251
f 490/279/253 1385/256/230 128/255/229
f 1391/200/174 136/199/173 1461/283/257
f 1396/285/259 456/844/784 1466/286/260
f 505/291/265 1396/285/259 139/287/261
f 1386/293/267 489/874/813 1462/294/268
f 31/229/203 566/231/205 1333/253/227
f 1370/298/272 465/851/792 1475/225/199
s 3
f 1351/251/225 121/250/224 1338/288/262
s 2
f 1461/283/257 136/199/173 1435/202/176
f 139/287/261 1440/304/278 726/303/277
f 1466/286/260 691/1084/1035 1440/304/278
f 134/248/222 1410/309/283 585/307/281
f 1450/308/282 621/1014/962 1410/309/283
f 119/266/240 1455/1601/1584 656/310/284
f 1474/263/237 138/211/185 1421/213/187
f 1459/271/245 119/266/240 1425/311/285
f 428/276/250 1380/208/182 127/207/181
f 466/320/294 1371/278/252 125/277/251
f 638/321/295 1420/337/311 133/322/296
f 1415/323/297 133/322/296 1426/324/298
f 490/279/253 33/239/213 129/241/215
f 504/327/301 1390/326/300 129/241/215
f 1441/214/188 131/204/178 1436/328/302
f 118/295/269 1462/294/268 707/330/304
f 466/320/294 30/252/226 126/297/271
f 481/206/180 1376/336/310 126/297/271
f 1426/324/298 133/322/296 1420/337/311
f 135/220/194 1416/226/200 654/339/313
f 504/327/301 35/268/242 130/196/170
f 455/341/315 1386/293/267 118/295/269
f 118/295/269 1430/331/305 689/343/317
s 4
f 1543/344/318 145/413/319 36/345/319
f 1494/347/321 762/523/477 55/348/322
f 141/350/319 1488/404/372 768/351/324
f 757/353/325 59/419/384 166/354/326
f 39/356/319 142/386/319 1508/357/328
f 742/359/330 1494/347/321 158/349/323
f 753/361/332 1539/505/459 154/362/333
f 767/364/335 50/426/390 161/365/336
f 38/352/319 140/370/319 1483/367/338
f 1498/369/340 758/501/456 39/356/319
f 1504/355/327 166/354/326 57/371/341
f 1514/373/343 157/439/402 54/374/344
f 1509/376/346 169/433/397 61/377/347
f 772/372/342 57/371/341 160/379/349
f 1519/380/350 160/379/349 58/381/351
f 1529/383/353 165/393/362 53/384/354
f 142/386/319 37/497/319 777/387/356
f 782/382/352 58/381/351 167/388/357
f 1534/389/358 167/388/357 1646/390/359
f 810/392/361 60/446/409 165/393/362
f 143/394/319 40/494/450 787/395/363
f 1544/397/365 742/359/330 51/360/331
f 815/399/367 1544/397/365 156/398/366
f 821/401/369 1554/409/377 162/402/370
f 36/345/319 752/534/486 1488/404/372
f 1559/405/373 815/399/367 52/400/368
f 826/407/375 1559/405/373 164/406/374
f 1554/409/377 831/1151/1105 1643/410/378
f 41/411/319 820/471/430 1538/412/379
f 158/349/323 55/348/322 869/414/380
f 45/416/382 854/531/483 1589/417/383
f 59/419/384 864/468/428 1583/420/385
f 878/421/386 43/438/382 150/422/382
f 156/398/366 51/360/331 849/424/388
f 50/426/390 155/430/394 1568/427/391
f 50/426/390 874/428/392 1578/429/393
f 155/430/394 49/363/334 858/431/395
f 168/432/396 1563/485/441 869/414/380
f 169/433/397 1588/435/399 853/434/398
f 54/374/344 883/440/403 1588/435/399
f 57/371/341 879/498/453 1598/436/400
f 1584/437/401 149/418/382 43/438/382
f 157/439/402 1593/441/404 883/440/403
f 53/384/354 893/445/408 1593/441/404
f 58/381/351 889/528/481 1613/442/405
f 1599/423/387 150/422/382 46/443/406
f 165/393/362 1608/447/410 893/445/408
f 60/446/409 916/530/482 1608/447/410
f 167/388/357 1613/442/405 899/448/411
f 848/449/412 1574/483/440 148/450/382
f 49/363/334 154/362/333 1618/452/413
f 154/362/333 48/403/371 925/453/414
f 164/406/374 52/400/368 921/454/415
f 152/456/382 47/475/382 920/457/417
f 48/403/371 162/402/370 1633/459/419
f 162/402/370 1643/410/378 937/460/420
f 56/408/376 164/406/374 1638/455/416
f 1489/462/422 753/361/332 49/363/334
f 1549/463/423 826/407/375 56/408/376
f 159/464/424 56/408/376 930/461/421
f 42/451/382 148/450/382 1569/466/426
f 768/351/324 1498/369/340 140/370/319
f 1499/366/337 161/365/336 59/419/384
f 161/365/336 1578/429/393 864/468/428
f 148/450/382 44/484/382 873/469/429
f 146/470/319 1553/487/443 820/471/430
f 743/346/320 36/345/319 141/350/319
f 51/360/331 158/349/323 1573/415/381
f 926/473/432 1634/492/448 153/474/382
f 778/375/345 54/374/344 169/433/397
f 1524/476/433 792/1121/1076 1647/477/434
f 163/478/435 1647/477/434 898/479/436
f 149/418/382 1589/417/383 884/481/438
f 748/378/348 61/377/347 168/432/396
f 767/364/335 1489/462/422 155/430/394
f 1574/483/440 868/533/485 44/484/382
f 61/377/347 853/434/398 1563/485/441
f 1548/486/442 832/1160/1114 1553/487/443
f 825/488/444 1548/486/442 146/470/319
f 153/474/382 1629/493/449 931/490/446
f 1634/492/448 936/1188/1145 1629/493/449
f 40/494/450 144/510/464 1528/495/451
f 1503/496/452 773/502/457 37/497/319
f 166/354/326 1583/420/385 879/498/453
f 46/443/406 894/522/476 1609/499/454
f 758/501/456 1503/496/452 142/386/319
f 773/502/457 1518/527/480 143/394/319
f 147/503/382 1579/504/458 873/469/429
f 45/416/382 863/524/478 1579/504/458
f 1539/505/459 821/401/369 48/403/371
f 42/451/382 152/456/382 1624/458/418
s 5
f 1709/506/460 175/602/461 62/507/461
s 4
f 1619/509/463 926/473/432 47/475/382
f 144/510/464 1523/513/467 811/511/465
f 1533/512/466 793/1131/1086 1523/513/467
f 1614/514/468 151/500/455 1604/515/469
f 151/500/455 1609/499/454 915/517/471
f 1549/463/423 159/464/424 1644/518/472
f 816/520/474 41/411/319 145/413/319
f 52/400/368 156/398/366 1623/425/389
f 159/464/424 1628/465/425 935/521/475
f 788/385/355 53/384/354 157/439/402
f 1558/489/445 146/470/319 41/411/319
f 47/475/382 153/474/382 1639/491/447
f 150/422/382 1594/525/479 894/522/476
f 37/497/319 143/394/319 1513/396/364
f 1484/482/439 168/432/396 55/348/322
f 863/524/478 45/416/382 149/418/382
f 43/438/382 884/481/438 1594/525/479
f 1524/526/433 163/529/435 60/446/409
f 1518/527/480 783/535/487 40/494/450
f 160/379/349 1598/436/400 889/528/481
f 163/529/435 1603/2104/437 916/530/482
f 1493/472/431 141/350/319 38/352/319
f 140/370/319 39/356/319 747/358/329
f 854/531/483 45/416/382 147/503/382
f 1564/532/484 147/503/382 44/484/382
f 145/413/319 1538/412/379 752/534/486
f 783/535/487 1533/512/466 144/510/464
f 888/444/407 46/443/406 151/500/455
f 859/467/427 1619/509/463 152/456/382
s 5
f 1660/536/488 972/711/639 81/537/489
f 171/539/461 1654/593/539 978/540/491
f 967/542/492 85/608/551 196/543/493
f 65/545/461 172/575/461 1674/546/495
f 952/548/497 1660/536/488 188/538/490
f 963/550/499 1705/696/624 184/551/500
f 977/553/502 76/615/557 191/554/503
f 64/541/461 170/559/461 1649/556/505
f 1664/558/507 968/692/621 65/545/461
f 1670/544/494 196/543/493 83/560/508
f 1680/562/510 187/628/569 80/563/511
f 1675/565/513 199/622/564 87/566/514
f 982/561/509 83/560/508 190/568/516
f 1685/569/517 190/568/516 84/570/518
f 1695/572/520 195/582/529 79/573/521
f 172/575/461 63/688/461 987/576/523
f 992/571/519 84/570/518 197/577/524
f 1700/578/525 197/577/524 1812/579/526
f 1020/581/528 86/635/575 195/582/529
f 173/583/461 66/685/461 997/584/530
f 1710/586/532 952/548/497 77/549/498
f 1025/588/534 1710/586/532 186/587/533
f 1031/590/536 1720/598/544 192/591/537
f 62/507/461 962/720/648 1654/593/539
f 1725/594/540 1025/588/534 78/589/535
f 1036/596/542 1725/594/540 194/595/541
f 1720/598/544 1041/2105/1185 1809/599/545
f 67/600/461 1030/662/596 1704/601/546
f 188/538/490 81/537/489 1079/603/547
f 71/605/549 1064/717/645 1755/606/550
f 85/608/551 1074/659/594 1749/609/552
f 1088/610/553 69/627/549 180/611/549
f 186/587/533 77/549/498 1059/613/555
f 76/615/557 185/619/561 1734/616/558
f 76/615/557 1084/617/559 1744/618/560
f 185/619/561 75/552/501 1068/620/562
f 198/621/563 1729/676/607 1079/603/547
f 199/622/564 1754/624/566 1063/623/565
f 80/563/511 1093/629/570 1754/624/566
f 83/560/508 1089/689/618 1764/625/567
f 1750/626/568 179/607/549 69/627/549
f 187/628/569 1759/630/571 1093/629/570
f 79/573/521 1103/634/574 1759/630/571
f 84/570/518 1099/715/643 1779/631/572
f 1765/612/554 180/611/549 72/632/549
f 195/582/529 1774/636/576 1103/634/574
f 86/635/575 1126/716/644 1774/636/576
f 197/577/524 1779/631/572 1109/637/577
f 1058/638/578 1740/674/606 178/639/549
f 75/552/501 184/551/500 1784/641/579
f 184/551/500 74/592/538 1135/642/580
f 194/595/541 78/589/535 1131/643/581
f 182/645/549 73/666/549 1130/646/583
f 74/592/538 192/591/537 1799/648/585
f 192/591/537 1809/599/545 1147/649/586
f 82/597/543 194/595/541 1804/644/582
f 1655/651/588 963/550/499 75/552/501
f 1715/652/589 1036/1964/542 82/653/543
f 189/654/590 82/653/543 1140/655/587
f 68/640/549 178/639/549 1735/657/592
f 978/540/491 1664/558/507 170/559/461
f 1665/555/504 191/554/503 85/608/551
f 191/554/503 1744/618/560 1074/659/594
f 178/639/549 70/675/549 1083/660/595
f 176/661/461 1719/678/609 1030/662/596
f 953/508/462 62/507/461 171/539/461
f 77/549/498 188/538/490 1739/604/548
f 1136/664/598 1800/683/614 183/665/549
f 988/564/512 80/563/511 199/622/564
f 1690/667/599 1002/2094/1156 1813/668/600
f 193/669/601 1813/668/600 1108/670/602
f 179/607/549 1755/606/550 1094/672/604
f 958/567/515 87/566/514 198/621/563
f 977/553/502 1655/651/588 185/619/561
f 1740/674/606 1078/719/647 70/675/549
f 87/566/514 1063/623/565 1729/676/607
f 1714/677/608 1042/1228/1194 1719/678/609
f 1035/679/610 1714/677/608 176/661/461
f 183/665/549 1795/684/615 1141/681/612
f 1800/683/614 1146/1254/1225 1795/684/615
f 66/685/461 174/698/626 1694/686/616
f 1669/687/617 983/693/622 63/688/461
f 196/543/493 1749/609/552 1089/689/618
f 72/632/549 1104/710/638 1775/690/619
f 968/692/621 1669/687/617 172/575/461
f 983/693/622 1684/714/642 173/583/461
f 177/694/549 1745/695/623 1083/660/595
f 71/605/549 1073/712/640 1745/695/623
f 1705/696/624 1031/590/536 74/592/538
f 68/640/549 182/645/549 1790/647/584
f 1785/697/625 1136/664/598 73/666/549
f 174/698/626 1689/701/629 1021/699/627
f 1699/700/628 1003/1206/1166 1689/701/629
f 1780/702/630 181/691/620 1770/703/631
f 181/691/620 1775/690/619 1125/705/633
f 1715/652/589 189/654/590 1810/706/634
f 1026/708/636 67/600/461 175/602/461
f 78/589/535 186/587/533 1789/614/556
f 189/654/590 1794/656/591 1145/709/637
f 998/574/522 79/573/521 187/628/569
f 1724/680/611 176/661/461 67/600/461
f 73/666/549 183/665/549 1805/682/613
f 180/611/549 1760/713/641 1104/710/638
f 63/688/461 173/583/461 1679/585/531
f 1650/673/605 198/621/563 81/537/489
f 1073/712/640 71/605/549 179/607/549
f 69/627/549 1094/672/604 1760/713/641
f 1690/667/599 193/669/601 86/635/575
f 1684/714/642 993/721/649 66/685/461
f 190/568/516 1764/625/567 1099/715/643
f 193/669/601 1769/671/603 1126/716/644
f 1659/663/597 171/539/461 64/541/461
f 170/559/461 65/545/461 957/547/496
f 1064/717/645 71/605/549 177/694/549
f 1730/718/646 177/694/549 70/675/549
f 175/602/461 1704/601/546 962/720/648
f 993/721/649 1699/700/628 174/698/626
f 1098/633/573 72/632/549 181/691/620
f 1069/658/593 1785/697/625 182/645/549
s 1
f 251/722/650 254/725/653 257/723/651
f 254/725/653 255/735/663 258/726/654
f 256/724/652 257/723/651 268/727/655
f 257/723/651 258/726/654 259/729/657
f 260/730/658 263/734/662 262/731/659
f 261/733/661 264/736/664 263/734/662
f 263/734/662 258/726/654 255/735/663
f 264/736/664 259/729/657 258/726/654
f 253/48/43 265/1488/667 267/737/665
f 266/740/666 267/739/665 264/736/669
f 267/739/665 268/727/668 259/729/671
f 289/178/154 292/743/674 294/741/672
f 292/743/674 299/1485/2081 295/744/675
f 293/742/673 294/741/672 306/745/676
f 294/741/672 295/744/675 296/747/678
f 290/748/679 297/1383/682 300/749/680
f 297/751/682 298/759/1348 301/752/683
f 300/753/680 301/752/683 296/747/685
f 302/755/686 305/758/689 304/756/687
f 303/746/677 306/745/676 305/758/689
f 305/758/689 301/752/691 298/759/690
f 306/745/676 296/747/678 301/752/691
f 357/138/118 366/1490/694 361/760/692
f 360/765/693 361/764/692 373/766/696
f 361/764/692 362/763/2082 363/768/698
f 358/105/93 364/771/701 367/769/699
f 364/771/701 365/776/708 368/772/702
f 367/769/699 368/772/702 363/768/704
f 369/773/705 372/775/707 371/774/706
f 370/767/697 373/766/709 372/775/707
f 372/775/707 368/772/702 365/776/708
f 373/766/709 363/768/704 368/772/702
f 394/180/156 397/1468/712 399/777/710
f 397/779/712 398/790/722 400/780/713
f 399/781/710 400/780/713 401/783/715
f 402/785/717 405/789/721 404/786/718
f 403/788/720 406/791/723 405/789/721
f 405/789/721 400/780/724 398/790/722
f 406/791/723 401/783/729 400/780/724
f 396/117/102 407/1483/727 409/792/725
f 408/793/726 409/792/725 406/791/723
f 409/792/725 410/784/728 401/783/729
s 2
f 414/795/730 417/798/733 416/796/731
f 415/797/732 422/800/735 417/798/733
f 417/798/733 418/801/736 424/799/734
f 419/802/737 422/806/735 421/803/738
f 420/805/740 418/2106/736 422/806/735
f 424/799/734 418/801/736 425/807/741
f 425/807/741 418/2106/736 420/805/740
s 6
f 429/810/743 432/2107/2083 430/811/744
f 430/811/744 432/2107/2083 431/812/746
s 8
f 433/816/751 1816/2108/2084 431/812/752
s 9
f 438/818/754 444/821/2085 439/819/755
s 10
f 438/818/757 1817/827/765 440/820/758
s 12
f 448/830/767 451/2109/2086 449/831/768
f 449/831/768 451/2109/2086 450/832/770
s 2
f 458/838/778 462/841/2087 459/839/779
f 459/839/779 462/841/2087 460/842/782
s 16
f 462/847/787 464/1555/2088 1818/848/788
s 2
f 468/849/790 471/853/794 470/850/791
f 469/852/793 472/2110/796 471/853/794
f 471/853/794 479/856/797 477/854/795
f 474/857/798 472/2111/796 475/858/799
f 475/858/799 472/2110/796 469/852/793
f 476/861/801 479/863/797 478/862/802
f 479/863/797 472/2111/796 474/857/798
s 17
f 483/864/803 488/867/807 487/865/804
f 483/864/803 1815/2112/810 484/866/806
s 2
f 492/872/811 495/876/815 494/873/812
f 493/875/814 498/2113/826 495/876/815
f 497/881/821 498/2113/826 493/875/814
f 499/883/823 502/885/825 501/884/824
f 500/878/817 495/877/815 502/885/825
f 506/887/827 512/890/830 507/888/828
f 506/887/827 1819/896/2089 508/889/829
f 516/899/839 519/902/842 518/900/840
f 517/901/841 520/904/2090 519/902/842
f 519/902/842 521/905/845 528/903/843
s 3
f 514/906/223 522/909/848 525/907/846
f 522/909/848 523/915/1477 526/910/849
f 524/908/847 525/907/846 520/904/850
f 525/907/846 526/910/849 521/911/852
s 2
f 527/912/853 530/914/855 529/913/854
f 528/903/843 521/905/845 530/914/855
f 530/914/855 526/910/2091 523/915/856
f 200/243/217 533/919/861 535/916/858
f 1820/918/860 536/921/863 535/916/858
f 535/916/858 537/922/864 544/920/862
s 3
f 531/923/264 538/926/867 541/924/865
f 538/926/867 539/932/1473 542/927/868
f 540/925/866 541/924/865 536/921/869
f 541/924/865 542/927/868 537/928/871
s 2
f 543/929/872 546/931/874 545/930/873
f 544/920/862 537/922/864 546/931/874
f 546/931/874 542/927/2092 539/932/875
f 550/933/877 553/936/880 552/934/878
f 551/935/879 554/944/888 553/936/880
f 553/936/880 565/939/883 562/937/881
f 553/936/880 554/944/888 555/938/882
f 556/940/884 559/943/887 558/941/885
f 557/942/886 560/948/892 559/943/887
f 559/943/887 554/944/888 551/935/879
f 559/943/887 560/948/892 555/938/882
f 561/945/889 564/947/891 563/946/890
f 562/937/881 565/939/883 564/947/891
f 564/947/891 560/948/892 557/942/886
f 564/947/891 565/939/883 555/938/882
f 569/949/893 572/952/896 571/950/894
f 570/951/895 573/954/2093 572/952/896
f 572/952/896 574/955/899 581/953/897
s 3
f 567/956/274 575/959/902 578/957/900
f 575/959/902 576/965/1465 579/960/903
f 577/958/901 578/957/900 573/954/904
f 578/957/900 579/960/903 574/961/906
s 2
f 580/962/907 583/964/909 582/963/908
f 581/953/897 574/955/899 583/964/909
f 583/964/909 579/960/2094 576/965/910
f 584/966/912 587/970/1602 590/967/913
f 588/969/915 595/978/2095 590/967/916
f 589/968/914 590/967/916 596/971/918
f 590/967/916 595/978/2095 591/973/920
f 585/307/281 592/976/923 595/974/921
f 592/976/923 593/983/931 596/977/924
f 597/979/927 600/982/930 599/980/928
f 598/972/919 596/971/918 600/982/929
f 600/982/930 596/977/924 593/983/931
f 604/984/932 607/987/935 606/985/933
f 605/986/934 608/997/937 607/987/935
f 607/987/935 618/990/938 615/988/936
f 609/991/939 612/995/942 611/992/940
f 610/994/941 613/996/943 612/995/942
f 612/995/942 608/997/937 605/986/934
f 614/998/944 617/1000/946 616/999/945
f 615/988/936 618/990/938 617/1000/946
f 617/1000/946 613/996/943 610/994/941
f 618/990/938 608/989/937 613/996/943
f 619/318/292 622/1003/949 625/1001/947
f 622/1003/949 623/1013/961 631/1004/950
f 625/1001/951 635/1007/955 633/1005/952
f 625/1001/951 631/1004/950 626/1006/954
f 627/1008/956 630/1012/959 629/1009/957
f 628/1011/958 631/1018/967 630/1012/959
f 630/1012/960 631/1004/950 623/1013/961
f 621/1014/962 632/1017/1566 635/1015/963
f 634/1016/964 635/1015/963 631/1018/967
f 639/1019/969 642/1023/973 641/1020/970
f 640/1022/972 643/1025/975 642/1023/973
f 642/1023/973 653/1026/976 650/1024/974
f 643/1025/975 648/1031/981 653/1026/976
f 644/1027/977 647/1030/980 646/1028/978
f 645/1029/979 648/1036/981 647/1030/980
f 647/1030/980 643/1025/975 640/1022/972
f 649/1032/982 652/1035/984 651/1033/983
f 650/1024/974 653/1026/976 652/1035/984
f 652/1035/984 648/1036/981 645/1029/979
f 654/339/313 657/1039/987 660/1037/985
f 657/1039/987 658/1049/999 666/1040/988
f 660/1037/989 670/1043/993 668/1041/990
f 660/1037/989 666/1040/988 661/1042/992
f 662/1044/994 665/1048/997 664/1045/995
f 663/1047/996 666/1053/1003 665/1048/997
f 665/1048/998 666/1040/988 658/1049/999
f 656/310/284 667/1052/1583 670/1050/1000
f 669/1051/1001 670/1050/1000 666/1053/1003
f 671/212/186 674/1056/1586 676/1054/1005
f 674/1056/1007 681/1604/1588 677/1057/1008
f 675/1055/1006 676/1054/1005 688/1058/1009
f 676/1054/1005 677/1057/1008 678/1060/1011
f 672/313/287 679/1063/1014 682/1061/1012
f 679/1063/1014 680/1069/1020 683/1064/1015
f 682/1061/1012 683/1064/1015 678/1060/1011
f 684/1065/1017 687/1068/1019 686/1066/1018
f 685/1059/1010 688/1058/1009 687/1068/1019
f 687/1068/1019 683/1064/1015 680/1069/1020
f 688/1058/1009 678/1060/1011 683/1064/1015
f 689/343/317 692/1072/1023 695/1070/1021
f 692/1072/1023 693/1082/1033 696/1073/1024
f 694/1071/1025 695/1070/1021 706/1074/1026
f 695/1070/1021 696/1073/1024 697/1076/1028
f 698/1077/1029 701/1081/1032 700/1078/1030
f 699/1080/1031 702/1083/1034 701/1081/1032
f 701/1081/1032 696/1073/1024 693/1082/1033
f 702/1083/1034 697/1076/1028 696/1073/1024
f 691/1084/1035 703/1610/1038 705/1085/1036
f 704/1086/1037 705/1085/1036 702/1083/1034
f 705/1085/1036 706/1074/1039 697/1076/1028
f 710/1087/1040 713/1090/1043 712/1088/1041
f 711/1089/1042 714/1092/1045 713/1090/1043
f 713/1090/1043 724/1093/1046 721/1091/1044
f 714/1092/1045 719/1098/1051 724/1093/1046
f 715/1094/1047 718/1097/1050 717/1095/1048
f 716/1096/1049 719/1103/1051 718/1097/1050
f 718/1097/1050 714/1092/1045 711/1089/1042
f 720/1099/1052 723/1102/1054 722/1100/1053
f 721/1091/1044 724/1093/1046 723/1102/1054
f 723/1102/1054 719/1103/1051 716/1096/1049
f 725/201/175 728/1107/2096 731/1104/1055
f 729/1106/1057 736/1115/2097 731/1104/1058
f 730/1105/1056 731/1104/1058 737/1108/1060
f 731/1104/1058 736/1115/2097 732/1110/1062
f 726/303/277 733/1113/1065 736/1111/1063
f 733/1113/1065 734/1120/1075 737/1114/1066
f 738/1116/1071 741/1119/1074 740/1117/1072
f 739/1109/1061 737/1108/1060 741/1119/1073
f 741/1119/1074 737/1114/1066 734/1120/1075
s 4
f 792/1121/1076 795/1124/1079 798/1122/1077
f 795/1124/1079 796/1134/1089 799/1125/1080
f 797/1123/1078 798/1122/1077 809/1126/1081
f 798/1122/1077 799/1125/1080 800/1128/1083
f 801/1129/1084 804/1133/1088 803/1130/1085
f 802/1132/1087 805/1135/1090 804/1133/1088
f 804/1133/1088 799/1125/1080 796/1134/1089
f 805/1135/1090 800/1128/1083 799/1125/1080
f 794/391/360 806/1850/1093 808/1136/1091
f 807/1137/1092 808/1136/1091 805/1140/1095
f 808/1136/1091 809/1139/1094 800/1142/1097
f 830/1143/473 833/1146/1100 835/1144/1098
f 833/1146/1100 840/1847/2098 836/1147/1101
f 834/1145/1099 835/1144/1098 847/1148/1102
f 835/1144/1098 836/1147/1101 837/1150/1104
f 831/1151/1105 838/1154/1108 841/1152/1106
f 838/1154/1108 839/1742/1737 842/1155/1109
f 841/1152/1106 842/1155/1109 837/1157/1111
f 843/1158/1112 846/1161/1115 845/1159/1113
f 844/1149/1103 847/1148/1102 846/1161/1115
f 846/1161/1115 842/1163/1117 839/1162/1116
f 847/1148/1102 837/1150/1104 842/1163/1117
f 898/1164/436 901/2114/1120 903/1165/1118
f 902/1166/1119 903/1165/1118 914/1169/1122
f 903/1165/1118 904/1168/1121 905/1171/1124
f 899/448/411 906/1174/1127 908/1172/1125
f 906/1174/1127 907/1179/1135 909/1175/1128
f 908/1172/1125 909/1175/1128 905/1171/1130
f 910/1176/1132 913/1178/1134 912/1177/1133
f 911/1170/1123 914/1169/1136 913/1178/1134
f 913/1178/1134 909/1175/1128 907/1179/1135
f 914/1169/1136 905/1171/1130 909/1175/1128
f 935/521/475 938/1182/1139 941/1180/1137
f 938/1182/1139 939/1191/1148 942/1183/1140
f 941/1180/1137 942/1183/1140 943/1185/1142
f 944/1186/1143 947/1190/1147 946/1187/1144
f 945/1189/1146 948/1192/1149 947/1190/1147
f 947/1190/1147 942/1183/1150 939/1191/1148
f 948/1192/1149 943/1185/1155 942/1183/1150
f 937/460/420 940/1842/1153 950/1193/1151
f 949/1194/1152 950/1193/1151 948/1192/1149
f 950/1193/1151 951/1184/2099 943/1185/1155
s 5
f 1002/1196/1156 1005/1199/1159 1008/1197/1157
f 1005/1199/1159 1006/1209/1169 1009/1200/1160
f 1007/1198/1158 1008/1197/1157 1019/1201/1161
f 1008/1197/1157 1009/1200/1160 1010/1203/1163
f 1011/1204/1164 1014/1208/1168 1013/1205/1165
f 1012/1207/1167 1015/1210/1170 1014/1208/1168
f 1014/1208/1168 1009/1200/1160 1006/1209/1169
f 1015/1210/1170 1010/1203/1163 1009/1200/1160
f 1004/1211/527 1016/2115/1173 1018/1212/1171
f 1017/1213/1172 1018/1212/1171 1015/1210/1175
f 1018/1212/1171 1019/1201/1174 1010/1203/1177
f 1040/707/635 1043/1216/1180 1045/1214/1178
f 1043/1216/1180 1050/2088/2100 1046/1217/1181
f 1044/1215/1179 1045/1214/1178 1057/1218/1182
f 1045/1214/1178 1046/1217/1181 1047/1220/1184
f 1041/1221/1185 1048/1224/1188 1051/1222/1186
f 1048/1224/1188 1049/1230/1957 1052/1225/1189
f 1051/1222/1186 1052/1225/1189 1047/1220/1191
f 1053/1226/1192 1056/1229/1195 1055/1227/1193
f 1054/1219/1183 1057/1218/1182 1056/1229/1195
f 1056/1229/1195 1052/1225/1197 1049/1230/1196
f 1057/1218/1182 1047/1220/1184 1052/1225/1197
f 1108/670/602 1117/2096/1200 1112/1231/1198
f 1111/1232/1199 1112/1231/1198 1124/1235/1202
f 1112/1231/1198 1113/1234/2101 1114/1237/1204
f 1109/637/577 1115/1240/1207 1118/1238/1205
f 1115/1240/1207 1116/1245/1214 1119/1241/1208
f 1118/1238/1205 1119/1241/1208 1114/1237/1210
f 1120/1242/1211 1123/1244/1213 1122/1243/1212
f 1121/1236/1203 1124/1235/1215 1123/1244/1213
f 1123/1244/1213 1119/1241/1208 1116/1245/1214
f 1124/1235/1215 1114/1237/1210 1119/1241/1208
f 1145/709/637 1148/1248/1218 1150/1246/1216
f 1148/1248/1218 1149/1258/1228 1151/1249/1219
f 1150/1246/1216 1151/1249/1219 1152/1251/1221
f 1153/1252/1223 1156/1256/1227 1155/1253/1224
f 1154/1255/1226 1157/1260/1229 1156/1256/1227
f 1156/1257/1227 1151/1249/1230 1149/1258/1228
f 1157/1260/1229 1152/1266/1235 1151/1261/1230
f 1147/649/586 1158/2085/1233 1160/1262/1231
f 1159/1263/1232 1160/1262/1231 1157/1260/1229
f 1160/1262/1231 1161/1265/1234 1152/1266/1235
s 1
f 222/25/22 1162/24/21 1164/1267/1236
f 225/1268/1237 1164/1267/1236 1165/1269/1238
f 224/1270/1240 1165/1269/1245 1166/1271/1241
f 1166/1273/1241 1163/141/121 221/182/158
f 1162/24/21 206/15/12 208/1275/1243
f 1164/1267/1236 208/1275/1243 209/1276/1244
f 1165/1269/1245 209/1276/1283 210/1277/1246
f 210/1278/1246 207/35/31 1163/141/121
f 1167/61/55 1169/1280/1248 230/1279/1247
f 1169/1280/1248 1170/1282/1254 229/1281/1249
f 1170/1282/1250 1171/1287/1256 228/1283/1251
f 228/1284/1251 1171/1288/1256 1168/119/104
f 211/193/167 213/1285/1253 1169/1280/1248
f 213/1285/1253 214/1286/1321 1170/1282/1254
f 214/1286/1255 215/1356/1323 1171/1287/1256
f 1171/1288/1256 215/1357/1323 212/18/15
f 1172/131/113 1174/1290/1258 205/1289/1257
f 1174/1290/1258 1175/1292/1263 204/1291/1259
f 1175/1292/1260 1176/1295/1264 203/1293/1261
f 203/1294/1261 1176/1296/1264 1173/4/4
f 222/25/22 225/1268/1237 1174/1290/1258
f 225/1268/1237 224/1270/1239 1175/1292/1263
f 224/1270/1240 223/1272/1242 1176/1295/1264
f 1176/1296/1264 223/1274/1242 221/182/158
f 217/160/137 1177/26/23 1179/1297/1265
f 220/1298/1266 1179/1297/1265 1180/1299/1267
f 219/1300/1269 1180/1299/1272 1181/1301/1270
f 1181/1303/1270 1178/23/20 216/10/8
f 1177/26/23 227/8/7 230/1279/1247
f 1179/1297/1265 230/1279/1247 229/1281/1249
f 1180/1299/1272 229/1281/1252 228/1283/1251
f 228/1284/1251 226/21/18 1178/23/20
f 232/161/138 1182/155/133 1184/1305/1273
f 235/1306/1274 1184/1305/1273 1185/1307/1275
f 234/1309/1277 1185/2116/1280 1186/1310/1278
f 1186/1310/1278 1183/12/10 231/29/25
f 1182/155/133 217/160/137 220/1298/1266
f 1184/1305/1273 220/1298/1266 219/1300/1268
f 1185/1307/1280 219/1300/1269 218/1302/1271
f 218/1304/1271 216/10/8 1183/12/10
f 206/15/12 1187/14/11 1189/1313/1281
f 208/1275/1243 1189/1313/1281 1190/1314/1282
f 209/1276/1283 1190/1314/1287 1191/1315/1284
f 1191/1316/1284 1188/33/29 207/35/31
f 1187/14/11 236/44/39 238/1317/1285
f 1189/1313/1281 238/1317/1285 239/1318/1286
f 1190/1314/1287 239/1318/1291 240/1319/1288
f 240/1320/1288 237/32/28 1188/33/29
f 236/44/39 1192/53/47 1194/1321/1289
f 238/1317/1285 1194/1321/1289 1195/1322/1290
f 239/1318/1291 1195/1322/1295 1196/1323/1292
f 1196/1324/1292 1193/30/26 237/32/28
f 1192/53/47 246/52/46 248/1325/1293
f 1194/1321/1289 248/1325/1293 249/1326/1294
f 1195/1322/1295 249/1326/1313 250/1327/1296
f 250/1328/1296 247/42/38 1193/30/26
f 242/194/168 1197/186/161 1199/1329/1297
f 245/1330/1298 1199/1329/1297 1200/1331/1299
f 244/1333/1301 1200/1336/1304 1201/1334/1302
f 1201/1334/1302 1198/37/33 241/39/35
f 1197/186/161 232/161/138 235/1306/1274
f 1199/1329/1297 235/1306/1274 234/1308/1276
f 1200/1336/1304 234/1309/1277 233/1311/1279
f 233/1311/1279 231/29/25 1198/37/33
f 1202/172/148 1204/1338/1306 273/1337/1305
f 1204/1338/1306 1205/1340/1308 272/1339/1307
f 1205/1340/1308 1206/1342/1310 271/1341/1309
f 1206/1342/1310 1203/135/115 269/1343/44
f 252/732/660 262/731/659 1204/1338/1306
f 262/731/659 255/735/663 1205/1340/1308
f 255/735/663 254/725/653 1206/1342/1310
f 254/725/653 251/722/650 1203/135/115
f 246/52/46 1207/154/132 1209/1344/1311
f 248/1325/1293 1209/1344/1311 1210/1345/1312
f 249/1326/1313 1210/1345/1315 1211/1346/1314
f 250/1328/1296 1211/1348/1314 1208/40/36
f 1207/154/132 270/170/146 273/1337/1305
f 1209/1344/1311 273/1337/1305 272/1339/1307
f 1210/1345/1315 272/1339/1307 271/1341/1309
f 271/1347/1309 269/49/44 1208/40/36
f 252/732/660 1212/171/147 1214/1349/1316
f 260/730/658 1214/1349/1316 1215/1350/1317
f 261/1351/670 1215/1353/1319 1216/1352/1318
f 266/738/666 1216/1352/1318 1213/46/41
f 1212/171/147 242/194/168 245/1330/1298
f 1214/1349/1316 245/1330/1298 244/1332/1300
f 1215/1353/1319 244/1333/1301 243/1335/1303
f 1216/1352/1318 243/1335/1303 241/39/35
f 1217/69/62 1219/1354/1320 213/1285/1253
f 1219/1354/1320 1220/1355/1325 214/1286/1321
f 1220/1355/1322 1221/1360/1327 215/1356/1323
f 215/1357/1323 1221/1361/1327 1218/164/140
f 279/130/112 281/1358/1324 1219/1354/1320
f 281/1358/1324 282/1359/1343 1220/1355/1325
f 282/1359/1326 283/1379/1345 1221/1360/1327
f 1221/1361/1327 283/1381/1345 280/58/52
f 1222/1/1 1224/1363/1329 278/1362/1328
f 1224/1363/1329 1225/1365/1334 277/1364/1330
f 1225/1365/1331 1226/1368/1335 276/1366/1332
f 276/1367/1332 1226/1369/1335 1223/54/48
f 202/3/3 205/1289/1257 1224/1363/1329
f 205/1289/1257 204/1291/1259 1225/1365/1334
f 204/1291/1262 203/1293/1261 1226/1368/1335
f 1226/1369/1335 203/1294/1261 201/16/13
f 291/757/688 1227/145/124 1229/1370/1336
f 302/755/686 1229/1370/1336 1230/1371/1337
f 303/746/677 1230/1371/1337 1231/1372/1338
f 293/742/673 1231/1372/1338 1228/120/105
f 1227/145/124 284/147/126 286/1373/1339
f 1229/1370/1336 286/1373/1339 287/1374/1340
f 1230/1371/1337 287/1374/1340 288/1375/1341
f 1231/1372/1338 288/1375/1341 285/1376/58
f 1232/146/125 1234/1377/1342 281/1358/1324
f 1234/1377/1342 1235/1378/1347 282/1359/1343
f 1235/1378/1344 1236/1382/1346 283/1379/1345
f 1236/1380/1346 1233/66/60 280/58/52
f 291/757/688 304/756/687 1234/1377/1342
f 304/756/687 298/759/690 1235/1378/1347
f 298/759/1348 297/751/682 1236/1382/1346
f 297/1383/682 290/748/679 1233/66/60
f 1237/148/127 1239/1384/1349 286/1373/1339
f 1239/1384/1349 1240/1385/1351 287/1374/1340
f 1240/1385/1350 1241/1387/1352 288/1375/1341
f 288/1386/1341 1241/1388/1352 1238/62/56
f 275/179/155 278/1362/1328 1239/1384/1349
f 278/1362/1328 277/1364/1330 1240/1385/1351
f 277/1364/1333 276/1366/1332 1241/1387/1352
f 276/1367/1332 274/56/50 1238/62/56
f 1242/144/123 1244/1390/1354 331/1389/1353
f 1244/1390/1354 1245/1392/1356 330/1391/1355
f 1245/1392/1356 1246/1394/1358 329/1393/1357
f 1246/1394/1358 1243/191/165 327/192/166
f 312/91/81 314/1395/1359 1244/1390/1354
f 314/1395/1359 315/1396/1360 1245/1392/1356
f 315/1396/1360 316/1397/1361 1246/1394/1358
f 316/1397/1361 313/190/164 1243/191/165
f 336/1399/1363 1249/1398/1362 1250/1400/1364
f 334/1403/1367 1251/1402/1366 1248/125/108
f 1247/84/74 317/88/78 319/1404/1368
f 1249/1398/1362 319/1404/1368 320/1405/1369
f 1250/1400/1364 320/1405/1369 321/1406/1370
f 1251/1402/1366 321/1406/1370 318/126/109
f 308/81/71 1252/72/64 1254/1407/1371
f 311/1408/1372 1254/1407/1371 1255/1409/1373
f 310/1410/1374 1255/1409/1373 1256/1411/1375
f 1252/72/64 328/71/63 331/1389/1353
f 1254/1407/1371 331/1389/1353 330/1391/1355
f 1255/1409/1373 330/1391/1355 329/1393/1357
f 1256/1411/1375 329/1393/1357 327/192/166
f 1257/86/76 1259/1414/1378 326/1413/1377
f 1259/1414/1378 1260/1416/1380 325/1415/1379
f 1260/1416/1380 1261/1418/1382 324/1417/1381
f 1261/1418/1382 1258/163/139 322/183/159
f 333/85/75 336/1399/1363 1259/1414/1378
f 336/1399/1363 335/1401/1365 1260/1416/1380
f 335/1401/1365 334/1403/1367 1261/1418/1382
f 334/1403/1367 332/128/111 1258/163/139
f 1262/77/68 1264/1420/1384 341/1419/1383
f 1265/1422/1386 1266/1424/1388 339/1423/1387
f 1266/1424/1388 1263/94/84 337/78/69
f 323/127/110 326/1413/1377 1264/1420/1384
f 326/1413/1377 325/1415/1379 1265/1422/1386
f 325/1415/1379 324/1417/1381 1266/1424/1388
f 324/1417/1381 322/183/159 1263/94/84
f 1267/92/82 1269/1425/1389 314/1395/1359
f 1269/1425/1389 1270/1426/1390 315/1396/1360
f 1270/1426/1390 1271/1427/1391 316/1397/1361
f 1271/1427/1391 1268/74/66 313/190/164
f 342/97/86 344/1428/1392 1269/1425/1389
f 344/1428/1392 345/1429/1393 1270/1426/1390
f 345/1429/1393 346/1430/1394 1271/1427/1391
f 346/1430/1394 343/140/120 1268/74/66
f 1272/98/87 1274/1431/1395 344/1428/1392
f 1274/1431/1395 1275/1432/1396 345/1429/1393
f 1275/1432/1396 1276/1433/1397 346/1430/1394
f 1276/1433/1397 1273/184/160 343/140/120
f 352/102/90 354/1434/1398 1274/1431/1395
f 354/1434/1398 355/1435/1399 1275/1432/1396
f 355/1435/1399 356/1436/1400 1276/1433/1397
f 356/1436/1400 353/181/157 1273/184/160
f 1277/93/83 1279/1438/1402 351/1437/1401
f 1279/1438/1402 1280/1440/1404 350/1439/1403
f 1280/1440/1404 1281/1442/1406 349/1441/1405
f 338/157/134 341/1419/1383 1279/1438/1402
f 341/1419/1383 340/1421/1385 1280/1440/1404
f 340/1421/1385 339/1423/1387 1281/1442/1406
f 339/1423/1387 337/78/69 1278/80/70
f 375/189/163 1282/2103/119 1284/1443/1407
f 378/1444/1408 1284/1443/1407 1285/1445/1409
f 377/1446/1410 1285/1445/1409 1286/1447/1411
f 376/1448/1412 1286/1447/1411 1283/174/150
f 1282/139/119 357/138/118 360/761/693
f 1284/1443/1407 360/765/693 370/767/697
f 1285/1445/1409 370/767/697 369/773/705
f 1286/1447/1411 369/773/705 359/175/151
f 1287/104/92 1289/1450/1413 354/1434/1398
f 1289/1450/1413 1290/1451/1414 355/1435/1399
f 1290/1451/1414 1291/1452/1415 356/1436/1400
f 1291/1452/1415 1288/158/135 353/181/157
f 375/189/163 378/1444/1408 1289/1450/1413
f 378/1444/1408 377/1446/1410 1290/1451/1414
f 377/1446/1410 376/1448/1412 1291/1452/1415
f 376/1448/1412 374/176/152 1288/158/135
f 1292/99/88 1294/1453/1416 364/771/701
f 1294/1453/1416 1295/1454/1417 365/776/708
f 1295/1454/1417 1296/1455/1418 371/774/706
f 1296/1455/1418 1293/173/149 359/175/151
f 351/1437/1401 350/1439/1403 1295/1454/1417
f 350/1439/1403 349/1441/1405 1296/1455/1418
f 319/1404/1368 1299/1456/1419 1300/1457/1420
f 320/1405/1369 1300/1457/1420 1301/1458/1421
f 321/1406/1370 1301/1458/1421 1298/168/144
f 1297/109/95 384/110/96 386/1459/1422
f 1299/1456/1419 386/1459/1422 387/1460/1423
f 1300/1457/1420 387/1460/1423 388/1461/1424
f 380/111/97 1302/82/72 1304/1462/1425
f 383/1463/1426 1304/1462/1425 1305/1464/1427
f 382/1465/1428 1305/1464/1427 1306/1466/1429
f 381/1467/1430 1306/1466/1429 1303/115/100
f 1302/82/72 308/81/71 311/1408/1372
f 1304/1462/1425 311/1408/1372 310/1410/1374
f 1305/1464/1427 310/1410/1374 309/1412/1376
f 1306/1466/1429 309/1412/1376 307/106/94
f 1307/124/107 1309/2117/1431 397/1468/712
f 1309/1469/1431 1310/1470/1432 398/790/722
f 1310/1470/1432 1311/1471/1433 404/786/718
f 1311/1471/1433 1308/152/131 395/787/719
f 389/118/103 391/1473/1434 1309/1469/1431
f 391/1473/1434 392/1474/1435 1310/1470/1432
f 392/1474/1435 393/1475/1436 1311/1471/1433
f 393/1475/1436 390/149/128 1308/152/131
f 384/110/96 1312/116/101 1314/1476/1437
f 386/1459/1422 1314/1476/1437 1315/1477/1438
f 388/1461/1424 1316/1478/1439 1313/151/130
f 1312/116/101 396/117/102 408/793/726
f 1315/1477/1438 403/788/720 402/785/717
f 1316/1478/1439 402/785/717 395/787/719
f 389/118/103 1317/112/98 1319/1479/1440
f 391/1473/1434 1319/1479/1440 1320/1480/1441
f 392/1474/1435 1320/1480/1441 1321/1481/1442
f 393/1475/1436 1321/1481/1442 1318/150/129
f 1317/112/98 380/111/97 383/1463/1426
f 1319/1479/1440 383/1463/1426 382/1465/1428
f 1320/1480/1441 382/1465/1428 381/1467/1430
f 1321/1481/1442 381/1467/1430 379/114/99
f 396/117/102 1322/67/61 1324/1482/1443
f 407/778/1444 1324/1486/1450 1323/177/153
f 1322/67/61 290/748/679 299/750/1446
f 1324/1486/1450 292/743/2102 289/178/154
f 253/48/43 1325/47/42 1327/1487/1451
f 1327/1489/1455 1326/136/116 251/722/650
f 1325/47/42 358/105/93 366/770/700
f 366/1490/1457 357/138/2103 1326/136/116
s 2
f 532/260/234 1328/259/233 1330/1491/1458
f 543/929/872 1330/1491/1458 1331/1492/1459
f 1331/1492/1459 1332/1493/1460 534/917/859
f 1332/1493/1460 1329/261/235 200/243/217
f 1328/259/233 547/275/249 552/934/878
f 1330/1491/1458 552/934/878 562/937/881
f 562/937/881 561/945/889 1332/1493/1460
f 561/945/889 549/301/275 1329/261/235
f 1333/253/227 1335/1494/1461 556/940/884
f 1335/1494/1461 1336/1496/1463 557/942/886
f 557/942/886 1336/1496/1463 1337/1495/1462
f 563/946/890 1337/1495/1462 1334/240/214
f 566/231/205 571/950/894 1335/1494/1461
f 571/950/894 581/953/897 1336/1496/1463
f 1336/1496/1463 581/953/897 580/962/907
f 1337/1495/1462 580/962/907 568/269/243
s 3
f 1338/1497/262 1340/1498/1464 575/959/902
f 1340/1498/1464 1341/1500/1467 576/965/1465
s 2
f 1341/1499/1466 1339/242/216 568/269/243
s 3
f 1338/1497/262 531/923/264 540/925/866
f 1340/1498/1464 540/925/866 1820/918/870
s 2
f 1341/1499/1466 533/919/861 200/243/1468
f 515/299/273 1342/296/270 1344/1501/1469
f 527/912/853 1344/1501/1469 1345/1502/1470
f 1345/1502/1470 1346/1503/1471 518/900/840
f 1346/1503/1471 1343/274/248 513/280/254
f 1342/296/270 548/254/228 558/941/885
f 1344/1501/1469 558/941/885 551/935/879
f 551/935/879 550/933/877 1346/1503/1471
s 3
f 1351/1508/225 1353/1509/1476 522/909/848
f 1353/1509/1476 1354/1511/1479 523/915/1477
s 2
f 1354/1510/1478 1352/230/204 515/299/273
s 3
f 1351/1508/225 567/956/274 577/958/901
f 1353/1509/1476 577/958/901 570/951/905
s 2
f 1354/1510/1478 569/949/893 566/231/205
f 438/818/1481 1357/1512/1480 1358/1513/1482
f 441/1516/1485 1359/1515/1484 1356/246/220
f 416/796/731 424/799/734 1358/1513/1482
f 423/808/742 413/244/218 1356/246/220
f 1362/1518/1487 423/809/742 420/805/740
f 1364/1520/1491 419/802/737 412/804/739
f 1365/315/289 1367/1522/1492 441/1521/1485
f 1368/1523/1494 1369/1524/1495 444/825/764
f 1365/315/289 447/216/190 453/1525/1486
f 1367/1522/1492 453/1525/1486 452/1526/1496
f 1369/1524/1495 451/836/1497 446/247/221
f 465/851/792 1370/298/272 1372/1527/1498
f 468/849/790 1372/1527/1498 1373/1528/1499
f 469/852/793 1373/1528/1499 1374/1529/1500
f 473/860/800 1374/1529/1500 1371/278/252
f 426/219/193 430/811/1501 1372/1527/1498
f 430/811/1501 1816/813/1502 1373/1528/1499
f 1816/813/1502 434/1530/1503 1374/1529/1500
f 434/1530/1503 428/276/250 1371/278/252
f 480/272/246 1375/262/236 1377/1531/1504
f 483/864/1505 1377/1531/1504 1378/1532/1506
f 1815/1533/1507 1378/1532/1506 1379/1534/1508
f 485/1535/1509 1379/1534/1508 1376/336/310
f 467/264/238 478/862/802 1377/1531/1504
f 478/862/802 474/857/798 1378/1532/1506
f 474/857/798 473/859/800 1379/1534/1508
f 473/859/800 466/320/294 1376/336/310
f 1380/208/182 1382/1537/1510 485/1536/1509
f 1382/1537/1510 1383/1538/1512 1815/871/1511
f 1383/1538/1512 1384/1539/1514 488/869/1513
f 1384/1539/1514 1381/267/241 482/270/244
f 1380/208/182 428/276/250 434/1540/1503
f 1382/1537/1510 434/1540/1503 433/816/1515
f 1383/1538/1512 433/816/1515 432/817/1516
f 1384/1539/1514 432/817/1516 427/265/239
f 1385/256/230 1387/1542/1518 463/1541/1517
f 1387/1542/1518 1388/1543/1520 1818/843/1519
f 1388/1543/1520 1389/1544/1521 459/839/779
f 1389/1544/1521 1386/293/267 455/341/315
f 1385/256/230 490/279/253 496/882/822
f 1387/1542/1518 496/882/822 493/875/814
f 1388/1543/1520 493/875/814 492/872/811
f 1389/1544/1521 492/872/811 489/874/813
f 1390/326/300 1392/1545/1522 496/879/822
f 1392/1545/1522 1393/1546/1528 498/886/1523
f 1393/1546/1524 1394/1547/1525 501/884/824
f 1394/1547/1525 1391/200/174 491/284/258
f 1390/326/300 504/327/301 509/1548/1526
f 1392/1545/1522 509/1548/1526 1819/1549/1527
f 1393/1546/1524 1819/1549/2104 506/887/827
f 1394/1547/1525 506/887/827 503/198/172
f 1395/340/314 1397/1551/1529 509/1550/1526
f 1397/1551/1529 1398/1552/1531 510/897/1530
f 1398/1552/1531 1399/1553/1532 512/894/834
f 1399/1553/1532 1396/285/259 505/291/265
f 1395/340/314 457/195/169 463/1554/1517
f 1397/1551/1529 463/1554/1517 464/1555/1533
f 1398/1552/1531 464/1555/1533 462/847/785
f 1399/1553/1532 462/847/785 456/844/784
f 586/981/307 1400/1559/306 1402/1556/1534
f 597/979/927 1402/1556/1534 1403/1557/1535
f 598/972/919 1403/1557/1535 1404/1558/1536
f 1407/1560/1537 1408/1561/1538 623/1013/961
f 1408/1561/1538 1409/1562/1539 629/1009/957
f 1409/1562/1539 1406/1563/196 620/1010/198
f 610/994/941 609/991/939 1409/1562/1539
f 609/991/939 602/993/308 1406/1563/196
f 1410/309/283 1412/1564/1540 592/976/923
f 1412/1564/1540 1413/1565/1541 593/983/931
f 1413/1565/1541 1414/1566/1542 599/980/928
f 1414/1566/1542 1411/1567/197 586/981/307
f 1410/309/283 621/1014/962 634/1016/964
f 1412/1564/1540 634/1016/964 628/1011/958
f 1413/1565/1541 628/1011/958 627/1008/956
f 1414/1566/1542 627/1008/956 620/1010/198
f 1415/1568/297 1417/1569/1543 649/1032/982
f 1417/1569/1543 1418/1570/1544 650/1024/974
f 1418/1570/1544 1419/1571/1545 641/1020/970
f 1419/1571/1545 1416/226/200 636/1021/971
f 655/1046/299 664/1045/995 1417/1569/1543
f 664/1045/995 658/1049/999 1418/1570/1544
f 658/1049/999 657/1039/987 1419/1571/1545
f 657/1039/987 654/339/313 1416/226/200
f 673/1067/312 1420/1575/311 1422/1572/1546
f 684/1065/1017 1422/1572/1546 1423/1573/1547
f 685/1059/1010 1423/1573/1547 1424/1574/1548
f 675/1055/1006 1424/1574/1548 1421/213/187
f 1420/1575/311 638/1034/295 651/1033/983
f 1422/1572/1546 651/1033/983 645/1029/979
f 1423/1573/1547 645/1029/979 644/1027/977
f 1424/1574/1548 644/1027/977 637/312/286
f 1425/311/285 1427/1576/1549 679/1063/1014
f 1427/1576/1549 1428/1577/1550 680/1069/1020
f 1428/1577/1550 1429/1578/1551 686/1066/1018
f 1429/1578/1551 1426/1579/298 673/1067/312
f 1425/311/285 656/310/284 669/1051/1001
f 1427/1576/1549 669/1051/1001 663/1047/996
f 1428/1577/1550 663/1047/996 662/1044/994
f 1429/1578/1551 662/1044/994 655/1046/299
f 1430/331/305 1432/1580/1552 692/1072/1023
f 1432/1580/1552 1433/1581/1553 693/1082/1033
f 1433/1581/1553 1434/1582/1554 700/1078/1030
f 1434/1582/1554 1431/1583/179 690/1079/189
f 707/330/304 712/1088/1041 1432/1580/1552
f 712/1088/1041 721/1091/1044 1433/1581/1553
f 721/1091/1044 720/1099/1052 1434/1582/1554
f 720/1099/1052 709/1101/177 1431/1583/179
f 708/302/276 1435/202/176 1437/1584/1555
f 715/1094/1047 1437/1584/1555 1438/1585/1556
f 716/1096/1049 1438/1585/1556 1439/1586/1557
f 722/1100/1053 1439/1586/1557 1436/1587/302
f 1435/202/176 725/201/175 730/1105/1056
f 1437/1584/1555 730/1105/1056 739/1109/1061
f 1438/1585/1556 739/1109/1061 738/1116/1071
f 1439/1586/1557 738/1116/1071 727/1118/303
f 1440/304/278 1442/1588/1558 733/1113/1065
f 1442/1588/1558 1443/1589/1559 734/1120/1075
f 1443/1589/1559 1444/1590/1560 740/1117/1072
f 1444/1590/1560 1441/1591/188 727/1118/303
f 1440/304/278 691/1084/1035 704/1086/1037
f 1442/1588/1558 704/1086/1037 699/1080/1031
f 1443/1589/1559 699/1080/1031 698/1077/1029
f 1444/1590/1560 698/1077/1029 690/1079/189
f 411/167/143 1445/166/142 1447/1592/1561
f 1447/1592/1561 1448/1593/1563 415/797/1562
f 1448/1593/1563 1449/1594/1564 421/803/738
f 1449/1594/1564 1446/237/211 412/804/739
f 1445/166/142 601/319/293 606/985/933
f 1447/1592/1561 606/985/933 615/988/936
f 615/988/936 614/998/944 1449/1594/1564
f 614/998/944 603/305/279 1446/237/211
f 621/1014/962 1450/308/282 1452/1595/1565
s 28
f 633/1005/1568 1452/1596/1572 1453/1597/1569
s 2
f 1453/1597/1571 1451/317/291 619/318/292
f 446/247/221 448/835/2105 1452/1595/1565
f 1453/1597/1571 448/830/2106 445/316/290
f 426/219/193 1454/221/195 1456/1598/1574
f 1457/1600/1579 1455/1601/1584 427/265/239
f 654/339/313 659/1038/986 1456/1598/1574
s 29
f 1456/1598/1577 659/1038/2107 668/1041/1581
s 2
f 1457/1600/1579 667/1052/1583 656/310/284
f 1458/1602/1585 1460/1605/1589 674/1056/1586
f 681/1062/1013 1460/1606/1590 1459/271/245
f 480/272/246 487/865/2108 1460/1605/1589
f 1460/1606/1590 487/868/2109 482/270/244
f 1461/283/257 1463/1608/1593 499/883/823
f 499/883/823 1463/1608/1593 1464/1607/1591
f 1464/1607/1591 1465/1609/1594 494/873/812
f 494/873/812 1465/1609/1594 1462/294/268
f 708/302/276 717/1095/1048 1463/1608/1593
f 1463/1608/1593 717/1095/1048 711/1089/1042
f 711/1089/1042 710/1087/1040 1465/1609/1594
f 1465/1609/1594 710/1087/1040 707/330/304
f 1466/286/260 1468/1612/1597 703/1610/1038
f 703/1075/1027 1468/1613/1598 1469/1611/1595
f 1469/1611/1596 1467/342/316 689/343/317
f 456/844/784 461/846/786 1468/1612/1597
f 1468/1613/1598 461/840/2110 458/838/1599
f 458/838/1600 455/341/315 1467/342/316
f 584/966/912 1470/281/255 1472/1614/1601
s 30
f 1472/1614/1603 1473/1616/1610 588/969/1604
s 2
f 1473/1615/1607 1471/234/208 585/307/281
f 1470/281/255 435/209/183 439/819/1608
s 30
f 1472/1614/1603 439/819/1609 443/823/1609
s 2
f 1473/1615/1607 443/824/763 437/235/209
f 467/264/238 1474/263/237 1476/1617/1611
f 1476/1617/1611 1477/1618/1613 477/854/1612
f 1477/1618/1613 1478/1619/1614 470/850/791
f 470/850/791 1478/1619/1614 1475/225/199
f 637/312/286 646/1028/978 1476/1617/1611
f 646/1028/978 640/1022/972 1477/1618/1613
f 640/1022/972 639/1019/969 1478/1619/1614
f 1478/1619/1614 639/1019/969 636/1021/971
f 505/291/265 1479/292/266 1481/1620/1615
s 31
f 511/892/1616 1481/1622/1622 1482/1621/1617
s 2
f 1482/1621/1618 1480/1623/1623 503/198/172
f 726/303/277 735/1112/1064 1481/1620/1615
s 31
f 729/1106/1621 728/1107/2111 1482/1621/1617
s 2
f 1482/1621/1618 728/1107/2096 725/201/175
s 4
f 763/368/339 1483/367/338 1485/1624/1624
f 766/1625/1625 1485/1624/1624 1486/1626/1626
f 765/1628/1628 1486/1633/1633 1487/1629/1629
f 1487/1629/1629 1484/482/439 762/523/477
f 1483/367/338 747/358/329 749/1631/1631
f 1485/1624/1624 749/1631/1631 750/1632/1632
f 1486/1633/1633 750/2118/1671 751/1634/1634
f 751/1634/1634 748/378/348 1484/482/439
f 1488/404/372 1490/1641/1636 771/1635/1635
f 1490/1636/1636 1491/1639/1642 770/1637/1637
f 1491/1639/1638 1492/1644/1644 769/1640/1639
f 769/1640/1639 1492/1644/1644 1489/462/422
f 752/534/486 754/1711/1641 1490/1641/1636
f 754/1642/1641 755/1643/1710 1491/1639/1642
f 755/1643/1643 756/1714/1712 1492/1644/1644
f 1492/1644/1644 756/1714/1712 753/361/332
f 1493/472/431 1495/1646/1646 746/1645/1645
f 1495/1646/1646 1496/1651/1651 745/1647/1647
f 1496/1648/1648 1497/1652/1652 744/1649/1649
f 744/1649/1649 1497/1652/1652 1494/347/321
f 763/368/339 766/1625/1625 1495/1646/1646
f 766/1625/1625 765/1627/1627 1496/1651/1651
f 765/1628/1628 764/1630/1630 1497/1652/1652
f 1497/1652/1652 764/1630/1630 762/523/477
f 758/501/456 1498/369/340 1500/1653/1653
f 761/1655/1654 1500/1660/1653 1501/1656/1655
f 760/1657/1657 1501/1656/1660 1502/1658/1658
f 1502/1658/1658 1499/366/337 757/353/325
f 1498/369/340 768/351/324 771/1635/1635
f 1500/1660/1653 771/1638/1635 770/1637/1637
f 1501/1656/1660 770/1637/1640 769/1640/1639
f 769/1640/1639 767/364/335 1499/366/337
f 773/502/457 1503/496/452 1505/1661/1661
f 776/1663/1662 1505/1668/1661 1506/1664/1663
f 775/1665/1665 1506/1664/1668 1507/1666/1666
f 1507/1666/1666 1504/355/327 772/372/342
f 1503/496/452 758/501/456 761/1654/1654
f 1505/1668/1661 761/1655/1654 760/1657/1656
f 1506/1664/1668 760/1657/1657 759/1659/1659
f 759/1659/1659 757/353/325 1504/355/327
f 747/358/329 1508/357/328 1510/1669/1669
f 749/1631/1631 1510/1669/1669 1511/1670/1670
f 750/1632/1671 1511/1670/1675 1512/1671/1672
f 1512/1673/1672 1509/376/346 748/378/348
f 1508/357/328 777/387/356 779/1674/1673
f 1510/1669/1669 779/1674/1673 780/1675/1674
f 1511/1670/1675 780/1675/1679 781/1676/1676
f 781/1677/1676 778/375/345 1509/376/346
f 777/387/356 1513/396/364 1515/1678/1677
f 779/1674/1673 1515/1678/1677 1516/1679/1678
f 780/1675/1679 1516/1679/1683 1517/1680/1680
f 1517/1681/1680 1514/373/343 778/375/345
f 1513/396/364 787/395/363 789/1682/1681
f 1515/1678/1677 789/1682/1681 790/1683/1682
f 1516/1679/1683 790/1683/1701 791/1684/1684
f 791/1685/1684 788/385/355 1514/373/343
f 783/535/487 1518/527/480 1520/1686/1685
f 786/1687/1686 1520/1686/1685 1521/1688/1687
f 785/1690/1689 1521/1694/1692 1522/1691/1690
f 1522/1691/1690 1519/380/350 782/382/352
f 1518/527/480 773/502/457 776/1662/1662
f 1520/1686/1685 776/1662/1662 775/1693/1664
f 1521/1694/1692 775/1665/1665 774/1667/1667
f 774/1667/1667 772/372/342 1519/380/350
f 1523/513/467 1525/1696/1694 814/1695/1693
f 1525/1696/1694 1526/1698/1696 813/1697/1695
f 1526/1698/1696 1527/1700/1698 812/1699/1697
f 1527/1700/1698 1524/476/433 810/1701/361
f 793/1131/1086 803/1130/1085 1525/1696/1694
f 803/1130/1085 796/1134/1089 1526/1698/1696
f 796/1134/1089 795/1124/1079 1527/1700/1698
f 795/1124/1079 792/1121/1076 1524/476/433
f 787/395/363 1528/495/451 1530/1702/1699
f 789/1682/1681 1530/1702/1703 1531/1703/1700
f 790/1683/1701 1531/1703/1704 1532/1704/1702
f 791/1685/1684 1532/1706/1702 1529/383/353
f 1528/495/451 811/511/465 814/1695/1693
f 1530/1702/1703 814/1695/1693 813/1697/1695
f 1531/1703/1704 813/1697/1695 812/1699/1697
f 812/1705/1697 810/392/361 1529/383/353
f 793/1131/1086 1533/512/466 1535/1707/1705
f 801/1129/1084 1535/1707/1705 1536/1708/1706
f 802/1141/1096 1536/1710/1708 1537/1709/1707
f 807/1137/1092 1537/1709/1707 1534/389/358
f 1533/512/466 783/535/487 786/1687/1686
f 1535/1707/1705 786/1687/1686 785/1689/1688
f 1536/1710/1708 785/1690/1689 784/1692/1691
f 1537/1709/1707 784/1692/1691 782/382/352
f 1538/412/379 1540/1715/1709 754/1711/1641
f 1540/1712/1709 1541/1713/1714 755/1643/1710
f 1541/1713/1711 1542/1718/1716 756/1714/1712
f 756/1714/1712 1542/1718/1716 1539/505/459
f 820/471/430 822/1735/1713 1540/1715/1709
f 822/1716/1713 823/1717/1732 1541/1713/1714
f 823/1717/1715 824/1738/1734 1542/1718/1716
f 1542/1718/1716 824/1738/1734 821/401/369
f 1543/344/318 1545/1720/1718 819/1719/1717
f 1545/1720/1718 1546/1725/1723 818/1721/1719
f 1546/1722/1720 1547/1726/1724 817/1723/1721
f 817/1723/1721 1547/1726/1724 1544/397/365
f 743/346/320 746/1645/1645 1545/1720/1718
f 746/1645/1645 745/1647/1647 1546/1725/1723
f 745/1650/1650 744/1649/1649 1547/1726/1724
f 1547/1726/1724 744/1649/1649 742/359/330
f 832/1160/1114 1548/486/442 1550/1727/1725
f 843/1158/1112 1550/1727/1725 1551/1728/1726
f 844/1149/1103 1551/1728/1726 1552/1729/1727
f 834/1145/1099 1552/1729/1727 1549/1730/423
f 1548/486/442 825/488/444 827/1731/1728
f 1550/1727/1725 827/1731/1728 828/1732/1729
f 1551/1728/1726 828/1732/1729 829/1733/1730
f 1552/1734/1727 829/1745/1730 826/407/375
f 1553/487/443 1555/1740/1731 822/1735/1713
f 1555/1736/1731 1556/1737/1736 823/1717/1732
f 1556/1737/1733 1557/1739/1735 824/1738/1734
f 1557/1739/1735 1554/409/377 821/401/369
f 832/1160/1114 845/1159/1113 1555/1740/1731
f 845/1741/1113 839/1742/1116 1556/1737/1736
f 839/1742/1737 838/1154/1108 1557/1739/1735
f 838/1154/1108 831/1151/1105 1554/409/377
f 1558/489/445 1560/1743/1738 827/1731/1728
f 1560/1743/1738 1561/1747/1740 828/1732/1729
f 1561/1744/1739 1562/1748/1741 829/1745/1730
f 829/1745/1730 1562/1748/1741 1559/405/373
f 816/520/474 819/1719/1717 1560/1743/1738
f 819/1719/1717 818/1721/1719 1561/1747/1740
f 818/1724/1722 817/1723/1721 1562/1748/1741
f 817/1723/1721 815/399/367 1559/405/373
f 1563/485/441 1565/1750/1743 872/1749/1742
f 1565/1750/1743 1566/1752/1745 871/1751/1744
f 1566/1752/1745 1567/1754/1747 870/1753/1746
f 1567/1754/1747 1564/532/484 868/533/485
f 853/434/398 855/1755/1748 1565/1750/1743
f 855/1755/1748 856/1756/1749 1566/1752/1745
f 856/1756/1749 857/1757/1750 1567/1754/1747
f 857/1757/1750 854/531/483 1564/532/484
f 874/428/392 1568/427/391 1570/1758/1751
f 877/1759/1752 1570/1758/1751 1571/1760/1753
f 876/1761/1754 1571/1760/1753 1572/1762/1755
f 875/1763/1756 1572/1762/1755 1569/466/426
f 1568/427/391 858/431/395 860/1764/1757
f 1570/1758/1751 860/1764/1757 861/1765/1758
f 1571/1760/1753 861/1765/1758 862/1766/1759
f 1572/1762/1755 862/1766/1759 859/467/427
f 849/424/388 1573/415/381 1575/1767/1760
f 852/1768/1761 1575/1767/1760 1576/1769/1762
f 851/1770/1763 1576/1769/1762 1577/1771/1764
f 850/1772/1765 1577/1771/1764 1574/483/440
f 1573/415/381 869/414/380 872/1749/1742
f 1575/1767/1760 872/1749/1742 871/1751/1744
f 1576/1769/1762 871/1751/1744 870/1753/1746
f 1577/1771/1764 870/1753/1746 868/533/485
f 1578/429/393 1580/1774/1767 867/1773/1766
f 1580/1774/1767 1581/1776/1769 866/1775/1768
f 1581/1776/1769 1582/1778/1771 865/1777/1770
f 1582/1778/1771 1579/504/458 863/524/478
f 874/428/392 877/1759/1752 1580/1774/1767
f 877/1759/1752 876/1761/1754 1581/1776/1769
f 876/1761/1754 875/1763/1756 1582/1778/1771
f 875/1763/1756 873/469/429 1579/504/458
f 1583/420/385 1585/1780/1773 882/1779/1772
f 1585/1780/1773 1586/1782/1775 881/1781/1774
f 1586/1782/1775 1587/1784/1777 880/1783/1776
f 1587/1784/1777 1584/437/401 878/421/386
f 864/468/428 867/1773/1766 1585/1780/1773
f 867/1773/1766 866/1775/1768 1586/1782/1775
f 866/1775/1768 865/1777/1770 1587/1784/1777
f 865/1777/1770 863/524/478 1584/437/401
f 1588/435/399 1590/1785/1778 855/1755/1748
f 1590/1785/1778 1591/1786/1779 856/1756/1749
f 1591/1786/1779 1592/1787/1780 857/1757/1750
f 1592/1787/1780 1589/417/383 854/531/483
f 883/440/403 885/1788/1781 1590/1785/1778
f 885/1788/1781 886/1789/1782 1591/1786/1779
f 886/1789/1782 887/1790/1783 1592/1787/1780
f 887/1790/1783 884/481/438 1589/417/383
f 1593/441/404 1595/1791/1784 885/1788/1781
f 1595/1791/1784 1596/1792/1785 886/1789/1782
f 1596/1792/1785 1597/1793/1786 887/1790/1783
f 1597/1793/1786 1594/525/479 884/481/438
f 893/445/408 895/1794/1787 1595/1791/1784
f 895/1794/1787 896/1795/1788 1596/1792/1785
f 896/1795/1788 897/1796/1789 1597/1793/1786
f 897/1796/1789 894/522/476 1594/525/479
f 1598/436/400 1600/1798/1791 892/1797/1790
f 1600/1798/1791 1601/1800/1793 891/1799/1792
f 1601/1800/1793 1602/1802/1795 890/1801/1794
f 1602/1802/1795 1599/423/387 888/444/407
f 879/498/453 882/1779/1772 1600/1798/1791
f 882/1779/1772 881/1781/1774 1601/1800/1793
f 881/1781/1774 880/1783/1776 1602/1802/1795
f 880/1783/1776 878/421/386 1599/423/387
f 916/530/482 1603/2104/437 1605/1803/1796
f 919/1804/1797 1605/1803/1796 1606/1805/1798
f 918/1806/1799 1606/1805/1798 1607/1807/1800
f 917/1808/1801 1607/1807/1800 1604/515/469
f 1603/480/437 898/479/436 902/1809/1119
f 1605/1803/1796 902/1166/1119 911/1170/1123
f 1606/1805/1798 911/1170/1123 910/1176/1132
f 1607/1807/1800 910/1176/1132 900/516/470
f 1608/447/410 1610/1811/1802 895/1794/1787
f 1610/1811/1802 1611/1812/1803 896/1795/1788
f 1611/1812/1803 1612/1813/1804 897/1796/1789
f 1612/1813/1804 1609/499/454 894/522/476
f 916/530/482 919/1804/1797 1610/1811/1802
f 919/1804/1797 918/1806/1799 1611/1812/1803
f 918/1806/1799 917/1808/1801 1612/1813/1804
f 917/1808/1801 915/517/471 1609/499/454
f 1613/442/405 1615/1814/1805 906/1174/1127
f 1615/1814/1805 1616/1815/1806 907/1179/1135
f 1616/1815/1806 1617/1816/1807 912/1177/1133
f 1617/1816/1807 1614/514/468 900/516/470
f 889/528/481 892/1797/1790 1615/1814/1805
f 892/1797/1790 891/1799/1792 1616/1815/1806
f 891/1799/1792 890/1801/1794 1617/1816/1807
f 890/1801/1794 888/444/407 1614/514/468
f 858/431/395 1618/452/413 1620/1817/1808
f 860/1764/1757 1620/1817/1808 1621/1818/1809
f 861/1765/1758 1621/1818/1809 1622/1819/1810
f 862/1766/1759 1622/1819/1810 1619/509/463
f 1618/452/413 925/453/414 927/1820/1811
f 1620/1817/1808 927/1820/1811 928/1821/1812
f 1621/1818/1809 928/1821/1812 929/1822/1813
f 1622/1819/1810 929/1822/1813 926/473/432
f 921/454/415 1623/425/389 1625/1823/1814
f 924/1824/1815 1625/1823/1814 1626/1825/1816
f 923/1826/1817 1626/1825/1816 1627/1827/1818
f 922/1828/1819 1627/1827/1818 1624/458/418
f 1623/425/389 849/424/388 852/1768/1761
f 1625/1823/1814 852/1768/1761 851/1770/1763
f 1626/1825/1816 851/1770/1763 850/1772/1765
f 1627/1827/1818 850/1772/1765 848/449/412
f 1628/465/425 1630/1829/1820 938/1182/1139
f 1630/1829/1820 1631/1830/1821 939/1191/1148
f 1631/1830/1821 1632/1831/1822 946/1187/1144
f 1632/1831/1822 1629/493/449 936/1188/1145
f 930/461/421 932/1832/1823 1630/1829/1820
f 932/1832/1823 933/1833/1824 1631/1830/1821
f 933/1833/1824 934/1834/1825 1632/1831/1822
f 934/1834/1825 931/490/446 1629/493/449
f 925/453/414 1633/459/419 1635/1835/1826
f 927/1820/1811 1635/1835/1826 1636/1836/1827
f 928/1821/1812 1636/1836/1827 1637/1837/1828
f 929/1822/1813 1637/1837/1828 1634/492/448
f 1633/459/419 937/460/420 949/1194/1152
f 1635/1835/1826 949/1194/1152 945/1189/1146
f 1636/1836/1827 945/1189/1146 944/1186/1143
f 1637/1837/1828 944/1186/1143 936/1188/1145
f 930/461/421 1638/455/416 1640/1838/1829
f 932/1832/1823 1640/1838/1829 1641/1839/1830
f 933/1833/1824 1641/1839/1830 1642/1840/1831
f 934/1834/1825 1642/1840/1831 1639/491/447
f 1638/455/416 921/454/415 924/1824/1815
f 1640/1838/1829 924/1824/1815 923/1826/1817
f 1641/1839/1830 923/1826/1817 922/1828/1819
f 1642/1840/1831 922/1828/1819 920/457/417
f 937/460/420 1643/410/378 1645/1841/1832
f 940/1843/1138 1645/1848/1836 1644/1844/472
f 1643/410/378 831/1151/1105 840/1153/1833
f 1645/1848/1836 833/1146/2112 830/1143/473
f 794/391/360 1646/390/359 1648/1849/1837
f 1648/1853/1842 1647/477/434 792/1121/1076
f 899/448/411 901/1173/1126 1648/1849/1837
f 901/1854/1120 898/479/436 1647/477/434
s 5
f 973/557/506 1649/556/505 1651/1855/1844
f 976/1857/1845 1651/1863/1844 1652/1858/1846
f 975/1859/1848 1652/1858/1853 1653/1860/1849
f 1653/1860/1849 1650/673/605 972/711/639
f 1649/556/505 957/547/496 959/1862/1851
f 1651/1863/1844 959/1901/1851 960/1864/1852
f 1652/1858/1853 960/1864/1891 961/1865/1854
f 961/1865/1854 958/567/515 1650/673/605
f 1654/593/539 1656/1867/1856 981/1866/1855
f 1656/1867/1856 1657/1869/1862 980/1868/1857
f 1657/1869/1858 1658/1874/1864 979/1870/1859
f 979/1871/1859 1658/1875/1864 1655/651/588
f 962/720/648 964/1872/1861 1656/1867/1856
f 964/1872/1861 965/1873/1930 1657/1869/1862
f 965/1873/1863 966/1944/1932 1658/1874/1864
f 1658/1875/1864 966/1945/1932 963/550/499
f 1659/663/597 1661/1882/1866 956/1876/1865
f 1661/1877/1866 1662/1880/1871 955/1878/1867
f 1662/1880/1868 1663/1883/1872 954/1881/1869
f 954/1881/1869 1663/1883/1872 1660/536/488
f 973/557/506 976/1856/1845 1661/1882/1866
f 976/1857/1845 975/1859/1847 1662/1880/1871
f 975/1859/1848 974/1861/1850 1663/1883/1872
f 1663/1883/1872 974/1861/1850 972/711/639
f 968/692/621 1664/558/507 1666/1884/1873
f 971/1885/1874 1666/1884/1873 1667/1886/1875
f 970/1887/1877 1667/1886/1880 1668/1888/1878
f 1668/1890/1878 1665/555/504 967/542/492
f 1664/558/507 978/540/491 981/1866/1855
f 1666/1884/1873 981/1866/1855 980/1868/1857
f 1667/1886/1880 980/1868/1860 979/1870/1859
f 979/1871/1859 977/553/502 1665/555/504
f 983/693/622 1669/687/617 1671/1892/1881
f 986/1893/1882 1671/1892/1881 1672/1894/1883
f 985/1895/1885 1672/1894/1888 1673/1896/1886
f 1673/1898/1886 1670/544/494 982/561/509
f 1669/687/617 968/692/621 971/1885/1874
f 1671/1892/1881 971/1885/1874 970/1887/1876
f 1672/1894/1888 970/1887/1877 969/1889/1879
f 969/1891/1879 967/542/492 1670/544/494
f 957/547/496 1674/546/495 1676/1900/1889
f 959/1901/1851 1676/1905/1889 1677/1902/1890
f 960/1864/1891 1677/1902/1895 1678/1903/1892
f 1678/1903/1892 1675/565/513 958/567/515
f 1674/546/495 987/576/523 989/1904/1893
f 1676/1905/1889 989/1909/1893 990/1906/1894
f 1677/1902/1895 990/1906/1899 991/1907/1896
f 991/1907/1896 988/564/512 1675/565/513
f 987/576/523 1679/585/531 1681/1908/1897
f 989/1909/1893 1681/2119/1897 1682/1910/1898
f 990/1906/1899 1682/1910/1903 1683/1911/1900
f 1683/1911/1900 1680/562/510 988/564/512
f 1679/585/531 997/584/530 999/1912/1901
f 1681/1908/1897 999/1912/1901 1000/1913/1902
f 1682/1910/1903 1000/1935/1921 1001/1915/1904
f 1001/1915/1904 998/574/522 1680/562/510
f 993/721/649 1684/714/642 1686/1916/1905
f 996/1917/1906 1686/1916/1905 1687/1918/1907
f 995/1919/1909 1687/1918/1912 1688/1920/1910
f 1688/1920/1910 1685/1923/517 992/1922/519
f 1684/714/642 983/693/622 986/1893/1882
f 1686/1916/1905 986/1893/1882 985/1895/1884
f 1687/1918/1912 985/1895/1885 984/1897/1887
f 984/1897/1887 982/2120/509 1685/1923/517
f 1689/701/629 1691/1925/1914 1024/1924/1913
f 1691/1925/1914 1692/1927/1916 1023/1926/1915
f 1692/1927/1916 1693/1931/1918 1022/1928/1917
f 1693/1929/1918 1690/667/599 1020/581/528
f 1003/1206/1166 1013/1205/1165 1691/1925/1914
f 1013/1205/1165 1006/1209/1169 1692/1927/1916
f 1006/1209/1169 1005/1199/1159 1693/1931/1918
f 1005/1932/1159 1002/2094/1156 1690/667/599
f 997/584/530 1694/686/616 1696/1933/1919
f 999/1912/1901 1696/1933/1923 1697/1934/1920
f 1000/1935/1921 1697/1937/1924 1698/1936/1922
f 1001/1915/1904 1698/1936/1922 1695/572/520
f 1694/686/616 1021/699/627 1024/1924/1913
f 1696/1933/1923 1024/1924/1913 1023/1926/1915
f 1697/1937/1924 1023/2121/1915 1022/1930/1917
f 1022/1930/1917 1020/581/528 1695/572/520
f 1003/1206/1166 1699/700/628 1701/1938/1925
f 1011/1204/1164 1701/1938/1925 1702/1939/1926
f 1012/1207/1176 1702/1939/1928 1703/1940/1927
f 1017/1213/1172 1703/1940/1927 1700/1941/525
f 1699/700/628 993/721/649 996/1917/1906
f 1701/1938/1925 996/1917/1906 995/1919/1908
f 1702/1939/1928 995/1919/1909 994/1921/1911
f 1703/1940/1927 994/1921/1911 992/1922/519
f 1704/601/546 1706/1942/1929 964/1872/1861
f 1706/1942/1929 1707/1943/1934 965/1873/1930
f 1707/1943/1931 1708/1948/1936 966/1944/1932
f 966/1945/1932 1708/1949/1936 1705/696/624
f 1030/662/596 1032/1946/1933 1706/1942/1929
f 1032/1946/1933 1033/1947/1952 1707/1943/1934
f 1033/1947/1935 1034/1967/1954 1708/1948/1936
f 1708/1949/1936 1034/1969/1954 1031/590/536
f 1709/506/460 1711/1956/1938 1029/1950/1937
f 1711/1951/1938 1712/1954/1943 1028/1952/1939
f 1712/1954/1940 1713/1957/1944 1027/1955/1941
f 1027/1955/1941 1713/1957/1944 1710/586/532
f 953/508/462 956/1876/1865 1711/1956/1938
f 956/1879/1865 955/1878/1867 1712/1954/1943
f 955/1878/1870 954/1881/1869 1713/1957/1944
f 1713/1957/1944 954/1881/1869 952/548/497
f 1042/1228/1194 1714/677/608 1716/1958/1945
f 1053/1226/1192 1716/1958/1945 1717/1959/1946
f 1054/1219/1183 1717/1959/1946 1718/1960/1947
f 1044/1215/1179 1718/1960/1947 1715/652/589
f 1714/677/608 1035/679/610 1037/1961/1948
f 1716/1958/1945 1037/1961/1948 1038/1962/1949
f 1717/1959/1946 1038/1962/1949 1039/1963/1950
f 1718/1960/1947 1039/1963/1950 1036/1964/542
f 1719/678/609 1721/1965/1951 1032/1946/1933
f 1721/1965/1951 1722/1966/1956 1033/1947/1952
f 1722/1966/1953 1723/1970/1955 1034/1967/1954
f 1723/1968/1955 1720/598/544 1031/590/536
f 1042/1228/1194 1055/1227/1193 1721/1965/1951
f 1055/1227/1193 1049/1230/1196 1722/1966/1956
f 1049/1230/1957 1048/1224/1188 1723/1970/1955
f 1048/1971/1188 1041/2105/1185 1720/598/544
f 1724/680/611 1726/1977/1958 1037/1961/1948
f 1726/1972/1958 1727/1975/1960 1038/1973/1949
f 1727/1975/1959 1728/1978/1961 1039/1976/1950
f 1039/1976/1950 1728/1978/1961 1725/594/540
f 1026/708/636 1029/1950/1937 1726/1977/1958
f 1029/1953/1937 1028/1952/1939 1727/1975/1960
f 1028/1952/1942 1027/1955/1941 1728/1978/1961
f 1027/1955/1941 1025/588/534 1725/594/540
f 1729/676/607 1731/1980/1963 1082/1979/1962
f 1731/1980/1963 1732/1982/1965 1081/1981/1964
f 1732/1982/1965 1733/1984/1967 1080/1983/1966
f 1733/1984/1967 1730/718/646 1078/719/647
f 1063/623/565 1065/1985/1968 1731/1980/1963
f 1065/1985/1968 1066/1986/1969 1732/1982/1965
f 1066/1986/1969 1067/1987/1970 1733/1984/1967
f 1067/1987/1970 1064/717/645 1730/718/646
f 1084/617/559 1734/616/558 1736/1988/1971
f 1087/1989/1972 1736/1988/1971 1737/1990/1973
f 1086/1991/1974 1737/1990/1973 1738/1992/1975
f 1085/1993/1976 1738/1992/1975 1735/657/592
f 1734/616/558 1068/620/562 1070/1994/1977
f 1736/1988/1971 1070/1994/1977 1071/1995/1978
f 1737/1990/1973 1071/1995/1978 1072/1996/1979
f 1738/1992/1975 1072/1996/1979 1069/658/593
f 1059/613/555 1739/604/548 1741/1997/1980
f 1062/1998/1981 1741/1997/1980 1742/1999/1982
f 1061/2001/1983 1742/2005/1982 1743/2002/1984
f 1060/2004/1985 1743/2007/1984 1740/674/606
f 1739/604/548 1079/603/547 1082/1979/1962
f 1741/1997/1980 1082/1979/1962 1081/1981/1964
f 1742/2005/1982 1081/2122/1964 1080/2006/1966
f 1743/2007/1984 1080/1983/1966 1078/719/647
f 1744/618/560 1746/2009/1987 1077/2008/1986
f 1746/2009/1987 1747/2011/1989 1076/2010/1988
f 1747/2011/1989 1748/2013/1991 1075/2012/1990
f 1748/2013/1991 1745/695/623 1073/712/640
f 1084/617/559 1087/1989/1972 1746/2009/1987
f 1087/1989/1972 1086/1991/1974 1747/2011/1989
f 1086/1991/1974 1085/1993/1976 1748/2013/1991
f 1085/1993/1976 1083/660/595 1745/695/623
f 1749/609/552 1751/2015/1993 1092/2014/1992
f 1751/2015/1993 1752/2017/1995 1091/2016/1994
f 1752/2017/1995 1753/2019/1997 1090/2018/1996
f 1753/2019/1997 1750/626/568 1088/610/553
f 1074/659/594 1077/2008/1986 1751/2015/1993
f 1077/2008/1986 1076/2010/1988 1752/2017/1995
f 1076/2010/1988 1075/2012/1990 1753/2019/1997
f 1075/2012/1990 1073/712/640 1750/626/568
f 1754/624/566 1756/2020/1998 1065/1985/1968
f 1756/2020/1998 1757/2021/1999 1066/1986/1969
f 1757/2021/1999 1758/2022/2000 1067/1987/1970
f 1758/2022/2000 1755/606/550 1064/717/645
f 1093/629/570 1095/2023/2001 1756/2020/1998
f 1095/2023/2001 1096/2024/2002 1757/2021/1999
f 1096/2024/2002 1097/2025/2003 1758/2022/2000
f 1097/2025/2003 1094/672/604 1755/606/550
f 1759/630/571 1761/2026/2004 1095/2023/2001
f 1761/2026/2004 1762/2027/2005 1096/2024/2002
f 1762/2027/2005 1763/2028/2006 1097/2025/2003
f 1763/2028/2006 1760/713/641 1094/672/604
f 1103/634/574 1105/2029/2007 1761/2026/2004
f 1105/2029/2007 1106/2030/2008 1762/2027/2005
f 1106/2030/2008 1107/2031/2009 1763/2028/2006
f 1107/2031/2009 1104/710/638 1760/713/641
f 1764/625/567 1766/2033/2011 1102/2032/2010
f 1766/2033/2011 1767/2035/2013 1101/2034/2012
f 1767/2035/2013 1768/2037/2015 1100/2036/2014
f 1768/2037/2015 1765/612/554 1098/633/573
f 1089/689/618 1092/2014/1992 1766/2033/2011
f 1092/2014/1992 1091/2016/1994 1767/2035/2013
f 1091/2016/1994 1090/2018/1996 1768/2037/2015
f 1090/2018/1996 1088/610/553 1765/612/554
f 1126/716/644 1769/671/603 1771/2038/2016
f 1129/2039/2017 1771/2038/2016 1772/2040/2018
f 1128/2041/2019 1772/2040/2018 1773/2042/2020
f 1127/2043/2021 1773/2042/2020 1770/703/631
f 1769/671/603 1108/670/602 1111/1232/1199
f 1771/2038/2016 1111/1232/1199 1121/1236/1203
f 1772/2040/2018 1121/1236/1203 1120/1242/1211
f 1773/2042/2020 1120/1242/1211 1110/704/632
f 1774/636/576 1776/2044/2022 1105/2029/2007
f 1776/2044/2022 1777/2045/2023 1106/2030/2008
f 1777/2045/2023 1778/2046/2024 1107/2031/2009
f 1778/2046/2024 1775/690/619 1104/710/638
f 1126/716/644 1129/2039/2017 1776/2044/2022
f 1129/2039/2017 1128/2041/2019 1777/2045/2023
f 1128/2041/2019 1127/2043/2021 1778/2046/2024
f 1127/2043/2021 1125/705/633 1775/690/619
f 1779/631/572 1781/2047/2025 1115/1240/1207
f 1781/2047/2025 1782/2048/2026 1116/1245/1214
f 1782/2048/2026 1783/2049/2027 1122/1243/1212
f 1783/2049/2027 1780/702/630 1110/704/632
f 1099/715/643 1102/2032/2010 1781/2047/2025
f 1102/2032/2010 1101/2034/2012 1782/2048/2026
f 1101/2034/2012 1100/2036/2014 1783/2049/2027
f 1100/2036/2014 1098/633/573 1780/702/630
f 1068/620/562 1784/641/579 1786/2050/2028
f 1070/1994/1977 1786/2050/2028 1787/2051/2029
f 1071/1995/1978 1787/2051/2029 1788/2052/2030
f 1072/1996/1979 1788/2052/2030 1785/697/625
f 1784/641/579 1135/642/580 1137/2053/2031
f 1786/2050/2028 1137/2053/2031 1138/2054/2032
f 1787/2051/2029 1138/2054/2032 1139/2055/2033
f 1788/2052/2030 1139/2055/2033 1136/664/598
f 1131/643/581 1789/614/556 1791/2056/2034
f 1134/2057/2035 1791/2056/2034 1792/2058/2036
f 1133/2060/2037 1792/2064/2036 1793/2061/2038
f 1132/2063/2039 1793/2065/2038 1790/647/584
f 1789/614/556 1059/613/555 1062/1998/1981
f 1791/2056/2034 1062/1998/1981 1061/2000/1983
f 1792/2064/2036 1061/2001/1983 1060/2003/1985
f 1793/2065/2038 1060/2004/1985 1058/638/578
f 1794/656/591 1796/2066/2040 1148/1248/1218
f 1796/2066/2040 1797/2067/2041 1149/1258/1228
f 1797/2067/2041 1798/2068/2042 1155/1259/1224
f 1798/2068/2042 1795/2123/615 1146/2069/1225
f 1140/655/587 1142/2070/2043 1796/2066/2040
f 1142/2070/2043 1143/2071/2044 1797/2067/2041
f 1143/2071/2044 1144/2081/2045 1798/2068/2042
f 1144/2072/2045 1141/681/612 1795/684/615
f 1135/642/580 1799/648/585 1801/2074/2046
f 1137/2053/2031 1801/2074/2046 1802/2075/2047
f 1138/2054/2032 1802/2075/2047 1803/2076/2048
f 1139/2055/2033 1803/2076/2048 1800/683/614
f 1799/648/585 1147/649/586 1159/1263/1232
f 1801/2074/2046 1159/1263/1232 1154/1255/1226
f 1802/2075/2047 1154/1255/1226 1153/1252/1223
f 1803/2076/2048 1153/1252/1223 1146/1254/1225
f 1140/650/587 1804/644/582 1806/2077/2049
f 1142/2070/2043 1806/2082/2049 1807/2079/2050
f 1143/2071/2044 1807/2079/2050 1808/2080/2051
f 1144/2072/2045 1808/2083/2051 1805/682/613
f 1804/644/582 1131/643/581 1134/2057/2035
f 1806/2082/2049 1134/2124/2035 1133/2060/2037
f 1807/2079/2050 1133/2060/2037 1132/2062/2039
f 1808/2083/2051 1132/2063/2039 1130/646/583
f 1147/649/586 1809/599/545 1811/2084/2052
f 1158/1247/2053 1811/2089/2059 1810/706/634
f 1809/599/545 1041/2105/1185 1050/2086/2055
f 1811/2089/2059 1043/1216/2113 1040/707/635
f 1004/580/527 1812/579/526 1814/2090/2060
f 1814/2093/2064 1813/668/600 1002/2094/1156
f 1812/579/526 1109/637/577 1117/1239/1206
f 1117/2096/2066 1108/670/2114 1813/668/600
