# Blender 5.2.2 LTS
# www.blender.org
mtllib HoloEsq5.mtl
g Triángulo2AI_Holocron.005
v 2.950243 5.073085 3.832175
v 4.103758 5.051676 2.605577
v 3.393343 5.066538 3.457121
v 3.784250 5.059198 3.036494
v 4.388861 5.042787 2.096974
v 2.391699 5.079261 4.185871
v 2.946554 5.184691 3.826199
v 4.100069 5.163282 2.599601
v 3.389654 5.178144 3.451145
v 3.780565 5.170804 3.030518
v 4.385176 5.154391 2.090998
v 2.388010 5.190864 4.179895
v 2.178312 5.132848 4.056081
v 2.805918 5.126172 3.673619
v 3.249247 5.119630 3.298815
v 3.090879 5.131602 3.984755
v 2.601393 5.137275 4.309685
v 4.504740 5.102228 2.301813
v 4.244459 5.110195 2.758229
v 3.533751 5.125052 3.609451
v 2.039076 5.142585 4.613874
v 3.959364 5.104761 2.446948
v 4.269297 5.094947 1.886158
v 3.639933 5.112284 2.877946
v 4.731081 5.093481 1.800642
v 3.924883 5.117715 3.189065
v 4.939875 5.170539 0.471701
v 4.936098 5.233964 4.861169
v 0.529024 5.241148 4.855154
v 4.936838 4.997840 5.107418
v 4.935328 0.598973 5.184198
v 0.521093 5.005034 5.101387
v 5.175608 4.994226 4.868526
v 5.181761 4.923109 0.455954
v 5.176249 0.595660 4.945304
v 5.036566 3.961900 2.819714
v 5.047831 2.779058 4.018194
v 5.040854 3.603601 3.276496
v 5.044672 3.197804 3.682830
v 5.050688 2.281379 4.322085
v 5.031214 4.294540 2.248372
v 5.148222 3.957746 2.815138
v 5.159487 2.774903 4.013618
v 5.152510 3.599447 3.271920
v 5.156328 3.193651 3.678254
v 5.162344 2.277228 4.317510
v 5.142870 4.290387 2.243796
v 5.085127 4.157829 2.039437
v 5.091135 3.799017 2.680861
v 5.095423 3.440977 3.137863
v 5.093660 4.120629 2.953990
v 5.088961 4.427097 2.452730
v 5.107538 2.491416 4.429667
v 5.104921 2.937859 4.152534
v 5.097940 3.762069 3.410553
v 5.083593 4.710117 1.879465
v 5.102396 2.616099 3.879279
v 5.105494 2.067191 4.209929
v 5.099237 3.034932 3.543984
v 5.109858 1.998970 4.674567
v 5.101763 3.356523 3.817098
v 3.952429 2.907785 5.043259
v 2.760359 4.096420 5.001825
v 3.590120 3.361371 5.036968
v 3.181223 3.764339 5.022429
v 2.247412 4.396707 4.975477
v 4.290693 2.339742 5.039270
v 3.936937 2.896668 5.153448
v 2.744867 4.085305 5.112013
v 3.574633 3.350256 5.147156
v 3.165735 3.753222 5.132617
v 2.231920 4.385590 5.085665
v 4.275202 2.328627 5.149459
v 4.151701 2.127198 5.066743
v 3.786497 2.765004 5.072725
v 3.424444 3.218812 5.066473
v 4.102869 3.039448 5.123984
v 4.414194 2.541171 5.121984
v 2.463213 4.501966 5.055222
v 2.910875 4.228149 5.082560
v 3.740309 3.492814 5.117648
v 4.703127 1.970914 5.112770
v 2.594355 3.953577 5.031277
v 2.016119 4.280331 5.005919
v 3.015303 3.621565 5.051895
v 1.970213 4.743343 5.021009
v 3.331656 3.895994 5.103152
v 3.596918 5.062924 3.249979
v 3.176931 5.069936 3.651678
v 3.952723 5.055459 2.822266
v 4.242990 5.047670 2.376169
v 4.557039 5.036518 1.739310
v 2.705149 5.076065 4.002831
v 1.970274 5.083003 4.400310
v 3.593233 5.174529 3.244003
v 3.173243 5.181540 3.645702
v 3.949034 5.167064 2.816291
v 4.239305 5.159276 2.370193
v 4.553350 5.148120 1.733334
v 2.701460 5.187669 3.996855
v 1.966589 5.194607 4.394334
v 2.552134 5.129212 3.847809
v 3.032747 5.123025 3.493277
v 2.854475 5.134521 4.151877
v 4.380594 5.106304 2.535344
v 3.317427 5.128449 3.804102
v 1.482622 5.142889 4.631320
v 4.101702 5.100641 2.211017
v 3.452742 5.116014 3.091583
v 1.610304 5.137662 4.331826
v 4.737501 5.085224 1.331878
v 2.326559 5.139948 4.462819
v 4.620153 5.097921 2.055048
v 3.808340 5.108544 2.663648
v 4.490232 5.086717 1.417596
v 3.737410 5.121438 3.402398
v 4.093416 5.113977 2.974908
v 5.131021 4.718473 2.789638
v 2.852980 2.922694 5.091549
v 2.861887 5.185269 4.615580
v 3.463018 3.506958 3.419460
v 4.937986 5.202251 2.666434
v 2.732561 5.237556 4.858160
v 2.734449 5.205844 2.663427
v 4.936083 2.798408 5.145807
v 2.728968 5.001437 5.104403
v 2.728212 2.802003 5.142792
v 5.178682 4.958667 2.662240
v 5.175928 2.794944 4.906915
v 5.179003 2.759384 2.700628
v 5.082514 3.504559 3.425479
v 3.473749 5.115220 3.395082
v 3.468275 3.533316 5.034402
v 2.862280 5.157020 2.788364
v 4.696672 2.919806 5.095421
v 5.128508 2.913700 4.665311
v 4.697306 5.154140 2.792222
v 2.854872 4.759946 5.059481
v 5.131285 2.881521 2.821703
v 5.042837 3.404174 3.487661
v 5.038755 3.789970 3.052979
v 5.046335 2.989987 3.859177
v 5.049223 2.554975 4.165895
v 5.052378 1.930194 4.503499
v 5.034212 4.123310 2.568428
v 5.027201 4.493122 1.819251
v 5.154493 3.400022 3.483085
v 5.150412 3.785815 3.048402
v 5.157988 2.985832 3.854601
v 5.160875 2.550821 4.161321
v 5.164034 1.926039 4.498921
v 5.145868 4.119154 2.563852
v 5.138853 4.488967 1.814675
v 5.088694 3.963634 2.420760
v 5.093321 3.627245 2.914263
v 5.091383 4.278830 2.711520
v 5.106283 2.720182 4.296891
v 5.095842 3.948535 3.187119
v 5.078402 4.706766 1.322773
v 5.103819 2.385614 4.030324
v 5.097406 3.241460 3.348949
v 5.079718 4.412205 1.461547
v 5.110041 1.530701 4.698493
v 5.086336 4.569884 2.172379
v 5.108717 2.249095 4.554214
v 5.100897 2.827040 3.720270
v 5.107698 1.607137 4.448205
v 5.099924 3.562738 3.621796
v 5.103422 3.148779 3.993509
v 3.389025 3.570856 5.030589
v 3.778391 3.139485 5.041179
v 2.972227 3.939034 5.012865
v 2.533808 4.242448 4.989236
v 1.866030 4.575759 4.961012
v 4.116232 2.658041 5.043056
v 4.493769 1.912792 5.031009
v 3.373533 3.559739 5.140776
v 3.762903 3.128366 5.151368
v 2.956736 3.927918 5.123052
v 2.518316 4.231330 5.099423
v 1.850538 4.564642 5.071200
v 4.100740 2.646924 5.153243
v 4.478281 1.901675 5.141197
v 3.953604 2.506483 5.072262
v 3.612619 2.996841 5.070670
v 4.263365 2.798480 5.124038
v 2.692484 4.370867 5.069847
v 3.928675 3.271012 5.121877
v 4.706995 1.415466 5.075259
v 2.359644 4.102910 5.018812
v 3.223257 3.428216 5.060080
v 4.412199 1.552151 5.054280
v 1.420229 4.764869 5.001303
v 4.559847 2.262316 5.117927
v 2.220568 4.624773 5.038656
v 2.806234 3.796199 5.042321
v 1.496000 4.515630 4.993556
v 3.539301 3.702377 5.111285
v 3.122732 4.070754 5.093599
v 0.040209 5.241096 5.099917
v 3.108286 5.079949 4.004669
v 3.106630 5.076067 4.002930
v 3.108557 5.078483 4.004989
v 3.108335 5.077229 4.004771
v 3.107660 5.076381 4.004047
v 3.940619 5.062178 3.207222
v 3.942289 5.066062 3.208978
v 3.941652 5.062491 3.208347
v 3.942331 5.063340 3.209075
v 3.942556 5.064593 3.209297
v 2.793863 5.070106 3.661434
v 2.791975 5.074040 3.659302
v 2.792810 5.070390 3.660282
v 2.792086 5.071236 3.659473
v 2.791792 5.072517 3.659128
v 3.625994 5.060154 2.863629
v 3.627886 5.056219 2.865768
v 3.625811 5.058631 2.863456
v 3.626104 5.057348 2.863802
v 3.626837 5.056501 2.864613
v 3.551161 5.073394 3.629366
v 3.549505 5.069516 3.627627
v 3.551428 5.071927 3.629686
v 3.551207 5.070676 3.629468
v 3.550531 5.069829 3.628744
v 3.235304 5.067496 3.284497
v 3.237185 5.063563 3.286621
v 3.235121 5.065975 3.284323
v 3.235411 5.064693 3.284665
v 3.236139 5.063848 3.285472
v 3.945425 5.052637 2.432633
v 3.947348 5.048696 2.434805
v 3.945242 5.051113 2.432461
v 3.945543 5.049827 2.432814
v 3.946283 5.048978 2.433637
v 4.260160 5.054657 2.776347
v 4.261862 5.058555 2.778138
v 4.261209 5.054971 2.777486
v 4.261900 5.055824 2.778226
v 4.262129 5.057082 2.778455
v 4.255358 5.042829 1.871844
v 4.256823 5.038902 1.875007
v 4.255144 5.041303 1.871748
v 4.255346 5.040020 1.872315
v 4.255934 5.039176 1.873460
v 4.520899 5.046673 2.318942
v 4.522135 5.050611 2.321713
v 4.521772 5.046996 2.320460
v 4.522310 5.047857 2.321519
v 4.522440 5.049126 2.321959
v 4.730085 5.024949 0.853240
v 4.725042 5.021164 0.865963
v 4.728193 5.024919 0.852715
v 4.729418 5.023466 0.856116
v 4.728228 5.022226 0.859543
v 4.729166 5.023596 0.853895
v 4.728193 5.022363 0.856135
v 4.728041 5.022737 0.854647
v 4.724939 5.021411 0.862693
v 4.725504 5.022211 0.859029
v 4.726690 5.021418 0.863001
v 4.726755 5.021791 0.859106
v 4.727037 5.022357 0.855915
v 4.729586 5.025260 0.851347
v 4.726648 5.023442 0.855524
v 4.727865 5.023584 0.853614
v 4.728792 5.023666 0.852582
v 4.748468 5.041893 1.820530
v 4.745512 5.037994 1.821809
v 4.748644 5.040403 1.821088
v 4.748144 5.039137 1.821527
v 4.747046 5.038293 1.821779
v 2.618799 5.085633 4.329594
v 2.616064 5.081750 4.328516
v 2.618986 5.084163 4.329965
v 2.618532 5.082908 4.329891
v 2.617506 5.082061 4.329382
v 2.167414 5.076772 4.043281
v 2.164373 5.080718 4.041764
v 2.165922 5.077056 4.042364
v 2.164820 5.077909 4.041755
v 2.164278 5.079194 4.041544
v 2.057070 5.087029 4.631003
v 2.056471 5.090968 4.633774
v 2.057238 5.087352 4.632520
v 2.057184 5.088214 4.633580
v 2.056917 5.089482 4.634020
v 0.916632 5.091079 4.634458
v 0.916117 5.091033 4.632644
v 0.929983 5.086995 4.629122
v 0.915304 5.091299 4.634379
v 0.919653 5.089539 4.633718
v 0.917398 5.089687 4.633514
v 0.916063 5.089767 4.633173
v 0.918215 5.088807 4.632371
v 0.919065 5.089482 4.631011
v 0.922731 5.088172 4.629768
v 0.915026 5.091275 4.633397
v 0.917120 5.089662 4.632244
v 0.919531 5.088395 4.631352
v 0.926878 5.087331 4.630830
v 0.923254 5.088223 4.632444
v 0.926569 5.087298 4.629105
v 0.922846 5.087771 4.630990
v 0.919756 5.088416 4.632486
v 3.069235 5.187030 3.960148
v 3.073469 5.183264 3.964840
v 3.070459 5.186761 3.961492
v 3.071695 5.185950 3.962856
v 3.072752 5.184722 3.964031
v 3.907473 5.169374 3.169151
v 3.903223 5.173141 3.164441
v 3.906755 5.170832 3.168340
v 3.905695 5.172061 3.167161
v 3.904451 5.172871 3.165792
v 2.819857 5.178307 3.687937
v 2.823885 5.182352 3.692265
v 2.820490 5.179838 3.688602
v 2.821478 5.181145 3.689658
v 2.822672 5.182027 3.690945
v 3.657907 5.168466 2.896597
v 3.653875 5.164419 2.892264
v 3.656691 5.168142 2.895275
v 3.655500 5.167257 2.893987
v 3.654509 5.165950 2.892930
v 3.512106 5.180479 3.584846
v 3.516340 5.176715 3.589534
v 3.513334 5.180211 3.586189
v 3.514566 5.179400 3.587551
v 3.515623 5.178173 3.588726
v 3.267206 5.175812 3.317451
v 3.263189 5.171766 3.313133
v 3.265997 5.175487 3.316134
v 3.264807 5.174604 3.314851
v 3.263823 5.173298 3.313797
v 3.977373 5.160944 2.465634
v 3.973307 5.156889 2.461264
v 3.976145 5.160617 2.464299
v 3.974939 5.159732 2.462999
v 3.973944 5.158424 2.461933
v 4.227057 5.161840 2.738319
v 4.222765 5.165620 2.733564
v 4.226332 5.163305 2.737504
v 4.225264 5.164537 2.736314
v 4.224009 5.165350 2.734931
v 4.286715 5.151151 1.906092
v 4.283236 5.147070 1.900472
v 4.285711 5.150817 1.904278
v 4.284700 5.149923 1.902573
v 4.283831 5.148609 1.901237
v 4.487341 5.153854 2.281911
v 4.483637 5.157632 2.275907
v 4.486662 5.155324 2.280999
v 4.485716 5.156559 2.279537
v 4.484655 5.157368 2.277749
v 4.757627 5.129145 0.881827
v 4.756071 5.129156 0.881342
v 4.753553 5.133471 0.900050
v 4.757647 5.129378 0.880510
v 4.757524 5.130750 0.885946
v 4.757437 5.130772 0.883683
v 4.757193 5.130769 0.882311
v 4.756723 5.131584 0.885206
v 4.755091 5.130752 0.885539
v 4.754271 5.132136 0.890568
v 4.756300 5.130774 0.883486
v 4.755861 5.131929 0.886923
v 4.755320 5.133090 0.895809
v 4.756716 5.132135 0.890857
v 4.753729 5.133090 0.895664
v 4.755560 5.132566 0.891017
v 4.756899 5.131929 0.887048
v 4.708128 5.148959 1.779080
v 4.713694 5.145080 1.780750
v 4.709856 5.148663 1.779260
v 4.711519 5.147823 1.779641
v 4.712870 5.146565 1.780164
v 2.578394 5.192716 4.285900
v 2.583986 5.188924 4.289773
v 2.580141 5.192440 4.286929
v 2.581816 5.191622 4.288027
v 2.583166 5.190387 4.289026
v 2.192255 5.184978 4.070398
v 2.197729 5.189014 4.073949
v 2.192999 5.186509 4.071005
v 2.194300 5.187815 4.071893
v 2.195963 5.188693 4.072927
v 2.021677 5.194213 4.593971
v 2.019655 5.197993 4.588264
v 2.021124 5.195682 4.593080
v 2.020548 5.196916 4.591684
v 2.020033 5.197728 4.589992
v 0.944475 5.195308 4.662785
v 0.963179 5.199217 4.658446
v 0.944002 5.195292 4.661277
v 0.948740 5.196828 4.662625
v 0.953791 5.198107 4.661744
v 0.946424 5.196872 4.662574
v 0.949884 5.197968 4.661991
v 0.947996 5.197643 4.661843
v 0.958708 5.198921 4.658688
v 0.953493 5.198068 4.659312
v 0.958864 5.198945 4.660276
v 0.953951 5.198512 4.660594
v 0.949759 5.197951 4.660962
v 0.942900 5.195516 4.662002
v 0.948328 5.196794 4.660221
v 0.946226 5.196856 4.661450
v 0.945024 5.196881 4.662354
v 4.696981 5.225821 4.614419
v 4.692720 5.225884 4.618669
v 4.701494 5.230210 4.623177
v 4.696657 5.225844 4.616048
v 4.695734 5.225867 4.617428
v 4.697325 5.227477 4.616343
v 4.697004 5.227436 4.617365
v 4.697012 5.228333 4.618680
v 4.694643 5.227517 4.618993
v 4.696985 5.228915 4.619963
v 4.694349 5.225880 4.618347
v 4.695677 5.227455 4.618677
v 4.698305 5.228893 4.618683
v 4.699392 5.229859 4.621431
v 4.698366 5.229365 4.620035
v 4.694696 1.087571 5.170904
v 4.691679 1.086323 5.170918
v 4.699305 1.074085 5.175409
v 4.694464 1.086169 5.170927
v 4.695044 1.084664 5.172584
v 4.695234 1.082567 5.173443
v 4.692831 1.085494 5.170935
v 4.694361 1.083628 5.172543
v 4.696024 1.081066 5.174006
v 4.698290 1.076885 5.175033
v 4.696692 1.079623 5.174512
v 4.697775 5.176948 0.981007
v 4.702253 5.180967 0.968246
v 4.694704 5.176996 0.979676
v 4.698114 5.178535 0.978167
v 4.698301 5.179410 0.976362
v 4.701326 5.180709 0.970976
v 4.699736 5.180291 0.973551
v 4.696875 5.177303 0.978885
v 4.697237 5.178562 0.977162
v 1.031191 5.231631 4.610972
v 1.029959 5.231593 4.607966
v 1.017424 5.235999 4.615556
v 1.029791 5.231631 4.610741
v 1.028234 5.233274 4.611295
v 1.026114 5.234101 4.611478
v 1.027094 5.233263 4.610415
v 1.023706 5.234687 4.612717
v 1.029123 5.231612 4.609114
v 1.020784 5.235636 4.613775
v 5.177286 4.686376 0.950355
v 5.177290 4.683347 0.949164
v 5.181559 4.690828 0.936733
v 5.177290 4.686122 0.948958
v 5.178923 4.686682 0.947442
v 5.178923 4.685826 0.946237
v 5.177290 4.684482 0.948315
v 5.181234 4.689874 0.939509
v 5.180723 4.688262 0.942299
v 5.180124 4.687156 0.944748
v 4.698473 4.753558 5.106919
v 4.703016 4.762472 5.111035
v 4.694216 4.757825 5.106837
v 4.698816 4.755527 5.108516
v 4.699800 4.757911 5.109859
v 4.698149 4.755189 5.106890
v 4.698503 4.757905 5.109293
v 4.698477 4.759213 5.109834
v 4.701277 4.760351 5.110743
v 4.699862 4.759293 5.110287
v 4.695845 4.757499 5.106845
v 4.697229 4.756572 5.106863
v 4.696135 4.758198 5.108464
v 4.697924 4.757304 5.108385
v 1.015345 4.763587 5.099107
v 1.001696 4.768289 5.103319
v 1.014097 4.760583 5.099158
v 1.013945 4.763359 5.099108
v 1.010279 4.764178 5.101548
v 1.007914 4.765416 5.102091
v 1.004988 4.766514 5.103010
v 1.013269 4.761735 5.099135
v 1.011690 4.763465 5.100640
v 5.171747 4.750586 4.629051
v 5.175997 4.755315 4.637813
v 5.171743 4.746400 4.633386
v 5.173376 4.750968 4.630978
v 5.174753 4.752001 4.633320
v 5.171747 4.750289 4.630687
v 5.173319 4.750668 4.632017
v 5.174192 4.750701 4.633354
v 5.175676 4.753161 4.636099
v 5.174753 4.750712 4.634656
v 5.175207 4.752091 4.634700
v 5.171743 4.748025 4.633033
v 5.171747 4.749391 4.632086
v 5.173372 4.748337 4.633703
v 5.173315 4.749366 4.633366
v 5.172262 1.081016 4.697367
v 5.176519 1.067588 4.702173
v 5.172266 1.079712 4.694372
v 5.173895 1.078068 4.697767
v 5.172262 1.079612 4.697161
v 5.175093 1.075416 4.698312
v 5.176195 1.070799 4.700366
v 5.175726 1.073064 4.699486
v 5.172266 1.078904 4.695541
v 5.173895 1.076939 4.696888
v 0.040606 5.246300 5.094761
v 0.038080 5.242867 5.096009
v 0.039537 5.246036 5.094255
v 0.038683 5.245288 5.094314
v 0.040583 5.245982 5.096548
v 0.038652 5.245580 5.096331
v 0.037397 5.244971 5.096309
v 0.038157 5.241842 5.097351
v 0.038645 5.241277 5.098480
v 0.038172 5.244176 5.094930
v 0.037489 5.243621 5.096728
v 0.037378 5.243253 5.098093
v 0.040529 5.243530 5.099090
v 0.040556 5.245008 5.098069
v 0.039469 5.241252 5.099219
v 0.038618 5.243299 5.098698
v 0.038202 5.244843 5.097908
v 5.181963 5.155382 -0.024808
v 5.178476 5.156557 -0.027182
v 5.177458 5.160113 -0.024769
v 5.181700 5.154863 -0.025795
v 5.180941 5.154904 -0.026593
v 5.181616 5.157175 -0.024808
v 5.181215 5.156930 -0.026684
v 5.180605 5.156882 -0.027904
v 5.180052 5.158073 -0.027875
v 5.177481 5.157891 -0.027165
v 5.176935 5.159035 -0.026701
v 5.179811 5.155498 -0.027080
v 5.179255 5.157284 -0.027812
v 5.178888 5.158651 -0.027949
v 5.179178 5.159736 -0.024787
v 5.180639 5.158704 -0.024801
v 5.176928 5.159815 -0.025859
v 5.178942 5.159293 -0.026711
v 5.170710 5.237718 5.099165
v 5.170664 5.233212 5.103803
v 5.175219 5.233140 5.099243
v 5.170698 5.237399 5.100917
v 5.170687 5.236431 5.102413
v 5.172434 5.237370 5.099173
v 5.172365 5.236890 5.100867
v 5.172316 5.236234 5.102227
v 5.173292 5.235816 5.101826
v 5.172403 5.233209 5.103461
v 5.173883 5.233193 5.102473
v 5.170675 5.234962 5.103428
v 5.172354 5.234891 5.102927
v 5.173693 5.234838 5.102251
v 5.174875 5.234893 5.099216
v 5.173899 5.236379 5.099191
v 5.174871 5.233169 5.100992
v 5.174372 5.234858 5.100902
v 5.173700 5.236211 5.100836
v 5.171350 0.123870 5.192986
v 5.172499 0.121446 5.189558
v 5.175978 0.123760 5.188421
v 5.170839 0.122844 5.192741
v 5.170874 0.122023 5.192005
v 5.173120 0.123856 5.192642
v 5.172895 0.121969 5.192272
v 5.172857 0.120744 5.191684
v 5.174036 0.120779 5.191120
v 5.173830 0.121481 5.188535
v 5.174959 0.121931 5.187959
v 5.171457 0.121532 5.190885
v 5.173246 0.120833 5.190326
v 5.174608 0.120703 5.189949
v 5.175627 0.123797 5.190170
v 5.174620 0.123831 5.191654
v 5.175714 0.122732 5.187918
v 5.175222 0.121916 5.189973
v 4.697634 5.074972 0.957778
v 4.694571 5.074892 0.956429
v 4.693361 5.070803 0.962683
v 4.697397 5.075200 0.956389
v 4.697306 5.073362 0.958915
v 4.696947 5.073497 0.957136
v 4.696421 5.073570 0.956009
v 4.695921 5.072571 0.956986
v 4.693754 5.073301 0.957334
v 4.693235 5.071967 0.958840
v 4.695742 5.075155 0.955659
v 4.695261 5.073467 0.956386
v 4.694918 5.072150 0.957392
v 4.694994 5.071106 0.961570
v 4.696379 5.072005 0.960247
v 4.693098 5.071090 0.960718
v 4.694891 5.071531 0.959223
v 4.696260 5.072170 0.957992
v 4.696840 5.138826 4.615938
v 4.692572 5.134571 4.616001
v 4.692579 5.138906 4.620188
v 4.696512 5.137196 4.615965
v 4.695589 5.135816 4.615987
v 4.696516 5.138854 4.617568
v 4.696123 5.137185 4.617636
v 4.695372 5.136060 4.617569
v 4.692572 5.134924 4.617626
v 4.692575 5.135873 4.618993
v 4.694204 5.134894 4.615999
v 4.694246 5.135314 4.617663
v 4.694162 5.136083 4.618775
v 4.694208 5.138899 4.619866
v 4.695593 5.138881 4.618947
v 4.692575 5.137269 4.619892
v 4.694246 5.137221 4.619505
v 4.695375 5.137290 4.618757
v 1.031050 5.144653 4.612491
v 1.037069 5.140310 4.608317
v 1.029810 5.144605 4.609474
v 1.032431 5.143018 4.612198
v 1.034056 5.141615 4.611301
v 1.029650 5.144653 4.612259
v 1.030737 5.143070 4.611838
v 1.031874 5.141798 4.611189
v 1.030828 5.142176 4.610859
v 1.034941 5.140635 4.608132
v 1.032812 5.141566 4.608287
v 1.035685 5.140666 4.609939
v 1.033285 5.141139 4.609863
v 1.031343 5.141776 4.609901
v 1.028978 5.144625 4.610626
v 1.031012 5.142959 4.608758
v 1.030062 5.143044 4.610205
v 1.029657 5.143104 4.611326
v 4.698652 4.752040 5.019940
v 4.694395 4.756307 5.019857
v 4.694399 4.751973 5.015671
v 4.698328 4.753671 5.019911
v 4.697405 4.755055 5.019884
v 4.698332 4.752011 5.018309
v 4.697943 4.753684 5.018238
v 4.697191 4.754810 5.018301
v 4.694399 4.755954 5.018233
v 4.694399 4.755006 5.016866
v 4.696028 4.755980 5.019865
v 4.696070 4.755560 5.018201
v 4.695986 4.754790 5.017090
v 4.696028 4.751975 5.015999
v 4.697409 4.751989 5.016925
v 4.694399 4.753610 5.015967
v 4.696070 4.753654 5.016362
v 4.697195 4.753580 5.017114
v 4.694876 1.086054 5.083925
v 4.690630 1.091987 5.079551
v 4.691858 1.084803 5.083940
v 4.694365 1.086941 5.082277
v 4.693380 1.088382 5.080869
v 4.694834 1.084193 5.083957
v 4.694269 1.085110 5.082269
v 4.693457 1.086394 5.081119
v 4.693342 1.085458 5.081472
v 4.690912 1.089675 5.079916
v 4.691244 1.087497 5.080879
v 4.692068 1.090153 5.079910
v 4.692400 1.087720 5.080345
v 4.693201 1.083516 5.083967
v 4.694246 1.083301 5.083971
v 4.691576 1.085789 5.082291
v 4.692942 1.084562 5.082275
v 1.015524 4.762069 5.012130
v 1.014277 4.759065 5.012181
v 1.021582 4.757726 5.007957
v 1.014124 4.761842 5.012131
v 1.016916 4.761714 5.010509
v 1.015219 4.761363 5.010569
v 1.014139 4.760858 5.010615
v 1.015318 4.760353 5.009709
v 1.015493 4.758285 5.010565
v 1.017305 4.757755 5.009196
v 1.013449 4.760217 5.012158
v 1.014544 4.759735 5.010596
v 1.015833 4.759379 5.009344
v 1.020193 4.759362 5.008251
v 1.018557 4.760763 5.009147
v 1.019445 4.757558 5.008280
v 1.017786 4.759313 5.008717
v 1.016367 4.760665 5.009323
v 5.090296 4.686361 0.950224
v 5.086027 4.682206 0.956343
v 5.090300 4.683334 0.949035
v 5.088663 4.686060 0.951615
v 5.087278 4.685166 0.953267
v 5.088724 4.685676 0.949926
v 5.087461 4.685023 0.951079
v 5.087847 4.684682 0.950041
v 5.086355 4.681993 0.954211
v 5.087282 4.682133 0.952075
v 5.086351 4.683813 0.954927
v 5.086828 4.683707 0.952521
v 5.087465 4.683727 0.950571
v 5.090300 4.685442 0.948111
v 5.088667 4.682603 0.950256
v 5.088724 4.684036 0.949280
v 5.088766 4.685150 0.948855
v 5.084757 4.750572 4.628921
v 5.084749 4.746386 4.633255
v 5.080496 4.746311 4.628990
v 5.084757 4.750276 4.630556
v 5.084753 4.749375 4.631956
v 5.083128 4.750247 4.628924
v 5.083082 4.749884 4.630603
v 5.083166 4.749156 4.631741
v 5.083120 4.746380 4.632929
v 5.081743 4.746364 4.632004
v 5.084753 4.748011 4.632902
v 5.083082 4.748044 4.632509
v 5.081957 4.747947 4.631760
v 5.080820 4.747942 4.628962
v 5.081743 4.749322 4.628939
v 5.080820 4.746339 4.630620
v 5.081209 4.748012 4.630632
v 5.081961 4.749135 4.630529
v 5.085272 1.081002 4.697235
v 5.085276 1.079696 4.694239
v 5.081018 1.086926 4.692865
v 5.085272 1.079142 4.697229
v 5.085272 1.078241 4.696657
v 5.083643 1.081908 4.696701
v 5.083685 1.079312 4.696187
v 5.082811 1.080419 4.695703
v 5.083647 1.080702 4.693935
v 5.082262 1.082429 4.693565
v 5.085272 1.078436 4.695606
v 5.082479 1.080992 4.694946
v 5.081339 1.085115 4.694337
v 5.082262 1.083351 4.695684
v 5.081339 1.084615 4.693189
v 5.081728 1.082681 4.694715
v 5.041819 4.140272 2.971160
v 5.037954 4.138406 2.969610
v 5.040350 4.140576 2.971432
v 5.039099 4.140328 2.971233
v 5.038256 4.139566 2.970593
v 5.046057 3.374280 3.832703
v 5.049925 3.376166 3.834268
v 5.046362 3.375448 3.833692
v 5.047201 3.376216 3.834336
v 5.048456 3.376468 3.834539
v 5.035185 3.785412 2.669829
v 5.039137 3.783280 2.667981
v 5.035475 3.784227 2.668820
v 5.036329 3.783405 2.668114
v 5.037615 3.783073 2.667820
v 5.047243 3.019193 3.531105
v 5.043287 3.021331 3.532958
v 5.045721 3.018986 3.530944
v 5.044436 3.019321 3.531240
v 5.043581 3.020145 3.531947
v 5.046099 3.781715 3.427724
v 5.042238 3.779849 3.426174
v 5.044630 3.782019 3.427996
v 5.043379 3.781770 3.427796
v 5.042540 3.781009 3.427157
v 5.043425 3.425238 3.124983
v 5.039473 3.427361 3.126824
v 5.041903 3.425031 3.124821
v 5.040617 3.425360 3.125114
v 5.039766 3.426179 3.125818
v 5.050406 2.600363 3.866401
v 5.046446 2.602536 3.868284
v 5.048883 2.600158 3.866242
v 5.047594 2.600498 3.866543
v 5.046740 2.601333 3.867260
v 5.049215 2.955576 4.168104
v 5.053099 2.957497 4.169699
v 5.049520 2.956758 4.169105
v 5.050364 2.957540 4.169761
v 5.051622 2.957799 4.169969
v 5.053511 2.051458 4.197053
v 5.049540 2.054602 4.198438
v 5.051985 2.051327 4.196856
v 5.050692 2.051878 4.197049
v 5.049833 2.053027 4.197605
v 5.051836 2.508160 4.445737
v 5.055735 2.511043 4.446826
v 5.052141 2.509714 4.446547
v 5.052988 2.510809 4.447038
v 5.054251 2.511276 4.447137
v 5.058260 1.051140 4.709479
v 5.054205 1.063596 4.704006
v 5.058222 1.050544 4.707608
v 5.056719 1.053961 4.708721
v 5.055410 1.057319 4.707415
v 5.056887 1.051736 4.708552
v 5.055609 1.053914 4.707506
v 5.056009 1.052429 4.707404
v 5.054506 1.060331 4.704024
v 5.055380 1.056702 4.704716
v 5.054525 1.060703 4.705759
v 5.054968 1.056820 4.705966
v 5.055593 1.053653 4.706363
v 5.058603 1.049235 4.709049
v 5.056681 1.053265 4.705973
v 5.056871 1.051406 4.707261
v 5.056978 1.050411 4.708225
v 5.058084 2.018587 4.691715
v 5.054140 2.019685 4.688753
v 5.056589 2.019124 4.691887
v 5.055311 2.019522 4.691384
v 5.054453 2.019718 4.690284
v 5.037134 4.446735 2.469896
v 5.033247 4.445487 2.467245
v 5.035658 4.447088 2.470085
v 5.034403 4.446975 2.469648
v 5.033552 4.446412 2.468650
v 5.029184 4.143651 2.029580
v 5.033129 4.142091 2.026558
v 5.029474 4.142684 2.028121
v 5.030325 4.142050 2.027035
v 5.031610 4.141840 2.026486
v 5.027910 4.726929 1.897363
v 5.031794 4.729745 1.896622
v 5.028208 4.728458 1.897473
v 5.029051 4.729530 1.897371
v 5.030310 4.729982 1.897073
v 5.021273 4.687855 0.757603
v 5.021254 4.686023 0.757157
v 5.017412 4.682951 0.771182
v 5.021482 4.687730 0.756276
v 5.019773 4.687202 0.760666
v 5.019907 4.686916 0.758419
v 5.019979 4.686529 0.757095
v 5.019056 4.685791 0.759287
v 5.019762 4.684474 0.760180
v 5.018507 4.683347 0.763905
v 5.021471 4.686738 0.756035
v 5.019899 4.685638 0.758187
v 5.018671 4.684814 0.760645
v 5.017683 4.684548 0.768015
v 5.018515 4.686040 0.764322
v 5.017679 4.682811 0.767769
v 5.018087 4.684563 0.763975
v 5.018675 4.685955 0.760823
v 5.149309 4.096204 2.932724
v 5.145498 4.100986 2.936820
v 5.149027 4.097589 2.933902
v 5.148203 4.098982 2.935094
v 5.146967 4.100175 2.936118
v 5.153601 3.336881 3.799928
v 5.157415 3.332082 3.795817
v 5.155069 3.336070 3.799226
v 5.156309 3.334872 3.798198
v 5.157129 3.333473 3.797001
v 5.143129 3.814758 2.693741
v 5.147135 3.819303 2.697565
v 5.144655 3.815473 2.694334
v 5.145952 3.816589 2.695269
v 5.146822 3.817932 2.696404
v 5.155241 3.055222 3.560692
v 5.151232 3.050670 3.556864
v 5.154928 3.053849 3.559529
v 5.154055 3.052504 3.558394
v 5.152758 3.051387 3.557458
v 5.153593 3.737649 3.389288
v 5.149786 3.742426 3.393381
v 5.153311 3.739031 3.390466
v 5.152491 3.740425 3.391656
v 5.151251 3.741617 3.392680
v 5.151423 3.461253 3.154558
v 5.147421 3.456717 3.150743
v 5.151110 3.459886 3.153400
v 5.150240 3.458545 3.152269
v 5.148943 3.457431 3.151336
v 5.158400 2.636427 3.896017
v 5.154387 2.631837 3.892156
v 5.158087 2.635041 3.894842
v 5.157213 2.633682 3.893696
v 5.155912 2.632556 3.892753
v 5.156748 2.918222 4.135367
v 5.160574 2.913376 4.131217
v 5.158220 2.917406 4.134662
v 5.159464 2.916198 4.133624
v 5.160288 2.914782 4.132414
v 5.161493 2.088743 4.226032
v 5.157480 2.082927 4.222806
v 5.161180 2.086888 4.225101
v 5.160307 2.085131 4.224160
v 5.159010 2.083740 4.223353
v 5.159346 2.471783 4.412509
v 5.163195 2.465711 4.408991
v 5.160826 2.470872 4.411847
v 5.162077 2.469399 4.410948
v 5.162909 2.467586 4.409945
v 5.162184 1.082556 4.734898
v 5.162184 1.082011 4.733361
v 5.166143 1.100685 4.730107
v 5.163713 1.086695 4.734627
v 5.163774 1.084430 4.734622
v 5.163794 1.083051 4.734426
v 5.164549 1.085939 4.733842
v 5.163698 1.086196 4.732210
v 5.164984 1.091213 4.731190
v 5.162439 1.080951 4.734132
v 5.163767 1.084191 4.733492
v 5.164858 1.087630 4.732918
v 5.165857 1.096507 4.732033
v 5.165003 1.091595 4.733619
v 5.165842 1.096302 4.730449
v 5.165419 1.091719 4.732456
v 5.164865 1.087794 4.733947
v 5.165495 1.977541 4.651877
v 5.161638 1.979349 4.657414
v 5.165213 1.977781 4.653601
v 5.164381 1.978208 4.655259
v 5.163126 1.978760 4.656599
v 5.144602 4.403445 2.430079
v 5.140791 4.407458 2.435564
v 5.144320 4.404535 2.431787
v 5.143499 4.405679 2.433430
v 5.142260 4.406705 2.434755
v 5.137121 4.173568 2.052317
v 5.141142 4.177391 2.057615
v 5.138647 4.174229 2.053022
v 5.139948 4.175188 2.054277
v 5.140825 4.176298 2.055890
v 5.135405 4.690485 1.862305
v 5.139269 4.684773 1.860459
v 5.136885 4.689601 1.861772
v 5.138140 4.688205 1.861234
v 5.138975 4.686511 1.860773
v 5.125235 4.719024 0.783334
v 5.129396 4.715456 0.802146
v 5.125242 4.717499 0.782915
v 5.126799 4.719051 0.787584
v 5.128138 4.718383 0.792651
v 5.126822 4.718914 0.785273
v 5.127958 4.718481 0.788742
v 5.127619 4.718256 0.786862
v 5.129049 4.715527 0.797671
v 5.128141 4.715939 0.792445
v 5.129049 4.717120 0.797765
v 5.128565 4.717242 0.792851
v 5.127958 4.717447 0.788651
v 5.125441 4.718187 0.781786
v 5.126802 4.716632 0.787263
v 5.126825 4.717782 0.785117
v 5.126818 4.718642 0.783882
v 4.127501 3.059737 5.075511
v 4.126055 3.058404 5.071390
v 4.127951 3.060096 5.074097
v 4.127832 3.059968 5.072818
v 4.127169 3.059374 5.071867
v 3.354826 3.914933 5.050556
v 3.356287 3.916281 5.054684
v 3.355944 3.915910 5.051034
v 3.356615 3.916509 5.051986
v 3.356733 3.916640 5.053269
v 3.778818 2.757182 5.015131
v 3.776312 2.755090 5.018729
v 3.777620 2.756148 5.015241
v 3.776724 2.755389 5.015964
v 3.776262 2.755017 5.017189
v 3.005114 3.611651 4.997903
v 3.007639 3.613757 4.994304
v 3.005068 3.611578 4.996362
v 3.005533 3.611954 4.995137
v 3.006433 3.612718 4.994415
v 3.764940 3.513103 5.069176
v 3.763498 3.511771 5.065058
v 3.765390 3.513461 5.067763
v 3.765276 3.513334 5.066483
v 3.764612 3.512741 5.065533
v 3.414259 3.208898 5.012478
v 3.416761 3.210983 5.008879
v 3.414209 3.208823 5.010937
v 3.414671 3.209194 5.009713
v 3.415564 3.209952 5.008991
v 2.584169 3.943664 4.977289
v 2.586737 3.945807 4.973695
v 2.584127 3.943594 4.975747
v 2.584597 3.943977 4.974523
v 2.585516 3.944755 4.973802
v 2.934004 4.247052 5.029958
v 2.935495 4.248427 5.034109
v 2.935137 4.248042 5.030439
v 2.935820 4.248651 5.031397
v 2.935946 4.248788 5.032686
v 2.005934 4.270417 4.951932
v 2.009676 4.272030 4.948310
v 2.005980 4.270308 4.950388
v 2.006708 4.270574 4.949157
v 2.008005 4.271180 4.948428
v 2.485231 4.521428 5.002652
v 2.487822 4.522233 5.006798
v 2.486788 4.522202 5.003123
v 2.487829 4.522628 5.004076
v 2.488192 4.522639 5.005367
v 0.864405 4.776425 4.927696
v 0.879591 4.771279 4.924073
v 0.863993 4.774780 4.927685
v 0.867838 4.775783 4.926278
v 0.871927 4.774580 4.925093
v 0.865519 4.775607 4.926339
v 0.868235 4.774658 4.925148
v 0.866594 4.774541 4.925479
v 0.875914 4.771289 4.924234
v 0.871660 4.771961 4.924977
v 0.876055 4.772998 4.924318
v 0.871725 4.773181 4.924600
v 0.868120 4.773549 4.925100
v 0.862856 4.775465 4.927863
v 0.867472 4.773185 4.926188
v 0.865343 4.774391 4.926298
v 0.864157 4.775294 4.926367
v 1.994802 4.763593 4.972625
v 1.996328 4.760884 4.969212
v 1.995493 4.763859 4.971237
v 1.996023 4.763437 4.970102
v 1.996317 4.762393 4.969391
v 4.438822 2.561456 5.073526
v 4.438009 2.559028 5.069382
v 4.439318 2.561732 5.072104
v 4.439341 2.561367 5.070820
v 4.438879 2.560417 5.069863
v 4.143435 2.120545 5.009169
v 4.141516 2.117285 5.012751
v 4.142462 2.119065 5.009272
v 4.141756 2.117924 5.009990
v 4.141420 2.117298 5.011212
v 4.725328 1.992134 5.060232
v 4.727739 1.991186 5.064335
v 4.726816 1.992237 5.060691
v 4.727797 1.992092 5.061631
v 4.728121 1.991723 5.062910
v 4.700792 0.854495 4.984086
v 4.698977 0.854040 4.983853
v 4.696146 0.868255 4.980529
v 4.700274 0.852603 4.984202
v 4.700258 0.857640 4.982707
v 4.699987 0.855387 4.982680
v 4.699610 0.854058 4.982635
v 4.698946 0.856294 4.981767
v 4.697554 0.857135 4.982384
v 4.696516 0.860920 4.981239
v 4.698721 0.855146 4.982528
v 4.697996 0.857665 4.981365
v 4.697744 0.865086 4.980781
v 4.699190 0.861358 4.981548
v 4.696020 0.864826 4.980585
v 4.697767 0.861026 4.980951
v 4.699129 0.857854 4.981496
v 4.073137 3.014819 5.175515
v 4.078238 3.019160 5.172457
v 4.074530 3.016020 5.175445
v 4.075987 3.017266 5.174839
v 4.077288 3.018371 5.173790
v 3.307028 3.875711 5.151621
v 3.301908 3.871352 5.154681
v 3.306078 3.874918 5.152955
v 3.304773 3.873811 5.154005
v 3.303308 3.872559 5.154611
v 3.796682 2.774918 5.126721
v 3.800753 2.778532 5.131385
v 3.797232 2.775425 5.128341
v 3.798197 2.776292 5.129797
v 3.799433 2.777382 5.130865
v 3.029570 3.635105 5.110557
v 3.025488 3.631481 5.105890
v 3.028246 3.633951 5.110039
v 3.027006 3.632857 5.108969
v 3.026037 3.631989 5.107512
v 3.710581 3.468188 5.169182
v 3.715677 3.472528 5.166126
v 3.711969 3.469388 5.169112
v 3.713427 3.470634 5.168505
v 3.714727 3.471736 5.167457
v 3.438696 3.232334 5.125130
v 3.434633 3.228725 5.120469
v 3.437380 3.231186 5.124613
v 3.436144 3.230098 5.123544
v 3.435179 3.229233 5.122091
v 2.608671 3.967155 5.089947
v 2.604540 3.963489 5.085267
v 2.607328 3.965987 5.089423
v 2.606073 3.964878 5.088352
v 2.605093 3.964002 5.086891
v 2.886251 4.207870 5.131013
v 2.881086 4.203469 5.134082
v 2.885298 4.207073 5.132353
v 2.883978 4.205955 5.133406
v 2.882502 4.204691 5.134014
v 2.031904 4.293229 5.064554
v 2.026300 4.290242 5.059905
v 2.030001 4.292319 5.064043
v 2.028269 4.291433 5.062980
v 2.026968 4.290704 5.061528
v 2.438604 4.481698 5.103650
v 2.432039 4.477998 5.106787
v 2.437540 4.480950 5.105004
v 2.435915 4.479983 5.106075
v 2.433985 4.478947 5.106701
v 0.884779 4.796016 5.035807
v 0.884359 4.794606 5.035655
v 0.904963 4.791112 5.040322
v 0.889288 4.795677 5.037478
v 0.886889 4.795646 5.037417
v 0.885447 4.795444 5.037354
v 0.888605 4.794831 5.038233
v 0.889051 4.793326 5.037335
v 0.894613 4.792211 5.038812
v 0.883226 4.795275 5.035859
v 0.886770 4.794547 5.037349
v 0.890532 4.793906 5.038589
v 0.900213 4.793021 5.039921
v 0.894709 4.794624 5.038923
v 0.900202 4.791434 5.039861
v 0.894995 4.793435 5.039308
v 0.890577 4.794927 5.038637
v 1.943464 4.717323 5.073476
v 1.945623 4.723090 5.069402
v 1.943720 4.719059 5.073042
v 1.944220 4.720763 5.072115
v 1.944887 4.722180 5.070837
v 4.385252 2.515167 5.173505
v 4.389566 2.520890 5.170450
v 4.386343 2.516896 5.173438
v 4.387545 2.518590 5.172835
v 4.388681 2.519993 5.171786
v 4.161886 2.137110 5.120734
v 4.165216 2.142192 5.125427
v 4.162378 2.137729 5.122360
v 4.163183 2.138913 5.123822
v 4.164179 2.140482 5.124899
v 4.678507 1.950638 5.161216
v 4.672453 1.948535 5.164359
v 4.677485 1.950014 5.162564
v 4.675974 1.949394 5.163635
v 4.674208 1.948876 5.164264
v 4.720858 0.874295 5.092004
v 4.716658 0.892822 5.096853
v 4.719347 0.873866 5.091832
v 4.720675 0.878451 5.093807
v 4.719812 0.883431 5.095361
v 4.720842 0.872967 5.092129
v 4.720564 0.876140 5.093682
v 4.719973 0.879535 5.094967
v 4.719809 0.877675 5.094499
v 4.716818 0.888369 5.096260
v 4.717386 0.883207 5.095098
v 4.718401 0.888476 5.096431
v 4.718634 0.883597 5.095678
v 4.718946 0.879438 5.094857
v 4.718271 0.878113 5.093543
v 4.719439 0.875976 5.093559
v 4.720308 0.874748 5.093572
v 3.753157 5.065902 3.420569
v 3.754820 5.069779 3.422314
v 3.754187 5.066213 3.421689
v 3.754866 5.067061 3.422413
v 3.755087 5.068313 3.422633
v 3.020689 5.066958 3.481085
v 3.018805 5.070891 3.478960
v 3.019640 5.067239 3.479936
v 3.018915 5.068086 3.479129
v 3.018621 5.069367 3.478786
v 3.333185 5.072913 3.822281
v 3.334837 5.076792 3.824018
v 3.334211 5.073225 3.823398
v 3.334887 5.074073 3.824120
v 3.335104 5.075325 3.824338
v 3.440683 5.059947 3.079394
v 3.438799 5.063880 3.077266
v 3.439634 5.060228 3.078244
v 3.438910 5.061077 3.077436
v 3.438616 5.062358 3.077092
v 3.796305 5.052478 2.651485
v 3.794397 5.056416 2.649332
v 3.795248 5.052761 2.650325
v 3.794516 5.053609 2.649509
v 3.794218 5.054893 2.649160
v 4.109137 5.058441 2.993048
v 4.110823 5.062330 2.994820
v 4.110178 5.058753 2.994180
v 4.110865 5.059602 2.994914
v 4.111090 5.060857 2.995139
v 4.396341 5.050765 2.553325
v 4.397989 5.054675 2.555249
v 4.397371 5.051080 2.554517
v 4.398046 5.051934 2.555301
v 4.398264 5.053195 2.555558
v 4.089640 5.044576 2.199009
v 4.087763 5.048517 2.196703
v 4.088594 5.044858 2.197789
v 4.087870 5.045707 2.196923
v 4.087580 5.046993 2.196541
v 4.735277 5.029579 1.343891
v 4.739210 5.033554 1.334645
v 4.736822 5.029833 1.340422
v 4.738115 5.030678 1.337445
v 4.738951 5.031984 1.335417
v 4.637293 5.042328 2.070024
v 4.637545 5.046318 2.074942
v 4.637789 5.042665 2.072364
v 4.638014 5.043542 2.074120
v 4.637926 5.044826 2.075025
v 4.476774 5.030706 1.408577
v 4.476294 5.034599 1.403283
v 4.476263 5.030969 1.406214
v 4.475992 5.031799 1.404378
v 4.476004 5.033075 1.403349
v 2.540228 5.073145 3.835543
v 2.538191 5.077081 3.833491
v 2.539122 5.073427 3.834422
v 2.538347 5.074275 3.833638
v 2.538019 5.075558 3.833312
v 2.870089 5.078986 4.170138
v 2.871881 5.082871 4.171789
v 2.871172 5.079298 4.171223
v 2.871893 5.080148 4.171918
v 2.872141 5.081403 4.172117
v 1.493280 5.087012 4.630061
v 1.484331 5.091234 4.634084
v 1.489897 5.087357 4.631669
v 1.487009 5.088281 4.632997
v 1.485052 5.089642 4.633846
v 1.601820 5.081565 4.317873
v 1.596361 5.085532 4.317509
v 1.599401 5.081857 4.317397
v 1.597517 5.082715 4.317161
v 1.596449 5.084006 4.317200
v 2.339087 5.084443 4.482828
v 2.343958 5.088317 4.482725
v 2.341349 5.084746 4.483244
v 2.343069 5.085588 4.483370
v 2.343985 5.086843 4.483188
v 3.719999 5.173100 3.382482
v 3.715761 5.176865 3.377786
v 3.719282 5.174558 3.381673
v 3.718225 5.175784 3.380497
v 3.716990 5.176595 3.379131
v 3.046690 5.175160 3.507595
v 3.050711 5.179206 3.511915
v 3.047323 5.176690 3.508260
v 3.048311 5.177997 3.509314
v 3.049501 5.178882 3.510598
v 3.300016 5.180112 3.784186
v 3.295786 5.183877 3.779499
v 3.299299 5.181571 3.783378
v 3.298243 5.182796 3.782203
v 3.297010 5.183606 3.780841
v 3.466684 5.168148 3.105901
v 3.470705 5.172195 3.110224
v 3.467318 5.169679 3.106566
v 3.468302 5.170986 3.107621
v 3.469492 5.171869 3.108906
v 3.822283 5.160675 2.677965
v 3.826326 5.164726 2.682314
v 3.822916 5.162208 2.678632
v 3.823908 5.163517 2.679693
v 3.825106 5.164400 2.680986
v 4.076010 5.165630 2.954996
v 4.071741 5.169403 2.950266
v 4.075289 5.167090 2.954183
v 4.074224 5.168321 2.952999
v 4.072977 5.169132 2.951624
v 4.363192 5.157940 2.515439
v 4.358957 5.161727 2.510511
v 4.362474 5.159408 2.514609
v 4.361414 5.160642 2.513381
v 4.360182 5.161457 2.511942
v 4.115644 5.152766 2.225332
v 4.119646 5.156825 2.229870
v 4.116278 5.154300 2.226014
v 4.117258 5.155611 2.227116
v 4.118441 5.156498 2.228470
v 4.735796 5.136877 1.329112
v 4.730841 5.141214 1.339580
v 4.735376 5.138478 1.329840
v 4.734285 5.139865 1.332086
v 4.732695 5.140826 1.335504
v 4.602762 5.149534 2.035150
v 4.600298 5.153275 2.026413
v 4.602175 5.151004 2.034028
v 4.601500 5.152233 2.031974
v 4.600840 5.153030 2.029300
v 4.504171 5.138836 1.431910
v 4.506399 5.142967 1.440231
v 4.504671 5.140377 1.432881
v 4.505266 5.141704 1.434803
v 4.505877 5.142614 1.437384
v 2.566076 5.181347 3.862126
v 2.570288 5.185391 3.866352
v 2.566725 5.182877 3.862784
v 2.567751 5.184184 3.863818
v 2.569006 5.185067 3.865071
v 2.837069 5.186175 4.131964
v 2.832655 5.189949 4.127379
v 2.836336 5.187636 4.131162
v 2.835241 5.188865 4.130009
v 2.833948 5.189676 4.128681
v 1.480917 5.194529 4.628553
v 1.491060 5.198606 4.623378
v 1.481646 5.196115 4.628091
v 1.483828 5.197448 4.626945
v 1.487135 5.198324 4.625290
v 1.624243 5.189792 4.346142
v 1.632719 5.193803 4.348261
v 1.625216 5.191320 4.346639
v 1.627169 5.192620 4.347217
v 1.629801 5.193493 4.347786
v 2.309156 5.191588 4.442911
v 2.300940 5.195415 4.440474
v 2.308134 5.193057 4.442272
v 2.306215 5.194301 4.441584
v 2.303686 5.195128 4.440953
v 0.930059 5.143163 4.646961
v 0.930555 5.143191 4.648625
v 0.929174 5.143189 4.648540
v 4.742132 5.077037 0.867028
v 4.743860 5.077046 0.867537
v 4.743750 5.077022 0.866142
v 5.174093 5.198917 2.537231
v 5.178591 5.194274 2.537199
v 5.175814 5.198545 2.536473
v 5.177275 5.197531 2.536202
v 5.178247 5.196033 2.536457
v 5.171022 2.678510 5.148395
v 5.175600 2.678438 5.143843
v 5.172770 2.677789 5.148063
v 5.174257 2.677522 5.147083
v 5.175249 2.677750 5.145601
v 5.175489 2.639005 2.581186
v 5.178972 2.639604 2.581827
v 5.176821 2.638508 2.580713
v 5.177950 2.638448 2.580668
v 2.605562 5.237508 5.101630
v 2.605608 5.242009 5.096976
v 2.604830 5.239255 5.101259
v 2.604582 5.240726 5.100244
v 2.604853 5.241693 5.098740
v 2.608282 5.199711 2.534413
v 2.608973 5.203208 2.535100
v 2.607798 5.201034 2.533914
v 2.607763 5.202164 2.533869
v 2.605288 2.682158 5.142782
v 2.605963 2.682837 5.146221
v 2.604807 2.681696 5.144119
v 2.604761 2.681662 5.145242
v 4.697374 5.201383 2.797613
v 4.701864 5.205587 2.795648
v 4.697721 5.203012 2.797613
v 4.698694 5.204383 2.797239
v 4.700151 5.205286 2.796550
v 2.859514 5.233105 4.619351
v 2.861956 5.228758 4.614821
v 2.860449 5.232747 4.617595
v 2.861242 5.231795 4.616117
v 2.861773 5.230394 4.615143
v 2.859934 5.208480 2.791763
v 2.862352 5.204282 2.793758
v 2.860861 5.208175 2.792676
v 2.861647 5.207272 2.793375
v 2.862169 5.205904 2.793755
v 4.696585 2.920566 5.138910
v 4.701147 2.918305 5.143222
v 4.696928 2.920416 5.140545
v 4.697916 2.919934 5.141937
v 4.699400 2.919194 5.142876
v 2.854780 4.760707 5.102970
v 2.852373 4.765368 5.107178
v 2.854593 4.761085 5.104597
v 2.854071 4.762102 5.105968
v 2.853292 4.763608 5.106873
v 2.850466 2.921172 5.139366
v 2.852888 2.923452 5.135038
v 2.851389 2.922069 5.139015
v 2.852175 2.922816 5.138069
v 2.852701 2.923302 5.136672
v 5.178778 4.723056 2.787282
v 5.174520 4.718481 2.789703
v 5.178453 4.721306 2.788211
v 5.177530 4.719820 2.788997
v 5.176149 4.718829 2.789522
v 5.176256 2.911449 4.669979
v 5.172003 2.913709 4.665376
v 5.175936 2.912313 4.668220
v 5.175013 2.913046 4.666727
v 5.173632 2.913536 4.665728
v 5.179037 2.879173 2.819435
v 5.174780 2.881529 2.821769
v 5.178713 2.880075 2.820331
v 5.177790 2.880840 2.821088
v 5.176409 2.881351 2.821592
v 4.692968 5.102672 2.788464
v 4.697237 5.106899 2.786831
v 4.694597 5.102981 2.787689
v 4.695982 5.103893 2.787107
v 4.696909 5.105268 2.786806
v 2.861818 5.141781 4.616339
v 2.863939 5.137444 4.612159
v 2.861975 5.140144 4.616045
v 2.862436 5.138747 4.615146
v 2.863127 5.137797 4.613782
v 2.862211 5.109761 2.782971
v 2.865213 5.105556 2.785502
v 2.862436 5.108139 2.783016
v 2.863089 5.106769 2.783512
v 2.864065 5.105863 2.784385
v 4.692514 2.921103 5.047625
v 4.696764 2.919047 5.051931
v 4.694143 2.920292 5.047968
v 4.695524 2.919618 5.048906
v 4.696444 2.919181 5.050298
v 2.857103 4.754849 5.011812
v 2.854959 4.759189 5.015993
v 2.856287 4.756488 5.012106
v 2.855593 4.757887 5.013005
v 2.855127 4.758836 5.014368
v 2.853067 2.921934 5.048059
v 2.856100 2.924864 5.043752
v 2.853304 2.922134 5.046426
v 2.853960 2.922763 5.045033
v 2.854944 2.923721 5.044094
v 5.087526 4.718467 2.789573
v 5.083265 4.714243 2.791778
v 5.085897 4.718145 2.789739
v 5.084513 4.717230 2.790216
v 5.083590 4.715860 2.790932
v 5.085012 2.913694 4.665245
v 5.080759 2.915742 4.660942
v 5.083380 2.913850 4.664916
v 5.081999 2.914294 4.663981
v 5.081079 2.914958 4.662586
v 5.087786 2.881516 2.821636
v 5.083521 2.884573 2.824595
v 5.086157 2.881748 2.821861
v 5.084772 2.882409 2.822500
v 5.083849 2.883403 2.823462
v 4.696913 5.182323 4.615177
v 4.692648 5.182395 4.619428
v 4.696585 5.182349 4.616807
v 4.695665 5.182371 4.618187
v 4.694281 5.182387 4.619108
v 1.029882 5.188099 4.608721
v 1.031122 5.188144 4.611732
v 1.029051 5.188117 4.609870
v 1.029722 5.188142 4.611500
v 4.694788 1.086813 5.127414
v 4.691767 1.085562 5.127430
v 4.693899 1.084683 5.127449
v 1.015436 4.762828 5.055619
v 1.014189 4.759824 5.055668
v 1.014032 4.762600 5.055619
v 1.013357 4.760976 5.055645
v 5.128248 4.746393 4.633321
v 5.128252 4.750579 4.628986
v 5.128248 4.748017 4.632967
v 5.128248 4.749383 4.632020
v 5.128252 4.750282 4.630622
v 5.133795 4.683341 0.949100
v 5.133791 4.686368 0.950290
v 5.133795 4.685451 0.948176
v 4.697702 5.125957 0.969392
v 4.694635 5.125942 0.968052
v 4.697470 5.125936 0.967946
v 4.696806 5.125925 0.967184
v 4.694307 4.757066 5.063346
v 4.698561 4.752799 5.063429
v 4.695936 4.756740 5.063355
v 4.697317 4.755813 5.063374
v 4.698240 4.754430 5.063401
v 5.128771 1.079705 4.694304
v 5.128767 1.081011 4.697301
v 5.128771 1.078899 4.695474
v 5.128767 1.079604 4.697096
v 5.044222 3.580508 3.637412
v 5.048082 3.582382 3.638967
v 5.044523 3.581671 3.638397
v 5.045366 3.582436 3.639038
v 5.046614 3.582685 3.639238
v 5.037371 3.613632 2.903224
v 5.041323 3.611508 2.901383
v 5.037664 3.612449 2.902217
v 5.038519 3.611631 2.901514
v 5.039804 3.611299 2.901221
v 5.040140 3.966316 3.202742
v 5.044001 3.968182 3.204290
v 5.040442 3.967476 3.203724
v 5.041281 3.968236 3.204363
v 5.042532 3.968484 3.204562
v 5.041452 3.227849 3.337914
v 5.045408 3.225721 3.336069
v 5.041746 3.226666 3.336906
v 5.042601 3.225845 3.336201
v 5.043886 3.225514 3.335908
v 5.044947 2.813456 3.709258
v 5.048906 2.811302 3.707392
v 5.045240 2.812263 3.708241
v 5.046095 2.811435 3.707530
v 5.047384 2.811097 3.707231
v 5.047720 3.166518 4.009097
v 5.051592 3.168420 4.010676
v 5.048021 3.167692 4.010092
v 5.048864 3.168467 4.010742
v 5.050119 3.168720 4.010946
v 5.050577 2.737763 4.312511
v 5.054468 2.739816 4.314053
v 5.050882 2.738997 4.313495
v 5.051729 2.739821 4.314132
v 5.052988 2.740108 4.314328
v 5.047869 2.372183 4.019276
v 5.051832 2.369879 4.017447
v 5.048162 2.370930 4.018275
v 5.049017 2.370053 4.017575
v 5.050306 2.369683 4.017282
v 5.054171 1.541647 4.696379
v 5.058344 1.532624 4.700612
v 5.054499 1.538243 4.698050
v 5.055410 1.535332 4.699442
v 5.056761 1.533361 4.700341
v 5.053026 2.263725 4.571342
v 5.056929 2.268717 4.571369
v 5.053328 2.266087 4.571749
v 5.054174 2.267865 4.571895
v 5.055437 2.268789 4.571763
v 5.051733 1.596643 4.435652
v 5.055716 1.591402 4.435328
v 5.052034 1.594268 4.435225
v 5.052893 1.592437 4.435014
v 5.054186 1.591430 4.435051
v 5.032747 3.949952 2.409878
v 5.036699 3.947893 2.407880
v 5.033037 3.948796 2.408812
v 5.033892 3.947997 2.408058
v 5.035177 3.947681 2.407731
v 5.035681 4.296686 2.726996
v 5.039553 4.298471 2.728687
v 5.035982 4.297815 2.728033
v 5.036825 4.298551 2.728719
v 5.038080 4.298780 2.728949
v 5.022661 4.704929 1.334027
v 5.026724 4.708690 1.324891
v 5.022943 4.706417 1.330583
v 5.023813 4.707653 1.327638
v 5.025141 4.708450 1.325639
v 5.023802 4.396966 1.454148
v 5.027723 4.396468 1.448668
v 5.024080 4.396406 1.451749
v 5.024927 4.396115 1.449865
v 5.026205 4.396136 1.448783
v 5.030603 4.589372 2.184705
v 5.034521 4.589517 2.189540
v 5.030916 4.589876 2.186948
v 5.031775 4.590082 2.188654
v 5.033037 4.589954 2.189565
v 5.151770 3.543093 3.604625
v 5.155577 3.538307 3.600526
v 5.153234 3.542283 3.603923
v 5.154474 3.541090 3.602898
v 5.155298 3.539694 3.601705
v 5.145323 3.642987 2.927142
v 5.149324 3.647523 2.930959
v 5.146845 3.643701 2.927735
v 5.148142 3.644815 2.928668
v 5.149012 3.646156 2.929800
v 5.147688 3.928890 3.169947
v 5.151495 3.924114 3.165856
v 5.149153 3.928082 3.169246
v 5.150393 3.926889 3.168223
v 5.151213 3.925496 3.167032
v 5.149401 3.257200 3.361829
v 5.153406 3.261740 3.365647
v 5.150927 3.257914 3.362422
v 5.152224 3.259027 3.363355
v 5.153093 3.260371 3.364488
v 5.152891 2.842779 3.733149
v 5.156900 2.847347 3.736991
v 5.154417 2.843496 3.733744
v 5.155714 2.844617 3.734683
v 5.156588 2.845969 3.735824
v 5.155256 3.129140 3.976340
v 5.159075 3.124319 3.972211
v 5.156725 3.128326 3.975636
v 5.157965 3.127124 3.974604
v 5.158792 3.125717 3.973401
v 5.158102 2.700547 4.279728
v 5.161936 2.695533 4.275644
v 5.159575 2.699718 4.279026
v 5.160822 2.698473 4.278003
v 5.161650 2.697003 4.276814
v 5.155806 2.401349 4.043200
v 5.159819 2.406102 4.046990
v 5.157335 2.402082 4.043793
v 5.158632 2.403241 4.044720
v 5.159506 2.404655 4.045845
v 5.161711 1.528778 4.696376
v 5.165819 1.539129 4.690992
v 5.163298 1.529519 4.695914
v 5.164633 1.531746 4.694728
v 5.165518 1.535121 4.693000
v 5.160513 2.229468 4.537061
v 5.164385 2.220711 4.534885
v 5.161997 2.228350 4.536501
v 5.163256 2.226293 4.535890
v 5.164095 2.223611 4.535323
v 5.159678 1.622872 4.461081
v 5.163683 1.631341 4.462955
v 5.161207 1.623887 4.461526
v 5.162504 1.625853 4.462040
v 5.163374 1.628471 4.462541
v 5.140692 3.979371 2.433640
v 5.144701 3.983823 2.437652
v 5.142218 3.980080 2.434247
v 5.143515 3.981175 2.435223
v 5.144388 3.982490 2.436419
v 5.143221 4.259189 2.694350
v 5.147036 4.254508 2.690071
v 5.144690 4.258386 2.693634
v 5.145929 4.257213 2.692570
v 5.146753 4.255853 2.691319
v 5.130064 4.704847 1.320656
v 5.134329 4.700125 1.330944
v 5.131666 4.704440 1.321386
v 5.133039 4.703398 1.323598
v 5.133974 4.701885 1.326954
v 5.131712 4.427943 1.474426
v 5.135763 4.430446 1.482775
v 5.133242 4.428504 1.475364
v 5.134546 4.429178 1.477280
v 5.135431 4.429859 1.479882
v 5.138159 4.550246 2.155215
v 5.141951 4.547573 2.147056
v 5.139627 4.549595 2.154203
v 5.140863 4.548858 2.152296
v 5.141680 4.548149 2.149787
v 5.073248 4.701761 0.770036
v 5.073252 4.703444 0.770471
v 5.073233 4.702939 0.768525
v 5.110205 1.066278 4.720484
v 5.110220 1.066849 4.722194
v 5.110212 1.065141 4.721206
v 3.562483 3.721328 5.058692
v 3.563936 3.722666 5.062815
v 3.563597 3.722301 5.059170
v 3.564264 3.722896 5.060119
v 3.564383 3.723025 5.061399
v 3.604933 2.989015 5.013077
v 3.602434 2.986925 5.016675
v 3.603739 2.987982 5.013189
v 3.602842 2.987224 5.013911
v 3.602385 2.986853 5.015136
v 3.951868 3.289969 5.069287
v 3.953306 3.291301 5.073405
v 3.952978 3.290939 5.069762
v 3.953642 3.291532 5.070711
v 3.953756 3.291659 5.071990
v 3.215578 3.420397 5.002487
v 3.213072 3.418303 5.006087
v 3.214380 3.419362 5.002600
v 3.213484 3.418603 5.003320
v 3.213022 3.418229 5.004545
v 2.798590 3.788408 4.984732
v 2.796045 3.786284 4.988328
v 2.797377 3.787363 4.984842
v 2.796469 3.786593 4.985563
v 2.796003 3.786214 4.986788
v 3.145884 4.089677 5.041001
v 3.147360 4.091037 5.045139
v 3.147009 4.090659 5.041480
v 3.147684 4.091263 5.042435
v 3.147806 4.091395 5.043720
v 2.715456 4.389831 5.017247
v 2.717100 4.391141 5.021408
v 2.716650 4.390796 5.017728
v 2.717382 4.391385 5.018688
v 2.717539 4.391504 5.019980
v 2.352186 4.095086 4.961229
v 2.349459 4.092999 4.964825
v 2.350901 4.094054 4.961336
v 2.349932 4.093295 4.962058
v 2.349428 4.092926 4.963283
v 1.437765 4.766076 4.946539
v 1.427404 4.770020 4.950248
v 1.433973 4.767711 4.946720
v 1.430674 4.769034 4.947489
v 1.428370 4.769845 4.948727
v 2.240351 4.645321 4.986146
v 2.245169 4.645032 4.990251
v 2.242762 4.645680 4.986596
v 2.244528 4.645749 4.987534
v 2.245371 4.645522 4.988818
v 1.492022 4.506257 4.935900
v 1.485815 4.505717 4.939570
v 1.489408 4.505816 4.936035
v 1.487310 4.505561 4.936780
v 1.486048 4.505525 4.938021
v 3.945848 2.498812 5.014672
v 3.943415 2.496571 5.018268
v 3.944677 2.497721 5.014781
v 3.943808 2.496914 5.015504
v 3.943361 2.496508 5.016729
v 4.286638 2.817292 5.071444
v 4.287996 2.818767 5.075571
v 4.287718 2.818317 5.071922
v 4.288355 2.818958 5.072873
v 4.288454 2.819116 5.074156
v 4.710730 1.429946 5.020363
v 4.714163 1.420612 5.024259
v 4.712221 1.426502 5.020597
v 4.713396 1.423517 5.021422
v 4.714079 1.421448 5.022706
v 4.402849 1.547946 4.996761
v 4.402014 1.542238 5.000288
v 4.402288 1.545529 4.996844
v 4.401934 1.543595 4.997543
v 4.401838 1.542440 4.998751
v 4.584784 2.277996 5.065292
v 4.584471 2.282594 5.069478
v 4.585226 2.280219 5.065787
v 4.585321 2.281873 5.066756
v 4.585054 2.282708 5.068053
v 3.514669 3.682093 5.159759
v 3.509569 3.677747 5.162817
v 3.513723 3.681301 5.161094
v 3.512419 3.680198 5.162143
v 3.510962 3.678949 5.162748
v 3.622805 3.006755 5.124666
v 3.626867 3.010362 5.129329
v 3.623354 3.007261 5.126287
v 3.624319 3.008125 5.127743
v 3.625551 3.009214 5.128812
v 3.904039 3.250724 5.170354
v 3.898951 3.246386 5.173411
v 3.903093 3.249932 5.171685
v 3.901793 3.248831 5.172734
v 3.900339 3.247587 5.173340
v 3.233442 3.438132 5.114075
v 3.237513 3.441745 5.118739
v 3.233992 3.438640 5.115698
v 3.234957 3.439504 5.117152
v 3.236193 3.440595 5.118222
v 2.816420 3.806112 5.096312
v 2.820524 3.809756 5.100984
v 2.816969 3.806623 5.097935
v 2.817942 3.807494 5.099394
v 2.819193 3.808595 5.100465
v 3.098104 4.050471 5.142061
v 3.092966 4.046093 5.145126
v 3.097151 4.049676 5.143398
v 3.095842 4.048566 5.144450
v 3.094370 4.047307 5.145057
v 2.667868 4.350595 5.118288
v 2.662504 4.346269 5.121373
v 2.666895 4.349799 5.119633
v 2.665533 4.348701 5.120691
v 2.663992 4.347460 5.121302
v 2.369829 4.112824 5.072801
v 2.374159 4.116414 5.077479
v 2.370398 4.113332 5.074425
v 2.371420 4.114190 5.075885
v 2.372740 4.115273 5.076957
v 1.413054 4.759722 5.052339
v 1.423922 4.754228 5.056783
v 1.413706 4.759177 5.053922
v 1.415998 4.757943 5.055322
v 1.419588 4.756205 5.056326
v 2.195967 4.604510 5.087068
v 2.186644 4.602149 5.090294
v 2.194689 4.603862 5.088432
v 2.192469 4.603187 5.089525
v 2.189642 4.602584 5.090178
v 1.506182 4.525543 5.047541
v 1.514864 4.527184 5.052130
v 1.507082 4.525901 5.049159
v 1.509050 4.526338 5.050600
v 1.511782 4.526789 5.051643
v 3.963789 2.516400 5.126255
v 3.967760 2.520201 5.130924
v 3.964331 2.516919 5.127878
v 3.965273 2.517826 5.129333
v 3.966478 2.518978 5.130404
v 4.238733 2.778195 5.172509
v 4.233740 2.773672 5.175569
v 4.237795 2.777390 5.173844
v 4.236517 2.776247 5.174894
v 4.235094 2.774941 5.175500
v 4.699823 1.410321 5.126241
v 4.694571 1.420316 5.130583
v 4.699251 1.410955 5.127833
v 4.698050 1.413076 5.129216
v 4.696405 1.416363 5.130183
v 4.422384 1.562063 5.108269
v 4.424364 1.570184 5.113031
v 4.422777 1.562915 5.109900
v 4.423288 1.564757 5.111377
v 4.423845 1.567310 5.112477
v 4.535227 2.242038 5.166384
v 4.532274 2.233655 5.169407
v 4.534437 2.240937 5.167720
v 4.533602 2.238957 5.168762
v 4.532843 2.236398 5.169356
v 4.709162 0.863953 5.037843
v 4.710829 0.864399 5.038043
v 4.710352 0.862455 5.037863
v 0.874178 4.784694 4.981671
v 0.874594 4.786224 4.981752
v 0.873003 4.785333 4.981654
v 5.175314 1.074469 4.698789
v 4.698748 5.179738 0.975498
v 1.025179 5.234548 4.611953
v 5.180262 4.687603 0.943807
v 1.009352 4.764647 5.101959
vn 0.0537 -0.9936 0.0989
vn -0.0000 -0.9998 0.0175
vn 0.0584 -0.9937 0.0953
vn 0.6046 0.3665 0.7072
vn 0.6194 0.4553 0.6396
vn 0.5793 0.4558 0.6758
vn -0.0656 -0.9965 -0.0514
vn -0.7406 0.2614 -0.6190
vn -0.7486 0.3542 -0.5605
vn -0.7743 0.2586 -0.5775
vn 0.0784 -0.9941 0.0750
vn 0.0749 -0.9940 0.0794
vn 0.5622 0.3658 0.7417
vn 0.5387 0.4549 0.7092
vn -0.5717 0.2599 -0.7782
vn -0.4907 0.3503 -0.7978
vn -0.5528 0.3549 -0.7540
vn -0.6647 0.2626 -0.6995
vn -0.6815 0.3576 -0.6385
vn -0.7055 0.2617 -0.6586
vn 0.0705 -0.9941 0.0826
vn 0.0671 -0.9939 0.0874
vn -0.0688 -0.9965 -0.0466
vn -0.7828 0.3506 -0.5142
vn -0.8088 0.2571 -0.5289
vn 0.8172 0.3463 0.4607
vn 0.7548 0.4414 0.4852
vn 0.7858 0.3533 0.5076
vn 0.7533 0.3569 0.5524
vn 0.6901 0.4508 0.5662
vn 0.7200 0.3611 0.5927
vn -0.8167 0.3454 -0.4623
vn -0.8432 0.2519 -0.4749
vn -0.8408 0.3405 -0.4209
vn -0.8674 0.2474 -0.4317
vn 0.8598 0.3374 0.3832
vn 0.8120 0.4270 0.3979
vn 0.8432 0.3404 0.4161
vn 0.0826 -0.9941 0.0707
vn -0.8513 0.3379 -0.4014
vn -0.8775 0.2464 -0.4114
vn -0.6819 0.3604 -0.6365
vn -0.7825 0.0370 -0.6216
vn 0.9462 0.2719 0.1753
vn 0.8293 0.4211 0.3673
vn 0.0922 -0.9938 0.0622
vn 0.0869 -0.9940 0.0661
vn 0.5186 0.3641 0.7736
vn 0.4970 0.4529 0.7402
vn 0.4767 0.3627 0.8007
vn 0.4572 0.4499 0.7672
vn -0.4444 0.2512 -0.8599
vn -0.4006 0.3407 -0.8505
vn -0.4312 0.3443 -0.8340
vn -0.0605 -0.9967 -0.0542
vn 0.4471 0.3617 0.8181
vn 0.4290 0.4472 0.7849
vn 0.2219 0.3159 0.9225
vn 0.2218 0.4106 0.8844
vn -0.4126 0.2499 -0.8760
vn -0.6290 0.3607 -0.6887
vn -0.0501 -0.9968 -0.0622
vn 0.5924 0.5262 0.6101
vn 0.5541 0.5265 0.6448
vn -0.0000 0.9998 -0.0175
vn 0.0665 0.9973 0.0316
vn -0.7159 0.3563 -0.6004
vn -0.7211 0.4326 -0.5413
vn -0.0696 0.9956 -0.0630
vn -0.0729 0.9956 -0.0588
vn 0.5153 0.5259 0.6767
vn 0.4757 0.5238 0.7066
vn -0.6423 0.3579 -0.6778
vn -0.5767 0.4378 -0.6898
vn -0.6178 0.4374 -0.6534
vn -0.6553 0.4379 -0.6155
vn -0.5999 0.3571 -0.7160
vn -0.5310 0.4368 -0.7261
vn 0.6566 0.4536 0.6026
vn 0.7225 0.4469 0.5276
vn 0.6601 0.5221 0.5401
vn 0.6914 0.5181 0.5035
vn -0.7868 0.4259 -0.4466
vn -0.0664 0.9956 -0.0668
vn 0.7856 0.4345 0.4405
vn 0.7221 0.5142 0.4627
vn 0.7530 0.5057 0.4211
vn -0.8230 0.4137 -0.3892
vn -0.0770 0.9955 -0.0561
vn 0.7784 0.4992 0.3806
vn 0.9120 0.3700 0.1770
vn 0.7967 0.4912 0.3521
vn -0.6224 0.5192 -0.5857
vn 0.0489 0.9977 0.0479
vn -0.4716 0.4313 -0.7692
vn -0.4147 0.4234 -0.8054
vn 0.4384 0.5200 0.7331
vn 0.4119 0.5164 0.7508
vn 0.0420 0.9976 0.0550
vn 0.0457 0.9976 0.0519
vn -0.3859 0.4177 -0.8225
vn -0.4051 0.4553 -0.7929
vn 0.2241 0.4829 0.8465
vn -0.6207 0.2625 -0.7388
vn 0.0149 -0.0470 0.9988
vn 0.0465 0.0550 0.9974
vn 0.0635 0.1545 0.9860
vn -0.0528 0.9954 -0.0797
vn -0.0488 0.9953 -0.0831
vn -0.6883 0.4374 -0.5787
vn -0.0566 0.9955 -0.0756
vn -0.0454 -0.9967 -0.0678
vn 0.0624 -0.9939 0.0911
vn -0.0399 0.9949 -0.0922
vn 0.9976 -0.0690 -0.0028
vn 0.9697 -0.2414 -0.0362
vn 0.9990 0.0346 0.0293
vn 0.9951 -0.0981 0.0103
vn 0.9897 0.1355 0.0463
vn 0.0698 0.9972 0.0277
vn 0.6853 0.3634 0.6311
vn 0.0529 0.9976 0.0450
vn 0.6279 0.5248 0.5748
vn -0.0002 -0.9935 0.1137
vn -0.0433 -0.9964 -0.0725
vn 0.0293 -0.9918 0.1244
vn 0.0481 -0.9930 0.1079
vn 0.0264 0.9970 0.0728
vn 0.0403 0.9975 0.0583
vn -0.0378 0.9947 -0.0960
vn 0.0062 0.9970 0.0769
vn 0.0957 -0.9936 0.0597
vn -0.0763 -0.9963 -0.0396
vn -0.7537 0.4305 -0.4965
vn 0.0810 0.9965 0.0184
vn -0.0001 0.9998 -0.0176
vn -0.0730 -0.9964 -0.0435
vn -0.0799 -0.9962 -0.0351
vn -0.0602 0.9955 -0.0735
vn -0.5068 0.2550 -0.8235
vn -0.9946 0.1040 -0.0016
vn -0.9951 -0.0001 -0.0992
vn -0.9889 0.1294 -0.0728
vn -0.0435 0.9953 -0.0866
vn 0.0001 -0.9998 0.0176
vn 0.1099 -0.9930 0.0431
vn -0.0924 -0.9954 -0.0259
vn 0.0962 -0.9952 0.0155
vn -0.0802 0.9953 -0.0551
vn 0.0948 0.9954 -0.0127
vn 0.0155 0.9986 -0.0503
vn 0.0924 0.9957 0.0062
vn -0.0246 -0.2477 0.9685
vn -0.0882 -0.4300 0.8985
vn 0.0502 -0.9933 0.1039
vn -0.2274 0.0984 0.9688
vn 0.0778 0.9968 0.0205
vn 0.6467 0.3651 0.6696
vn -0.0630 0.9956 -0.0699
vn 0.0736 0.9970 0.0240
vn -0.0844 -0.9960 -0.0305
vn -0.8114 0.4193 -0.4072
vn 0.8770 0.4452 0.1806
vn 0.0631 0.9974 0.0348
vn 0.0598 0.9975 0.0381
vn 0.0560 0.9976 0.0412
vn -0.0565 -0.9967 -0.0588
vn -0.0884 -0.9957 -0.0270
vn 0.9999 -0.0047 0.0133
vn 1.0000 -0.0008 0.0005
vn 1.0000 0.0001 0.0005
vn 0.0968 0.0272 -0.9949
vn 0.0015 -0.0175 -0.9998
vn 0.1061 -0.0173 -0.9942
vn 0.0015 0.0636 -0.9980
vn 0.0995 -0.0173 -0.9949
vn 0.9906 -0.0987 -0.0944
vn 1.0000 0.0002 0.0015
vn 0.9952 -0.0973 0.0032
vn 0.0143 0.0128 0.9998
vn 0.0047 0.0239 0.9997
vn 0.0913 0.1107 0.9897
vn -0.9928 0.0703 0.0972
vn -1.0000 0.0015 -0.0002
vn 0.0796 -0.9967 0.0176
vn -0.0018 -0.9934 0.1151
vn -0.0016 -0.9998 0.0174
vn 0.9951 0.0703 0.0695
vn 0.9967 -0.0285 0.0761
vn 0.0106 0.9997 -0.0212
vn -0.0025 0.9998 -0.0181
vn 0.0015 0.9999 -0.0165
vn -0.9947 0.0028 0.1025
vn -0.9811 0.1931 -0.0074
vn -0.9903 0.0571 0.1270
vn 0.0018 0.9934 -0.1150
vn 0.0722 0.9960 0.0535
vn 0.0761 0.9960 -0.0479
vn -0.9952 -0.0982 -0.0004
vn -0.9954 0.0027 0.0958
vn -1.0000 0.0010 -0.0021
vn 0.0021 0.9998 -0.0199
vn -0.1495 0.9749 -0.1652
vn -0.0008 0.0181 0.9998
vn -0.1864 -0.1689 0.9679
vn 0.0557 -0.1403 0.9885
vn 0.0052 0.0173 0.9998
vn 0.6217 -0.1011 0.7767
vn 0.7017 -0.0818 0.7077
vn 0.5390 -0.1875 0.8212
vn 0.0022 0.0885 -0.9961
vn -0.0955 -0.0172 -0.9953
vn 0.0021 -0.0175 -0.9998
vn 1.0000 0.0003 0.0014
vn 0.9950 0.0019 0.0998
vn 0.9693 -0.1770 -0.1709
vn 0.9851 0.0489 -0.1650
vn -0.0211 0.9991 -0.0361
vn 0.0065 0.9999 -0.0140
vn -0.0855 0.9962 -0.0137
vn 0.7039 -0.0004 0.7103
vn 0.7597 0.0097 0.6502
vn -0.6039 -0.5280 -0.5971
vn -0.6035 -0.6143 -0.5085
vn -0.7519 -0.4728 -0.4594
vn -0.0015 0.0168 0.9999
vn 0.0960 0.0174 0.9952
vn 0.0951 0.1124 0.9891
vn 1.0000 0.0012 0.0014
vn 0.9960 -0.0897 0.0030
vn 0.0016 0.9998 -0.0178
vn 0.0018 0.9941 -0.1086
vn 0.1072 0.9941 -0.0147
vn 0.0268 0.9762 -0.2154
vn 0.9953 0.0964 -0.0001
vn -0.0728 -0.9864 0.1476
vn -0.0991 -0.9949 0.0172
vn 0.7046 0.7064 0.0670
vn 0.5578 0.8298 -0.0153
vn 0.7069 0.7073 -0.0109
vn 1.0000 0.0001 0.0013
vn 0.9784 -0.2053 0.0232
vn 0.7415 0.6652 -0.0879
vn 0.7607 0.6491 -0.0097
vn 0.0497 -0.9987 -0.0078
vn -0.0018 -0.9925 0.1224
vn 0.0020 0.9999 -0.0161
vn 0.0016 0.9968 0.0799
vn 0.0988 0.9918 0.0813
vn -0.0064 0.0305 0.9995
vn -0.0021 0.0175 0.9998
vn -0.0943 0.0174 0.9954
vn 0.9996 -0.0214 -0.0184
vn -0.1908 0.9816 -0.0001
vn -0.9965 -0.0201 0.0814
vn -0.9950 0.0999 -0.0020
vn 0.0015 -0.1157 -0.9933
vn 0.1328 -0.0883 -0.9872
vn 0.0759 0.7185 0.6913
vn 0.0005 0.5728 0.8197
vn -0.0012 0.7206 0.6934
vn -0.5182 -0.6151 -0.5943
vn -0.4687 -0.4794 -0.7420
vn -0.0011 0.7747 0.6324
vn 0.1008 0.7512 0.6523
vn 0.1307 -0.9899 -0.0539
vn 0.0001 -0.9998 0.0175
vn 0.1061 -0.9942 0.0175
vn -0.0009 0.1098 0.9940
vn -0.0017 0.0109 0.9999
vn -0.9893 -0.0677 0.1293
vn -0.2384 0.2717 0.9324
vn -0.4707 -0.7533 -0.4594
vn -0.5760 -0.5878 -0.5680
vn 0.9906 0.0973 0.0959
vn 0.0983 -0.1145 -0.9885
vn 0.2064 0.7381 0.6423
vn 0.0974 0.7171 0.6901
vn -0.0954 0.0800 -0.9922
vn 0.0022 0.0804 -0.9968
vn 0.7058 0.0175 0.7082
vn 0.6045 0.0064 0.7966
vn 0.7665 0.1677 0.6200
vn 0.7032 0.7056 0.0875
vn -0.0984 -0.9886 0.1140
vn 0.7674 0.6234 0.1502
vn -0.0028 1.0000 -0.0065
vn 0.0879 0.9934 0.0734
vn 0.0829 -0.0175 -0.9964
vn 0.0558 0.1136 -0.9920
vn 0.1061 0.1421 -0.9841
vn -0.9906 0.0950 -0.0987
vn -0.0223 -0.0045 0.9997
vn -0.0994 -0.0797 0.9919
vn -0.1005 0.0175 0.9948
vn 0.0671 0.0868 0.9940
vn -0.0329 0.0912 0.9953
vn 0.9959 -0.0014 -0.0899
vn 0.9999 0.0102 -0.0034
vn 0.9953 -0.0015 -0.0968
vn 0.9968 0.0742 -0.0306
vn 0.0003 -0.9967 -0.0808
vn 0.0984 -0.9950 0.0175
vn -0.0968 0.9952 -0.0174
vn -0.0303 0.9975 0.0637
vn -0.0955 0.9888 -0.1143
vn 0.0016 0.9998 -0.0175
vn -0.0022 -0.0810 0.9967
vn -0.0022 -0.0806 0.9967
vn 0.0722 -0.0137 0.9973
vn -0.9871 0.0192 0.1589
vn 0.9922 0.0890 0.0870
vn 0.0017 -0.9776 0.2105
vn 0.1315 -0.9888 0.0713
vn 0.1457 -0.9637 0.2237
vn -0.9947 0.0833 0.0598
vn -1.0000 -0.0001 0.0093
vn -0.9947 0.0795 0.0644
vn 0.3588 0.7358 0.5744
vn 0.4495 0.6701 0.5906
vn 0.4490 0.7048 0.5492
vn -0.9961 -0.0708 -0.0534
vn 0.2654 -0.6416 -0.7197
vn 0.3571 -0.5818 -0.7308
vn 0.2627 -0.6012 -0.7547
vn -0.9944 0.0615 0.0856
vn -0.9945 0.0649 0.0821
vn 0.3576 0.7686 0.5305
vn 0.4472 0.7366 0.5074
vn 0.2682 -0.7944 -0.5450
vn 0.3600 -0.8093 -0.4642
vn 0.3632 -0.7677 -0.5279
vn 0.2689 -0.7191 -0.6408
vn 0.3626 -0.6571 -0.6608
vn 0.2675 -0.6789 -0.6837
vn -0.9947 0.0681 0.0775
vn -0.9947 0.0720 0.0734
vn -0.9962 -0.0657 -0.0575
vn 0.3524 -0.5369 -0.7666
vn 0.2583 -0.5542 -0.7913
vn 0.3449 0.4971 0.7962
vn 0.4397 0.5207 0.7318
vn 0.3503 0.5428 0.7633
vn 0.3537 0.5863 0.7288
vn 0.4470 0.5993 0.6640
vn 0.3572 0.6254 0.6937
vn 0.3460 -0.4864 -0.8023
vn 0.2530 -0.5019 -0.8271
vn 0.3401 -0.4460 -0.8279
vn 0.2477 -0.4594 -0.8530
vn 0.3373 0.4214 0.8418
vn 0.4274 0.4354 0.7923
vn 0.3400 0.4537 0.8238
vn -0.9943 0.0567 0.0904
vn 0.3371 -0.4269 -0.8391
vn 0.2455 -0.4395 -0.8640
vn 0.3411 -0.4632 -0.8180
vn 0.0425 -0.6505 -0.7583
vn 0.2804 0.2153 0.9354
vn 0.4221 0.4053 0.8109
vn -0.9938 0.0483 0.1000
vn -0.9941 0.0522 0.0947
vn 0.3544 0.7989 0.4859
vn 0.4442 0.7661 0.4646
vn 0.3522 0.8243 0.4432
vn 0.4403 0.7915 0.4238
vn 0.2625 -0.8718 -0.4135
vn 0.3521 -0.8588 -0.3721
vn 0.3552 -0.8434 -0.4033
vn -0.9960 -0.0744 -0.0490
vn 0.3509 0.8405 0.4128
vn 0.4370 0.8081 0.3950
vn 0.3016 0.9355 0.1843
vn 0.3967 0.8992 0.1847
vn 0.2616 -0.8863 -0.3823
vn 0.3613 -0.8038 -0.4726
vn -0.9960 -0.0810 -0.0375
vn 0.5208 0.6409 0.5639
vn 0.5202 0.6740 0.5245
vn 1.0000 0.0001 -0.0093
vn 0.9971 0.0522 0.0552
vn 0.3603 -0.6204 -0.6966
vn 0.4373 -0.5595 -0.7041
vn 0.9959 -0.0479 -0.0768
vn 0.9957 -0.0453 -0.0810
vn 0.5183 0.7047 0.4845
vn 0.5153 0.7331 0.4439
vn 0.3640 -0.6949 -0.6202
vn 0.4448 -0.7030 -0.5549
vn 0.4446 -0.6678 -0.5969
vn 0.4425 -0.6322 -0.6360
vn 0.3642 -0.7315 -0.5764
vn 0.4433 -0.7383 -0.5084
vn 0.4488 0.6346 0.6292
vn 0.4441 0.5619 0.6979
vn 0.5180 0.5736 0.6345
vn 0.5157 0.5379 0.6669
vn 0.4260 -0.4673 -0.7747
vn 0.9959 -0.0520 -0.0739
vn 0.4339 0.4771 0.7643
vn 0.5108 0.4990 0.7000
vn 0.5056 0.4571 0.7318
vn 0.4144 -0.4121 -0.8115
vn 1.0000 -0.0000 -0.0093
vn 0.9955 -0.0408 -0.0851
vn 0.4987 0.4183 0.7592
vn 0.3753 0.2174 0.9011
vn 0.4925 0.3902 0.7779
vn 0.4542 -0.4290 -0.7808
vn 0.9970 0.0673 0.0372
vn 0.4407 -0.7782 -0.4475
vn 0.4338 -0.8129 -0.3887
vn 0.5102 0.7588 0.4049
vn 0.5068 0.7745 0.3785
vn 0.9967 0.0752 0.0305
vn 0.9970 0.0699 0.0334
vn 0.4288 -0.8289 -0.3593
vn 0.4680 -0.7987 -0.3782
vn 0.4696 0.8627 0.1878
vn 0.2698 -0.7561 -0.5963
vn -0.0651 0.9976 -0.0218
vn 0.0376 0.9993 0.0089
vn 0.1376 0.9902 0.0252
vn 0.9961 -0.0642 -0.0598
vn 0.9962 -0.0672 -0.0555
vn 0.4409 -0.5960 -0.6711
vn 0.9961 -0.0610 -0.0635
vn -0.9956 -0.0874 -0.0333
vn -0.9947 0.0760 0.0689
vn 0.9961 -0.0755 -0.0460
vn -0.0594 0.0333 0.9977
vn -0.1557 -0.2435 0.9573
vn 0.0434 0.0672 0.9968
vn 0.1585 -0.1232 0.9796
vn 0.1437 0.0856 0.9859
vn 0.9971 0.0478 0.0590
vn 0.3586 0.6625 0.6577
vn 0.9972 0.0627 0.0411
vn 0.5204 0.6068 0.6009
vn -0.9955 0.0949 0.0055
vn -0.9953 -0.0919 -0.0307
vn -0.9935 0.1082 0.0345
vn -0.9944 0.0912 0.0537
vn 0.9957 0.0913 0.0138
vn 0.9966 0.0779 0.0284
vn 0.9957 -0.0812 -0.0445
vn 0.9954 0.0959 -0.0066
vn -1.0000 -0.0000 0.0093
vn -0.9936 0.0464 0.1034
vn -0.9961 -0.0599 -0.0650
vn 0.4327 -0.5165 -0.7389
vn 0.9968 0.0387 0.0699
vn 1.0000 -0.0001 -0.0094
vn -0.9961 -0.0638 -0.0615
vn -0.9961 -0.0555 -0.0687
vn 0.9960 -0.0589 -0.0672
vn 0.2659 -0.8369 -0.4784
vn 0.1846 0.1188 -0.9756
vn 0.1020 0.0677 -0.9925
vn 0.1804 0.1231 -0.9759
vn 0.9962 -0.0706 -0.0501
vn -1.0000 -0.0000 0.0094
vn -0.9925 0.0299 0.1181
vn -0.9957 -0.0457 -0.0812
vn -0.9945 0.0016 0.1045
vn 0.9953 -0.0406 -0.0883
vn 0.9963 0.0086 0.0855
vn 0.9995 -0.0312 0.0073
vn 0.9963 0.0267 0.0821
vn -0.2471 0.9598 -0.1335
vn -0.4467 0.8868 -0.1188
vn -0.9946 0.0877 0.0558
vn 0.0769 0.9617 -0.2631
vn 0.9970 0.0406 0.0666
vn 0.3599 0.6991 0.6178
vn 0.9960 -0.0550 -0.0705
vn 0.9970 0.0443 0.0631
vn -0.9960 -0.0509 -0.0731
vn 0.4182 -0.4300 -0.8001
vn 0.4501 0.2209 0.8652
vn 0.9972 0.0545 0.0517
vn 0.9972 0.0580 0.0481
vn 0.9971 0.0616 0.0449
vn -0.9961 -0.0770 -0.0435
vn -0.9957 -0.0495 -0.0777
vn 0.6883 0.5569 0.4649
vn 0.6136 0.5674 0.5492
vn 0.6486 0.5263 0.5499
vn 0.0322 0.0046 -0.9995
vn -0.6567 -0.7378 0.1558
vn -0.6064 -0.7539 0.2528
vn -0.6159 -0.7726 0.1540
vn 0.1610 0.1440 -0.9764
vn 0.1650 0.1402 -0.9763
vn 0.7217 0.5133 0.4644
vn 0.6809 0.4848 0.5489
vn -0.8112 -0.5643 0.1536
vn -0.8362 -0.4893 0.2476
vn -0.7945 -0.5528 0.2514
vn -0.7350 -0.6597 0.1565
vn -0.6828 -0.6848 0.2545
vn -0.6954 -0.7013 0.1570
vn 0.1692 0.1365 -0.9761
vn 0.1725 0.1317 -0.9762
vn 0.0359 0.0004 -0.9994
vn -0.5577 -0.7913 0.2505
vn -0.5652 -0.8106 0.1534
vn 0.4497 0.7778 0.4391
vn 0.4642 0.7080 0.5322
vn 0.4948 0.7446 0.4480
vn 0.5383 0.7103 0.4535
vn 0.5425 0.6404 0.5437
vn 0.5774 0.6755 0.4586
vn -0.4913 -0.8355 0.2461
vn -0.4968 -0.8550 0.1490
vn -0.4288 -0.8707 0.2408
vn -0.4335 -0.8892 0.1463
vn 0.3740 0.8224 0.4287
vn 0.3799 0.7686 0.5147
vn 0.4059 0.8050 0.4326
vn 0.1567 0.1484 -0.9764
vn -0.3973 -0.8864 0.2377
vn -0.4023 -0.9038 0.1459
vn -0.4282 -0.8710 0.2407
vn -0.4883 -0.8726 -0.0120
vn 0.1805 0.9157 0.3591
vn 0.3503 0.7872 0.5075
vn 0.0946 0.0689 -0.9931
vn 0.1361 0.1415 -0.9805
vn 0.1505 0.1508 -0.9770
vn 0.7523 0.4690 0.4626
vn 0.7110 0.4425 0.5465
vn 0.7793 0.4272 0.4586
vn 0.7372 0.4021 0.5429
vn -0.8884 -0.4343 0.1485
vn -0.8858 -0.3972 0.2400
vn -0.8703 -0.4284 0.2428
vn 0.0287 0.0088 -0.9995
vn 0.7954 0.3967 0.4582
vn 0.7544 0.3737 0.5397
vn 0.8975 0.1721 0.4059
vn 0.8516 0.1666 0.4970
vn -0.9038 -0.4022 0.1464
vn -0.8306 -0.4986 0.2481
vn 0.0215 0.0202 -0.9996
vn 0.5772 0.5360 0.6160
vn 0.6108 0.4971 0.6163
vn -0.1020 -0.0677 0.9925
vn -0.0515 -0.0028 0.9987
vn -0.6456 -0.7202 0.2541
vn -0.5928 -0.7317 0.3364
vn -0.1467 -0.1366 0.9797
vn -0.0944 -0.0678 0.9932
vn -0.1314 -0.1453 0.9806
vn 0.6419 0.4575 0.6153
vn 0.6714 0.4176 0.6123
vn -0.7210 -0.6446 0.2544
vn -0.7383 -0.5842 0.3372
vn -0.7028 -0.6261 0.3378
vn -0.6660 -0.6648 0.3383
vn -0.7579 -0.6011 0.2534
vn -0.7734 -0.5378 0.3357
vn 0.5778 0.6057 0.5471
vn 0.5052 0.6741 0.5389
vn 0.5097 0.6063 0.6105
vn 0.4743 0.6389 0.6057
vn -0.4809 -0.8127 0.3290
vn -0.1519 -0.1313 0.9796
vn -0.1012 -0.0681 0.9925
vn 0.4211 0.7405 0.5239
vn 0.4358 0.6720 0.5987
vn 0.3946 0.7036 0.5909
vn -0.3888 -0.8649 0.3175
vn -0.0753 -0.0568 0.9955
vn -0.1078 -0.1496 0.9829
vn 0.3568 0.7325 0.5798
vn 0.1765 0.8750 0.4509
vn 0.3300 0.7530 0.5693
vn -0.4050 -0.8397 0.3618
vn -0.0355 -0.0207 0.9992
vn -0.8143 -0.4767 0.3311
vn -0.8484 -0.4182 0.3244
vn 0.6971 0.3799 0.6081
vn 0.7139 0.3528 0.6049
vn -0.0280 -0.0277 0.9992
vn -0.0325 -0.0247 0.9992
vn -0.8638 -0.3887 0.3206
vn -0.6828 -0.5879 0.4338
vn 0.8082 0.1652 0.5653
vn -0.7733 -0.6147 0.1552
vn 0.9992 -0.0120 0.0373
vn 0.9900 0.0127 0.1405
vn 0.9707 0.0232 0.2393
vn -0.1648 -0.1180 0.9792
vn -0.1683 -0.1142 0.9791
vn -0.6303 -0.6991 0.3376
vn -0.1615 -0.1217 0.9793
vn 0.0153 0.0246 -0.9996
vn 0.1763 0.1274 -0.9761
vn -0.1765 -0.1047 0.9787
vn 0.0244 0.9997 -0.0001
vn 0.0305 0.9840 -0.1754
vn 0.0490 0.9930 0.1072
vn -0.1535 0.9510 0.2683
vn 0.0608 0.9764 0.2074
vn -0.0552 0.0008 0.9985
vn 0.6145 0.6398 0.4616
vn -0.0384 -0.0168 0.9991
vn 0.5433 0.5732 0.6134
vn 0.1964 0.0643 -0.9784
vn 0.0104 0.0267 -0.9996
vn 0.2085 0.0928 -0.9736
vn 0.1927 0.1125 -0.9748
vn -0.0111 -0.0439 0.9990
vn -0.0253 -0.0296 0.9992
vn -0.1812 -0.1028 0.9781
vn -0.0074 -0.0641 0.9979
vn 0.0774 0.0625 -0.9950
vn 0.1136 0.1092 -0.9875
vn 0.0434 -0.0068 -0.9990
vn 0.1012 0.0681 -0.9925
vn -0.5460 -0.7683 0.3342
vn -0.0250 0.0740 0.9969
vn -0.0488 -0.0272 0.9984
vn 0.0397 -0.0030 -0.9992
vn 0.0466 -0.0086 -0.9989
vn -0.1582 -0.1252 0.9794
vn -0.8539 -0.4982 0.1506
vn -0.1715 -0.1088 0.9792
vn 0.0550 0.0415 -0.9976
vn 0.0753 0.0687 -0.9948
vn 0.0105 -0.0324 -0.9994
vn 0.0436 0.1254 -0.9911
vn -0.0858 -0.1343 0.9872
vn -0.0283 0.0784 0.9965
vn -0.0651 -0.0251 0.9976
vn -0.0117 0.1415 0.9899
vn 0.9813 -0.1083 -0.1588
vn 0.9162 -0.1722 -0.3618
vn 0.1887 0.1147 -0.9753
vn 0.9999 -0.0002 -0.0154
vn -0.0470 0.0288 0.9985
vn 0.6516 0.5997 0.4645
vn -0.1553 -0.1285 0.9795
vn -0.0565 0.0072 0.9984
vn 0.0421 -0.0074 -0.9991
vn -0.4194 -0.8488 0.3220
vn 0.1751 0.8397 0.5140
vn -0.0481 -0.0062 0.9988
vn -0.0455 -0.0099 0.9989
vn -0.0418 -0.0132 0.9990
vn 0.0253 0.0140 -0.9996
vn 0.0268 -0.0133 -0.9996
vn 0.8886 -0.4160 -0.1932
vn 0.6698 -0.7184 -0.1880
vn 0.8860 -0.3652 -0.2856
vn 0.7946 -0.6050 -0.0511
vn 0.3784 -0.9134 -0.1497
vn 0.7140 -0.6580 -0.2393
vn 0.3889 -0.8871 -0.2485
vn -0.3037 -0.9357 -0.1795
vn 0.2511 -0.9672 -0.0396
vn -0.0041 -0.9996 -0.0287
vn -0.3327 -0.9149 -0.2284
vn 0.0019 -0.9894 -0.1453
vn 0.5315 -0.8465 -0.0314
vn -0.0017 -0.9789 -0.2044
vn -0.6870 -0.4425 -0.5764
vn -0.8689 -0.1682 -0.4656
vn -0.6715 -0.2527 -0.6965
vn -0.7306 -0.1455 -0.6671
vn -0.7416 -0.4842 -0.4642
vn -0.8606 -0.3229 -0.3939
vn -0.4233 -0.7297 -0.5370
vn -0.1621 -0.7245 0.6700
vn -0.0430 -0.6063 0.7940
vn -0.3673 -0.5176 0.7728
vn -0.3216 -0.7204 0.6145
vn -0.1478 -0.9101 0.3871
vn -0.0333 -0.8429 0.5371
vn -0.2426 -0.8831 0.4016
vn -0.5204 0.0859 -0.8496
vn -0.5623 -0.4530 -0.6918
vn -0.6154 -0.2718 -0.7399
vn -0.4702 -0.1648 -0.8670
vn -0.4672 -0.4811 -0.7418
vn -0.6239 -0.4133 -0.6633
vn -0.5297 -0.7442 -0.4068
vn -0.0493 -0.9632 0.2641
vn -0.1950 -0.9380 -0.2867
vn -0.0451 -0.9989 0.0122
vn -0.1563 -0.9876 0.0167
vn -0.2420 -0.9172 -0.3166
vn -0.2108 -0.9774 0.0168
vn 0.8628 0.4985 -0.0844
vn 0.9744 0.2242 0.0134
vn 0.9952 -0.0930 -0.0310
vn 0.8317 0.5348 -0.1491
vn 0.8630 0.5052 -0.0101
vn 0.6914 0.7225 -0.0063
vn 0.5179 0.8331 -0.1944
vn -0.5441 0.7448 -0.3862
vn -0.4872 0.5153 -0.7051
vn -0.6911 0.6314 -0.3517
vn -0.3011 0.9195 -0.2528
vn -0.7007 0.4695 -0.5373
vn -0.2748 0.9095 -0.3120
vn -0.4025 0.8613 -0.3101
vn 0.3191 0.9468 -0.0419
vn -0.2111 0.9651 -0.1549
vn 0.0450 0.9902 -0.1321
vn -0.4578 0.8535 -0.2490
vn 0.0521 0.9862 -0.1569
vn -0.0872 0.4936 0.8653
vn -0.2915 0.3897 0.8736
vn 0.0310 0.2210 0.9748
vn 0.0126 0.5020 0.8648
vn -0.1553 -0.0129 0.9878
vn -0.1748 0.8422 0.5100
vn -0.0921 0.7763 0.6236
vn -0.1378 0.9641 -0.2269
vn -0.0192 0.9513 0.3078
vn -0.0313 0.9995 -0.0016
vn -0.2346 0.8514 -0.4692
vn -0.1116 0.9933 0.0291
vn 0.0174 0.7273 0.6861
vn -0.2363 0.9198 -0.3132
vn -0.1391 0.9897 0.0342
vn -0.3470 0.7539 -0.5579
vn -0.3415 0.6327 -0.6950
vn -0.4369 0.4690 -0.7675
vn -0.3733 0.7704 -0.5169
vn -0.2968 0.9093 -0.2916
vn -0.9059 0.2392 -0.3494
vn -0.8538 0.5078 -0.1142
vn -0.5955 0.5264 -0.6069
vn -0.6548 0.6415 -0.3997
vn -0.5490 0.8169 -0.1767
vn -0.1028 0.4956 -0.8624
vn -0.3438 0.2289 -0.9107
vn -0.0694 0.1141 -0.9910
vn -0.1638 0.8482 -0.5037
vn -0.3849 0.6354 -0.6695
vn -0.4165 0.7966 -0.4380
vn -0.1886 0.9482 -0.2558
vn -0.1270 0.9792 -0.1580
vn -0.9504 0.1616 0.2657
vn -0.8508 0.0232 0.5249
vn 0.0713 0.3773 0.9233
vn 0.6706 0.7415 0.0222
vn 0.6488 0.6695 0.3616
vn 0.5668 0.7920 0.2267
vn -0.3499 0.5603 0.7508
vn -0.4495 0.3898 0.8037
vn -0.2707 0.6636 0.6974
vn -0.5145 0.2715 0.8134
vn -0.7931 -0.1427 0.5922
vn -0.5456 0.7578 0.3580
vn -0.4769 0.7814 0.4025
vn -0.5304 0.7566 0.3823
vn 0.2195 0.8718 0.4378
vn 0.2195 0.8719 0.4378
vn 0.1068 0.7928 0.6000
vn 0.1069 0.7926 0.6003
vn -0.4514 0.8104 0.3735
vn -0.7162 0.6769 -0.1701
vn -0.7161 0.6769 -0.1701
vn 0.1573 0.2572 -0.9535
vn 0.0163 0.4718 -0.8816
vn 0.6486 0.7098 -0.2747
vn 0.5561 0.7546 -0.3483
vn 0.4119 0.8176 -0.4024
vn 0.2440 0.8934 -0.3773
vn 0.2463 0.9004 -0.3586
vn 0.7349 0.1146 0.6684
vn 0.6408 0.4426 0.6273
vn 0.7730 0.3022 0.5579
vn -0.3894 0.4068 -0.8264
vn -0.3894 0.4066 -0.8264
vn -0.3895 0.4067 -0.8264
vn 0.3175 0.8408 -0.4384
vn 0.4856 -0.8490 0.2083
vn 0.5821 -0.7916 0.1856
vn 0.8290 -0.2049 0.5204
vn 0.8290 -0.2050 0.5204
vn 0.8800 -0.3375 0.3341
vn 0.7354 0.5306 0.4215
vn 0.6412 0.6543 0.4010
vn 0.0979 0.6808 0.7259
vn 0.4394 0.6407 0.6296
vn 0.2913 0.5678 0.7699
vn 0.6887 0.5768 0.4393
vn 0.6252 -0.7568 -0.1910
vn 0.6054 -0.7698 -0.2021
vn -0.8339 -0.1429 0.5331
vn -0.9070 -0.3474 0.2379
vn -0.5911 -0.0310 0.8060
vn -0.5269 -0.5152 0.6760
vn -0.5951 -0.5829 0.5532
vn -0.2780 -0.7102 0.6468
vn -0.4809 -0.4753 0.7368
vn -0.1621 -0.5341 0.8297
vn -0.2380 -0.1774 0.9549
vn -0.1453 -0.1053 0.9838
vn -0.3234 -0.2663 0.9080
vn -0.3539 -0.9018 0.2482
vn -0.1539 -0.8230 0.5468
vn 0.0533 -0.9975 0.0473
vn 0.1575 -0.9696 0.1875
vn 0.4355 0.9001 0.0156
vn 0.4350 0.9003 0.0159
vn 0.4353 0.9002 0.0158
vn 0.5423 -0.2130 0.8128
vn 0.5422 -0.2130 0.8128
vn 0.5422 -0.2131 0.8128
vn 0.8079 0.5800 0.1049
vn 0.7420 0.6648 -0.0861
vn -0.4772 -0.8773 -0.0511
vn -0.4781 -0.8749 -0.0775
vn -0.4462 -0.7504 -0.4877
vn 0.5112 -0.8548 -0.0896
vn 0.2452 -0.9119 -0.3292
vn 0.8292 -0.5329 -0.1685
vn 0.6485 -0.6631 -0.3739
vn 0.5380 -0.6056 -0.5863
vn 0.7960 -0.4361 -0.4197
vn 0.9648 -0.1958 -0.1757
vn 0.8609 -0.1935 -0.4705
vn 0.9568 -0.1864 -0.2230
vn 0.2456 -0.3609 -0.8997
vn 0.5120 -0.1198 -0.8506
vn 0.6484 -0.3983 -0.6488
vn 0.6381 0.4194 -0.6457
vn 0.4932 0.1859 -0.8498
vn 0.4510 0.1287 -0.8832
vn 0.8843 0.3314 -0.3289
vn 0.7922 0.4441 0.4187
vn 0.8644 0.3088 -0.3969
vn 0.8204 0.5246 -0.2275
vn 0.2903 0.7873 0.5439
vn 0.4373 0.6543 0.6169
vn 0.6327 -0.2058 -0.7466
vn 0.6831 -0.1549 -0.7137
vn 0.6911 -0.1464 -0.7078
vn 0.5927 -0.2426 -0.7680
vn -0.4911 0.8381 -0.2376
vn -0.1195 0.9275 0.3541
vn -0.6022 0.7508 -0.2714
vn -0.3380 0.9252 0.1728
vn -0.0855 0.7178 0.6910
vn -0.4353 0.8957 0.0910
vn -0.2180 0.9064 0.3618
vn -0.8905 -0.3243 -0.3191
vn -0.7878 -0.2021 -0.5819
vn -0.7883 -0.5861 -0.1871
vn -0.8917 -0.4428 -0.0937
vn -0.8904 -0.1008 -0.4438
vn -0.7483 -0.0247 -0.6629
vn -0.9213 0.2860 0.2634
vn -0.9214 0.2857 0.2636
vn -0.8870 0.0849 0.4539
vn -0.1376 0.4270 0.8937
vn -0.6117 -0.2120 0.7621
vn -0.3406 0.2085 0.9168
vn -0.6084 -0.2474 0.7541
vn -0.2164 0.3972 0.8919
vn -0.4391 0.1255 0.8896
vn 0.8446 -0.2524 -0.4722
vn 0.9233 0.3618 -0.1290
vn 0.7716 -0.1305 -0.6226
vn 0.9009 0.2308 -0.3675
vn 0.7141 0.6871 -0.1337
vn 0.8174 0.3907 -0.4233
vn 0.6766 0.6495 -0.3469
vn -0.2258 -0.2473 -0.9423
vn -0.2056 -0.5960 -0.7762
vn -0.5826 -0.1977 -0.7884
vn -0.3070 -0.1048 -0.9459
vn -0.0973 -0.3318 -0.9383
vn -0.0309 -0.6734 -0.7386
vn -0.0271 -0.0526 -0.9982
vn 0.3904 0.9103 -0.1379
vn -0.2447 0.8341 -0.4943
vn 0.2606 0.8884 -0.3779
vn -0.2564 0.7460 -0.6146
vn 0.4264 0.7946 -0.4322
vn 0.1274 0.9189 0.3733
vn 0.3923 0.9129 0.1128
vn 0.1097 0.7130 0.6925
vn 0.3666 0.8614 0.3515
vn 0.7084 0.6988 0.0997
vn 0.5808 0.5827 0.5684
vn 0.6704 0.6708 0.3172
vn 0.3856 0.1391 0.9121
vn 0.1250 0.4002 0.9079
vn 0.7034 0.1189 0.7007
vn 0.3638 0.3747 0.8528
vn 0.3289 0.6768 0.6586
vn 0.9154 0.3843 0.1199
vn 0.9138 0.1303 0.3847
vn 0.8597 0.3648 0.3575
vn 0.6694 0.3348 0.6632
vn -0.2359 -0.4523 0.8601
vn 0.3680 -0.1086 0.9235
vn -0.2724 -0.6068 0.7467
vn 0.2411 -0.3503 0.9051
vn 0.6970 -0.1127 0.7082
vn 0.4040 -0.4081 0.8187
vn 0.6614 -0.3281 0.6745
vn -0.2380 -0.9463 -0.2190
vn -0.5836 -0.7892 -0.1912
vn -0.2037 -0.7958 -0.5703
vn -0.1048 -0.9488 -0.2980
vn -0.3187 -0.9440 -0.0859
vn -0.6599 -0.7512 -0.0148
vn -0.0447 -0.9988 -0.0221
vn 0.9174 -0.1194 0.3795
vn 0.8284 -0.4995 -0.2533
vn 0.8956 -0.3639 0.2558
vn 0.7374 -0.6233 -0.2604
vn 0.8072 -0.4146 0.4203
vn -0.9817 0.1479 0.1203
vn -0.8128 0.4923 0.3114
vn -0.9044 0.4190 0.0806
vn -0.9557 0.1805 0.2324
vn -0.7549 0.5301 0.3863
vn -0.7567 0.6059 0.2456
vn -0.6474 0.7599 0.0586
vn -0.6431 0.6399 0.4207
vn 0.3578 0.4420 0.8226
vn 0.5556 -0.0417 0.8304
vn 0.6007 0.3066 0.7383
vn 0.3694 0.5419 0.7549
vn -0.2742 -0.0122 0.9616
vn -0.0238 0.2047 0.9785
vn -0.4007 -0.1157 0.9089
vn 0.1172 0.6107 0.7831
vn 0.1863 0.6398 0.7456
vn -0.3243 0.9428 0.0767
vn 0.1744 0.9394 0.2952
vn -0.1167 0.9599 0.2549
vn 0.4334 0.7225 0.5387
vn -0.2332 0.9311 0.2804
vn -0.0731 0.9332 0.3518
vn -0.9201 0.3777 -0.1037
vn -0.9203 0.0921 -0.3802
vn -0.7032 0.7034 -0.1042
vn -0.8486 0.3682 -0.3799
vn -0.7027 0.0804 -0.7069
vn -0.6594 0.6563 -0.3668
vn -0.6594 0.3443 -0.6683
vn -0.0950 0.9140 -0.3945
vn -0.3767 0.9194 -0.1132
vn -0.0896 0.6919 -0.7164
vn -0.3714 0.8435 -0.3882
vn -0.3527 0.6500 -0.6731
vn -0.3765 0.0816 -0.9228
vn -0.0951 0.3625 -0.9271
vn -0.3710 0.3585 -0.8566
vn 0.2848 0.5333 -0.7965
vn 0.1625 0.1314 -0.9779
vn 0.0837 0.4077 -0.9093
vn 0.2578 0.8192 -0.5123
vn 0.8579 0.1729 -0.4840
vn 0.5591 0.5035 -0.6587
vn 0.9203 0.0881 -0.3812
vn 0.5498 0.8000 -0.2402
vn 0.2889 0.9461 0.1466
vn 0.0905 0.9382 -0.3342
vn 0.5011 0.7717 0.3916
vn 0.2561 0.9590 -0.1213
vn 0.0704 0.7547 -0.6523
vn 0.5335 0.8308 0.1582
vn 0.7571 0.5528 0.3481
vn 0.6954 0.4322 0.5741
vn 0.8208 0.2277 0.5238
vn 0.7640 0.5972 0.2441
vn -0.9224 -0.3727 0.1018
vn -0.9215 -0.0896 0.3780
vn -0.9909 -0.0936 0.0966
vn -0.7065 -0.7002 0.1028
vn -0.8503 -0.3663 0.3778
vn -0.7055 -0.0789 0.7043
vn -0.6614 -0.6551 0.3651
vn -0.6625 -0.3437 0.6656
vn -0.0991 -0.9137 0.3940
vn -0.3801 -0.9181 0.1127
vn -0.0943 -0.6917 0.7160
vn -0.3754 -0.8418 0.3879
vn -0.3571 -0.6486 0.6722
vn -0.3805 -0.0807 0.9213
vn -0.0999 -0.3624 0.9267
vn -0.3754 -0.3581 0.8549
vn -0.9094 0.0388 0.4140
vn -0.9702 0.2291 0.0788
vn -0.8893 0.0281 0.4565
vn -0.7438 0.0527 0.6664
vn -0.3873 0.6176 0.6845
vn -0.5596 0.5724 0.5994
vn -0.7174 0.4826 0.5024
vn -0.4505 0.4982 0.7409
vn -0.2787 0.6824 0.6758
vn 0.1803 0.2940 0.9386
vn -0.3276 0.0840 0.9411
vn 0.4049 0.5565 0.7255
vn 0.2638 0.5439 0.7966
vn -0.4470 0.0997 0.8890
vn -0.6775 0.0454 0.7341
vn 0.6858 0.7120 0.1508
vn 0.6443 0.6958 0.3172
vn 0.5473 0.6468 0.5311
vn 0.1730 0.8503 0.4971
vn 0.1730 0.8505 0.4967
vn 0.1730 0.8502 0.4972
vn 0.2918 0.5623 0.7737
vn 0.8414 0.1019 0.5307
vn 0.1018 -0.9790 0.1766
vn 0.2796 -0.7781 0.5625
vn 0.0786 -0.8947 0.4397
vn 0.8542 -0.4825 0.1935
vn 0.5539 -0.6423 0.5297
vn 0.2516 -0.4838 0.8383
vn 0.0648 -0.6259 0.7772
vn 0.5445 -0.2114 0.8117
vn 0.7552 0.3664 0.5435
vn 0.8202 0.5310 0.2128
vn 0.6941 0.5881 0.4151
vn 0.5302 0.1866 0.8271
vn 0.7609 0.2655 0.5920
vn 0.0857 -0.3018 0.9495
vn 0.2852 0.1790 0.9416
vn 0.2510 -0.0887 0.9639
vn 0.4980 0.4189 0.7593
vn 0.5161 -0.7920 0.3262
vn 0.1471 -0.9031 0.4035
vn 0.4236 -0.9006 0.0975
vn 0.8290 -0.4924 0.2652
vn 0.4957 -0.7724 0.3971
vn 0.8055 -0.2156 0.5520
vn 0.9434 0.1687 0.2857
vn 0.9429 -0.3193 0.0950
vn 0.7654 0.4129 0.4936
vn 0.9612 -0.1001 0.2569
vn 0.7659 -0.6379 0.0801
vn 0.8282 0.1828 0.5298
vn 0.1439 0.5543 0.8198
vn 0.5154 0.3588 0.7782
vn 0.4227 0.5930 0.6854
vn 0.1460 0.3877 0.9102
vn 0.4961 0.2937 0.8171
vn 0.0978 -0.9270 -0.3621
vn 0.3788 -0.9220 -0.0806
vn 0.0978 -0.9920 -0.0795
vn 0.0928 -0.7162 -0.6916
vn 0.3745 -0.8552 -0.3584
vn 0.7042 -0.7057 -0.0787
vn 0.3558 -0.6727 -0.6488
vn 0.6620 -0.6668 -0.3422
vn 0.3800 -0.1134 -0.9180
vn 0.0983 -0.3943 -0.9137
vn 0.7054 -0.1037 -0.7012
vn 0.3742 -0.3878 -0.8424
vn 0.6623 -0.3658 -0.6538
vn 0.9201 -0.3813 -0.0892
vn 0.9211 -0.1039 -0.3753
vn 0.8498 -0.3796 -0.3658
vn 0.2088 0.0317 -0.9775
vn 0.5995 0.1744 -0.7812
vn 0.5375 0.1001 -0.8373
vn 0.3680 0.1524 -0.9172
vn 0.5217 0.4575 -0.7201
vn 0.7683 0.2030 -0.6070
vn 0.7313 0.0854 -0.6767
vn -0.7471 -0.6431 -0.1684
vn -0.7472 -0.6429 -0.1683
vn -0.7473 -0.6429 -0.1683
vn 0.5091 0.7421 0.4361
vn 0.2704 0.8588 0.4350
vn 0.4594 0.6907 0.5585
vn 0.6419 0.6204 0.4506
vn 0.5213 0.8387 0.1573
vn 0.9434 0.0611 -0.3259
vn 0.9428 0.2817 0.1784
vn 0.8066 0.1768 -0.5640
vn 0.8911 0.3796 0.2486
vn 0.7352 0.5102 0.4462
vn -0.4007 -0.1686 0.9006
vn -0.7078 -0.1757 0.6842
vn -0.5980 -0.2596 0.7583
vn -0.5964 -0.0328 0.8020
vn -0.9073 -0.1511 0.3925
vn -0.6434 -0.2235 0.7322
vn -0.8779 -0.2498 0.4085
vn -0.9356 -0.2066 -0.2864
vn -0.9638 -0.0469 0.2626
vn -0.9989 -0.0468 0.0062
vn -0.9141 -0.2550 -0.3153
vn -0.9865 -0.1626 0.0170
vn -0.8410 -0.0263 0.5404
vn -0.9756 -0.2188 0.0168
vn -0.4428 -0.6080 -0.6590
vn -0.1677 -0.5004 -0.8494
vn -0.2457 -0.7261 -0.6422
vn -0.1479 -0.6959 -0.7027
vn -0.4828 -0.5009 -0.7183
vn -0.3240 -0.4301 -0.8426
vn -0.7276 -0.5640 -0.3905
vn -0.7402 0.6478 -0.1800
vn -0.6207 0.7812 -0.0666
vn -0.5330 0.7511 -0.3897
vn -0.7349 0.5893 -0.3355
vn -0.9178 0.3662 -0.1534
vn -0.8532 0.5195 -0.0452
vn -0.8922 0.3761 -0.2500
vn 0.0967 -0.8661 -0.4904
vn -0.4474 -0.7191 -0.5318
vn -0.2623 -0.7668 -0.5858
vn -0.1532 -0.8866 -0.4364
vn -0.4724 -0.7662 -0.4357
vn -0.4071 -0.6931 -0.5948
vn -0.7421 -0.4358 -0.5093
vn -0.9683 0.2450 -0.0495
vn -0.9340 -0.3114 -0.1751
vn -0.9994 -0.0071 -0.0348
vn -0.9891 -0.0091 -0.1472
vn -0.9122 -0.3456 -0.2200
vn -0.9794 -0.0064 -0.2018
vn 0.4976 -0.0686 0.8647
vn 0.2330 0.0534 0.9710
vn 0.3833 -0.2717 0.8827
vn -0.0005 -0.1388 0.9903
vn 0.5116 0.0309 0.8587
vn 0.7300 0.0316 0.6827
vn 0.8379 -0.1644 0.5205
vn 0.7542 -0.3676 -0.5441
vn 0.4771 -0.4595 -0.7492
vn 0.6329 -0.3655 -0.6826
vn 0.9213 -0.2483 -0.2991
vn 0.7759 -0.3902 -0.4957
vn 0.9113 -0.3077 -0.2735
vn 0.9500 -0.0136 0.3118
vn 0.9657 -0.1460 -0.2149
vn 0.9928 -0.1134 0.0392
vn 0.8537 -0.2512 -0.4561
vn 0.9889 -0.1408 0.0475
vn 0.4781 0.8694 -0.1250
vn 0.3677 0.8710 -0.3258
vn 0.2045 0.9788 -0.0076
vn 0.4885 0.8722 -0.0248
vn -0.0312 0.9809 -0.1922
vn 0.8309 0.5181 -0.2029
vn 0.7664 0.6303 -0.1241
vn 0.9672 -0.2128 -0.1388
vn 0.9464 0.3205 -0.0404
vn 0.9990 0.0141 -0.0415
vn 0.8576 -0.4622 -0.2253
vn 0.9916 0.0419 -0.1223
vn 0.7148 0.6991 -0.0157
vn 0.9233 -0.3053 -0.2328
vn 0.9875 0.0486 -0.1496
vn 0.7593 -0.5588 -0.3335
vn 0.6428 -0.6955 -0.3210
vn 0.4838 -0.7725 -0.4113
vn 0.7786 -0.5130 -0.3615
vn 0.9105 -0.2901 -0.2948
vn -0.3591 0.6366 -0.6825
vn -0.1556 0.7014 -0.6956
vn -0.3687 0.7280 -0.5779
vn -0.0123 0.8293 -0.5586
vn -0.1021 0.4086 -0.9070
vn -0.2197 0.9293 -0.2968
vn -0.1992 0.4165 -0.8871
vn -0.1389 0.5332 -0.8345
vn -0.1455 -0.2667 -0.9527
vn -0.0062 0.2932 -0.9560
vn -0.0019 0.0403 -0.9992
vn -0.1922 -0.3102 -0.9310
vn -0.1090 0.0295 -0.9936
vn 0.0066 0.5710 -0.8209
vn -0.1615 0.0208 -0.9867
vn -0.4918 -0.7024 -0.5146
vn -0.4277 -0.8695 -0.2469
vn -0.5182 -0.8537 0.0519
vn -0.5511 -0.6859 -0.4753
vn -0.4052 -0.7454 -0.5293
vn -0.3614 -0.8440 -0.3963
vn -0.4586 -0.4283 -0.7786
vn 0.7259 -0.1458 -0.6722
vn 0.8411 -0.0255 -0.5403
vn 0.9111 -0.2645 -0.3162
vn 0.7642 -0.2006 -0.6130
vn 0.4594 -0.0968 -0.8829
vn 0.6054 0.0079 -0.7959
vn 0.4692 -0.1956 -0.8611
vn -0.8021 -0.5930 -0.0700
vn -0.6589 -0.5199 -0.5437
vn -0.6694 -0.6473 -0.3646
vn -0.8602 -0.4332 -0.2690
vn -0.7102 -0.4113 -0.5714
vn -0.7346 -0.6213 -0.2727
vn -0.3548 -0.4668 -0.8101
vn -0.4374 -0.4320 -0.7888
vn 0.3431 0.0086 -0.9393
vn -0.2119 -0.1221 -0.9696
vn 0.0954 0.0234 -0.9952
vn 0.0961 -0.0891 -0.9914
vn -0.2426 -0.1686 -0.9554
vn 0.0952 -0.1440 -0.9850
vn -0.0945 0.8238 0.5589
vn 0.0252 0.9519 0.3054
vn -0.2912 0.8243 0.4854
vn -0.1417 0.9851 0.0970
vn -0.0000 0.8254 0.5646
vn -0.0054 0.6425 0.7663
vn -0.1925 0.4594 0.8671
vn -0.3683 -0.6225 0.6906
vn -0.4371 -0.8186 0.3726
vn -0.3568 -0.7518 0.5544
vn -0.2652 -0.3708 0.8900
vn -0.3959 -0.5895 0.7041
vn -0.3268 -0.3579 0.8747
vn -0.0504 0.2732 0.9606
vn -0.1699 -0.2662 0.9488
vn -0.1440 -0.0128 0.9895
vn -0.2637 -0.5227 0.8107
vn -0.1708 -0.0092 0.9853
vn 0.8162 -0.1259 0.5639
vn 0.9988 -0.0438 -0.0231
vn 0.9528 -0.0136 0.3034
vn 0.8188 -0.0484 0.5721
vn 0.7878 -0.1886 0.5863
vn 0.4378 -0.2417 0.8659
vn -0.3107 -0.1959 0.9301
vn 0.2245 -0.0936 0.9700
vn -0.0877 -0.0997 0.9912
vn -0.5448 -0.2776 0.7913
vn -0.0583 -0.1800 0.9819
vn 0.6220 -0.0533 0.7812
vn -0.3954 -0.2879 0.8722
vn -0.0528 -0.2063 0.9771
vn -0.6215 -0.4032 0.6717
vn -0.7539 -0.3621 0.5481
vn -0.5560 -0.7100 0.4322
vn -0.7557 -0.5351 0.3776
vn -0.3739 -0.3517 0.8582
vn 0.3167 -0.8966 0.3096
vn 0.2989 -0.8961 0.3281
vn 0.4692 -0.7595 0.4505
vn 0.4429 -0.7596 0.4762
vn 0.6690 -0.2395 0.7036
vn 0.7321 0.0148 0.6811
vn 0.6914 0.0174 0.7223
vn 0.3337 -0.8961 0.2928
vn 0.4925 -0.7598 0.4245
vn 0.7087 -0.2421 0.6627
vn 0.7685 0.0127 0.6398
vn -0.2879 -0.9142 -0.2853
vn -0.2697 -0.9140 -0.3033
vn -0.4315 -0.7899 -0.4359
vn -0.6120 -0.3316 -0.7180
vn -0.6896 -0.0869 -0.7190
vn -0.6555 -0.3321 -0.6783
vn -0.2483 -0.9147 -0.3188
vn -0.4048 -0.7868 -0.4659
vn -0.5635 -0.3340 -0.7556
vn -0.6437 -0.0867 -0.7603
vn 0.2600 -0.8952 0.3619
vn 0.2800 -0.8952 0.3467
vn 0.3857 -0.7585 0.5253
vn 0.6252 -0.2401 0.7426
vn 0.6012 0.0175 0.7989
vn 0.5812 -0.2378 0.7782
vn 0.4160 -0.7577 0.5029
vn 0.6466 0.0183 0.7626
vn -0.3060 -0.9132 -0.2691
vn -0.3216 -0.9129 -0.2514
vn -0.4605 -0.7859 -0.4127
vn -0.4834 -0.7857 -0.3860
vn -0.7284 -0.3317 -0.5995
vn -0.7313 -0.0879 -0.6764
vn -0.7677 -0.0858 -0.6350
vn -0.6943 -0.3308 -0.6392
vn -0.3380 -0.9114 -0.2349
vn -0.3529 -0.9109 -0.2141
vn -0.5082 -0.7821 -0.3605
vn -0.5325 -0.7801 -0.3284
vn -0.7938 -0.3285 -0.5118
vn -0.8018 -0.0894 -0.5909
vn -0.8368 -0.0875 -0.5405
vn -0.7597 -0.3333 -0.5583
vn 0.3493 -0.8962 0.2734
vn 0.5154 -0.7596 0.3967
vn 0.7438 -0.2433 0.6225
vn 0.8029 0.0129 0.5960
vn 0.3665 -0.8951 0.2540
vn 0.5397 -0.7569 0.3686
vn 0.7785 -0.2403 0.5799
vn 0.8366 0.0103 0.5477
vn 0.3831 -0.8939 0.2327
vn 0.5609 -0.7563 0.3366
vn 0.8110 -0.2430 0.5322
vn 0.8677 0.0045 0.4971
vn 0.4025 -0.8900 0.2141
vn 0.5854 -0.7486 0.3113
vn 0.8408 -0.2461 0.4822
vn 0.8937 0.0076 0.4486
vn -0.3713 -0.9083 -0.1928
vn -0.3853 -0.9059 -0.1756
vn -0.5600 -0.7744 -0.2945
vn -0.5789 -0.7700 -0.2684
vn -0.8517 -0.3153 -0.4185
vn -0.8711 -0.0884 -0.4830
vn -0.8947 -0.0844 -0.4385
vn -0.8265 -0.3265 -0.4585
vn 0.4478 -0.8859 0.1215
vn 0.3781 -0.9257 0.0083
vn 0.8237 -0.5347 0.1888
vn 0.7092 -0.7050 -0.0022
vn 0.9793 -0.0608 0.1929
vn 0.9311 -0.3645 -0.0121
vn 0.1837 -0.9777 0.1017
vn 0.6061 -0.7398 0.2921
vn 0.8702 -0.2344 0.4334
vn 0.9104 0.0087 0.4137
vn 0.6207 -0.7296 0.2872
vn 0.8878 -0.2275 0.4000
vn -0.3974 -0.9018 -0.1695
vn -0.5909 -0.7642 -0.2585
vn -0.9049 -0.0799 -0.4180
vn -0.8636 -0.3098 -0.3979
vn -0.2212 -0.9144 -0.3390
vn -0.3715 -0.7885 -0.4902
vn -0.5021 -0.3305 -0.7991
vn -0.5924 -0.0899 -0.8006
vn -0.1989 -0.9106 -0.3623
vn -0.3293 -0.7854 -0.5242
vn -0.4432 -0.3266 -0.8348
vn -0.5240 -0.0902 -0.8469
vn 0.2233 -0.8900 0.3975
vn 0.2407 -0.8934 0.3792
vn 0.3340 -0.7502 0.5707
vn 0.5350 -0.2343 0.8117
vn 0.5097 0.0236 0.8600
vn 0.4899 -0.2251 0.8422
vn 0.3588 -0.7543 0.5499
vn 0.5542 0.0199 0.8322
vn -0.0005 -0.9180 0.3967
vn -0.0007 -0.6901 0.7237
vn -0.0002 -0.3461 0.9382
vn 0.1232 -0.8812 0.4565
vn 0.2167 -0.5193 0.8266
vn 0.2377 -0.0248 0.9710
vn -0.1889 -0.9056 -0.3797
vn -0.2917 -0.7762 -0.5589
vn -0.4123 -0.3154 -0.8547
vn -0.4585 -0.0871 -0.8844
vn -0.4264 -0.0791 -0.9011
vn -0.2774 -0.7666 -0.5791
vn -0.4045 -0.3190 -0.8571
vn 0.2134 -0.8852 0.4134
vn 0.4596 -0.2101 0.8629
vn 0.3188 -0.7395 0.5929
vn 0.4777 0.0290 0.8780
vn 0.5015 0.6974 0.5120
vn 0.5316 0.6963 0.4822
vn 0.3631 0.8574 0.3647
vn 0.3850 0.8569 0.3428
vn 0.2019 0.9599 0.1945
vn 0.2144 0.9596 0.1823
vn 0.5594 0.6941 0.4531
vn 0.4051 0.8558 0.3217
vn 0.2254 0.9593 0.1703
vn -0.4928 0.6358 -0.5941
vn -0.5286 0.6346 -0.5637
vn -0.3576 0.8251 -0.4374
vn -0.3827 0.8258 -0.4144
vn -0.1961 0.9486 -0.2483
vn -0.2095 0.9490 -0.2355
vn -0.4537 0.6354 -0.6249
vn -0.3297 0.8244 -0.4601
vn -0.1805 0.9485 -0.2604
vn 0.4689 0.6981 0.5412
vn 0.4366 0.6968 0.5691
vn 0.3397 0.8578 0.3857
vn 0.3162 0.8572 0.4063
vn 0.1894 0.9599 0.2067
vn 0.1758 0.9601 0.2177
vn -0.5884 0.6360 -0.4993
vn -0.5597 0.6368 -0.5303
vn -0.4281 0.8246 -0.3698
vn -0.4054 0.8265 -0.3906
vn -0.2349 0.9487 -0.2118
vn -0.2229 0.9488 -0.2237
vn -0.6460 0.6306 -0.4301
vn -0.6185 0.6305 -0.4689
vn -0.4702 0.8226 -0.3197
vn -0.4486 0.8237 -0.3467
vn -0.2585 0.9481 -0.1850
vn -0.2464 0.9484 -0.1996
vn 0.5869 0.6904 0.4229
vn 0.4255 0.8538 0.3000
vn 0.2372 0.9584 0.1585
vn 0.6132 0.6880 0.3882
vn 0.4465 0.8511 0.2762
vn 0.2493 0.9574 0.1454
vn 0.6416 0.6803 0.3542
vn 0.4676 0.8474 0.2515
vn 0.2623 0.9559 0.1321
vn 0.6663 0.6729 0.3213
vn 0.4887 0.8419 0.2287
vn 0.2755 0.9538 0.1195
vn -0.7015 0.6171 -0.3566
vn -0.6780 0.6235 -0.3894
vn -0.5164 0.8129 -0.2693
vn -0.4960 0.8179 -0.2917
vn -0.2864 0.9449 -0.1585
vn -0.2724 0.9471 -0.1696
vn 0.9074 0.4186 0.0379
vn 0.7545 0.6373 0.1569
vn 0.6847 0.7285 0.0218
vn 0.5563 0.8235 0.1113
vn 0.3687 0.9295 0.0024
vn 0.3175 0.9465 0.0576
vn 0.6851 0.6646 0.2983
vn 0.5070 0.8350 0.2140
vn 0.2870 0.9514 0.1119
vn -0.7145 0.6101 -0.3424
vn -0.5281 0.8085 -0.2596
vn -0.2938 0.9435 -0.1534
vn -0.4043 0.6291 -0.6639
vn -0.2941 0.8215 -0.4885
vn -0.1614 0.9476 -0.2756
vn -0.3571 0.6208 -0.6979
vn -0.2622 0.8145 -0.5175
vn -0.1455 0.9447 -0.2938
vn 0.4034 0.6953 0.5949
vn 0.3730 0.6907 0.6195
vn 0.2925 0.8563 0.4257
vn 0.2715 0.8529 0.4459
vn 0.1634 0.9593 0.2302
vn 0.1513 0.9585 0.2415
vn 0.0587 0.4343 0.8989
vn 0.0448 0.7396 0.6715
vn 0.0243 0.9353 0.3531
vn 0.1974 0.6658 0.7195
vn 0.1465 0.8397 0.5229
vn 0.0853 0.9530 0.2907
vn -0.3344 0.6118 -0.7168
vn -0.2476 0.8072 -0.5358
vn -0.1383 0.9417 -0.3066
vn 0.3519 0.6855 0.6374
vn 0.2578 0.8484 0.4623
vn 0.1445 0.9570 0.2517
vn -0.8126 0.3506 -0.4656
vn -0.4501 -0.1198 0.8849
vn -0.4861 0.3493 -0.8011
vn -0.9471 0.1828 0.2637
vn -0.9471 0.1827 0.2638
vn -0.0590 -0.2422 0.9684
vn -0.6933 0.3588 -0.6250
vn 0.9688 -0.2360 -0.0761
vn -0.4475 0.3512 -0.8224
vn 0.3956 0.9183 -0.0134
vn 0.7183 0.6957 -0.0096
vn 0.9274 0.3741 -0.0045
vn 0.3797 0.0162 0.9250
vn 0.9229 0.0067 0.3851
vn 0.7047 0.0125 0.7094
vn -0.2666 -0.6941 -0.6686
vn -0.0246 -0.7618 -0.6473
vn 0.8788 -0.3426 -0.3322
vn -0.0687 -0.7193 -0.6912
vn 0.5724 -0.5868 -0.5728
vn -0.0001 0.3955 0.9184
vn 0.0006 0.7184 0.6956
vn 0.0012 0.9306 0.3661
vn -0.6830 -0.2643 -0.6809
vn -0.6586 -0.0056 -0.7524
vn -0.2901 0.9066 -0.3064
vn -0.7054 -0.0502 -0.7070
vn -0.6807 -0.6872 -0.2537
vn -0.7500 -0.6614 -0.0075
vn -0.3633 -0.3484 0.8640
vn -0.6108 -0.6034 0.5126
vn -0.7047 -0.7078 -0.0486
vn -0.9169 0.3991 -0.0056
vn -0.9087 0.4175 -0.0057
vn -0.6729 0.7397 -0.0101
vn -0.8891 0.4577 -0.0062
vn -0.4332 0.9012 -0.0123
vn -0.3262 0.9452 -0.0128
vn -0.0841 0.9934 0.0786
vn 0.1229 0.9924 -0.0074
vn 0.0022 0.9291 -0.3697
vn 0.0025 0.8169 -0.5767
vn 0.0026 0.7105 -0.7037
vn 0.0025 0.3805 -0.9248
vn 0.3214 0.8944 0.3110
vn 0.5361 0.7094 0.4576
vn 0.5607 0.6127 0.5571
vn 0.6582 0.3628 0.6596
vn 0.6822 0.2556 0.6851
vn 0.4645 0.7581 0.4577
vn -0.9155 0.0080 0.4022
vn -0.6845 0.0134 0.7289
vn -0.3636 0.0166 0.9314
vn -0.4562 0.0158 0.8897
vn -0.0736 0.1185 0.9902
vn -0.0024 -0.9080 0.4190
vn -0.0025 -0.7466 0.6652
vn -0.0025 -0.6725 0.7401
vn -0.0026 -0.5487 0.8360
vn -0.0025 -0.3500 0.9368
vn 0.1325 0.0316 0.9907
vn 0.3252 0.3428 0.8813
vn 0.4320 0.4479 0.7828
vn 0.5508 0.5634 0.6158
vn 0.5304 0.5447 0.6496
vn 0.6703 0.6768 0.3043
vn 0.4441 0.4598 0.7690
vn 0.9923 -0.0694 0.1029
vn 0.9333 -0.3589 0.0076
vn 0.7335 -0.6795 0.0130
vn 0.8633 0.3441 0.3692
vn 0.4077 -0.9130 0.0165
vn 0.9840 -0.1170 -0.1344
vn 0.9331 -0.0102 -0.3594
vn 0.7290 -0.0118 -0.6844
vn 0.4026 -0.0159 -0.9152
vn 0.9921 0.1253 0.0088
vn 0.8248 -0.0096 -0.5653
vn 0.5183 -0.0148 -0.8550
vn 0.9003 0.3134 0.3020
vn 0.7956 0.4343 0.4224
vn 0.6209 0.5852 0.5215
vn 0.3110 0.6847 0.6591
vn 0.7999 0.4318 0.4168
vn -0.3814 0.9243 -0.0162
vn -0.7057 0.7084 -0.0125
vn -0.9230 0.3848 -0.0069
vn 0.0025 0.3664 -0.9304
vn 0.0026 0.6946 -0.7194
vn 0.0026 0.9169 -0.3991
vn 0.6717 0.3207 0.6678
vn 0.5230 0.6817 0.5116
vn 0.2820 0.9221 0.2651
vn -0.3845 0.0165 0.9230
vn -0.7083 0.0131 0.7058
vn -0.9248 0.0077 0.3805
vn -0.0025 -0.3663 0.9305
vn -0.0026 -0.6944 0.7196
vn -0.0023 -0.9169 0.3991
vn 0.6520 0.6601 0.3731
vn 0.4982 0.5126 0.6993
vn 0.2684 0.2868 0.9196
vn 0.3830 -0.9236 0.0167
vn 0.7070 -0.7071 0.0134
vn 0.9243 -0.3817 0.0081
vn 0.3888 -0.0160 -0.9212
vn 0.7108 -0.0121 -0.7033
vn 0.9245 -0.0065 -0.3812
vn 0.3812 0.6659 0.6413
vn 0.7065 0.5088 0.4919
vn 0.9243 0.2732 0.2666
vn -0.9237 -0.0052 -0.3830
vn -0.7061 -0.0112 -0.7080
vn -0.7068 -0.0112 -0.7073
vn -0.3803 -0.0155 -0.9247
vn 0.8101 0.0088 0.5863
vn 0.9247 -0.0081 -0.3807
vn 0.9249 -0.0083 -0.3801
vn 0.9252 -0.0081 -0.3795
vn 0.1631 -0.0175 -0.9864
vn -0.3796 0.9248 -0.0265
vn -0.3798 0.9247 -0.0265
vn -0.3796 0.9248 -0.0264
vn -0.9234 0.3837 -0.0128
vn -0.8382 0.5448 -0.0243
vn 0.3811 0.9243 -0.0196
vn 0.1989 0.9796 -0.0291
vn 0.5201 0.8511 0.0713
vn 0.1602 -0.9869 0.0176
vn 0.1579 -0.9735 0.1655
vn 0.9227 -0.3854 0.0086
vn 0.9177 -0.3830 0.1058
vn 0.8096 0.5869 -0.0085
vn 0.9228 -0.3853 0.0086
vn 0.9214 -0.3885 0.0086
vn 0.0014 -0.3990 -0.9170
vn 0.0012 -0.7195 -0.6945
vn 0.0012 -0.7193 -0.6947
vn 0.0007 -0.9304 -0.3666
vn 0.0023 0.4011 0.9160
vn 0.0032 -0.9175 0.3978
vn -0.0111 -0.3649 0.9310
vn 0.0002 -0.9825 0.1864
vn -0.9021 -0.0964 0.4206
vn -0.7423 -0.1467 0.6538
vn 0.3636 -0.2074 0.9082
vn -0.9226 -0.0843 0.3764
vn 0.3608 -0.2075 0.9093
vn -0.3843 -0.9231 0.0153
vn -0.7084 -0.7057 0.0108
vn -0.9227 -0.3854 0.0048
vn -0.7070 -0.7071 0.0109
vn 0.0004 0.9165 -0.4001
vn -0.0120 0.9153 -0.4025
vn 0.0004 0.9163 -0.4006
vn 0.0014 0.1423 -0.9898
vn 0.0014 0.1449 -0.9895
vn -0.0011 0.8246 0.5658
vn -0.0099 0.9832 0.1824
vn -0.0087 0.5478 -0.8366
vn -0.0120 0.9168 -0.3991
vn -0.8985 0.3067 0.3139
vn -0.8992 0.3228 0.2956
vn -0.7626 0.4560 0.4588
vn -0.7638 0.4793 0.4323
vn -0.2472 0.7233 0.6448
vn 0.0105 0.7096 0.7045
vn 0.0107 0.7474 0.6643
vn -0.8983 0.2889 0.3311
vn -0.7636 0.4274 0.4840
vn -0.2455 0.6869 0.6840
vn 0.0096 0.6681 0.7440
vn -0.9119 -0.3112 -0.2674
vn -0.9112 -0.3284 -0.2490
vn -0.7841 -0.4680 -0.4076
vn -0.3250 -0.7459 -0.5814
vn -0.0799 -0.7465 -0.6606
vn -0.3241 -0.7100 -0.6252
vn -0.9116 -0.3433 -0.2264
vn -0.7838 -0.4924 -0.3784
vn -0.3238 -0.7822 -0.5323
vn -0.0796 -0.7846 -0.6148
vn -0.8989 0.3557 0.2557
vn -0.8991 0.3403 0.2754
vn -0.7635 0.5262 0.3743
vn -0.2467 0.7607 0.6004
vn 0.0104 0.8212 0.5706
vn -0.2457 0.7954 0.5541
vn -0.7636 0.5041 0.4034
vn 0.0102 0.7860 0.6182
vn -0.9119 -0.2938 -0.2865
vn -0.9110 -0.2796 -0.3032
vn -0.7836 -0.4426 -0.4360
vn -0.7836 -0.4171 -0.4605
vn -0.3267 -0.6324 -0.7024
vn -0.0810 -0.7048 -0.7048
vn -0.0827 -0.6646 -0.7426
vn -0.3241 -0.6721 -0.6658
vn -0.9108 -0.2619 -0.3192
vn -0.9103 -0.2429 -0.3353
vn -0.7824 -0.3905 -0.4850
vn -0.7806 -0.3607 -0.5105
vn -0.3258 -0.5440 -0.7733
vn -0.0836 -0.6239 -0.7770
vn -0.0855 -0.5708 -0.8166
vn -0.3261 -0.5952 -0.7344
vn -0.8978 0.2706 0.3475
vn -0.7615 0.4027 0.5078
vn -0.2470 0.6445 0.7236
vn 0.0079 0.6249 0.7807
vn -0.8964 0.2513 0.3652
vn -0.7602 0.3738 0.5313
vn -0.2455 0.6028 0.7592
vn 0.0066 0.5786 0.8156
vn -0.8939 0.2323 0.3833
vn -0.7548 0.3466 0.5569
vn -0.2460 0.5577 0.7928
vn 0.0043 0.5289 0.8486
vn -0.8906 0.2114 0.4027
vn -0.7494 0.3182 0.5807
vn -0.2456 0.5073 0.8261
vn 0.0056 0.4821 0.8761
vn -0.9087 -0.2217 -0.3537
vn -0.9048 -0.2097 -0.3707
vn -0.7767 -0.3267 -0.5384
vn -0.7697 -0.3055 -0.5605
vn -0.3187 -0.4544 -0.8319
vn -0.0869 -0.5169 -0.8516
vn -0.0844 -0.4729 -0.8771
vn -0.3252 -0.4953 -0.8056
vn -0.8837 0.1226 0.4518
vn -0.9216 0.0061 0.3880
vn -0.5322 0.2094 0.8203
vn -0.6978 0.0119 0.7162
vn -0.0546 0.2285 0.9720
vn -0.3574 0.0163 0.9338
vn -0.9777 0.0898 0.1900
vn -0.7380 0.3034 0.6027
vn -0.2375 0.4610 0.8550
vn 0.0112 0.4481 0.8939
vn -0.7302 0.2971 0.6153
vn -0.2215 0.4301 0.8752
vn -0.9023 -0.2001 -0.3819
vn -0.7649 -0.2944 -0.5729
vn -0.0826 -0.4527 -0.8878
vn -0.3145 -0.4341 -0.8442
vn -0.9106 -0.3623 -0.1989
vn -0.7830 -0.5176 -0.3449
vn -0.3219 -0.8228 -0.4684
vn -0.0801 -0.8237 -0.5613
vn -0.9049 -0.3875 -0.1758
vn -0.7799 -0.5486 -0.3012
vn -0.3150 -0.8566 -0.4087
vn -0.0798 -0.8670 -0.4919
vn -0.8951 0.3895 0.2171
vn -0.8979 0.3721 0.2352
vn -0.7557 0.5713 0.3203
vn -0.2438 0.8269 0.5068
vn 0.0118 0.8787 0.4772
vn -0.2368 0.8554 0.4606
vn -0.7607 0.5496 0.3454
vn 0.0095 0.8525 0.5226
vn -0.9268 0.3755 -0.0061
vn -0.7027 0.7112 -0.0207
vn -0.3626 0.9314 -0.0317
vn -0.8877 0.4457 0.1151
vn -0.5315 0.8252 0.1911
vn -0.0395 0.9786 0.2019
vn -0.9023 -0.3980 -0.1657
vn -0.7672 -0.5856 -0.2618
vn -0.3066 -0.8729 -0.3796
vn -0.0753 -0.9027 -0.4237
vn -0.0684 -0.9166 -0.3939
vn -0.7588 -0.6023 -0.2477
vn -0.3061 -0.8787 -0.3664
vn -0.8908 0.4048 0.2064
vn -0.2204 0.8762 0.4287
vn -0.7463 0.5924 0.3034
vn 0.0183 0.8960 0.4437
vn 0.6925 0.5428 0.4751
vn 0.6923 0.5139 0.5065
vn 0.8542 0.3930 0.3403
vn 0.8539 0.3723 0.3637
vn 0.9581 0.2189 0.1848
vn 0.9584 0.2065 0.1973
vn 0.6909 0.4860 0.5353
vn 0.8539 0.3513 0.3839
vn 0.9579 0.1958 0.2098
vn 0.6418 -0.6003 -0.4772
vn 0.6415 -0.5708 -0.5126
vn 0.8296 -0.4357 -0.3491
vn 0.8294 -0.4139 -0.3751
vn 0.9512 -0.2385 -0.1959
vn 0.9511 -0.2266 -0.2100
vn 0.6404 -0.6314 -0.4372
vn 0.8294 -0.4577 -0.3205
vn 0.9513 -0.2502 -0.1803
vn 0.6929 0.5700 0.4416
vn 0.6910 0.5968 0.4079
vn 0.8545 0.4119 0.3166
vn 0.8528 0.4329 0.2922
vn 0.9583 0.2288 0.1715
vn 0.9575 0.2413 0.1583
vn 0.6384 -0.5095 -0.5769
vn 0.6390 -0.5415 -0.5463
vn 0.8273 -0.3703 -0.4224
vn 0.8280 -0.3930 -0.3998
vn 0.9500 -0.2040 -0.2364
vn 0.9504 -0.2162 -0.2238
vn 0.6306 -0.4440 -0.6366
vn 0.6353 -0.4793 -0.6056
vn 0.8227 -0.3236 -0.4675
vn 0.8256 -0.3488 -0.4436
vn 0.9488 -0.1780 -0.2609
vn 0.9495 -0.1918 -0.2481
vn 0.6891 0.4560 0.5632
vn 0.8520 0.3309 0.4058
vn 0.9574 0.1844 0.2220
vn 0.6849 0.4239 0.5926
vn 0.8504 0.3074 0.4270
vn 0.9569 0.1715 0.2344
vn 0.6801 0.3896 0.6210
vn 0.8469 0.2836 0.4498
vn 0.9561 0.1575 0.2471
vn 0.6730 0.3578 0.6473
vn 0.8417 0.2626 0.4718
vn 0.9539 0.1480 0.2609
vn 0.6164 -0.3718 -0.6941
vn 0.6246 -0.4032 -0.6688
vn 0.8130 -0.2739 -0.5137
vn 0.8185 -0.2961 -0.4924
vn 0.9450 -0.1526 -0.2895
vn 0.9471 -0.1644 -0.2755
vn 0.4261 0.0791 0.9012
vn 0.6419 0.1962 0.7412
vn 0.7339 0.0597 0.6766
vn 0.8268 0.1465 0.5431
vn 0.9325 0.0327 0.3597
vn 0.9486 0.0852 0.3048
vn 0.6660 0.3342 0.6669
vn 0.8357 0.2474 0.4904
vn 0.9519 0.1391 0.2729
vn 0.6106 -0.3576 -0.7066
vn 0.8083 -0.2649 -0.5259
vn 0.9429 -0.1483 -0.2982
vn 0.6385 -0.6659 -0.3859
vn 0.8283 -0.4830 -0.2839
vn 0.9515 -0.2625 -0.1607
vn 0.6293 -0.7002 -0.3372
vn 0.8200 -0.5145 -0.2508
vn 0.9485 -0.2821 -0.1438
vn 0.6881 0.6217 0.3741
vn 0.6831 0.6449 0.3426
vn 0.8511 0.4514 0.2681
vn 0.8475 0.4704 0.2460
vn 0.9570 0.2513 0.1448
vn 0.9551 0.2650 0.1328
vn 0.4190 0.9077 0.0209
vn 0.7279 0.6856 0.0124
vn 0.9292 0.3696 0.0018
vn 0.6550 0.7376 0.1642
vn 0.8327 0.5408 0.1186
vn 0.9488 0.3091 0.0649
vn 0.6201 -0.7195 -0.3128
vn 0.8148 -0.5298 -0.2353
vn 0.9455 -0.2957 -0.1365
vn 0.6777 0.6616 0.3209
vn 0.8421 0.4869 0.2320
vn 0.9532 0.2749 0.1259
vn 0.3658 -0.7330 -0.5735
vn -0.1400 0.8656 -0.4807
vn 0.3590 -0.8160 -0.4531
vn 0.1592 0.2315 -0.9597
vn -0.2196 0.9449 -0.2427
vn 0.3616 -0.6386 -0.6792
vn -0.0623 -0.4968 0.8656
vn -0.1506 -0.2444 0.9579
vn 0.3444 -0.5015 -0.7936
vn -0.0849 -0.4409 0.8935
vn 0.3925 0.3679 -0.8430
vn 0.4099 0.3495 -0.8425
vn 0.5245 0.5062 -0.6846
vn 0.5498 0.4795 -0.6840
vn 0.7374 0.6624 -0.1318
vn 0.6947 0.7088 0.1224
vn 0.7349 0.6663 0.1267
vn 0.3752 0.3847 -0.8433
vn 0.4992 0.5303 -0.6853
vn 0.6976 0.7034 -0.1361
vn 0.6548 0.7461 0.1208
vn -0.2132 -0.2158 -0.9529
vn -0.2294 -0.1964 -0.9533
vn -0.3792 -0.3636 -0.8509
vn -0.7014 -0.5657 -0.4336
vn -0.7255 -0.6599 -0.1955
vn -0.6637 -0.6095 -0.4337
vn -0.2461 -0.1750 -0.9533
vn -0.4043 -0.3340 -0.8515
vn -0.7381 -0.5168 -0.4338
vn -0.7653 -0.6129 -0.1968
vn 0.4438 0.3100 -0.8408
vn 0.4270 0.3297 -0.8420
vn 0.5981 0.4214 -0.6817
vn 0.7750 0.6180 -0.1318
vn 0.8091 0.5739 0.1264
vn 0.8095 0.5723 -0.1308
vn 0.5748 0.4505 -0.6831
vn 0.7736 0.6208 0.1270
vn -0.1961 -0.2340 -0.9523
vn -0.1802 -0.2498 -0.9514
vn -0.3526 -0.3902 -0.8505
vn -0.3284 -0.4150 -0.8485
vn -0.5863 -0.6850 -0.4324
vn -0.6840 -0.7029 -0.1949
vn -0.6436 -0.7402 -0.1947
vn -0.6243 -0.6498 -0.4336
vn -0.1628 -0.2650 -0.9504
vn -0.1432 -0.2790 -0.9495
vn -0.3014 -0.4379 -0.8470
vn -0.2710 -0.4629 -0.8439
vn -0.4985 -0.7542 -0.4274
vn -0.6006 -0.7754 -0.1949
vn -0.5481 -0.8137 -0.1939
vn -0.5467 -0.7184 -0.4301
vn 0.3573 0.4017 -0.8432
vn 0.4729 0.5544 -0.6848
vn 0.6585 0.7399 -0.1375
vn 0.6121 0.7821 0.1169
vn 0.3376 0.4191 -0.8428
vn 0.4441 0.5786 -0.6841
vn 0.6168 0.7746 -0.1396
vn 0.5651 0.8172 0.1130
vn 0.3159 0.4345 -0.8435
vn 0.4134 0.6010 -0.6840
vn 0.5705 0.8089 -0.1420
vn 0.5154 0.8500 0.1087
vn 0.2896 0.4386 -0.8507
vn 0.3820 0.6135 -0.6911
vn 0.5212 0.8418 -0.1404
vn 0.4683 0.8772 0.1056
vn -0.1275 -0.2921 -0.9479
vn -0.1250 -0.3121 -0.9418
vn -0.2397 -0.4908 -0.8377
vn -0.2216 -0.5186 -0.8258
vn -0.3914 -0.8239 -0.4098
vn -0.4804 -0.8558 -0.1919
vn -0.4216 -0.8879 -0.1842
vn -0.4408 -0.7930 -0.4206
vn 0.1621 0.3964 -0.9037
vn 0.0407 0.3959 -0.9174
vn 0.2367 0.8209 -0.5196
vn 0.0346 0.7326 -0.6798
vn 0.2165 0.9762 0.0115
vn 0.0226 0.9490 -0.3144
vn 0.1549 0.1781 -0.9717
vn 0.3530 0.6101 -0.7094
vn 0.4724 0.8702 -0.1402
vn 0.4333 0.8948 0.1076
vn 0.3477 0.6228 -0.7009
vn 0.4386 0.8892 -0.1306
vn -0.1309 -0.3376 -0.9321
vn -0.2212 -0.5438 -0.8095
vn -0.3943 -0.9021 -0.1751
vn -0.3669 -0.8411 -0.3975
vn -0.2656 -0.1479 -0.9527
vn -0.4308 -0.3015 -0.8506
vn -0.7795 -0.4536 -0.4320
vn -0.8043 -0.5605 -0.1975
vn -0.2886 -0.1252 -0.9492
vn -0.4631 -0.2582 -0.8478
vn -0.8151 -0.3947 -0.4240
vn -0.8485 -0.4909 -0.1974
vn 0.4765 0.2713 -0.8362
vn 0.4592 0.2899 -0.8397
vn 0.6412 0.3674 -0.6737
vn 0.8413 0.5250 -0.1288
vn 0.8673 0.4811 0.1280
vn 0.8697 0.4785 -0.1211
vn 0.6198 0.3926 -0.6794
vn 0.8407 0.5263 0.1275
vn 0.4725 0.0502 -0.8799
vn 0.7796 0.0247 -0.6258
vn 0.9639 -0.0048 -0.2662
vn 0.5325 0.1695 -0.8293
vn 0.8729 0.2269 -0.4320
vn 0.9751 0.2097 0.0727
vn -0.3052 -0.1146 -0.9454
vn -0.4961 -0.2205 -0.8398
vn -0.8347 -0.3636 -0.4136
vn -0.8848 -0.4248 -0.1915
vn -0.9011 -0.3927 -0.1840
vn -0.5164 -0.2057 -0.8313
vn -0.8360 -0.3556 -0.4180
vn 0.4918 0.2609 -0.8307
vn 0.8884 0.4469 -0.1048
vn 0.6609 0.3506 -0.6635
vn 0.8838 0.4477 0.1361
vn 0.4629 0.4368 0.7713
vn 0.4345 0.4685 0.7693
vn 0.2993 0.2926 0.9082
vn 0.2782 0.3150 0.9074
vn 0.1176 0.1302 0.9845
vn 0.1051 0.1424 0.9842
vn 0.4065 0.4966 0.7669
vn 0.2582 0.3362 0.9057
vn 0.0945 0.1546 0.9835
vn -0.6576 -0.5168 0.5481
vn -0.6270 -0.5525 0.5491
vn -0.5140 -0.3996 0.7590
vn -0.4913 -0.4249 0.7604
vn -0.3320 -0.2526 0.9088
vn -0.3197 -0.2663 0.9093
vn -0.6880 -0.4774 0.5466
vn -0.5359 -0.3711 0.7583
vn -0.3444 -0.2372 0.9084
vn 0.4915 0.4037 0.7717
vn 0.5183 0.3706 0.7707
vn 0.3203 0.2687 0.9084
vn 0.3397 0.2445 0.9082
vn 0.1291 0.1170 0.9847
vn 0.1399 0.1034 0.9848
vn -0.5659 -0.6157 0.5483
vn -0.5960 -0.5860 0.5490
vn -0.4480 -0.4713 0.7597
vn -0.4695 -0.4496 0.7599
vn -0.2964 -0.2917 0.9094
vn -0.3078 -0.2797 0.9094
vn -0.4943 -0.6770 0.5453
vn -0.5343 -0.6443 0.5472
vn -0.3958 -0.5170 0.7590
vn -0.4252 -0.4920 0.7597
vn -0.2674 -0.3181 0.9096
vn -0.2836 -0.3025 0.9100
vn 0.3767 0.5252 0.7630
vn 0.2373 0.3575 0.9032
vn 0.0830 0.1667 0.9825
vn 0.3446 0.5541 0.7578
vn 0.2142 0.3793 0.9002
vn 0.0701 0.1796 0.9812
vn 0.3112 0.5834 0.7502
vn 0.1919 0.4034 0.8947
vn 0.0589 0.1952 0.9790
vn 0.2824 0.6141 0.7369
vn 0.1761 0.4361 0.8825
vn 0.0572 0.2272 0.9722
vn -0.3810 -0.7566 0.5314
vn -0.4368 -0.7199 0.5393
vn -0.3068 -0.5871 0.7491
vn -0.3522 -0.5540 0.7544
vn -0.2053 -0.3649 0.9081
vn -0.2386 -0.3423 0.9088
vn 0.0462 0.8792 0.4742
vn 0.1464 0.7252 0.6727
vn 0.0221 0.6557 0.7547
vn 0.1003 0.5586 0.8234
vn -0.0045 0.3563 0.9343
vn 0.0484 0.3648 0.9298
vn 0.2661 0.6437 0.7175
vn 0.1752 0.4797 0.8598
vn 0.0714 0.2820 0.9568
vn -0.3528 -0.7736 0.5263
vn -0.2816 -0.6002 0.7486
vn -0.1824 -0.3668 0.9123
vn -0.7242 -0.4259 0.5423
vn -0.5631 -0.3345 0.7557
vn -0.3587 -0.2174 0.9078
vn -0.7571 -0.3775 0.5332
vn -0.5905 -0.3015 0.7486
vn -0.3754 -0.2006 0.9049
vn 0.5440 0.3373 0.7683
vn 0.5675 0.3061 0.7644
vn 0.3590 0.2206 0.9069
vn 0.3776 0.1986 0.9044
vn 0.1509 0.0899 0.9844
vn 0.1632 0.0783 0.9835
vn 0.8603 0.0019 0.5098
vn 0.6073 -0.0261 0.7940
vn 0.2724 -0.0503 0.9609
vn 0.6657 0.1300 0.7348
vn 0.4529 0.0728 0.8886
vn 0.2104 0.0112 0.9775
vn -0.7736 -0.3536 0.5259
vn -0.6076 -0.2857 0.7411
vn -0.3883 -0.1930 0.9011
vn 0.5847 0.2847 0.7596
vn 0.3950 0.1854 0.8998
vn 0.1740 0.0715 0.9821
vn -0.7572 -0.6022 0.2532
vn -0.7489 -0.6122 0.2536
vn 0.9654 -0.2196 -0.1404
vn -0.4648 -0.8513 0.2434
vn -0.4851 0.8719 -0.0674
vn -0.5297 0.8464 -0.0553
vn -0.5312 0.8454 -0.0551
vn -0.4349 0.8968 -0.0815
vn -0.4841 0.8724 -0.0679
vn -0.7784 0.0774 0.6230
vn -0.4392 -0.7321 -0.5207
vn -0.6067 0.7938 0.0428
vn -0.6487 0.7597 -0.0459
vn 0.6924 0.4992 0.5210
vn 0.6924 0.4991 0.5211
vn -0.4335 -0.4987 -0.7506
vn -0.4335 -0.4986 -0.7506
vn 0.6417 0.5896 0.4905
vn 0.0202 0.9734 -0.2281
vn -0.4989 -0.7038 -0.5058
vn -0.7852 -0.5731 0.2346
vn -0.8223 -0.2232 0.5235
vn 0.6350 -0.6275 0.4505
vn 0.8509 -0.4281 0.3045
vn 0.6593 0.4623 -0.5930
vn 0.7238 0.4370 0.5341
vn -0.8841 0.4642 0.0536
vn 0.8883 -0.1347 -0.4391
vn -0.1155 0.8852 -0.4507
vn -0.1305 -0.4291 0.8938
vn 0.8877 -0.4448 -0.1186
vn 0.2680 0.3151 0.9105
vn -0.2006 0.8843 0.4217
vn -0.5310 0.3520 0.7708
vn 0.3826 0.4119 0.8270
vn -0.7072 -0.5296 -0.4684
vn -0.5867 0.1954 -0.7859
vn 0.7774 -0.0761 0.6244
vn -0.1154 0.5714 0.8125
vn -0.4907 -0.3359 0.8040
vn 0.9214 -0.3886 0.0086
vn -0.0083 0.5358 -0.8443
vn -0.0855 -0.4401 0.8939
vn -0.4340 0.8972 -0.0817
vt 0.119812 0.758602
vt 0.123736 0.748633
vt 0.125584 0.754213
vt 0.015201 0.874516
vt 0.015538 0.855390
vt 0.018779 0.873841
vt 0.129410 0.743816
vt 0.133137 0.732975
vt 0.134982 0.738547
vt 0.050927 0.810761
vt 0.047341 0.790575
vt 0.051567 0.790475
vt 0.145532 0.726943
vt 0.152158 0.726530
vt 0.147380 0.732522
vt 0.019321 0.891736
vt 0.022673 0.891027
vt 0.054801 0.887620
vt 0.054377 0.905205
vt 0.051523 0.887929
vt 0.051650 0.851083
vt 0.047037 0.831355
vt 0.050957 0.831149
vt 0.142240 0.738438
vt 0.136828 0.744119
vt 0.138546 0.727288
vt 0.140393 0.732863
vt 0.048614 0.770269
vt 0.052963 0.770248
vt 0.007874 0.756116
vt 0.011135 0.776076
vt 0.006703 0.776409
vt 0.006567 0.796427
vt 0.011544 0.815927
vt 0.007397 0.816427
vt 0.050940 0.748616
vt 0.055395 0.748676
vt 0.055313 0.719430
vt 0.059853 0.719527
vt 0.013525 0.713282
vt 0.014792 0.735061
vt 0.010138 0.735184
vt 0.150309 0.720948
vt 0.156613 0.720413
vt 0.062095 0.677491
vt 0.066709 0.677557
vt 0.069795 0.627631
vt 0.074447 0.627674
vt 0.018348 0.690766
vt 0.018264 0.713324
vt 0.159079 0.708299
vt 0.164887 0.707340
vt 0.160823 0.714064
vt 0.023929 0.907667
vt 0.027054 0.906947
vt 0.028980 0.922791
vt 0.031892 0.922078
vt 0.062263 0.926354
vt 0.067560 0.954828
vt 0.059559 0.926773
vt 0.127563 0.738241
vt 0.034451 0.937563
vt 0.037174 0.936828
vt 0.040451 0.951793
vt 0.042911 0.950873
vt 0.069889 0.954541
vt 0.073697 0.982095
vt 0.110392 0.757756
vt 0.115734 0.747603
vt 0.117773 0.753102
vt 0.019314 0.854806
vt 0.022347 0.873209
vt 0.029108 0.813140
vt 0.015713 0.795521
vt 0.029008 0.793035
vt 0.046844 0.810920
vt 0.043102 0.790703
vt 0.043650 0.770384
vt 0.031589 0.752067
vt 0.045845 0.748664
vt 0.026020 0.890364
vt 0.030176 0.906271
vt 0.047918 0.851327
vt 0.045933 0.870588
vt 0.044179 0.851610
vt 0.043110 0.831595
vt 0.049458 0.870271
vt 0.048235 0.888286
vt 0.013109 0.835902
vt 0.010866 0.796003
vt 0.015680 0.815462
vt 0.015150 0.795611
vt 0.046473 0.748574
vt 0.042533 0.790768
vt 0.029772 0.772949
vt 0.012423 0.755885
vt 0.015549 0.775773
vt 0.016952 0.755681
vt 0.057487 0.677432
vt 0.035035 0.727175
vt 0.050163 0.719535
vt 0.019427 0.734963
vt 0.023060 0.691242
vt 0.022961 0.713388
vt 0.065141 0.627588
vt 0.026463 0.890303
vt 0.034065 0.871676
vt 0.037077 0.889089
vt 0.051357 0.905624
vt 0.056851 0.927227
vt 0.034803 0.921402
vt 0.039884 0.936124
vt 0.040762 0.905709
vt 0.035249 0.921421
vt 0.030602 0.906229
vt 0.065238 0.955158
vt 0.072727 0.981815
vt 0.045313 0.949994
vt 0.052976 0.869996
vt 0.057771 0.970331
vt 0.059253 0.968876
vt 0.060756 0.967451
vt 0.045468 0.870622
vt 0.047796 0.888320
vt 0.042751 0.811111
vt 0.043674 0.851654
vt 0.100692 0.763059
vt 0.107026 0.752837
vt 0.131257 0.749391
vt 0.056429 0.927161
vt 0.053109 0.945361
vt 0.046018 0.924068
vt 0.176115 0.678294
vt 0.180662 0.664600
vt 0.177291 0.678584
vt 0.182023 0.665449
vt 0.178467 0.678875
vt 0.016126 0.775678
vt 0.009132 0.836466
vt 0.022815 0.873138
vt 0.031649 0.853011
vt 0.017076 0.835375
vt 0.089802 0.768669
vt 0.094098 0.759556
vt 0.100766 0.770254
vt 0.107291 0.766565
vt 0.045434 0.949891
vt 0.040393 0.936202
vt 0.064727 0.954754
vt 0.060595 0.966585
vt 0.163870 0.700283
vt 0.168894 0.700156
vt 0.148460 0.715367
vt 0.154764 0.714832
vt 0.044249 0.770316
vt 0.023770 0.713027
vt 0.040296 0.695660
vt 0.143684 0.721364
vt 0.152916 0.709251
vt 0.029990 0.833314
vt 0.042583 0.831649
vt 0.057383 0.904832
vt 0.173683 0.835189
vt 0.184143 0.875234
vt 0.183319 0.876031
vt 0.050913 0.905652
vt 0.169645 0.689963
vt 0.172736 0.692971
vt 0.170396 0.679768
vt 0.175879 0.678532
vt 0.056833 0.677898
vt 0.045918 0.660753
vt 0.064335 0.629117
vt 0.027871 0.691758
vt 0.073683 0.982066
vt 0.073827 0.983174
vt 0.113760 0.762676
vt 0.073729 0.981142
vt 0.020102 0.734771
vt 0.011751 0.856014
vt 0.042205 0.811172
vt 0.017552 0.755565
vt 0.038039 0.655717
vt 0.157334 0.702534
vt 0.050775 0.719342
vt 0.041857 0.657672
vt 0.027659 0.691721
vt 0.016228 0.815375
vt 0.017598 0.835291
vt 0.019806 0.854728
vt 0.121887 0.743053
vt 0.162854 0.693226
vt 0.133945 0.792520
vt 0.088292 0.860563
vt 0.137890 0.774251
vt 0.094412 0.940474
vt 0.133448 0.909488
vt 0.134123 0.910284
vt 0.095457 0.938443
vt 0.132776 0.908692
vt 0.161746 0.880303
vt 0.128181 0.871224
vt 0.143290 0.848296
vt 0.265930 0.929221
vt 0.197451 0.971437
vt 0.196233 0.966680
vt 0.168512 0.785165
vt 0.174775 0.834866
vt 0.262688 0.929089
vt 0.218090 0.909404
vt 0.218477 0.908424
vt 0.111423 0.866691
vt 0.124851 0.816320
vt 0.275278 0.895220
vt 0.240972 0.819515
vt 0.289264 0.908415
vt 0.148654 0.925004
vt 0.120351 0.964030
vt 0.118324 0.965078
vt 0.222074 0.872896
vt 0.222071 0.836490
vt 0.258479 0.872844
vt 0.178348 0.896020
vt 0.150241 0.926358
vt 0.149447 0.925683
vt 0.155768 0.769885
vt 0.245278 0.815318
vt 0.100576 0.971177
vt 0.198809 0.976727
vt 0.082685 0.976843
vt 0.284382 0.926256
vt 0.168756 0.785049
vt 0.235703 0.824411
vt 0.170329 0.787533
vt 0.224586 0.887076
vt 0.184262 0.875356
vt 0.224799 0.886043
vt 0.170357 0.882571
vt 0.137167 0.921600
vt 0.135543 0.915718
vt 0.082975 0.859045
vt 0.142286 0.755053
vt 0.183201 0.876271
vt 0.168210 0.833433
vt 0.173497 0.835169
vt 0.236855 0.823471
vt 0.272606 0.893276
vt 0.231542 0.789386
vt 0.301475 0.773315
vt 0.292994 0.842705
vt 0.176724 0.889134
vt 0.137342 0.921776
vt 0.175474 0.884094
vt 0.157332 0.835906
vt 0.153355 0.839814
vt 0.226092 0.892730
vt 0.224611 0.887267
vt 0.162120 0.831545
vt 0.142636 0.754952
vt 0.161876 0.831603
vt 0.178235 0.894863
vt 0.178514 0.895977
vt 0.196155 0.966370
vt 0.120454 0.964231
vt 0.195842 0.965088
vt 0.088185 0.958401
vt 0.082391 0.976605
vt 0.265099 0.929351
vt 0.262690 0.929337
vt 0.265114 0.929096
vt 0.218862 0.907441
vt 0.179191 0.880254
vt 0.227644 0.898926
vt 0.175532 0.883887
vt 0.117682 0.965548
vt 0.143206 0.923494
vt 0.148478 0.924933
vt 0.164918 0.881072
vt 0.303842 0.922572
vt 0.170115 0.787653
vt 0.175866 0.834548
vt 0.163546 0.880788
vt 0.164650 0.881091
vt 0.093399 0.862017
vt 0.133668 0.795905
vt 0.094698 0.862364
vt 0.240022 0.719996
vt 0.170089 0.736068
vt 0.095255 0.938341
vt 0.094203 0.940348
vt 0.164697 0.880920
vt 0.152213 0.840279
vt 0.153203 0.839932
vt 0.227572 0.899168
vt 0.223067 0.903507
vt 0.178062 0.894907
vt 0.303698 0.922924
vt 0.309956 0.703925
vt 0.257680 0.760899
vt 0.175324 0.883941
vt 0.162478 0.880492
vt 0.096111 0.936605
vt 0.095982 0.862709
vt 0.185053 0.874581
vt 0.225008 0.885013
vt 0.234562 0.825343
vt 0.171705 0.789632
vt 0.270823 0.892070
vt 0.195531 0.963820
vt 0.178786 0.897051
vt 0.260554 0.929358
vt 0.168206 0.784429
vt 0.237103 0.823256
vt 0.272464 0.893484
vt 0.274521 0.894868
vt 0.270704 0.892244
vt 0.184938 0.874463
vt 0.178087 0.894638
vt 0.178571 0.898171
vt 0.187010 0.932000
vt 0.159493 0.929790
vt 0.191223 0.948889
vt 0.140433 0.961378
vt 0.134193 0.910461
vt 0.093937 0.941121
vt 0.129855 0.898692
vt 0.097994 0.917064
vt 0.163591 0.880623
vt 0.151228 0.840627
vt 0.185648 0.836524
vt 0.185663 0.800135
vt 0.185633 0.872949
vt 0.209937 0.848631
vt 0.218988 0.907293
vt 0.210307 0.917296
vt 0.242012 0.936401
vt 0.122074 0.963175
vt 0.093086 0.861930
vt 0.133919 0.795917
vt 0.134024 0.793425
vt 0.133785 0.798058
vt 0.133954 0.671319
vt 0.130725 0.681456
vt 0.127953 0.675718
vt 0.415644 0.790717
vt 0.412276 0.811223
vt 0.411612 0.790876
vt 0.124888 0.686295
vt 0.121989 0.697328
vt 0.119220 0.691598
vt 0.372203 0.853349
vt 0.374897 0.872687
vt 0.370979 0.872658
vt 0.108689 0.703305
vt 0.101238 0.703623
vt 0.105917 0.697567
vt 0.414013 0.770754
vt 0.410063 0.770983
vt 0.372471 0.770884
vt 0.374595 0.749896
vt 0.376329 0.770804
vt 0.373439 0.812013
vt 0.377081 0.832945
vt 0.373061 0.832944
vt 0.111017 0.691596
vt 0.116452 0.685868
vt 0.116556 0.703061
vt 0.113787 0.697329
vt 0.373173 0.890951
vt 0.369367 0.890893
vt 0.406940 0.905872
vt 0.406425 0.888438
vt 0.410352 0.888668
vt 0.413023 0.870687
vt 0.410872 0.851636
vt 0.414943 0.851709
vt 0.370787 0.909282
vt 0.367139 0.909186
vt 0.366945 0.932267
vt 0.363522 0.932170
vt 0.398011 0.939022
vt 0.399128 0.922216
vt 0.402809 0.922585
vt 0.104010 0.709362
vt 0.096939 0.709811
vt 0.361721 0.962299
vt 0.358694 0.962361
vt 0.358877 0.991808
vt 0.357002 0.992435
vt 0.392442 0.954941
vt 0.394477 0.938557
vt 0.095622 0.722167
vt 0.089163 0.723056
vt 0.092945 0.716241
vt 0.411567 0.751371
vt 0.407726 0.751657
vt 0.408336 0.732104
vt 0.404612 0.732434
vt 0.367081 0.722548
vt 0.363885 0.684459
vt 0.370593 0.722337
vt 0.127657 0.692028
vt 0.404351 0.712504
vt 0.400743 0.712920
vt 0.399377 0.692945
vt 0.395982 0.693679
vt 0.360689 0.684549
vt 0.359123 0.644962
vt 0.144722 0.672333
vt 0.139911 0.682636
vt 0.136933 0.676978
vt 0.408211 0.811298
vt 0.407595 0.791022
vt 0.393575 0.852411
vt 0.404485 0.870421
vt 0.391978 0.871454
vt 0.376192 0.853363
vt 0.378822 0.872735
vt 0.377515 0.890995
vt 0.386880 0.907169
vt 0.374966 0.909353
vt 0.406127 0.771194
vt 0.403896 0.751920
vt 0.377450 0.811994
vt 0.381151 0.791100
vt 0.381466 0.811969
vt 0.381106 0.832947
vt 0.377188 0.791157
vt 0.380198 0.770701
vt 0.411998 0.831684
vt 0.409009 0.870536
vt 0.406816 0.851570
vt 0.405012 0.870399
vt 0.374446 0.909411
vt 0.379348 0.872698
vt 0.389795 0.889483
vt 0.403128 0.905569
vt 0.402518 0.888229
vt 0.399333 0.905291
vt 0.364742 0.962297
vt 0.382724 0.926923
vt 0.370882 0.932243
vt 0.395464 0.921875
vt 0.389152 0.954214
vt 0.390975 0.938120
vt 0.360350 0.991285
vt 0.405609 0.771196
vt 0.394456 0.791134
vt 0.393231 0.771058
vt 0.378323 0.749716
vt 0.374111 0.722101
vt 0.400898 0.732743
vt 0.397159 0.713315
vt 0.391149 0.750960
vt 0.400351 0.732643
vt 0.403384 0.751902
vt 0.367077 0.684329
vt 0.360702 0.645447
vt 0.392671 0.694383
vt 0.373231 0.791200
vt 0.380000 0.664977
vt 0.377656 0.666645
vt 0.375299 0.668285
vt 0.381675 0.791103
vt 0.380714 0.770707
vt 0.380186 0.853387
vt 0.382009 0.811962
vt 0.155059 0.667060
vt 0.149132 0.677418
vt 0.122118 0.680562
vt 0.374632 0.722234
vt 0.381624 0.699101
vt 0.387371 0.727606
vt 0.375989 0.977341
vt 0.359548 0.992092
vt 0.373834 0.975706
vt 0.359203 0.990706
vt 0.371658 0.974118
vt 0.402001 0.888256
vt 0.416092 0.831681
vt 0.407069 0.791031
vt 0.394934 0.811662
vt 0.407919 0.831687
vt 0.166705 0.661491
vt 0.162950 0.670748
vt 0.154098 0.659697
vt 0.147160 0.663369
vt 0.392499 0.694473
vt 0.396520 0.713118
vt 0.367679 0.684871
vt 0.375310 0.669379
vt 0.091173 0.730292
vt 0.085501 0.730343
vt 0.106783 0.715102
vt 0.099711 0.715550
vt 0.376990 0.891036
vt 0.390349 0.938317
vt 0.377291 0.949961
vt 0.111461 0.709042
vt 0.102484 0.721290
vt 0.394600 0.832297
vt 0.381647 0.832929
vt 0.370884 0.750050
vt 0.113408 0.667097
vt 0.111743 0.674037
vt 0.108539 0.670520
vt 0.378863 0.749733
vt 0.085890 0.740760
vt 0.082026 0.737634
vt 0.086279 0.751178
vt 0.080222 0.752357
vt 0.365313 0.961787
vt 0.371702 0.973056
vt 0.359773 0.990896
vt 0.385765 0.953407
vt 0.359932 0.644614
vt 0.360648 0.642699
vt 0.140309 0.667245
vt 0.359433 0.646096
vt 0.394916 0.921980
vt 0.416357 0.811141
vt 0.380718 0.853359
vt 0.398821 0.905333
vt 0.098299 0.728092
vt 0.370371 0.932401
vt 0.385942 0.953527
vt 0.406278 0.851588
vt 0.407381 0.831704
vt 0.407679 0.811312
vt 0.133497 0.687195
vt 0.093182 0.737529
vt 0.367266 0.785921
vt 0.364123 0.806409
vt 0.363247 0.786121
vt 0.107076 0.677734
vt 0.105818 0.685231
vt 0.102619 0.681720
vt 0.324681 0.848984
vt 0.327708 0.868235
vt 0.323804 0.868277
vt 0.094566 0.690341
vt 0.087889 0.691216
vt 0.091362 0.686825
vt 0.365445 0.766035
vt 0.361511 0.766301
vt 0.324005 0.766512
vt 0.325994 0.745548
vt 0.327858 0.766403
vt 0.325351 0.807633
vt 0.329253 0.828520
vt 0.325234 0.828574
vt 0.095225 0.682451
vt 0.099420 0.678208
vt 0.101626 0.689478
vt 0.098426 0.685965
vt 0.326329 0.886442
vt 0.322551 0.886440
vt 0.360121 0.900619
vt 0.359315 0.883359
vt 0.363213 0.883524
vt 0.365603 0.865634
vt 0.363207 0.846709
vt 0.367261 0.846730
vt 0.324180 0.904843
vt 0.320575 0.904741
vt 0.320173 0.928858
vt 0.316807 0.928670
vt 0.352051 0.933522
vt 0.352731 0.916926
vt 0.356372 0.917207
vt 0.091093 0.694734
vt 0.084774 0.695661
vt 0.314062 0.961329
vt 0.311103 0.961254
vt 0.310201 0.993376
vt 0.308555 0.993888
vt 0.347155 0.949398
vt 0.348552 0.933173
vt 0.085105 0.703919
vt 0.079391 0.705048
vt 0.081964 0.700236
vt 0.362833 0.746750
vt 0.359012 0.747067
vt 0.359458 0.727610
vt 0.355759 0.727968
vt 0.318392 0.718349
vt 0.315112 0.680575
vt 0.321883 0.718127
vt 0.110276 0.681247
vt 0.355348 0.708177
vt 0.351771 0.708616
vt 0.350277 0.688823
vt 0.346919 0.689573
vt 0.311954 0.680666
vt 0.310431 0.641795
vt 0.123236 0.666800
vt 0.120166 0.673990
vt 0.116787 0.670544
vt 0.360070 0.806528
vt 0.359242 0.786307
vt 0.345987 0.847718
vt 0.357112 0.865492
vt 0.344686 0.866714
vt 0.328665 0.848934
vt 0.331617 0.868212
vt 0.330638 0.886423
vt 0.340205 0.902394
vt 0.328355 0.904919
vt 0.357590 0.766546
vt 0.355200 0.747361
vt 0.329361 0.807568
vt 0.332845 0.786642
vt 0.333376 0.807498
vt 0.333274 0.828468
vt 0.328885 0.786736
vt 0.331720 0.766272
vt 0.364081 0.826816
vt 0.361611 0.865540
vt 0.359168 0.846697
vt 0.357636 0.865463
vt 0.327811 0.904978
vt 0.332130 0.868165
vt 0.342820 0.884686
vt 0.356344 0.900390
vt 0.355435 0.883216
vt 0.352583 0.900187
vt 0.317016 0.961458
vt 0.336110 0.922656
vt 0.324062 0.928908
vt 0.349104 0.916673
vt 0.343867 0.948861
vt 0.345078 0.932850
vt 0.311518 0.992992
vt 0.357073 0.766553
vt 0.346133 0.786549
vt 0.344729 0.766524
vt 0.329710 0.745346
vt 0.325378 0.717878
vt 0.352068 0.728303
vt 0.348217 0.709033
vt 0.342498 0.746503
vt 0.351524 0.728206
vt 0.354690 0.747347
vt 0.318265 0.680443
vt 0.311931 0.642285
vt 0.343644 0.690292
vt 0.324930 0.786816
vt 0.330911 0.661280
vt 0.328616 0.662946
vt 0.326308 0.664582
vt 0.333370 0.786641
vt 0.332236 0.766273
vt 0.332651 0.848894
vt 0.333920 0.807485
vt 0.131906 0.662416
vt 0.127837 0.669741
vt 0.103875 0.674220
vt 0.325899 0.718009
vt 0.332731 0.695029
vt 0.338587 0.723284
vt 0.328693 0.975473
vt 0.310736 0.993604
vt 0.326442 0.974062
vt 0.310296 0.992412
vt 0.324181 0.972690
vt 0.354922 0.883252
vt 0.368161 0.826764
vt 0.358717 0.786321
vt 0.346825 0.807039
vt 0.360015 0.826868
vt 0.141718 0.657721
vt 0.139471 0.664130
vt 0.130135 0.657671
vt 0.124333 0.660701
vt 0.343473 0.690385
vt 0.347582 0.708842
vt 0.318871 0.680994
vt 0.326331 0.665688
vt 0.082091 0.709892
vt 0.076983 0.710157
vt 0.094297 0.698251
vt 0.087978 0.699178
vt 0.330124 0.886472
vt 0.344469 0.933084
vt 0.330386 0.946952
vt 0.097768 0.693858
vt 0.091182 0.702695
vt 0.346738 0.827642
vt 0.333816 0.828442
vt 0.322295 0.745720
vt 0.330248 0.745360
vt 0.078613 0.717826
vt 0.074741 0.715243
vt 0.080243 0.725487
vt 0.074928 0.726727
vt 0.317569 0.960906
vt 0.324259 0.971629
vt 0.310945 0.992504
vt 0.340383 0.948221
vt 0.311066 0.641523
vt 0.311618 0.639690
vt 0.118635 0.663857
vt 0.310636 0.642950
vt 0.348565 0.916804
vt 0.368192 0.806283
vt 0.333181 0.848855
vt 0.352075 0.900242
vt 0.088245 0.707601
vt 0.323550 0.929081
vt 0.340637 0.948355
vt 0.358633 0.846723
vt 0.359478 0.826892
vt 0.359539 0.806548
vt 0.114946 0.677554
vt 0.084791 0.714733
vt 0.179301 0.663752
vt 0.179247 0.663759
vt 0.179314 0.663713
vt 0.179233 0.663825
vt 0.179184 0.663815
vt 0.179251 0.663719
vt 0.179200 0.663772
vt 0.179050 0.663996
vt 0.179082 0.664010
vt 0.179022 0.664092
vt 0.074601 0.628272
vt 0.074708 0.628246
vt 0.074665 0.628581
vt 0.179120 0.663895
vt 0.179156 0.663916
vt 0.179163 0.663805
vt 0.074550 0.627764
vt 0.074535 0.627954
vt 0.074433 0.627506
vt 0.074562 0.627645
vt 0.074634 0.627981
vt 0.074637 0.627838
vt 0.074166 0.982986
vt 0.074203 0.983049
vt 0.074017 0.982917
vt 0.074288 0.982843
vt 0.074313 0.982955
vt 0.074303 0.982942
vt 0.074341 0.982907
vt 0.074750 0.982578
vt 0.074473 0.982789
vt 0.074408 0.982675
vt 0.074490 0.982848
vt 0.074381 0.982912
vt 0.074277 0.982864
vt 0.074308 0.982850
vt 0.074180 0.982860
vt 0.074329 0.982916
vt 0.074363 0.982894
vt 0.182043 0.665516
vt 0.182027 0.665584
vt 0.065110 0.627374
vt 0.064932 0.627583
vt 0.064797 0.627665
vt 0.064642 0.627851
vt 0.064685 0.627999
vt 0.064524 0.628283
vt 0.064787 0.627853
vt 0.064937 0.627733
vt 0.065131 0.627447
vt 0.064938 0.627956
vt 0.064771 0.628033
vt 0.064405 0.628720
vt 0.064525 0.628780
vt 0.064606 0.628353
vt 0.064729 0.628374
vt 0.073431 0.981430
vt 0.073389 0.981247
vt 0.073478 0.981475
vt 0.073353 0.981574
vt 0.073257 0.981475
vt 0.073309 0.981563
vt 0.073310 0.981583
vt 0.073317 0.981578
vt 0.073314 0.981568
vt 0.073288 0.981629
vt 0.073322 0.981602
vt 0.073361 0.981576
vt 0.073289 0.981618
vt 0.073142 0.981624
vt 0.073152 0.981703
vt 0.073143 0.981372
vt 0.183340 0.876070
vt 0.183294 0.876098
vt 0.183369 0.876106
vt 0.183310 0.876125
vt 0.183266 0.876174
vt 0.183376 0.876181
vt 0.183404 0.876136
vt 0.183443 0.876158
vt 0.183300 0.876207
vt 0.183349 0.876165
vt 0.183304 0.876170
vt 0.183329 0.876145
vt 0.183264 0.876209
vt 0.183234 0.876232
vt 0.183241 0.876239
vt 0.118311 0.965161
vt 0.118143 0.965237
vt 0.118143 0.965280
vt 0.118013 0.965366
vt 0.117942 0.965407
vt 0.118450 0.965289
vt 0.118150 0.965333
vt 0.118367 0.965259
vt 0.118154 0.965306
vt 0.118326 0.965217
vt 0.118045 0.965355
vt 0.168451 0.784883
vt 0.168534 0.785066
vt 0.168391 0.784736
vt 0.168415 0.784775
vt 0.168647 0.785006
vt 0.168506 0.784830
vt 0.168580 0.785018
vt 0.168475 0.784867
vt 0.168491 0.784841
vt 0.168381 0.784720
vt 0.168346 0.784641
vt 0.274605 0.894838
vt 0.274763 0.894956
vt 0.274650 0.894796
vt 0.274803 0.894934
vt 0.274949 0.895010
vt 0.275022 0.895055
vt 0.274653 0.894641
vt 0.274848 0.894901
vt 0.274668 0.894736
vt 0.274861 0.894889
vt 0.275063 0.895070
vt 0.274978 0.895026
vt 0.274821 0.894912
vt 0.274922 0.894987
vt 0.133953 0.793369
vt 0.133974 0.793174
vt 0.133892 0.793352
vt 0.133934 0.793150
vt 0.133925 0.792947
vt 0.133928 0.792903
vt 0.133757 0.793432
vt 0.133880 0.793125
vt 0.133831 0.793369
vt 0.133921 0.792839
vt 0.133863 0.793118
vt 0.178076 0.894837
vt 0.178101 0.894884
vt 0.178108 0.894767
vt 0.178103 0.894822
vt 0.178131 0.894814
vt 0.178144 0.894868
vt 0.178122 0.894779
vt 0.178139 0.894745
vt 0.178109 0.894725
vt 0.178105 0.894687
vt 0.178095 0.894689
vt 0.178092 0.894757
vt 0.178190 0.894861
vt 0.178190 0.894808
vt 0.178159 0.894808
vt 0.265379 0.929194
vt 0.265166 0.929166
vt 0.265360 0.929156
vt 0.265581 0.929214
vt 0.265543 0.929211
vt 0.265382 0.929223
vt 0.265179 0.929225
vt 0.265162 0.929282
vt 0.265400 0.929263
vt 0.265397 0.929246
vt 0.265662 0.929225
vt 0.164751 0.880966
vt 0.164698 0.880965
vt 0.164795 0.881028
vt 0.164751 0.880997
vt 0.164744 0.881025
vt 0.164690 0.881010
vt 0.164778 0.881034
vt 0.164866 0.881064
vt 0.164790 0.881049
vt 0.164832 0.881049
vt 0.164869 0.881054
vt 0.164812 0.881019
vt 0.164673 0.881053
vt 0.164720 0.881079
vt 0.164736 0.881052
vt 0.164800 0.881065
vt 0.094252 0.940656
vt 0.094330 0.940487
vt 0.094123 0.940789
vt 0.094211 0.940656
vt 0.094185 0.940645
vt 0.094274 0.940472
vt 0.094233 0.940432
vt 0.094142 0.940642
vt 0.094158 0.940647
vt 0.094103 0.940820
vt 0.094056 0.940886
vt 0.094135 0.940756
vt 0.303927 0.922556
vt 0.303817 0.922664
vt 0.303994 0.922586
vt 0.303934 0.922700
vt 0.303787 0.922752
vt 0.304016 0.922743
vt 0.303919 0.922805
vt 0.292999 0.842732
vt 0.292960 0.842716
vt 0.303921 0.923078
vt 0.303965 0.922926
vt 0.304076 0.922988
vt 0.292975 0.842752
vt 0.292930 0.842723
vt 0.292998 0.842754
vt 0.303747 0.922838
vt 0.303745 0.922991
vt 0.303861 0.922898
vt 0.303815 0.923035
vt 0.303979 0.922824
vt 0.142227 0.755002
vt 0.142374 0.755018
vt 0.142192 0.754925
vt 0.142335 0.754908
vt 0.142460 0.754991
vt 0.142328 0.754821
vt 0.142426 0.754867
vt 0.170062 0.736066
vt 0.170091 0.736037
vt 0.170082 0.736100
vt 0.170044 0.736091
vt 0.170051 0.736044
vt 0.170093 0.736020
vt 0.170041 0.736070
vt 0.142547 0.754971
vt 0.142654 0.754870
vt 0.142521 0.754859
vt 0.142628 0.754805
vt 0.142412 0.754814
vt 0.142486 0.754784
vt 0.175527 0.883942
vt 0.175476 0.883890
vt 0.175516 0.883994
vt 0.175477 0.883941
vt 0.175425 0.883900
vt 0.175443 0.883974
vt 0.175436 0.883945
vt 0.175428 0.884063
vt 0.175498 0.884044
vt 0.175389 0.884027
vt 0.175455 0.884019
vt 0.175472 0.883982
vt 0.175374 0.883917
vt 0.175355 0.883987
vt 0.175398 0.883961
vt 0.175422 0.883995
vt 0.082672 0.976923
vt 0.082604 0.976789
vt 0.082627 0.976994
vt 0.082535 0.976884
vt 0.082530 0.976733
vt 0.082469 0.976938
vt 0.082447 0.976837
vt 0.309966 0.703915
vt 0.309983 0.703950
vt 0.082203 0.976831
vt 0.082345 0.976843
vt 0.082351 0.976964
vt 0.082530 0.977085
vt 0.082413 0.976882
vt 0.082460 0.976673
vt 0.082304 0.976627
vt 0.082379 0.976764
vt 0.082219 0.976695
vt 0.171525 0.789737
vt 0.171605 0.789741
vt 0.171585 0.789806
vt 0.171595 0.789655
vt 0.171629 0.789705
vt 0.171646 0.789783
vt 0.171641 0.789859
vt 0.171653 0.789746
vt 0.171672 0.789704
vt 0.171634 0.789640
vt 0.171736 0.789726
vt 0.171689 0.789761
vt 0.171697 0.789905
vt 0.171758 0.789873
vt 0.171937 0.788853
vt 0.171695 0.789824
vt 0.171750 0.789802
vt 0.184977 0.874445
vt 0.184962 0.874499
vt 0.185016 0.874433
vt 0.184997 0.874480
vt 0.184988 0.874530
vt 0.185030 0.874489
vt 0.185014 0.874504
vt 0.185093 0.874465
vt 0.185055 0.874426
vt 0.183762 0.875682
vt 0.185085 0.874505
vt 0.185054 0.874466
vt 0.185050 0.874495
vt 0.185024 0.874469
vt 0.185018 0.874557
vt 0.185072 0.874543
vt 0.185038 0.874522
vt 0.270698 0.892164
vt 0.270761 0.892208
vt 0.270633 0.892178
vt 0.270650 0.892119
vt 0.270737 0.892144
vt 0.270789 0.892178
vt 0.270691 0.892115
vt 0.270554 0.891997
vt 0.270521 0.892055
vt 0.271582 0.891553
vt 0.270635 0.892012
vt 0.270605 0.892064
vt 0.270574 0.892116
vt 0.270675 0.892077
vt 0.270739 0.892099
vt 0.270721 0.892033
vt 0.178665 0.897074
vt 0.178650 0.897127
vt 0.178626 0.897092
vt 0.178704 0.897061
vt 0.178685 0.897108
vt 0.178677 0.897157
vt 0.178713 0.897097
vt 0.178703 0.897132
vt 0.178782 0.897094
vt 0.178744 0.897054
vt 0.178773 0.897133
vt 0.178742 0.897094
vt 0.178738 0.897123
vt 0.178707 0.897184
vt 0.178760 0.897171
vt 0.178323 0.895438
vt 0.178726 0.897150
vt 0.178718 0.897117
vt 0.122135 0.963227
vt 0.122072 0.963251
vt 0.122154 0.963163
vt 0.122195 0.963204
vt 0.122082 0.963286
vt 0.122178 0.963233
vt 0.122135 0.963257
vt 0.122340 0.963161
vt 0.122317 0.963123
vt 0.122071 0.964224
vt 0.122282 0.963224
vt 0.122256 0.963186
vt 0.122234 0.963146
vt 0.122171 0.963363
vt 0.122161 0.963274
vt 0.122227 0.963290
vt 0.122105 0.963315
vt 0.122212 0.963232
vt 0.260551 0.929151
vt 0.260502 0.929213
vt 0.260456 0.929166
vt 0.260579 0.929211
vt 0.260524 0.929251
vt 0.260438 0.929224
vt 0.260373 0.929185
vt 0.260469 0.929249
vt 0.260501 0.929289
vt 0.260580 0.929292
vt 0.260450 0.929333
vt 0.260436 0.929272
vt 0.260296 0.929207
vt 0.260291 0.929272
vt 0.260897 0.929906
vt 0.260371 0.929245
vt 0.260367 0.929304
vt 0.133721 0.798105
vt 0.133725 0.798029
vt 0.133767 0.798154
vt 0.133707 0.798170
vt 0.133684 0.798082
vt 0.133683 0.798137
vt 0.133654 0.798314
vt 0.133720 0.798312
vt 0.132816 0.797645
vt 0.133625 0.798238
vt 0.133685 0.798236
vt 0.133744 0.798236
vt 0.133720 0.798313
vt 0.133659 0.798170
vt 0.133578 0.798048
vt 0.133645 0.798104
vt 0.133599 0.798153
vt 0.133686 0.798021
vt 0.162518 0.880376
vt 0.162479 0.880336
vt 0.162521 0.880333
vt 0.162510 0.880415
vt 0.162478 0.880376
vt 0.162439 0.880344
vt 0.162474 0.880406
vt 0.162448 0.880379
vt 0.162443 0.880468
vt 0.162496 0.880454
vt 0.162413 0.880440
vt 0.162462 0.880433
vt 0.162454 0.880400
vt 0.162401 0.880357
vt 0.162386 0.880410
vt 0.164204 0.880897
vt 0.162421 0.880391
vt 0.162439 0.880415
vt 0.096301 0.936701
vt 0.096248 0.936640
vt 0.096312 0.936622
vt 0.096225 0.936703
vt 0.096190 0.936694
vt 0.096272 0.936580
vt 0.096330 0.936542
vt 0.096218 0.936640
vt 0.096242 0.936598
vt 0.096202 0.936615
vt 0.096161 0.936671
vt 0.096185 0.936548
vt 0.096244 0.936564
vt 0.096353 0.936459
vt 0.096315 0.936435
vt 0.095112 0.936602
vt 0.096290 0.936519
vt 0.096252 0.936494
vt 0.360018 0.993889
vt 0.360001 0.994171
vt 0.359356 0.993542
vt 0.360216 0.993999
vt 0.360313 0.994135
vt 0.359579 0.994309
vt 0.360214 0.994313
vt 0.078414 0.767182
vt 0.078376 0.767167
vt 0.078419 0.767080
vt 0.078404 0.767294
vt 0.078367 0.767287
vt 0.360493 0.994012
vt 0.360431 0.993942
vt 0.360610 0.993876
vt 0.360395 0.994213
vt 0.078376 0.767487
vt 0.078359 0.767457
vt 0.078391 0.767402
vt 0.078347 0.767525
vt 0.078336 0.767486
vt 0.078360 0.767386
vt 0.078341 0.767423
vt 0.360765 0.642450
vt 0.360876 0.642672
vt 0.179740 0.663177
vt 0.179686 0.663208
vt 0.179656 0.663193
vt 0.360986 0.642609
vt 0.361080 0.642762
vt 0.179614 0.663224
vt 0.179572 0.663215
vt 0.179709 0.663227
vt 0.179657 0.663233
vt 0.179742 0.663208
vt 0.179604 0.663265
vt 0.179572 0.663250
vt 0.179383 0.663241
vt 0.179383 0.663295
vt 0.179300 0.663283
vt 0.179490 0.663205
vt 0.179484 0.663249
vt 0.179490 0.663289
vt 0.359566 0.990948
vt 0.359536 0.990985
vt 0.359853 0.990899
vt 0.359752 0.990991
vt 0.359682 0.991057
vt 0.359694 0.991024
vt 0.359718 0.991055
vt 0.359892 0.991116
vt 0.360091 0.991041
vt 0.359893 0.991177
vt 0.359749 0.991091
vt 0.359760 0.990963
vt 0.359753 0.990959
vt 0.359731 0.991038
vt 0.359757 0.991061
vt 0.359842 0.645836
vt 0.359846 0.646016
vt 0.359817 0.645805
vt 0.359979 0.645730
vt 0.360045 0.645793
vt 0.360013 0.645725
vt 0.360069 0.645879
vt 0.360082 0.645873
vt 0.360103 0.645967
vt 0.360063 0.645747
vt 0.360039 0.645771
vt 0.360002 0.645784
vt 0.360049 0.645694
vt 0.360202 0.645652
vt 0.360201 0.645596
vt 0.360153 0.645902
vt 0.074974 0.738516
vt 0.075006 0.738493
vt 0.074972 0.738543
vt 0.075005 0.738445
vt 0.075038 0.738437
vt 0.310199 0.994722
vt 0.308410 0.994610
vt 0.308863 0.994342
vt 0.308235 0.994132
vt 0.308212 0.993370
vt 0.308131 0.993386
vt 0.308156 0.993200
vt 0.308257 0.993582
vt 0.308173 0.993585
vt 0.075070 0.738365
vt 0.075040 0.738361
vt 0.075076 0.738276
vt 0.308192 0.993854
vt 0.308039 0.993915
vt 0.308454 0.994075
vt 0.308348 0.993823
vt 0.309825 0.994362
vt 0.153567 0.657628
vt 0.153549 0.657662
vt 0.153503 0.657660
vt 0.310076 0.640557
vt 0.308601 0.640492
vt 0.308040 0.639320
vt 0.153500 0.657694
vt 0.153428 0.657697
vt 0.153532 0.657692
vt 0.308543 0.641209
vt 0.308279 0.641010
vt 0.309387 0.640870
vt 0.308314 0.641341
vt 0.308175 0.641386
vt 0.308039 0.641127
vt 0.153354 0.657735
vt 0.153361 0.657770
vt 0.153290 0.657770
vt 0.153437 0.657728
vt 0.308183 0.641568
vt 0.308252 0.641573
vt 0.308204 0.641779
vt 0.153506 0.657717
vt 0.310699 0.992640
vt 0.310677 0.992668
vt 0.310972 0.992622
vt 0.310887 0.992692
vt 0.310836 0.992733
vt 0.310854 0.992680
vt 0.310867 0.992739
vt 0.311041 0.992808
vt 0.311228 0.992760
vt 0.311045 0.992850
vt 0.310903 0.992764
vt 0.310927 0.992592
vt 0.310919 0.992585
vt 0.310892 0.992690
vt 0.310916 0.992709
vt 0.311050 0.642678
vt 0.311057 0.642868
vt 0.311020 0.642641
vt 0.311185 0.642561
vt 0.311258 0.642636
vt 0.311222 0.642559
vt 0.311268 0.642686
vt 0.311278 0.642682
vt 0.311295 0.642765
vt 0.311269 0.642565
vt 0.311242 0.642590
vt 0.311202 0.642606
vt 0.311258 0.642522
vt 0.311418 0.642488
vt 0.311417 0.642424
vt 0.311371 0.642752
vt 0.142259 0.738477
vt 0.136847 0.744158
vt 0.142286 0.738507
vt 0.136874 0.744188
vt 0.142318 0.738523
vt 0.136906 0.744204
vt 0.136937 0.744204
vt 0.147399 0.732561
vt 0.147427 0.732591
vt 0.147458 0.732608
vt 0.142348 0.738523
vt 0.053344 0.869958
vt 0.051936 0.851070
vt 0.052041 0.851067
vt 0.053245 0.869970
vt 0.051844 0.851073
vt 0.053159 0.869980
vt 0.051753 0.851077
vt 0.055140 0.887560
vt 0.055049 0.887581
vt 0.054970 0.887598
vt 0.053074 0.869989
vt 0.125603 0.754252
vt 0.131276 0.749430
vt 0.125631 0.754282
vt 0.131303 0.749460
vt 0.125662 0.754298
vt 0.131365 0.749476
vt 0.125693 0.754298
vt 0.131335 0.749476
vt 0.051354 0.810796
vt 0.051257 0.831151
vt 0.051240 0.810778
vt 0.051160 0.831147
vt 0.051139 0.810766
vt 0.051065 0.831146
vt 0.051040 0.810760
vt 0.051367 0.831158
vt 0.053409 0.770344
vt 0.051888 0.790509
vt 0.053291 0.770303
vt 0.051786 0.790488
vt 0.053188 0.770272
vt 0.051683 0.790477
vt 0.053083 0.770253
vt 0.052005 0.790538
vt 0.152177 0.726569
vt 0.152205 0.726599
vt 0.152236 0.726616
vt 0.147489 0.732608
vt 0.156632 0.720452
vt 0.156660 0.720482
vt 0.156692 0.720499
vt 0.152267 0.726616
vt 0.160842 0.714105
vt 0.160869 0.714136
vt 0.160900 0.714154
vt 0.156723 0.720500
vt 0.164900 0.707391
vt 0.164923 0.707430
vt 0.164951 0.707453
vt 0.160931 0.714155
vt 0.060289 0.719771
vt 0.055727 0.748760
vt 0.060180 0.719672
vt 0.055624 0.748714
vt 0.060082 0.719594
vt 0.055518 0.748687
vt 0.059977 0.719545
vt 0.055842 0.748819
vt 0.172773 0.692976
vt 0.175941 0.678434
vt 0.172816 0.692978
vt 0.176007 0.678354
vt 0.172858 0.692975
vt 0.176068 0.678305
vt 0.172893 0.692969
vt 0.168894 0.700230
vt 0.168905 0.700290
vt 0.168926 0.700326
vt 0.168954 0.700334
vt 0.164981 0.707456
vt 0.074750 0.628841
vt 0.067021 0.677826
vt 0.066932 0.677683
vt 0.066833 0.677590
vt 0.067117 0.678002
vt 0.057691 0.904744
vt 0.057606 0.904773
vt 0.057536 0.904799
vt 0.054891 0.887610
vt 0.115727 0.747568
vt 0.062451 0.926251
vt 0.062395 0.926300
vt 0.057465 0.904819
vt 0.113789 0.762709
vt 0.119832 0.758640
vt 0.113825 0.762733
vt 0.119860 0.758669
vt 0.113862 0.762745
vt 0.028906 0.922818
vt 0.119892 0.758685
vt 0.023848 0.907689
vt 0.057474 0.970323
vt 0.057605 0.970353
vt 0.057707 0.970358
vt 0.057327 0.970280
vt 0.040286 0.951889
vt 0.040332 0.951849
vt 0.040384 0.951817
vt 0.107010 0.752808
vt 0.070038 0.954387
vt 0.069998 0.954466
vt 0.062336 0.926335
vt 0.069951 0.954519
vt 0.078847 0.767086
vt 0.094062 0.759537
vt 0.100766 0.770302
vt 0.107339 0.766585
vt 0.100777 0.770340
vt 0.107391 0.766600
vt 0.100797 0.770362
vt 0.107439 0.766606
vt 0.034385 0.937599
vt 0.019431 0.854788
vt 0.017200 0.835357
vt 0.019559 0.854768
vt 0.017336 0.835336
vt 0.019688 0.854747
vt 0.017473 0.835313
vt 0.015810 0.815445
vt 0.015953 0.815423
vt 0.016097 0.815399
vt 0.045822 0.870597
vt 0.044059 0.851620
vt 0.045702 0.870606
vt 0.043928 0.851631
vt 0.045580 0.870615
vt 0.043797 0.851643
vt 0.048131 0.888297
vt 0.048017 0.888306
vt 0.047902 0.888314
vt 0.022457 0.873191
vt 0.026124 0.890347
vt 0.022579 0.873172
vt 0.026240 0.890331
vt 0.022702 0.873154
vt 0.026356 0.890316
vt 0.042621 0.811121
vt 0.042985 0.831605
vt 0.042480 0.811135
vt 0.042848 0.831619
vt 0.042337 0.811153
vt 0.042711 0.831634
vt 0.044106 0.770322
vt 0.042966 0.790711
vt 0.043951 0.770338
vt 0.042819 0.790727
vt 0.043795 0.770360
vt 0.042671 0.790747
vt 0.015284 0.795596
vt 0.015431 0.795573
vt 0.015578 0.795547
vt 0.015686 0.775759
vt 0.015837 0.775735
vt 0.015988 0.775707
vt 0.017095 0.755666
vt 0.017251 0.755638
vt 0.017408 0.755602
vt 0.019586 0.734948
vt 0.019761 0.734904
vt 0.019938 0.734841
vt 0.050632 0.719356
vt 0.046323 0.748580
vt 0.050474 0.719398
vt 0.046161 0.748601
vt 0.050313 0.719462
vt 0.045997 0.748631
vt 0.045849 0.659785
vt 0.027715 0.691708
vt 0.045913 0.660035
vt 0.027777 0.691711
vt 0.045930 0.660371
vt 0.027833 0.691729
vt 0.178490 0.678907
vt 0.023146 0.713373
vt 0.023354 0.713296
vt 0.023568 0.713173
vt 0.057339 0.677470
vt 0.057171 0.677573
vt 0.056998 0.677724
vt 0.051252 0.905637
vt 0.051138 0.905646
vt 0.051022 0.905650
vt 0.056754 0.927230
vt 0.056646 0.927217
vt 0.056535 0.927192
vt 0.030276 0.906256
vt 0.034905 0.921390
vt 0.030387 0.906244
vt 0.035019 0.921391
vt 0.030499 0.906235
vt 0.035138 0.921402
vt 0.060763 0.967292
vt 0.060733 0.967087
vt 0.060673 0.966846
vt 0.045345 0.949977
vt 0.045380 0.949952
vt 0.045412 0.949923
vt 0.065126 0.955098
vt 0.064997 0.955005
vt 0.064861 0.954887
vt 0.039994 0.936103
vt 0.040123 0.936114
vt 0.040260 0.936151
vt 0.073692 0.982097
vt 0.072939 0.981543
vt 0.073693 0.982089
vt 0.074189 0.982784
vt 0.073693 0.982077
vt 0.074437 0.627563
vt 0.180670 0.664558
vt 0.069808 0.627519
vt 0.182038 0.665411
vt 0.162052 0.831534
vt 0.161989 0.831540
vt 0.161930 0.831563
vt 0.137281 0.921750
vt 0.137193 0.921662
vt 0.137231 0.921712
vt 0.309927 0.703901
vt 0.240008 0.719969
vt 0.309900 0.703892
vt 0.082856 0.859011
vt 0.239996 0.719956
vt 0.082733 0.858976
vt 0.227615 0.899115
vt 0.227642 0.899057
vt 0.227651 0.898994
vt 0.231522 0.789409
vt 0.170077 0.736130
vt 0.231495 0.789441
vt 0.170077 0.736153
vt 0.245368 0.815229
vt 0.231505 0.789428
vt 0.292909 0.842727
vt 0.293025 0.842701
vt 0.198901 0.977085
vt 0.198839 0.976844
vt 0.301504 0.773326
vt 0.198871 0.976965
vt 0.173639 0.835197
vt 0.168437 0.784913
vt 0.173593 0.835195
vt 0.168355 0.784679
vt 0.173547 0.835185
vt 0.168277 0.784566
vt 0.275139 0.895140
vt 0.224596 0.887216
vt 0.224586 0.887169
vt 0.224581 0.887121
vt 0.168283 0.784539
vt 0.237041 0.823315
vt 0.236979 0.823369
vt 0.236918 0.823419
vt 0.275169 0.895140
vt 0.148617 0.924979
vt 0.148574 0.924960
vt 0.148529 0.924945
vt 0.117815 0.965467
vt 0.218883 0.907400
vt 0.218913 0.907363
vt 0.265622 0.929213
vt 0.218948 0.907328
vt 0.265770 0.929209
vt 0.265794 0.929227
vt 0.196212 0.966600
vt 0.196192 0.966523
vt 0.196174 0.966448
vt 0.117801 0.965493
vt 0.117910 0.965435
vt 0.118154 0.965350
vt 0.133953 0.792693
vt 0.153318 0.839852
vt 0.153283 0.839885
vt 0.153244 0.839912
vt 0.134181 0.910411
vt 0.134167 0.910364
vt 0.134148 0.910321
vt 0.094020 0.940987
vt 0.094085 0.940856
vt 0.093994 0.941000
vt 0.093167 0.861953
vt 0.093245 0.861975
vt 0.093321 0.861996
vt 0.133933 0.792659
vt 0.175998 0.834548
vt 0.175953 0.834540
vt 0.175909 0.834540
vt 0.179227 0.834869
vt 0.225013 0.884969
vt 0.225010 0.884924
vt 0.225001 0.884877
vt 0.224520 0.881840
vt 0.234501 0.825392
vt 0.234441 0.825442
vt 0.234383 0.825494
vt 0.231794 0.828595
vt 0.152903 0.927799
vt 0.150363 0.926417
vt 0.150318 0.926403
vt 0.150277 0.926383
vt 0.218009 0.909515
vt 0.218042 0.909480
vt 0.218070 0.909443
vt 0.216345 0.911982
vt 0.195513 0.963746
vt 0.195495 0.963672
vt 0.195476 0.963598
vt 0.194642 0.960155
vt 0.151188 0.840645
vt 0.151150 0.840671
vt 0.151115 0.840703
vt 0.148693 0.842683
vt 0.132752 0.908657
vt 0.132733 0.908616
vt 0.132718 0.908570
vt 0.131582 0.905875
vt 0.096057 0.862729
vt 0.096131 0.862750
vt 0.096206 0.862770
vt 0.099699 0.863475
vt 0.184172 0.875264
vt 0.184202 0.875295
vt 0.184232 0.875325
vt 0.272565 0.893336
vt 0.270808 0.892141
vt 0.272507 0.893421
vt 0.272537 0.893378
vt 0.120423 0.964171
vt 0.120381 0.964090
vt 0.120402 0.964130
vt 0.262689 0.929165
vt 0.262689 0.929214
vt 0.260585 0.929251
vt 0.262689 0.929265
vt 0.163557 0.880746
vt 0.163568 0.880705
vt 0.163580 0.880664
vt 0.133741 0.795908
vt 0.133644 0.798025
vt 0.133845 0.795913
vt 0.133793 0.795911
vt 0.170184 0.787628
vt 0.171563 0.789681
vt 0.170231 0.787608
vt 0.170274 0.787580
vt 0.178473 0.895988
vt 0.178390 0.896009
vt 0.178432 0.895998
vt 0.095397 0.938413
vt 0.095314 0.938371
vt 0.095356 0.938392
vt 0.111005 0.691559
vt 0.116440 0.685831
vt 0.416647 0.811140
vt 0.416291 0.831688
vt 0.416555 0.811139
vt 0.416200 0.831683
vt 0.416464 0.811140
vt 0.105905 0.697530
vt 0.416382 0.831697
vt 0.415140 0.851724
vt 0.415050 0.851714
vt 0.122014 0.697367
vt 0.127682 0.692068
vt 0.122045 0.697397
vt 0.127714 0.692097
vt 0.122077 0.697411
vt 0.373328 0.812013
vt 0.133523 0.687234
vt 0.133554 0.687263
vt 0.127746 0.692111
vt 0.373122 0.791202
vt 0.127941 0.675681
vt 0.415930 0.790697
vt 0.414204 0.770735
vt 0.414292 0.770719
vt 0.415840 0.790705
vt 0.414117 0.770746
vt 0.122106 0.680525
vt 0.415751 0.790712
vt 0.116581 0.703101
vt 0.111486 0.709082
vt 0.116612 0.703130
vt 0.111517 0.709111
vt 0.116645 0.703144
vt 0.111550 0.709125
vt 0.372950 0.832942
vt 0.372093 0.853346
vt 0.106808 0.715141
vt 0.102509 0.721330
vt 0.106840 0.715171
vt 0.102541 0.721359
vt 0.106872 0.715185
vt 0.102573 0.721374
vt 0.370871 0.872653
vt 0.369260 0.890888
vt 0.101225 0.703586
vt 0.415231 0.851741
vt 0.413217 0.870711
vt 0.413129 0.870695
vt 0.096926 0.709774
vt 0.413305 0.870735
vt 0.410542 0.888700
vt 0.410456 0.888680
vt 0.410720 0.888781
vt 0.407201 0.905956
vt 0.410626 0.888732
vt 0.407123 0.905914
vt 0.407041 0.905887
vt 0.407291 0.906012
vt 0.403047 0.922716
vt 0.402979 0.922650
vt 0.402905 0.922607
vt 0.098324 0.728134
vt 0.093202 0.737580
vt 0.098355 0.728165
vt 0.093229 0.737619
vt 0.098387 0.728180
vt 0.093258 0.737640
vt 0.093286 0.737640
vt 0.098416 0.728178
vt 0.376556 0.977189
vt 0.392694 0.954981
vt 0.392778 0.955004
vt 0.376374 0.977273
vt 0.392616 0.954969
vt 0.376210 0.977337
vt 0.392534 0.954958
vt 0.376079 0.977364
vt 0.360766 0.993832
vt 0.403122 0.922801
vt 0.398205 0.939247
vt 0.398160 0.939134
vt 0.398099 0.939057
vt 0.398254 0.939388
vt 0.086287 0.751253
vt 0.086304 0.751312
vt 0.086326 0.751347
vt 0.086352 0.751351
vt 0.139937 0.682675
vt 0.139969 0.682703
vt 0.133586 0.687278
vt 0.372365 0.770888
vt 0.149168 0.677451
vt 0.149209 0.677475
vt 0.140002 0.682718
vt 0.370781 0.750058
vt 0.140287 0.667215
vt 0.411835 0.751315
vt 0.408511 0.732048
vt 0.408585 0.731994
vt 0.411752 0.751341
vt 0.408433 0.732085
vt 0.133941 0.671283
vt 0.411668 0.751359
vt 0.166794 0.661453
vt 0.361276 0.642842
vt 0.380233 0.664986
vt 0.380096 0.664954
vt 0.154107 0.659651
vt 0.380403 0.665059
vt 0.399550 0.692915
vt 0.399470 0.692928
vt 0.163009 0.670770
vt 0.163068 0.670786
vt 0.149247 0.677487
vt 0.360603 0.684574
vt 0.366985 0.722564
vt 0.163119 0.670791
vt 0.357002 0.644616
vt 0.404566 0.712293
vt 0.399626 0.692900
vt 0.404509 0.712399
vt 0.147118 0.663350
vt 0.404442 0.712471
vt 0.408085 0.811300
vt 0.407792 0.831689
vt 0.407946 0.811304
vt 0.407651 0.831693
vt 0.407807 0.811308
vt 0.407510 0.831698
vt 0.406689 0.851570
vt 0.406549 0.851574
vt 0.406408 0.851581
vt 0.381275 0.791100
vt 0.381595 0.811968
vt 0.381411 0.791100
vt 0.381736 0.811967
vt 0.381548 0.791101
vt 0.381878 0.811965
vt 0.380320 0.770699
vt 0.380454 0.770700
vt 0.380589 0.770703
vt 0.407470 0.791026
vt 0.406005 0.771197
vt 0.407333 0.791028
vt 0.405869 0.771198
vt 0.407195 0.791030
vt 0.405733 0.771198
vt 0.380312 0.853385
vt 0.381235 0.832946
vt 0.380450 0.853379
vt 0.381375 0.832942
vt 0.380590 0.853369
vt 0.381516 0.832935
vt 0.377115 0.891035
vt 0.378947 0.872733
vt 0.377251 0.891025
vt 0.379083 0.872724
vt 0.377388 0.891011
vt 0.379220 0.872712
vt 0.404888 0.870399
vt 0.404750 0.870403
vt 0.404612 0.870411
vt 0.402396 0.888228
vt 0.402261 0.888234
vt 0.402125 0.888244
vt 0.399213 0.905290
vt 0.399079 0.905299
vt 0.398945 0.905314
vt 0.395338 0.921876
vt 0.395196 0.921898
vt 0.395051 0.921935
vt 0.370491 0.932388
vt 0.374569 0.909409
vt 0.370623 0.932352
vt 0.374704 0.909396
vt 0.370756 0.932301
vt 0.374840 0.909376
vt 0.371614 0.973937
vt 0.385894 0.953512
vt 0.371614 0.973688
vt 0.385843 0.953486
vt 0.371648 0.973387
vt 0.385798 0.953449
vt 0.390837 0.938114
vt 0.390677 0.938153
vt 0.390510 0.938226
vt 0.364871 0.962221
vt 0.365017 0.962103
vt 0.365167 0.961953
vt 0.378451 0.749712
vt 0.378591 0.749715
vt 0.378732 0.749723
vt 0.374233 0.722108
vt 0.374367 0.722137
vt 0.374504 0.722182
vt 0.403775 0.751922
vt 0.400770 0.732741
vt 0.403642 0.751919
vt 0.400629 0.732720
vt 0.403507 0.751911
vt 0.400485 0.732685
vt 0.375247 0.668471
vt 0.375238 0.668727
vt 0.375264 0.669038
vt 0.392628 0.694394
vt 0.392579 0.694414
vt 0.392533 0.694442
vt 0.367213 0.684407
vt 0.367366 0.684531
vt 0.367525 0.684692
vt 0.397014 0.713320
vt 0.396851 0.713282
vt 0.396681 0.713209
vt 0.359330 0.644857
vt 0.360417 0.645731
vt 0.358004 0.643867
vt 0.359527 0.644771
vt 0.358947 0.643355
vt 0.359902 0.642959
vt 0.359722 0.644690
vt 0.357880 0.992917
vt 0.359373 0.992031
vt 0.359049 0.991896
vt 0.359578 0.990811
vt 0.095204 0.682428
vt 0.099399 0.678184
vt 0.095185 0.682408
vt 0.099381 0.678164
vt 0.095166 0.682390
vt 0.099362 0.678145
vt 0.099341 0.678123
vt 0.091341 0.686801
vt 0.091322 0.686782
vt 0.091302 0.686764
vt 0.367368 0.846733
vt 0.368268 0.826766
vt 0.324515 0.786837
vt 0.325044 0.807633
vt 0.324930 0.807632
vt 0.324627 0.786829
vt 0.325142 0.807634
vt 0.324724 0.786823
vt 0.325240 0.807634
vt 0.323604 0.766557
vt 0.323712 0.766539
vt 0.323806 0.766526
vt 0.324820 0.786819
vt 0.108517 0.670497
vt 0.103853 0.674196
vt 0.108500 0.670476
vt 0.103836 0.674176
vt 0.108484 0.670455
vt 0.103798 0.674132
vt 0.108465 0.670430
vt 0.103818 0.674156
vt 0.324264 0.848942
vt 0.324926 0.828562
vt 0.324376 0.848961
vt 0.325025 0.828570
vt 0.324474 0.848975
vt 0.325122 0.828574
vt 0.324571 0.848983
vt 0.324812 0.828551
vt 0.322163 0.886356
vt 0.323506 0.868243
vt 0.322266 0.886393
vt 0.323601 0.868263
vt 0.322356 0.886420
vt 0.323696 0.868274
vt 0.322447 0.886436
vt 0.323398 0.868216
vt 0.087867 0.691193
vt 0.087848 0.691174
vt 0.087827 0.691157
vt 0.365708 0.865640
vt 0.084752 0.695637
vt 0.084733 0.695618
vt 0.084711 0.695602
vt 0.363316 0.883534
vt 0.081943 0.700211
vt 0.081923 0.700192
vt 0.081902 0.700176
vt 0.360221 0.900632
vt 0.079373 0.705015
vt 0.079357 0.704989
vt 0.079337 0.704971
vt 0.356466 0.917227
vt 0.316490 0.928461
vt 0.320308 0.904667
vt 0.316568 0.928543
vt 0.320391 0.904706
vt 0.316639 0.928609
vt 0.320476 0.904731
vt 0.316716 0.928652
vt 0.320215 0.904617
vt 0.074710 0.715243
vt 0.074896 0.726805
vt 0.074684 0.715248
vt 0.074864 0.726873
vt 0.074658 0.715254
vt 0.328785 0.975486
vt 0.347245 0.949408
vt 0.075110 0.738203
vt 0.074833 0.726920
vt 0.311423 0.995103
vt 0.076974 0.710107
vt 0.076965 0.710067
vt 0.076950 0.710039
vt 0.352138 0.933555
vt 0.310900 0.961057
vt 0.310958 0.961161
vt 0.311023 0.961230
vt 0.310838 0.960930
vt 0.321917 0.745808
vt 0.322017 0.745774
vt 0.322105 0.745747
vt 0.323899 0.766516
vt 0.318055 0.718530
vt 0.318140 0.718460
vt 0.318217 0.718403
vt 0.322193 0.745729
vt 0.118605 0.663838
vt 0.113385 0.667074
vt 0.118581 0.663822
vt 0.113367 0.667054
vt 0.118561 0.663802
vt 0.113334 0.667006
vt 0.118545 0.663775
vt 0.113351 0.667033
vt 0.141787 0.657687
vt 0.141847 0.657654
vt 0.141887 0.657621
vt 0.311786 0.639746
vt 0.130132 0.657640
vt 0.130131 0.657612
vt 0.130132 0.657584
vt 0.331005 0.661256
vt 0.311669 0.680979
vt 0.311738 0.680856
vt 0.311800 0.680756
vt 0.318297 0.718366
vt 0.311869 0.680690
vt 0.308141 0.641949
vt 0.124287 0.660691
vt 0.124248 0.660683
vt 0.124201 0.660642
vt 0.130123 0.657553
vt 0.124220 0.660668
vt 0.359944 0.806532
vt 0.359888 0.826871
vt 0.359806 0.806537
vt 0.359748 0.826877
vt 0.359667 0.806543
vt 0.359607 0.826884
vt 0.359042 0.846699
vt 0.358902 0.846705
vt 0.358761 0.846714
vt 0.332970 0.786641
vt 0.333505 0.807496
vt 0.333106 0.786640
vt 0.333646 0.807492
vt 0.333243 0.786640
vt 0.333788 0.807489
vt 0.331843 0.766269
vt 0.331976 0.766269
vt 0.332111 0.766271
vt 0.359118 0.786312
vt 0.357467 0.766551
vt 0.358981 0.786316
vt 0.357332 0.766553
vt 0.358843 0.786319
vt 0.357197 0.766554
vt 0.332777 0.848889
vt 0.333403 0.828465
vt 0.332914 0.848880
vt 0.333543 0.828458
vt 0.333053 0.848868
vt 0.333685 0.828450
vt 0.330246 0.886469
vt 0.331739 0.868207
vt 0.330379 0.886458
vt 0.331872 0.868196
vt 0.330513 0.886441
vt 0.332005 0.868181
vt 0.357512 0.865464
vt 0.357375 0.865471
vt 0.357238 0.865481
vt 0.355314 0.883217
vt 0.355180 0.883225
vt 0.355045 0.883238
vt 0.352463 0.900190
vt 0.352331 0.900202
vt 0.352198 0.900220
vt 0.348980 0.916679
vt 0.348840 0.916707
vt 0.348698 0.916752
vt 0.323669 0.929068
vt 0.327941 0.904978
vt 0.323801 0.929030
vt 0.328081 0.904965
vt 0.323935 0.928973
vt 0.328222 0.904944
vt 0.324144 0.972518
vt 0.340571 0.948339
vt 0.324151 0.972271
vt 0.340499 0.948309
vt 0.324194 0.971966
vt 0.340433 0.948268
vt 0.344944 0.932851
vt 0.344788 0.932899
vt 0.344624 0.932983
vt 0.317139 0.961379
vt 0.317279 0.961252
vt 0.317426 0.961089
vt 0.329837 0.745342
vt 0.329976 0.745344
vt 0.330117 0.745351
vt 0.325499 0.717885
vt 0.325633 0.717914
vt 0.325770 0.717957
vt 0.355080 0.747364
vt 0.351942 0.728302
vt 0.354947 0.747362
vt 0.351801 0.728282
vt 0.354813 0.747356
vt 0.351658 0.728248
vt 0.326259 0.664772
vt 0.326254 0.665031
vt 0.326283 0.665345
vt 0.343601 0.690303
vt 0.343552 0.690325
vt 0.343506 0.690353
vt 0.318401 0.680524
vt 0.318555 0.680651
vt 0.318715 0.680813
vt 0.348074 0.709039
vt 0.347911 0.709002
vt 0.347743 0.708931
vt 0.310593 0.641711
vt 0.311640 0.642576
vt 0.310900 0.641582
vt 0.310337 0.993446
vt 0.309281 0.994114
vt 0.310596 0.993553
vt 0.311260 0.995170
vt 0.310683 0.992532
vt 0.094053 0.940913
vt 0.265688 0.929215
vt 0.117885 0.965438
vt 0.275079 0.895091
vt 0.168325 0.784627
vt 0.045682 0.659633
vt 0.357068 0.644428
vt 0.183285 0.876173
vt 0.183301 0.876188
vt 0.117986 0.965383
vt 0.178129 0.894762
vt 0.293023 0.842741
vt 0.078360 0.767518
vt 0.179753 0.663191
vt 0.153595 0.657627
vt 0.153578 0.657667
vt 0.019236 0.891758
vt 0.040241 0.951941
vt 0.078788 0.767078
vt 0.133939 0.792805
vt 0.102602 0.721372
vt 0.095143 0.682368
vt 0.350364 0.688793
vt 0.310530 0.640118
s 1
g off
g Triángulo2AI_Holocron_Corners.001
usemtl Holocron_Corners.001
f 1220/1/1 1/2/2 202/3/3
f 1171/4/4 20/5/5 106/6/6
f 89/7/2 227/8/7 3/9/2
f 216/10/8 114/11/9 1181/12/10
f 4/13/2 1185/14/11 206/15/12
f 201/16/13 106/6/6 16/17/14
f 212/18/15 102/19/16 14/20/17
f 226/21/18 109/22/19 1176/23/20
f 3/9/2 1160/24/21 222/25/22
f 1175/26/23 4/13/2 88/27/2
f 1181/12/10 22/28/24 231/29/25
f 1191/30/26 19/31/27 237/32/28
f 1186/33/29 26/34/30 207/35/31
f 231/29/25 108/36/32 1196/37/33
f 1196/37/33 23/38/34 241/39/35
f 1206/40/36 18/41/37 247/42/38
f 90/43/2 236/44/39 1185/14/11
f 241/39/35 115/45/40 1211/46/41
f 1211/46/41 1323/47/42 253/48/43
f 268/49/44 113/50/45 1206/40/36
f 91/51/2 246/52/46 1190/53/47
f 1221/54/48 16/17/14 104/55/49
f 273/56/50 104/55/49 17/57/51
f 279/58/52 110/59/53 13/60/54
f 1/2/2 1165/61/55 89/7/2
f 1236/62/56 17/57/51 112/63/57
f 284/64/58 112/63/57 21/65/59
f 1231/66/60 1320/67/61 110/59/53
f 6/68/2 1215/69/62 93/70/2
f 106/6/6 327/71/63 1250/72/64
f 10/73/65 1266/74/66 97/75/65
f 24/76/67 1260/77/68 114/11/9
f 336/78/69 98/79/65 1276/80/70
f 104/55/49 307/81/71 1300/82/72
f 15/83/73 1245/84/74 332/85/75
f 15/83/73 1255/86/76 109/22/19
f 103/87/77 316/88/78 1245/84/74
f 116/89/79 327/71/63 20/5/5
f 117/90/80 311/91/81 26/34/30
f 19/31/27 1265/92/82 117/90/80
f 22/28/24 1275/93/83 108/36/32
f 1261/94/84 8/95/65 336/78/69
f 105/96/85 341/97/86 19/31/27
f 18/41/37 1270/98/87 105/96/85
f 23/38/34 1290/99/88 115/45/40
f 1276/80/70 11/100/65 346/101/89
f 113/50/45 351/102/90 18/41/37
f 25/103/91 1285/104/92 113/50/45
f 115/45/40 357/105/93 1323/47/42
f 306/106/94 96/107/65 7/108/65
f 14/20/17 1295/109/95 316/88/78
f 102/19/16 383/110/96 1295/109/95
f 112/63/57 379/111/97 1315/112/98
f 100/113/65 378/114/99 1301/115/100
f 13/60/54 1310/116/101 383/110/96
f 110/59/53 395/117/102 1310/116/101
f 21/65/59 1315/112/98 388/118/103
f 1166/119/104 14/20/17 103/87/77
f 1226/120/105 21/65/59 107/121/106
f 107/121/106 388/118/103 1305/122/107
f 7/108/65 1246/123/108 317/124/109
f 227/8/7 88/27/2 3/9/2
f 1176/23/20 24/76/67 216/10/8
f 109/22/19 322/125/110 24/76/67
f 96/107/65 331/126/111 1246/123/108
f 94/127/2 278/128/112 6/68/2
f 202/3/3 89/7/2 1170/129/113
f 16/17/14 1250/72/64 307/81/71
f 384/130/114 101/131/65 12/132/65
f 237/32/28 117/90/80 1186/33/29
f 1201/133/115 1324/134/116 111/135/117
f 111/135/117 356/136/118 1280/137/119
f 97/75/65 342/138/120 8/95/65
f 207/35/31 116/89/79 1161/139/121
f 226/21/18 103/87/77 15/83/73
f 1251/140/122 9/141/65 96/107/65
f 26/34/30 1240/142/123 116/89/79
f 1225/143/124 1230/144/125 94/127/2
f 283/145/126 94/127/2 1235/146/127
f 101/131/65 389/147/128 1316/148/129
f 1311/149/130 1306/150/131 101/131/65
f 5/151/2 1205/152/132 246/52/46
f 1180/153/133 2/154/2 90/43/2
f 114/11/9 337/155/134 22/28/24
f 11/100/65 1286/156/135 99/157/136
f 217/158/137 90/43/2 4/13/2
f 232/159/138 91/51/2 2/154/2
f 95/160/65 331/126/111 9/141/65
f 10/73/65 1256/161/139 95/160/65
f 1216/162/140 13/60/54 102/19/16
f 7/108/65 1301/115/100 306/106/94
s 2
f 1353/163/141 1443/164/142 410/165/143
s 1
f 1296/166/144 12/132/65 100/113/65
f 92/167/145 269/168/146 1205/152/132
f 1210/169/147 1200/170/148 92/167/145
f 1291/171/149 1281/172/150 358/173/151
f 99/157/136 373/174/152 1281/172/150
f 1226/120/105 1321/175/153 288/176/154
f 274/177/155 93/70/2 1220/1/1
f 17/57/51 1300/82/72 379/111/97
f 107/121/106 393/178/156 1321/175/153
f 247/42/38 105/96/85 1191/30/26
f 1235/146/127 6/68/2 274/177/155
f 12/132/65 1316/148/129 378/114/99
f 98/79/65 352/179/157 11/100/65
f 2/154/2 1190/53/47 236/44/39
f 1161/139/121 20/5/5 221/180/158
f 321/181/159 97/75/65 1261/94/84
f 8/95/65 1271/182/160 98/79/65
f 1201/183/115 25/103/91 268/49/44
f 1195/184/161 5/151/2 91/51/2
f 108/36/32 347/185/162 23/38/34
f 111/186/117 374/187/163 25/103/91
f 1170/129/113 3/9/2 222/25/22
f 88/27/2 206/15/12 1160/24/21
f 312/188/164 95/160/65 1241/189/165
f 1241/189/165 9/141/65 326/190/166
f 93/70/2 211/191/167 1/2/2
f 242/192/168 92/167/145 5/151/2
f 346/101/89 99/157/136 1291/171/149
f 317/124/109 100/113/65 7/108/65
s 2
f 457/193/169 130/194/170 34/195/171
f 503/196/172 136/197/173 1389/198/174
f 1477/199/175 1433/200/176 136/197/173
f 711/201/177 131/202/178 1429/203/179
f 480/204/180 127/205/181 1378/206/182
f 436/207/183 137/208/184 1353/163/141
f 1455/209/185 1419/210/186 138/211/187
f 1429/203/179 1439/212/188 693/213/189
f 447/214/190 124/215/191 29/216/192
f 1368/217/193 1452/218/194 425/219/195
f 1404/220/196 1409/221/197 622/222/198
f 1472/223/199 1414/224/200 135/225/201
f 27/226/202 1346/227/203 124/215/191
f 31/228/204 1350/229/205 567/230/206
f 32/231/207 1350/229/205 127/205/181
f 438/232/208 134/233/209 1468/234/210
f 1359/235/211 1444/236/212 120/237/213
f 33/238/214 1332/239/215 129/240/178
f 34/195/171 1337/241/216 530/242/217
f 412/243/218 122/244/219 1354/245/220
f 1364/246/221 1448/247/222 134/233/209
s 3
f 1345/248/223 1349/249/224 514/250/225
s 2
f 30/251/226 1331/252/227 549/253/228
f 457/193/169 128/254/229 1383/255/230
f 447/214/190 123/256/231 1358/257/232
f 27/226/202 1326/258/233 532/259/234
f 34/195/171 1327/260/235 128/254/229
f 467/261/236 138/211/187 1471/262/237
f 1379/263/238 1453/264/239 119/265/240
f 35/266/241 1337/241/216 130/194/170
f 35/266/241 1332/239/215 569/267/242
f 481/268/243 119/265/240 1456/269/244
f 479/270/245 138/211/187 1373/271/246
f 28/272/247 1341/273/248 548/274/249
f 29/216/192 1341/273/248 123/256/231
f 427/275/250 125/276/251 1369/277/252
f 489/278/253 128/254/229 33/238/214
f 29/216/192 1346/227/203 513/279/254
f 1467/280/255 1399/281/256 137/208/184
f 1389/198/174 1459/282/257 490/283/258
f 1394/284/259 1464/285/260 139/286/261
s 3
f 1336/287/262 1345/248/223 531/288/263
s 2
f 28/272/247 1326/258/233 122/244/219
f 1394/284/259 1476/289/264 505/290/265
f 488/291/266 118/292/267 1384/293/268
f 30/251/226 1340/294/269 126/295/270
f 31/228/204 1331/252/227 125/276/251
f 465/296/271 135/225/201 1368/217/193
f 32/231/207 1340/294/269 200/297/272
s 3
f 568/298/273 121/299/274 1336/287/262
s 2
f 33/238/214 1327/260/235 550/300/275
f 1459/282/257 1433/200/176 710/301/276
f 139/286/261 728/302/277 1476/289/264
f 1464/285/260 1438/303/278 139/286/261
f 120/237/213 605/304/279 1403/305/280
f 1468/234/210 1408/306/281 586/307/282
f 134/233/209 623/308/283 1408/306/281
f 1453/264/239 1423/309/284 119/265/240
f 138/211/187 640/310/285 1471/262/237
f 119/265/240 675/311/286 1456/269/244
f 437/312/287 124/215/191 1363/313/288
f 1359/235/211 1449/314/289 445/315/290
f 120/237/213 621/316/291 1449/314/289
f 137/208/184 603/317/292 1443/164/142
f 427/275/250 127/205/181 31/228/204
f 466/318/293 125/276/251 30/251/226
f 641/319/294 133/320/251 1413/321/295
f 1413/321/295 1424/322/296 658/323/297
f 489/278/253 129/240/178 1388/324/298
f 504/325/299 129/240/178 35/266/241
f 1439/212/188 1434/326/300 729/327/301
f 1460/328/302 1428/329/303 118/292/267
f 412/243/218 123/256/231 28/272/247
f 437/312/287 122/244/219 27/226/202
f 1409/221/197 1398/330/304 587/331/305
f 604/332/306 132/333/307 1404/220/196
f 466/318/293 126/295/270 1374/334/308
f 480/204/180 126/295/270 32/231/207
f 1424/322/296 1418/335/309 676/336/310
f 135/225/201 657/337/311 1452/218/194
f 504/325/299 130/194/170 1393/338/312
f 1384/293/268 1465/339/313 455/340/314
f 118/292/267 692/341/315 1465/339/313
s 4
f 1540/342/316 36/343/317 744/344/318
f 1491/345/319 55/346/320 158/347/321
f 141/348/317 769/349/322 38/350/317
f 758/351/323 166/352/324 1501/353/325
f 39/354/317 1505/355/326 748/356/327
f 743/357/328 158/347/321 51/358/329
f 754/359/330 154/360/331 49/361/332
f 768/362/333 161/363/334 1496/364/335
f 38/350/317 1480/365/336 764/366/337
f 1495/367/338 39/354/317 140/368/317
f 1501/353/325 57/369/339 773/370/340
f 1511/371/341 54/372/342 779/373/343
f 1506/374/344 61/375/345 749/376/346
f 773/370/340 160/377/347 1516/378/348
f 1516/378/348 58/379/349 783/380/350
f 1526/381/351 53/382/352 789/383/353
f 142/384/317 778/385/354 1505/355/326
f 783/380/350 167/386/355 1531/387/356
f 1531/387/356 1643/388/357 795/389/358
f 810/390/359 165/391/360 1526/381/351
f 143/392/317 788/393/361 1510/394/362
f 1541/395/363 51/358/329 156/396/364
f 815/397/365 156/396/364 52/398/366
f 821/399/367 162/400/368 48/401/369
f 36/343/317 1485/402/370 141/348/317
f 1556/403/371 52/398/366 164/404/372
f 826/405/373 164/404/372 56/406/374
f 1551/407/375 1640/408/376 162/400/368
f 41/409/317 1535/410/377 145/411/317
f 158/347/321 869/412/378 1570/413/379
f 45/414/380 1586/415/381 149/416/380
f 59/417/382 1580/418/383 166/352/324
f 878/419/384 150/420/380 1596/421/385
f 156/396/364 849/422/386 1620/423/387
f 50/424/388 1565/425/389 874/426/390
f 50/424/388 1575/427/391 161/363/334
f 155/428/392 858/429/393 1565/425/389
f 168/430/394 869/412/378 55/346/320
f 169/431/395 853/432/396 61/375/345
f 54/372/342 1585/433/397 169/431/395
f 57/369/339 1595/434/398 160/377/347
f 1581/435/399 43/436/380 878/419/384
f 157/437/400 883/438/401 54/372/342
f 53/382/352 1590/439/402 157/437/400
f 58/379/349 1610/440/403 167/386/355
f 1596/421/385 46/441/404 888/442/405
f 165/391/360 893/443/406 53/382/352
f 60/444/407 1605/445/408 165/391/360
f 167/386/355 899/446/409 1643/388/357
f 848/447/410 148/448/380 42/449/380
f 49/361/332 1615/450/411 858/429/393
f 154/360/331 925/451/412 1615/450/411
f 164/404/372 921/452/413 1635/453/414
f 152/454/380 920/455/415 1621/456/416
f 48/401/369 1630/457/417 925/451/412
f 162/400/368 937/458/418 1630/457/417
f 56/406/374 1635/453/414 930/459/419
f 1486/460/420 49/361/332 155/428/392
f 1546/461/421 56/406/374 159/462/422
f 159/462/422 930/459/419 1625/463/423
f 42/449/380 1566/464/424 859/465/425
f 769/349/322 140/368/317 38/350/317
f 1496/364/335 59/417/382 758/351/323
f 161/363/334 864/466/426 59/417/382
f 148/448/380 873/467/427 1566/464/424
f 146/468/317 820/469/428 41/409/317
f 744/344/318 141/348/317 1490/470/429
f 51/358/329 1570/413/379 849/422/386
f 926/471/430 153/472/380 47/473/380
f 779/373/343 169/431/395 1506/374/344
f 1521/474/431 1644/475/432 163/476/433
f 163/476/433 898/477/434 1600/478/435
f 149/416/380 884/479/436 43/436/380
f 749/376/346 168/430/394 1481/480/437
f 768/362/333 155/428/392 50/424/388
f 1571/481/438 44/482/380 148/448/380
f 61/375/345 1560/483/439 168/430/394
f 1545/484/440 1550/485/441 146/468/317
f 825/486/442 146/468/317 1555/487/443
f 153/472/380 931/488/444 1636/489/445
f 1631/490/446 1626/491/447 153/472/380
f 40/492/448 1525/493/449 788/393/361
f 1500/494/450 37/495/317 142/384/317
f 166/352/324 879/496/451 57/369/339
f 46/441/404 1606/497/452 151/498/453
f 759/499/454 142/384/317 39/354/317
f 774/500/455 143/392/317 37/495/317
f 147/501/380 873/467/427 44/482/380
f 45/414/380 1576/502/456 147/501/380
f 1536/503/457 48/401/369 154/360/331
f 42/449/380 1621/456/416 848/447/410
s 5
f 1706/504/458 62/505/459 953/506/460
s 4
f 1616/507/461 47/473/380 152/454/380
f 144/508/462 811/509/463 1525/493/449
f 1530/510/464 1520/511/465 144/508/462
f 1611/512/466 1601/513/467 900/514/468
f 151/498/453 915/515/469 1601/513/467
f 1546/461/421 1641/516/470 830/517/471
f 816/518/472 145/411/317 1540/342/316
f 52/398/366 1620/423/387 921/452/413
f 159/462/422 935/519/473 1641/516/470
f 789/383/353 157/437/400 1511/371/341
f 1555/487/443 41/409/317 816/518/472
f 47/473/380 1636/489/445 920/455/415
f 150/420/380 894/520/474 46/441/404
f 37/495/317 1510/394/362 778/385/354
f 1481/480/437 55/346/320 763/521/475
f 863/522/476 149/416/380 1581/435/399
f 43/436/380 1591/523/477 150/420/380
f 1521/474/431 60/444/407 810/390/359
f 1515/524/478 40/492/448 143/392/317
f 160/377/347 889/525/479 58/379/349
f 163/476/433 916/526/480 60/444/407
f 1490/470/429 38/350/317 764/366/337
f 140/368/317 748/356/327 1480/365/336
f 854/527/481 147/501/380 1561/528/482
f 1561/528/482 44/482/380 868/529/483
f 145/411/317 753/530/484 36/343/317
f 784/531/485 144/508/462 40/492/448
f 888/442/405 151/498/453 1611/512/466
f 859/465/425 152/454/380 42/449/380
s 5
f 1657/532/486 81/533/487 188/534/488
f 171/535/459 978/536/489 64/537/459
f 967/538/490 196/539/491 1667/540/492
f 65/541/459 1671/542/493 957/543/494
f 952/544/495 188/534/488 77/545/496
f 963/546/497 184/547/498 75/548/499
f 977/549/500 191/550/501 1662/551/502
f 64/537/459 1646/552/503 973/553/504
f 1661/554/505 65/541/459 170/555/459
f 1667/540/492 83/556/506 982/557/507
f 1677/558/508 80/559/509 988/560/510
f 1672/561/511 87/562/512 958/563/513
f 982/557/507 190/564/514 1682/565/515
f 1682/565/515 84/566/516 992/567/517
f 1692/568/518 79/569/519 998/570/520
f 172/571/459 987/572/521 1671/542/493
f 992/567/517 197/573/522 1697/574/523
f 1697/574/523 1809/575/524 1004/576/525
f 1019/577/526 195/578/527 1692/568/518
f 173/579/528 997/580/529 1676/581/530
f 1707/582/531 77/545/496 186/583/532
f 1024/584/533 186/583/532 78/585/534
f 1030/586/535 192/587/536 74/588/537
f 62/505/459 1651/589/538 171/535/459
f 1722/590/539 78/585/534 194/591/540
f 1035/592/541 194/591/540 82/593/542
f 1717/594/543 1806/595/544 192/587/536
f 67/596/459 1701/597/545 175/598/459
f 188/534/488 1077/599/546 1736/600/547
f 71/601/548 1752/602/549 179/603/548
f 85/604/550 1746/605/551 196/539/491
f 1086/606/552 180/607/553 1762/608/554
f 186/583/532 1057/609/555 1786/610/556
f 76/611/557 1731/612/558 1082/613/559
f 76/611/557 1741/614/560 191/550/501
f 185/615/561 1066/616/562 1731/612/558
f 198/617/563 1077/599/546 81/533/487
f 199/618/564 1061/619/565 87/562/512
f 80/559/509 1751/620/566 199/618/564
f 83/556/506 1761/621/567 190/564/514
f 1747/622/568 69/623/569 1086/606/552
f 187/624/570 1091/625/571 80/559/509
f 79/569/519 1756/626/572 187/624/570
f 84/566/516 1776/627/573 197/573/522
f 1762/608/554 72/628/574 1096/629/575
f 195/578/527 1101/630/576 79/569/519
f 86/631/577 1771/632/578 195/578/527
f 197/573/522 1107/633/579 1809/575/524
f 1056/634/580 178/635/548 68/636/548
f 75/548/499 1781/637/581 1066/616/562
f 184/547/498 1133/638/582 1781/637/581
f 194/591/540 1129/639/583 1801/640/584
f 182/641/548 1128/642/585 1787/643/586
f 74/588/537 1796/644/587 1133/638/582
f 192/587/536 1145/645/588 1796/644/587
f 82/593/542 1801/640/584 1138/646/589
f 1652/647/590 75/548/499 185/615/561
f 1712/648/591 82/593/542 189/649/592
f 189/649/592 1138/646/589 1791/650/593
f 68/636/548 1732/651/594 1067/652/595
f 978/536/489 170/555/459 64/537/459
f 1662/551/502 85/604/550 967/538/490
f 191/550/501 1072/653/596 85/604/550
f 178/635/548 1081/654/597 1732/651/594
f 176/655/459 1029/656/598 67/596/459
f 953/506/460 171/535/459 1656/657/599
f 77/545/496 1736/600/547 1057/609/555
f 1134/658/600 183/659/548 73/660/548
f 988/560/510 199/618/564 1672/561/511
f 1687/661/601 1810/662/602 193/663/603
f 193/663/603 1106/664/604 1766/665/605
f 179/603/548 1092/666/606 69/623/569
f 958/563/513 198/617/563 1647/667/607
f 977/549/500 185/615/561 76/611/557
f 1737/668/608 70/669/548 178/635/548
f 87/562/512 1726/670/609 198/617/563
f 1711/671/610 1716/672/611 176/655/459
f 1034/673/612 176/655/459 1721/674/613
f 183/659/548 1139/675/614 1802/676/615
f 1797/677/616 1792/678/617 183/659/548
f 66/679/618 1691/680/619 997/580/529
f 1666/681/620 63/682/621 172/571/459
f 196/539/491 1087/683/622 83/556/506
f 72/628/574 1772/684/623 181/685/624
f 968/686/625 172/571/459 65/541/459
f 983/687/626 173/579/528 63/682/621
f 177/688/548 1081/654/597 70/669/548
f 71/601/548 1742/689/627 177/688/548
f 1702/690/628 74/588/537 184/547/498
f 68/636/548 1787/643/586 1056/634/580
f 1782/691/629 73/660/548 182/641/548
f 174/692/630 1020/693/631 1691/680/619
f 1696/694/632 1686/695/633 174/692/630
f 1777/696/634 1767/697/635 1108/698/636
f 181/685/624 1123/699/637 1767/697/635
f 1712/648/591 1807/700/638 1039/701/639
f 1025/702/640 175/598/459 1706/504/458
f 78/585/534 1786/610/556 1129/639/583
f 189/649/592 1143/703/641 1807/700/638
f 998/570/520 187/624/570 1677/558/508
f 1721/674/613 67/596/459 1025/702/640
f 73/660/548 1802/676/615 1128/642/585
f 180/607/553 1102/704/642 72/628/574
f 63/682/621 1676/581/530 987/572/521
f 1647/667/607 81/533/487 972/705/643
f 1071/706/644 179/603/548 1747/622/568
f 69/623/569 1757/707/645 180/607/553
f 1687/661/601 86/631/577 1019/577/526
f 1681/708/646 66/679/618 173/579/528
f 190/564/514 1097/709/647 84/566/516
f 193/663/603 1124/710/648 86/631/577
f 1656/657/599 64/537/459 973/553/504
f 170/555/459 957/543/494 1646/552/503
f 1062/711/649 177/688/548 1727/712/650
f 1727/712/650 70/669/548 1076/713/651
f 175/598/459 962/714/652 62/505/459
f 993/715/653 174/692/630 66/679/618
f 1096/629/575 181/685/624 1777/696/634
f 1067/652/595 182/641/548 68/636/548
s 1
f 251/716/654 256/717/655 264/718/656
f 254/719/657 257/720/658 256/717/655
f 264/718/656 256/717/655 267/721/659
f 256/717/655 258/722/660 267/721/659
f 259/723/661 261/724/662 252/725/663
f 260/726/664 262/727/665 259/728/661
f 262/729/665 255/730/666 261/724/662
f 263/731/667 257/720/658 262/729/665
f 253/48/43 266/732/668 265/733/669
f 264/734/670 267/735/671 266/732/668
f 265/733/669 263/736/672 260/726/673
f 266/732/668 258/737/674 263/736/672
f 288/176/154 293/738/675 292/739/676
f 291/740/677 294/741/678 293/738/675
f 292/739/676 305/742/679 302/743/680
f 293/738/675 295/744/681 305/742/679
f 289/745/682 299/746/683 298/747/684
f 296/748/685 300/749/686 299/746/683
f 298/747/684 299/746/683 294/741/687
f 299/746/683 295/744/688 294/741/687
f 301/750/689 303/751/690 290/752/691
f 302/743/680 304/753/692 301/750/689
f 304/753/692 297/754/693 303/751/690
f 305/742/679 300/749/694 304/753/692
f 356/136/118 361/755/695 360/756/696
f 359/757/697 362/758/698 361/759/695
f 360/760/696 372/761/699 369/762/700
f 361/759/695 363/763/701 372/761/699
f 357/105/93 366/764/702 359/765/703
f 364/766/704 367/767/705 366/764/702
f 359/765/703 366/764/702 362/758/706
f 366/764/702 363/763/707 362/758/708
f 368/768/709 370/769/710 358/173/151
f 369/762/700 371/770/711 368/768/709
f 371/770/711 365/771/712 370/769/710
f 372/761/713 367/767/705 371/770/711
f 393/178/156 398/772/714 406/773/715
f 396/774/716 399/775/717 398/772/714
f 406/773/715 398/772/714 409/776/718
f 398/772/714 400/777/719 409/776/720
f 401/778/721 403/779/722 394/780/723
f 402/781/724 404/782/725 401/778/721
f 404/782/725 397/783/726 403/779/722
f 405/784/727 399/775/728 404/782/725
f 395/117/102 408/785/729 407/786/730
f 406/787/731 409/776/732 408/785/729
f 407/786/730 405/784/727 402/781/724
f 408/785/729 400/777/733 405/784/727
s 2
f 413/788/734 415/789/735 410/165/143
f 413/788/734 414/790/736 416/791/737
f 416/791/737 422/792/738 415/789/735
f 418/793/739 420/794/740 411/795/741
f 419/796/742 421/797/743 418/793/739
f 421/797/743 414/790/736 420/794/740
f 421/797/743 417/798/744 416/799/737
f 422/792/738 424/800/745 423/801/746
f 424/800/745 419/796/742 423/802/746
f 425/219/195 428/803/747 429/804/748
s 6
f 429/805/749 430/806/749 433/807/749
s 2
f 426/808/750 432/809/751 431/810/752
s 7
f 431/810/753 429/811/754 428/812/755
f 432/809/756 430/813/757 429/811/754
s 8
f 436/207/758 439/814/759 443/815/760
s 9
f 439/814/761 1813/816/762 440/817/762
s 10
f 438/232/763 443/818/764 444/819/763
s 8
f 443/820/760 439/821/759 444/822/765
s 11
f 444/822/766 1813/823/767 442/824/766
s 2
f 445/315/290 448/825/768 449/826/769
s 12
f 448/825/770 453/827/771 449/828/772
f 449/828/772 450/829/773 1814/830/774
s 2
f 446/831/775 451/832/776 453/833/777
s 13
f 451/834/778 452/835/779 1814/836/780
s 12
f 453/833/771 451/832/781 449/837/772
f 451/832/781 450/838/773 449/837/772
s 2
f 458/839/782 459/840/783 455/340/314
s 14
f 458/839/784 461/841/785 460/842/784
s 15
f 459/840/786 464/843/787 1815/844/788
s 2
f 456/845/789 460/846/790 461/847/791
f 463/848/792 464/843/793 460/849/794
f 468/850/795 470/851/796 465/296/271
f 468/850/795 469/852/797 478/853/798
f 470/851/796 478/854/798 476/855/799
f 478/853/798 469/852/800 471/856/801
f 472/857/802 474/858/803 473/859/804
f 473/860/804 474/858/803 469/861/805
f 474/858/803 471/856/801 469/852/805
f 475/862/806 477/863/807 467/261/236
f 475/862/806 476/855/799 478/864/798
f 478/864/798 472/857/802 477/863/807
f 479/270/245 487/865/808 482/866/809
s 16
f 487/867/810 1816/868/811 483/869/812
s 17
f 482/866/813 487/870/814 486/871/815
s 2
f 481/268/243 486/872/816 487/873/817
s 18
f 487/874/818 1816/868/819 484/875/820
s 2
f 491/876/821 493/877/822 488/291/266
f 491/876/821 492/878/823 494/879/824
f 493/877/822 494/880/824 500/881/825
f 494/879/824 492/878/823 495/882/826
f 496/883/827 497/884/828 498/885/829
f 496/886/827 498/885/829 492/887/823
f 497/884/828 492/878/823 498/885/829
f 499/888/830 501/889/831 490/283/258
f 500/881/825 502/890/832 499/888/830
f 501/889/831 502/890/832 497/891/828
f 502/890/832 495/882/826 497/884/828
s 19
f 506/892/833 507/893/834 503/196/835
s 20
f 506/892/836 508/894/837 512/895/838
s 21
f 507/893/839 512/896/839 511/897/839
s 2
f 505/290/265 511/898/840 512/899/841
s 22
f 512/900/842 1812/901/843 510/902/844
f 512/896/842 508/903/845 1812/901/843
s 2
f 515/904/846 517/905/847 513/279/254
f 516/906/848 518/907/849 515/904/846
f 518/907/849 526/908/850 517/905/847
f 518/907/849 519/909/851 529/910/852
s 3
f 514/250/225 523/911/853 522/912/854
f 520/913/855 524/914/856 523/915/853
f 522/912/854 519/916/857 516/917/858
s 23
f 523/911/859 529/918/860 519/916/861
s 2
f 525/919/862 527/920/863 200/297/272
f 526/908/850 528/921/864 525/919/862
f 528/921/864 521/922/865 527/920/863
f 528/921/864 529/923/866 524/914/867
f 533/924/868 535/925/869 530/242/217
f 534/926/870 536/927/871 533/924/868
f 536/927/871 545/928/872 535/925/869
f 536/927/871 537/929/873 538/930/874
s 3
f 531/288/263 542/931/875 541/932/876
f 539/933/877 543/934/878 542/931/875
f 541/932/876 537/935/879 534/936/880
f 542/931/875 538/937/881 537/935/879
s 2
f 544/938/882 546/939/883 532/259/234
f 545/928/872 547/940/884 544/938/882
f 547/940/884 540/941/885 546/939/883
f 547/940/884 538/942/874 543/943/886
f 551/944/887 553/945/888 548/274/249
f 552/946/889 554/947/890 551/944/887
f 554/947/890 563/948/891 553/945/888
f 554/947/890 556/949/892 566/950/893
f 557/951/894 559/952/895 549/253/228
f 558/953/896 560/954/897 557/951/894
f 560/954/897 552/946/889 559/952/895
f 560/954/897 556/949/892 555/955/898
f 562/956/899 564/957/900 550/300/275
f 563/948/891 565/958/901 562/956/899
f 565/958/901 558/953/896 564/957/900
f 565/958/901 556/949/892 561/959/902
f 570/960/903 572/961/904 567/230/206
f 571/962/905 573/963/906 570/960/903
f 573/963/906 582/964/907 572/961/904
f 573/963/906 574/965/908 575/966/909
s 3
f 568/298/273 579/967/910 578/968/911
f 576/969/912 580/970/913 579/971/910
f 578/972/911 574/965/914 571/962/915
f 579/971/910 575/973/916 574/965/914
s 2
f 581/974/917 583/975/918 569/267/242
f 582/964/907 584/976/919 581/974/917
f 584/976/919 577/977/920 583/975/918
f 584/976/919 575/973/909 580/970/921
f 585/978/922 590/979/923 589/980/924
f 588/981/925 591/982/926 590/979/923
f 589/980/924 602/983/927 599/984/928
f 590/979/923 592/985/929 602/983/927
f 586/307/282 596/986/930 595/987/931
f 593/988/932 597/989/933 596/986/930
f 595/987/934 591/982/935 588/981/936
f 596/986/930 592/985/937 591/982/938
f 598/990/939 600/991/940 587/992/305
f 599/984/928 601/993/941 598/990/939
f 601/993/941 594/994/942 600/991/940
f 602/983/943 597/989/944 601/993/941
f 606/995/945 608/996/946 603/317/292
f 607/997/947 609/998/948 606/995/945
f 609/998/948 617/999/949 608/996/946
f 609/998/948 610/1000/950 620/1001/951
f 611/1002/952 613/1003/953 604/1004/306
f 612/1005/954 614/1006/955 611/1002/952
f 614/1006/955 607/997/947 613/1003/953
f 614/1006/955 615/1007/956 610/1008/950
f 616/1009/957 618/1010/958 605/304/279
f 617/999/949 619/1011/959 616/1009/957
f 619/1011/959 612/1005/954 618/1010/958
f 620/1001/951 615/1007/956 619/1011/959
f 621/316/291 627/1012/960 626/1013/961
f 624/1014/962 628/1015/963 627/1012/960
f 626/1013/964 638/1016/965 635/1017/966
f 627/1012/960 629/1018/967 638/1016/965
f 630/1019/968 632/1020/969 622/1021/198
f 631/1022/970 633/1023/971 630/1019/968
f 633/1023/971 625/1024/972 632/1020/969
f 634/1025/973 628/1015/963 633/1023/971
f 623/308/283 637/1026/974 636/1027/975
f 635/1017/976 638/1016/977 637/1026/974
f 636/1027/975 634/1025/973 631/1022/970
f 637/1026/974 629/1018/967 634/1025/973
f 642/1028/978 644/1029/979 639/1030/980
f 643/1031/981 645/1032/982 642/1028/978
f 645/1032/982 653/1033/983 644/1029/979
f 645/1032/982 646/1034/984 656/1035/985
f 647/1036/986 649/1037/987 640/310/285
f 648/1038/988 650/1039/989 647/1036/986
f 650/1039/989 643/1031/981 649/1037/987
f 651/1040/990 646/1034/984 650/1039/989
f 652/1041/991 654/1042/992 641/1043/294
f 653/1033/983 655/1044/993 652/1041/991
f 655/1044/993 648/1038/988 654/1042/992
f 655/1044/993 656/1045/985 651/1040/990
f 657/337/311 663/1046/994 662/1047/995
f 660/1048/996 664/1049/997 663/1046/994
s 24
f 663/1046/998 671/1050/999 662/1047/1000
f 663/1046/998 665/1051/1001 673/1052/1002
s 2
f 666/1053/1003 668/1054/1004 658/1055/297
f 667/1056/1005 669/1057/1006 666/1053/1003
f 669/1057/1007 661/1058/1008 668/1054/1004
f 659/1059/1009 673/1060/1010 672/1061/1011
s 25
f 670/1062/1012 671/1050/1013 673/1060/1014
s 2
f 672/1061/1011 664/1063/1015 667/1056/1005
s 26
f 673/1052/1016 665/1051/1016 664/1063/1016
s 2
f 674/1064/1017 679/1065/1018 678/1066/1019
f 677/1067/1020 680/1068/1021 679/1065/1018
f 678/1066/1019 691/1069/1022 688/1070/1023
f 679/1065/1018 681/1071/1024 691/1069/1022
f 675/311/286 685/1072/1025 684/1073/1026
f 682/1074/1027 686/1075/1028 685/1072/1025
f 684/1073/1026 685/1072/1025 680/1068/1029
f 685/1072/1025 681/1071/1024 680/1068/1029
f 687/1076/1030 689/1077/1031 676/1078/310
f 688/1070/1023 690/1079/1032 687/1076/1030
f 690/1079/1032 683/1080/1033 689/1077/1031
f 691/1069/1022 686/1075/1028 690/1079/1032
f 692/341/315 697/1081/1034 705/1082/1035
f 695/1083/1036 698/1084/1037 697/1081/1034
f 705/1082/1035 697/1081/1034 708/1085/1038
f 697/1081/1034 699/1086/1039 708/1085/1038
f 700/1087/1040 702/1088/1041 693/1089/189
f 701/1090/1042 703/1091/1043 700/1087/1040
f 703/1091/1043 696/1092/1044 702/1093/1041
f 704/1094/1045 698/1084/1037 703/1091/1043
f 694/1095/1046 707/1096/1047 706/1097/1048
f 705/1098/1049 708/1085/1050 707/1096/1047
f 706/1097/1048 704/1094/1045 701/1090/1042
f 707/1096/1047 699/1086/1039 704/1094/1045
f 712/1099/1051 714/1100/1052 709/1101/1053
f 713/1102/1054 715/1103/1055 712/1099/1051
f 715/1103/1055 723/1104/1056 714/1100/1052
f 716/1105/1057 726/1106/1058 715/1103/1055
f 717/1107/1059 719/1108/1060 710/301/276
f 718/1109/1061 720/1110/1062 717/1107/1059
f 720/1110/1062 713/1102/1054 719/1108/1060
f 720/1110/1062 721/1111/1063 716/1105/1057
f 722/1112/1064 724/1113/1065 711/1114/177
f 723/1104/1056 725/1115/1066 722/1112/1064
f 725/1115/1066 718/1109/1061 724/1113/1065
f 725/1115/1066 726/1106/1058 721/1116/1063
f 727/1117/1067 733/1118/1068 732/1119/1069
f 730/1120/1070 731/1121/1071 733/1118/1068
f 732/1119/1069 738/1122/1072 740/1123/1073
s 27
f 733/1124/1074 734/1125/1075 738/1122/1076
s 2
f 728/302/277 733/1126/1077 737/1127/1078
f 735/1128/1079 738/1129/1080 733/1126/1077
f 737/1127/1078 733/1124/1077 731/1121/1081
f 739/1130/1082 741/1131/1083 729/1132/301
f 740/1123/1073 742/1133/1084 739/1130/1082
f 742/1133/1085 736/1134/1086 741/1131/1083
s 4
f 793/1135/1087 798/1136/1088 806/1137/1089
f 796/1138/1090 799/1139/1091 798/1136/1088
f 806/1137/1089 798/1136/1088 809/1140/1092
f 798/1136/1088 800/1141/1093 809/1140/1092
f 801/1142/1094 803/1143/1095 794/1144/1096
f 802/1145/1097 804/1146/1098 801/1142/1094
f 804/1147/1098 797/1148/1099 803/1149/1095
f 805/1150/1100 799/1139/1091 804/1147/1098
f 795/1151/358 808/1152/1101 807/1153/1102
f 806/1154/1103 809/1155/1104 808/1152/1101
f 807/1153/1102 805/1156/1105 802/1145/1106
f 808/1152/1101 800/1157/1107 805/1156/1105
f 830/517/471 835/1158/1108 834/1159/1109
f 833/1160/1110 836/1161/1111 835/1162/1108
f 834/1159/1109 847/1163/1112 844/1164/1113
f 835/1162/1108 837/1165/1114 847/1166/1112
f 831/1167/1115 841/1168/1116 840/1169/1117
f 838/1170/1118 842/1171/1119 841/1168/1116
f 840/1169/1117 841/1168/1116 836/1161/1120
f 841/1168/1116 837/1165/1121 836/1161/1120
f 843/1172/1122 845/1173/1123 832/1174/1124
f 844/1175/1113 846/1176/1125 843/1172/1122
f 846/1176/1125 839/1177/1126 845/1173/1123
f 847/1166/1112 842/1171/1127 846/1176/1125
f 898/477/434 902/1178/1128 901/1179/1129
f 907/1180/1130 903/1181/1131 902/1178/1128
f 901/1179/1129 914/1182/1132 911/1183/1133
f 902/1178/1128 904/1184/1134 914/1182/1132
f 899/446/409 908/1185/1135 907/1186/1136
f 905/1187/1137 909/1188/1138 908/1185/1135
f 907/1186/1136 908/1185/1135 903/1181/1139
f 908/1185/1135 904/1184/1140 903/1181/1139
f 910/1189/1141 912/1190/1142 900/514/468
f 911/1183/1133 913/1191/1143 910/1189/1141
f 913/1191/1143 906/1192/1144 912/1190/1142
f 914/1182/1145 909/1188/1138 913/1191/1143
f 935/519/473 940/1193/1146 948/1194/1147
f 938/1195/1148 941/1196/1149 940/1193/1146
f 948/1194/1147 940/1193/1146 951/1197/1150
f 940/1193/1146 942/1198/1151 951/1197/1152
f 943/1199/1153 945/1200/1154 936/1201/1155
f 944/1202/1156 946/1203/1157 943/1199/1153
f 946/1203/1157 939/1204/1158 945/1200/1154
f 947/1205/1159 941/1196/1160 946/1203/1157
f 937/458/418 950/1206/1161 949/1207/1162
f 948/1208/1163 951/1197/1164 950/1206/1161
f 949/1207/1162 947/1205/1159 944/1202/1156
f 950/1206/1161 942/1198/1165 947/1205/1159
s 5
f 1002/1209/1166 1007/1210/1167 1015/1211/1168
f 1005/1212/1169 1008/1213/1170 1007/1210/1167
f 1015/1214/1168 1007/1215/1167 1018/1216/1171
f 1007/1215/1167 1009/1217/1172 1018/1216/1173
f 1010/1218/1174 1012/1219/1175 1003/1220/1176
f 1011/1221/1177 1013/1222/1178 1010/1218/1174
f 1013/1223/1178 1006/1224/1179 1012/1225/1175
f 1014/1226/1180 1008/1227/1170 1013/1222/1178
f 1004/576/525 1017/1228/1181 1016/1229/1182
f 1015/1230/1183 1018/1216/1184 1017/1228/1181
f 1016/1229/1182 1014/1226/1185 1011/1221/1186
f 1017/1228/1181 1009/1217/1187 1014/1226/1185
f 1039/1231/639 1044/1232/1188 1043/1233/1189
f 1042/1234/1190 1045/1235/1191 1044/1236/1188
f 1043/1233/1189 1055/1237/1192 1052/1238/1193
f 1044/1232/1188 1046/1239/1194 1055/1237/1192
f 1040/1240/1195 1049/1241/1196 1042/1242/1197
f 1047/1243/1198 1050/1244/1199 1049/1241/1196
f 1042/1242/1197 1049/1241/1196 1045/1235/1200
f 1049/1241/1196 1046/1245/1201 1045/1235/1202
f 1051/1246/1203 1053/1247/1204 1041/1248/1205
f 1052/1238/1193 1054/1249/1206 1051/1246/1203
f 1054/1250/1206 1048/1251/1207 1053/1252/1204
f 1055/1237/1192 1050/1253/1208 1054/1249/1206
f 1106/664/604 1110/1254/1209 1109/1255/1210
f 1115/1256/1211 1111/1257/1212 1110/1254/1209
f 1109/1255/1210 1122/1258/1213 1119/1259/1214
f 1110/1254/1209 1112/1260/1215 1122/1258/1213
f 1107/633/579 1116/1261/1216 1115/1262/1217
f 1113/1263/1218 1117/1264/1219 1116/1261/1216
f 1115/1262/1217 1116/1261/1216 1111/1257/1220
f 1116/1261/1216 1112/1260/1221 1111/1257/1220
f 1118/1265/1222 1120/1266/1223 1108/698/636
f 1119/1259/1214 1121/1267/1224 1118/1265/1222
f 1121/1267/1224 1114/1268/1225 1120/1266/1223
f 1122/1258/1226 1117/1264/1219 1121/1267/1224
f 1143/703/641 1149/1269/1227 1148/1270/1228
f 1146/1271/1229 1150/1272/1230 1149/1269/1227
f 1148/1270/1228 1149/1269/1227 1159/1273/1231
f 1149/1269/1227 1151/1274/1232 1159/1273/1231
f 1152/1275/1233 1154/1276/1234 1144/1277/1235
f 1153/1278/1236 1155/1279/1237 1152/1275/1233
f 1155/1279/1237 1147/1280/1238 1154/1276/1234
f 1156/1281/1239 1150/1272/1240 1155/1279/1237
f 1145/645/588 1158/1282/1241 1157/1283/1242
f 1148/1284/1243 1159/1273/1244 1158/1282/1241
f 1157/1283/1242 1156/1281/1239 1153/1278/1236
f 1158/1282/1241 1151/1274/1245 1156/1281/1239
s 1
f 222/25/22 1162/1285/1246 225/1286/1247
f 225/1286/1247 1163/1287/1248 224/1288/1249
f 224/1288/1250 1164/1289/1251 223/1290/1252
f 1164/1289/1251 221/1291/158 223/1290/1252
f 1160/24/21 208/1292/1253 1162/1285/1246
f 1162/1285/1246 209/1293/1254 1163/1287/1248
f 1163/1287/1255 210/1294/1256 1164/1289/1251
f 210/1294/1256 1161/1295/121 1164/1289/1251
f 1165/1296/55 230/1297/1257 227/1298/7
f 1167/1299/1258 229/1300/1259 230/1297/1257
f 1168/1301/1260 228/1302/1261 229/1300/1262
f 228/1302/1261 1166/119/104 226/21/18
f 211/1303/167 1167/1299/1258 1165/1296/55
f 213/1304/1263 1168/1301/1264 1167/1299/1258
f 214/1305/1265 1169/1306/1266 1168/1301/1260
f 1169/1306/1266 212/18/15 1166/119/104
f 1170/129/113 205/1307/1267 202/3/3
f 1172/1308/1268 204/1309/1269 205/1307/1267
f 1173/1310/1270 203/1311/1271 204/1309/1272
f 203/1311/1271 1171/1312/4 201/1313/13
f 222/25/22 1172/1308/1268 1170/129/113
f 225/1286/1247 1173/1310/1273 1172/1308/1268
f 224/1288/1250 1174/1314/1274 1173/1310/1270
f 1174/1314/1274 221/1291/158 1171/1312/4
f 217/1315/137 1177/1316/1275 220/1317/1276
f 220/1317/1276 1178/1318/1277 219/1319/1278
f 219/1319/1279 1179/1320/1280 218/1321/1281
f 1179/1320/1280 216/10/8 218/1321/1281
f 1175/1322/23 230/1297/1257 1177/1316/1275
f 1177/1316/1275 229/1300/1259 1178/1318/1277
f 1178/1318/1282 228/1302/1261 1179/1320/1280
f 228/1302/1261 1176/23/20 1179/1320/1280
f 232/1323/138 1182/1324/1283 235/1325/1284
f 235/1325/1284 1183/1326/1285 234/1327/1286
f 234/1327/1287 1184/1328/1288 233/1329/1289
f 1184/1328/1288 231/29/25 233/1329/1289
f 1180/1330/133 220/1317/1276 1182/1324/1283
f 1182/1324/1283 219/1319/1278 1183/1326/1285
f 1183/1326/1290 218/1321/1281 1184/1328/1288
f 218/1321/1281 1181/12/10 1184/1328/1288
f 206/15/12 1187/1331/1291 208/1292/1253
f 208/1292/1253 1188/1332/1292 209/1293/1254
f 209/1293/1293 1189/1333/1294 210/1294/1256
f 1189/1333/1294 207/1334/31 210/1294/1256
f 1185/14/11 238/1335/1295 1187/1331/1291
f 1187/1331/1291 239/1336/1296 1188/1332/1292
f 1188/1332/1297 240/1337/1298 1189/1333/1294
f 240/1337/1298 1186/1338/29 1189/1333/1294
f 236/44/39 1192/1339/1299 238/1335/1295
f 238/1335/1295 1193/1340/1300 239/1336/1296
f 239/1336/1301 1194/1341/1302 240/1337/1298
f 1194/1341/1302 237/1342/28 240/1337/1298
f 1190/53/47 248/1343/1303 1192/1339/1299
f 1192/1339/1299 249/1344/1304 1193/1340/1300
f 1193/1340/1305 250/1345/1306 1194/1341/1302
f 250/1345/1306 1191/1346/26 1194/1341/1302
f 242/1347/168 1197/1348/1307 245/1349/1308
f 245/1349/1308 1198/1350/1309 244/1351/1310
f 244/1351/1311 1199/1352/1312 243/1353/1313
f 1199/1352/1312 241/39/35 243/1353/1313
f 1195/1354/161 235/1325/1284 1197/1348/1307
f 1197/1348/1307 234/1327/1286 1198/1350/1309
f 1198/1350/1314 233/1329/1289 1199/1352/1312
f 233/1329/1289 1196/37/33 1199/1352/1312
f 1200/170/148 272/1355/1315 269/168/146
f 1202/1356/1316 271/1357/1317 272/1355/1315
f 1203/1358/1318 270/1359/1319 271/1357/1317
f 1204/1360/1320 268/1361/44 270/1359/1319
f 252/725/663 1202/1356/1316 1200/170/148
f 261/724/662 1203/1358/1318 1202/1356/1316
f 255/730/666 1204/1360/1320 1203/1358/1318
f 254/719/657 1201/133/115 1204/1360/1320
f 246/52/46 1207/1362/1321 248/1343/1303
f 248/1343/1303 1208/1363/1322 249/1344/1304
f 249/1344/1323 1209/1364/1324 250/1345/1306
f 250/1345/1306 1206/1365/36 247/1366/38
f 1205/152/132 272/1355/1315 1207/1362/1321
f 1207/1362/1325 271/1357/1317 1208/1363/1322
f 1208/1363/1326 270/1359/1319 1209/1364/1324
f 270/1359/1319 1206/1365/36 1209/1364/1324
f 252/1367/663 1212/1368/1327 259/728/661
f 259/728/661 1213/1369/1328 260/726/664
f 260/726/673 1214/1370/1329 265/733/669
f 265/733/669 1211/46/41 253/48/43
f 1210/1371/147 245/1349/1308 1212/1368/1327
f 1212/1368/1327 244/1351/1310 1213/1369/1328
f 1213/1369/1330 243/1353/1313 1214/1370/1329
f 1214/1370/1329 241/39/35 1211/46/41
f 1215/1372/62 213/1304/1263 211/1303/167
f 1217/1373/1331 214/1305/1332 213/1304/1263
f 1218/1374/1333 215/1375/1334 214/1305/1265
f 215/1375/1334 1216/162/140 212/18/15
f 278/128/112 1217/1376/1331 1215/69/62
f 280/1377/1335 1218/1374/1336 1217/1373/1331
f 281/1378/1337 1219/1379/1338 1218/1374/1333
f 1219/1379/1338 279/58/52 1216/162/140
f 1220/1/1 277/1380/1339 274/177/155
f 1222/1381/1340 276/1382/1341 277/1380/1339
f 1223/1383/1342 275/1384/1343 276/1382/1344
f 275/1385/1343 1221/54/48 273/56/50
f 202/3/3 1222/1381/1340 1220/1/1
f 205/1307/1267 1223/1383/1345 1222/1381/1340
f 204/1309/1272 1224/1386/1346 1223/1383/1342
f 1224/1387/1346 201/16/13 1221/54/48
f 290/752/691 1227/1388/1347 301/750/689
f 301/750/689 1228/1389/1348 302/743/680
f 302/743/680 1229/1390/1349 292/739/676
f 292/739/676 1226/120/105 288/176/154
f 1225/1391/124 285/1392/1350 1227/1388/1347
f 1227/1388/1347 286/1393/1351 1228/1389/1348
f 1228/1389/1348 287/1394/1352 1229/1390/1349
f 1229/1390/1349 284/64/58 1226/120/105
f 1230/144/125 280/1395/1335 278/128/112
f 1232/1396/1353 281/1378/1354 280/1377/1335
f 1233/1397/1355 282/1398/1356 281/1378/1337
f 1234/1399/1357 279/58/52 282/1398/1356
f 290/1400/691 1232/1401/1353 1230/144/125
f 303/751/690 1233/1397/1358 1232/1396/1353
f 297/754/1359 1234/1399/1357 1233/1397/1355
f 296/748/685 1231/66/60 1234/1399/1357
f 1235/146/127 285/1402/1350 283/145/126
f 1237/1403/1360 286/1404/1351 285/1402/1350
f 1238/1405/1361 287/1406/1352 286/1404/1351
f 287/1394/1352 1236/62/56 284/64/58
f 274/177/155 1237/1403/1360 1235/146/127
f 277/1380/1339 1238/1405/1362 1237/1403/1360
f 276/1382/1344 1239/1407/1363 1238/1405/1361
f 275/1385/1343 1236/62/56 1239/1408/1363
f 1240/142/123 330/1409/1364 327/71/63
f 1242/1410/1365 329/1411/1366 330/1409/1364
f 1243/1412/1367 328/1413/1368 329/1411/1366
f 1244/1414/1369 326/190/166 328/1413/1368
f 311/91/81 1242/1410/1365 1240/142/123
f 313/1415/1370 1243/1412/1367 1242/1410/1365
f 314/1416/1371 1244/1414/1369 1243/1412/1367
f 315/1417/1372 1241/189/165 1244/1414/1369
f 332/85/75 1247/1418/1373 335/1419/1374
f 335/1419/1374 1248/1420/1375 334/1421/1376
f 334/1421/1376 1249/1422/1377 333/1423/1378
f 333/1423/1378 1246/123/108 331/126/111
f 1245/84/74 318/1424/1379 1247/1418/1373
f 1247/1418/1373 319/1425/1380 1248/1420/1375
f 1248/1420/1375 320/1426/1381 1249/1422/1377
f 1249/1422/1377 317/124/109 1246/123/108
f 307/81/71 1252/1427/1382 310/1428/1383
f 310/1428/1383 1253/1429/1384 309/1430/1385
f 309/1430/1385 1254/1431/1386 308/1432/1387
f 308/1432/1387 1251/140/122 306/106/94
f 1250/72/64 330/1409/1364 1252/1427/1382
f 1252/1427/1382 329/1411/1366 1253/1429/1384
f 1253/1429/1384 328/1413/1368 1254/1431/1386
f 1254/1431/1386 326/190/166 1251/140/122
f 1255/86/76 325/1433/1388 322/125/110
f 1257/1434/1389 324/1435/1390 325/1433/1388
f 1258/1436/1391 323/1437/1392 324/1435/1390
f 1259/1438/1393 321/181/159 323/1437/1392
f 332/85/75 1257/1434/1389 1255/86/76
f 335/1419/1374 1258/1436/1391 1257/1434/1389
f 334/1421/1376 1259/1438/1393 1258/1436/1391
f 333/1423/1378 1256/161/139 1259/1438/1393
f 1260/77/68 340/1439/1394 337/155/134
f 1262/1440/1395 339/1441/1396 340/1439/1394
f 1263/1442/1397 338/1443/1398 339/1441/1396
f 1264/1444/1399 336/78/69 338/1443/1398
f 322/125/110 1262/1440/1395 1260/77/68
f 325/1433/1388 1263/1442/1397 1262/1440/1395
f 324/1435/1390 1264/1444/1399 1263/1442/1397
f 323/1437/1392 1261/94/84 1264/1444/1399
f 1265/92/82 313/1415/1370 311/91/81
f 1267/1445/1400 314/1416/1371 313/1415/1370
f 1268/1446/1401 315/1417/1372 314/1416/1371
f 1269/1447/1402 312/188/164 315/1417/1372
f 341/97/86 1267/1445/1400 1265/92/82
f 343/1448/1403 1268/1446/1401 1267/1445/1400
f 344/1449/1404 1269/1447/1402 1268/1446/1401
f 345/1450/1405 1266/74/66 1269/1447/1402
f 1270/98/87 343/1448/1403 341/97/86
f 1272/1451/1406 344/1449/1404 343/1448/1403
f 1273/1452/1407 345/1450/1405 344/1449/1404
f 1274/1453/1408 342/138/120 345/1450/1405
f 351/102/90 1272/1451/1406 1270/98/87
f 353/1454/1409 1273/1452/1407 1272/1451/1406
f 354/1455/1410 1274/1453/1408 1273/1452/1407
f 355/1456/1411 1271/182/160 1274/1453/1408
f 1275/93/83 350/1457/1412 347/185/162
f 1277/1458/1413 349/1459/1414 350/1457/1412
f 1278/1460/1415 348/1461/1416 349/1459/1414
f 1279/1462/1417 346/101/89 348/1461/1416
f 337/155/134 1277/1458/1413 1275/93/83
f 340/1439/1394 1278/1460/1415 1277/1458/1413
f 339/1441/1396 1279/1462/1417 1278/1460/1415
f 338/1443/1398 1276/80/70 1279/1462/1417
f 374/187/163 1282/1463/1418 377/1464/1419
f 377/1464/1419 1283/1465/1420 376/1466/1421
f 376/1466/1421 1284/1467/1422 375/1468/1423
f 375/1468/1423 1281/172/150 373/174/152
f 1280/137/119 360/756/696 1282/1469/1418
f 1282/1463/1418 369/762/700 1283/1465/1420
f 1283/1465/1420 368/768/709 1284/1467/1422
f 1284/1467/1422 358/173/151 1281/172/150
f 1285/104/92 353/1454/1409 351/102/90
f 1287/1470/1424 354/1455/1410 353/1454/1409
f 1288/1471/1425 355/1456/1411 354/1455/1410
f 1289/1472/1426 352/179/157 355/1456/1411
f 374/187/163 1287/1470/1424 1285/104/92
f 377/1464/1419 1288/1471/1425 1287/1470/1424
f 376/1466/1421 1289/1472/1426 1288/1471/1425
f 375/1468/1423 1286/156/135 1289/1472/1426
f 1290/99/88 364/766/704 357/105/93
f 1292/1473/1427 365/771/712 364/766/704
f 1293/1474/1428 370/769/710 365/771/712
f 1294/1475/1429 358/173/151 370/769/710
f 347/185/162 1292/1473/1427 1290/99/88
f 350/1457/1412 1293/1474/1428 1292/1473/1427
f 349/1459/1414 1294/1475/1429 1293/1474/1428
f 348/1461/1416 1291/171/149 1294/1475/1429
f 316/88/78 1297/1476/1430 318/1424/1379
f 318/1424/1379 1298/1477/1431 319/1425/1380
f 319/1425/1380 1299/1478/1432 320/1426/1381
f 320/1426/1381 1296/166/144 317/124/109
f 1295/109/95 385/1479/1433 1297/1476/1430
f 1297/1476/1430 386/1480/1434 1298/1477/1431
f 1298/1477/1431 387/1481/1435 1299/1478/1432
f 1299/1478/1432 384/130/114 1296/166/144
f 379/111/97 1302/1482/1436 382/1483/1437
f 382/1483/1437 1303/1484/1438 381/1485/1439
f 381/1485/1439 1304/1486/1440 380/1487/1441
f 380/1487/1441 1301/115/100 378/114/99
f 1300/82/72 310/1428/1383 1302/1482/1436
f 1302/1482/1436 309/1430/1385 1303/1484/1438
f 1303/1484/1438 308/1432/1387 1304/1486/1440
f 1304/1486/1440 306/106/94 1301/115/100
f 1305/122/107 396/774/716 393/178/156
f 1307/1488/1442 397/783/726 396/774/716
f 1308/1489/1443 403/779/722 397/783/726
f 1309/1490/1444 394/780/723 403/779/722
f 388/118/103 1307/1488/1442 1305/122/107
f 390/1491/1445 1308/1489/1443 1307/1488/1442
f 391/1492/1446 1309/1490/1444 1308/1489/1443
f 392/1493/1447 1306/150/131 1309/1490/1444
f 383/110/96 1312/1494/1448 385/1479/1433
f 385/1479/1433 1313/1495/1449 386/1480/1434
f 386/1480/1434 1314/1496/1450 387/1481/1435
f 387/1481/1435 1311/149/130 384/130/114
f 1310/116/101 407/786/730 1312/1494/1448
f 1312/1494/1448 402/781/724 1313/1495/1449
f 1313/1495/1449 401/778/721 1314/1496/1450
f 1314/1496/1450 394/780/723 1311/149/130
f 388/118/103 1317/1497/1451 390/1491/1445
f 390/1491/1445 1318/1498/1452 391/1492/1446
f 391/1492/1446 1319/1499/1453 392/1493/1447
f 392/1493/1447 1316/148/129 389/147/128
f 1315/112/98 382/1483/1437 1317/1497/1451
f 1317/1497/1451 381/1485/1439 1318/1498/1452
f 1318/1498/1452 380/1487/1441 1319/1499/1453
f 1319/1499/1453 378/114/99 1316/148/129
f 395/117/102 1322/1500/1454 406/1501/731
f 406/773/1455 1321/175/153 393/178/156
f 1320/67/61 298/747/1456 1322/1500/1454
s 28
f 1322/1502/1457 298/1503/1458 291/740/1458
s 1
f 1322/1504/1459 288/176/154 1321/175/153
f 1323/47/42 264/1505/1460 253/48/43
f 1325/1506/1461 251/716/654 264/718/656
f 357/105/93 1325/1507/1462 1323/47/42
f 359/1508/697 1324/134/116 1325/1506/1461
s 2
f 532/259/234 1328/1509/1463 544/938/882
f 544/938/882 1329/1510/1464 545/928/872
f 1329/1510/1464 535/925/869 545/928/872
f 1330/1511/1465 530/242/217 535/925/869
f 1326/258/233 553/945/888 1328/1509/1463
f 1328/1509/1463 563/948/891 1329/1510/1464
f 563/948/891 1330/1511/1465 1329/1510/1464
f 562/956/899 1327/260/235 1330/1511/1465
f 1331/252/227 557/951/894 549/253/228
f 1333/1512/1466 558/953/896 557/951/894
f 558/953/896 1335/1513/1467 564/957/900
f 564/957/900 1332/239/215 550/300/275
f 567/230/206 1333/1512/1466 1331/252/227
f 572/961/904 1334/1514/1468 1333/1512/1466
f 1334/1514/1468 581/974/917 1335/1513/1467
f 1335/1513/1467 569/267/242 1332/239/215
s 3
f 1336/287/262 576/1515/912 568/298/273
f 1338/1516/1469 577/1517/1470 576/1515/912
s 2
f 577/977/920 1339/1518/1471 583/975/918
f 1339/1518/1471 569/267/242 583/975/918
s 3
f 1336/287/262 541/932/876 1338/1516/1469
f 1338/1516/1469 534/936/880 1339/1519/1472
s 2
f 1339/1520/1471 534/926/1473 533/924/868
f 1339/1518/1471 530/242/217 1337/241/216
f 200/297/272 1342/1521/1474 525/919/862
f 525/919/862 1343/1522/1475 526/908/850
f 1343/1522/1475 517/905/847 526/908/850
f 1344/1523/1476 513/279/254 517/905/847
f 1340/294/269 559/952/895 1342/1521/1474
f 1342/1521/1474 552/946/889 1343/1522/1475
f 552/946/889 1344/1523/1476 1343/1522/1475
f 551/944/887 1341/273/248 1344/1523/1476
s 3
f 1345/248/223 539/933/877 531/288/263
f 1347/1524/1477 540/1525/1478 539/933/877
s 2
f 540/1525/885 1348/1526/1479 546/1527/883
f 1348/1528/1479 532/259/234 546/939/883
s 3
f 1345/248/223 522/912/854 1347/1524/1477
f 1347/1524/1477 516/917/858 1348/1529/1480
s 2
f 1348/1529/1479 516/917/848 515/1530/846
f 1348/1528/1479 513/279/254 1346/227/203
s 3
f 1349/249/224 520/1531/855 514/250/225
f 1351/1532/1481 521/922/1482 520/913/855
s 2
f 521/922/865 1352/1533/1483 527/920/863
f 1352/1533/1483 200/297/1484 527/920/863
s 3
f 1349/249/224 578/968/911 1351/1534/1481
f 1351/1532/1481 571/962/915 1352/1535/1485
s 2
f 1352/1535/1483 571/962/905 570/960/903
f 1352/1533/1483 567/230/206 1350/229/205
f 436/207/183 1355/1536/1486 439/1537/1487
f 439/1537/1487 1356/1538/1488 1813/1539/1489
f 1813/1539/1490 1357/1540/1491 441/1541/1492
f 441/1541/1492 1354/245/220 437/312/287
f 410/165/143 1355/1536/1486 1353/163/141
f 415/789/735 1356/1538/1488 1355/1536/1486
f 422/792/738 1357/1540/1491 1356/1538/1488
f 423/801/746 1354/245/220 1357/1540/1491
f 1358/257/232 454/1542/1493 447/214/190
f 1360/1543/1494 1814/830/1495 454/1542/1493
f 1361/1544/1496 449/826/769 1814/830/1495
f 1362/1545/1497 445/315/290 449/826/769
f 1358/257/232 423/802/746 1360/1543/1494
f 1360/1543/1494 419/796/742 1361/1544/1496
f 1361/1544/1496 418/793/739 1362/1545/1497
f 1362/1545/1497 411/795/741 1359/235/211
f 1363/313/288 441/1546/1492 437/312/287
f 1365/1547/1498 442/824/1499 441/1546/1492
f 1366/1548/1500 444/819/1501 442/824/1499
f 1367/1549/1502 438/232/208 444/819/1501
f 1363/313/288 454/1550/1493 1365/1547/1498
f 1365/1547/1498 452/835/1503 1366/1548/1500
f 1366/1548/1500 451/834/776 1367/1549/1502
f 1367/1549/1502 446/831/775 1364/246/221
f 465/296/271 1370/1551/1504 468/850/795
f 468/850/795 1371/1552/1505 469/861/797
f 469/861/797 1372/1553/1506 473/860/804
f 473/860/804 1369/277/252 466/318/293
f 425/219/195 1370/1551/1504 1368/217/193
f 429/804/748 1371/1552/1505 1370/1551/1504
f 433/807/1507 1372/1553/1506 1371/1552/1505
f 434/1554/1508 1369/277/252 1372/1553/1506
f 479/270/245 1375/1555/1509 487/867/808
f 487/867/1510 1376/1556/1511 1816/1557/1512
f 1816/1557/1512 1377/1558/1513 485/1559/1514
f 485/1559/1514 1374/334/308 480/204/180
f 467/261/236 1375/1555/1509 1373/271/246
f 477/863/807 1376/1556/1511 1375/1555/1509
f 472/857/802 1377/1558/1513 1376/1556/1511
f 473/859/804 1374/334/308 1377/1558/1513
f 1378/206/182 485/1560/1514 480/204/180
f 1380/1561/1515 484/875/1516 485/1560/1514
f 1381/1562/1517 487/873/1518 484/875/1516
f 1382/1563/1519 481/268/243 487/873/817
f 1378/206/182 434/1564/1508 1380/1561/1515
f 1380/1561/1515 433/1565/1520 1381/1562/1517
f 1381/1562/1517 432/1566/751 1382/1563/1519
f 1382/1563/1519 426/808/750 1379/263/238
f 1383/255/230 462/1567/1521 457/193/169
f 1385/1568/1522 1386/1569/1523 1815/844/1524
f 1386/1569/1523 459/840/783 1815/844/1524
f 1387/1570/1525 455/340/314 459/840/783
f 1383/255/230 496/886/1526 1385/1568/1522
f 1385/1568/1522 492/887/823 1386/1569/1523
f 1386/1569/1523 491/876/821 1387/1570/1525
f 1387/1570/1525 488/291/266 1384/293/268
f 1388/324/298 496/883/1526 489/278/253
f 1390/1571/1527 497/891/828 496/883/1526
f 1391/1572/1528 501/889/831 497/891/828
f 1392/1573/1529 490/283/258 501/889/831
f 1388/324/298 509/1574/1530 1390/1571/1527
f 1390/1571/1527 1812/1575/1531 1391/1572/1528
f 1391/1572/1528 506/892/1532 1392/1573/1529
f 1392/1573/1529 503/196/172 1389/198/174
f 1393/338/312 509/1576/1530 504/325/299
f 1395/1577/1533 510/902/1534 509/1576/1530
f 1396/1578/1535 512/899/841 510/902/1534
f 1397/1579/1536 505/290/265 512/899/841
f 1393/338/312 462/1580/1521 1395/1577/1533
f 1395/1577/1533 463/848/1537 1396/1578/1535
f 1396/1578/1535 460/849/790 1397/1579/1536
f 1397/1579/1536 456/845/789 1394/284/259
f 587/992/305 1400/1581/1538 598/990/939
f 598/990/939 1401/1582/1539 599/984/928
f 599/984/928 1402/1583/1540 589/980/924
f 589/980/924 1399/281/256 585/978/922
f 1398/1584/304 613/1003/953 1400/1581/1538
f 1400/1581/1538 607/997/947 1401/1582/1539
f 1401/1582/1539 606/995/945 1402/1583/1540
f 606/995/945 1399/281/256 1402/1583/1540
f 1403/305/280 624/1014/962 621/316/291
f 1405/1585/1541 625/1024/972 624/1014/962
f 1406/1586/1542 632/1020/969 625/1024/972
f 1407/1587/1543 622/1021/198 632/1020/969
f 605/304/279 1405/1585/1541 1403/305/280
f 618/1010/958 1406/1586/1542 1405/1585/1541
f 612/1005/954 1407/1587/1543 1406/1586/1542
f 611/1002/952 1404/1588/196 1407/1587/1543
f 1408/306/281 593/988/932 586/307/282
f 1410/1589/1544 594/994/942 593/988/932
f 1411/1590/1545 600/991/940 594/994/942
f 1412/1591/1546 587/992/305 600/991/940
f 1408/306/281 636/1027/975 1410/1589/1544
f 1410/1589/1544 631/1022/970 1411/1590/1545
f 1411/1590/1545 630/1019/968 1412/1591/1546
f 1412/1591/1546 622/1021/198 1409/1592/197
f 1413/1593/295 652/1041/991 641/1043/294
f 1415/1594/1547 653/1033/983 652/1041/991
f 1416/1595/1548 644/1029/979 653/1033/983
f 1417/1596/1549 639/1030/980 644/1029/979
f 658/1055/297 1415/1594/1547 1413/1593/295
f 668/1054/1004 1416/1595/1548 1415/1594/1547
f 661/1058/1008 1417/1596/1549 1416/1595/1548
f 660/1048/996 1414/224/200 1417/1596/1549
f 676/1078/310 1420/1597/1550 687/1076/1030
f 687/1076/1030 1421/1598/1551 688/1070/1023
f 688/1070/1023 1422/1599/1552 678/1066/1019
f 678/1066/1019 1419/210/186 674/1064/1017
f 1418/1600/309 654/1042/992 1420/1597/1550
f 1420/1597/1550 648/1038/988 1421/1598/1551
f 1421/1598/1551 647/1036/986 1422/1599/1552
f 1422/1599/1552 640/310/285 1419/210/186
f 1423/309/284 682/1074/1027 675/311/286
f 1425/1601/1553 683/1080/1033 682/1074/1027
f 1426/1602/1554 689/1077/1031 683/1080/1033
f 1427/1603/1555 676/1078/310 689/1077/1031
f 1423/309/284 672/1061/1011 1425/1601/1553
f 1425/1601/1553 667/1056/1005 1426/1602/1554
f 1426/1602/1554 666/1053/1003 1427/1603/1555
f 1427/1603/1555 658/1055/297 1424/1604/296
f 1428/329/303 695/1083/1036 692/341/315
f 1430/1605/1556 696/1092/1044 695/1083/1036
f 1431/1606/1557 702/1093/1041 696/1092/1044
f 1432/1607/1558 693/1089/189 702/1088/1041
f 709/1101/1053 1430/1605/1556 1428/329/303
f 714/1100/1052 1431/1606/1557 1430/1605/1556
f 723/1104/1056 1432/1607/1558 1431/1606/1557
f 722/1112/1064 1429/1608/179 1432/1607/1558
f 710/301/276 1435/1609/1559 717/1107/1059
f 717/1107/1059 1436/1610/1560 718/1109/1061
f 718/1109/1061 1437/1611/1561 724/1113/1065
f 724/1113/1065 1434/1612/300 711/1114/177
f 1433/200/176 732/1119/1069 1435/1609/1559
f 1435/1609/1559 740/1123/1073 1436/1610/1560
f 1436/1610/1560 739/1130/1082 1437/1611/1561
f 1437/1611/1561 729/1132/301 1434/1612/300
f 1438/303/278 735/1128/1079 728/302/277
f 1440/1613/1562 736/1134/1086 735/1128/1079
f 1441/1614/1563 741/1131/1083 736/1134/1086
f 1442/1615/1564 729/1132/301 741/1131/1083
f 1438/303/278 706/1097/1048 1440/1613/1562
f 1440/1613/1562 701/1090/1042 1441/1614/1563
f 1441/1614/1563 700/1087/1040 1442/1615/1564
f 1442/1615/1564 693/1089/189 1439/1616/188
f 1443/164/142 413/788/734 410/165/143
f 1445/1617/1565 414/790/1566 413/788/734
f 1446/1618/1567 420/794/740 414/790/1566
f 1447/1619/1568 411/795/741 420/794/740
f 603/317/292 1445/1617/1565 1443/164/142
f 608/996/946 1446/1618/1567 1445/1617/1565
f 617/999/949 1447/1619/1568 1446/1618/1567
f 616/1009/957 1444/236/212 1447/1619/1568
f 623/308/283 1450/1620/1569 635/1621/976
f 635/1017/966 1451/1622/1570 626/1013/964
f 626/1013/961 1449/314/289 621/316/291
f 1448/247/222 453/833/777 1450/1620/1569
f 1450/1623/1571 448/825/1572 1451/1622/1570
f 1451/1622/1573 445/315/290 1449/314/289
f 1452/218/194 428/803/747 425/219/195
s 29
f 428/812/1574 1454/1624/1575 431/810/1576
s 2
f 431/810/752 1453/264/239 426/808/750
f 1452/218/194 662/1047/995 1454/1625/1577
f 1454/1625/1577 662/1047/995 671/1050/1578
f 1454/1626/1579 671/1050/1580 670/1062/1581
f 670/1062/1581 1453/264/239 1454/1624/1579
f 674/1064/1017 1457/1627/1582 677/1067/1583
f 677/1067/1020 1458/1628/1584 684/1629/1585
f 1458/1630/1586 675/311/286 684/1073/1026
f 1455/209/185 482/866/809 1457/1627/1582
f 1457/1627/1587 486/871/1588 1458/1628/1584
f 486/872/816 1456/269/244 1458/1630/1586
f 490/283/258 1461/1631/1589 499/888/830
f 1461/1631/1589 500/881/1590 499/888/830
f 1462/1632/1591 493/877/822 500/881/1590
f 1463/1633/1592 488/291/266 493/877/822
f 1459/282/257 719/1108/1060 1461/1631/1589
f 1461/1631/1589 713/1102/1054 1462/1632/1591
f 713/1102/1054 1463/1633/1592 1462/1632/1591
f 712/1099/1051 1460/328/302 1463/1633/1592
f 694/1095/1046 1466/1634/1593 705/1635/1049
f 1466/1636/1594 692/341/315 705/1082/1035
f 1464/285/260 461/847/791 1466/1634/1593
s 30
f 1466/1637/1595 461/841/1595 458/839/1595
s 2
f 458/839/1596 1465/339/313 1466/1636/1594
f 585/978/922 1469/1638/1597 588/1639/925
f 588/1639/936 1469/1638/1597 1470/1640/1598
f 588/981/936 1470/1641/1598 595/987/934
f 1470/1641/1599 586/307/282 595/987/931
f 1467/280/255 443/815/1600 1469/1638/1597
f 1469/1638/1597 443/820/1600 1470/1640/1598
f 443/818/1601 1468/234/210 1470/1641/1599
f 1471/262/237 475/862/806 467/261/236
f 1473/1642/1602 476/855/1603 475/862/806
f 476/855/1603 1475/1643/1604 470/851/796
f 1475/1643/1604 465/296/271 470/851/796
f 640/310/285 1473/1642/1602 1471/262/237
f 1473/1642/1602 643/1031/981 1474/1644/1605
f 1474/1644/1605 642/1028/978 1475/1643/1604
f 642/1028/978 1472/223/199 1475/1643/1604
f 1476/289/264 511/898/840 505/290/265
s 31
f 511/897/1606 1479/1645/1607 507/893/1608
s 2
f 1479/1645/1609 503/196/172 507/893/1610
f 728/302/277 1478/1646/1611 1476/289/264
f 1478/1646/1611 737/1127/1078 731/1121/1612
s 31
f 731/1121/1613 1479/1645/1607 1478/1647/1614
s 2
f 1479/1645/1609 727/1117/1067 1477/199/175
s 4
f 764/366/337 1482/1648/1615 767/1649/1616
f 767/1650/1616 1483/1651/1617 766/1652/1618
f 766/1652/1619 1484/1653/1620 765/1654/1621
f 1484/1653/1620 763/521/475 765/1654/1621
f 1480/365/336 750/1655/1622 1482/1648/1615
f 1482/1656/1615 751/1657/1623 1483/1651/1617
f 1483/1651/1624 752/1658/1625 1484/1653/1620
f 752/1658/1625 1481/480/437 1484/1653/1620
f 1485/402/370 772/1659/1626 769/349/322
f 1487/1660/1627 771/1661/1628 772/1659/1626
f 1488/1662/1629 770/1663/1630 771/1661/1631
f 770/1664/1630 1486/460/420 768/362/333
f 753/530/484 1487/1660/1627 1485/402/370
f 755/1665/1632 1488/1662/1633 1487/1660/1627
f 756/1666/1634 1489/1667/1635 1488/1662/1629
f 1489/1668/1635 754/359/330 1486/460/420
f 1490/470/429 747/1669/1636 744/344/318
f 1492/1670/1637 746/1671/1638 747/1672/1636
f 1493/1673/1639 745/1674/1640 746/1671/1641
f 745/1674/1640 1491/345/319 743/357/328
f 764/366/337 1492/1675/1637 1490/470/429
f 767/1650/1616 1493/1673/1642 1492/1670/1637
f 766/1652/1619 1494/1676/1643 1493/1673/1639
f 1494/1676/1643 763/521/475 1491/345/319
f 759/499/454 1497/1677/1644 762/1678/1645
f 762/1678/1645 1498/1679/1646 761/1680/1647
f 761/1680/1648 1499/1681/1649 760/1682/1650
f 1499/1683/1649 758/351/323 760/1684/1650
f 1495/367/338 772/1659/1626 1497/1677/1644
f 1497/1677/1644 771/1661/1628 1498/1679/1646
f 1498/1679/1651 770/1663/1630 1499/1681/1649
f 770/1664/1630 1496/364/335 1499/1683/1649
f 774/500/455 1502/1685/1652 777/1686/1653
f 777/1686/1653 1503/1687/1654 776/1688/1655
f 776/1688/1656 1504/1689/1657 775/1690/1658
f 1504/1691/1657 773/370/340 775/1692/1658
f 1500/494/450 762/1678/1645 1502/1685/1652
f 1502/1685/1652 761/1680/1647 1503/1687/1654
f 1503/1687/1659 760/1682/1650 1504/1689/1657
f 760/1684/1650 1501/353/325 1504/1691/1657
f 748/356/327 1507/1693/1660 750/1655/1622
f 750/1694/1622 1508/1695/1661 751/1657/1623
f 751/1657/1662 1509/1696/1663 752/1658/1625
f 1509/1696/1663 749/376/346 752/1658/1625
f 1505/355/326 780/1697/1664 1507/1693/1660
f 1507/1698/1660 781/1699/1665 1508/1695/1661
f 1508/1695/1666 782/1700/1667 1509/1696/1663
f 782/1700/1667 1506/374/344 1509/1696/1663
f 778/1701/354 1512/1702/1668 780/1703/1664
f 780/1703/1664 1513/1704/1669 781/1699/1665
f 781/1699/1670 1514/1705/1671 782/1700/1667
f 1514/1705/1671 779/373/343 782/1700/1667
f 1510/1706/362 790/1707/1672 1512/1702/1668
f 1512/1702/1668 791/1708/1673 1513/1704/1669
f 1513/1704/1674 792/1709/1675 1514/1705/1671
f 792/1709/1675 1511/371/341 1514/1705/1671
f 784/531/485 1517/1710/1676 787/1711/1677
f 787/1711/1677 1518/1712/1678 786/1713/1679
f 786/1713/1680 1519/1714/1681 785/1715/1682
f 1519/1714/1681 783/1716/350 785/1715/1682
f 1515/524/478 777/1686/1653 1517/1710/1676
f 1517/1710/1676 776/1688/1655 1518/1712/1678
f 1518/1712/1683 775/1690/1658 1519/1714/1681
f 775/1690/1658 1516/1717/348 1519/1714/1681
f 1520/1718/465 814/1719/1684 811/1720/463
f 1522/1721/1685 813/1722/1686 814/1719/1684
f 1523/1723/1687 812/1724/1688 813/1722/1686
f 1524/1725/1689 810/390/359 812/1724/1688
f 794/1726/1096 1522/1721/1685 1520/1718/465
f 803/1149/1095 1523/1723/1687 1522/1721/1685
f 797/1148/1099 1524/1725/1689 1523/1723/1687
f 796/1138/1090 1521/474/431 1524/1725/1689
f 788/1727/361 1527/1728/1690 790/1707/1672
f 790/1707/1672 1528/1729/1691 791/1708/1673
f 791/1708/1692 1529/1730/1693 792/1709/1675
f 792/1709/1675 1526/381/351 789/383/353
f 1525/1731/449 814/1719/1684 1527/1728/1690
f 1527/1728/1694 813/1722/1686 1528/1729/1691
f 1528/1729/1695 812/1724/1688 1529/1730/1693
f 812/1724/1688 1526/381/351 1529/1730/1693
f 794/1144/1096 1532/1732/1696 801/1142/1094
f 801/1142/1094 1533/1733/1697 802/1145/1097
f 802/1145/1106 1534/1734/1698 807/1153/1102
f 807/1153/1102 1531/1735/356 795/1151/358
f 1530/510/464 787/1711/1677 1532/1732/1696
f 1532/1732/1696 786/1713/1679 1533/1733/1697
f 1533/1733/1699 785/1715/1682 1534/1734/1698
f 1534/1734/1698 783/1716/350 1531/1735/356
f 1535/410/377 755/1665/1632 753/530/484
f 1537/1736/1700 756/1666/1701 755/1665/1632
f 1538/1737/1702 757/1738/1703 756/1666/1634
f 757/1739/1703 1536/503/457 754/359/330
f 820/469/428 1537/1736/1700 1535/410/377
f 822/1740/1704 1538/1737/1705 1537/1736/1700
f 823/1741/1706 1539/1742/1707 1538/1737/1702
f 1539/1743/1707 821/399/367 1536/503/457
f 1540/342/316 819/1744/1708 816/518/472
f 1542/1745/1709 818/1746/1710 819/1747/1708
f 1543/1748/1711 817/1749/1712 818/1746/1713
f 817/1749/1712 1541/395/363 815/397/365
f 744/344/318 1542/1750/1709 1540/342/316
f 747/1672/1636 1543/1748/1714 1542/1745/1709
f 746/1671/1641 1544/1751/1715 1543/1748/1711
f 1544/1751/1715 743/357/328 1541/395/363
f 832/1174/1124 1547/1752/1716 843/1172/1122
f 843/1753/1122 1548/1754/1717 844/1164/1113
f 844/1164/1113 1549/1755/1718 834/1159/1109
f 834/1159/1109 1546/461/421 830/517/471
f 1545/484/440 827/1756/1719 1547/1752/1716
f 1547/1757/1716 828/1758/1720 1548/1754/1717
f 1548/1754/1717 829/1759/1721 1549/1755/1718
f 1549/1755/1718 826/405/373 1546/461/421
f 1550/485/441 822/1740/1704 820/469/428
f 1552/1760/1722 823/1741/1723 822/1740/1704
f 1553/1761/1724 824/1762/1725 823/1741/1706
f 1554/1763/1726 821/399/367 824/1764/1725
f 832/1174/1124 1552/1760/1722 1550/485/441
f 845/1173/1123 1553/1761/1727 1552/1760/1722
f 839/1177/1728 1554/1765/1726 1553/1761/1724
f 838/1766/1118 1551/407/375 1554/1763/1726
f 1555/487/443 827/1756/1719 825/486/442
f 1557/1767/1729 828/1758/1720 827/1768/1719
f 1558/1769/1730 829/1759/1721 828/1758/1720
f 829/1759/1721 1556/403/371 826/405/373
f 816/518/472 1557/1770/1729 1555/487/443
f 819/1747/1708 1558/1769/1731 1557/1767/1729
f 818/1746/1713 1559/1771/1732 1558/1769/1730
f 817/1749/1712 1556/403/371 1559/1771/1732
f 1560/483/439 872/1772/1733 869/412/378
f 1562/1773/1734 871/1774/1735 872/1772/1733
f 1563/1775/1736 870/1776/1737 871/1774/1735
f 1564/1777/1738 868/529/483 870/1776/1737
f 853/432/396 1562/1773/1734 1560/483/439
f 855/1778/1739 1563/1775/1736 1562/1773/1734
f 856/1779/1740 1564/1777/1738 1563/1775/1736
f 857/1780/1741 1561/528/482 1564/1777/1738
f 874/426/390 1567/1781/1742 877/1782/1743
f 877/1782/1743 1568/1783/1744 876/1784/1745
f 876/1784/1745 1569/1785/1746 875/1786/1747
f 875/1786/1747 1566/464/424 873/467/427
f 1565/425/389 860/1787/1748 1567/1781/1742
f 1567/1781/1742 861/1788/1749 1568/1783/1744
f 1568/1783/1744 862/1789/1750 1569/1785/1746
f 1569/1785/1746 859/465/425 1566/464/424
f 849/422/386 1572/1790/1751 852/1791/1752
f 852/1791/1752 1573/1792/1753 851/1793/1754
f 851/1793/1754 1574/1794/1755 850/1795/1756
f 850/1795/1756 1571/481/438 848/447/410
f 1570/413/379 872/1772/1733 1572/1790/1751
f 1572/1790/1751 871/1774/1735 1573/1792/1753
f 1573/1792/1753 870/1776/1737 1574/1794/1755
f 1574/1794/1755 868/529/483 1571/481/438
f 1575/427/391 867/1796/1757 864/466/426
f 1577/1797/1758 866/1798/1759 867/1796/1757
f 1578/1799/1760 865/1800/1761 866/1798/1759
f 1579/1801/1762 863/522/476 865/1800/1761
f 874/426/390 1577/1797/1758 1575/427/391
f 877/1782/1743 1578/1799/1760 1577/1797/1758
f 876/1784/1745 1579/1801/1762 1578/1799/1760
f 875/1786/1747 1576/502/456 1579/1801/1762
f 1580/418/383 882/1802/1763 879/496/451
f 1582/1803/1764 881/1804/1765 882/1802/1763
f 1583/1805/1766 880/1806/1767 881/1804/1765
f 1584/1807/1768 878/419/384 880/1806/1767
f 864/466/426 1582/1803/1764 1580/418/383
f 867/1796/1757 1583/1805/1766 1582/1803/1764
f 866/1798/1759 1584/1807/1768 1583/1805/1766
f 865/1800/1761 1581/435/399 1584/1807/1768
f 1585/433/397 855/1778/1739 853/432/396
f 1587/1808/1769 856/1779/1740 855/1778/1739
f 1588/1809/1770 857/1780/1741 856/1779/1740
f 1589/1810/1771 854/527/481 857/1780/1741
f 883/438/401 1587/1808/1769 1585/433/397
f 885/1811/1772 1588/1809/1770 1587/1808/1769
f 886/1812/1773 1589/1810/1771 1588/1809/1770
f 887/1813/1774 1586/415/381 1589/1810/1771
f 1590/439/402 885/1811/1772 883/438/401
f 1592/1814/1775 886/1812/1773 885/1811/1772
f 1593/1815/1776 887/1813/1774 886/1812/1773
f 1594/1816/1777 884/479/436 887/1813/1774
f 893/443/406 1592/1814/1775 1590/439/402
f 895/1817/1778 1593/1815/1776 1592/1814/1775
f 896/1818/1779 1594/1816/1777 1593/1815/1776
f 897/1819/1780 1591/523/477 1594/1816/1777
f 1595/434/398 892/1820/1781 889/525/479
f 1597/1821/1782 891/1822/1783 892/1820/1781
f 1598/1823/1784 890/1824/1785 891/1822/1783
f 1599/1825/1786 888/442/405 890/1824/1785
f 879/496/451 1597/1821/1782 1595/434/398
f 882/1802/1763 1598/1823/1784 1597/1821/1782
f 881/1804/1765 1599/1825/1786 1598/1823/1784
f 880/1806/1767 1596/421/385 1599/1825/1786
f 916/526/480 1602/1826/1787 919/1827/1788
f 919/1827/1788 1603/1828/1789 918/1829/1790
f 918/1829/1790 1604/1830/1791 917/1831/1792
f 917/1831/1792 1601/513/467 915/515/469
f 1600/478/435 901/1179/1129 1602/1826/1787
f 1602/1826/1787 911/1183/1133 1603/1828/1789
f 1603/1828/1789 910/1189/1141 1604/1830/1791
f 1604/1830/1791 900/514/468 1601/513/467
f 1605/445/408 895/1817/1778 893/443/406
f 1607/1832/1793 896/1818/1779 895/1817/1778
f 1608/1833/1794 897/1819/1780 896/1818/1779
f 1609/1834/1795 894/520/474 897/1819/1780
f 916/526/480 1607/1832/1793 1605/445/408
f 919/1827/1788 1608/1833/1794 1607/1832/1793
f 918/1829/1790 1609/1834/1795 1608/1833/1794
f 917/1831/1792 1606/497/452 1609/1834/1795
f 1610/440/403 905/1187/1137 899/446/409
f 1612/1835/1796 906/1192/1144 905/1187/1137
f 1613/1836/1797 912/1190/1142 906/1192/1144
f 1614/1837/1798 900/514/468 912/1190/1142
f 889/525/479 1612/1835/1796 1610/440/403
f 892/1820/1781 1613/1836/1797 1612/1835/1796
f 891/1822/1783 1614/1837/1798 1613/1836/1797
f 890/1824/1785 1611/512/466 1614/1837/1798
f 858/429/393 1617/1838/1799 860/1787/1748
f 860/1787/1748 1618/1839/1800 861/1788/1749
f 861/1788/1749 1619/1840/1801 862/1789/1750
f 862/1789/1750 1616/507/461 859/465/425
f 1615/450/411 927/1841/1802 1617/1838/1799
f 1617/1838/1799 928/1842/1803 1618/1839/1800
f 1618/1839/1800 929/1843/1804 1619/1840/1801
f 1619/1840/1801 926/471/430 1616/507/461
f 921/452/413 1622/1844/1805 924/1845/1806
f 924/1845/1806 1623/1846/1807 923/1847/1808
f 923/1847/1808 1624/1848/1809 922/1849/1810
f 922/1849/1810 1621/456/416 920/455/415
f 1620/423/387 852/1791/1752 1622/1844/1805
f 1622/1844/1805 851/1793/1754 1623/1846/1807
f 1623/1846/1807 850/1795/1756 1624/1848/1809
f 1624/1848/1809 848/447/410 1621/456/416
f 1625/463/423 938/1195/1148 935/519/473
f 1627/1850/1811 939/1204/1158 938/1195/1148
f 1628/1851/1812 945/1200/1154 939/1204/1158
f 1629/1852/1813 936/1201/1155 945/1200/1154
f 930/459/419 1627/1850/1811 1625/463/423
f 932/1853/1814 1628/1851/1812 1627/1850/1811
f 933/1854/1815 1629/1852/1813 1628/1851/1812
f 934/1855/1816 1626/491/447 1629/1852/1813
f 925/451/412 1632/1856/1817 927/1841/1802
f 927/1841/1802 1633/1857/1818 928/1842/1803
f 928/1842/1803 1634/1858/1819 929/1843/1804
f 929/1843/1804 1631/490/446 926/471/430
f 1630/457/417 949/1207/1162 1632/1856/1817
f 1632/1856/1817 944/1202/1156 1633/1857/1818
f 1633/1857/1818 943/1199/1153 1634/1858/1819
f 1634/1858/1819 936/1201/1155 1631/490/446
f 930/459/419 1637/1859/1820 932/1853/1814
f 932/1853/1814 1638/1860/1821 933/1854/1815
f 933/1854/1815 1639/1861/1822 934/1855/1816
f 934/1855/1816 1636/489/445 931/488/444
f 1635/453/414 924/1845/1806 1637/1859/1820
f 1637/1859/1820 923/1847/1808 1638/1860/1821
f 1638/1860/1821 922/1849/1810 1639/1861/1822
f 1639/1861/1822 920/455/415 1636/489/445
f 937/458/418 1642/1862/1823 948/1863/1163
f 948/1194/1824 1641/516/470 935/519/473
f 1640/408/376 840/1864/1825 1642/1862/1823
s 32
f 1642/1865/1826 840/1866/1826 833/1867/1826
s 4
f 1642/1868/1827 830/517/471 1641/516/470
f 1643/388/357 806/1869/1828 795/389/358
f 1645/1870/1829 793/1135/1087 806/1137/1830
f 1643/388/357 907/1186/1136 1645/1871/1831
f 907/1872/1832 1644/475/432 1645/1870/1829
s 5
f 973/553/504 1648/1873/1833 976/1874/1834
f 976/1874/1834 1649/1875/1835 975/1876/1836
f 975/1876/1837 1650/1877/1838 974/1878/1839
f 1650/1877/1838 972/1879/643 974/1878/1839
f 1646/552/503 959/1880/1840 1648/1873/1833
f 1648/1873/1833 960/1881/1841 1649/1875/1835
f 1649/1875/1842 961/1882/1843 1650/1877/1838
f 961/1883/1843 1647/667/607 1650/1884/1838
f 1651/1885/538 981/1886/1844 978/1887/489
f 1653/1888/1845 980/1889/1846 981/1886/1844
f 1654/1890/1847 979/1891/1848 980/1889/1849
f 979/1891/1848 1652/647/590 977/549/500
f 962/1892/652 1653/1888/1845 1651/1885/538
f 964/1893/1850 1654/1890/1851 1653/1888/1845
f 965/1894/1852 1655/1895/1853 1654/1890/1847
f 1655/1895/1853 963/546/497 1652/647/590
f 1656/657/599 956/1896/1854 953/506/460
f 1658/1897/1855 955/1898/1856 956/1896/1854
f 1659/1899/1857 954/1900/1858 955/1898/1859
f 954/1900/1858 1657/1901/486 952/1902/495
f 973/553/504 1658/1897/1855 1656/657/599
f 976/1874/1834 1659/1899/1860 1658/1897/1855
f 975/1876/1837 1660/1903/1861 1659/1899/1857
f 1660/1903/1861 972/1879/643 1657/1901/486
f 968/1904/625 1663/1905/1862 971/1906/1863
f 971/1906/1863 1664/1907/1864 970/1908/1865
f 970/1908/1866 1665/1909/1867 969/1910/1868
f 1665/1909/1867 967/538/490 969/1910/1868
f 1661/1911/505 981/1886/1844 1663/1905/1862
f 1663/1905/1862 980/1889/1846 1664/1907/1864
f 1664/1907/1869 979/1891/1848 1665/1909/1867
f 979/1891/1848 1662/551/502 1665/1909/1867
f 983/1912/626 1668/1913/1870 986/1914/1871
f 986/1914/1871 1669/1915/1872 985/1916/1873
f 985/1916/1874 1670/1917/1875 984/1918/1876
f 1670/1917/1875 982/557/507 984/1918/1876
f 1666/1919/620 971/1906/1863 1668/1913/1870
f 1668/1913/1870 970/1908/1865 1669/1915/1872
f 1669/1915/1877 969/1910/1868 1670/1917/1875
f 969/1910/1868 1667/540/492 1670/1917/1875
f 957/543/494 1673/1920/1878 959/1880/1840
f 959/1880/1840 1674/1921/1879 960/1881/1841
f 960/1881/1880 1675/1922/1881 961/1882/1843
f 1675/1923/1881 958/563/513 961/1883/1843
f 1671/542/493 989/1924/1882 1673/1920/1878
f 1673/1920/1878 990/1925/1883 1674/1921/1879
f 1674/1921/1884 991/1926/1885 1675/1922/1881
f 991/1927/1885 1672/561/511 1675/1923/1881
f 987/572/521 1678/1928/1886 989/1924/1882
f 989/1924/1882 1679/1929/1887 990/1925/1883
f 990/1925/1888 1680/1930/1889 991/1926/1885
f 1680/1931/1889 988/560/510 991/1927/1885
f 1676/581/530 999/1932/1890 1678/1928/1886
f 1678/1928/1886 1000/1933/1891 1679/1929/1887
f 1679/1929/1892 1001/1934/1893 1680/1930/1889
f 1001/1935/1893 1677/558/508 1680/1931/1889
f 993/1936/653 1683/1937/1894 996/1938/1895
f 996/1938/1895 1684/1939/1896 995/1940/1897
f 995/1940/1898 1685/1941/1899 994/1942/1900
f 1685/1941/1899 992/567/517 994/1942/1900
f 1681/1943/646 986/1914/1871 1683/1937/1894
f 1683/1937/1894 985/1916/1873 1684/1939/1896
f 1684/1939/1901 984/1918/1876 1685/1941/1899
f 984/1918/1876 1682/565/515 1685/1941/1899
f 1686/695/633 1023/1944/1902 1020/693/631
f 1688/1945/1903 1022/1946/1904 1023/1944/1902
f 1689/1947/1905 1021/1948/1906 1022/1946/1904
f 1690/1949/1907 1019/577/526 1021/1950/1906
f 1003/1951/1176 1688/1945/1903 1686/695/633
f 1012/1225/1175 1689/1947/1905 1688/1945/1903
f 1006/1224/1179 1690/1952/1907 1689/1947/1905
f 1005/1953/1169 1687/661/601 1690/1949/1907
f 997/580/529 1693/1954/1908 999/1932/1890
f 999/1932/1890 1694/1955/1909 1000/1933/1891
f 1000/1933/1910 1695/1956/1911 1001/1934/1893
f 1001/1935/1893 1692/568/518 998/570/520
f 1691/680/619 1023/1944/1902 1693/1954/1908
f 1693/1954/1912 1022/1946/1904 1694/1955/1909
f 1694/1955/1913 1021/1948/1906 1695/1956/1911
f 1021/1950/1906 1692/568/518 1695/1957/1911
f 1003/1220/1176 1698/1958/1914 1010/1218/1174
f 1010/1218/1174 1699/1959/1915 1011/1221/1177
f 1011/1221/1186 1700/1960/1916 1016/1229/1182
f 1016/1229/1182 1697/574/523 1004/576/525
f 1696/1961/632 996/1938/1895 1698/1958/1914
f 1698/1958/1914 995/1940/1897 1699/1959/1915
f 1699/1959/1917 994/1942/1900 1700/1960/1916
f 1700/1960/1916 992/567/517 1697/574/523
f 1701/1962/545 964/1893/1850 962/1892/652
f 1703/1963/1918 965/1894/1919 964/1893/1850
f 1704/1964/1920 966/1965/1921 965/1894/1852
f 966/1965/1921 1702/690/628 963/546/497
f 1029/1966/598 1703/1963/1918 1701/1962/545
f 1031/1967/1922 1704/1964/1923 1703/1963/1918
f 1032/1968/1924 1705/1969/1925 1704/1964/1920
f 1705/1969/1925 1030/586/535 1702/690/628
f 1706/504/458 1028/1970/1926 1025/702/640
f 1708/1971/1927 1027/1972/1928 1028/1970/1926
f 1709/1973/1929 1026/1974/1930 1027/1972/1931
f 1026/1974/1930 1707/1975/531 1024/1976/533
f 953/506/460 1708/1971/1927 1706/504/458
f 956/1896/1854 1709/1973/1932 1708/1971/1927
f 955/1898/1859 1710/1977/1933 1709/1973/1929
f 1710/1977/1933 952/1902/495 1707/1975/531
f 1041/1248/1205 1713/1978/1934 1051/1246/1203
f 1051/1246/1203 1714/1979/1935 1052/1238/1193
f 1052/1238/1193 1715/1980/1936 1043/1233/1189
f 1043/1981/1189 1712/648/591 1039/701/639
f 1711/671/610 1036/1982/1937 1713/1978/1934
f 1713/1978/1934 1037/1983/1938 1714/1979/1935
f 1714/1979/1935 1038/1984/1939 1715/1980/1936
f 1715/1985/1936 1035/592/541 1712/648/591
f 1716/1986/611 1031/1967/1922 1029/1966/598
f 1718/1987/1940 1032/1968/1941 1031/1967/1922
f 1719/1988/1942 1033/1989/1943 1032/1968/1924
f 1720/1990/1944 1030/586/535 1033/1989/1943
f 1041/1991/1205 1718/1987/1940 1716/1986/611
f 1053/1252/1204 1719/1988/1945 1718/1987/1940
f 1048/1251/1946 1720/1990/1944 1719/1988/1942
f 1047/1243/1198 1717/594/543 1720/1990/1944
f 1721/674/613 1036/1982/1937 1034/673/612
f 1723/1992/1947 1037/1983/1938 1036/1982/1937
f 1724/1993/1948 1038/1984/1939 1037/1983/1938
f 1038/1984/1939 1722/1994/539 1035/1995/541
f 1025/702/640 1723/1992/1947 1721/674/613
f 1028/1970/1926 1724/1993/1949 1723/1992/1947
f 1027/1972/1931 1725/1996/1950 1724/1993/1948
f 1026/1974/1930 1722/1994/539 1725/1996/1950
f 1726/670/609 1080/1997/1951 1077/599/546
f 1728/1998/1952 1079/1999/1953 1080/1997/1951
f 1729/2000/1954 1078/2001/1955 1079/1999/1953
f 1730/2002/1956 1076/713/651 1078/2001/1955
f 1061/619/565 1728/1998/1952 1726/670/609
f 1063/2003/1957 1729/2000/1954 1728/1998/1952
f 1064/2004/1958 1730/2002/1956 1729/2000/1954
f 1065/2005/1959 1727/712/650 1730/2002/1956
f 1082/613/559 1733/2006/1960 1085/2007/1961
f 1085/2007/1961 1734/2008/1962 1084/2009/1963
f 1084/2009/1963 1735/2010/1964 1083/2011/1965
f 1083/2011/1965 1732/651/594 1081/654/597
f 1731/612/558 1068/2012/1966 1733/2006/1960
f 1733/2006/1960 1069/2013/1967 1734/2008/1962
f 1734/2008/1962 1070/2014/1968 1735/2010/1964
f 1735/2010/1964 1067/652/595 1732/651/594
f 1057/609/555 1738/2015/1969 1060/2016/1970
f 1060/2016/1970 1739/2017/1971 1059/2018/1972
f 1059/2018/1972 1740/2019/1973 1058/2020/1974
f 1058/2020/1974 1737/668/608 1056/634/580
f 1736/600/547 1080/1997/1951 1738/2015/1969
f 1738/2015/1969 1079/1999/1953 1739/2017/1971
f 1739/2017/1971 1078/2001/1955 1740/2019/1973
f 1740/2019/1973 1076/713/651 1737/668/608
f 1741/614/560 1075/2021/1975 1072/653/596
f 1743/2022/1976 1074/2023/1977 1075/2021/1975
f 1744/2024/1978 1073/2025/1979 1074/2023/1977
f 1745/2026/1980 1071/706/644 1073/2025/1979
f 1082/613/559 1743/2022/1976 1741/614/560
f 1085/2007/1961 1744/2024/1978 1743/2022/1976
f 1084/2009/1963 1745/2026/1980 1744/2024/1978
f 1083/2011/1965 1742/689/627 1745/2026/1980
f 1746/605/551 1090/2027/1981 1087/683/622
f 1748/2028/1982 1089/2029/1983 1090/2027/1981
f 1749/2030/1984 1088/2031/1985 1089/2029/1983
f 1750/2032/1986 1086/606/552 1088/2031/1985
f 1072/653/596 1748/2028/1982 1746/605/551
f 1075/2021/1975 1749/2030/1984 1748/2028/1982
f 1074/2023/1977 1750/2032/1986 1749/2030/1984
f 1073/2025/1979 1747/622/568 1750/2032/1986
f 1751/620/566 1063/2003/1957 1061/619/565
f 1753/2033/1987 1064/2004/1958 1063/2003/1957
f 1754/2034/1988 1065/2005/1959 1064/2004/1958
f 1755/2035/1989 1062/711/649 1065/2005/1959
f 1091/625/571 1753/2033/1987 1751/620/566
f 1093/2036/1990 1754/2034/1988 1753/2033/1987
f 1094/2037/1991 1755/2035/1989 1754/2034/1988
f 1095/2038/1992 1752/602/549 1755/2035/1989
f 1756/626/572 1093/2036/1990 1091/625/571
f 1758/2039/1993 1094/2037/1991 1093/2036/1990
f 1759/2040/1994 1095/2038/1992 1094/2037/1991
f 1760/2041/1995 1092/666/606 1095/2038/1992
f 1101/630/576 1758/2039/1993 1756/626/572
f 1103/2042/1996 1759/2040/1994 1758/2039/1993
f 1104/2043/1997 1760/2041/1995 1759/2040/1994
f 1105/2044/1998 1757/707/645 1760/2041/1995
f 1761/621/567 1100/2045/1999 1097/709/647
f 1763/2046/2000 1099/2047/2001 1100/2045/1999
f 1764/2048/2002 1098/2049/2003 1099/2047/2001
f 1765/2050/2004 1096/629/575 1098/2049/2003
f 1087/683/622 1763/2046/2000 1761/621/567
f 1090/2027/1981 1764/2048/2002 1763/2046/2000
f 1089/2029/1983 1765/2050/2004 1764/2048/2002
f 1088/2031/1985 1762/608/554 1765/2050/2004
f 1124/710/648 1768/2051/2005 1127/2052/2006
f 1127/2052/2006 1769/2053/2007 1126/2054/2008
f 1126/2054/2008 1770/2055/2009 1125/2056/2010
f 1125/2056/2010 1767/697/635 1123/699/637
f 1766/665/605 1109/1255/1210 1768/2051/2005
f 1768/2051/2005 1119/1259/1214 1769/2053/2007
f 1769/2053/2007 1118/1265/1222 1770/2055/2009
f 1770/2055/2009 1108/698/636 1767/697/635
f 1771/632/578 1103/2042/1996 1101/630/576
f 1773/2057/2011 1104/2043/1997 1103/2042/1996
f 1774/2058/2012 1105/2044/1998 1104/2043/1997
f 1775/2059/2013 1102/704/642 1105/2044/1998
f 1124/710/648 1773/2057/2011 1771/632/578
f 1127/2052/2006 1774/2058/2012 1773/2057/2011
f 1126/2054/2008 1775/2059/2013 1774/2058/2012
f 1125/2056/2010 1772/684/623 1775/2059/2013
f 1776/627/573 1113/1263/1218 1107/633/579
f 1778/2060/2014 1114/1268/1225 1113/1263/1218
f 1779/2061/2015 1120/1266/1223 1114/1268/1225
f 1780/2062/2016 1108/698/636 1120/1266/1223
f 1097/709/647 1778/2060/2014 1776/627/573
f 1100/2045/1999 1779/2061/2015 1778/2060/2014
f 1099/2047/2001 1780/2062/2016 1779/2061/2015
f 1098/2049/2003 1777/696/634 1780/2062/2016
f 1066/616/562 1783/2063/2017 1068/2012/1966
f 1068/2012/1966 1784/2064/2018 1069/2013/1967
f 1069/2013/1967 1785/2065/2019 1070/2014/1968
f 1070/2014/1968 1782/691/629 1067/652/595
f 1781/637/581 1135/2066/2020 1783/2063/2017
f 1783/2063/2017 1136/2067/2021 1784/2064/2018
f 1784/2064/2018 1137/2068/2022 1785/2065/2019
f 1785/2065/2019 1134/658/600 1782/691/629
f 1129/639/583 1788/2069/2023 1132/2070/2024
f 1132/2070/2024 1789/2071/2025 1131/2072/2026
f 1131/2072/2026 1790/2073/2027 1130/2074/2028
f 1130/2074/2028 1787/643/586 1128/642/585
f 1786/610/556 1060/2016/1970 1788/2069/2023
f 1788/2069/2023 1059/2018/1972 1789/2071/2025
f 1789/2071/2025 1058/2020/1974 1790/2073/2027
f 1790/2073/2027 1056/634/580 1787/643/586
f 1791/650/593 1146/1271/1229 1143/703/641
f 1793/2075/2029 1147/1280/1238 1146/1271/1229
f 1794/2076/2030 1154/1276/1234 1147/1280/1238
f 1795/2077/2031 1144/1277/1235 1154/1276/1234
f 1138/646/589 1793/2075/2029 1791/650/593
f 1140/2078/2032 1794/2076/2030 1793/2075/2029
f 1141/2079/2033 1795/2077/2031 1794/2076/2030
f 1142/2080/2034 1792/678/617 1795/2077/2031
f 1133/638/582 1798/2081/2035 1135/2066/2020
f 1135/2066/2020 1799/2082/2036 1136/2067/2021
f 1136/2067/2021 1800/2083/2037 1137/2068/2022
f 1137/2068/2022 1797/677/616 1134/658/600
f 1796/644/587 1157/1283/1242 1798/2081/2035
f 1798/2081/2035 1153/1278/1236 1799/2082/2036
f 1799/2082/2036 1152/1275/1233 1800/2083/2037
f 1800/2083/2037 1144/1277/1235 1797/677/616
f 1138/646/589 1803/2084/2038 1140/2078/2032
f 1140/2078/2032 1804/2085/2039 1141/2079/2033
f 1141/2079/2033 1805/2086/2040 1142/2080/2034
f 1142/2080/2034 1802/676/615 1139/675/614
f 1801/640/584 1132/2070/2024 1803/2084/2038
f 1803/2084/2038 1131/2072/2026 1804/2085/2039
f 1804/2085/2039 1130/2074/2028 1805/2086/2040
f 1805/2086/2040 1128/642/585 1802/676/615
f 1145/645/588 1808/2087/2041 1148/2088/1243
f 1148/1270/1228 1807/700/638 1143/703/641
f 1806/595/544 1042/1242/2042 1808/2087/2041
f 1808/2089/2043 1039/701/639 1807/700/638
f 1004/576/525 1811/2090/2044 1015/2091/1183
s 33
f 1811/2092/2045 1002/2093/2046 1015/1214/2047
s 5
f 1809/575/524 1115/1262/1217 1811/2090/2044
s 33
f 1115/2094/2048 1810/662/2049 1811/2092/2045
s 34
f 509/1574/2050 510/2095/2050 1812/1575/2050
s 18
f 485/1559/2051 484/2096/820 1816/1557/819
s 8
f 444/822/765 440/817/2052 1813/816/2053
s 35
f 434/1554/2054 433/807/2055 435/2097/2055
s 36
f 454/1542/2056 1814/830/2056 452/2098/2057
s 2
f 441/1541/1492 442/2099/1499 1813/1539/2058
s 1
f 216/10/8 24/76/67 114/11/9
f 212/18/15 1216/162/140 102/19/16
f 1191/30/26 105/96/85 19/31/27
f 10/73/65 312/188/164 1266/74/66
f 24/76/67 322/125/110 1260/77/68
f 336/78/69 8/95/65 98/79/65
f 15/83/73 103/87/77 1245/84/74
f 15/83/73 332/85/75 1255/86/76
f 103/87/77 14/20/17 316/88/78
f 1261/94/84 97/75/65 8/95/65
f 18/41/37 351/102/90 1270/98/87
f 23/38/34 347/185/162 1290/99/88
f 1276/80/70 98/79/65 11/100/65
f 113/50/45 1285/104/92 351/102/90
f 25/103/91 374/187/163 1285/104/92
f 115/45/40 1290/99/88 357/105/93
f 306/106/94 1251/140/122 96/107/65
f 14/20/17 102/19/16 1295/109/95
f 102/19/16 13/60/54 383/110/96
f 100/113/65 12/132/65 378/114/99
f 13/60/54 110/59/53 1310/116/101
f 110/59/53 1320/67/61 395/117/102
f 1166/119/104 212/18/15 14/20/17
f 7/108/65 96/107/65 1246/123/108
f 109/22/19 1255/86/76 322/125/110
f 96/107/65 9/141/65 331/126/111
f 384/130/114 1311/149/130 101/131/65
f 237/32/28 19/31/27 117/90/80
f 97/75/65 1266/74/66 342/138/120
f 226/21/18 1166/119/104 103/87/77
f 1251/140/122 326/190/166 9/141/65
f 26/34/30 311/91/81 1240/142/123
f 101/131/65 1306/150/131 389/147/128
f 1311/149/130 394/780/723 1306/150/131
f 11/100/65 352/179/157 1286/156/135
f 95/160/65 1256/161/139 331/126/111
f 10/73/65 321/181/159 1256/161/139
f 7/108/65 100/113/65 1301/115/100
f 1296/166/144 384/130/114 12/132/65
f 1291/171/149 99/157/136 1281/172/150
f 99/157/136 1286/156/135 373/174/152
f 12/132/65 101/131/65 1316/148/129
f 98/79/65 1271/182/160 352/179/157
f 321/181/159 10/73/65 97/75/65
f 8/95/65 342/138/120 1271/182/160
f 108/36/32 1275/93/83 347/185/162
f 312/188/164 10/73/65 95/160/65
f 1241/189/165 95/160/65 9/141/65
f 346/101/89 11/100/65 99/157/136
f 317/124/109 1296/166/144 100/113/65
s 2
f 457/193/169 1393/338/312 130/194/170
f 503/196/172 1477/199/175 136/197/173
f 1477/199/175 727/1117/1067 1433/200/176
f 711/201/177 1434/326/300 131/202/178
f 1429/203/179 131/202/178 1439/212/188
f 447/214/190 1363/313/288 124/215/191
f 1404/220/196 132/333/307 1409/221/197
f 27/226/202 532/259/234 1346/227/203
f 1359/235/211 411/795/741 1444/236/212
f 33/238/214 550/300/275 1332/239/215
f 34/195/171 130/194/170 1337/241/216
f 412/243/218 28/272/247 122/244/219
f 457/193/169 34/195/171 128/254/229
f 447/214/190 29/216/192 123/256/231
f 27/226/202 122/244/219 1326/258/233
f 34/195/171 530/242/217 1327/260/235
f 35/266/241 569/267/242 1337/241/216
f 35/266/241 129/240/178 1332/239/215
f 28/272/247 123/256/231 1341/273/248
f 29/216/192 513/279/254 1341/273/248
f 489/278/253 1383/255/230 128/254/229
f 29/216/192 124/215/191 1346/227/203
f 1389/198/174 136/197/173 1459/282/257
f 28/272/247 548/274/249 1326/258/233
s 3
f 568/298/273 1349/249/224 121/299/274
s 2
f 33/238/214 128/254/229 1327/260/235
f 1459/282/257 136/197/173 1433/200/176
f 120/237/213 1444/236/212 605/304/279
f 437/312/287 27/226/202 124/215/191
f 1359/235/211 120/237/213 1449/314/289
f 120/237/213 1403/305/280 621/316/291
f 489/278/253 33/238/214 129/240/178
f 504/325/299 1388/324/298 129/240/178
f 1439/212/188 131/202/178 1434/326/300
f 412/243/218 1358/257/232 123/256/231
f 437/312/287 1354/245/220 122/244/219
f 1409/221/197 132/333/307 1398/330/304
f 604/332/306 1398/330/304 132/333/307
f 504/325/299 35/266/241 130/194/170
s 4
f 758/351/323 59/417/382 166/352/324
f 1501/353/325 166/352/324 57/369/339
f 773/370/340 57/369/339 160/377/347
f 1516/378/348 160/377/347 58/379/349
f 783/380/350 58/379/349 167/386/355
f 1531/387/356 167/386/355 1643/388/357
f 1541/395/363 743/357/328 51/358/329
f 158/347/321 55/346/320 869/412/378
f 45/414/380 854/527/481 1586/415/381
f 59/417/382 864/466/426 1580/418/383
f 878/419/384 43/436/380 150/420/380
f 156/396/364 51/358/329 849/422/386
f 50/424/388 155/428/392 1565/425/389
f 50/424/388 874/426/390 1575/427/391
f 155/428/392 49/361/332 858/429/393
f 168/430/394 1560/483/439 869/412/378
f 57/369/339 879/496/451 1595/434/398
f 1581/435/399 149/416/380 43/436/380
f 58/379/349 889/525/479 1610/440/403
f 1596/421/385 150/420/380 46/441/404
f 167/386/355 1610/440/403 899/446/409
f 848/447/410 1571/481/438 148/448/380
f 49/361/332 154/360/331 1615/450/411
f 164/404/372 52/398/366 921/452/413
f 152/454/380 47/473/380 920/455/415
f 56/406/374 164/404/372 1635/453/414
f 42/449/380 148/448/380 1566/464/424
f 1496/364/335 161/363/334 59/417/382
f 161/363/334 1575/427/391 864/466/426
f 148/448/380 44/482/380 873/467/427
f 51/358/329 158/347/321 1570/413/379
f 926/471/430 1631/490/446 153/472/380
f 149/416/380 1586/415/381 884/479/436
f 1571/481/438 868/529/483 44/482/380
f 153/472/380 1626/491/447 931/488/444
f 1631/490/446 936/1201/1155 1626/491/447
f 166/352/324 1580/418/383 879/496/451
f 46/441/404 894/520/474 1606/497/452
f 147/501/380 1576/502/456 873/467/427
f 45/414/380 863/522/476 1576/502/456
f 42/449/380 152/454/380 1621/456/416
f 1616/507/461 926/471/430 47/473/380
f 1611/512/466 151/498/453 1601/513/467
f 151/498/453 1606/497/452 915/515/469
f 52/398/366 156/396/364 1620/423/387
f 47/473/380 153/472/380 1636/489/445
f 150/420/380 1591/523/477 894/520/474
f 863/522/476 45/414/380 149/416/380
f 43/436/380 884/479/436 1591/523/477
f 160/377/347 1595/434/398 889/525/479
f 854/527/481 45/414/380 147/501/380
f 1561/528/482 147/501/380 44/482/380
f 888/442/405 46/441/404 151/498/453
f 859/465/425 1616/507/461 152/454/380
s 1
f 333/1423/1378 331/126/111 1256/161/139
f 1263/1442/1397 1264/1444/1399 338/1443/1398
f 1264/1444/1399 1261/94/84 336/78/69
f 1268/1446/1401 1269/1447/1402 315/1417/1372
f 355/1456/1411 352/179/157 1271/182/160
f 1293/1474/1428 1294/1475/1429 370/769/710
f 320/1426/1381 1299/1478/1432 1296/166/144
f 1297/1476/1430 385/1479/1433 386/1480/1434
f 1299/1478/1432 387/1481/1435 384/130/114
f 1319/1499/1453 380/1487/1441 378/114/99
s 2
f 532/259/234 1326/258/233 1328/1509/1463
f 544/938/882 1328/1509/1463 1329/1510/1464
f 1329/1510/1464 1330/1511/1465 535/925/869
f 1330/1511/1465 1327/260/235 530/242/217
f 1328/1509/1463 553/945/888 563/948/891
f 563/948/891 562/956/899 1330/1511/1465
f 562/956/899 550/300/275 1327/260/235
f 564/957/900 1335/1513/1467 1332/239/215
s 3
f 1336/287/262 1338/1516/1469 576/1515/912
s 2
f 1339/1518/1471 1337/241/216 569/267/242
s 3
f 1338/1516/1469 541/932/876 534/936/880
s 2
f 1344/1523/1476 1341/273/248 513/279/254
f 1348/1528/1479 1346/227/203 532/259/234
f 1348/1528/1479 515/904/846 513/279/254
f 1813/1539/1490 1356/1538/1488 1357/1540/1491
f 423/801/746 412/243/218 1354/245/220
f 1358/257/232 1360/1543/1494 454/1542/1493
f 1360/1543/1494 1361/1544/1496 1814/830/1495
f 1361/1544/1496 1362/1545/1497 449/826/769
f 1362/1545/1497 1359/235/211 445/315/290
f 1360/1543/1494 423/802/746 419/796/742
f 1362/1545/1497 418/793/739 411/795/741
f 1363/313/288 447/214/190 454/1550/1493
f 1365/1547/1498 454/1550/1493 452/835/1503
f 1386/1569/1523 1387/1570/1525 459/840/783
f 1388/324/298 1390/1571/1527 496/883/1526
f 1391/1572/1528 1392/1573/1529 501/889/831
f 1392/1573/1529 1389/198/174 490/283/258
f 1390/1571/1527 509/1574/1530 1812/1575/1531
f 1391/1572/1528 1812/1575/1531 506/892/1532
f 1392/1573/1529 506/892/1532 503/196/172
f 1395/1577/1533 1396/1578/1535 510/902/1534
f 1393/338/312 457/193/169 462/1580/1521
f 1405/1585/1541 1406/1586/1542 625/1024/972
f 1406/1586/1542 1407/1587/1543 632/1020/969
f 605/304/279 618/1010/958 1405/1585/1541
f 618/1010/958 612/1005/954 1406/1586/1542
f 612/1005/954 611/1002/952 1407/1587/1543
f 611/1002/952 604/1004/306 1404/1588/196
f 710/301/276 1433/200/176 1435/1609/1559
f 718/1109/1061 1436/1610/1560 1437/1611/1561
f 724/1113/1065 1437/1611/1561 1434/1612/300
f 1435/1609/1559 732/1119/1069 740/1123/1073
s 4
f 851/1793/1754 1573/1792/1753 1574/1794/1755
f 875/1786/1747 873/467/427 1576/502/456
f 864/466/426 867/1796/1757 1582/1803/1764
f 1589/1810/1771 1586/415/381 854/527/481
f 882/1802/1763 881/1804/1765 1598/1823/1784
f 1610/440/403 1612/1835/1796 905/1187/1137
f 1614/1837/1798 1611/512/466 900/514/468
f 1617/1838/1799 927/1841/1802 928/1842/1803
f 1618/1839/1800 928/1842/1803 929/1843/1804
f 922/1849/1810 1624/1848/1809 1621/456/416
s 1
f 1220/1/1 93/70/2 1/2/2
f 1171/4/4 221/180/158 20/5/5
f 89/7/2 1165/61/55 227/8/7
f 4/13/2 90/43/2 1185/14/11
f 201/16/13 1171/4/4 106/6/6
f 226/21/18 15/83/73 109/22/19
f 3/9/2 88/27/2 1160/24/21
f 1175/26/23 217/158/137 4/13/2
f 1181/12/10 114/11/9 22/28/24
f 1186/33/29 117/90/80 26/34/30
f 231/29/25 22/28/24 108/36/32
f 1196/37/33 108/36/32 23/38/34
f 1206/40/36 113/50/45 18/41/37
f 90/43/2 2/154/2 236/44/39
f 241/39/35 23/38/34 115/45/40
f 1211/46/41 115/45/40 1323/47/42
f 268/49/44 25/103/91 113/50/45
f 91/51/2 5/151/2 246/52/46
f 1221/54/48 201/16/13 16/17/14
f 273/56/50 1221/54/48 104/55/49
f 279/58/52 1231/66/60 110/59/53
f 1/2/2 211/191/167 1165/61/55
f 1236/62/56 273/56/50 17/57/51
f 284/64/58 1236/62/56 112/63/57
f 1231/66/60 289/745/682 1320/67/61
f 6/68/2 278/128/112 1215/69/62
f 106/6/6 20/5/5 327/71/63
f 104/55/49 16/17/14 307/81/71
f 116/89/79 1240/142/123 327/71/63
f 117/90/80 1265/92/82 311/91/81
f 19/31/27 341/97/86 1265/92/82
f 22/28/24 337/155/134 1275/93/83
f 105/96/85 1270/98/87 341/97/86
f 112/63/57 17/57/51 379/111/97
f 21/65/59 112/63/57 1315/112/98
f 1226/120/105 284/64/58 21/65/59
f 107/121/106 21/65/59 388/118/103
f 227/8/7 1175/26/23 88/27/2
f 1176/23/20 109/22/19 24/76/67
f 94/127/2 1230/144/125 278/128/112
f 202/3/3 1/2/2 89/7/2
f 16/17/14 106/6/6 1250/72/64
f 1201/133/115 251/716/654 1324/134/116
f 111/135/117 1324/134/116 356/136/118
f 207/35/31 26/34/30 116/89/79
f 1225/143/124 290/1400/691 1230/144/125
f 283/145/126 1225/143/124 94/127/2
f 5/151/2 92/167/145 1205/152/132
f 1180/153/133 232/159/138 2/154/2
f 114/11/9 1260/77/68 337/155/134
f 217/158/137 1180/153/133 90/43/2
f 232/159/138 1195/184/161 91/51/2
f 1216/162/140 279/58/52 13/60/54
s 2
f 1353/163/141 137/208/184 1443/164/142
s 1
f 92/167/145 1200/170/148 269/168/146
f 1210/169/147 252/725/663 1200/170/148
f 1226/120/105 107/121/106 1321/175/153
f 274/177/155 6/68/2 93/70/2
f 17/57/51 104/55/49 1300/82/72
f 107/121/106 1305/122/107 393/178/156
f 247/42/38 18/41/37 105/96/85
f 1235/146/127 94/127/2 6/68/2
f 2/154/2 91/51/2 1190/53/47
f 1161/139/121 116/89/79 20/5/5
f 1201/183/115 111/186/117 25/103/91
f 1195/184/161 242/192/168 5/151/2
f 111/186/117 1280/2100/119 374/187/163
f 1170/129/113 89/7/2 3/9/2
f 88/27/2 4/13/2 206/15/12
f 93/70/2 1215/69/62 211/191/167
f 242/192/168 1210/169/147 92/167/145
s 2
f 480/204/180 32/231/207 127/205/181
f 436/207/183 1467/280/255 137/208/184
f 1455/209/185 674/1064/1017 1419/210/186
f 1368/217/193 135/225/201 1452/218/194
f 1472/223/199 639/1030/980 1414/224/200
f 31/228/204 127/205/181 1350/229/205
f 32/231/207 200/297/272 1350/229/205
f 438/232/208 1364/246/221 134/233/209
f 1364/246/221 446/831/775 1448/247/222
s 3
f 1345/248/223 121/299/274 1349/249/224
s 2
f 30/251/226 125/276/251 1331/252/227
f 467/261/236 1373/271/246 138/211/187
f 1379/263/238 426/808/750 1453/264/239
f 481/268/243 1379/263/238 119/265/240
f 479/270/245 1455/209/185 138/211/187
f 427/275/250 31/228/204 125/276/251
f 1467/280/255 585/978/922 1399/281/256
f 1394/284/259 456/845/789 1464/285/260
s 3
f 1336/287/262 121/299/274 1345/248/223
s 2
f 1394/284/259 139/286/261 1476/289/264
f 488/291/266 1460/328/302 118/292/267
f 30/251/226 549/253/228 1340/294/269
f 31/228/204 567/230/206 1331/252/227
f 465/296/271 1472/223/199 135/225/201
f 32/231/207 126/295/270 1340/294/269
f 139/286/261 1438/303/278 728/302/277
f 1464/285/260 694/1095/1046 1438/303/278
f 1468/234/210 134/233/209 1408/306/281
f 134/233/209 1448/247/222 623/308/283
f 1453/264/239 659/1059/1009 1423/309/284
f 138/211/187 1419/210/186 640/310/285
f 119/265/240 1423/309/284 675/311/286
f 137/208/184 1399/281/256 603/317/292
f 427/275/250 1378/206/182 127/205/181
f 466/318/293 1369/277/252 125/276/251
f 641/319/294 1418/335/309 133/320/251
f 1413/321/295 133/320/251 1424/322/296
f 1460/328/302 709/1101/1053 1428/329/303
f 466/318/293 30/251/226 126/295/270
f 480/204/180 1374/334/308 126/295/270
f 1424/322/296 133/320/251 1418/335/309
f 135/225/201 1414/224/200 657/337/311
f 1384/293/268 118/292/267 1465/339/313
f 118/292/267 1428/329/303 692/341/315
s 4
f 1540/342/316 145/411/317 36/343/317
f 1491/345/319 763/521/475 55/346/320
f 141/348/317 1485/402/370 769/349/322
f 39/354/317 142/384/317 1505/355/326
f 743/357/328 1491/345/319 158/347/321
f 754/359/330 1536/503/457 154/360/331
f 768/362/333 50/424/388 161/363/334
f 38/350/317 140/368/317 1480/365/336
f 1495/367/338 759/499/454 39/354/317
f 1511/371/341 157/437/400 54/372/342
f 1506/374/344 169/431/395 61/375/345
f 1526/381/351 165/391/360 53/382/352
f 142/384/317 37/495/317 778/385/354
f 810/390/359 60/444/407 165/391/360
f 143/392/317 40/492/448 788/393/361
f 815/397/365 1541/395/363 156/396/364
f 821/399/367 1551/407/375 162/400/368
f 36/343/317 753/530/484 1485/402/370
f 1556/403/371 815/397/365 52/398/366
f 826/405/373 1556/403/371 164/404/372
f 1551/407/375 831/2101/1115 1640/408/376
f 41/409/317 820/469/428 1535/410/377
f 169/431/395 1585/433/397 853/432/396
f 54/372/342 883/438/401 1585/433/397
f 157/437/400 1590/439/402 883/438/401
f 53/382/352 893/443/406 1590/439/402
f 165/391/360 1605/445/408 893/443/406
f 60/444/407 916/526/480 1605/445/408
f 154/360/331 48/401/369 925/451/412
f 48/401/369 162/400/368 1630/457/417
f 162/400/368 1640/408/376 937/458/418
f 1486/460/420 754/359/330 49/361/332
f 1546/461/421 826/405/373 56/406/374
f 159/462/422 56/406/374 930/459/419
f 769/349/322 1495/367/338 140/368/317
f 146/468/317 1550/485/441 820/469/428
f 744/344/318 36/343/317 141/348/317
f 779/373/343 54/372/342 169/431/395
f 1521/474/431 793/1135/1087 1644/475/432
f 163/476/433 1644/475/432 898/477/434
f 749/376/346 61/375/345 168/430/394
f 768/362/333 1486/460/420 155/428/392
f 61/375/345 853/432/396 1560/483/439
f 1545/484/440 832/1174/1124 1550/485/441
f 825/486/442 1545/484/440 146/468/317
f 40/492/448 144/508/462 1525/493/449
f 1500/494/450 774/500/455 37/495/317
f 759/499/454 1500/494/450 142/384/317
f 774/500/455 1515/524/478 143/392/317
f 1536/503/457 821/399/367 48/401/369
s 5
f 1706/504/458 175/598/459 62/505/459
s 4
f 144/508/462 1520/511/465 811/509/463
f 1530/510/464 794/1144/1096 1520/511/465
f 1546/461/421 159/462/422 1641/516/470
f 816/518/472 41/409/317 145/411/317
f 159/462/422 1625/463/423 935/519/473
f 789/383/353 53/382/352 157/437/400
f 1555/487/443 146/468/317 41/409/317
f 37/495/317 143/392/317 1510/394/362
f 1481/480/437 168/430/394 55/346/320
f 1521/474/431 163/476/433 60/444/407
f 1515/524/478 784/531/485 40/492/448
f 163/476/433 1600/478/435 916/526/480
f 1490/470/429 141/348/317 38/350/317
f 140/368/317 39/354/317 748/356/327
f 145/411/317 1535/410/377 753/530/484
f 784/531/485 1530/510/464 144/508/462
s 5
f 1657/532/486 972/705/643 81/533/487
f 171/535/459 1651/589/538 978/536/489
f 967/538/490 85/604/550 196/539/491
f 65/541/459 172/571/459 1671/542/493
f 952/544/495 1657/532/486 188/534/488
f 963/546/497 1702/690/628 184/547/498
f 977/549/500 76/611/557 191/550/501
f 64/537/459 170/555/459 1646/552/503
f 1661/554/505 968/686/625 65/541/459
f 1667/540/492 196/539/491 83/556/506
f 1677/558/508 187/624/570 80/559/509
f 1672/561/511 199/618/564 87/562/512
f 982/557/507 83/556/506 190/564/514
f 1682/565/515 190/564/514 84/566/516
f 1692/568/518 195/578/527 79/569/519
f 172/571/459 63/682/621 987/572/521
f 992/567/517 84/566/516 197/573/522
f 1697/574/523 197/573/522 1809/575/524
f 1019/577/526 86/631/577 195/578/527
f 173/579/528 66/679/618 997/580/529
f 1707/582/531 952/544/495 77/545/496
f 1024/584/533 1707/582/531 186/583/532
f 1030/586/535 1717/594/543 192/587/536
f 62/505/459 962/714/652 1651/589/538
f 1722/590/539 1024/584/533 78/585/534
f 1035/592/541 1722/590/539 194/591/540
f 1717/594/543 1040/1240/1195 1806/595/544
f 67/596/459 1029/656/598 1701/597/545
f 188/534/488 81/533/487 1077/599/546
f 71/601/548 1062/711/649 1752/602/549
f 85/604/550 1072/653/596 1746/605/551
f 1086/606/552 69/623/569 180/607/553
f 186/583/532 77/545/496 1057/609/555
f 76/611/557 185/615/561 1731/612/558
f 76/611/557 1082/613/559 1741/614/560
f 185/615/561 75/548/499 1066/616/562
f 198/617/563 1726/670/609 1077/599/546
f 199/618/564 1751/620/566 1061/619/565
f 80/559/509 1091/625/571 1751/620/566
f 83/556/506 1087/683/622 1761/621/567
f 1747/622/568 179/603/548 69/623/569
f 187/624/570 1756/626/572 1091/625/571
f 79/569/519 1101/630/576 1756/626/572
f 84/566/516 1097/709/647 1776/627/573
f 1762/608/554 180/607/553 72/628/574
f 195/578/527 1771/632/578 1101/630/576
f 86/631/577 1124/710/648 1771/632/578
f 197/573/522 1776/627/573 1107/633/579
f 1056/634/580 1737/668/608 178/635/548
f 75/548/499 184/547/498 1781/637/581
f 184/547/498 74/588/537 1133/638/582
f 194/591/540 78/585/534 1129/639/583
f 182/641/548 73/660/548 1128/642/585
f 74/588/537 192/587/536 1796/644/587
f 192/587/536 1806/595/544 1145/645/588
f 82/593/542 194/591/540 1801/640/584
f 1652/647/590 963/546/497 75/548/499
f 1712/648/591 1035/592/541 82/593/542
f 189/649/592 82/593/542 1138/646/589
f 68/636/548 178/635/548 1732/651/594
f 978/536/489 1661/554/505 170/555/459
f 1662/551/502 191/550/501 85/604/550
f 191/550/501 1741/614/560 1072/653/596
f 178/635/548 70/669/548 1081/654/597
f 176/655/459 1716/672/611 1029/656/598
f 953/506/460 62/505/459 171/535/459
f 77/545/496 188/534/488 1736/600/547
f 1134/658/600 1797/677/616 183/659/548
f 988/560/510 80/559/509 199/618/564
f 1687/661/601 1002/2093/2059 1810/662/602
f 193/663/603 1810/662/602 1106/664/604
f 179/603/548 1752/602/549 1092/666/606
f 958/563/513 87/562/512 198/617/563
f 977/549/500 1652/647/590 185/615/561
f 1737/668/608 1076/713/651 70/669/548
f 87/562/512 1061/619/565 1726/670/609
f 1711/671/610 1041/1248/1205 1716/672/611
f 1034/673/612 1711/671/610 176/655/459
f 183/659/548 1792/678/617 1139/675/614
f 1797/677/616 1144/1277/1235 1792/678/617
f 66/679/618 174/692/630 1691/680/619
f 1666/681/620 983/687/626 63/682/621
f 196/539/491 1746/605/551 1087/683/622
f 72/628/574 1102/704/642 1772/684/623
f 968/686/625 1666/681/620 172/571/459
f 983/687/626 1681/708/646 173/579/528
f 177/688/548 1742/689/627 1081/654/597
f 71/601/548 1071/706/644 1742/689/627
f 1702/690/628 1030/586/535 74/588/537
f 68/636/548 182/641/548 1787/643/586
f 1782/691/629 1134/658/600 73/660/548
f 174/692/630 1686/695/633 1020/693/631
f 1696/694/632 1003/1951/1176 1686/695/633
f 1777/696/634 181/685/624 1767/697/635
f 181/685/624 1772/684/623 1123/699/637
f 1712/648/591 189/649/592 1807/700/638
f 1025/702/640 67/596/459 175/598/459
f 78/585/534 186/583/532 1786/610/556
f 189/649/592 1791/650/593 1143/703/641
f 998/570/520 79/569/519 187/624/570
f 1721/674/613 176/655/459 67/596/459
f 73/660/548 183/659/548 1802/676/615
f 180/607/553 1757/707/645 1102/704/642
f 63/682/621 173/579/528 1676/581/530
f 1647/667/607 198/617/563 81/533/487
f 1071/706/644 71/601/548 179/603/548
f 69/623/569 1092/666/606 1757/707/645
f 1687/661/601 193/663/603 86/631/577
f 1681/708/646 993/715/653 66/679/618
f 190/564/514 1761/621/567 1097/709/647
f 193/663/603 1766/665/605 1124/710/648
f 1656/657/599 171/535/459 64/537/459
f 170/555/459 65/541/459 957/543/494
f 1062/711/649 71/601/548 177/688/548
f 1727/712/650 177/688/548 70/669/548
f 175/598/459 1701/597/545 962/714/652
f 993/715/653 1696/694/632 174/692/630
f 1096/629/575 72/628/574 181/685/624
f 1067/652/595 1782/691/629 182/641/548
s 1
f 251/716/654 254/719/657 256/717/655
f 254/719/657 255/730/666 257/720/658
f 256/717/655 257/720/658 258/722/660
f 259/723/661 262/729/665 261/724/662
f 260/726/664 263/736/667 262/727/665
f 262/729/665 257/720/658 255/730/666
f 263/731/667 258/722/660 257/720/658
f 253/48/43 264/1505/670 266/732/668
f 265/733/669 266/732/668 263/736/672
f 266/732/668 267/735/2060 258/737/674
f 288/176/154 291/740/677 293/738/675
f 291/740/677 298/1503/2061 294/741/678
f 292/739/676 293/738/675 305/742/679
f 293/738/675 294/741/678 295/744/681
f 289/745/682 296/748/685 299/746/683
f 296/748/685 297/754/1359 300/749/686
f 299/746/683 300/749/686 295/744/688
f 301/750/689 304/753/692 303/751/690
f 302/743/680 305/742/679 304/753/692
f 304/753/692 300/749/694 297/754/693
f 305/742/679 295/744/681 300/749/694
f 356/136/118 359/1508/697 361/755/695
f 360/760/696 361/759/695 372/761/699
f 361/759/695 362/758/698 363/763/701
f 357/105/93 364/766/704 366/764/702
f 364/766/704 365/771/712 367/767/705
f 366/764/702 367/767/705 363/763/707
f 368/768/709 371/770/711 370/769/710
f 369/762/700 372/761/713 371/770/711
f 371/770/711 367/767/705 365/771/712
f 372/761/713 363/763/707 367/767/705
f 393/178/156 396/774/716 398/772/714
f 396/774/716 397/783/726 399/775/717
f 398/772/714 399/775/717 400/777/719
f 401/778/721 404/782/725 403/779/722
f 402/781/724 405/784/727 404/782/725
f 404/782/725 399/775/728 397/783/726
f 405/784/727 400/777/733 399/775/728
f 395/117/102 406/1501/731 408/785/729
f 407/786/730 408/785/729 405/784/727
f 408/785/729 409/776/732 400/777/733
s 2
f 413/788/734 416/791/737 415/789/735
f 416/791/737 417/2102/744 422/792/738
f 418/793/739 421/797/743 420/794/740
f 419/796/742 417/2103/744 421/797/743
f 421/797/743 416/799/737 414/790/736
f 422/792/738 417/2102/744 424/800/745
f 424/800/745 417/2103/744 419/796/742
s 7
f 431/810/753 432/809/756 429/811/754
f 432/809/756 433/2104/2062 430/813/757
s 12
f 451/832/781 1814/836/774 450/838/773
s 2
f 458/839/782 460/842/2063 459/840/783
s 15
f 459/840/786 460/842/2064 464/843/787
s 2
f 463/848/792 1815/844/1524 464/843/793
f 468/850/795 478/853/798 470/851/796
f 472/857/802 471/2105/801 474/858/803
f 475/862/806 478/864/798 477/863/807
f 478/864/798 471/2105/801 472/857/802
f 491/876/821 494/879/824 493/877/822
f 497/884/828 495/882/826 492/878/823
f 499/888/830 502/890/832 501/889/831
f 500/881/825 494/880/824 502/890/832
f 502/890/832 494/880/824 495/882/826
s 19
f 506/892/833 512/895/2065 507/893/834
s 20
f 506/892/836 1812/901/2066 508/894/837
s 2
f 515/904/846 518/907/849 517/905/847
f 516/906/848 519/909/851 518/907/849
f 518/907/849 529/910/852 526/908/850
s 3
f 514/250/225 520/1531/855 523/911/853
f 520/913/855 521/922/1482 524/914/856
f 522/912/854 523/911/853 519/916/857
s 23
f 523/911/859 524/2106/2067 529/918/860
s 2
f 525/919/862 528/921/864 527/920/863
f 526/908/850 529/910/866 528/921/864
f 528/921/864 524/914/867 521/922/865
f 533/924/868 536/927/871 535/925/869
f 534/926/870 537/929/2068 536/927/871
f 536/927/871 538/930/874 545/928/872
s 3
f 531/288/263 539/933/877 542/931/875
f 539/933/877 540/1525/1478 543/934/878
f 541/932/876 542/931/875 537/935/879
f 542/931/875 543/934/878 538/937/881
s 2
f 544/938/882 547/940/884 546/939/883
f 545/928/872 538/930/874 547/940/884
f 547/940/884 543/943/2069 540/941/885
f 551/944/887 554/947/890 553/945/888
f 552/946/889 555/955/898 554/947/890
f 554/947/890 566/950/893 563/948/891
f 554/947/890 555/955/898 556/949/892
f 557/951/894 560/954/897 559/952/895
f 558/953/896 561/959/902 560/954/897
f 560/954/897 555/955/898 552/946/889
f 560/954/897 561/959/902 556/949/892
f 562/956/899 565/958/901 564/957/900
f 563/948/891 566/950/893 565/958/901
f 565/958/901 561/959/902 558/953/896
f 565/958/901 566/950/893 556/949/892
f 570/960/903 573/963/906 572/961/904
f 571/962/905 574/965/2070 573/963/906
f 573/963/906 575/966/909 582/964/907
s 3
f 568/298/273 576/1515/912 579/967/910
f 576/969/912 577/977/1470 580/970/913
f 578/972/911 579/971/910 574/965/914
f 579/971/910 580/970/913 575/973/916
s 2
f 581/974/917 584/976/919 583/975/918
f 582/964/907 575/966/909 584/976/919
f 584/976/919 580/970/2071 577/977/920
f 585/978/922 588/1639/925 590/979/923
f 589/980/924 590/979/923 602/983/927
f 590/979/923 591/982/926 592/985/929
f 586/307/282 593/988/932 596/986/930
f 593/988/932 594/994/942 597/989/933
f 595/987/934 596/986/2072 591/982/935
f 596/986/930 597/989/933 592/985/937
f 598/990/939 601/993/941 600/991/940
f 599/984/928 602/983/943 601/993/941
f 601/993/941 597/989/944 594/994/942
f 602/983/943 592/985/2073 597/989/944
f 606/995/945 609/998/948 608/996/946
f 607/997/947 610/1008/950 609/998/948
f 609/998/948 620/1001/951 617/999/949
f 611/1002/952 614/1006/955 613/1003/953
f 612/1005/954 615/1007/956 614/1006/955
f 614/1006/955 610/1008/950 607/997/947
f 616/1009/957 619/1011/959 618/1010/958
f 617/999/949 620/1001/951 619/1011/959
f 619/1011/959 615/1007/956 612/1005/954
f 620/1001/951 610/1000/950 615/1007/956
f 621/316/291 624/1014/962 627/1012/960
f 624/1014/962 625/1024/972 628/1015/963
f 626/1013/964 627/1012/960 638/1016/965
f 627/1012/960 628/1015/963 629/1018/967
f 630/1019/968 633/1023/971 632/1020/969
f 631/1022/970 634/1025/973 633/1023/971
f 633/1023/971 628/1015/963 625/1024/972
f 634/1025/973 629/1018/967 628/1015/963
f 623/308/283 635/1621/976 637/1026/974
f 636/1027/975 637/1026/974 634/1025/973
f 637/1026/974 638/1016/977 629/1018/967
f 642/1028/978 645/1032/982 644/1029/979
f 643/1031/981 646/1034/984 645/1032/982
f 645/1032/982 656/1035/985 653/1033/983
f 647/1036/986 650/1039/989 649/1037/987
f 648/1038/988 651/1040/990 650/1039/989
f 650/1039/989 646/1034/984 643/1031/981
f 651/1040/990 656/1045/985 646/1034/984
f 652/1041/991 655/1044/993 654/1042/992
f 653/1033/983 656/1035/985 655/1044/993
f 655/1044/993 651/1040/990 648/1038/988
f 657/337/311 660/1048/996 663/1046/994
f 660/1048/996 661/1058/1008 664/1049/997
s 24
f 663/1046/998 673/1052/1002 671/1050/999
f 663/1046/998 664/1049/2074 665/1051/1001
s 2
f 666/1053/1003 669/1057/1007 668/1054/1004
f 667/1056/1005 664/1063/1015 669/1057/1006
f 669/1057/1007 664/1049/997 661/1058/1008
f 659/1059/1009 670/1062/1581 673/1060/1010
f 672/1061/1011 673/1060/2075 664/1063/1015
f 674/1064/1017 677/1067/1583 679/1065/1018
f 677/1067/1020 684/1629/1585 680/1068/1021
f 678/1066/1019 679/1065/1018 691/1069/1022
f 679/1065/1018 680/1068/1021 681/1071/1024
f 675/311/286 682/1074/1027 685/1072/1025
f 682/1074/1027 683/1080/1033 686/1075/1028
f 685/1072/1025 686/1075/1028 681/1071/1024
f 687/1076/1030 690/1079/1032 689/1077/1031
f 688/1070/1023 691/1069/1022 690/1079/1032
f 690/1079/1032 686/1075/1028 683/1080/1033
f 691/1069/1022 681/1071/1024 686/1075/1028
f 692/341/315 695/1083/1036 697/1081/1034
f 695/1083/1036 696/1092/1044 698/1084/1037
f 697/1081/1034 698/1084/1037 699/1086/1039
f 700/1087/1040 703/1091/1043 702/1088/1041
f 701/1090/1042 704/1094/1045 703/1091/1043
f 703/1091/1043 698/1084/1037 696/1092/1044
f 704/1094/1045 699/1086/1039 698/1084/1037
f 694/1095/1046 705/1635/1049 707/1096/1047
f 706/1097/1048 707/1096/1047 704/1094/1045
f 707/1096/1047 708/1085/1050 699/1086/1039
f 712/1099/1051 715/1103/1055 714/1100/1052
f 713/1102/1054 716/1105/1057 715/1103/1055
f 715/1103/1055 726/1106/1058 723/1104/1056
f 716/1105/1057 721/1111/1063 726/1106/1058
f 717/1107/1059 720/1110/1062 719/1108/1060
f 718/1109/1061 721/1116/1063 720/1110/1062
f 720/1110/1062 716/1105/1057 713/1102/1054
f 722/1112/1064 725/1115/1066 724/1113/1065
f 723/1104/1056 726/1106/1058 725/1115/1066
f 725/1115/1066 721/1116/1063 718/1109/1061
f 727/1117/1067 730/1120/1070 733/1118/1068
f 732/1119/1069 733/1118/1068 738/1122/1072
f 728/302/277 735/1128/1079 733/1126/1077
f 735/1128/1079 736/1134/1086 738/1129/1080
f 739/1130/1082 742/1133/1085 741/1131/1083
f 740/1123/1073 738/1122/1072 742/1133/1084
f 742/1133/1085 738/1129/1080 736/1134/1086
s 4
f 793/1135/1087 796/1138/1090 798/1136/1088
f 796/1138/1090 797/1148/1099 799/1139/1091
f 798/1136/1088 799/1139/1091 800/1141/1093
f 801/1142/1094 804/1146/1098 803/1143/1095
f 802/1145/1097 805/1156/1100 804/1146/1098
f 804/1147/1098 799/1139/1091 797/1148/1099
f 805/1150/1100 800/1141/1093 799/1139/1091
f 795/1151/358 806/2107/1103 808/1152/1101
f 807/1153/1102 808/1152/1101 805/1156/1105
f 808/1152/1101 809/1155/2076 800/1157/1107
f 830/517/471 833/1867/1110 835/1158/1108
f 833/1160/1110 840/2108/2077 836/1161/1111
f 834/1159/1109 835/1158/1108 847/1163/1112
f 835/1162/1108 836/1161/1111 837/1165/1114
f 831/1167/1115 838/1170/1118 841/1168/1116
f 838/1170/1118 839/1177/1728 842/1171/1119
f 841/1168/1116 842/1171/1119 837/1165/1121
f 843/1172/1122 846/1176/1125 845/1173/1123
f 844/1175/1113 847/1166/1112 846/1176/1125
f 846/1176/1125 842/1171/1127 839/1177/1126
f 847/1166/1112 837/1165/1114 842/1171/1127
f 898/477/434 907/1872/1130 902/1178/1128
f 901/1179/1129 902/1178/1128 914/1182/1132
f 902/1178/1128 903/1181/2078 904/1184/1134
f 899/446/409 905/1187/1137 908/1185/1135
f 905/1187/1137 906/1192/1144 909/1188/1138
f 908/1185/1135 909/1188/1138 904/1184/1140
f 910/1189/1141 913/1191/1143 912/1190/1142
f 911/1183/1133 914/1182/1145 913/1191/1143
f 913/1191/1143 909/1188/1138 906/1192/1144
f 914/1182/1145 904/1184/1140 909/1188/1138
f 935/519/473 938/1195/1148 940/1193/1146
f 938/1195/1148 939/1204/1158 941/1196/1149
f 940/1193/1146 941/1196/1149 942/1198/1151
f 943/1199/1153 946/1203/1157 945/1200/1154
f 944/1202/1156 947/1205/1159 946/1203/1157
f 946/1203/1157 941/1196/1160 939/1204/1158
f 947/1205/1159 942/1198/1165 941/1196/1160
f 937/458/418 948/1863/1163 950/1206/1161
f 949/1207/1162 950/1206/1161 947/1205/1159
f 950/1206/1161 951/1197/1164 942/1198/1165
s 5
f 1002/1209/1166 1005/1212/1169 1007/1210/1167
f 1005/1212/1169 1006/1224/1179 1008/1213/1170
f 1007/1215/1167 1008/1227/1170 1009/1217/1172
f 1010/1218/1174 1013/1222/1178 1012/1219/1175
f 1011/1221/1177 1014/1226/1180 1013/1222/1178
f 1013/1223/1178 1008/1213/1170 1006/1224/1179
f 1014/1226/1180 1009/1217/1172 1008/1227/1170
f 1004/576/525 1015/2091/1183 1017/1228/1181
f 1016/1229/1182 1017/1228/1181 1014/1226/1185
f 1017/1228/1181 1018/1216/1184 1009/1217/1187
f 1039/1231/639 1042/2109/1190 1044/1232/1188
f 1043/1233/1189 1044/1232/1188 1055/1237/1192
f 1044/1232/1188 1045/2110/1191 1046/1239/1194
f 1040/1240/1195 1047/1243/1198 1049/1241/1196
f 1047/1243/1198 1048/1251/1946 1050/1244/1199
f 1049/1241/1196 1050/1244/1199 1046/1245/1201
f 1051/1246/1203 1054/1249/1206 1053/1247/1204
f 1052/1238/1193 1055/1237/1192 1054/1249/1206
f 1054/1250/1206 1050/1244/1208 1048/1251/1207
f 1055/1237/1192 1046/1239/1194 1050/1253/1208
f 1106/664/604 1115/2094/1211 1110/1254/1209
f 1109/1255/1210 1110/1254/1209 1122/1258/1213
f 1110/1254/1209 1111/1257/2079 1112/1260/1215
f 1107/633/579 1113/1263/1218 1116/1261/1216
f 1113/1263/1218 1114/1268/1225 1117/1264/1219
f 1116/1261/1216 1117/1264/1219 1112/1260/1221
f 1118/1265/1222 1121/1267/1224 1120/1266/1223
f 1119/1259/1214 1122/1258/1226 1121/1267/1224
f 1121/1267/1224 1117/1264/1219 1114/1268/1225
f 1122/1258/1226 1112/1260/1221 1117/1264/1219
f 1143/703/641 1146/1271/1229 1149/1269/1227
f 1146/1271/1229 1147/1280/1238 1150/1272/1230
f 1149/1269/1227 1150/1272/1230 1151/1274/1232
f 1152/1275/1233 1155/1279/1237 1154/1276/1234
f 1153/1278/1236 1156/1281/1239 1155/1279/1237
f 1155/1279/1237 1150/1272/1240 1147/1280/1238
f 1156/1281/1239 1151/1274/1245 1150/1272/1240
f 1145/645/588 1148/2088/1243 1158/1282/1241
f 1157/1283/1242 1158/1282/1241 1156/1281/1239
f 1158/1282/1241 1159/1273/2080 1151/1274/1245
s 1
f 222/25/22 1160/24/21 1162/1285/1246
f 225/1286/1247 1162/1285/1246 1163/1287/1248
f 224/1288/1250 1163/1287/1255 1164/1289/1251
f 1164/1289/1251 1161/1295/121 221/1291/158
f 1160/24/21 206/15/12 208/1292/1253
f 1162/1285/1246 208/1292/1253 209/1293/1254
f 1163/1287/1255 209/1293/1293 210/1294/1256
f 210/1294/1256 207/1334/31 1161/1295/121
f 1165/1296/55 1167/1299/1258 230/1297/1257
f 1167/1299/1258 1168/1301/1264 229/1300/1259
f 1168/1301/1260 1169/1306/1266 228/1302/1261
f 228/1302/1261 1169/1306/1266 1166/119/104
f 211/1303/167 213/1304/1263 1167/1299/1258
f 213/1304/1263 214/1305/1332 1168/1301/1264
f 214/1305/1265 215/1375/1334 1169/1306/1266
f 1169/1306/1266 215/1375/1334 212/18/15
f 1170/129/113 1172/1308/1268 205/1307/1267
f 1172/1308/1268 1173/1310/1273 204/1309/1269
f 1173/1310/1270 1174/1314/1274 203/1311/1271
f 203/1311/1271 1174/1314/1274 1171/1312/4
f 222/25/22 225/1286/1247 1172/1308/1268
f 225/1286/1247 224/1288/1249 1173/1310/1273
f 224/1288/1250 223/1290/1252 1174/1314/1274
f 1174/1314/1274 223/1290/1252 221/1291/158
f 217/1315/137 1175/1322/23 1177/1316/1275
f 220/1317/1276 1177/1316/1275 1178/1318/1277
f 219/1319/1279 1178/1318/1282 1179/1320/1280
f 1179/1320/1280 1176/23/20 216/10/8
f 1175/1322/23 227/1298/7 230/1297/1257
f 1177/1316/1275 230/1297/1257 229/1300/1259
f 1178/1318/1282 229/1300/1262 228/1302/1261
f 228/1302/1261 226/21/18 1176/23/20
f 232/1323/138 1180/1330/133 1182/1324/1283
f 235/1325/1284 1182/1324/1283 1183/1326/1285
f 234/1327/1287 1183/1326/1290 1184/1328/1288
f 1184/1328/1288 1181/12/10 231/29/25
f 1180/1330/133 217/1315/137 220/1317/1276
f 1182/1324/1283 220/1317/1276 219/1319/1278
f 1183/1326/1290 219/1319/1279 218/1321/1281
f 218/1321/1281 216/10/8 1181/12/10
f 206/15/12 1185/14/11 1187/1331/1291
f 208/1292/1253 1187/1331/1291 1188/1332/1292
f 209/1293/1293 1188/1332/1297 1189/1333/1294
f 1189/1333/1294 1186/1338/29 207/1334/31
f 1185/14/11 236/44/39 238/1335/1295
f 1187/1331/1291 238/1335/1295 239/1336/1296
f 1188/1332/1297 239/1336/1301 240/1337/1298
f 240/1337/1298 237/1342/28 1186/1338/29
f 236/44/39 1190/53/47 1192/1339/1299
f 238/1335/1295 1192/1339/1299 1193/1340/1300
f 239/1336/1301 1193/1340/1305 1194/1341/1302
f 1194/1341/1302 1191/1346/26 237/1342/28
f 1190/53/47 246/52/46 248/1343/1303
f 1192/1339/1299 248/1343/1303 249/1344/1304
f 1193/1340/1305 249/1344/1323 250/1345/1306
f 250/1345/1306 247/1366/38 1191/1346/26
f 242/1347/168 1195/1354/161 1197/1348/1307
f 245/1349/1308 1197/1348/1307 1198/1350/1309
f 244/1351/1311 1198/1350/1314 1199/1352/1312
f 1199/1352/1312 1196/37/33 241/39/35
f 1195/1354/161 232/1323/138 235/1325/1284
f 1197/1348/1307 235/1325/1284 234/1327/1286
f 1198/1350/1314 234/1327/1287 233/1329/1289
f 233/1329/1289 231/29/25 1196/37/33
f 1200/170/148 1202/1356/1316 272/1355/1315
f 1202/1356/1316 1203/1358/1318 271/1357/1317
f 1203/1358/1318 1204/1360/1320 270/1359/1319
f 1204/1360/1320 1201/133/115 268/1361/44
f 252/725/663 261/724/662 1202/1356/1316
f 261/724/662 255/730/666 1203/1358/1318
f 255/730/666 254/719/657 1204/1360/1320
f 254/719/657 251/716/654 1201/133/115
f 246/52/46 1205/152/132 1207/1362/1321
f 248/1343/1303 1207/1362/1325 1208/1363/1322
f 249/1344/1323 1208/1363/1326 1209/1364/1324
f 250/1345/1306 1209/1364/1324 1206/1365/36
f 1205/152/132 269/168/146 272/1355/1315
f 1207/1362/1325 272/1355/1315 271/1357/1317
f 1208/1363/1326 271/1357/1317 270/1359/1319
f 270/1359/1319 268/1361/44 1206/1365/36
f 252/1367/663 1210/1371/147 1212/1368/1327
f 259/728/661 1212/1368/1327 1213/1369/1328
f 260/726/673 1213/1369/1330 1214/1370/1329
f 265/733/669 1214/1370/1329 1211/46/41
f 1210/1371/147 242/1347/168 245/1349/1308
f 1212/1368/1327 245/1349/1308 244/1351/1310
f 1213/1369/1330 244/1351/1311 243/1353/1313
f 1214/1370/1329 243/1353/1313 241/39/35
f 1215/1372/62 1217/1373/1331 213/1304/1263
f 1217/1373/1331 1218/1374/1336 214/1305/1332
f 1218/1374/1333 1219/1379/1338 215/1375/1334
f 215/1375/1334 1219/1379/1338 1216/162/140
f 278/128/112 280/1395/1335 1217/1376/1331
f 280/1377/1335 281/1378/1354 1218/1374/1336
f 281/1378/1337 282/1398/1356 1219/1379/1338
f 1219/1379/1338 282/1398/1356 279/58/52
f 1220/1/1 1222/1381/1340 277/1380/1339
f 1222/1381/1340 1223/1383/1345 276/1382/1341
f 1223/1383/1342 1224/1386/1346 275/1384/1343
f 275/1385/1343 1224/1387/1346 1221/54/48
f 202/3/3 205/1307/1267 1222/1381/1340
f 205/1307/1267 204/1309/1269 1223/1383/1345
f 204/1309/1272 203/1311/1271 1224/1386/1346
f 1224/1387/1346 203/2111/1271 201/16/13
f 290/752/691 1225/1391/124 1227/1388/1347
f 301/750/689 1227/1388/1347 1228/1389/1348
f 302/743/680 1228/1389/1348 1229/1390/1349
f 292/739/676 1229/1390/1349 1226/120/105
f 1225/1391/124 283/2112/126 285/1392/1350
f 1227/1388/1347 285/1392/1350 286/1393/1351
f 1228/1389/1348 286/1393/1351 287/1394/1352
f 1229/1390/1349 287/1394/1352 284/64/58
f 1230/144/125 1232/1401/1353 280/1395/1335
f 1232/1396/1353 1233/1397/1358 281/1378/1354
f 1233/1397/1355 1234/1399/1357 282/1398/1356
f 1234/1399/1357 1231/66/60 279/58/52
f 290/1400/691 303/2113/690 1232/1401/1353
f 303/751/690 297/754/693 1233/1397/1358
f 297/754/1359 296/748/685 1234/1399/1357
f 296/748/685 289/745/682 1231/66/60
f 1235/146/127 1237/1403/1360 285/1402/1350
f 1237/1403/1360 1238/1405/1362 286/1404/1351
f 1238/1405/1361 1239/1407/1363 287/1406/1352
f 287/1394/1352 1239/1408/1363 1236/62/56
f 274/177/155 277/1380/1339 1237/1403/1360
f 277/1380/1339 276/1382/1341 1238/1405/1362
f 276/1382/1344 275/1384/1343 1239/1407/1363
f 275/1385/1343 273/56/50 1236/62/56
f 1240/142/123 1242/1410/1365 330/1409/1364
f 1242/1410/1365 1243/1412/1367 329/1411/1366
f 1243/1412/1367 1244/1414/1369 328/1413/1368
f 1244/1414/1369 1241/189/165 326/190/166
f 311/91/81 313/1415/1370 1242/1410/1365
f 313/1415/1370 314/1416/1371 1243/1412/1367
f 314/1416/1371 315/1417/1372 1244/1414/1369
f 315/1417/1372 312/188/164 1241/189/165
f 332/85/75 1245/84/74 1247/1418/1373
f 335/1419/1374 1247/1418/1373 1248/1420/1375
f 334/1421/1376 1248/1420/1375 1249/1422/1377
f 333/1423/1378 1249/1422/1377 1246/123/108
f 1245/84/74 316/88/78 318/1424/1379
f 1247/1418/1373 318/1424/1379 319/1425/1380
f 1248/1420/1375 319/1425/1380 320/1426/1381
f 1249/1422/1377 320/1426/1381 317/124/109
f 307/81/71 1250/72/64 1252/1427/1382
f 310/1428/1383 1252/1427/1382 1253/1429/1384
f 309/1430/1385 1253/1429/1384 1254/1431/1386
f 308/1432/1387 1254/1431/1386 1251/140/122
f 1250/72/64 327/71/63 330/1409/1364
f 1252/1427/1382 330/1409/1364 329/1411/1366
f 1253/1429/1384 329/1411/1366 328/1413/1368
f 1254/1431/1386 328/1413/1368 326/190/166
f 1255/86/76 1257/1434/1389 325/1433/1388
f 1257/1434/1389 1258/1436/1391 324/1435/1390
f 1258/1436/1391 1259/1438/1393 323/1437/1392
f 1259/1438/1393 1256/161/139 321/181/159
f 332/85/75 335/1419/1374 1257/1434/1389
f 335/1419/1374 334/1421/1376 1258/1436/1391
f 334/1421/1376 333/1423/1378 1259/1438/1393
f 1260/77/68 1262/1440/1395 340/1439/1394
f 1262/1440/1395 1263/1442/1397 339/1441/1396
f 322/125/110 325/1433/1388 1262/1440/1395
f 325/1433/1388 324/1435/1390 1263/1442/1397
f 324/1435/1390 323/1437/1392 1264/1444/1399
f 323/1437/1392 321/181/159 1261/94/84
f 1265/92/82 1267/1445/1400 313/1415/1370
f 1267/1445/1400 1268/1446/1401 314/1416/1371
f 1269/1447/1402 1266/74/66 312/188/164
f 341/97/86 343/1448/1403 1267/1445/1400
f 343/1448/1403 344/1449/1404 1268/1446/1401
f 344/1449/1404 345/1450/1405 1269/1447/1402
f 345/1450/1405 342/138/120 1266/74/66
f 1270/98/87 1272/1451/1406 343/1448/1403
f 1272/1451/1406 1273/1452/1407 344/1449/1404
f 1273/1452/1407 1274/1453/1408 345/1450/1405
f 1274/1453/1408 1271/182/160 342/138/120
f 351/102/90 353/1454/1409 1272/1451/1406
f 353/1454/1409 354/1455/1410 1273/1452/1407
f 354/1455/1410 355/1456/1411 1274/1453/1408
f 1275/93/83 1277/1458/1413 350/1457/1412
f 1277/1458/1413 1278/1460/1415 349/1459/1414
f 1278/1460/1415 1279/1462/1417 348/1461/1416
f 1279/1462/1417 1276/80/70 346/101/89
f 337/155/134 340/1439/1394 1277/1458/1413
f 340/1439/1394 339/1441/1396 1278/1460/1415
f 339/1441/1396 338/1443/1398 1279/1462/1417
f 338/1443/1398 336/78/69 1276/80/70
f 374/187/163 1280/2100/119 1282/1463/1418
f 377/1464/1419 1282/1463/1418 1283/1465/1420
f 376/1466/1421 1283/1465/1420 1284/1467/1422
f 375/1468/1423 1284/1467/1422 1281/172/150
f 1280/137/119 356/136/118 360/756/696
f 1282/1463/1418 360/760/696 369/762/700
f 1283/1465/1420 369/762/700 368/768/709
f 1284/1467/1422 368/768/709 358/173/151
f 1285/104/92 1287/1470/1424 353/1454/1409
f 1287/1470/1424 1288/1471/1425 354/1455/1410
f 1288/1471/1425 1289/1472/1426 355/1456/1411
f 1289/1472/1426 1286/156/135 352/179/157
f 374/187/163 377/1464/1419 1287/1470/1424
f 377/1464/1419 376/1466/1421 1288/1471/1425
f 376/1466/1421 375/1468/1423 1289/1472/1426
f 375/1468/1423 373/174/152 1286/156/135
f 1290/99/88 1292/1473/1427 364/766/704
f 1292/1473/1427 1293/1474/1428 365/771/712
f 1294/1475/1429 1291/171/149 358/173/151
f 347/185/162 350/1457/1412 1292/1473/1427
f 350/1457/1412 349/1459/1414 1293/1474/1428
f 349/1459/1414 348/1461/1416 1294/1475/1429
f 348/1461/1416 346/101/89 1291/171/149
f 316/88/78 1295/109/95 1297/1476/1430
f 318/1424/1379 1297/1476/1430 1298/1477/1431
f 319/1425/1380 1298/1477/1431 1299/1478/1432
f 1295/109/95 383/110/96 385/1479/1433
f 1298/1477/1431 386/1480/1434 387/1481/1435
f 379/111/97 1300/82/72 1302/1482/1436
f 382/1483/1437 1302/1482/1436 1303/1484/1438
f 381/1485/1439 1303/1484/1438 1304/1486/1440
f 380/1487/1441 1304/1486/1440 1301/115/100
f 1300/82/72 307/81/71 310/1428/1383
f 1302/1482/1436 310/1428/1383 309/1430/1385
f 1303/1484/1438 309/1430/1385 308/1432/1387
f 1304/1486/1440 308/1432/1387 306/106/94
f 1305/122/107 1307/1488/1442 396/774/716
f 1307/1488/1442 1308/1489/1443 397/783/726
f 1308/1489/1443 1309/1490/1444 403/779/722
f 1309/1490/1444 1306/150/131 394/780/723
f 388/118/103 390/1491/1445 1307/1488/1442
f 390/1491/1445 391/1492/1446 1308/1489/1443
f 391/1492/1446 392/1493/1447 1309/1490/1444
f 392/1493/1447 389/147/128 1306/150/131
f 383/110/96 1310/116/101 1312/1494/1448
f 385/1479/1433 1312/1494/1448 1313/1495/1449
f 386/1480/1434 1313/1495/1449 1314/1496/1450
f 387/1481/1435 1314/1496/1450 1311/149/130
f 1310/116/101 395/117/102 407/786/730
f 1312/1494/1448 407/786/730 402/781/724
f 1313/1495/1449 402/781/724 401/778/721
f 1314/1496/1450 401/778/721 394/780/723
f 388/118/103 1315/112/98 1317/1497/1451
f 390/1491/1445 1317/1497/1451 1318/1498/1452
f 391/1492/1446 1318/1498/1452 1319/1499/1453
f 392/1493/1447 1319/1499/1453 1316/148/129
f 1315/112/98 379/111/97 382/1483/1437
f 1317/1497/1451 382/1483/1437 381/1485/1439
f 1318/1498/1452 381/1485/1439 380/1487/1441
f 395/117/102 1320/67/61 1322/1500/1454
f 406/773/1455 1322/1504/1459 1321/175/153
f 1320/67/61 289/745/682 298/747/1456
f 1322/1504/1459 291/740/677 288/176/154
f 1323/47/42 1325/1507/1462 264/1505/1460
f 1325/1506/1461 1324/134/116 251/716/654
f 357/105/93 359/765/703 1325/1507/1462
f 359/1508/697 356/136/118 1324/134/116
s 2
f 1326/258/233 548/274/249 553/945/888
f 1331/252/227 1333/1512/1466 557/951/894
f 1333/1512/1466 1334/1514/1468 558/953/896
f 558/953/896 1334/1514/1468 1335/1513/1467
f 567/230/206 572/961/904 1333/1512/1466
f 572/961/904 582/964/907 1334/1514/1468
f 1334/1514/1468 582/964/907 581/974/917
f 1335/1513/1467 581/974/917 569/267/242
s 3
f 1338/1516/1469 1339/1519/1472 577/1517/1470
f 1336/287/262 531/288/263 541/932/876
s 2
f 1339/1518/1471 533/924/868 530/242/217
f 200/297/272 1340/294/269 1342/1521/1474
f 525/919/862 1342/1521/1474 1343/1522/1475
f 1343/1522/1475 1344/1523/1476 517/905/847
f 1340/294/269 549/253/228 559/952/895
f 1342/1521/1474 559/952/895 552/946/889
f 552/946/889 551/944/887 1344/1523/1476
f 551/944/887 548/274/249 1341/273/248
s 3
f 1345/248/223 1347/1524/1477 539/933/877
f 1347/1524/1477 1348/1529/1480 540/1525/1478
f 1345/248/223 514/250/225 522/912/854
f 1347/1524/1477 522/912/854 516/917/858
f 1349/249/224 1351/1534/1481 520/1531/855
f 1351/1532/1481 1352/1535/1485 521/922/1482
s 2
f 1352/1533/1483 1350/229/205 200/297/1484
s 3
f 1349/249/224 568/298/273 578/968/911
f 1351/1532/1481 578/972/911 571/962/915
s 2
f 1352/1533/1483 570/960/903 567/230/206
f 436/207/183 1353/163/141 1355/1536/1486
f 439/1537/1487 1355/1536/1486 1356/1538/1488
f 441/1541/1492 1357/1540/1491 1354/245/220
f 410/165/143 415/789/735 1355/1536/1486
f 415/789/735 422/792/738 1356/1538/1488
f 422/792/738 423/801/746 1357/1540/1491
f 1358/257/232 412/243/218 423/802/746
f 1361/1544/1496 419/796/742 418/793/739
f 1363/313/288 1365/1547/1498 441/1546/1492
f 1365/1547/1498 1366/1548/1500 442/824/1499
f 1366/1548/1500 1367/1549/1502 444/819/1501
f 1367/1549/1502 1364/246/221 438/232/208
f 1366/1548/1500 452/835/1503 451/834/776
f 1367/1549/1502 451/834/776 446/831/775
f 465/296/271 1368/217/193 1370/1551/1504
f 468/850/795 1370/1551/1504 1371/1552/1505
f 469/861/797 1371/1552/1505 1372/1553/1506
f 473/860/804 1372/1553/1506 1369/277/252
f 425/219/195 429/804/748 1370/1551/1504
f 429/804/748 433/807/1507 1371/1552/1505
f 433/807/1507 434/1554/1508 1372/1553/1506
f 434/1554/1508 427/275/250 1369/277/252
f 479/270/245 1373/271/246 1375/1555/1509
f 487/867/1510 1375/1555/1509 1376/1556/1511
f 1816/1557/1512 1376/1556/1511 1377/1558/1513
f 485/1559/1514 1377/1558/1513 1374/334/308
f 467/261/236 477/863/807 1375/1555/1509
f 477/863/807 472/857/802 1376/1556/1511
f 472/857/802 473/859/804 1377/1558/1513
f 473/859/804 466/318/293 1374/334/308
f 1378/206/182 1380/1561/1515 485/1560/1514
f 1380/1561/1515 1381/1562/1517 484/875/1516
f 1381/1562/1517 1382/1563/1519 487/873/1518
f 1382/1563/1519 1379/263/238 481/268/243
f 1378/206/182 427/275/250 434/1564/1508
f 1380/1561/1515 434/1564/1508 433/1565/1520
f 1381/1562/1517 433/1565/1520 432/1566/751
f 1382/1563/1519 432/1566/751 426/808/750
f 1383/255/230 1385/1568/1522 462/1567/1521
f 463/2114/792 462/1567/1521 1815/844/1524
f 462/1567/1521 1385/1568/1522 1815/844/1524
f 1387/1570/1525 1384/293/268 455/340/314
f 1383/255/230 489/278/253 496/886/1526
f 1385/1568/1522 496/886/1526 492/887/823
f 1386/1569/1523 492/887/823 491/876/821
f 1387/1570/1525 491/876/821 488/291/266
f 1390/1571/1527 1391/1572/1528 497/891/828
f 1388/324/298 504/325/299 509/1574/1530
f 1393/338/312 1395/1577/1533 509/1576/1530
f 1396/1578/1535 1397/1579/1536 512/899/841
f 1397/1579/1536 1394/284/259 505/290/265
f 1395/1577/1533 462/1580/1521 463/848/1537
f 1396/1578/1535 463/848/1537 460/849/790
f 1397/1579/1536 460/849/790 456/845/789
f 587/992/305 1398/1584/304 1400/1581/1538
f 598/990/939 1400/1581/1538 1401/1582/1539
f 599/984/928 1401/1582/1539 1402/1583/1540
f 589/980/924 1402/1583/1540 1399/281/256
f 1398/1584/304 604/1004/306 613/1003/953
f 1400/1581/1538 613/1003/953 607/997/947
f 1401/1582/1539 607/997/947 606/995/945
f 606/995/945 603/317/292 1399/281/256
f 1403/305/280 1405/1585/1541 624/1014/962
f 1407/1587/1543 1404/1588/196 622/1021/198
f 1408/306/281 1410/1589/1544 593/988/932
f 1410/1589/1544 1411/1590/1545 594/994/942
f 1411/1590/1545 1412/1591/1546 600/991/940
f 1412/1591/1546 1409/1592/197 587/992/305
f 1408/306/281 623/308/283 636/1027/975
f 1410/1589/1544 636/1027/975 631/1022/970
f 1411/1590/1545 631/1022/970 630/1019/968
f 1412/1591/1546 630/1019/968 622/1021/198
f 1413/1593/295 1415/1594/1547 652/1041/991
f 1415/1594/1547 1416/1595/1548 653/1033/983
f 1416/1595/1548 1417/1596/1549 644/1029/979
f 1417/1596/1549 1414/224/200 639/1030/980
f 658/1055/297 668/1054/1004 1415/1594/1547
f 668/1054/1004 661/1058/1008 1416/1595/1548
f 661/1058/1008 660/1048/996 1417/1596/1549
f 660/1048/996 657/337/311 1414/224/200
f 676/1078/310 1418/1600/309 1420/1597/1550
f 687/1076/1030 1420/1597/1550 1421/1598/1551
f 688/1070/1023 1421/1598/1551 1422/1599/1552
f 678/1066/1019 1422/1599/1552 1419/210/186
f 1418/1600/309 641/1043/294 654/1042/992
f 1420/1597/1550 654/1042/992 648/1038/988
f 1421/1598/1551 648/1038/988 647/1036/986
f 1422/1599/1552 647/1036/986 640/310/285
f 1423/309/284 1425/1601/1553 682/1074/1027
f 1425/1601/1553 1426/1602/1554 683/1080/1033
f 1426/1602/1554 1427/1603/1555 689/1077/1031
f 1427/1603/1555 1424/1604/296 676/1078/310
f 1423/309/284 659/1059/1009 672/1061/1011
f 1425/1601/1553 672/1061/1011 667/1056/1005
f 1426/1602/1554 667/1056/1005 666/1053/1003
f 1427/1603/1555 666/1053/1003 658/1055/297
f 1428/329/303 1430/1605/1556 695/1083/1036
f 1430/1605/1556 1431/1606/1557 696/1092/1044
f 1431/1606/1557 1432/1607/1558 702/1093/1041
f 1432/1607/1558 1429/1608/179 693/1089/189
f 709/1101/1053 714/1100/1052 1430/1605/1556
f 714/1100/1052 723/1104/1056 1431/1606/1557
f 723/1104/1056 722/1112/1064 1432/1607/1558
f 722/1112/1064 711/1114/177 1429/1608/179
f 717/1107/1059 1435/1609/1559 1436/1610/1560
f 1433/200/176 727/1117/1067 732/1119/1069
f 1436/1610/1560 740/1123/1073 739/1130/1082
f 1437/1611/1561 739/1130/1082 729/1132/301
f 1438/303/278 1440/1613/1562 735/1128/1079
f 1440/1613/1562 1441/1614/1563 736/1134/1086
f 1441/1614/1563 1442/1615/1564 741/1131/1083
f 1442/1615/1564 1439/1616/188 729/1132/301
f 1438/303/278 694/1095/1046 706/1097/1048
f 1440/1613/1562 706/1097/1048 701/1090/1042
f 1441/1614/1563 701/1090/1042 700/1087/1040
f 1442/1615/1564 700/1087/1040 693/1089/189
f 1443/164/142 1445/1617/1565 413/788/734
f 1445/1617/1565 1446/1618/1567 414/790/1566
f 1446/1618/1567 1447/1619/1568 420/794/740
f 1447/1619/1568 1444/236/212 411/795/741
f 603/317/292 608/996/946 1445/1617/1565
f 608/996/946 617/999/949 1446/1618/1567
f 617/999/949 616/1009/957 1447/1619/1568
f 616/1009/957 605/304/279 1444/236/212
f 623/308/283 1448/247/222 1450/1620/1569
f 635/1017/966 1450/1623/1571 1451/1622/1570
f 626/1013/961 1451/1622/1573 1449/314/289
f 1448/247/222 446/831/775 453/833/777
f 1450/1623/1571 453/827/1572 448/825/1572
f 1451/1622/1573 448/825/768 445/315/290
f 1452/218/194 1454/1625/1577 428/803/747
f 431/810/752 1454/1624/1579 1453/264/239
f 1452/218/194 657/337/311 662/1047/995
f 670/1062/1581 659/1059/1009 1453/264/239
f 674/1064/1017 1455/209/185 1457/1627/1582
f 677/1067/1020 1457/1627/1587 1458/1628/1584
f 1458/1630/1586 1456/269/244 675/311/286
f 1455/209/185 479/270/245 482/866/809
f 1457/1627/1587 482/866/2081 486/871/1588
f 486/872/816 481/268/243 1456/269/244
f 490/283/258 1459/282/257 1461/1631/1589
f 1461/1631/1589 1462/1632/1591 500/881/1590
f 1462/1632/1591 1463/1633/1592 493/877/822
f 1463/1633/1592 1460/328/302 488/291/266
f 1459/282/257 710/301/276 719/1108/1060
f 1461/1631/1589 719/1108/1060 713/1102/1054
f 713/1102/1054 712/1099/1051 1463/1633/1592
f 712/1099/1051 709/1101/1053 1460/328/302
f 694/1095/1046 1464/285/260 1466/1634/1593
f 1466/1636/1594 1465/339/313 692/341/315
f 1464/285/260 456/845/789 461/847/791
f 458/839/1596 455/340/314 1465/339/313
f 585/978/922 1467/280/255 1469/1638/1597
f 1470/1641/1599 1468/234/210 586/307/282
f 1467/280/255 436/207/183 443/815/1600
f 443/818/1601 438/232/208 1468/234/210
f 1471/262/237 1473/1642/1602 475/862/806
f 1473/1642/1602 1474/1644/1605 476/855/1603
f 476/855/1603 1474/1644/1605 1475/1643/1604
f 1475/1643/1604 1472/223/199 465/296/271
f 640/310/285 649/1037/987 1473/1642/1602
f 1473/1642/1602 649/1037/987 643/1031/981
f 1474/1644/1605 643/1031/981 642/1028/978
f 642/1028/978 639/1030/980 1472/223/199
f 1476/289/264 1478/1646/1611 511/898/840
s 31
f 511/897/1606 1478/1647/1614 1479/1645/1607
s 2
f 1479/1645/1609 1477/199/175 503/196/172
f 728/302/277 737/1127/1078 1478/1646/1611
s 31
f 731/1121/1613 730/1120/2082 1479/1645/1607
s 2
f 1479/1645/1609 730/1120/1070 727/1117/1067
s 4
f 764/366/337 1480/365/336 1482/1648/1615
f 767/1650/1616 1482/1656/1615 1483/1651/1617
f 766/1652/1619 1483/1651/1624 1484/1653/1620
f 1484/1653/1620 1481/480/437 763/521/475
f 1480/365/336 748/356/327 750/1655/1622
f 1482/1656/1615 750/1694/1622 751/1657/1623
f 1483/1651/1624 751/1657/1662 752/1658/1625
f 752/1658/1625 749/376/346 1481/480/437
f 1485/402/370 1487/1660/1627 772/1659/1626
f 1487/1660/1627 1488/1662/1633 771/1661/1628
f 1488/1662/1629 1489/1667/1635 770/1663/1630
f 770/1664/1630 1489/1668/1635 1486/460/420
f 753/530/484 755/1665/1632 1487/1660/1627
f 755/1665/1632 756/1666/1701 1488/1662/1633
f 756/1666/1634 757/1738/1703 1489/1667/1635
f 1489/1668/1635 757/1739/1703 754/359/330
f 1490/470/429 1492/1675/1637 747/1669/1636
f 1492/1670/1637 1493/1673/1642 746/1671/1638
f 1493/1673/1639 1494/1676/1643 745/1674/1640
f 745/1674/1640 1494/1676/1643 1491/345/319
f 764/366/337 767/1649/1616 1492/1675/1637
f 767/1650/1616 766/1652/1618 1493/1673/1642
f 766/1652/1619 765/1654/1621 1494/1676/1643
f 1494/1676/1643 765/1654/1621 763/521/475
f 759/499/454 1495/367/338 1497/1677/1644
f 762/1678/1645 1497/1677/1644 1498/1679/1646
f 761/1680/1648 1498/1679/1651 1499/1681/1649
f 1499/1683/1649 1496/364/335 758/351/323
f 1495/367/338 769/349/322 772/1659/1626
f 1497/1677/1644 772/1659/1626 771/1661/1628
f 1498/1679/1651 771/1661/1631 770/1663/1630
f 770/1664/1630 768/362/333 1496/364/335
f 774/500/455 1500/494/450 1502/1685/1652
f 777/1686/1653 1502/1685/1652 1503/1687/1654
f 776/1688/1656 1503/1687/1659 1504/1689/1657
f 1504/1691/1657 1501/353/325 773/370/340
f 1500/494/450 759/499/454 762/1678/1645
f 1502/1685/1652 762/1678/1645 761/1680/1647
f 1503/1687/1659 761/1680/1648 760/1682/1650
f 760/1684/1650 758/351/323 1501/353/325
f 748/356/327 1505/355/326 1507/1693/1660
f 750/1694/1622 1507/1698/1660 1508/1695/1661
f 751/1657/1662 1508/1695/1666 1509/1696/1663
f 1509/1696/1663 1506/374/344 749/376/346
f 1505/355/326 778/385/354 780/1697/1664
f 1507/1698/1660 780/1703/1664 781/1699/1665
f 1508/1695/1666 781/1699/1670 782/1700/1667
f 782/1700/1667 779/373/343 1506/374/344
f 778/1701/354 1510/1706/362 1512/1702/1668
f 780/1703/1664 1512/1702/1668 1513/1704/1669
f 781/1699/1670 1513/1704/1674 1514/1705/1671
f 1514/1705/1671 1511/371/341 779/373/343
f 1510/1706/362 788/1727/361 790/1707/1672
f 1512/1702/1668 790/1707/1672 791/1708/1673
f 1513/1704/1674 791/1708/1692 792/1709/1675
f 792/1709/1675 789/383/353 1511/371/341
f 784/531/485 1515/524/478 1517/1710/1676
f 787/1711/1677 1517/1710/1676 1518/1712/1678
f 786/1713/1680 1518/1712/1683 1519/1714/1681
f 1519/1714/1681 1516/1717/348 783/1716/350
f 1515/524/478 774/500/455 777/1686/1653
f 1517/1710/1676 777/1686/1653 776/1688/1655
f 1518/1712/1683 776/1688/1656 775/1690/1658
f 775/1690/1658 773/2115/340 1516/1717/348
f 1520/1718/465 1522/1721/1685 814/1719/1684
f 1522/1721/1685 1523/1723/1687 813/1722/1686
f 1523/1723/1687 1524/1725/1689 812/1724/1688
f 1524/1725/1689 1521/474/431 810/390/359
f 794/1726/1096 803/1149/1095 1522/1721/1685
f 803/1149/1095 797/1148/1099 1523/1723/1687
f 797/1148/1099 796/1138/1090 1524/1725/1689
f 796/1138/1090 793/1135/1087 1521/474/431
f 788/1727/361 1525/1731/449 1527/1728/1690
f 790/1707/1672 1527/1728/1694 1528/1729/1691
f 791/1708/1692 1528/1729/1695 1529/1730/1693
f 792/1709/1675 1529/1730/1693 1526/381/351
f 1525/1731/449 811/1720/463 814/1719/1684
f 1527/1728/1694 814/1719/1684 813/1722/1686
f 1528/1729/1695 813/1722/1686 812/1724/1688
f 812/1724/1688 810/390/359 1526/381/351
f 794/1144/1096 1530/510/464 1532/1732/1696
f 801/1142/1094 1532/1732/1696 1533/1733/1697
f 802/1145/1106 1533/1733/1699 1534/1734/1698
f 807/1153/1102 1534/1734/1698 1531/1735/356
f 1530/510/464 784/531/485 787/1711/1677
f 1532/1732/1696 787/1711/1677 786/1713/1679
f 1533/1733/1699 786/1713/1680 785/1715/1682
f 1534/1734/1698 785/1715/1682 783/1716/350
f 1535/410/377 1537/1736/1700 755/1665/1632
f 1537/1736/1700 1538/1737/1705 756/1666/1701
f 1538/1737/1702 1539/1742/1707 757/1738/1703
f 757/1739/1703 1539/1743/1707 1536/503/457
f 820/469/428 822/1740/1704 1537/1736/1700
f 822/1740/1704 823/1741/1723 1538/1737/1705
f 823/1741/1706 824/1762/1725 1539/1742/1707
f 1539/1743/1707 824/1764/1725 821/399/367
f 1540/342/316 1542/1750/1709 819/1744/1708
f 1542/1745/1709 1543/1748/1714 818/1746/1710
f 1543/1748/1711 1544/1751/1715 817/1749/1712
f 817/1749/1712 1544/1751/1715 1541/395/363
f 744/344/318 747/1669/1636 1542/1750/1709
f 747/1672/1636 746/1671/1638 1543/1748/1714
f 746/1671/1641 745/1674/1640 1544/1751/1715
f 1544/1751/1715 745/1674/1640 743/357/328
f 832/1174/1124 1545/484/440 1547/1752/1716
f 843/1753/1122 1547/1757/1716 1548/1754/1717
f 844/1164/1113 1548/1754/1717 1549/1755/1718
f 834/1159/1109 1549/1755/1718 1546/461/421
f 1545/484/440 825/486/442 827/1756/1719
f 1547/1757/1716 827/1768/1719 828/1758/1720
f 1548/1754/1717 828/1758/1720 829/1759/1721
f 1549/1755/1718 829/1759/1721 826/405/373
f 1550/485/441 1552/1760/1722 822/1740/1704
f 1552/1760/1722 1553/1761/1727 823/1741/1723
f 1553/1761/1724 1554/1765/1726 824/1762/1725
f 1554/1763/1726 1551/407/375 821/399/367
f 832/1174/1124 845/1173/1123 1552/1760/1722
f 845/1173/1123 839/1177/1126 1553/1761/1727
f 839/1177/1728 838/1170/1118 1554/1765/1726
f 838/1766/1118 831/2101/1115 1551/407/375
f 1555/487/443 1557/1770/1729 827/1756/1719
f 1557/1767/1729 1558/1769/1731 828/1758/1720
f 1558/1769/1730 1559/1771/1732 829/1759/1721
f 829/1759/1721 1559/1771/1732 1556/403/371
f 816/518/472 819/1744/1708 1557/1770/1729
f 819/1747/1708 818/1746/1710 1558/1769/1731
f 818/1746/1713 817/1749/1712 1559/1771/1732
f 817/1749/1712 815/397/365 1556/403/371
f 1560/483/439 1562/1773/1734 872/1772/1733
f 1562/1773/1734 1563/1775/1736 871/1774/1735
f 1563/1775/1736 1564/1777/1738 870/1776/1737
f 1564/1777/1738 1561/528/482 868/529/483
f 853/432/396 855/1778/1739 1562/1773/1734
f 855/1778/1739 856/1779/1740 1563/1775/1736
f 856/1779/1740 857/1780/1741 1564/1777/1738
f 857/1780/1741 854/527/481 1561/528/482
f 874/426/390 1565/425/389 1567/1781/1742
f 877/1782/1743 1567/1781/1742 1568/1783/1744
f 876/1784/1745 1568/1783/1744 1569/1785/1746
f 875/1786/1747 1569/1785/1746 1566/464/424
f 1565/425/389 858/429/393 860/1787/1748
f 1567/1781/1742 860/1787/1748 861/1788/1749
f 1568/1783/1744 861/1788/1749 862/1789/1750
f 1569/1785/1746 862/1789/1750 859/465/425
f 849/422/386 1570/413/379 1572/1790/1751
f 852/1791/1752 1572/1790/1751 1573/1792/1753
f 850/1795/1756 1574/1794/1755 1571/481/438
f 1570/413/379 869/412/378 872/1772/1733
f 1572/1790/1751 872/1772/1733 871/1774/1735
f 1573/1792/1753 871/1774/1735 870/1776/1737
f 1574/1794/1755 870/1776/1737 868/529/483
f 1575/427/391 1577/1797/1758 867/1796/1757
f 1577/1797/1758 1578/1799/1760 866/1798/1759
f 1578/1799/1760 1579/1801/1762 865/1800/1761
f 1579/1801/1762 1576/502/456 863/522/476
f 874/426/390 877/1782/1743 1577/1797/1758
f 877/1782/1743 876/1784/1745 1578/1799/1760
f 876/1784/1745 875/1786/1747 1579/1801/1762
f 1580/418/383 1582/1803/1764 882/1802/1763
f 1582/1803/1764 1583/1805/1766 881/1804/1765
f 1583/1805/1766 1584/1807/1768 880/1806/1767
f 1584/1807/1768 1581/435/399 878/419/384
f 867/1796/1757 866/1798/1759 1583/1805/1766
f 866/1798/1759 865/1800/1761 1584/1807/1768
f 865/1800/1761 863/522/476 1581/435/399
f 1585/433/397 1587/1808/1769 855/1778/1739
f 1587/1808/1769 1588/1809/1770 856/1779/1740
f 1588/1809/1770 1589/1810/1771 857/1780/1741
f 883/438/401 885/1811/1772 1587/1808/1769
f 885/1811/1772 886/1812/1773 1588/1809/1770
f 886/1812/1773 887/1813/1774 1589/1810/1771
f 887/1813/1774 884/479/436 1586/415/381
f 1590/439/402 1592/1814/1775 885/1811/1772
f 1592/1814/1775 1593/1815/1776 886/1812/1773
f 1593/1815/1776 1594/1816/1777 887/1813/1774
f 1594/1816/1777 1591/523/477 884/479/436
f 893/443/406 895/1817/1778 1592/1814/1775
f 895/1817/1778 896/1818/1779 1593/1815/1776
f 896/1818/1779 897/1819/1780 1594/1816/1777
f 897/1819/1780 894/520/474 1591/523/477
f 1595/434/398 1597/1821/1782 892/1820/1781
f 1597/1821/1782 1598/1823/1784 891/1822/1783
f 1598/1823/1784 1599/1825/1786 890/1824/1785
f 1599/1825/1786 1596/421/385 888/442/405
f 879/496/451 882/1802/1763 1597/1821/1782
f 881/1804/1765 880/1806/1767 1599/1825/1786
f 880/1806/1767 878/419/384 1596/421/385
f 916/526/480 1600/478/435 1602/1826/1787
f 919/1827/1788 1602/1826/1787 1603/1828/1789
f 918/1829/1790 1603/1828/1789 1604/1830/1791
f 917/1831/1792 1604/1830/1791 1601/513/467
f 1600/478/435 898/477/434 901/1179/1129
f 1602/1826/1787 901/1179/1129 911/1183/1133
f 1603/1828/1789 911/1183/1133 910/1189/1141
f 1604/1830/1791 910/1189/1141 900/514/468
f 1605/445/408 1607/1832/1793 895/1817/1778
f 1607/1832/1793 1608/1833/1794 896/1818/1779
f 1608/1833/1794 1609/1834/1795 897/1819/1780
f 1609/1834/1795 1606/497/452 894/520/474
f 916/526/480 919/1827/1788 1607/1832/1793
f 919/1827/1788 918/1829/1790 1608/1833/1794
f 918/1829/1790 917/1831/1792 1609/1834/1795
f 917/1831/1792 915/515/469 1606/497/452
f 1612/1835/1796 1613/1836/1797 906/1192/1144
f 1613/1836/1797 1614/1837/1798 912/1190/1142
f 889/525/479 892/1820/1781 1612/1835/1796
f 892/1820/1781 891/1822/1783 1613/1836/1797
f 891/1822/1783 890/1824/1785 1614/1837/1798
f 890/1824/1785 888/442/405 1611/512/466
f 858/429/393 1615/450/411 1617/1838/1799
f 860/1787/1748 1617/1838/1799 1618/1839/1800
f 861/1788/1749 1618/1839/1800 1619/1840/1801
f 862/1789/1750 1619/1840/1801 1616/507/461
f 1615/450/411 925/451/412 927/1841/1802
f 1619/1840/1801 929/1843/1804 926/471/430
f 921/452/413 1620/423/387 1622/1844/1805
f 924/1845/1806 1622/1844/1805 1623/1846/1807
f 923/1847/1808 1623/1846/1807 1624/1848/1809
f 1620/423/387 849/422/386 852/1791/1752
f 1622/1844/1805 852/1791/1752 851/1793/1754
f 1623/1846/1807 851/1793/1754 850/1795/1756
f 1624/1848/1809 850/1795/1756 848/447/410
f 1625/463/423 1627/1850/1811 938/1195/1148
f 1627/1850/1811 1628/1851/1812 939/1204/1158
f 1628/1851/1812 1629/1852/1813 945/1200/1154
f 1629/1852/1813 1626/491/447 936/1201/1155
f 930/459/419 932/1853/1814 1627/1850/1811
f 932/1853/1814 933/1854/1815 1628/1851/1812
f 933/1854/1815 934/1855/1816 1629/1852/1813
f 934/1855/1816 931/488/444 1626/491/447
f 925/451/412 1630/457/417 1632/1856/1817
f 927/1841/1802 1632/1856/1817 1633/1857/1818
f 928/1842/1803 1633/1857/1818 1634/1858/1819
f 929/1843/1804 1634/1858/1819 1631/490/446
f 1630/457/417 937/458/418 949/1207/1162
f 1632/1856/1817 949/1207/1162 944/1202/1156
f 1633/1857/1818 944/1202/1156 943/1199/1153
f 1634/1858/1819 943/1199/1153 936/1201/1155
f 930/459/419 1635/453/414 1637/1859/1820
f 932/1853/1814 1637/1859/1820 1638/1860/1821
f 933/1854/1815 1638/1860/1821 1639/1861/1822
f 934/1855/1816 1639/1861/1822 1636/489/445
f 1635/453/414 921/452/413 924/1845/1806
f 1637/1859/1820 924/1845/1806 923/1847/1808
f 1638/1860/1821 923/1847/1808 922/1849/1810
f 1639/1861/1822 922/1849/1810 920/455/415
f 937/458/418 1640/408/376 1642/1862/1823
f 948/1194/1824 1642/1868/1827 1641/516/470
f 1640/408/376 831/2101/1115 840/1864/1825
f 1642/1868/1827 833/1867/1110 830/517/471
f 1643/388/357 1645/1871/1831 806/1869/1828
f 1645/1870/1829 1644/475/432 793/1135/1087
f 1643/388/357 899/446/409 907/1186/1136
f 907/1872/1832 898/477/2083 1644/475/432
s 5
f 973/553/504 1646/552/503 1648/1873/1833
f 976/1874/1834 1648/1873/1833 1649/1875/1835
f 975/1876/1837 1649/1875/1842 1650/1877/1838
f 1650/1877/1838 1647/2116/607 972/1879/643
f 1646/552/503 957/543/494 959/1880/1840
f 1648/1873/1833 959/1880/1840 960/1881/1841
f 1649/1875/1842 960/1881/1880 961/1882/1843
f 961/1883/1843 958/563/513 1647/667/607
f 1651/1885/538 1653/1888/1845 981/1886/1844
f 1653/1888/1845 1654/1890/1851 980/1889/1846
f 1654/1890/1847 1655/1895/1853 979/1891/1848
f 979/1891/1848 1655/1895/1853 1652/647/590
f 962/1892/652 964/1893/1850 1653/1888/1845
f 964/1893/1850 965/1894/1919 1654/1890/1851
f 965/1894/1852 966/1965/1921 1655/1895/1853
f 1655/1895/1853 966/1965/1921 963/546/497
f 1656/657/599 1658/1897/1855 956/1896/1854
f 1658/1897/1855 1659/1899/1860 955/1898/1856
f 1659/1899/1857 1660/1903/1861 954/1900/1858
f 954/1900/1858 1660/1903/1861 1657/1901/486
f 973/553/504 976/1874/1834 1658/1897/1855
f 976/1874/1834 975/1876/1836 1659/1899/1860
f 975/1876/1837 974/1878/1839 1660/1903/1861
f 1660/1903/1861 974/1878/1839 972/1879/643
f 968/1904/625 1661/1911/505 1663/1905/1862
f 971/1906/1863 1663/1905/1862 1664/1907/1864
f 970/1908/1866 1664/1907/1869 1665/1909/1867
f 1665/1909/1867 1662/551/502 967/538/490
f 1661/1911/505 978/1887/489 981/1886/1844
f 1663/1905/1862 981/1886/1844 980/1889/1846
f 1664/1907/1869 980/1889/1849 979/1891/1848
f 979/1891/1848 977/549/500 1662/551/502
f 983/1912/626 1666/1919/620 1668/1913/1870
f 986/1914/1871 1668/1913/1870 1669/1915/1872
f 985/1916/1874 1669/1915/1877 1670/1917/1875
f 1670/1917/1875 1667/540/492 982/557/507
f 1666/1919/620 968/1904/625 971/1906/1863
f 1668/1913/1870 971/1906/1863 970/1908/1865
f 1669/1915/1877 970/1908/1866 969/1910/1868
f 969/1910/1868 967/538/490 1667/540/492
f 957/543/494 1671/542/493 1673/1920/1878
f 959/1880/1840 1673/1920/1878 1674/1921/1879
f 960/1881/1880 1674/1921/1884 1675/1922/1881
f 1675/1923/1881 1672/561/511 958/563/513
f 1671/542/493 987/572/521 989/1924/1882
f 1673/1920/1878 989/1924/1882 990/1925/1883
f 1674/1921/1884 990/1925/1888 991/1926/1885
f 991/1927/1885 988/560/510 1672/561/511
f 987/572/521 1676/581/530 1678/1928/1886
f 989/1924/1882 1678/1928/1886 1679/1929/1887
f 990/1925/1888 1679/1929/1892 1680/1930/1889
f 1680/1931/1889 1677/558/508 988/560/510
f 1676/581/530 997/580/529 999/1932/1890
f 1678/1928/1886 999/1932/1890 1000/1933/1891
f 1679/1929/1892 1000/1933/1910 1001/1934/1893
f 1001/1935/1893 998/570/520 1677/558/508
f 993/1936/653 1681/1943/646 1683/1937/1894
f 996/1938/1895 1683/1937/1894 1684/1939/1896
f 995/1940/1898 1684/1939/1901 1685/1941/1899
f 1685/1941/1899 1682/565/515 992/567/517
f 1681/1943/646 983/1912/626 986/1914/1871
f 1683/1937/1894 986/1914/1871 985/1916/1873
f 1684/1939/1901 985/1916/1874 984/1918/1876
f 984/1918/1876 982/557/507 1682/565/515
f 1686/695/633 1688/1945/1903 1023/1944/1902
f 1688/1945/1903 1689/1947/1905 1022/1946/1904
f 1689/1947/1905 1690/1952/1907 1021/1948/1906
f 1690/1949/1907 1687/661/601 1019/577/526
f 1003/1951/1176 1012/1225/1175 1688/1945/1903
f 1012/1225/1175 1006/1224/1179 1689/1947/1905
f 1006/1224/1179 1005/1212/1169 1690/1952/1907
f 1005/1953/1169 1002/2093/2059 1687/661/601
f 997/580/529 1691/680/619 1693/1954/1908
f 999/1932/1890 1693/1954/1912 1694/1955/1909
f 1000/1933/1910 1694/1955/1913 1695/1956/1911
f 1001/1935/1893 1695/1957/1911 1692/568/518
f 1691/680/619 1020/693/631 1023/1944/1902
f 1693/1954/1912 1023/1944/1902 1022/1946/1904
f 1694/1955/1913 1022/1946/1904 1021/1948/1906
f 1021/1950/1906 1019/577/526 1692/568/518
f 1003/1220/1176 1696/1961/632 1698/1958/1914
f 1010/1218/1174 1698/1958/1914 1699/1959/1915
f 1011/1221/1186 1699/1959/1917 1700/1960/1916
f 1016/1229/1182 1700/1960/1916 1697/574/523
f 1696/1961/632 993/1936/653 996/1938/1895
f 1698/1958/1914 996/1938/1895 995/1940/1897
f 1699/1959/1917 995/1940/1898 994/1942/1900
f 1700/1960/1916 994/1942/1900 992/567/517
f 1701/1962/545 1703/1963/1918 964/1893/1850
f 1703/1963/1918 1704/1964/1923 965/1894/1919
f 1704/1964/1920 1705/1969/1925 966/1965/1921
f 966/1965/1921 1705/1969/1925 1702/690/628
f 1029/1966/598 1031/1967/1922 1703/1963/1918
f 1031/1967/1922 1032/1968/1941 1704/1964/1923
f 1032/1968/1924 1033/1989/1943 1705/1969/1925
f 1705/1969/1925 1033/1989/1943 1030/586/535
f 1706/504/458 1708/1971/1927 1028/1970/1926
f 1708/1971/1927 1709/1973/1932 1027/1972/1928
f 1709/1973/1929 1710/1977/1933 1026/1974/1930
f 1026/1974/1930 1710/1977/1933 1707/1975/531
f 953/506/460 956/1896/1854 1708/1971/1927
f 956/1896/1854 955/1898/1856 1709/1973/1932
f 955/1898/1859 954/1900/1858 1710/1977/1933
f 1710/1977/1933 954/1900/1858 952/1902/495
f 1041/1248/1205 1711/671/610 1713/1978/1934
f 1051/1246/1203 1713/1978/1934 1714/1979/1935
f 1052/1238/1193 1714/1979/1935 1715/1980/1936
f 1043/1981/1189 1715/1985/1936 1712/648/591
f 1711/671/610 1034/673/612 1036/1982/1937
f 1713/1978/1934 1036/1982/1937 1037/1983/1938
f 1714/1979/1935 1037/1983/1938 1038/1984/1939
f 1715/1985/1936 1038/2117/1939 1035/592/541
f 1716/1986/611 1718/1987/1940 1031/1967/1922
f 1718/1987/1940 1719/1988/1945 1032/1968/1941
f 1719/1988/1942 1720/1990/1944 1033/1989/1943
f 1720/1990/1944 1717/594/543 1030/586/535
f 1041/1991/1205 1053/1252/1204 1718/1987/1940
f 1053/1252/1204 1048/1251/1207 1719/1988/1945
f 1048/1251/1946 1047/1243/1198 1720/1990/1944
f 1047/1243/1198 1040/1240/1195 1717/594/543
f 1721/674/613 1723/1992/1947 1036/1982/1937
f 1723/1992/1947 1724/1993/1949 1037/1983/1938
f 1724/1993/1948 1725/1996/1950 1038/1984/1939
f 1038/1984/1939 1725/1996/1950 1722/1994/539
f 1025/702/640 1028/1970/1926 1723/1992/1947
f 1028/1970/1926 1027/1972/1928 1724/1993/1949
f 1027/1972/1931 1026/1974/1930 1725/1996/1950
f 1026/1974/1930 1024/1976/533 1722/1994/539
f 1726/670/609 1728/1998/1952 1080/1997/1951
f 1728/1998/1952 1729/2000/1954 1079/1999/1953
f 1729/2000/1954 1730/2002/1956 1078/2001/1955
f 1730/2002/1956 1727/712/650 1076/713/651
f 1061/619/565 1063/2003/1957 1728/1998/1952
f 1063/2003/1957 1064/2004/1958 1729/2000/1954
f 1064/2004/1958 1065/2005/1959 1730/2002/1956
f 1065/2005/1959 1062/711/649 1727/712/650
f 1082/613/559 1731/612/558 1733/2006/1960
f 1085/2007/1961 1733/2006/1960 1734/2008/1962
f 1084/2009/1963 1734/2008/1962 1735/2010/1964
f 1083/2011/1965 1735/2010/1964 1732/651/594
f 1731/612/558 1066/616/562 1068/2012/1966
f 1733/2006/1960 1068/2012/1966 1069/2013/1967
f 1734/2008/1962 1069/2013/1967 1070/2014/1968
f 1735/2010/1964 1070/2014/1968 1067/652/595
f 1057/609/555 1736/600/547 1738/2015/1969
f 1060/2016/1970 1738/2015/1969 1739/2017/1971
f 1059/2018/1972 1739/2017/1971 1740/2019/1973
f 1058/2020/1974 1740/2019/1973 1737/668/608
f 1736/600/547 1077/599/546 1080/1997/1951
f 1738/2015/1969 1080/1997/1951 1079/1999/1953
f 1739/2017/1971 1079/1999/1953 1078/2001/1955
f 1740/2019/1973 1078/2001/1955 1076/713/651
f 1741/614/560 1743/2022/1976 1075/2021/1975
f 1743/2022/1976 1744/2024/1978 1074/2023/1977
f 1744/2024/1978 1745/2026/1980 1073/2025/1979
f 1745/2026/1980 1742/689/627 1071/706/644
f 1082/613/559 1085/2007/1961 1743/2022/1976
f 1085/2007/1961 1084/2009/1963 1744/2024/1978
f 1084/2009/1963 1083/2011/1965 1745/2026/1980
f 1083/2011/1965 1081/654/597 1742/689/627
f 1746/605/551 1748/2028/1982 1090/2027/1981
f 1748/2028/1982 1749/2030/1984 1089/2029/1983
f 1749/2030/1984 1750/2032/1986 1088/2031/1985
f 1750/2032/1986 1747/622/568 1086/606/552
f 1072/653/596 1075/2021/1975 1748/2028/1982
f 1075/2021/1975 1074/2023/1977 1749/2030/1984
f 1074/2023/1977 1073/2025/1979 1750/2032/1986
f 1073/2025/1979 1071/706/644 1747/622/568
f 1751/620/566 1753/2033/1987 1063/2003/1957
f 1753/2033/1987 1754/2034/1988 1064/2004/1958
f 1754/2034/1988 1755/2035/1989 1065/2005/1959
f 1755/2035/1989 1752/602/549 1062/711/649
f 1091/625/571 1093/2036/1990 1753/2033/1987
f 1093/2036/1990 1094/2037/1991 1754/2034/1988
f 1094/2037/1991 1095/2038/1992 1755/2035/1989
f 1095/2038/1992 1092/666/606 1752/602/549
f 1756/626/572 1758/2039/1993 1093/2036/1990
f 1758/2039/1993 1759/2040/1994 1094/2037/1991
f 1759/2040/1994 1760/2041/1995 1095/2038/1992
f 1760/2041/1995 1757/707/645 1092/666/606
f 1101/630/576 1103/2042/1996 1758/2039/1993
f 1103/2042/1996 1104/2043/1997 1759/2040/1994
f 1104/2043/1997 1105/2044/1998 1760/2041/1995
f 1105/2044/1998 1102/704/642 1757/707/645
f 1761/621/567 1763/2046/2000 1100/2045/1999
f 1763/2046/2000 1764/2048/2002 1099/2047/2001
f 1764/2048/2002 1765/2050/2004 1098/2049/2003
f 1765/2050/2004 1762/608/554 1096/629/575
f 1087/683/622 1090/2027/1981 1763/2046/2000
f 1090/2027/1981 1089/2029/1983 1764/2048/2002
f 1089/2029/1983 1088/2031/1985 1765/2050/2004
f 1088/2031/1985 1086/606/552 1762/608/554
f 1124/710/648 1766/665/605 1768/2051/2005
f 1127/2052/2006 1768/2051/2005 1769/2053/2007
f 1126/2054/2008 1769/2053/2007 1770/2055/2009
f 1125/2056/2010 1770/2055/2009 1767/697/635
f 1766/665/605 1106/664/604 1109/1255/1210
f 1768/2051/2005 1109/1255/1210 1119/1259/1214
f 1769/2053/2007 1119/1259/1214 1118/1265/1222
f 1770/2055/2009 1118/1265/1222 1108/698/636
f 1771/632/578 1773/2057/2011 1103/2042/1996
f 1773/2057/2011 1774/2058/2012 1104/2043/1997
f 1774/2058/2012 1775/2059/2013 1105/2044/1998
f 1775/2059/2013 1772/684/623 1102/704/642
f 1124/710/648 1127/2052/2006 1773/2057/2011
f 1127/2052/2006 1126/2054/2008 1774/2058/2012
f 1126/2054/2008 1125/2056/2010 1775/2059/2013
f 1125/2056/2010 1123/699/637 1772/684/623
f 1776/627/573 1778/2060/2014 1113/1263/1218
f 1778/2060/2014 1779/2061/2015 1114/1268/1225
f 1779/2061/2015 1780/2062/2016 1120/1266/1223
f 1780/2062/2016 1777/696/634 1108/698/636
f 1097/709/647 1100/2045/1999 1778/2060/2014
f 1100/2045/1999 1099/2047/2001 1779/2061/2015
f 1099/2047/2001 1098/2049/2003 1780/2062/2016
f 1098/2049/2003 1096/629/575 1777/696/634
f 1066/616/562 1781/637/581 1783/2063/2017
f 1068/2012/1966 1783/2063/2017 1784/2064/2018
f 1069/2013/1967 1784/2064/2018 1785/2065/2019
f 1070/2014/1968 1785/2065/2019 1782/691/629
f 1781/637/581 1133/638/582 1135/2066/2020
f 1783/2063/2017 1135/2066/2020 1136/2067/2021
f 1784/2064/2018 1136/2067/2021 1137/2068/2022
f 1785/2065/2019 1137/2068/2022 1134/658/600
f 1129/639/583 1786/610/556 1788/2069/2023
f 1132/2070/2024 1788/2069/2023 1789/2071/2025
f 1131/2072/2026 1789/2071/2025 1790/2073/2027
f 1130/2074/2028 1790/2073/2027 1787/643/586
f 1786/610/556 1057/609/555 1060/2016/1970
f 1788/2069/2023 1060/2016/1970 1059/2018/1972
f 1789/2071/2025 1059/2018/1972 1058/2020/1974
f 1790/2073/2027 1058/2020/1974 1056/634/580
f 1791/650/593 1793/2075/2029 1146/1271/1229
f 1793/2075/2029 1794/2076/2030 1147/1280/1238
f 1794/2076/2030 1795/2077/2031 1154/1276/1234
f 1795/2077/2031 1792/678/617 1144/1277/1235
f 1138/646/589 1140/2078/2032 1793/2075/2029
f 1140/2078/2032 1141/2079/2033 1794/2076/2030
f 1141/2079/2033 1142/2080/2034 1795/2077/2031
f 1142/2080/2034 1139/675/614 1792/678/617
f 1133/638/582 1796/644/587 1798/2081/2035
f 1135/2066/2020 1798/2081/2035 1799/2082/2036
f 1136/2067/2021 1799/2082/2036 1800/2083/2037
f 1137/2068/2022 1800/2083/2037 1797/677/616
f 1796/644/587 1145/645/588 1157/1283/1242
f 1798/2081/2035 1157/1283/1242 1153/1278/1236
f 1799/2082/2036 1153/1278/1236 1152/1275/1233
f 1800/2083/2037 1152/1275/1233 1144/1277/1235
f 1138/646/589 1801/640/584 1803/2084/2038
f 1140/2078/2032 1803/2084/2038 1804/2085/2039
f 1141/2079/2033 1804/2085/2039 1805/2086/2040
f 1142/2080/2034 1805/2086/2040 1802/676/615
f 1801/640/584 1129/639/583 1132/2070/2024
f 1803/2084/2038 1132/2070/2024 1131/2072/2026
f 1804/2085/2039 1131/2072/2026 1130/2074/2028
f 1805/2086/2040 1130/2074/2028 1128/642/585
f 1145/645/588 1806/595/544 1808/2087/2041
f 1148/1270/1228 1808/2089/2043 1807/700/638
f 1806/595/544 1040/1240/1195 1042/1242/2042
f 1808/2089/2043 1042/2118/1190 1039/701/639
f 1004/576/525 1809/575/524 1811/2090/2044
s 33
f 1811/2092/2045 1810/662/2049 1002/2093/2046
s 5
f 1809/575/524 1107/633/579 1115/1262/1217
s 33
f 1115/2094/2048 1106/664/2084 1810/662/2049
s 8
f 444/822/765 439/821/759 440/817/2052
