# Blender 5.2.2 LTS
# www.blender.org
mtllib HoloEsq3.mtl
g Triángulo1BD_Holocron.002
v -5.061075 -2.912168 -3.756559
v -5.054068 -4.040630 -2.506708
v -5.059477 -3.347588 -3.372562
v -5.057047 -3.729909 -2.944056
v -5.049986 -4.315390 -1.992384
v -5.063757 -2.360165 -4.123272
v -5.172693 -2.907701 -3.751351
v -5.165682 -4.036163 -2.501501
v -5.171091 -3.343121 -3.367354
v -5.168661 -3.725440 -2.938848
v -5.161600 -4.310924 -1.987175
v -5.175375 -2.355698 -4.118065
v -5.118868 -2.143083 -3.996469
v -5.114256 -2.764341 -3.601295
v -5.112661 -3.199993 -3.217544
v -5.119513 -3.055529 -3.906616
v -5.120260 -2.572781 -4.244869
v -5.108877 -4.435052 -2.195194
v -5.112505 -4.184059 -2.656836
v -5.117910 -3.490714 -3.522372
v -5.107244 -3.892734 -2.351374
v -5.102705 -4.191262 -1.784363
v -5.110224 -3.582087 -2.788800
v -5.104540 -4.651216 -1.689491
v -5.115480 -3.873261 -3.094104
v -5.243074 -4.846097 -0.365607
v -5.227663 -4.917539 -4.746043
v -5.205042 -0.519421 -4.830873
v -4.990057 -4.924675 -4.990759
v -0.580427 -4.950812 -5.041316
v -4.967394 -0.517960 -5.079943
v -4.989332 -5.158558 -4.747056
v -4.973959 -5.100898 -0.345988
v -0.571772 -5.186829 -4.796765
v -3.968649 -4.984014 -2.695128
v -2.778639 -5.026604 -3.885783
v -3.607615 -4.999692 -3.149501
v -3.199389 -5.014161 -3.553153
v -2.279154 -5.038571 -4.186469
v -4.304716 -4.965093 -2.126084
v -3.965197 -5.095574 -2.688263
v -2.775183 -5.138164 -3.878919
v -3.604162 -5.111254 -3.142636
v -3.195936 -5.125723 -3.546287
v -2.275698 -5.150132 -4.179603
v -4.301264 -5.076653 -2.119219
v -4.169603 -5.015552 -1.915256
v -3.806944 -5.036708 -2.554191
v -3.446169 -5.052394 -3.008786
v -4.126902 -5.042884 -2.829200
v -4.436373 -5.026195 -2.330047
v -2.488867 -5.096354 -4.294173
v -2.936964 -5.085472 -4.019921
v -3.765608 -5.058556 -3.283352
v -4.722834 -5.007512 -1.758773
v -2.616861 -5.079294 -3.744783
v -2.065981 -5.092350 -4.071898
v -3.037695 -5.066854 -3.412222
v -1.994967 -5.106555 -4.535918
v -3.357630 -5.073030 -3.687216
v -2.894537 -3.951514 -4.933634
v -4.076200 -2.751855 -4.923746
v -3.345961 -3.586483 -4.937500
v -3.746538 -3.175006 -4.933756
v -4.375845 -2.243600 -4.914776
v -2.328577 -4.292972 -4.919265
v -2.882658 -3.938331 -5.044042
v -4.064322 -2.738674 -5.034155
v -3.334082 -3.573303 -5.047909
v -3.734659 -3.161821 -5.044165
v -4.363966 -2.230415 -5.025185
v -2.316698 -4.279791 -5.029674
v -2.115034 -4.155823 -4.948235
v -2.750582 -3.787061 -4.965573
v -3.202230 -3.422285 -4.969477
v -3.026613 -4.102784 -5.012103
v -2.530241 -4.416941 -5.000704
v -4.489027 -2.453469 -4.985670
v -4.208338 -2.903202 -5.002226
v -3.477816 -3.737502 -5.015933
v -1.961802 -4.708984 -4.982099
v -3.932180 -2.587329 -4.955677
v -4.250780 -2.020547 -4.954287
v -3.602594 -3.010559 -4.965695
v -3.878607 -3.326265 -5.012225
v -5.058344 -3.546933 -3.161316
v -5.060385 -3.135159 -3.571485
v -5.055624 -3.894008 -2.726437
v -5.052294 -4.175198 -2.274504
v -5.046900 -4.476298 -1.631350
v -5.061792 -2.670487 -3.932383
v -5.067957 -1.941614 -4.349912
v -5.169962 -3.542466 -3.156107
v -5.172003 -3.130692 -3.566277
v -5.167238 -3.889543 -2.721229
v -5.163908 -4.170731 -2.269296
v -5.158514 -4.471833 -1.626142
v -5.173410 -2.666022 -3.927175
v -5.179571 -1.937147 -4.344704
v -5.115213 -2.513945 -3.780615
v -5.113569 -2.987477 -3.416374
v -5.119989 -2.822565 -4.078943
v -5.110788 -4.315656 -2.431216
v -5.118822 -3.278375 -3.721388
v -5.129313 -1.456302 -4.596105
v -5.105413 -4.030272 -2.112583
v -5.111528 -3.399254 -3.006209
v -5.127180 -1.577528 -4.283756
v -5.099165 -4.648157 -1.220652
v -5.120348 -2.301232 -4.410858
v -5.106764 -4.545454 -1.946117
v -5.108801 -3.746123 -2.571112
v -5.098650 -4.402677 -1.311375
v -5.116781 -3.690144 -3.311214
v -5.114061 -4.037430 -2.876554
v -4.725920 -5.079144 -2.662327
v -2.906649 -2.853247 -5.006800
v -5.167963 -2.839086 -4.542276
v -3.505251 -3.440440 -3.339644
v -5.235369 -4.881819 -2.555825
v -5.216352 -2.718481 -4.788456
v -5.224058 -2.682758 -2.598238
v -2.785242 -4.937744 -5.016037
v -4.978724 -2.721319 -5.035353
v -2.773909 -2.734387 -5.060629
v -4.981646 -5.129729 -2.546523
v -2.780554 -5.172695 -4.771910
v -2.772867 -5.143864 -2.571377
v -3.507921 -5.044956 -3.296994
v -5.109018 -3.426429 -3.309208
v -3.517179 -3.463596 -4.938471
v -5.162416 -2.802382 -2.708502
v -2.914846 -4.696588 -4.971165
v -2.909834 -5.119615 -4.531954
v -5.170568 -4.637092 -2.675125
v -4.739920 -2.843640 -4.985682
v -2.888842 -5.090894 -2.683001
v -3.406927 -5.007143 -3.359343
v -3.795321 -4.991958 -2.927232
v -2.990519 -5.020630 -3.728138
v -2.553675 -5.032317 -4.032037
v -1.926886 -5.046019 -4.365630
v -4.131563 -4.975602 -2.444947
v -4.505873 -4.951186 -1.698370
v -3.403475 -5.118705 -3.352479
v -3.791864 -5.103518 -2.920366
v -2.987062 -5.132191 -3.721274
v -2.550222 -5.143880 -4.025172
v -1.923433 -5.157582 -4.358764
v -4.128111 -5.087163 -2.438081
v -4.502420 -5.062747 -1.691506
v -3.973120 -5.028015 -2.295218
v -3.633776 -5.044652 -2.786432
v -4.286554 -5.034751 -2.587810
v -2.718424 -5.091052 -4.162867
v -3.953409 -5.050820 -3.061166
v -4.722834 -4.991029 -1.202290
v -2.385473 -5.085145 -3.894338
v -3.245386 -5.059840 -3.218548
v -4.427446 -4.996902 -1.339180
v -1.526571 -5.109985 -4.556937
v -4.580843 -5.017033 -2.050696
v -2.245806 -5.101494 -4.417168
v -2.828749 -5.073320 -3.587147
v -1.604509 -5.102108 -4.307225
v -3.565012 -5.066008 -3.493273
v -3.148832 -5.079500 -3.862266
v -3.554266 -3.384066 -4.936500
v -3.125193 -3.776106 -4.936520
v -3.920027 -2.964831 -4.929514
v -4.221220 -2.525101 -4.917297
v -4.557573 -1.875583 -4.920011
v -2.645788 -4.116748 -4.928563
v -1.902918 -4.498357 -4.904242
v -3.542387 -3.370883 -5.046908
v -3.113314 -3.762923 -5.046927
v -3.908148 -2.951646 -5.039922
v -4.209341 -2.511917 -5.027706
v -4.545694 -1.862400 -5.030418
v -2.633909 -4.103565 -5.038970
v -1.891039 -4.485172 -5.014653
v -2.493082 -3.955645 -4.960120
v -2.981375 -3.611812 -4.968483
v -2.786619 -4.264668 -5.007411
v -4.350988 -2.683760 -4.994829
v -3.257128 -3.927220 -5.014966
v -1.406626 -4.715364 -4.941079
v -4.079569 -2.353255 -4.950174
v -3.410456 -3.219778 -4.968462
v -1.541655 -4.419405 -4.926928
v -4.750360 -1.449377 -4.985187
v -2.252298 -4.564123 -4.991967
v -4.630476 -2.209817 -4.974791
v -3.776018 -2.800313 -4.961443
v -4.472788 -1.528165 -4.975636
v -3.686197 -3.535174 -5.014946
v -4.052156 -3.116165 -5.007992
v -5.201616 -0.041683 -5.082985
v -5.202734 -0.043283 -5.082342
v -5.199987 -0.040964 -5.083857
v -5.200865 -0.041687 -5.082243
v -5.067823 -3.073649 -3.925860
v -5.063963 -3.071983 -3.924132
v -5.066362 -3.073932 -3.926164
v -5.065115 -3.073715 -3.925941
v -5.064272 -3.073031 -3.925228
v -5.059931 -3.889693 -3.111595
v -5.063807 -3.891376 -3.113342
v -5.060244 -3.890747 -3.112700
v -5.061090 -3.891438 -3.113420
v -5.062342 -3.891659 -3.113645
v -5.058191 -2.752373 -3.589010
v -5.062124 -2.750416 -3.586939
v -5.058474 -2.751299 -3.587881
v -5.059320 -2.750548 -3.587092
v -5.060602 -2.750239 -3.586761
v -5.058096 -3.568167 -2.774447
v -5.054163 -3.570126 -2.776522
v -5.056574 -3.567988 -2.774266
v -5.055292 -3.568299 -2.774599
v -5.054445 -3.569050 -2.775390
v -5.066225 -3.508834 -3.541614
v -5.062357 -3.507169 -3.539886
v -5.064764 -3.509114 -3.541916
v -5.063513 -3.508898 -3.541696
v -5.062670 -3.508213 -3.540982
v -5.060530 -3.186072 -3.203189
v -5.056597 -3.188020 -3.205250
v -5.059008 -3.185894 -3.203009
v -5.057726 -3.186201 -3.203337
v -5.056879 -3.186947 -3.204125
v -5.055124 -3.878814 -2.337021
v -5.051180 -3.880807 -2.339129
v -5.053598 -3.878639 -2.336844
v -5.052313 -3.878955 -2.337183
v -5.051466 -3.879716 -2.337984
v -5.056952 -4.200454 -2.674289
v -5.060846 -4.202167 -2.676069
v -5.057268 -4.201522 -2.675408
v -5.058115 -4.202220 -2.676139
v -5.059374 -4.202449 -2.676371
v -5.050589 -4.177343 -1.770012
v -5.046652 -4.178895 -1.773120
v -5.049063 -4.177134 -1.769911
v -5.047777 -4.177356 -1.770466
v -5.046930 -4.177974 -1.771593
v -5.053320 -4.451887 -2.211650
v -5.057245 -4.453154 -2.214419
v -5.053637 -4.452787 -2.213150
v -5.054495 -4.453341 -2.214203
v -5.055761 -4.453472 -2.214648
v -5.041754 -4.631371 -0.741898
v -5.037867 -4.626612 -0.754698
v -5.041719 -4.629470 -0.741412
v -5.040251 -4.630773 -0.744777
v -5.038984 -4.629658 -0.748221
v -5.041998 -4.631242 -0.740575
v -5.040392 -4.630477 -0.742563
v -5.039141 -4.629557 -0.744814
v -5.039526 -4.629371 -0.743332
v -5.038130 -4.626444 -0.751431
v -5.038954 -4.626927 -0.747759
v -5.038149 -4.628199 -0.751704
v -5.038542 -4.628181 -0.747811
v -5.039129 -4.628396 -0.744617
v -5.041979 -4.630211 -0.740312
v -5.040216 -4.627990 -0.744240
v -5.040377 -4.629169 -0.742308
v -5.040472 -4.630074 -0.741258
v -5.052935 -4.669306 -1.708704
v -5.049013 -4.666400 -1.710019
v -5.051443 -4.669503 -1.709248
v -5.050173 -4.669020 -1.709689
v -5.049318 -4.667931 -1.709959
v -5.068575 -2.590902 -4.264113
v -5.064745 -2.588203 -4.263059
v -5.067114 -2.591103 -4.264469
v -5.065874 -2.590664 -4.264391
v -5.065042 -2.589644 -4.263897
v -5.062769 -2.132240 -3.983558
v -5.066740 -2.129162 -3.982113
v -5.063066 -2.130735 -3.982666
v -5.063925 -2.129621 -3.982081
v -5.065218 -2.129069 -3.981886
v -5.068918 -2.030582 -4.596769
v -5.064962 -2.035557 -4.594002
v -5.068647 -2.038851 -4.594675
v -5.067381 -2.031715 -4.597015
v -5.066092 -2.033058 -4.596578
v -5.068987 -2.032555 -4.596569
v -5.067446 -2.033577 -4.596708
v -5.066233 -2.034516 -4.596613
v -5.066580 -2.035494 -4.596428
v -5.065207 -2.036766 -4.594963
v -5.065992 -2.037817 -4.595429
v -5.065241 -2.034408 -4.595518
v -5.065634 -2.035614 -4.595909
v -5.066187 -2.036585 -4.596115
v -5.068842 -2.037028 -4.595436
v -5.068960 -2.034818 -4.596098
v -5.067202 -2.038549 -4.595329
v -5.067358 -2.036886 -4.595890
v -5.086199 -0.886053 -4.600277
v -5.086100 -0.885494 -4.598386
v -5.081892 -0.898724 -4.594881
v -5.086405 -0.884718 -4.600189
v -5.084581 -0.888952 -4.599521
v -5.084749 -0.886719 -4.599310
v -5.084837 -0.885393 -4.598961
v -5.083849 -0.887455 -4.598154
v -5.084524 -0.888273 -4.596765
v -5.083170 -0.891761 -4.595529
v -5.086351 -0.884416 -4.599163
v -5.084719 -0.886396 -4.598017
v -5.083422 -0.888697 -4.597126
v -5.082251 -0.895809 -4.596600
v -5.083197 -0.892376 -4.598228
v -5.082243 -0.895431 -4.594868
v -5.082754 -0.891897 -4.596764
v -5.083437 -0.888958 -4.598272
v -5.174955 -3.033069 -3.882803
v -5.171183 -3.037414 -3.887379
v -5.174685 -3.034323 -3.884119
v -5.173872 -3.035588 -3.885449
v -5.172644 -3.036674 -3.886593
v -5.167154 -3.855146 -3.074867
v -5.170923 -3.850781 -3.070270
v -5.168612 -3.854404 -3.074080
v -5.169840 -3.853311 -3.072930
v -5.170652 -3.852040 -3.071593
v -5.166384 -2.778263 -3.615650
v -5.170427 -2.782355 -3.619921
v -5.167917 -2.778902 -3.616312
v -5.169222 -2.779903 -3.617356
v -5.170103 -2.781115 -3.618623
v -5.166399 -3.600106 -2.807430
v -5.162352 -3.596012 -2.803154
v -5.166071 -3.598864 -2.806131
v -5.165190 -3.597652 -2.804861
v -5.163881 -3.596649 -2.803817
v -5.173349 -3.468255 -3.498560
v -5.169584 -3.472600 -3.503134
v -5.173082 -3.469507 -3.499874
v -5.172270 -3.470771 -3.501204
v -5.171041 -3.471858 -3.502348
v -5.168833 -3.217998 -3.236159
v -5.164793 -3.213917 -3.231898
v -5.168509 -3.216762 -3.234865
v -5.167627 -3.215553 -3.233602
v -5.166323 -3.214556 -3.232559
v -5.163416 -3.910786 -2.370039
v -5.159365 -3.906654 -2.365726
v -5.163092 -3.909532 -2.368726
v -5.162207 -3.908306 -2.367445
v -5.160898 -3.907296 -2.366392
v -5.164160 -4.165951 -2.637604
v -5.167944 -4.161540 -2.632962
v -5.165628 -4.165202 -2.636811
v -5.166861 -4.164100 -2.635652
v -5.167673 -4.162815 -2.634300
v -5.158888 -4.208749 -1.804287
v -5.154821 -4.205181 -1.798714
v -5.158560 -4.207711 -1.802492
v -5.157671 -4.206670 -1.800803
v -5.156355 -4.205779 -1.799476
v -5.160517 -4.416949 -2.175970
v -5.164309 -4.413102 -2.170068
v -5.161989 -4.416242 -2.175081
v -5.163225 -4.415263 -2.173647
v -5.164042 -4.414161 -2.171886
v -5.145941 -4.658875 -0.770565
v -5.145945 -4.657309 -0.770111
v -5.150129 -4.655148 -0.788894
v -5.146181 -4.658869 -0.769249
v -5.147520 -4.658845 -0.774701
v -5.147554 -4.658711 -0.772436
v -5.147562 -4.658441 -0.771069
v -5.148352 -4.658024 -0.773978
v -5.147512 -4.656406 -0.774340
v -5.148859 -4.655681 -0.779393
v -5.147554 -4.657570 -0.772261
v -5.148684 -4.657197 -0.775715
v -5.149790 -4.656829 -0.784618
v -5.148870 -4.658127 -0.779634
v -5.149778 -4.655237 -0.784504
v -5.149294 -4.656974 -0.779819
v -5.148691 -4.658234 -0.775820
v -5.160006 -4.627500 -1.668747
v -5.156149 -4.633121 -1.670276
v -5.159719 -4.629234 -1.668888
v -5.158888 -4.630912 -1.669229
v -5.157633 -4.632277 -1.669717
v -5.175749 -2.549034 -4.221901
v -5.171919 -2.554674 -4.225637
v -5.175459 -2.550779 -4.222893
v -5.174631 -2.552462 -4.223950
v -5.173388 -2.553831 -4.224915
v -5.171000 -2.157006 -4.010824
v -5.174997 -2.162506 -4.014303
v -5.172525 -2.157751 -4.011425
v -5.173822 -2.159058 -4.012298
v -5.174692 -2.160727 -4.013308
v -5.171968 -1.998938 -4.558376
v -5.175989 -1.996587 -4.552736
v -5.173460 -1.998344 -4.557506
v -5.174746 -1.997687 -4.556127
v -5.175634 -1.997070 -4.554453
v -5.190367 -0.913845 -4.628675
v -5.194059 -0.931540 -4.624380
v -5.190355 -0.913338 -4.627094
v -5.191824 -0.917871 -4.628525
v -5.193037 -0.922651 -4.627655
v -5.190580 -0.912523 -4.628697
v -5.191896 -0.915625 -4.628460
v -5.192953 -0.918909 -4.627887
v -5.192659 -0.917099 -4.627727
v -5.193827 -0.927288 -4.624597
v -5.193041 -0.922336 -4.625190
v -5.193823 -0.927450 -4.626200
v -5.193460 -0.922768 -4.626493
v -5.192957 -0.918773 -4.626842
v -5.191824 -0.917436 -4.626066
v -5.191893 -0.915416 -4.627310
v -5.191919 -0.914266 -4.628227
v -5.219633 -4.673507 -4.504145
v -5.219591 -4.669333 -4.508484
v -5.223944 -4.678227 -4.512894
v -5.219633 -4.673215 -4.505784
v -5.219625 -4.672320 -4.507182
v -5.221262 -4.673888 -4.506079
v -5.221201 -4.673589 -4.507109
v -5.222078 -4.673616 -4.508433
v -5.221235 -4.671249 -4.508782
v -5.222639 -4.673612 -4.509726
v -5.219610 -4.670957 -4.508132
v -5.221189 -4.672284 -4.508446
v -5.223593 -4.676441 -4.510813
v -5.222651 -4.674917 -4.508420
v -5.223104 -4.675002 -4.509778
v -1.093912 -4.706977 -5.036528
v -1.092604 -4.703940 -5.036635
v -1.080984 -4.711558 -5.040839
v -1.091787 -4.706102 -5.036837
v -1.090494 -4.706847 -5.038237
v -1.087580 -4.708374 -5.039631
v -1.083803 -4.710565 -5.040507
v -1.086370 -4.709000 -5.040040
v -5.239122 -4.600208 -0.845005
v -5.243402 -4.604715 -0.831813
v -5.239119 -4.597167 -0.843815
v -5.240767 -4.600513 -0.842231
v -5.239115 -4.599954 -0.843609
v -5.241972 -4.601005 -0.839537
v -5.243090 -4.603866 -0.834274
v -5.242167 -4.602131 -0.837420
v -5.243082 -4.602952 -0.835092
v -5.239111 -4.598308 -0.842965
v -5.240705 -4.599889 -0.840994
v -5.203325 -1.008436 -4.575087
v -5.203333 -1.007131 -4.572094
v -5.207521 -0.995304 -4.579785
v -5.203325 -1.007029 -4.574881
v -5.204851 -1.004806 -4.574974
v -5.205755 -1.003441 -4.575685
v -5.206301 -1.001099 -4.576985
v -5.203333 -1.006324 -4.573263
v -5.207205 -0.997929 -4.578794
v -4.705206 -5.105514 -0.806660
v -4.702166 -5.105555 -0.805405
v -4.709841 -5.109556 -0.793565
v -4.704958 -5.105300 -0.805275
v -4.705339 -5.106954 -0.803220
v -4.705805 -5.107840 -0.801350
v -4.704905 -5.107109 -0.802026
v -4.703314 -5.105324 -0.804596
v -4.708055 -5.109291 -0.796790
v -4.706549 -5.108433 -0.800410
v -4.709059 -5.109276 -0.795618
v -4.707323 -5.108869 -0.798512
v -4.744349 -4.687792 -4.993582
v -4.753222 -4.692324 -4.997660
v -4.748590 -4.683513 -4.993620
v -4.746313 -4.688154 -4.995184
v -4.748690 -4.689141 -4.996520
v -4.745981 -4.687460 -4.993573
v -4.747339 -4.687828 -4.995121
v -4.748678 -4.687842 -4.995986
v -4.749975 -4.687825 -4.996533
v -4.751116 -4.690606 -4.997389
v -4.750059 -4.689204 -4.996956
v -4.748274 -4.685143 -4.993592
v -4.747358 -4.686530 -4.993577
v -4.748964 -4.685463 -4.995207
v -4.748652 -4.686498 -4.995135
v -4.732241 -1.005419 -5.068911
v -4.736917 -0.991680 -5.073389
v -4.729235 -1.004198 -5.068972
v -4.732599 -1.002489 -5.070597
v -4.732004 -1.004021 -5.068941
v -4.732805 -1.000374 -5.071457
v -4.735132 -0.995054 -5.073021
v -4.734274 -0.997369 -5.072514
v -4.730379 -1.003359 -5.068973
v -4.731722 -1.001346 -5.070631
v -4.747133 -5.151300 -4.506205
v -4.751543 -5.155664 -4.514620
v -4.742922 -5.151379 -4.510512
v -4.747492 -5.152955 -4.508128
v -4.748457 -5.154364 -4.510401
v -4.746828 -5.151327 -4.507840
v -4.747179 -5.152913 -4.509135
v -4.747202 -5.153808 -4.510424
v -4.749552 -5.155324 -4.513009
v -4.747217 -5.154388 -4.511662
v -4.748529 -5.154836 -4.511698
v -4.744547 -5.151369 -4.510170
v -4.745920 -5.151350 -4.509230
v -4.744890 -5.153005 -4.510787
v -4.745890 -5.152938 -4.510453
v -1.077284 -5.174827 -4.551760
v -1.065050 -5.179236 -4.555640
v -1.075991 -5.174796 -4.548748
v -1.074270 -5.176482 -4.552054
v -1.067457 -5.178875 -4.554821
v -1.069777 -5.178369 -4.553427
v -1.075140 -5.174832 -4.550898
v -1.073473 -5.176422 -4.551327
v -5.199087 -0.041582 -5.083084
v -5.197908 -0.044163 -5.086498
v -5.201811 -0.042543 -5.081415
v -5.201548 -0.042278 -5.081444
v -5.202211 -0.043794 -5.083632
v -5.198034 -0.041758 -5.084412
v -5.197428 -0.042402 -5.085682
v -5.198820 -0.041540 -5.085436
v -5.199690 -0.044059 -5.086130
v -5.201204 -0.043930 -5.085123
v -5.197397 -0.043087 -5.086260
v -5.199461 -0.042145 -5.085768
v -5.200781 -0.041367 -5.084337
v -5.237867 -5.092245 0.101233
v -5.239229 -5.088723 0.102501
v -5.242750 -5.087440 0.100526
v -5.237558 -5.091203 0.102309
v -5.239729 -5.091868 0.101078
v -5.239557 -5.091437 0.102613
v -5.239561 -5.090806 0.103550
v -5.240557 -5.087650 0.102433
v -5.241693 -5.087029 0.102034
v -5.238184 -5.090063 0.102537
v -5.239969 -5.089438 0.103260
v -5.241335 -5.089020 0.103427
v -5.242369 -5.089270 0.100695
v -5.241308 -5.090822 0.100889
v -5.242464 -5.086957 0.101366
v -5.241953 -5.089046 0.102375
v -5.241159 -5.090634 0.102937
v -5.231382 -5.156855 -4.979197
v -5.226889 -5.157022 -4.983859
v -5.226988 -5.161451 -4.979361
v -5.231054 -5.156903 -4.980967
v -5.230085 -5.156952 -4.982476
v -5.231073 -5.158610 -4.979228
v -5.230581 -5.158590 -4.980917
v -5.229914 -5.158584 -4.982274
v -5.229525 -5.159557 -4.981869
v -5.226923 -5.158741 -4.983492
v -5.226954 -5.160186 -4.982508
v -5.228621 -5.156994 -4.983490
v -5.228586 -5.158653 -4.982968
v -5.228563 -5.159978 -4.982287
v -5.228697 -5.161099 -4.979315
v -5.230131 -5.160101 -4.979270
v -5.226980 -5.161137 -4.981057
v -5.228624 -5.160624 -4.980963
v -5.229937 -5.159941 -4.980891
v -0.079988 -5.190007 -5.041792
v -0.077475 -5.190977 -5.038348
v -0.079058 -5.194414 -5.037613
v -0.078878 -5.189469 -5.041550
v -0.078009 -5.189465 -5.040810
v -0.079775 -5.191716 -5.041445
v -0.077879 -5.191477 -5.041079
v -0.076654 -5.191419 -5.040493
v -0.077364 -5.192295 -5.037449
v -0.077517 -5.189993 -5.039687
v -0.076723 -5.191767 -5.039183
v -0.076483 -5.193109 -5.038859
v -0.079271 -5.194101 -5.039185
v -0.079523 -5.193152 -5.040530
v -0.078222 -5.194156 -5.037053
v -0.077559 -5.193710 -5.038935
v -0.077299 -5.192991 -5.040370
v -5.090937 -4.600738 -0.846218
v -5.090910 -4.597696 -0.845028
v -5.086725 -4.596612 -0.852345
v -5.090921 -4.600481 -0.844822
v -5.089319 -4.600448 -0.847618
v -5.089357 -4.600059 -0.845930
v -5.089384 -4.599526 -0.844860
v -5.088476 -4.599068 -0.846051
v -5.089289 -4.596980 -0.846260
v -5.087927 -4.596521 -0.848083
v -5.090906 -4.598837 -0.844178
v -5.089342 -4.598412 -0.845285
v -5.088095 -4.598112 -0.846582
v -5.087042 -4.598215 -0.850933
v -5.087954 -4.599561 -0.849274
v -5.087023 -4.596393 -0.850220
v -5.087484 -4.598102 -0.848532
v -5.088110 -4.599411 -0.847090
v -5.132574 -4.673913 -4.505129
v -5.128298 -4.669672 -4.505255
v -5.132605 -4.669739 -4.509467
v -5.130945 -4.673597 -4.505152
v -5.129557 -4.672678 -4.505185
v -5.132593 -4.673622 -4.506764
v -5.130922 -4.673237 -4.506833
v -5.130136 -4.672172 -4.507647
v -5.128641 -4.669705 -4.506880
v -5.129580 -4.669727 -4.508252
v -5.128626 -4.671302 -4.505221
v -5.129038 -4.671373 -4.506888
v -5.132608 -4.671362 -4.509112
v -5.132605 -4.672724 -4.508162
v -5.130972 -4.669739 -4.509160
v -5.130934 -4.671401 -4.508738
v -5.116339 -1.008840 -4.576067
v -5.112055 -1.014797 -4.571747
v -5.116297 -1.007536 -4.573076
v -5.114710 -1.010220 -4.575735
v -5.113325 -1.011839 -4.574799
v -5.116331 -1.007435 -4.575863
v -5.114756 -1.008522 -4.575411
v -5.113493 -1.009653 -4.574732
v -5.113871 -1.008602 -4.574425
v -5.112368 -1.012663 -4.571608
v -5.113287 -1.010536 -4.571810
v -5.112394 -1.013446 -4.573397
v -5.112856 -1.011042 -4.573374
v -5.113478 -1.009096 -4.573454
v -5.116308 -1.006729 -4.574244
v -5.114664 -1.008734 -4.572325
v -5.114737 -1.007813 -4.573792
v -5.114786 -1.007433 -4.574923
v -4.743361 -4.686213 -4.906609
v -4.747602 -4.681933 -4.906640
v -4.743292 -4.681878 -4.902426
v -4.744989 -4.685881 -4.906596
v -4.746370 -4.684950 -4.906598
v -4.743341 -4.685860 -4.904984
v -4.745012 -4.685459 -4.904932
v -4.746134 -4.684707 -4.905016
v -4.747259 -4.681905 -4.905013
v -4.746321 -4.681885 -4.903641
v -4.747286 -4.683566 -4.906611
v -4.746874 -4.683578 -4.904944
v -4.746115 -4.683475 -4.903830
v -4.743303 -4.683513 -4.902720
v -4.743322 -4.684914 -4.903620
v -4.744928 -4.681877 -4.902731
v -4.744982 -4.683554 -4.903094
v -4.744909 -4.684692 -4.903822
v -1.077879 -4.705370 -4.947936
v -1.083033 -4.701004 -4.943696
v -1.076567 -4.702337 -4.947976
v -1.079058 -4.705010 -4.946299
v -1.080450 -4.704052 -4.944918
v -1.076487 -4.705151 -4.948134
v -1.077307 -4.704665 -4.946461
v -1.078226 -4.703954 -4.945143
v -1.077215 -4.703635 -4.945570
v -1.081022 -4.700785 -4.944045
v -1.079088 -4.700961 -4.944981
v -1.081846 -4.702646 -4.944005
v -1.079493 -4.702574 -4.944500
v -1.077642 -4.702634 -4.945170
v -1.075777 -4.703508 -4.948157
v -1.077524 -4.701508 -4.946360
v -1.076582 -4.703001 -4.946490
v -1.076200 -4.704152 -4.946558
v -4.731245 -1.003694 -4.973559
v -4.728231 -1.002468 -4.973618
v -4.726965 -1.009691 -4.969238
v -4.731009 -1.002294 -4.973589
v -4.730909 -1.005054 -4.971909
v -4.730547 -1.003361 -4.972002
v -4.730036 -1.002285 -4.972067
v -4.729544 -1.003449 -4.971134
v -4.727468 -1.003653 -4.971972
v -4.726961 -1.005443 -4.970564
v -4.729380 -1.001630 -4.973619
v -4.728914 -1.002695 -4.972032
v -4.728575 -1.003961 -4.970753
v -4.728594 -1.008299 -4.969570
v -4.729979 -1.006672 -4.970507
v -4.726786 -1.007562 -4.969603
v -4.728525 -1.005899 -4.970085
v -4.729864 -1.004486 -4.970728
v -4.704756 -4.995458 -0.828755
v -4.700544 -4.991353 -0.835636
v -4.701708 -4.995420 -0.827509
v -4.704248 -4.993860 -0.829992
v -4.703268 -4.992517 -0.831734
v -4.704691 -4.995417 -0.826882
v -4.704126 -4.993777 -0.828157
v -4.703321 -4.992688 -0.829687
v -4.703196 -4.992998 -0.828673
v -4.700804 -4.991625 -0.833239
v -4.701113 -4.992491 -0.830852
v -4.701967 -4.991638 -0.833715
v -4.702272 -4.991971 -0.831182
v -4.703043 -4.995396 -0.826207
v -4.704092 -4.995394 -0.825987
v -4.701433 -4.993823 -0.828840
v -4.702787 -4.993760 -0.827608
v -4.746595 -5.064298 -4.507840
v -4.742384 -5.064403 -4.512146
v -4.742308 -5.060066 -4.507967
v -4.746286 -5.064330 -4.509472
v -4.745378 -5.064362 -4.510865
v -4.746260 -5.062670 -4.507872
v -4.745886 -5.062663 -4.509549
v -4.745150 -5.062772 -4.510682
v -4.742369 -5.062770 -4.511853
v -4.742350 -5.061369 -4.510956
v -4.744009 -5.064388 -4.511805
v -4.744036 -5.062709 -4.511445
v -4.743937 -5.061571 -4.510718
v -4.743940 -5.060378 -4.507943
v -4.745329 -5.061293 -4.507908
v -4.742327 -5.060420 -4.509591
v -4.744001 -5.060802 -4.509606
v -4.745131 -5.061542 -4.509493
v -1.076746 -5.087850 -4.553393
v -1.075460 -5.087801 -4.550393
v -1.082670 -5.083472 -4.549147
v -1.074888 -5.087859 -4.553376
v -1.073988 -5.087854 -4.552800
v -1.077646 -5.086203 -4.552901
v -1.075052 -5.086254 -4.552369
v -1.076159 -5.085365 -4.551909
v -1.076456 -5.086158 -4.550128
v -1.078176 -5.084759 -4.549798
v -1.074190 -5.087834 -4.551751
v -1.080851 -5.083835 -4.550602
v -1.079088 -5.084793 -4.551920
v -1.080359 -5.083815 -4.549452
v -1.078421 -5.084245 -4.550959
v -1.077101 -5.085022 -4.552016
v -4.146124 -4.991288 -2.847538
v -4.144243 -4.987403 -2.846056
v -4.146418 -4.989821 -2.847843
v -4.146166 -4.988568 -2.847667
v -4.145399 -4.987719 -2.847040
v -3.374956 -5.017548 -3.704057
v -3.376856 -5.021436 -3.705554
v -3.376120 -5.017863 -3.705046
v -3.376886 -5.018713 -3.705678
v -3.377146 -5.019969 -3.705857
v -3.793070 -4.980626 -2.544213
v -3.790972 -4.984552 -2.542271
v -3.791891 -4.980905 -2.543190
v -3.791079 -4.981750 -2.542462
v -3.790758 -4.983029 -2.542140
v -3.021719 -5.014701 -3.400303
v -3.023825 -5.010773 -3.402250
v -3.021505 -5.013176 -3.400172
v -3.021830 -5.011895 -3.400496
v -3.022646 -5.011051 -3.401225
v -3.784834 -5.006957 -3.301692
v -3.782953 -5.003078 -3.300210
v -3.785128 -5.005492 -3.301995
v -3.784872 -5.004239 -3.301820
v -3.784109 -5.003393 -3.301193
v -3.430193 -5.000237 -2.996866
v -3.432283 -4.996311 -2.998799
v -3.429979 -4.998715 -2.996733
v -3.430300 -4.997434 -2.997056
v -3.431108 -4.996590 -2.997780
v -2.600889 -5.027147 -3.732864
v -2.603025 -5.023213 -3.734840
v -2.600676 -5.025622 -3.732734
v -2.601007 -5.024339 -3.733064
v -2.601831 -5.023493 -3.733803
v -2.954248 -5.029994 -4.036725
v -2.956182 -5.033893 -4.038252
v -2.955427 -5.030309 -4.037728
v -2.956209 -5.031163 -4.038371
v -2.956476 -5.032421 -4.038556
v -2.050013 -5.040209 -4.059981
v -2.053125 -5.036248 -4.061467
v -2.049875 -5.038680 -4.059813
v -2.050417 -5.037388 -4.060037
v -2.051561 -5.036534 -4.060617
v -2.505178 -5.040894 -4.311471
v -2.508078 -5.044796 -4.312499
v -2.506731 -5.041204 -4.312286
v -2.507826 -5.042053 -4.312768
v -2.508299 -5.043314 -4.312842
v -1.046648 -5.061273 -4.565999
v -1.059114 -5.057031 -4.560685
v -1.046061 -5.061199 -4.564126
v -1.049467 -5.059700 -4.565290
v -1.052824 -5.058341 -4.564031
v -1.045324 -5.061537 -4.565929
v -1.047243 -5.059876 -4.565103
v -1.049421 -5.058562 -4.564098
v -1.047937 -5.058969 -4.563979
v -1.055849 -5.057353 -4.560677
v -1.052221 -5.058259 -4.561329
v -1.056215 -5.057403 -4.562415
v -1.052332 -5.057875 -4.562589
v -1.049162 -5.058526 -4.562953
v -1.045008 -5.061499 -4.564915
v -1.048788 -5.059610 -4.562541
v -1.046919 -5.059834 -4.563813
v -1.045919 -5.059969 -4.564766
v -2.014170 -5.055027 -4.554233
v -2.015261 -5.051014 -4.551360
v -2.014696 -5.053528 -4.554438
v -2.015089 -5.052240 -4.553964
v -2.015287 -5.051357 -4.552884
v -4.455595 -4.974613 -2.348382
v -4.454340 -4.970678 -2.345802
v -4.455938 -4.973139 -2.348603
v -4.455820 -4.971872 -2.348191
v -4.455259 -4.971008 -2.347207
v -4.155149 -4.959508 -1.906448
v -4.153631 -4.963397 -1.903337
v -4.154192 -4.959771 -1.904978
v -4.153566 -4.960606 -1.903870
v -4.153372 -4.961880 -1.903294
v -4.739202 -4.952106 -1.777900
v -4.742044 -4.955955 -1.777099
v -4.740732 -4.952395 -1.778014
v -4.741808 -4.953229 -1.777901
v -4.742270 -4.954478 -1.777580
v -4.707010 -4.922542 -0.638288
v -4.705179 -4.922523 -0.637832
v -4.701998 -4.918984 -0.651913
v -4.706896 -4.922725 -0.636958
v -4.706327 -4.921111 -0.641377
v -4.706057 -4.921199 -0.639126
v -4.705679 -4.921247 -0.637799
v -4.704920 -4.920370 -0.640004
v -4.703604 -4.921103 -0.640873
v -4.702448 -4.919931 -0.644617
v -4.705904 -4.922716 -0.636710
v -4.704779 -4.921194 -0.638887
v -4.703932 -4.920020 -0.641364
v -4.703619 -4.919186 -0.648750
v -4.705137 -4.919931 -0.645050
v -4.701883 -4.919187 -0.648495
v -4.703661 -4.919505 -0.644703
v -4.705072 -4.920021 -0.641549
v -4.102942 -5.098232 -2.806658
v -4.107672 -5.094480 -2.810861
v -4.104315 -5.097967 -2.807851
v -4.105700 -5.097160 -2.809068
v -4.106874 -5.095936 -2.810125
v -3.338404 -5.124624 -3.668877
v -3.333654 -5.128381 -3.664659
v -3.337606 -5.126082 -3.668140
v -3.336424 -5.127308 -3.667078
v -3.335035 -5.128114 -3.665857
v -3.822920 -5.088864 -2.566111
v -3.827467 -5.092916 -2.569881
v -3.823641 -5.090396 -2.566678
v -3.824759 -5.091703 -2.567593
v -3.826101 -5.092589 -2.568718
v -3.058218 -5.123066 -3.427916
v -3.053667 -5.119007 -3.424141
v -3.056852 -5.122736 -3.426753
v -3.055506 -5.121849 -3.425625
v -3.054388 -5.120540 -3.424709
v -3.741652 -5.113908 -3.260812
v -3.746378 -5.110157 -3.265011
v -3.743025 -5.113642 -3.262003
v -3.744406 -5.112835 -3.263220
v -3.745584 -5.111612 -3.264275
v -3.466677 -5.108603 -3.024466
v -3.462141 -5.104548 -3.020706
v -3.465319 -5.108275 -3.023307
v -3.463976 -5.107388 -3.022185
v -3.462862 -5.106080 -3.021272
v -2.637423 -5.135507 -3.760508
v -2.632830 -5.131441 -3.756700
v -2.636038 -5.135177 -3.759331
v -2.634684 -5.134289 -3.758194
v -2.633554 -5.132977 -3.757269
v -2.917742 -5.137055 -4.001585
v -2.912943 -5.140823 -3.997328
v -2.916941 -5.138519 -4.000844
v -2.915747 -5.139747 -3.999774
v -2.914343 -5.140558 -3.998539
v -2.087770 -5.148534 -4.086995
v -2.081953 -5.144490 -4.083815
v -2.085920 -5.148212 -4.086058
v -2.084166 -5.147334 -4.085125
v -2.082769 -5.146025 -4.084338
v -2.469656 -5.147916 -4.275845
v -2.463625 -5.151729 -4.272213
v -2.468756 -5.149388 -4.275149
v -2.467295 -5.150627 -4.274214
v -2.465494 -5.151452 -4.273182
v -1.078535 -5.165501 -4.589500
v -1.078001 -5.165478 -4.587957
v -1.096716 -5.169256 -4.584741
v -1.076662 -5.165855 -4.589280
v -1.082682 -5.166999 -4.589222
v -1.080420 -5.167075 -4.589203
v -1.079042 -5.167099 -4.589000
v -1.081938 -5.167827 -4.588418
v -1.082201 -5.166943 -4.586804
v -1.087233 -5.168178 -4.585787
v -1.080187 -5.167049 -4.588070
v -1.083635 -5.168106 -4.587496
v -1.092524 -5.169032 -4.586646
v -1.087599 -5.168241 -4.588220
v -1.092333 -5.168991 -4.585063
v -1.087732 -5.168632 -4.587048
v -1.083792 -5.168134 -4.588526
v -1.974012 -5.161843 -4.511974
v -1.975763 -5.158092 -4.517600
v -1.974237 -5.161597 -4.513705
v -1.974653 -5.160798 -4.515381
v -1.975187 -5.159567 -4.516750
v -4.413195 -5.081499 -2.306126
v -4.417154 -5.077780 -2.311711
v -4.414270 -5.081250 -2.307847
v -4.415403 -5.080456 -2.309511
v -4.416414 -5.079235 -2.310868
v -4.185579 -5.067704 -1.927175
v -4.189390 -5.071810 -1.932415
v -4.186243 -5.069242 -1.927855
v -4.187201 -5.070560 -1.929089
v -4.188307 -5.071463 -1.930690
v -4.703619 -5.059076 -1.740444
v -4.697943 -5.062936 -1.738484
v -4.702745 -5.060553 -1.739875
v -4.701361 -5.061804 -1.739303
v -4.699675 -5.062640 -1.738815
v -4.738649 -5.026816 -0.662098
v -4.734987 -5.031383 -0.680800
v -4.737123 -5.026824 -0.661669
v -4.738657 -5.028467 -0.666315
v -4.737967 -5.029916 -0.671349
v -4.738535 -5.028442 -0.664004
v -4.738085 -5.029655 -0.667446
v -4.737871 -5.029282 -0.665572
v -4.735086 -5.030946 -0.676333
v -4.735525 -5.029927 -0.671130
v -4.736677 -5.030939 -0.676436
v -4.736830 -5.030353 -0.671534
v -4.737055 -5.029659 -0.667350
v -4.737822 -5.026998 -0.660542
v -4.736242 -5.028480 -0.665980
v -4.737406 -5.028449 -0.663842
v -4.738272 -5.028417 -0.662611
v -3.047342 -4.126309 -4.963263
v -3.046030 -4.124792 -4.959171
v -3.047712 -4.126727 -4.961844
v -3.047594 -4.126585 -4.960568
v -3.047003 -4.125908 -4.959630
v -3.898020 -3.348268 -4.959291
v -3.899340 -3.349795 -4.963376
v -3.898996 -3.349386 -4.959748
v -3.899588 -3.350067 -4.960687
v -3.899710 -3.350212 -4.961958
v -2.743063 -3.778259 -4.908101
v -2.740934 -3.775839 -4.911735
v -2.742022 -3.777069 -4.908228
v -2.741251 -3.776193 -4.908965
v -2.740870 -3.775759 -4.910196
v -3.592947 -2.999338 -4.911857
v -3.595083 -3.001770 -4.908224
v -3.592882 -2.999259 -4.910317
v -3.593267 -2.999694 -4.909088
v -3.594042 -3.000576 -4.908352
v -3.498549 -3.761029 -4.967085
v -3.497240 -3.759516 -4.963002
v -3.498919 -3.761444 -4.965669
v -3.498796 -3.761304 -4.964395
v -3.498209 -3.760628 -4.963458
v -3.192583 -3.411060 -4.915638
v -3.194704 -3.413476 -4.912003
v -3.192518 -3.410985 -4.914100
v -3.192900 -3.411415 -4.912868
v -3.193666 -3.412290 -4.912133
v -3.922533 -2.576108 -4.901840
v -3.924707 -2.578580 -4.898211
v -3.922472 -2.576033 -4.900299
v -3.922865 -2.576477 -4.899071
v -3.923651 -2.577371 -4.898335
v -4.227728 -2.925177 -4.949289
v -4.229071 -2.926727 -4.953382
v -4.228712 -2.926301 -4.949749
v -4.229311 -2.926992 -4.950689
v -4.229437 -2.927143 -4.951964
v -4.241133 -2.009325 -4.900452
v -4.242884 -2.012786 -4.896668
v -4.241041 -2.009328 -4.898899
v -4.241343 -2.009984 -4.897636
v -4.241987 -2.011198 -4.896852
v -4.508894 -2.474564 -4.932892
v -4.509760 -2.476993 -4.936830
v -4.509695 -2.476026 -4.933292
v -4.510141 -2.477003 -4.934181
v -4.510164 -2.477343 -4.935423
v -4.716711 -0.933394 -4.953474
v -4.712675 -0.945244 -4.948686
v -4.714682 -0.932987 -4.953365
v -4.716330 -0.936047 -4.951755
v -4.715429 -0.939230 -4.950241
v -4.716482 -0.932073 -4.953661
v -4.715929 -0.933956 -4.951941
v -4.715197 -0.936067 -4.950548
v -4.714918 -0.934687 -4.950990
v -4.712381 -0.942230 -4.949108
v -4.712660 -0.938842 -4.950148
v -4.714144 -0.942461 -4.949162
v -4.713968 -0.938862 -4.949758
v -4.714018 -0.935902 -4.950508
v -4.715384 -0.931850 -4.953605
v -4.713465 -0.935596 -4.951641
v -4.714582 -0.933741 -4.951889
v -4.715460 -0.932731 -4.952042
v -4.794886 -1.976991 -4.914728
v -4.793295 -1.985712 -4.914295
v -4.792669 -1.982912 -4.911085
v -4.794817 -1.979054 -4.914782
v -4.794489 -1.981435 -4.914720
v -4.795259 -1.978255 -4.913202
v -4.795084 -1.980281 -4.913244
v -4.794909 -1.982114 -4.913234
v -4.793993 -1.985561 -4.912920
v -4.794115 -1.984975 -4.911827
v -4.793955 -1.983772 -4.914549
v -4.794470 -1.983818 -4.913105
v -4.794733 -1.983650 -4.911991
v -4.794058 -1.981460 -4.911230
v -4.794970 -1.979824 -4.911974
v -4.793650 -1.984043 -4.911182
v -4.794497 -1.982695 -4.911520
v -4.795103 -1.981414 -4.912054
v -2.550966 -4.440457 -4.951878
v -2.548563 -4.439576 -4.947741
v -2.551256 -4.440924 -4.950451
v -2.550898 -4.440921 -4.949165
v -2.549955 -4.440448 -4.948213
v -2.108683 -4.146431 -4.890800
v -2.105387 -4.144601 -4.894399
v -2.107195 -4.145466 -4.890913
v -2.106047 -4.144781 -4.891638
v -2.105410 -4.144479 -4.892862
v -1.983484 -4.729988 -4.929254
v -1.982515 -4.732489 -4.933299
v -1.983587 -4.731483 -4.929682
v -1.983442 -4.732486 -4.930602
v -1.983065 -4.732838 -4.931871
v -0.846189 -4.710621 -4.846573
v -0.845728 -4.708805 -4.846375
v -0.859941 -4.705823 -4.843197
v -0.844851 -4.710501 -4.846686
v -0.849337 -4.710040 -4.845227
v -0.847086 -4.709784 -4.845191
v -0.845755 -4.709413 -4.845147
v -0.847994 -4.708718 -4.844306
v -0.848818 -4.707334 -4.844956
v -0.852606 -4.706251 -4.843853
v -0.844599 -4.709518 -4.846579
v -0.846838 -4.708515 -4.845063
v -0.849360 -4.707753 -4.843932
v -0.856779 -4.707445 -4.843400
v -0.853056 -4.708926 -4.844111
v -0.856512 -4.705721 -4.843235
v -0.852720 -4.707497 -4.843543
v -0.849554 -4.708887 -4.844038
v -3.001497 -4.074260 -5.064075
v -3.005880 -4.079258 -5.060946
v -3.002707 -4.075641 -5.063984
v -3.003962 -4.077073 -5.063358
v -3.005075 -4.078344 -5.062293
v -3.857874 -3.302740 -5.061073
v -3.853491 -3.297737 -5.064196
v -3.857069 -3.301826 -5.062417
v -3.855955 -3.300555 -5.063481
v -3.854696 -3.299119 -5.064105
v -2.760229 -3.798283 -5.019412
v -2.763838 -3.802423 -5.024013
v -2.760729 -3.798862 -5.021024
v -2.761591 -3.799852 -5.022465
v -2.762682 -3.801103 -5.023514
v -3.615858 -3.025932 -5.024137
v -3.612242 -3.021781 -5.019535
v -3.614698 -3.024608 -5.023638
v -3.613607 -3.023353 -5.022588
v -3.612741 -3.022364 -5.021147
v -3.452707 -3.708984 -5.067906
v -3.457079 -3.713972 -5.064782
v -3.453913 -3.710361 -5.067816
v -3.455164 -3.711792 -5.067191
v -3.456278 -3.713061 -5.066124
v -3.215479 -3.437641 -5.027916
v -3.211878 -3.433509 -5.023318
v -3.214327 -3.436324 -5.027419
v -3.213236 -3.435073 -5.026370
v -3.212378 -3.434086 -5.024930
v -3.945482 -2.602746 -5.014124
v -3.941828 -2.598550 -5.009512
v -3.944311 -2.601406 -5.013622
v -3.943205 -2.600135 -5.012568
v -3.942331 -2.599132 -5.011126
v -4.187605 -2.879676 -5.051073
v -4.183199 -2.874647 -5.054194
v -4.186800 -2.878759 -5.052416
v -4.185678 -2.877482 -5.053482
v -4.184416 -2.876037 -5.054106
v -4.263536 -2.037192 -5.012542
v -4.260427 -2.031768 -5.008122
v -4.262575 -2.035380 -5.012114
v -4.261644 -2.033714 -5.011125
v -4.260893 -2.032447 -5.009724
v -4.468298 -2.429945 -5.034513
v -4.464487 -2.423822 -5.037838
v -4.467535 -2.428944 -5.035873
v -4.466547 -2.427431 -5.036983
v -4.465475 -2.425630 -5.037672
v -4.735727 -0.955810 -5.060993
v -4.733976 -0.955429 -5.061039
v -4.732458 -0.971649 -5.064360
v -4.735743 -0.959465 -5.062414
v -4.735472 -0.957302 -5.062536
v -4.735106 -0.956015 -5.062597
v -4.734758 -0.958605 -5.063305
v -4.733149 -0.959110 -5.062437
v -4.732569 -0.963485 -5.063559
v -4.734652 -0.954286 -5.061235
v -4.734255 -0.957131 -5.062548
v -4.733965 -0.960152 -5.063575
v -4.733973 -0.968037 -5.064236
v -4.735128 -0.963756 -5.063551
v -4.732325 -0.967888 -5.064234
v -4.733908 -0.963776 -5.063991
v -4.735048 -0.960270 -5.063570
v -4.754068 -1.930360 -5.011633
v -4.748224 -1.932294 -5.016157
v -4.751833 -1.938664 -5.011976
v -4.753115 -1.930823 -5.013164
v -4.751669 -1.931353 -5.014563
v -4.753813 -1.932329 -5.011848
v -4.752825 -1.932453 -5.013227
v -4.751818 -1.932619 -5.014380
v -4.751879 -1.933696 -5.014063
v -4.749319 -1.933879 -5.015650
v -4.750391 -1.935648 -5.014677
v -4.749952 -1.931872 -5.015613
v -4.750635 -1.933205 -5.015066
v -4.751257 -1.934496 -5.014431
v -4.752600 -1.936823 -5.012034
v -4.753298 -1.934597 -5.011990
v -4.751272 -1.937328 -5.013387
v -4.751928 -1.935613 -5.013338
v -4.752531 -1.934035 -5.013267
v -2.503756 -4.389206 -5.052638
v -2.509516 -4.393421 -5.049535
v -2.505487 -4.390284 -5.052561
v -2.507189 -4.391464 -5.051944
v -2.508604 -4.392565 -5.050881
v -2.124681 -4.167045 -5.002069
v -2.129755 -4.170440 -5.006723
v -2.125296 -4.167568 -5.003687
v -2.126474 -4.168394 -5.005140
v -2.128038 -4.169404 -5.006206
v -1.941080 -4.685473 -5.030910
v -1.938936 -4.679497 -5.034161
v -1.940443 -4.684481 -5.032275
v -1.939814 -4.682997 -5.033371
v -1.939283 -4.681248 -5.034033
v -0.865454 -4.732762 -4.954185
v -0.883921 -4.728550 -4.959231
v -0.865019 -4.731249 -4.954040
v -0.869593 -4.732588 -4.956016
v -0.874556 -4.731727 -4.957617
v -0.864126 -4.732755 -4.954302
v -0.867285 -4.732490 -4.955880
v -0.870668 -4.731907 -4.957196
v -0.868811 -4.731742 -4.956723
v -0.879477 -4.728722 -4.958610
v -0.874327 -4.729297 -4.957404
v -0.879587 -4.730310 -4.958746
v -0.874716 -4.730556 -4.957959
v -0.870569 -4.730877 -4.957107
v -0.869249 -4.730184 -4.955800
v -0.867117 -4.731363 -4.955779
v -0.865896 -4.732240 -4.955767
v -5.061228 -3.706589 -3.328720
v -5.065100 -3.708259 -3.330454
v -5.061541 -3.707638 -3.329819
v -5.062387 -3.708325 -3.330534
v -5.063635 -3.708544 -3.330757
v -5.057505 -2.975504 -3.404081
v -5.061438 -2.973552 -3.402019
v -5.057787 -2.974432 -3.402954
v -5.058634 -2.973683 -3.402169
v -5.059916 -2.973374 -3.401839
v -5.063272 -3.294830 -3.738905
v -5.067133 -3.296493 -3.740631
v -5.063581 -3.295876 -3.740002
v -5.064425 -3.296560 -3.740715
v -5.065672 -3.296777 -3.740937
v -5.055464 -3.387285 -2.993921
v -5.059397 -3.385334 -2.991855
v -5.055746 -3.386212 -2.992794
v -5.056593 -3.385462 -2.992005
v -5.057878 -3.385155 -2.991676
v -5.052736 -3.734176 -2.558848
v -5.056677 -3.732201 -2.556759
v -5.053019 -3.733093 -2.557712
v -5.053869 -3.732337 -2.556915
v -5.055151 -3.732024 -2.556581
v -5.058508 -4.053844 -2.894029
v -5.062395 -4.055543 -2.895790
v -5.058821 -4.054906 -2.895140
v -5.059671 -4.055601 -2.895865
v -5.060923 -4.055824 -2.896094
v -5.055235 -4.332092 -2.448532
v -5.059141 -4.333760 -2.450444
v -5.055548 -4.333144 -2.449703
v -5.056402 -4.333832 -2.450479
v -5.057665 -4.334045 -2.450739
v -5.049353 -4.018299 -2.100475
v -5.053297 -4.016353 -2.098232
v -5.049635 -4.017225 -2.099279
v -5.050482 -4.016480 -2.098432
v -5.051767 -4.016174 -2.098065
v -5.043440 -4.646506 -1.232362
v -5.047491 -4.650226 -1.223063
v -5.043726 -4.647983 -1.228861
v -5.044592 -4.649204 -1.225865
v -5.045916 -4.649993 -1.223829
v -5.051188 -4.563224 -1.960401
v -5.055143 -4.563549 -1.965336
v -5.051512 -4.563766 -1.962732
v -5.052378 -4.564017 -1.964489
v -5.053656 -4.563941 -1.965402
v -5.042616 -4.389371 -1.302284
v -5.046537 -4.388758 -1.297025
v -5.042887 -4.388806 -1.299932
v -5.043730 -4.388493 -1.298108
v -5.045008 -4.388476 -1.297085
v -5.059145 -2.502123 -3.768248
v -5.063082 -2.500023 -3.766260
v -5.059431 -2.500994 -3.767149
v -5.060278 -2.500196 -3.766386
v -5.061563 -2.499855 -3.766073
v -5.064444 -2.838883 -4.096548
v -5.068300 -2.840683 -4.098186
v -5.064753 -2.839983 -4.097610
v -5.065596 -2.840710 -4.098295
v -5.066839 -2.840956 -4.098496
v -5.073412 -1.466819 -4.594440
v -5.077765 -1.458365 -4.598510
v -5.073771 -1.463636 -4.596060
v -5.074724 -1.460910 -4.597401
v -5.076128 -1.459062 -4.598259
v -5.071009 -1.568996 -4.269692
v -5.075052 -1.563605 -4.269402
v -5.071333 -1.566605 -4.269245
v -5.072214 -1.564743 -4.269032
v -5.073519 -1.563688 -4.269088
v -5.064901 -2.314695 -4.430231
v -5.068659 -2.319349 -4.430102
v -5.065172 -2.316889 -4.430616
v -5.065981 -2.318540 -4.430727
v -5.067209 -2.319408 -4.430547
v -5.168455 -3.672029 -3.291975
v -5.172220 -3.667676 -3.287394
v -5.169912 -3.671286 -3.291191
v -5.171141 -3.670198 -3.290045
v -5.171953 -3.668931 -3.288712
v -5.165701 -3.001402 -3.430729
v -5.169741 -3.005482 -3.434990
v -5.167231 -3.002039 -3.431390
v -5.168535 -3.003037 -3.432432
v -5.169416 -3.004246 -3.433697
v -5.170496 -3.260260 -3.702151
v -5.174265 -3.255918 -3.697580
v -5.171953 -3.259519 -3.701366
v -5.173182 -3.258433 -3.700222
v -5.173994 -3.257169 -3.698893
v -5.163660 -3.413179 -3.020563
v -5.167700 -3.417263 -3.024829
v -5.165190 -3.413816 -3.021226
v -5.166494 -3.414816 -3.022268
v -5.167376 -3.416027 -3.023534
v -5.160925 -3.760044 -2.585465
v -5.164972 -3.764154 -2.589756
v -5.162458 -3.760686 -2.586130
v -5.163767 -3.761690 -2.587178
v -5.164648 -3.762911 -2.588452
v -5.165724 -4.019317 -2.857320
v -5.169504 -4.014933 -2.852703
v -5.167189 -4.018573 -2.856531
v -5.168421 -4.017476 -2.855376
v -5.169230 -4.016197 -2.854032
v -5.162436 -4.297550 -2.411988
v -5.166227 -4.293197 -2.407173
v -5.163904 -4.296805 -2.411183
v -5.165140 -4.295715 -2.409985
v -5.165956 -4.294450 -2.408577
v -5.157530 -4.044192 -2.126934
v -5.161589 -4.048263 -2.131415
v -5.159067 -4.044829 -2.127613
v -5.160376 -4.045827 -2.128702
v -5.161264 -4.047031 -2.130038
v -5.150824 -4.646091 -1.218241
v -5.155069 -4.641323 -1.228833
v -5.152418 -4.645678 -1.218989
v -5.153784 -4.644626 -1.221262
v -5.154718 -4.643098 -1.224718
v -5.158392 -4.527356 -1.926897
v -5.162172 -4.524693 -1.918237
v -5.159864 -4.526738 -1.925796
v -5.161100 -4.526014 -1.923764
v -5.161913 -4.525296 -1.921109
v -5.150766 -4.416594 -1.325725
v -5.154860 -4.418967 -1.334025
v -5.152304 -4.417103 -1.326694
v -5.153620 -4.417731 -1.328611
v -5.154520 -4.418386 -1.331185
v -5.167345 -2.527868 -3.794970
v -5.171381 -2.532139 -3.799135
v -5.168875 -2.528520 -3.795622
v -5.170179 -2.529560 -3.796644
v -5.171061 -2.530831 -3.797879
v -5.171656 -2.804453 -4.059709
v -5.175440 -2.799935 -4.055245
v -5.173117 -2.803697 -4.058931
v -5.174349 -2.802574 -4.057810
v -5.175165 -2.801253 -4.056517
v -5.180975 -1.454235 -4.593694
v -5.185011 -1.463604 -4.588589
v -5.182554 -1.454897 -4.593245
v -5.183874 -1.456909 -4.592119
v -5.184740 -1.459966 -4.590484
v -5.179308 -1.591451 -4.298109
v -5.183222 -1.599795 -4.300169
v -5.180830 -1.592414 -4.298603
v -5.182108 -1.594336 -4.299169
v -5.182947 -1.596928 -4.299720
v -5.171995 -2.283127 -4.391630
v -5.175917 -2.275123 -4.389318
v -5.173475 -2.282103 -4.391014
v -5.174738 -2.280224 -4.390360
v -5.175596 -2.277773 -4.389763
v -5.120409 -2.012551 -4.577746
v -5.120337 -2.020733 -4.575433
v -5.124128 -2.015709 -4.576187
v -5.120378 -2.014551 -4.577526
v -5.120356 -2.016805 -4.577007
v -5.120340 -2.018978 -4.576271
v -5.138231 -0.899416 -4.612740
v -5.138220 -0.899935 -4.614465
v -5.138243 -0.898556 -4.614376
v -5.093832 -4.643391 -0.755762
v -5.093847 -4.645131 -0.756235
v -5.093832 -4.644988 -0.754843
v -5.237066 -5.122165 -2.439360
v -5.232443 -5.126849 -2.439108
v -5.236723 -5.123941 -2.438653
v -5.235727 -5.125455 -2.438357
v -5.234224 -5.126476 -2.438517
v -2.653490 -5.173523 -5.012825
v -2.653276 -5.177930 -5.008484
v -2.652704 -5.175238 -5.012476
v -2.652388 -5.176679 -5.011528
v -2.652590 -5.177623 -5.010127
v -2.658346 -5.139852 -2.467930
v -2.657843 -5.141176 -2.467392
v -2.658033 -5.143060 -2.467452
v -5.212412 -2.600463 -5.035181
v -5.216974 -2.600351 -5.030552
v -5.214159 -2.599728 -5.034828
v -5.215643 -2.599449 -5.033823
v -5.216631 -2.599669 -5.032322
v -5.219160 -2.565159 -2.490286
v -5.222658 -2.565653 -2.490649
v -5.220491 -2.564652 -2.489786
v -5.222383 -2.564921 -2.489985
v -2.638269 -2.616291 -5.060717
v -2.639151 -2.616922 -5.064146
v -2.637796 -2.615825 -5.062050
v -2.637796 -2.615781 -5.063169
v -5.229380 -4.636856 -2.674574
v -5.233671 -4.641457 -2.672297
v -5.231012 -4.637202 -2.674389
v -5.232401 -4.638198 -2.673891
v -5.233335 -4.639689 -2.673157
v -5.215731 -2.836624 -4.546329
v -5.211458 -2.838885 -4.541784
v -5.215403 -2.837483 -4.544577
v -5.214472 -2.838215 -4.543097
v -5.213091 -2.838707 -4.542116
v -5.225462 -2.799890 -2.705851
v -5.221228 -2.802149 -2.707953
v -5.225145 -2.800749 -2.706644
v -5.224230 -2.801480 -2.707321
v -5.222857 -2.801971 -2.707779
v -2.919100 -4.697385 -5.015057
v -2.917009 -4.701933 -5.019251
v -2.919065 -4.697755 -5.016680
v -2.918657 -4.698749 -5.018048
v -2.917936 -4.700217 -5.018950
v -4.740416 -2.844467 -5.031265
v -4.745058 -2.842165 -5.035521
v -4.740782 -2.844313 -5.032896
v -4.741793 -2.843821 -5.034277
v -4.743296 -2.843069 -5.035198
v -2.908674 -2.851858 -5.057112
v -2.910921 -2.854080 -5.052794
v -2.909655 -2.852729 -5.056765
v -2.910425 -2.853459 -5.055819
v -2.910868 -2.853934 -5.054426
v -4.730680 -5.132610 -2.654006
v -4.726168 -5.128407 -2.656437
v -4.728960 -5.132307 -2.654780
v -4.727499 -5.131400 -2.655514
v -4.726519 -5.130032 -2.656096
v -2.907930 -5.167452 -4.535141
v -2.910105 -5.163103 -4.531138
v -2.908770 -5.167097 -4.533583
v -2.909479 -5.166142 -4.532277
v -2.909945 -5.164740 -4.531416
v -2.887144 -5.144401 -2.674820
v -2.889093 -5.140167 -2.677107
v -2.887896 -5.144081 -2.675539
v -2.888529 -5.143167 -2.676228
v -2.888948 -5.141790 -2.676779
v -5.107500 -4.633124 -2.677922
v -5.111757 -4.637326 -2.675675
v -5.107824 -4.634736 -2.677073
v -5.108744 -4.636102 -2.676350
v -5.110125 -4.637010 -2.675860
v -5.124472 -2.839289 -4.542767
v -5.120173 -2.841355 -4.538517
v -5.122839 -2.839453 -4.542458
v -5.121447 -2.839903 -4.541542
v -5.120512 -2.840571 -4.540157
v -5.103601 -2.802616 -2.709053
v -5.099390 -2.805704 -2.712046
v -5.101976 -2.802856 -2.709294
v -5.100607 -2.803528 -2.709948
v -5.099699 -2.804526 -2.710913
v -2.912283 -4.691445 -4.923071
v -2.910593 -4.695791 -4.927273
v -2.911512 -4.693083 -4.923375
v -2.910917 -4.694486 -4.924279
v -2.910597 -4.695437 -4.925648
v -4.735125 -2.844896 -4.935848
v -4.739424 -2.842812 -4.940100
v -4.736757 -2.844076 -4.936171
v -4.738146 -2.843392 -4.937090
v -4.739080 -2.842948 -4.938469
v -2.902380 -2.852415 -4.960804
v -2.905008 -2.855339 -4.956467
v -2.902460 -2.852614 -4.959173
v -2.902987 -2.853239 -4.957775
v -2.903879 -2.854195 -4.956825
v -4.725676 -5.029877 -2.668219
v -4.721418 -5.025693 -2.670914
v -4.725344 -5.028256 -2.668580
v -4.724417 -5.026892 -2.669219
v -4.723040 -5.025990 -2.670039
v -2.909567 -5.076126 -4.532771
v -2.911612 -5.071775 -4.528567
v -2.909712 -5.074489 -4.532475
v -2.910154 -5.073087 -4.531573
v -2.910822 -5.072134 -4.530201
v -2.888594 -5.041615 -2.688895
v -2.891615 -5.037413 -2.692383
v -2.888819 -5.039997 -2.689314
v -2.889471 -5.038630 -2.690127
v -2.890451 -5.037722 -2.691205
v -5.176104 -4.673710 -4.504637
v -5.176096 -4.669536 -4.508975
v -5.176107 -4.673418 -4.506276
v -5.176107 -4.672523 -4.507674
v -5.176104 -4.671161 -4.508622
v -5.159815 -1.007333 -4.572586
v -5.159834 -1.008637 -4.575577
v -5.159815 -1.006527 -4.573755
v -5.159822 -1.007233 -4.575373
v -1.085894 -4.706173 -4.992232
v -1.084585 -4.703140 -4.992304
v -1.084471 -4.705949 -4.992251
v -1.083765 -4.704309 -4.992293
v -4.731741 -1.004558 -5.021234
v -4.728735 -1.003332 -5.021295
v -4.731508 -1.003158 -5.021265
v -4.729879 -1.002495 -5.021295
v -4.742651 -5.107893 -4.511328
v -4.746866 -5.107801 -4.507021
v -4.744280 -5.107878 -4.510987
v -4.745653 -5.107854 -4.510046
v -4.746561 -5.107828 -4.508654
v -4.701937 -5.050488 -0.816457
v -4.704981 -5.050487 -0.817707
v -4.703089 -5.050467 -0.815607
v -4.704733 -5.050467 -0.816285
v -5.165030 -4.600472 -0.845612
v -5.165014 -4.597434 -0.844421
v -5.165026 -4.600215 -0.844215
v -5.165018 -4.598572 -0.843571
v -4.748098 -4.682723 -4.950129
v -4.743856 -4.687003 -4.950097
v -4.747778 -4.684353 -4.950100
v -4.746862 -4.685740 -4.950085
v -4.745485 -4.686670 -4.950083
v -1.075724 -5.131298 -4.549571
v -1.077017 -5.131337 -4.552578
v -1.074873 -5.131337 -4.551718
v -3.582350 -5.010529 -3.510125
v -3.584238 -5.014410 -3.511612
v -3.583509 -5.010846 -3.511110
v -3.584276 -5.011693 -3.511739
v -3.584532 -5.012947 -3.511916
v -3.619894 -4.988569 -2.776447
v -3.617804 -4.992496 -2.774512
v -3.618719 -4.988850 -2.775427
v -3.617907 -4.989695 -2.774701
v -3.617586 -4.990974 -2.774380
v -3.970758 -4.995339 -3.078025
v -3.972639 -4.999223 -3.079506
v -3.971914 -4.995654 -3.079009
v -3.972677 -4.996503 -3.079634
v -3.972929 -4.997756 -3.079809
v -3.231508 -5.003756 -3.208566
v -3.229414 -5.007685 -3.206629
v -3.230333 -5.004038 -3.207545
v -3.229521 -5.004882 -3.206818
v -3.229197 -5.006164 -3.206496
v -2.814894 -5.017241 -3.577187
v -2.812777 -5.021171 -3.575228
v -2.813707 -5.017521 -3.576158
v -2.812891 -5.018364 -3.575425
v -2.812563 -5.019648 -3.575099
v -3.166140 -5.024018 -3.879092
v -3.168055 -5.027912 -3.880602
v -3.167311 -5.024337 -3.880085
v -3.168085 -5.025187 -3.880723
v -3.168344 -5.026442 -3.880904
v -2.735575 -5.035573 -4.179724
v -2.737642 -5.039482 -4.181199
v -2.736807 -5.035891 -4.180707
v -2.737631 -5.036745 -4.181333
v -2.737925 -5.038007 -4.181506
v -2.371775 -5.029062 -3.884345
v -2.369505 -5.033000 -3.882422
v -2.370531 -5.029342 -3.883329
v -2.369661 -5.030190 -3.882606
v -2.369299 -5.031474 -3.882287
v -1.537191 -5.054021 -4.556023
v -1.528170 -5.058336 -4.560114
v -1.533781 -5.054405 -4.557665
v -1.530867 -5.055360 -4.559021
v -1.528894 -5.056740 -4.559882
v -2.259996 -5.046077 -4.435511
v -2.265013 -5.049949 -4.435489
v -2.262362 -5.046370 -4.435925
v -2.264143 -5.047210 -4.436066
v -2.265074 -5.048468 -4.435914
v -1.593756 -5.045962 -4.295744
v -1.588541 -5.049967 -4.295310
v -1.591383 -5.046267 -4.295297
v -1.589560 -5.047135 -4.295057
v -1.588564 -5.048436 -4.295062
v -3.959169 -4.971936 -2.285389
v -3.957148 -4.975861 -2.283299
v -3.958017 -4.972215 -2.284309
v -3.957232 -4.973058 -2.283534
v -3.956926 -4.974339 -2.283178
v -4.303980 -4.979265 -2.604523
v -4.305780 -4.983163 -2.606147
v -4.305105 -4.979586 -2.605561
v -4.305841 -4.980436 -2.606234
v -4.306078 -4.981691 -2.606440
v -4.720591 -4.935537 -1.214660
v -4.724432 -4.939392 -1.205468
v -4.722101 -4.935743 -1.211220
v -4.723360 -4.936546 -1.208265
v -4.724176 -4.937828 -1.206245
v -4.411917 -4.940936 -1.332824
v -4.411478 -4.944751 -1.327262
v -4.411371 -4.941172 -1.330416
v -4.411097 -4.941979 -1.328513
v -4.411135 -4.943234 -1.327406
v -4.599916 -4.961444 -2.064270
v -4.600058 -4.965461 -2.069026
v -4.600412 -4.961802 -2.066508
v -4.600611 -4.962691 -2.068200
v -4.600485 -4.963975 -2.069082
v -3.545786 -5.117607 -3.474932
v -3.541048 -5.121360 -3.470726
v -3.544989 -5.119063 -3.474196
v -3.543810 -5.120288 -3.473139
v -3.542425 -5.121095 -3.471920
v -3.649752 -5.096806 -2.798352
v -3.654287 -5.100863 -2.802114
v -3.650473 -5.098338 -2.798918
v -3.651587 -5.099648 -2.799832
v -3.652925 -5.100533 -2.800954
v -3.934183 -5.102418 -3.042825
v -3.929457 -5.106173 -3.038627
v -3.933386 -5.103875 -3.042090
v -3.932211 -5.105099 -3.041034
v -3.930830 -5.105905 -3.039818
v -3.261362 -5.111995 -3.230468
v -3.265902 -5.116049 -3.234232
v -3.262083 -5.113529 -3.231034
v -3.263197 -5.114836 -3.231948
v -3.264540 -5.115724 -3.233071
v -2.844721 -5.125471 -3.599066
v -2.849291 -5.129531 -3.602854
v -2.845446 -5.127005 -3.599635
v -2.846567 -5.128317 -3.600554
v -2.847918 -5.129203 -3.601685
v -3.129610 -5.131091 -3.843929
v -3.124838 -5.134851 -3.839694
v -3.128809 -5.132549 -3.843190
v -3.127623 -5.133776 -3.842125
v -3.126226 -5.134584 -3.840898
v -2.699205 -5.142625 -4.144537
v -2.694239 -5.146406 -4.140344
v -2.698389 -5.144091 -4.143799
v -2.697161 -5.145324 -4.142743
v -2.695704 -5.146136 -4.141530
v -2.401445 -5.137289 -3.906256
v -2.406199 -5.141353 -3.909995
v -2.402182 -5.138825 -3.906821
v -2.403345 -5.140136 -3.907729
v -2.404753 -5.141026 -3.908843
v -1.524973 -5.161617 -4.553759
v -1.535379 -5.165549 -4.548356
v -1.525728 -5.163189 -4.553269
v -1.527967 -5.164489 -4.552070
v -1.531359 -5.165317 -4.550345
v -2.226599 -5.153043 -4.398845
v -2.217878 -5.156925 -4.396538
v -2.225492 -5.154524 -4.398249
v -2.223448 -5.155782 -4.397601
v -2.220770 -5.156624 -4.397000
v -1.620478 -5.154246 -4.319141
v -1.628962 -5.158236 -4.320988
v -1.621500 -5.155779 -4.319563
v -1.623472 -5.157076 -4.320062
v -1.626093 -5.157938 -4.320562
v -3.989092 -5.080169 -2.307138
v -3.993544 -5.084229 -2.311095
v -3.989805 -5.081702 -2.307718
v -3.990904 -5.083013 -2.308675
v -3.992216 -5.083901 -2.309860
v -4.267328 -5.086345 -2.569472
v -4.262697 -5.090096 -2.565088
v -4.266542 -5.087799 -2.568722
v -4.265383 -5.089026 -2.567626
v -4.264032 -5.089831 -2.566350
v -4.721235 -5.042647 -1.199114
v -4.716478 -5.047149 -1.209284
v -4.720835 -5.044266 -1.199808
v -4.719790 -5.045691 -1.201986
v -4.718260 -5.046702 -1.205313
v -4.443422 -5.049053 -1.351099
v -4.445898 -5.053258 -1.359380
v -4.443987 -5.050598 -1.352011
v -4.444654 -5.051940 -1.353904
v -4.445326 -5.052875 -1.356491
v -4.561621 -5.068609 -2.032362
v -4.559019 -5.072249 -2.024113
v -4.560984 -5.070064 -2.031318
v -4.560266 -5.071266 -2.029383
v -4.559580 -5.072035 -2.026853
v -4.721155 -4.974675 -0.649750
v -4.722834 -4.974677 -0.650196
v -4.722704 -4.974636 -0.648817
v -1.062033 -5.113336 -4.576043
v -1.062593 -5.113385 -4.577755
v -1.060598 -5.113385 -4.577336
v -3.705618 -3.557184 -4.962014
v -3.706934 -3.558702 -4.966097
v -3.706591 -3.558298 -4.962471
v -3.707182 -3.558978 -4.963408
v -3.707304 -3.559118 -4.964682
v -2.973852 -3.603003 -4.911009
v -2.971727 -3.600589 -4.914643
v -2.972811 -3.601815 -4.911138
v -2.972044 -3.600940 -4.911873
v -2.971663 -3.600510 -4.913105
v -3.276552 -3.949234 -4.962035
v -3.277861 -3.950745 -4.966122
v -3.277521 -3.950344 -4.962492
v -3.278112 -3.951023 -4.963431
v -3.278231 -3.951164 -4.964705
v -3.402937 -3.210974 -4.910991
v -3.400808 -3.208552 -4.914624
v -3.401896 -3.209783 -4.911119
v -3.401125 -3.208908 -4.911854
v -3.400743 -3.208475 -4.913085
v -3.768526 -2.791542 -4.903975
v -3.766371 -2.789091 -4.907606
v -3.767477 -2.790341 -4.904101
v -3.766699 -2.789452 -4.904837
v -3.766310 -2.789014 -4.906067
v -4.071562 -3.138153 -4.955057
v -4.072893 -3.139691 -4.959146
v -4.072538 -3.139274 -4.955515
v -4.073137 -3.139959 -4.956455
v -4.073259 -3.140106 -4.957728
v -4.370436 -2.705610 -4.941913
v -4.371721 -2.707284 -4.945988
v -4.371397 -2.706785 -4.942366
v -4.371981 -2.707513 -4.943298
v -4.372095 -2.707688 -4.944570
v -4.072054 -2.344649 -4.892693
v -4.069925 -2.342034 -4.896338
v -4.071016 -2.343383 -4.892826
v -4.070242 -2.342444 -4.893564
v -4.069860 -2.341971 -4.894798
v -4.752626 -1.463726 -4.929798
v -4.755842 -1.455459 -4.934246
v -4.753996 -1.460720 -4.930191
v -4.755091 -1.458092 -4.931177
v -4.755739 -1.456246 -4.932600
v -4.651224 -2.229356 -4.922302
v -4.651205 -2.233341 -4.925951
v -4.651686 -2.231414 -4.922590
v -4.651846 -2.232896 -4.923387
v -4.651678 -2.233572 -4.924566
v -4.464064 -1.522349 -4.917723
v -4.463144 -1.516943 -4.921802
v -4.463484 -1.520018 -4.918022
v -4.463106 -1.518170 -4.918900
v -4.462988 -1.517089 -4.920227
v -2.485712 -3.946764 -4.902652
v -2.483435 -3.944423 -4.906283
v -2.484613 -3.945605 -4.902778
v -2.483797 -3.944752 -4.903513
v -2.483381 -3.944339 -4.904744
v -2.805895 -4.286757 -4.954474
v -2.807348 -4.288190 -4.958577
v -2.806921 -4.287842 -4.954936
v -2.807558 -4.288494 -4.955876
v -2.807707 -4.288617 -4.957156
v -1.421461 -4.717902 -4.886206
v -1.412123 -4.721468 -4.889973
v -1.418024 -4.719416 -4.886390
v -1.415041 -4.720623 -4.887171
v -1.412970 -4.721345 -4.888430
v -1.537741 -4.408910 -4.869586
v -1.532007 -4.408185 -4.873095
v -1.535322 -4.408370 -4.869666
v -1.533381 -4.408041 -4.870359
v -1.532217 -4.407976 -4.871563
v -2.268454 -4.587891 -4.938934
v -2.273020 -4.587634 -4.943151
v -2.270674 -4.588331 -4.939433
v -2.272322 -4.588438 -4.940409
v -2.273146 -4.588193 -4.941716
v -3.665464 -3.511645 -5.063796
v -3.661089 -3.506652 -5.066918
v -3.664663 -3.510733 -5.065138
v -3.663549 -3.509464 -5.066203
v -3.662294 -3.508033 -5.066828
v -2.991022 -3.623034 -5.022322
v -2.994623 -3.627169 -5.026921
v -2.991522 -3.623611 -5.023934
v -2.992384 -3.624601 -5.025374
v -2.993471 -3.625849 -5.026423
v -3.236395 -3.903693 -5.063813
v -3.232019 -3.898702 -5.066939
v -3.235594 -3.902778 -5.065156
v -3.234480 -3.901510 -5.066222
v -3.233225 -3.900080 -5.066848
v -3.420103 -3.230999 -5.022304
v -3.423708 -3.235139 -5.026904
v -3.420603 -3.231576 -5.023917
v -3.421465 -3.232566 -5.025357
v -3.422556 -3.233818 -5.026406
v -3.785666 -2.811534 -5.015283
v -3.789301 -2.815705 -5.019888
v -3.786169 -2.812115 -5.016895
v -3.787035 -2.813114 -5.018337
v -3.788134 -2.814373 -5.019388
v -4.031424 -3.092638 -5.056839
v -4.027029 -3.087625 -5.059963
v -4.030622 -3.091723 -5.058183
v -4.029505 -3.090449 -5.059248
v -4.028242 -3.089008 -5.059873
v -4.330259 -2.660232 -5.043674
v -4.325922 -2.655050 -5.046824
v -4.329458 -2.659305 -5.045019
v -4.328352 -2.657994 -5.046091
v -4.327112 -2.656499 -5.046723
v -4.089216 -2.364479 -5.004013
v -4.092813 -2.368845 -5.008600
v -4.089716 -2.365076 -5.005623
v -4.090578 -2.366115 -5.007061
v -4.091661 -2.367438 -5.008106
v -4.744879 -1.443293 -5.036123
v -4.740309 -1.451469 -5.040184
v -4.744394 -1.443760 -5.037741
v -4.743353 -1.445475 -5.039082
v -4.741919 -1.448183 -5.039938
v -4.609743 -2.186292 -5.023632
v -4.607000 -2.178316 -5.027306
v -4.609064 -2.185152 -5.025019
v -4.608305 -2.183237 -5.026205
v -4.607580 -2.180836 -5.027008
v -4.482439 -1.539386 -5.029476
v -4.484522 -1.547192 -5.033525
v -4.482821 -1.540245 -5.031046
v -4.483355 -1.542030 -5.032369
v -4.483950 -1.544469 -5.033237
v -2.502729 -3.966866 -5.013957
v -2.506525 -3.970909 -5.018565
v -2.503244 -3.967435 -5.015570
v -2.504145 -3.968406 -5.017013
v -2.505297 -3.969623 -5.018064
v -2.765890 -4.241146 -5.056249
v -2.761324 -4.236251 -5.059379
v -2.765070 -4.240240 -5.057595
v -2.763918 -4.238991 -5.058662
v -2.762602 -4.237587 -5.059289
v -1.401129 -4.709265 -4.992164
v -1.411062 -4.704042 -4.996670
v -1.401751 -4.708715 -4.993769
v -1.403856 -4.707530 -4.995190
v -1.407125 -4.705889 -4.996209
v -1.551302 -4.430627 -4.980762
v -1.559401 -4.432652 -4.985529
v -1.552145 -4.431044 -4.982388
v -1.553980 -4.431576 -4.983867
v -1.556528 -4.432141 -4.984971
v -2.231577 -4.540608 -5.040788
v -2.223169 -4.537771 -5.043817
v -2.230463 -4.539855 -5.042132
v -2.228476 -4.539053 -5.043179
v -2.225916 -4.538321 -5.043771
v -0.855371 -4.720026 -4.900208
v -0.855825 -4.721695 -4.900380
v -0.853880 -4.721229 -4.900195
v -4.724329 -0.944208 -5.007202
v -4.726225 -0.944601 -5.007225
v -4.724989 -0.943037 -5.007267
v -4.726015 -0.943251 -5.007282
v -4.772566 -1.962189 -4.963136
v -4.774477 -1.953678 -4.963169
v -4.773367 -1.960399 -4.963085
v -4.774012 -1.958151 -4.963074
v -4.774401 -1.955792 -4.963101
v -1.071817 -5.177635 -4.552453
v -1.088579 -4.707870 -5.039361
v -5.206320 -1.001988 -4.576454
v -4.733278 -0.999434 -5.071892
v -1.070898 -5.177936 -4.552893
vn 0.9940 -0.0611 -0.0902
vn 0.9999 -0.0060 -0.0114
vn 0.9940 -0.0651 -0.0875
vn -0.3659 -0.6167 -0.6970
vn -0.4551 -0.6296 -0.6297
vn -0.4551 -0.5902 -0.6667
vn 0.9999 -0.0063 -0.0113
vn 0.9966 0.0604 0.0557
vn -0.2613 0.7547 0.6018
vn -0.3530 0.7619 0.5430
vn -0.2584 0.7873 0.5599
vn 0.9999 -0.0063 -0.0112
vn 0.9940 -0.0860 -0.0674
vn 0.9942 -0.0804 -0.0717
vn -0.3645 -0.5754 -0.7322
vn -0.4539 -0.5507 -0.7005
vn -0.2607 0.5887 0.7651
vn -0.3520 0.5067 0.7870
vn -0.3561 0.5697 0.7407
vn -0.2631 0.6802 0.6841
vn -0.3573 0.6964 0.6223
vn -0.2623 0.7200 0.6425
vn 0.9940 -0.0787 -0.0758
vn 0.9942 -0.0723 -0.0796
vn 0.9967 0.0623 0.0521
vn -0.3489 0.7951 0.4960
vn -0.2545 0.8211 0.5109
vn -0.3475 -0.8246 -0.4463
vn -0.4430 -0.7619 -0.4725
vn -0.3535 -0.7945 -0.4939
vn -0.3577 -0.7624 -0.5393
vn -0.4515 -0.6988 -0.5548
vn -0.3616 -0.7297 -0.5803
vn -0.3433 0.8279 0.4435
vn -0.2495 0.8542 0.4561
vn -0.3379 0.8512 0.4016
vn -0.2458 0.8772 0.4124
vn -0.3389 -0.8657 -0.3683
vn -0.4295 -0.8174 -0.3840
vn -0.3415 -0.8503 -0.4005
vn 0.9938 -0.0909 -0.0635
vn -0.3352 0.8613 0.3819
vn -0.2440 0.8873 0.3914
vn -0.3602 0.6971 0.6199
vn -0.0790 0.8580 0.5076
vn -0.2790 -0.9472 -0.1579
vn -0.4238 -0.8341 -0.3530
vn 0.9938 -0.0968 -0.0542
vn 0.9938 -0.0952 -0.0581
vn -0.3626 -0.5357 -0.7626
vn -0.4516 -0.5128 -0.7302
vn -0.3602 -0.5020 -0.7863
vn -0.4489 -0.4805 -0.7534
vn -0.2537 0.4592 0.8514
vn -0.3427 0.4135 0.8435
vn -0.3463 0.4453 0.8257
vn 0.9966 0.0573 0.0597
vn -0.3611 -0.4799 -0.7996
vn -0.4469 -0.4597 -0.7675
vn -0.3634 -0.4388 -0.8218
vn -0.4354 -0.4301 -0.7909
vn -0.2514 0.4266 0.8688
vn -0.3611 0.6447 0.6738
vn 1.0000 0.0021 -0.0087
vn 0.9966 0.0497 0.0657
vn 0.9999 -0.0038 -0.0114
vn -0.5264 -0.6014 -0.6010
vn -0.5262 -0.5638 -0.6365
vn -0.9999 0.0063 0.0113
vn -0.9975 -0.0613 -0.0363
vn -0.3557 0.7300 0.5836
vn -0.4335 0.7341 0.5226
vn -0.9955 0.0770 0.0554
vn -0.9955 0.0799 0.0511
vn -0.5244 -0.5264 -0.6693
vn -0.5225 -0.4903 -0.6976
vn -0.3581 0.6580 0.6624
vn -0.4381 0.5937 0.6750
vn -0.4391 0.6330 0.6376
vn -0.4380 0.6701 0.5993
vn -0.3578 0.6165 0.7014
vn -0.4369 0.5475 0.7137
vn -0.4539 -0.6660 -0.5920
vn -0.4480 -0.7304 -0.5156
vn -0.5229 -0.6678 -0.5297
vn -0.5186 -0.6988 -0.4927
vn -0.4227 0.7988 0.4281
vn -0.9955 0.0735 0.0593
vn -0.4366 -0.7918 -0.4272
vn -0.5140 -0.7292 -0.4517
vn -0.5076 -0.7586 -0.4085
vn -0.4129 0.8324 0.3695
vn -0.9951 0.0861 0.0485
vn -0.5004 -0.7837 -0.3681
vn -0.3745 -0.9132 -0.1607
vn -0.4942 -0.8005 -0.3391
vn -0.5184 0.6382 0.5692
vn -0.9976 -0.0452 -0.0534
vn -0.9999 0.0060 0.0113
vn -0.4323 0.4873 0.7587
vn -0.4250 0.4280 0.7976
vn -0.5189 -0.4601 -0.7205
vn -0.5151 -0.4408 -0.7351
vn -0.9999 0.0037 0.0111
vn -0.9968 -0.0437 -0.0662
vn -0.9975 -0.0419 -0.0575
vn -0.4199 0.3978 0.8158
vn -0.5248 0.5923 0.6113
vn -0.4775 -0.2454 -0.8437
vn -0.2627 0.6371 0.7246
vn 0.0520 -0.0162 -0.9985
vn -0.3486 -0.0533 -0.9357
vn -0.0486 -0.0486 -0.9976
vn -0.3845 -0.2590 -0.8861
vn -0.9955 0.0603 0.0725
vn -0.9955 0.0556 0.0761
vn -0.4361 0.7024 0.5625
vn -0.9956 0.0631 0.0690
vn 1.0000 0.0097 -0.0015
vn 0.9961 0.0509 0.0723
vn 0.9941 -0.0697 -0.0832
vn -0.9958 0.0362 0.0846
vn -0.9999 -0.0117 -0.0026
vn -1.0000 -0.0029 0.0070
vn 0.0625 -0.9978 0.0234
vn 0.2350 -0.9702 0.0588
vn -0.0405 -0.9991 -0.0093
vn 0.0901 -0.9959 0.0097
vn -0.1411 -0.9896 -0.0271
vn -0.9974 -0.0641 -0.0324
vn -0.3641 -0.6957 -0.6192
vn -0.9976 -0.0479 -0.0502
vn -0.9999 0.0062 0.0113
vn -0.5251 -0.6359 -0.5655
vn 0.9953 0.0140 -0.0957
vn 0.9950 0.0559 0.0831
vn 0.9911 -0.0214 -0.1312
vn 0.9957 -0.0456 -0.0801
vn -0.9928 -0.0443 -0.1117
vn -0.9955 -0.0506 -0.0805
vn -0.9961 0.0279 0.0831
vn -0.9946 -0.0230 -0.1011
vn 0.9934 -0.1022 -0.0519
vn 0.9965 0.0707 0.0441
vn -0.4299 0.7655 0.4788
vn -0.9968 -0.0760 -0.0231
vn -0.9999 0.0064 0.0114
vn 0.9965 0.0690 0.0480
vn 0.9964 0.0742 0.0399
vn -0.9955 0.0678 0.0655
vn -0.2584 0.5229 0.8123
vn -0.1259 0.9908 0.0504
vn 0.0038 0.9998 -0.0200
vn 0.0055 0.9969 0.0783
vn -0.9956 0.0469 0.0808
vn 0.9999 -0.0063 -0.0114
vn 0.9926 -0.1165 -0.0347
vn 0.9959 0.0855 0.0295
vn 0.9947 -0.1025 -0.0073
vn -0.9950 0.0880 0.0472
vn -0.9962 -0.0869 0.0084
vn -0.9990 -0.0108 0.0443
vn -0.9963 -0.0859 -0.0102
vn 0.2522 0.0261 -0.9673
vn 0.4198 0.0886 -0.9033
vn 0.9946 -0.0536 -0.0889
vn 0.0924 -0.0173 -0.9956
vn -0.9971 -0.0716 -0.0248
vn -0.3644 -0.6582 -0.6588
vn -0.9954 0.0713 0.0632
vn -0.9973 -0.0679 -0.0285
vn 0.9963 0.0788 0.0348
vn -0.4166 0.8221 0.3881
vn -0.4487 -0.8783 -0.1653
vn -0.9976 -0.0568 -0.0395
vn -0.9975 -0.0563 -0.0429
vn -0.9976 -0.0509 -0.0462
vn 0.9967 0.0520 0.0627
vn 0.9959 0.0849 0.0314
vn -0.0073 -1.0000 -0.0010
vn -0.0060 -0.9999 0.0131
vn -0.0056 -0.9999 0.0149
vn -0.0955 -0.0623 0.9935
vn 0.0114 0.0187 0.9998
vn 0.0107 -0.0743 0.9972
vn -0.0384 -0.1891 0.9812
vn 0.0107 -0.0795 0.9968
vn 0.0914 -0.9892 0.1143
vn -0.0062 -0.9998 0.0188
vn 0.0938 -0.9954 0.0176
vn -0.0073 -0.0291 -0.9995
vn -0.0099 -0.0185 -0.9998
vn -0.0949 -0.1020 -0.9902
vn -0.1035 0.9944 -0.0205
vn 0.0027 0.9949 -0.1010
vn 0.9999 -0.0047 -0.0108
vn 0.9796 -0.1104 -0.1678
vn 0.9940 -0.0064 -0.1092
vn -0.0753 -0.9960 -0.0487
vn 0.0223 -0.9984 -0.0516
vn -0.9999 -0.0102 0.0020
vn -0.9999 0.0107 0.0013
vn -1.0000 0.0036 -0.0024
vn -0.0941 0.9953 -0.0223
vn 0.0050 0.9998 -0.0186
vn -0.0773 0.9970 -0.0009
vn -0.9940 0.0064 0.1094
vn -0.9961 -0.0665 -0.0573
vn -0.9968 -0.0676 0.0436
vn 0.1005 0.9882 -0.1156
vn 0.0039 0.9932 -0.1163
vn -1.0000 0.0065 0.0039
vn -0.9902 0.1040 0.0930
vn -0.0106 -0.0201 -0.9997
vn 0.1369 0.1276 -0.9823
vn 0.1681 -0.0229 -0.9855
vn -0.0114 -0.0194 -0.9997
vn -0.0802 -0.7177 -0.6918
vn -0.0085 -0.6615 -0.7499
vn -0.0279 -0.6838 -0.7291
vn -0.0935 0.0185 0.9955
vn 0.0117 0.1157 0.9932
vn 0.0114 0.0181 0.9998
vn -0.0045 -0.9999 0.0160
vn -0.0073 -0.9964 -0.0846
vn -0.0056 -0.9999 0.0138
vn -0.1543 -0.9846 0.0818
vn -0.9992 0.0327 0.0239
vn -1.0000 0.0049 -0.0044
vn -0.9955 0.0942 -0.0072
vn 0.0735 -0.7528 -0.6541
vn -0.0094 -0.7203 -0.6936
vn 0.4219 0.7729 0.4739
vn 0.5798 0.5816 0.5706
vn 0.6089 0.6102 0.5068
vn -0.0108 -0.0195 -0.9998
vn -0.0120 -0.1130 -0.9935
vn -0.1094 -0.1121 -0.9877
vn -0.0060 -0.9999 0.0128
vn 0.0833 -0.9965 0.0116
vn -1.0000 0.0049 0.0050
vn -0.9953 0.0062 0.0966
vn -0.9959 -0.0899 -0.0016
vn -0.9812 -0.0405 0.1885
vn -0.1038 -0.9945 0.0131
vn 0.9877 0.0639 -0.1430
vn 0.9955 0.0940 -0.0130
vn -0.7767 -0.6154 0.1343
vn -0.7105 -0.6992 0.0786
vn -0.7125 -0.6999 0.0498
vn -0.0078 -0.9999 0.0146
vn 0.1585 -0.9864 -0.0444
vn -0.6525 -0.7570 0.0350
vn -0.6748 -0.7342 -0.0750
vn 0.9932 -0.0068 -0.1160
vn 0.9964 -0.0847 -0.0089
vn -0.9999 0.0118 0.0035
vn -0.9941 0.0032 -0.1086
vn -0.9927 -0.0829 -0.0876
vn -0.0232 -0.0153 -0.9996
vn -0.0117 -0.0202 -0.9997
vn -0.0113 0.0739 -0.9972
vn 0.0195 -0.9991 0.0371
vn -0.9358 0.3520 -0.0207
vn -0.1562 0.9802 -0.1215
vn -0.0947 0.9953 -0.0188
vn 0.0814 -0.1066 0.9910
vn 0.1089 0.0180 0.9939
vn -0.7140 -0.1151 -0.6907
vn -0.6537 -0.1451 -0.7427
vn -0.7159 -0.0793 -0.6937
vn 0.6017 0.5346 0.5934
vn 0.5267 0.6075 0.5946
vn 0.4915 0.5108 0.7053
vn -0.7859 -0.0526 -0.6161
vn -0.8382 -0.0015 -0.5453
vn 0.9894 -0.1315 0.0613
vn 0.9940 -0.1093 -0.0099
vn -0.1088 -0.0194 -0.9939
vn -0.0112 -0.0203 -0.9997
vn 0.0042 0.9965 -0.0829
vn 0.1030 0.9945 -0.0192
vn -0.0232 0.1705 -0.9851
vn 0.7271 0.4991 0.4714
vn -0.1176 -0.9883 -0.0971
vn 0.1074 -0.0793 0.9910
vn -0.7076 -0.1752 -0.6846
vn -0.7345 -0.2168 -0.6431
vn -0.6771 -0.2886 -0.6769
vn -0.0868 0.0185 0.9961
vn -0.1676 -0.6345 -0.7545
vn -0.0107 -0.7742 -0.6328
vn -0.1076 -0.7165 -0.6892
vn -0.7613 -0.6339 0.1360
vn -0.7117 -0.7022 -0.0199
vn 0.9900 0.0889 -0.1096
vn -0.6290 -0.7661 -0.1319
vn -0.9999 0.0064 -0.0101
vn -0.9920 -0.0854 -0.0929
vn 0.0382 -0.0337 0.9987
vn 0.0109 -0.0631 0.9979
vn -0.1484 -0.0852 0.9853
vn -0.0914 0.9927 0.0782
vn 0.0113 0.0014 -0.9999
vn 0.0858 0.0783 -0.9932
vn -0.0114 -0.0181 -0.9998
vn -0.0108 0.0800 -0.9967
vn -0.0819 -0.0877 -0.9928
vn -0.0899 0.0138 -0.9959
vn -0.0050 -0.9927 0.1203
vn -0.0238 -0.9995 0.0193
vn -0.0050 -0.9932 0.1165
vn -0.0795 -0.9956 0.0504
vn 0.9962 -0.0045 0.0867
vn 0.9924 -0.1224 -0.0091
vn -0.9949 0.1004 0.0093
vn -0.9974 0.0342 -0.0634
vn -0.9891 0.1022 0.1064
vn -0.9999 0.0046 0.0113
vn 0.0791 -0.0207 -0.9966
vn 0.0871 -0.0185 -0.9960
vn 0.0198 -0.0922 -0.9955
vn -0.1143 0.9792 -0.1678
vn -0.1128 -0.9894 -0.0909
vn 0.9957 -0.0210 -0.0908
vn 0.9939 -0.0916 -0.0610
vn 0.9864 -0.1629 -0.0234
vn -0.0781 0.9936 -0.0813
vn 0.0062 0.9995 -0.0296
vn -0.0736 0.9936 -0.0853
vn -0.7345 -0.3656 -0.5717
vn -0.6692 -0.4575 -0.5855
vn -0.7042 -0.4559 -0.5444
vn 0.0760 0.9966 0.0333
vn 0.6356 -0.2548 0.7287
vn 0.5752 -0.3456 0.7415
vn 0.5951 -0.2504 0.7637
vn -0.0548 0.9928 -0.1069
vn -0.0578 0.9931 -0.1021
vn -0.7675 -0.3637 -0.5279
vn -0.7362 -0.4530 -0.5027
vn 0.7894 -0.2622 0.5551
vn 0.8043 -0.3552 0.4764
vn 0.7623 -0.3569 0.5399
vn 0.7135 -0.2606 0.6504
vn 0.6509 -0.3530 0.6721
vn 0.6740 -0.2580 0.6923
vn -0.0621 0.9932 -0.0985
vn -0.0657 0.9934 -0.0941
vn 0.0733 0.9966 0.0383
vn 0.5301 -0.3399 0.7769
vn 0.5479 -0.2456 0.7997
vn -0.4942 -0.3583 -0.7921
vn -0.5189 -0.4514 -0.7260
vn -0.5402 -0.3631 -0.7592
vn -0.5840 -0.3650 -0.7251
vn -0.5980 -0.4569 -0.6585
vn -0.6235 -0.3670 -0.6903
vn 0.4794 -0.3325 0.8122
vn 0.4948 -0.2397 0.8353
vn 0.4389 -0.3258 0.8374
vn 0.4526 -0.2330 0.8607
vn -0.4183 -0.3520 -0.8373
vn -0.4331 -0.4408 -0.7862
vn -0.4503 -0.3537 -0.8198
vn -0.0496 0.9927 -0.1101
vn 0.4198 -0.3225 0.8484
vn 0.4328 -0.2308 0.8715
vn 0.5214 -0.3396 0.7828
vn 0.5505 -0.0661 0.8322
vn -0.2114 -0.2975 -0.9310
vn -0.4029 -0.4361 -0.8046
vn 0.0061 0.9995 -0.0296
vn -0.0413 0.9920 -0.1193
vn -0.0458 0.9923 -0.1154
vn -0.7973 -0.3618 -0.4831
vn -0.7659 -0.4490 -0.4603
vn -0.8241 -0.3551 -0.4413
vn -0.7916 -0.4441 -0.4197
vn 0.8671 -0.2595 0.4252
vn 0.8544 -0.3495 0.3845
vn 0.8387 -0.3519 0.4156
vn 0.0802 0.9963 0.0293
vn -0.8403 -0.3538 -0.4108
vn -0.8083 -0.4402 -0.3911
vn -0.9362 -0.2995 -0.1840
vn -0.9004 -0.3951 -0.1822
vn 0.8830 -0.2564 0.3932
vn 0.6993 -0.3588 0.6183
vn 0.0876 0.9960 0.0182
vn -0.6404 -0.5287 -0.5571
vn -0.6740 -0.5267 -0.5180
vn -0.0062 -0.9995 0.0296
vn -0.0570 -0.9977 -0.0354
vn -0.0061 -0.9995 0.0296
vn 0.6140 -0.3498 0.7076
vn 0.5526 -0.4263 0.7161
vn 0.0417 -0.9944 0.0975
vn 0.0376 -0.9942 0.1010
vn -0.7047 -0.5241 -0.4783
vn -0.7335 -0.5197 -0.4380
vn 0.6889 -0.3554 0.6317
vn 0.6968 -0.4380 0.5680
vn 0.6614 -0.4365 0.6099
vn 0.6252 -0.4333 0.6491
vn 0.7258 -0.3567 0.5882
vn 0.7324 -0.4375 0.5217
vn -0.6334 -0.4578 -0.6239
vn -0.5604 -0.4548 -0.6922
vn -0.5727 -0.5276 -0.6274
vn -0.5366 -0.5266 -0.6593
vn 0.4612 -0.4124 0.7857
vn 0.0453 -0.9945 0.0941
vn -0.4751 -0.4465 -0.7582
vn -0.4978 -0.5220 -0.6926
vn -0.4561 -0.5175 -0.7240
vn 0.4047 -0.4000 0.8223
vn 0.0355 -0.9937 0.1063
vn -0.4167 -0.5115 -0.7515
vn -0.2243 -0.3669 -0.9028
vn -0.3884 -0.5054 -0.7705
vn 0.4797 -0.4717 0.7398
vn -0.0729 -0.9972 -0.0173
vn 0.7730 -0.4363 0.4605
vn 0.8083 -0.4296 0.4026
vn -0.7587 -0.5143 -0.3999
vn -0.7754 -0.5096 -0.3730
vn -0.0798 -0.9968 -0.0102
vn -0.0763 -0.9970 -0.0136
vn 0.8241 -0.4264 0.3730
vn 0.7930 -0.4639 0.3949
vn -0.8651 -0.4668 -0.1836
vn 0.7516 -0.2618 0.6054
vn -0.9974 0.0708 0.0143
vn -0.9994 -0.0319 -0.0143
vn -0.9907 -0.1327 -0.0285
vn 0.0583 -0.9950 0.0807
vn 0.0607 -0.9953 0.0759
vn 0.5898 -0.4302 0.6834
vn 0.0546 -0.9950 0.0840
vn 0.0927 0.9956 0.0133
vn -0.0698 0.9935 -0.0898
vn 0.0697 -0.9953 0.0669
vn -0.0269 0.0387 -0.9989
vn 0.0896 0.1884 -0.9780
vn -0.0575 -0.0968 -0.9936
vn 0.0408 0.0021 -0.9992
vn -0.0759 -0.2004 -0.9768
vn -0.0531 -0.9979 -0.0384
vn -0.6604 -0.3686 -0.6542
vn -0.0704 -0.9973 -0.0214
vn -0.6064 -0.5287 -0.5939
vn -0.0902 0.9956 -0.0263
vn 0.0983 0.9951 0.0113
vn -0.1017 0.9933 -0.0557
vn -0.0851 0.9936 -0.0744
vn -0.0969 -0.9953 0.0060
vn -0.0824 -0.9966 -0.0081
vn 0.0737 -0.9952 0.0649
vn -0.1013 -0.9945 0.0262
vn -0.0390 0.9916 -0.1234
vn 0.0656 0.9968 0.0451
vn 0.5095 -0.4201 0.7510
vn -0.0445 -0.9977 -0.0505
vn -0.0060 -0.9995 0.0297
vn 0.0688 0.9968 0.0411
vn 0.0612 0.9969 0.0489
vn 0.0510 -0.9949 0.0872
vn 0.8323 -0.2614 0.4888
vn -0.1257 -0.1637 0.9785
vn -0.0744 -0.0815 0.9939
vn -0.1299 -0.1596 0.9786
vn 0.0639 -0.9955 0.0705
vn 0.0060 0.9995 -0.0297
vn -0.0229 0.9902 -0.1375
vn 0.0520 0.9968 0.0612
vn 0.0050 0.9921 -0.1253
vn 0.0339 -0.9935 0.1083
vn -0.0138 -0.9978 -0.0646
vn 0.0257 -0.9996 0.0122
vn -0.0322 -0.9976 -0.0617
vn -0.9611 0.2720 0.0472
vn -0.8848 0.4545 0.1026
vn -0.0815 0.9937 -0.0765
vn -0.9637 -0.0630 0.2595
vn -0.0462 -0.9978 -0.0466
vn -0.6985 -0.3660 -0.6150
vn 0.0489 -0.9946 0.0913
vn -0.0498 -0.9978 -0.0428
vn 0.0565 0.9970 0.0531
vn 0.4226 -0.4045 0.8111
vn -0.2246 -0.4326 -0.8731
vn -0.0603 -0.9977 -0.0319
vn -0.0631 -0.9976 -0.0284
vn -0.0667 -0.9975 -0.0249
vn 0.0832 0.9962 0.0242
vn 0.0531 0.9969 0.0575
vn -0.5580 -0.6941 -0.4548
vn -0.5677 -0.6212 -0.5402
vn -0.5268 -0.6565 -0.5398
vn -0.0109 -0.0119 0.9999
vn 0.7427 0.6490 -0.1651
vn 0.7590 0.5967 -0.2604
vn 0.7771 0.6081 -0.1623
vn -0.1508 -0.1402 0.9786
vn -0.1465 -0.1438 0.9787
vn -0.5150 -0.7279 -0.4527
vn -0.4855 -0.6891 -0.5380
vn 0.5703 0.8043 -0.1668
vn 0.4958 0.8282 -0.2615
vn 0.5591 0.7859 -0.2640
vn 0.6653 0.7279 -0.1659
vn 0.6905 0.6734 -0.2641
vn 0.7066 0.6879 -0.1660
vn -0.1431 -0.1480 0.9786
vn -0.1387 -0.1517 0.9786
vn -0.0072 -0.0159 0.9998
vn 0.7961 0.5480 -0.2569
vn 0.8148 0.5574 -0.1595
vn -0.7699 -0.4651 -0.4370
vn -0.7065 -0.4720 -0.5272
vn -0.7440 -0.5010 -0.4421
vn -0.7108 -0.5432 -0.4469
vn -0.6403 -0.5497 -0.5365
vn -0.6760 -0.5824 -0.4515
vn 0.8402 0.4808 -0.2508
vn 0.8584 0.4894 -0.1538
vn 0.8762 0.4158 -0.2437
vn 0.8929 0.4253 -0.1479
vn -0.7873 -0.4345 -0.4375
vn -0.7461 -0.4183 -0.5181
vn -0.7831 -0.4438 -0.4357
vn -0.1549 -0.1362 0.9785
vn 0.8927 0.3818 -0.2395
vn 0.9081 0.3923 -0.1466
vn 0.8739 0.4204 -0.2441
vn 0.8735 0.4862 -0.0231
vn -0.8067 -0.3938 -0.4406
vn -0.7516 -0.4101 -0.5166
vn -0.0755 -0.0681 0.9948
vn -0.1261 -0.1085 0.9861
vn -0.1534 -0.1300 0.9796
vn -0.4708 -0.7589 -0.4499
vn -0.4434 -0.7193 -0.5347
vn -0.4288 -0.7854 -0.4464
vn -0.4033 -0.7457 -0.5303
vn 0.4407 0.8829 -0.1622
vn 0.4040 0.8784 -0.2555
vn 0.4351 0.8627 -0.2578
vn -0.0154 -0.0084 0.9998
vn -0.3984 -0.8016 -0.4459
vn -0.3749 -0.7630 -0.5266
vn -0.1748 -0.9046 -0.3887
vn -0.1687 -0.8605 -0.4806
vn 0.4086 0.8981 -0.1626
vn 0.5048 0.8223 -0.2628
vn -0.0744 -0.0814 0.9939
vn -0.0263 -0.0009 0.9997
vn -0.5363 -0.5868 -0.6066
vn -0.4970 -0.6204 -0.6067
vn 0.0744 0.0815 -0.9939
vn 0.0089 0.0310 -0.9995
vn 0.7256 0.6361 -0.2626
vn 0.7371 0.5815 -0.3442
vn 0.1442 0.1246 -0.9817
vn 0.0715 0.0632 -0.9954
vn 0.1530 0.0977 -0.9834
vn -0.4577 -0.6517 -0.6047
vn -0.4177 -0.6809 -0.6017
vn 0.6504 0.7119 -0.2650
vn 0.5907 0.7278 -0.3484
vn 0.6323 0.6919 -0.3484
vn 0.6709 0.6551 -0.3474
vn 0.6072 0.7491 -0.2649
vn 0.5445 0.7634 -0.3476
vn -0.6058 -0.5852 -0.5390
vn -0.6738 -0.5121 -0.5327
vn -0.6057 -0.5185 -0.6036
vn -0.6384 -0.4830 -0.5992
vn 0.8187 0.4678 -0.3330
vn 0.1385 0.1314 -0.9816
vn 0.0748 0.0800 -0.9940
vn -0.7321 -0.4380 -0.5217
vn -0.6698 -0.4448 -0.5946
vn -0.6949 -0.4125 -0.5890
vn 0.8729 0.3684 -0.3200
vn 0.0509 0.0280 -0.9983
vn 0.1604 0.0578 -0.9854
vn -0.7099 -0.3943 -0.5836
vn -0.7746 -0.3750 -0.5093
vn -0.7186 -0.3885 -0.5768
vn 0.8359 0.3926 -0.3835
vn 0.0270 0.0150 -0.9995
vn 0.4836 0.8046 -0.3446
vn 0.4253 0.8389 -0.3397
vn -0.3800 -0.7066 -0.5970
vn -0.3535 -0.7240 -0.5924
vn 0.0342 0.0083 -0.9994
vn 0.0306 0.0114 -0.9995
vn 0.3959 0.8551 -0.3347
vn 0.5949 0.6708 -0.4428
vn -0.1666 -0.8185 -0.5499
vn 0.6202 0.7664 -0.1671
vn 0.0062 -0.9999 -0.0160
vn -0.0178 -0.9926 -0.1205
vn -0.0274 -0.9750 -0.2206
vn 0.1251 0.1443 -0.9816
vn 0.1210 0.1475 -0.9816
vn 0.7047 0.6191 -0.3465
vn 0.1288 0.1411 -0.9816
vn -0.0309 0.0050 0.9995
vn -0.1347 -0.1562 0.9785
vn 0.1116 0.1559 -0.9815
vn -0.9981 0.0621 -0.0002
vn -0.9837 0.1112 0.1415
vn -0.9942 0.0292 -0.1036
vn -0.9297 0.3306 -0.1622
vn -0.9802 0.0082 -0.1981
vn 0.0056 0.0347 -0.9994
vn -0.6406 -0.6199 -0.4531
vn 0.0233 0.0182 -0.9996
vn -0.5728 -0.5525 -0.6056
vn -0.0714 -0.1768 0.9817
vn -0.0327 0.0106 0.9994
vn -0.1004 -0.1886 0.9769
vn -0.1195 -0.1717 0.9779
vn 0.0499 -0.0122 -0.9987
vn 0.0357 0.0047 -0.9993
vn 0.1097 0.1600 -0.9810
vn 0.0705 -0.0084 -0.9975
vn -0.0624 -0.0357 0.9974
vn -0.0633 -0.0680 0.9957
vn 0.0003 -0.0232 0.9997
vn -0.0749 -0.0800 0.9940
vn 0.7739 0.5344 -0.3398
vn -0.1028 -0.0328 -0.9942
vn 0.0031 -0.0141 -0.9999
vn -0.0030 -0.0193 0.9998
vn 0.0013 -0.0248 0.9997
vn 0.0744 0.0814 -0.9939
vn 0.1323 0.1378 -0.9816
vn 0.5042 0.8478 -0.1645
vn 0.1155 0.1508 -0.9818
vn -0.0242 0.0065 0.9997
vn -0.0608 -0.0045 0.9981
vn 0.0363 0.0571 0.9977
vn -0.1005 0.0387 0.9942
vn 0.1231 0.0136 -0.9923
vn -0.1196 -0.0399 -0.9920
vn -0.0030 -0.0091 -1.0000
vn -0.2032 -0.0582 -0.9774
vn 0.1029 -0.9784 0.1795
vn 0.0790 -0.9227 0.3774
vn -0.1215 -0.1681 0.9783
vn -0.0051 -0.9994 0.0355
vn -0.0372 0.0078 -0.9993
vn -0.6009 -0.6576 -0.4544
vn 0.1357 0.1348 -0.9815
vn -0.0038 0.0300 -0.9995
vn -0.9231 -0.0003 -0.3845
vn -0.9553 0.0253 -0.2946
vn -0.0036 -0.0109 0.9999
vn 0.8556 0.4024 -0.3256
vn -0.8927 -0.0206 -0.4502
vn 0.0122 0.0277 -0.9995
vn 0.0163 0.0249 -0.9996
vn 0.0196 0.0216 -0.9996
vn -0.0203 -0.0050 0.9998
vn 0.0022 0.0222 0.9998
vn 0.4174 -0.9000 0.1256
vn 0.7190 -0.6673 0.1942
vn 0.4105 -0.8945 0.1771
vn 0.5994 -0.7973 0.0705
vn 0.9102 -0.3807 0.1632
vn 0.7130 -0.6568 0.2454
vn 0.8808 -0.3929 0.2641
vn 0.9365 0.3018 0.1787
vn 0.9657 -0.2547 0.0505
vn 0.9994 -0.0005 0.0350
vn 0.9152 0.3329 0.2271
vn 0.9885 -0.0033 0.1513
vn 0.8435 -0.5350 0.0473
vn 0.9776 -0.0024 0.2105
vn 0.4551 0.6988 0.5519
vn 0.1702 0.8768 0.4497
vn 0.5325 -0.0119 0.8463
vn 0.4641 0.5476 0.6963
vn 0.4864 0.7482 0.4513
vn 0.3261 0.8661 0.3789
vn 0.7343 0.4285 0.5265
vn 0.0502 -0.0641 -0.9967
vn -0.3012 -0.1477 -0.9420
vn -0.2704 -0.0415 -0.9619
vn 0.5186 -0.0333 -0.8544
vn -0.0764 -0.1568 -0.9847
vn -0.3161 -0.2425 -0.9172
vn -0.0043 -0.1057 -0.9944
vn -0.1506 -0.2434 -0.9582
vn 0.7464 -0.1434 -0.6499
vn 0.9035 -0.0485 -0.4258
vn 0.8959 -0.1450 -0.4200
vn 0.6507 -0.2084 -0.7302
vn 0.6732 -0.1168 -0.7302
vn 0.4489 -0.2184 -0.8665
vn -0.3501 -0.3366 -0.8741
vn -0.0402 -0.4358 -0.8992
vn -0.1447 -0.3313 -0.9323
vn 0.1126 -0.4253 -0.8980
vn -0.0737 -0.3975 -0.9146
vn 0.7156 0.1724 -0.6769
vn 0.6013 0.0495 -0.7975
vn 0.4206 0.1422 -0.8961
vn 0.7124 0.2228 -0.6654
vn 0.9052 0.1633 -0.3923
vn 0.8409 0.0455 -0.5393
vn 0.8759 0.2592 -0.4070
vn -0.0946 0.5344 0.8399
vn 0.4495 0.5859 0.6743
vn 0.1867 0.6031 0.7755
vn 0.1613 0.4901 0.8566
vn 0.4773 0.4925 0.7277
vn 0.5468 0.8344 -0.0684
vn 0.4672 0.7186 0.5151
vn 0.5470 0.7956 -0.2605
vn 0.7360 0.5546 0.3882
vn 0.9633 0.0647 -0.2604
vn 0.9314 0.2160 0.2931
vn 0.9981 0.0613 -0.0004
vn 0.9844 0.1754 -0.0168
vn 0.9115 0.2615 0.3174
vn 0.9733 0.2289 -0.0182
vn -0.5021 -0.8592 0.0983
vn -0.2299 -0.9732 0.0049
vn 0.0874 -0.9949 0.0501
vn -0.5358 -0.8286 0.1624
vn -0.5087 -0.8606 0.0245
vn -0.7264 -0.6871 0.0157
vn -0.8360 -0.5102 0.2019
vn -0.7444 0.5566 0.3690
vn -0.5160 0.5047 0.6921
vn -0.6315 0.7002 0.3331
vn -0.9197 0.3103 0.2405
vn -0.4653 0.7153 0.5214
vn -0.9089 0.2874 0.3020
vn -0.8634 0.4099 0.2941
vn -0.9493 -0.3114 0.0427
vn -0.9643 0.2219 0.1447
vn -0.9912 -0.0387 0.1270
vn -0.8530 0.4664 0.2344
vn -0.9872 -0.0479 0.1523
vn -0.5036 0.0657 -0.8615
vn 0.0949 0.0254 -0.9952
vn -0.2253 -0.0318 -0.9738
vn -0.5094 -0.0143 -0.8604
vn -0.5350 0.1315 -0.8345
vn -0.8353 0.1721 -0.5221
vn -0.9690 0.1290 0.2106
vn -0.9471 0.0056 -0.3209
vn -0.9997 0.0173 -0.0170
vn -0.8584 0.2331 0.4570
vn -0.9939 0.1014 -0.0438
vn -0.7224 -0.0267 -0.6910
vn -0.9259 0.2325 0.2977
vn -0.9902 0.1288 -0.0535
vn -0.7528 0.3806 0.5370
vn -0.6392 0.3489 0.6854
vn -0.5159 0.7114 0.4772
vn -0.4627 0.5502 0.6951
vn -0.9148 0.2973 0.2733
vn -0.2395 0.9143 0.3265
vn -0.5050 0.8587 0.0871
vn -0.5320 0.6111 0.5861
vn -0.6445 0.6660 0.3756
vn -0.8532 0.4968 0.1589
vn -0.6420 0.4032 0.6521
vn -0.8021 0.4276 0.4170
vn -0.5036 0.1240 0.8550
vn -0.2338 0.3651 0.9011
vn -0.1198 0.0900 0.9887
vn -0.8209 0.1762 0.5433
vn -0.9497 0.2479 0.1916
vn -0.9804 0.1561 0.1206
vn -0.3629 0.6410 -0.6764
vn -0.3625 0.6410 -0.6765
vn -0.3628 0.6410 -0.6763
vn -0.4254 -0.9007 0.0880
vn -0.4255 -0.9006 0.0881
vn -0.7735 -0.2385 -0.5872
vn 0.4463 0.8939 -0.0410
vn 0.4334 0.8983 -0.0726
vn 0.4330 0.8984 -0.0737
vn -0.1302 0.9887 -0.0742
vn -0.6006 0.7781 -0.1839
vn -0.2583 0.9506 -0.1724
vn 0.9603 0.1787 0.2144
vn 0.8285 0.3658 0.4241
vn 0.9743 0.1431 0.1741
vn -0.2327 -0.5853 -0.7767
vn -0.4555 -0.6337 -0.6253
vn -0.7453 0.3780 -0.5492
vn -0.7959 0.5558 -0.2402
vn -0.2588 0.8619 0.4361
vn -0.2587 0.8620 0.4360
vn -0.9434 0.3290 -0.0427
vn -0.1603 -0.1432 0.9766
vn -0.0157 -0.0376 0.9992
vn -0.0256 -0.4886 -0.8721
vn -0.0256 -0.4885 -0.8722
vn -0.0257 -0.4884 -0.8722
vn 0.0784 -0.7552 -0.6507
vn -0.1145 -0.8177 -0.5642
vn 0.1169 0.5077 0.8536
vn -0.8069 -0.5423 0.2342
vn -0.8070 -0.5424 0.2338
vn -0.8068 -0.5424 0.2342
vn 0.9566 -0.2501 -0.1497
vn 0.7714 -0.6112 -0.1770
vn 0.5534 -0.7942 -0.2511
vn 0.4719 -0.8630 -0.1804
vn 0.6186 -0.7847 0.0400
vn -0.6695 -0.2142 -0.7112
vn -0.6698 -0.3563 -0.6515
vn -0.5864 -0.3436 -0.7336
vn 0.3298 -0.9438 -0.0222
vn 0.1859 -0.8572 -0.4803
vn 0.4566 0.8033 0.3824
vn 0.3054 0.9188 0.2502
vn 0.2924 0.9260 0.2387
vn 0.1044 0.8456 -0.5234
vn 0.3468 0.9001 -0.2637
vn 0.0742 0.9862 -0.1478
vn 0.1635 0.4734 -0.8655
vn 0.3851 0.6432 -0.6618
vn 0.5946 0.5840 -0.5527
vn 0.4170 0.4008 -0.8158
vn 0.5391 0.1757 -0.8237
vn 0.1867 0.2171 -0.9581
vn 0.1092 0.1243 -0.9862
vn 0.9053 0.3359 -0.2600
vn 0.8496 0.0900 -0.5198
vn 0.6538 0.3710 -0.6595
vn 0.6406 -0.4344 -0.6332
vn 0.8403 -0.2138 -0.4981
vn 0.8738 -0.1600 -0.4593
vn 0.3494 -0.3237 -0.8793
vn 0.3462 -0.2544 -0.9030
vn 0.4215 -0.2734 -0.8646
vn -0.5696 -0.7758 -0.2717
vn -0.6418 -0.6477 -0.4106
vn 0.2029 -0.5379 -0.8182
vn 0.2029 -0.5379 -0.8183
vn 0.6873 0.0958 -0.7201
vn 0.7240 0.1458 -0.6742
vn 0.8605 -0.4994 0.1010
vn 0.9098 -0.2391 0.3393
vn 0.5434 -0.8174 0.1911
vn 0.6637 -0.6342 0.3967
vn 0.6052 -0.5207 0.6022
vn 0.4370 -0.7822 0.4441
vn 0.3994 -0.6279 0.6680
vn 0.1964 -0.9593 0.2032
vn 0.1929 -0.8412 0.5051
vn 0.1914 -0.9490 0.2506
vn 0.3555 -0.2248 0.9072
vn 0.1172 -0.4804 0.8692
vn -0.2855 -0.6477 0.7064
vn -0.3934 -0.7226 0.5684
vn -0.3288 -0.6519 0.6833
vn -0.4422 -0.8199 -0.3636
vn -0.4423 -0.8199 -0.3637
vn -0.6987 -0.6645 -0.2649
vn -0.3940 -0.7746 0.4947
vn 0.2389 -0.4732 0.8479
vn 0.1955 -0.5471 0.8139
vn 0.2412 -0.4692 0.8495
vn -0.6688 0.7428 -0.0314
vn -0.8776 0.1562 -0.4533
vn -0.6882 0.5860 0.4278
vn -0.2828 0.7733 0.5674
vn -0.5574 0.6919 -0.4588
vn -0.6978 0.1375 -0.7030
vn -0.0004 0.9996 0.0266
vn -0.0225 0.8585 0.5123
vn 0.5767 0.8081 0.1204
vn 0.4182 0.8992 -0.1283
vn -0.3714 0.1060 -0.9224
vn 0.2529 0.4610 -0.8506
vn -0.2913 0.4347 -0.8522
vn 0.2562 0.5973 -0.7600
vn -0.0904 0.5952 -0.7985
vn -0.1678 -0.8805 0.4434
vn -0.3922 -0.9076 0.1500
vn 0.3137 -0.7393 0.5958
vn 0.3996 -0.7130 0.5761
vn -0.7076 -0.6993 0.1013
vn -0.0892 -0.8258 0.5568
vn -0.3916 -0.8853 0.2507
vn 0.3783 0.4136 0.8281
vn 0.5887 0.2897 0.7547
vn 0.2636 0.6079 0.7490
vn 0.1835 0.5079 0.8416
vn 0.4792 0.2564 0.8394
vn 0.6596 0.0604 0.7492
vn -0.1660 -0.0993 0.9811
vn -0.1655 -0.0997 0.9812
vn -0.3468 0.0933 0.9333
vn -0.9192 -0.3667 0.1437
vn -0.9050 0.0752 0.4188
vn -0.9070 -0.1469 0.3946
vn -0.6900 0.2035 0.6946
vn -0.9001 -0.3607 0.2445
vn -0.8605 -0.0591 0.5059
vn -0.9210 -0.1181 -0.3713
vn -0.9237 -0.3652 -0.1162
vn -0.7154 -0.1118 -0.6897
vn -0.8704 -0.3458 -0.3505
vn -0.7289 -0.6792 -0.0858
vn -0.5951 -0.5695 -0.5670
vn -0.6922 -0.6405 -0.3327
vn -0.1405 -0.3948 -0.9080
vn -0.4021 -0.1359 -0.9054
vn -0.1244 -0.7056 -0.6976
vn -0.3820 -0.3649 -0.8491
vn -0.6827 -0.3218 -0.6560
vn -0.3539 -0.8639 -0.3583
vn -0.1527 -0.9175 -0.3672
vn -0.3785 -0.9182 -0.1166
vn -0.3467 -0.6679 -0.6586
vn 0.4675 0.2144 -0.8576
vn 0.1078 -0.3567 -0.9280
vn 0.5832 0.2764 -0.7638
vn 0.3314 -0.1581 -0.9302
vn 0.0632 -0.6724 -0.7375
vn 0.4324 -0.0668 -0.8992
vn 0.2272 -0.3408 -0.9123
vn 0.8677 0.3770 0.3241
vn 0.7772 0.6012 0.1858
vn 0.7784 0.1518 0.6091
vn 0.8621 0.0584 0.5034
vn 0.8724 0.4815 0.0838
vn 0.7458 0.6661 -0.0125
vn 0.9447 -0.1783 -0.2751
vn 0.9445 -0.1754 -0.2779
vn 0.9228 -0.3817 -0.0526
vn 0.3875 -0.8937 -0.2260
vn 0.2975 -0.9540 0.0360
vn 0.0987 -0.9185 -0.3830
vn 0.2892 -0.8507 -0.4390
vn 0.4883 -0.8481 -0.2058
vn -0.5463 0.7850 -0.2920
vn -0.4218 0.9017 -0.0947
vn -0.2182 0.9497 -0.2247
vn -0.5949 0.7143 -0.3687
vn -0.8288 0.4974 -0.2562
vn -0.7634 0.6419 -0.0721
vn -0.8101 0.2209 -0.5431
vn -0.5557 -0.3687 -0.7452
vn -0.1569 -0.5910 -0.7913
vn -0.4320 -0.5922 -0.6802
vn -0.8345 -0.1784 -0.5212
vn -0.1898 0.2469 -0.9503
vn -0.5235 -0.0793 -0.8483
vn -0.1024 0.3639 -0.9258
vn -0.9428 0.3224 -0.0842
vn -0.9475 -0.1639 -0.2745
vn -0.9635 0.1060 -0.2459
vn -0.7723 -0.4106 -0.4847
vn -0.3732 0.9240 0.0834
vn -0.0891 0.9279 0.3621
vn -0.6976 0.7079 0.1105
vn -0.3918 0.8338 0.3890
vn -0.1056 0.7155 0.6906
vn -0.9158 0.1077 0.3869
vn -0.9179 0.3838 0.1004
vn -0.6938 0.1322 0.7079
vn -0.8181 0.4109 0.4024
vn -0.0856 0.3965 0.9141
vn -0.3678 0.1159 0.9227
vn -0.0861 0.1153 0.9896
vn -0.3894 0.4171 0.8212
vn -0.5399 -0.2660 0.7986
vn -0.2099 -0.1902 0.9590
vn -0.4136 -0.0628 0.9083
vn -0.8237 -0.2431 0.5122
vn -0.5876 -0.3443 0.7322
vn -0.8049 -0.5400 0.2459
vn -0.9472 -0.2852 -0.1464
vn -0.9405 -0.0783 0.3308
vn -0.7728 -0.5038 -0.3859
vn -0.9612 -0.2480 0.1208
vn -0.7594 -0.0525 0.6485
vn -0.8331 -0.5318 -0.1521
vn -0.1697 -0.7784 -0.6044
vn -0.5554 -0.7608 -0.3358
vn -0.4333 -0.7040 -0.5627
vn -0.1838 -0.9410 0.2843
vn -0.5208 -0.8526 -0.0434
vn 0.3817 0.9167 -0.1183
vn 0.0976 0.9133 -0.3954
vn 0.7063 0.6989 -0.1126
vn 0.3739 0.8400 -0.3931
vn 0.0877 0.6912 -0.7173
vn 0.6599 0.6514 -0.3746
vn 0.3510 0.6469 -0.6770
vn 0.9167 0.0865 -0.3902
vn 0.9214 0.3714 -0.1143
vn 0.6970 0.0757 -0.7130
vn 0.8460 0.3640 -0.3897
vn 0.6551 0.3382 -0.6756
vn 0.0886 0.3610 -0.9283
vn 0.3688 0.0796 -0.9261
vn 0.3658 0.3565 -0.8597
vn -0.3113 0.7961 -0.5189
vn -0.2255 0.9523 -0.2058
vn -0.0866 0.8966 -0.4344
vn -0.2458 0.7402 -0.6259
vn -0.3899 0.7329 -0.5575
vn -0.4263 0.6116 -0.6665
vn -0.3159 -0.1854 -0.9305
vn -0.1008 0.3065 -0.9465
vn -0.5461 -0.4349 -0.7160
vn -0.2776 0.0962 -0.9559
vn -0.0764 0.6316 -0.7715
vn -0.3688 0.0508 -0.9281
vn -0.2999 0.2055 -0.9316
vn -0.7874 -0.6158 -0.0287
vn -0.8098 -0.3685 -0.4565
vn -0.7365 -0.5975 -0.3170
vn -0.9603 0.2774 -0.0293
vn -0.9679 0.0140 -0.2508
vn -0.8956 -0.2763 -0.3487
vn -0.7431 -0.3760 -0.5535
vn -0.7701 -0.1339 -0.6238
vn 0.7796 -0.2970 -0.5513
vn 0.8970 -0.0932 -0.4321
vn 0.4752 -0.8627 -0.1730
vn 0.6406 -0.5712 -0.5132
vn 0.4873 -0.2720 -0.8298
vn 0.6305 -0.0846 -0.7716
vn 0.2147 -0.5625 -0.7984
vn -0.3685 -0.7626 -0.5316
vn -0.5351 -0.8207 -0.2003
vn -0.5903 -0.6982 -0.4051
vn -0.1850 -0.5458 -0.8172
vn -0.2645 -0.7694 -0.5814
vn 0.3070 -0.1065 -0.9457
vn -0.1749 -0.3033 -0.9367
vn 0.0924 -0.2715 -0.9580
vn -0.4160 -0.5107 -0.7524
vn 0.9069 -0.4200 -0.0337
vn 0.9907 -0.1321 -0.0322
vn 0.8865 -0.4612 -0.0372
vn 0.7391 -0.6727 -0.0350
vn 0.4775 -0.7490 -0.4594
vn 0.3313 -0.7139 -0.6169
vn 0.5397 -0.7687 -0.3432
vn 0.3231 -0.7106 -0.6251
vn 0.4288 -0.7942 -0.4306
vn -0.1727 -0.9557 -0.2382
vn 0.3224 -0.9453 -0.0490
vn -0.3844 -0.7851 -0.4857
vn 0.1079 -0.9516 -0.2876
vn 0.6708 -0.7412 -0.0247
vn -0.5575 -0.4797 -0.6775
vn -0.5253 -0.6249 -0.5776
vn -0.4229 -0.3702 -0.8271
vn -0.1916 -0.3551 -0.9150
vn -0.2691 -0.8284 -0.4913
vn -0.8274 -0.5580 -0.0633
vn -0.8276 -0.5577 -0.0631
vn -0.8277 -0.5577 -0.0632
vn 0.9238 -0.0962 0.3705
vn 0.9193 -0.3820 0.0943
vn 0.9909 -0.1019 0.0880
vn 0.7121 -0.0830 0.6972
vn 0.8511 -0.3724 0.3701
vn 0.7019 -0.7056 0.0974
vn 0.6671 -0.3461 0.6597
vn 0.6613 -0.6583 0.3596
vn 0.1049 -0.3614 0.9265
vn 0.3885 -0.0824 0.9178
vn 0.0952 -0.6912 0.7164
vn 0.3808 -0.3595 0.8519
vn 0.3584 -0.6507 0.6694
vn 0.3739 -0.9209 0.1105
vn 0.0957 -0.9140 0.3944
vn 0.3723 -0.8445 0.3851
vn -0.1945 -0.4928 0.8481
vn -0.0698 -0.4425 0.8940
vn -0.2739 -0.2520 0.9281
vn -0.4634 -0.5057 0.7277
vn -0.1012 -0.6283 0.7714
vn -0.0292 -0.7232 0.6901
vn -0.3284 -0.7251 0.6052
vn -0.3285 -0.7251 0.6053
vn -0.3286 -0.7251 0.6051
vn -0.6929 -0.6016 -0.3974
vn -0.8583 -0.2738 -0.4340
vn -0.6814 -0.5435 -0.4902
vn -0.5876 -0.7684 -0.2537
vn -0.8398 -0.5214 -0.1511
vn -0.0689 -0.9366 0.3436
vn -0.2857 -0.9447 -0.1609
vn -0.0847 -0.8825 0.4626
vn -0.5370 -0.8073 -0.2448
vn -0.5539 -0.7373 -0.3868
vn 0.0879 0.3926 -0.9155
vn 0.1722 0.6997 -0.6934
vn 0.1382 0.3828 -0.9135
vn 0.0402 0.5795 -0.8140
vn 0.1592 0.8977 -0.4108
vn 0.2233 0.6926 -0.6859
vn 0.2599 0.8673 -0.4246
vn 0.2104 0.9401 0.2683
vn 0.0544 0.9580 -0.2814
vn 0.0525 0.9983 -0.0256
vn 0.2605 0.9185 0.2973
vn 0.1684 0.9850 -0.0366
vn 0.0349 0.8296 -0.5572
vn 0.2272 0.9732 -0.0365
vn 0.5942 0.4616 0.6586
vn 0.4963 0.1820 0.8489
vn 0.8533 0.5169 -0.0685
vn 0.7307 0.4626 0.5022
vn 0.4984 0.4949 0.7119
vn 0.4281 0.3387 0.8379
vn 0.5629 0.7344 0.3791
vn -0.6447 0.7475 0.1601
vn -0.7797 0.6242 0.0490
vn -0.7488 0.5471 0.3742
vn -0.5857 0.7458 0.3174
vn -0.3615 0.9229 0.1324
vn -0.5160 0.8562 0.0246
vn -0.3719 0.8997 0.2284
vn 0.8636 -0.0890 0.4963
vn 0.7183 0.4541 0.5271
vn 0.7649 0.2721 0.5839
vn 0.8851 0.1547 0.4389
vn 0.7686 0.4739 0.4298
vn 0.6926 0.4119 0.5922
vn 0.4401 0.7487 0.4958
vn -0.2397 0.9704 0.0284
vn 0.3155 0.9356 0.1582
vn 0.0133 0.9998 0.0152
vn 0.0121 0.9918 0.1271
vn 0.3457 0.9159 0.2041
vn 0.0127 0.9833 0.1816
vn 0.0514 -0.5205 -0.8523
vn -0.0492 -0.2522 -0.9664
vn 0.1318 0.0343 -0.9907
vn 0.1233 -0.4364 -0.8912
vn -0.0288 -0.5280 -0.8488
vn -0.0324 -0.7435 -0.6680
vn 0.1594 -0.8495 -0.5030
vn 0.3657 -0.7442 0.5589
vn 0.5484 -0.4803 0.6845
vn 0.3573 -0.6215 0.6972
vn 0.2399 -0.9166 0.3199
vn 0.4097 -0.7322 0.5441
vn 0.2998 -0.9076 0.2939
vn 0.0095 -0.9562 -0.2925
vn 0.1385 -0.9622 0.2346
vn 0.1072 -0.9941 -0.0194
vn 0.2428 -0.8462 0.4743
vn 0.1325 -0.9909 -0.0255
vn -0.8748 -0.4670 0.1288
vn -0.8756 -0.3528 0.3301
vn -0.9804 -0.1969 0.0059
vn -0.8793 -0.4754 0.0292
vn -0.9820 0.0358 0.1852
vn -0.5268 -0.8228 0.2131
vn -0.6392 -0.7570 0.1357
vn 0.2084 -0.9649 0.1597
vn -0.3259 -0.9436 0.0576
vn -0.0204 -0.9979 0.0616
vn 0.4561 -0.8554 0.2456
vn -0.0482 -0.9886 0.1424
vn -0.7014 -0.7123 0.0258
vn 0.2984 -0.9203 0.2532
vn -0.0510 -0.9841 0.1699
vn 0.5508 -0.7565 0.3526
vn 0.6892 -0.6406 0.3384
vn 0.7689 -0.4747 0.4283
vn 0.5112 -0.7706 0.3806
vn 0.2835 -0.9057 0.3153
vn -0.9324 0.1690 0.3195
vn -0.7103 0.2593 0.6544
vn -0.7864 0.4598 0.4125
vn -0.8401 0.1302 0.5265
vn -0.4236 0.2319 0.8756
vn -0.6188 0.4379 0.6521
vn -0.1971 0.8592 0.4722
vn -0.4146 0.3393 0.8444
vn 0.2691 0.2289 0.9355
vn -0.2960 0.1149 0.9482
vn -0.0301 0.0900 0.9955
vn 0.6150 0.3581 0.7025
vn -0.0389 0.2148 0.9759
vn -0.5850 0.1135 0.8031
vn -0.0226 0.2715 0.9622
vn 0.6739 0.5611 0.4806
vn 0.8605 0.4499 0.2392
vn 0.8432 0.5358 -0.0436
vn 0.6310 0.6193 0.4672
vn 0.7098 0.4670 0.5274
vn 0.3928 0.5573 0.7315
vn -0.9362 -0.0849 -0.3412
vn -0.9993 0.0152 0.0340
vn -0.9031 -0.1765 -0.3914
vn -0.9905 -0.0702 -0.1187
vn -0.9894 0.0140 0.1447
vn -0.9667 -0.1897 -0.1715
vn -0.9846 -0.1748 0.0092
vn -0.9055 -0.4089 -0.1138
vn -0.8591 -0.2880 -0.4230
vn -0.9205 -0.3887 0.0387
vn -0.9278 -0.2946 -0.2291
vn -0.9750 -0.2205 -0.0272
vn -0.4349 -0.0682 0.8979
vn -0.3513 -0.1213 0.9284
vn -0.3502 0.0064 0.9367
vn -0.6195 0.0208 0.7848
vn -0.6325 -0.2088 0.7459
vn -0.5401 -0.2794 0.7938
vn -0.9750 -0.0834 0.2060
vn 0.1237 -0.7104 0.6928
vn 0.0167 -0.8304 0.5569
vn 0.1270 -0.9200 0.3708
vn 0.1735 -0.7011 0.6917
vn 0.0890 -0.4416 0.8928
vn -0.0166 -0.5892 0.8078
vn 0.1869 -0.4523 0.8720
vn 0.5025 0.8645 0.0054
vn 0.5089 0.6722 0.5377
vn 0.5479 0.7840 0.2919
vn 0.4359 0.8633 0.2543
vn 0.4123 0.7189 0.5596
vn 0.7743 -0.0742 0.6285
vn 0.6414 0.5316 0.5532
vn 0.7408 -0.2685 0.6157
vn 0.4639 0.3668 0.8064
vn -0.0165 -0.3242 0.9459
vn 0.1171 0.2295 0.9662
vn -0.0298 -0.0754 0.9967
vn 0.0821 -0.0773 0.9936
vn 0.1641 0.2598 0.9516
vn 0.1377 -0.0740 0.9877
vn -0.8249 0.1686 -0.5395
vn -0.9512 0.0416 -0.3058
vn -0.8391 0.5306 -0.1201
vn -0.9622 0.2709 -0.0272
vn -0.8193 0.0518 -0.5710
vn -0.6671 0.0086 -0.7450
vn -0.5154 0.2065 -0.8317
vn 0.5949 0.3483 -0.7244
vn 0.8045 0.4324 -0.4072
vn 0.7487 0.3256 -0.5774
vn 0.3324 0.2227 -0.9165
vn 0.5458 0.3826 -0.7454
vn 0.2959 0.2997 -0.9070
vn -0.3089 0.0064 -0.9511
vn 0.2507 0.1064 -0.9622
vn -0.0309 0.0893 -0.9955
vn 0.5043 0.2075 -0.8382
vn -0.0575 0.1216 -0.9909
vn -0.7824 -0.0555 -0.6203
vn -0.8621 -0.1140 -0.4938
vn -0.6245 -0.0446 -0.7798
vn -0.7768 -0.1151 -0.6192
vn -0.8279 -0.2043 -0.5224
vn -0.6799 -0.1716 -0.7129
vn -0.7647 -0.1901 -0.6157
vn -0.3827 -0.1457 -0.9123
vn -0.4262 -0.0653 -0.9023
vn -0.6001 -0.2138 -0.7708
vn -0.5120 -0.1338 -0.8485
vn -0.6546 -0.0983 -0.7496
vn -0.7855 -0.2831 -0.5503
vn -0.6625 -0.2971 -0.6876
vn -0.7438 -0.3632 -0.5611
vn -0.7095 -0.2526 -0.6579
vn -0.5324 -0.2403 -0.8117
vn 0.1226 -0.8288 -0.5459
vn 0.0377 -0.9983 0.0445
vn 0.0094 -0.9588 -0.2840
vn 0.0456 -0.8313 -0.5539
vn 0.1892 -0.8009 -0.5681
vn 0.2493 -0.4555 -0.8546
vn 0.2038 0.2908 -0.9348
vn 0.0981 -0.2450 -0.9645
vn 0.1058 0.0660 -0.9922
vn 0.2858 0.5269 -0.8004
vn 0.1862 0.0372 -0.9818
vn 0.0541 -0.6376 -0.7685
vn 0.2955 0.3750 -0.8787
vn 0.2123 0.0317 -0.9767
vn 0.4108 0.6062 -0.6810
vn 0.3700 0.7408 -0.5607
vn 0.7152 0.5444 -0.4384
vn 0.5400 0.7455 -0.3907
vn 0.3564 0.3557 -0.8640
vn -0.3406 -0.1513 -0.9280
vn -0.3470 -0.2586 -0.9015
vn -0.3877 -0.3564 -0.8501
vn 0.8965 -0.3282 -0.2975
vn 0.8973 -0.3080 -0.3162
vn 0.7599 -0.4829 -0.4353
vn 0.7612 -0.4556 -0.4615
vn 0.2397 -0.6845 -0.6884
vn -0.0157 -0.7454 -0.6664
vn -0.0156 -0.7058 -0.7082
vn 0.8972 -0.3417 -0.2797
vn 0.7600 -0.5050 -0.4091
vn 0.2418 -0.7229 -0.6472
vn -0.0139 -0.7812 -0.6241
vn 0.9143 0.2881 0.2847
vn 0.9138 0.2712 0.3024
vn 0.7881 0.4366 0.4340
vn 0.3325 0.6242 0.7069
vn 0.0862 0.7034 0.7055
vn 0.3311 0.6666 0.6679
vn 0.9145 0.2493 0.3187
vn 0.7883 0.4079 0.4607
vn 0.3320 0.5765 0.7466
vn 0.0874 0.6585 0.7475
vn 0.8962 -0.2722 -0.3504
vn 0.8965 -0.2917 -0.3336
vn 0.7582 -0.4033 -0.5123
vn 0.2409 -0.6408 -0.7289
vn -0.0164 -0.6174 -0.7865
vn 0.2410 -0.5983 -0.7642
vn 0.7599 -0.4298 -0.4877
vn -0.0173 -0.6619 -0.7494
vn 0.9149 0.3022 0.2678
vn 0.9122 0.3244 0.2503
vn 0.7892 0.4601 0.4068
vn 0.7852 0.4887 0.3802
vn 0.3316 0.7386 0.5869
vn 0.0859 0.7442 0.6624
vn 0.0869 0.7799 0.6198
vn 0.3296 0.7054 0.6276
vn 0.9132 0.3345 0.2329
vn 0.9115 0.3520 0.2127
vn 0.7861 0.5071 0.3534
vn 0.7822 0.5336 0.3216
vn 0.3297 0.8012 0.4993
vn 0.0879 0.8132 0.5754
vn 0.0894 0.8465 0.5249
vn 0.3296 0.7703 0.5458
vn 0.8953 -0.3610 -0.2608
vn 0.7580 -0.5290 -0.3815
vn 0.2422 -0.7577 -0.6060
vn -0.0116 -0.8150 -0.5794
vn 0.8941 -0.3775 -0.2410
vn 0.7561 -0.5515 -0.3524
vn 0.2434 -0.7907 -0.5618
vn -0.0091 -0.8476 -0.5305
vn 0.8928 -0.3935 -0.2192
vn 0.7549 -0.5717 -0.3214
vn 0.2440 -0.8225 -0.5138
vn -0.0085 -0.8782 -0.4782
vn 0.8902 -0.4092 -0.2004
vn 0.7471 -0.5956 -0.2950
vn 0.2391 -0.8538 -0.4624
vn -0.0067 -0.9031 -0.4295
vn 0.9099 0.3685 0.1903
vn 0.9053 0.3874 0.1741
vn 0.7787 0.5578 0.2873
vn 0.7717 0.5798 0.2614
vn 0.3217 0.8573 0.4019
vn 0.0893 0.8807 0.4651
vn 0.0872 0.9030 0.4206
vn 0.3252 0.8350 0.4439
vn 0.8840 -0.4551 -0.1069
vn 0.9232 -0.3843 0.0051
vn 0.5330 -0.8291 -0.1688
vn 0.7000 -0.7138 0.0210
vn 0.0561 -0.9834 -0.1728
vn 0.3609 -0.9320 0.0332
vn 0.9764 -0.1950 -0.0927
vn 0.7370 -0.6173 -0.2753
vn 0.2359 -0.8795 -0.4132
vn -0.0138 -0.9186 -0.3950
vn 0.7297 -0.6284 -0.2695
vn 0.2182 -0.8989 -0.3799
vn 0.9044 0.3926 0.1671
vn 0.7675 0.5895 0.2519
vn 0.0835 0.9131 0.3991
vn 0.3161 0.8684 0.3821
vn 0.9140 0.2258 0.3372
vn 0.7876 0.3777 0.4868
vn 0.3293 0.5166 0.7903
vn 0.0884 0.6079 0.7891
vn 0.9088 0.2092 0.3609
vn 0.7850 0.3381 0.5191
vn 0.3213 0.4614 0.8270
vn 0.0883 0.5399 0.8371
vn 0.0833 0.4753 0.8759
vn 0.8970 -0.2352 -0.3743
vn 0.8956 -0.2540 -0.3652
vn 0.7583 -0.3528 -0.5483
vn 0.2388 -0.5565 -0.7958
vn -0.0161 -0.5386 -0.8424
vn 0.2366 -0.5192 -0.8213
vn 0.7584 -0.3736 -0.5341
vn -0.0167 -0.5748 -0.8181
vn 0.9227 0.0133 -0.3852
vn 0.6921 0.0092 -0.7217
vn 0.3466 0.0031 -0.9380
vn 0.9014 0.2047 0.3815
vn 0.7744 0.3055 0.5541
vn 0.3105 0.4297 0.8479
vn 0.0766 0.4432 0.8931
vn 0.7625 0.2945 0.5760
vn 0.3140 0.4252 0.8489
vn 0.9010 -0.2216 -0.3730
vn 0.7502 -0.2967 -0.5909
vn 0.2284 -0.4976 -0.8368
vn -0.0210 -0.5149 -0.8570
vn 0.7614 -0.3351 -0.5550
vn -0.6981 -0.5062 -0.5064
vn -0.6971 -0.5358 -0.4763
vn -0.8576 -0.3646 -0.3628
vn -0.8570 -0.3867 -0.3406
vn -0.9599 -0.2003 -0.1962
vn -0.9594 -0.2139 -0.1838
vn -0.6940 -0.5654 -0.4456
vn -0.8555 -0.4079 -0.3189
vn -0.9593 -0.2240 -0.1723
vn -0.6362 0.5087 0.5801
vn -0.6369 0.5425 0.5478
vn -0.8258 0.3710 0.4247
vn -0.8260 0.3957 0.4014
vn -0.9489 0.2071 0.2382
vn -0.9491 0.2199 0.2254
vn -0.6353 0.4688 0.6137
vn -0.8253 0.3431 0.4486
vn -0.9489 0.1907 0.2513
vn -0.6969 -0.4763 -0.5361
vn -0.6953 -0.4452 -0.5642
vn -0.8573 -0.3419 -0.3849
vn -0.8561 -0.3205 -0.4054
vn -0.9598 -0.1873 -0.2090
vn -0.9594 -0.1760 -0.2204
vn -0.6336 0.6033 0.4843
vn -0.6347 0.5759 0.5153
vn -0.8244 0.4402 0.3559
vn -0.8239 0.4226 0.3777
vn -0.9486 0.2442 0.2013
vn -0.9486 0.2346 0.2125
vn -0.6284 0.6586 0.4140
vn -0.6311 0.6313 0.4508
vn -0.8207 0.4828 0.3056
vn -0.8228 0.4609 0.3325
vn -0.9473 0.2692 0.1736
vn -0.9485 0.2551 0.1879
vn -0.6919 -0.5906 -0.4152
vn -0.8548 -0.4258 -0.2968
vn -0.9588 -0.2350 -0.1598
vn -0.6882 -0.6176 -0.3807
vn -0.8522 -0.4468 -0.2723
vn -0.9579 -0.2470 -0.1464
vn -0.6814 -0.6457 -0.3447
vn -0.8483 -0.4682 -0.2475
vn -0.9567 -0.2592 -0.1326
vn -0.6747 -0.6690 -0.3119
vn -0.8425 -0.4898 -0.2242
vn -0.9548 -0.2720 -0.1198
vn -0.6145 0.7126 0.3386
vn -0.6220 0.6893 0.3716
vn -0.8123 0.5251 0.2538
vn -0.8177 0.5049 0.2765
vn -0.9441 0.2952 0.1467
vn -0.9469 0.2798 0.1583
vn -0.4238 -0.9055 -0.0221
vn -0.6407 -0.7538 -0.1457
vn -0.7317 -0.6815 -0.0124
vn -0.8262 -0.5534 -0.1053
vn -0.9316 -0.3634 -0.0007
vn -0.9481 -0.3127 -0.0568
vn -0.6679 -0.6859 -0.2890
vn -0.8374 -0.5050 -0.2091
vn -0.9528 -0.2820 -0.1122
vn -0.6085 0.7247 0.3233
vn -0.8062 0.5392 0.2436
vn -0.9427 0.3020 0.1418
vn -0.6308 0.4184 0.6535
vn -0.8227 0.3048 0.4799
vn -0.9483 0.1683 0.2692
vn -0.6221 0.3677 0.6912
vn -0.8162 0.2685 0.5115
vn -0.9464 0.1462 0.2880
vn -0.6937 -0.4135 -0.5897
vn -0.6885 -0.3905 -0.6112
vn -0.8547 -0.2984 -0.4248
vn -0.8498 -0.2836 -0.4443
vn -0.9587 -0.1642 -0.2323
vn -0.9558 -0.1580 -0.2478
vn -0.1481 -0.0666 -0.9867
vn -0.4260 -0.0665 -0.9023
vn -0.7282 -0.0577 -0.6830
vn -0.9263 -0.0407 -0.3746
vn -0.6557 -0.2183 -0.7228
vn -0.8256 -0.1669 -0.5390
vn -0.9400 -0.1059 -0.3244
vn -0.6155 0.3427 0.7097
vn -0.8123 0.2489 0.5275
vn -0.9453 0.1337 0.2975
vn -0.6812 -0.3766 -0.6278
vn -0.8412 -0.2778 -0.4639
vn -0.9503 -0.1591 -0.2676
vn -0.3477 0.8290 0.4380
vn -0.3511 0.5013 0.7908
vn -0.1790 0.9460 -0.2702
vn -0.1790 0.9461 -0.2701
vn 0.2466 0.0656 -0.9669
vn -0.3469 0.8094 0.4739
vn -0.1983 -0.2390 0.9506
vn 0.2294 -0.9685 0.0971
vn -0.3536 0.4669 0.8106
vn -0.9275 -0.3738 0.0031
vn -0.7113 -0.7028 0.0080
vn -0.3881 -0.9215 0.0126
vn -0.0117 -0.3852 -0.9227
vn -0.0102 -0.9244 -0.3813
vn -0.0096 -0.7033 -0.7108
vn 0.6896 0.2270 0.6877
vn 0.7181 -0.1541 0.6787
vn 0.7044 -0.0473 0.7082
vn 0.5058 -0.6870 0.5217
vn -0.3908 -0.0163 -0.9203
vn -0.7122 -0.0101 -0.7019
vn -0.9164 -0.0028 -0.4002
vn 0.1582 0.7070 0.6893
vn -0.0403 0.6876 0.7250
vn -0.6714 0.5341 0.5138
vn -0.4740 0.6326 0.6124
vn 0.6885 0.6871 0.2320
vn 0.6554 0.7534 -0.0540
vn 0.2779 0.2683 -0.9224
vn 0.7091 0.7050 0.0122
vn -0.4072 0.9131 -0.0205
vn -0.7319 0.6812 -0.0175
vn -0.9325 0.3609 -0.0122
vn -0.9657 0.2594 -0.0103
vn -0.7620 0.6474 -0.0169
vn -0.9916 -0.1031 0.0783
vn -0.9294 0.0109 0.3690
vn -0.7229 0.0157 0.6908
vn -0.8711 0.0434 0.4891
vn -0.6939 0.0161 0.7199
vn -0.3944 0.0184 0.9187
vn -0.9476 -0.2281 -0.2235
vn -0.8767 -0.3417 -0.3386
vn -0.6979 -0.5125 -0.5003
vn -0.5981 -0.5744 -0.5588
vn -0.2979 -0.6864 -0.6634
vn -0.7299 -0.4895 -0.4771
vn -0.6526 -0.5436 -0.5278
vn 0.0003 0.9259 -0.3777
vn -0.0054 0.6636 -0.7481
vn -0.0094 0.3194 -0.9476
vn -0.0052 0.6687 -0.7436
vn -0.0079 0.4772 -0.8788
vn -0.1068 0.0673 -0.9920
vn 0.9930 -0.0504 -0.1072
vn 0.9138 -0.0124 -0.4060
vn 0.8657 -0.0141 -0.5003
vn 0.6968 -0.0178 -0.7170
vn 0.5529 -0.0195 -0.8330
vn 0.3533 -0.0207 -0.9353
vn -0.0123 -0.1328 -0.9911
vn -0.3340 -0.3361 -0.8806
vn -0.3632 -0.3635 -0.8579
vn -0.5519 -0.5477 -0.6288
vn -0.6896 -0.6797 -0.2500
vn -0.4901 -0.5878 -0.6437
vn -0.5968 -0.5911 -0.5426
vn 0.2256 -0.9742 0.0094
vn 0.3516 -0.9361 0.0076
vn 0.6760 -0.7369 0.0015
vn 0.9140 -0.4056 -0.0070
vn 0.1240 -0.9794 0.1594
vn -0.0012 -0.9103 0.4140
vn 0.0039 -0.6772 0.7358
vn 0.0083 -0.3505 0.9365
vn -0.1210 -0.9856 0.1177
vn 0.0004 -0.8581 0.5134
vn 0.0073 -0.4397 0.8981
vn -0.3772 -0.8592 -0.3458
vn -0.4920 -0.6721 -0.5534
vn -0.5860 -0.5885 -0.5570
vn -0.6339 -0.4814 -0.6053
vn -0.6870 -0.3044 -0.6598
vn -0.2589 -0.9373 -0.2334
vn -0.4205 -0.8181 -0.3923
vn -0.9235 0.3835 0.0028
vn -0.7050 0.7092 -0.0062
vn -0.3797 0.9250 -0.0142
vn -0.3718 0.0185 0.9281
vn -0.6991 0.0161 0.7149
vn -0.9196 0.0112 0.3927
vn -0.3918 -0.6644 -0.6365
vn -0.7136 -0.5079 -0.4825
vn -0.9273 -0.2740 -0.2551
vn -0.0086 0.3655 -0.9308
vn -0.0045 0.6937 -0.7202
vn 0.0003 0.9167 -0.3995
vn 0.3721 -0.0185 -0.9280
vn 0.6991 -0.0161 -0.7148
vn 0.9195 -0.0112 -0.3929
vn -0.6737 -0.6671 -0.3181
vn -0.5256 -0.5234 -0.6707
vn -0.2896 -0.2921 -0.9115
vn 0.9217 -0.3877 -0.0148
vn 0.7030 -0.7112 0.0053
vn 0.3809 -0.9245 0.0129
vn 0.0081 -0.3655 0.9308
vn 0.0036 -0.6938 0.7202
vn -0.0014 -0.9166 0.3997
vn -0.6473 -0.4439 -0.6196
vn -0.4924 -0.7379 -0.4615
vn -0.2718 -0.9315 -0.2417
vn 0.0084 0.9312 0.3645
vn 0.0112 0.7217 0.6921
vn 0.0112 0.7206 0.6932
vn 0.0122 0.3995 0.9167
vn -0.0102 -0.8234 -0.5673
vn -0.1586 -0.8127 -0.5607
vn 0.0002 -0.9167 0.3996
vn -0.0959 -0.9117 0.3995
vn 0.0002 -0.9166 0.3998
vn 0.0003 -0.9168 0.3994
vn 0.0105 -0.1440 0.9895
vn -0.3700 0.9277 0.0504
vn -0.9068 0.3949 0.1475
vn -0.9065 0.3939 0.1520
vn -0.9064 0.3939 0.1524
vn -0.9150 -0.3648 0.1724
vn -0.1554 0.9877 0.0156
vn -0.9137 0.4010 0.0660
vn -0.8064 -0.5689 0.1617
vn 0.9741 -0.1645 -0.1554
vn 0.3771 -0.9261 0.0128
vn 0.3738 -0.9237 -0.0844
vn -0.5883 -0.8084 0.0208
vn 0.9865 -0.1633 -0.0073
vn 0.3787 -0.9254 0.0129
vn 0.3764 -0.9264 0.0128
vn 0.3790 -0.9253 0.0129
vn 0.3927 0.0148 0.9195
vn 0.7151 0.0087 0.6990
vn 0.9282 0.0012 0.3721
vn -0.5874 -0.1550 -0.7943
vn 0.8204 -0.1085 -0.5615
vn 0.3772 -0.1742 -0.9096
vn 0.8262 -0.1071 -0.5531
vn 0.3743 -0.1752 -0.9106
vn 0.3727 -0.1845 -0.9094
vn 0.3729 -0.1841 -0.9094
vn 0.9848 -0.0355 -0.1700
vn -0.0063 0.3648 -0.9311
vn 0.0020 0.9834 -0.1814
vn -0.0063 0.3647 -0.9311
vn -0.0087 -0.5983 -0.8012
vn 0.9260 0.3772 -0.0174
vn 0.7100 0.7039 -0.0209
vn 0.7110 0.7029 -0.0209
vn 0.3871 0.9218 -0.0211
vn -0.9302 -0.0011 -0.3671
vn -0.3737 0.0275 0.9271
vn -0.3728 0.0198 0.9277
vn -0.9302 0.0066 -0.3670
vn -0.9819 0.0153 -0.1887
vn -0.5397 0.0319 0.8412
vn -0.1816 0.0234 0.9831
vn -0.2981 0.8943 -0.3338
vn -0.3155 0.8951 -0.3152
vn -0.4456 0.7576 -0.4769
vn -0.4707 0.7592 -0.4495
vn -0.7188 0.2331 -0.6550
vn -0.7038 -0.0211 -0.7101
vn -0.7439 -0.0199 -0.6680
vn -0.2812 0.8932 -0.3509
vn -0.4219 0.7548 -0.5023
vn -0.6789 0.2362 -0.6952
vn -0.6637 -0.0196 -0.7477
vn 0.3148 0.9154 0.2509
vn 0.3320 0.9143 0.2319
vn 0.4692 0.7901 0.3945
vn 0.7445 0.3314 0.5796
vn 0.7423 0.0890 0.6641
vn 0.7069 0.3341 0.6234
vn 0.3477 0.9137 0.2102
vn 0.4944 0.7890 0.3646
vn 0.7808 0.3304 0.5302
vn 0.7819 0.0872 0.6172
vn -0.3495 0.8954 -0.2759
vn -0.3338 0.8948 -0.2964
vn -0.5206 0.7580 -0.3930
vn -0.7558 0.2403 -0.6091
vn -0.8177 -0.0169 -0.5754
vn -0.7903 0.2400 -0.5637
vn -0.4978 0.7572 -0.4229
vn -0.7827 -0.0177 -0.6221
vn 0.2989 0.9153 0.2699
vn 0.2828 0.9155 0.2860
vn 0.4427 0.7914 0.4216
vn 0.4198 0.7896 0.4477
vn 0.6299 0.3375 0.6995
vn 0.7010 0.0899 0.7075
vn 0.6606 0.0937 0.7449
vn 0.6691 0.3310 0.6654
vn 0.2657 0.9158 0.3013
vn 0.2464 0.9153 0.3185
vn 0.3924 0.7905 0.4702
vn 0.3629 0.7880 0.4974
vn 0.5439 0.3391 0.7676
vn 0.6179 0.0960 0.7804
vn 0.5681 0.0991 0.8170
vn 0.5908 0.3352 0.7339
vn -0.2638 0.8917 -0.3679
vn -0.3949 0.7539 -0.5250
vn -0.6396 0.2358 -0.7316
vn -0.6209 -0.0198 -0.7837
vn -0.2440 0.8900 -0.3851
vn -0.3671 0.7496 -0.5507
vn -0.5977 0.2344 -0.7667
vn -0.5737 -0.0202 -0.8188
vn -0.2237 0.8875 -0.4029
vn -0.3366 0.7471 -0.5731
vn -0.5511 0.2348 -0.8007
vn -0.5238 -0.0181 -0.8516
vn -0.2047 0.8838 -0.4208
vn -0.3110 0.7397 -0.5968
vn -0.5022 0.2319 -0.8331
vn -0.4765 -0.0206 -0.8789
vn 0.2252 0.9142 0.3369
vn 0.2099 0.9113 0.3541
vn 0.3291 0.7850 0.5248
vn 0.3044 0.7794 0.5476
vn 0.4514 0.3348 0.8272
vn 0.5123 0.0994 0.8530
vn 0.4680 0.1013 0.8779
vn 0.4927 0.3366 0.8024
vn -0.1145 0.8752 -0.4700
vn 0.0017 0.9137 -0.4064
vn -0.2017 0.5164 -0.8323
vn -0.0034 0.6839 -0.7296
vn -0.2221 0.0368 -0.9743
vn -0.0084 0.3383 -0.9410
vn -0.0840 0.9742 -0.2095
vn -0.2940 0.7276 -0.6198
vn -0.4546 0.2213 -0.8627
vn -0.4420 -0.0273 -0.8966
vn -0.2890 0.7191 -0.6320
vn -0.4225 0.2056 -0.8827
vn 0.2035 0.9083 0.3655
vn 0.2956 0.7737 0.5603
vn 0.4479 0.0967 0.8888
vn 0.4320 0.3262 0.8408
vn 0.3676 0.9117 0.1833
vn 0.5209 0.7862 0.3324
vn 0.8222 0.3253 0.4670
vn 0.8208 0.0865 0.5646
vn 0.3904 0.9066 0.1605
vn 0.5513 0.7828 0.2885
vn 0.8568 0.3155 0.4079
vn 0.8648 0.0845 0.4950
vn -0.3834 0.8924 -0.2380
vn -0.3653 0.8951 -0.2558
vn -0.5650 0.7517 -0.3401
vn -0.8215 0.2416 -0.5165
vn -0.8758 -0.0159 -0.4823
vn -0.8513 0.2324 -0.4703
vn -0.5414 0.7582 -0.3634
vn -0.8493 -0.0160 -0.5277
vn -0.3743 0.9272 -0.0150
vn -0.7069 0.7073 0.0020
vn -0.9287 0.3703 0.0186
vn -0.4397 0.8878 -0.1359
vn -0.8214 0.5314 -0.2072
vn -0.9771 0.0415 -0.2086
vn 0.4067 0.9012 0.1496
vn 0.5854 0.7710 0.2509
vn 0.8750 0.3050 0.3761
vn 0.9002 0.0775 0.4286
vn 0.9153 0.0735 0.3959
vn 0.6046 0.7609 0.2357
vn 0.8772 0.3077 0.3687
vn -0.3984 0.8887 -0.2270
vn -0.8715 0.2184 -0.4391
vn -0.5850 0.7441 -0.3227
vn -0.8932 -0.0213 -0.4492
vn -0.5438 -0.6990 -0.4644
vn -0.5151 -0.6993 -0.4956
vn -0.3957 -0.8587 -0.3257
vn -0.3755 -0.8586 -0.3489
vn -0.2232 -0.9604 -0.1669
vn -0.2111 -0.9609 -0.1793
vn -0.4869 -0.6987 -0.5242
vn -0.3545 -0.8592 -0.3690
vn -0.2000 -0.9610 -0.1912
vn 0.5940 -0.6355 0.4932
vn 0.5638 -0.6341 0.5291
vn 0.4284 -0.8251 0.3684
vn 0.4068 -0.8239 0.3946
vn 0.2318 -0.9483 0.2166
vn 0.2198 -0.9478 0.2309
vn 0.6244 -0.6357 0.4538
vn 0.4505 -0.8254 0.3401
vn 0.2434 -0.9489 0.2010
vn -0.5723 -0.6975 -0.4312
vn -0.5988 -0.6951 -0.3978
vn -0.4165 -0.8576 -0.3016
vn -0.4361 -0.8560 -0.2777
vn -0.2350 -0.9598 -0.1536
vn -0.2454 -0.9593 -0.1400
vn 0.5032 -0.6290 0.5926
vn 0.5332 -0.6316 0.5629
vn 0.3635 -0.8205 0.4412
vn 0.3848 -0.8222 0.4193
vn 0.1969 -0.9462 0.2569
vn 0.2076 -0.9473 0.2441
vn 0.4359 -0.6199 0.6525
vn 0.4721 -0.6252 0.6214
vn 0.3155 -0.8152 0.4857
vn 0.3412 -0.8183 0.4626
vn 0.1708 -0.9443 0.2814
vn 0.1839 -0.9458 0.2678
vn -0.4564 -0.6982 -0.5516
vn -0.3333 -0.8582 -0.3903
vn -0.1884 -0.9608 -0.2033
vn -0.4244 -0.6944 -0.5811
vn -0.3102 -0.8568 -0.4120
vn -0.1755 -0.9606 -0.2156
vn -0.3900 -0.6901 -0.6096
vn -0.2860 -0.8542 -0.4342
vn -0.1625 -0.9598 -0.2290
vn -0.3578 -0.6840 -0.6357
vn -0.2639 -0.8498 -0.4564
vn -0.1506 -0.9583 -0.2430
vn 0.3638 -0.6045 0.7087
vn 0.3954 -0.6132 0.6839
vn 0.2658 -0.8042 0.5316
vn 0.2878 -0.8098 0.5112
vn 0.1451 -0.9398 0.3093
vn 0.1559 -0.9425 0.2958
vn -0.0762 -0.4434 -0.8931
vn -0.1956 -0.6555 -0.7294
vn -0.0602 -0.7498 -0.6589
vn -0.1487 -0.8312 -0.5357
vn -0.0343 -0.9474 -0.3183
vn -0.0906 -0.9502 -0.2981
vn -0.3353 -0.6767 -0.6554
vn -0.2493 -0.8442 -0.4745
vn -0.1433 -0.9564 -0.2546
vn 0.3498 -0.5980 0.7212
vn 0.2567 -0.7991 0.5436
vn 0.1402 -0.9380 0.3170
vn 0.6600 -0.6347 0.4018
vn 0.4777 -0.8245 0.3033
vn 0.2572 -0.9493 0.1808
vn 0.6950 -0.6255 0.3545
vn 0.5066 -0.8185 0.2710
vn 0.2758 -0.9470 0.1649
vn -0.6237 -0.6918 -0.3639
vn -0.6473 -0.6857 -0.3329
vn -0.4546 -0.8539 -0.2533
vn -0.4741 -0.8494 -0.2318
vn -0.2565 -0.9582 -0.1266
vn -0.2682 -0.9565 -0.1146
vn -0.9104 -0.4133 -0.0181
vn -0.6900 -0.7238 -0.0019
vn -0.3755 -0.9267 0.0147
vn -0.7425 -0.6516 -0.1554
vn -0.5470 -0.8305 -0.1049
vn -0.3156 -0.9477 -0.0476
vn 0.7123 -0.6192 0.3306
vn 0.5237 -0.8128 0.2552
vn 0.2879 -0.9447 0.1570
vn -0.6641 -0.6797 -0.3114
vn -0.4904 -0.8438 -0.2181
vn -0.2788 -0.9543 -0.1077
vn 0.4823 -0.3379 0.8082
vn -0.8676 0.1550 0.4726
vn 0.8074 -0.3553 0.4711
vn -0.2393 -0.1460 0.9599
vn -0.9605 0.2663 0.0813
vn 0.5036 -0.3364 0.7957
vn 0.9356 -0.2103 -0.2837
vn 0.9355 -0.2104 -0.2837
vn 0.2025 0.1569 -0.9666
vn 0.6200 -0.3522 0.7011
vn -0.3753 -0.3728 0.8486
vn -0.3572 -0.3909 0.8483
vn -0.5132 -0.5072 0.6924
vn -0.4872 -0.5335 0.6914
vn -0.6677 -0.7305 0.1430
vn -0.7119 -0.6929 -0.1144
vn -0.6701 -0.7334 -0.1146
vn -0.3926 -0.3561 0.8479
vn -0.5390 -0.4834 0.6898
vn -0.7085 -0.6911 0.1430
vn -0.7494 -0.6526 -0.1124
vn 0.2112 0.2312 0.9497
vn 0.1920 0.2478 0.9496
vn 0.3606 0.3943 0.8453
vn 0.5675 0.7067 0.4224
vn 0.6630 0.7253 0.1853
vn 0.6114 0.6692 0.4223
vn 0.1706 0.2642 0.9493
vn 0.3314 0.4199 0.8449
vn 0.5184 0.7434 0.4225
vn 0.6165 0.7656 0.1841
vn -0.3176 -0.4245 0.8479
vn -0.3374 -0.4081 0.8483
vn -0.4295 -0.5820 0.6905
vn -0.6229 -0.7691 0.1429
vn -0.5781 -0.8078 -0.1147
vn -0.5780 -0.8035 0.1424
vn -0.4579 -0.5578 0.6922
vn -0.6245 -0.7724 -0.1156
vn 0.2288 0.2141 0.9496
vn 0.2456 0.1981 0.9489
vn 0.3877 0.3682 0.8450
vn 0.4121 0.3431 0.8441
vn 0.6861 0.5911 0.4240
vn 0.7058 0.6837 0.1854
vn 0.7430 0.6430 0.1857
vn 0.6511 0.6297 0.4236
vn 0.2603 0.1807 0.9485
vn 0.2733 0.1630 0.9480
vn 0.4349 0.3164 0.8431
vn 0.4588 0.2879 0.8406
vn 0.7532 0.5038 0.4229
vn 0.7779 0.5999 0.1870
vn 0.8151 0.5479 0.1881
vn 0.7191 0.5509 0.4235
vn -0.4093 -0.3379 0.8475
vn -0.5621 -0.4561 0.6900
vn -0.7447 -0.6513 0.1457
vn -0.7849 -0.6098 -0.1100
vn -0.4261 -0.3193 0.8465
vn -0.5853 -0.4282 0.6885
vn -0.7796 -0.6093 0.1451
vn -0.8189 -0.5638 -0.1069
vn -0.4333 -0.3008 0.8496
vn -0.6005 -0.4027 0.6908
vn -0.8125 -0.5641 0.1470
vn -0.8448 -0.5248 -0.1043
vn -0.4098 -0.2771 0.8691
vn -0.5902 -0.3790 0.7127
vn -0.8370 -0.5269 0.1477
vn -0.8585 -0.5028 -0.1009
vn 0.2781 0.1565 0.9477
vn 0.2956 0.1718 0.9397
vn 0.4780 0.2654 0.8373
vn 0.5023 0.2638 0.8235
vn 0.8163 0.4093 0.4075
vn 0.8543 0.4843 0.1886
vn 0.8839 0.4297 0.1843
vn 0.7885 0.4518 0.4174
vn -0.3780 0.0627 0.9237
vn -0.5661 0.0589 0.8222
vn -0.7304 0.0807 0.6782
vn -0.9479 0.0831 0.3074
vn -0.1178 -0.1117 0.9867
vn -0.5462 -0.3500 0.7611
vn -0.8487 -0.5059 0.1543
vn -0.8637 -0.4943 -0.0987
vn -0.5467 -0.3496 0.7608
vn -0.8517 -0.4979 0.1637
vn 0.3297 0.1919 0.9244
vn 0.7065 0.3424 0.6193
vn 0.8985 0.4036 0.1728
vn 0.1435 0.2835 0.9482
vn 0.2989 0.4461 0.8436
vn 0.4558 0.7859 0.4177
vn 0.5643 0.8048 0.1840
vn 0.1209 0.3066 0.9441
vn 0.2561 0.4782 0.8401
vn 0.3973 0.8214 0.4092
vn 0.4949 0.8496 0.1825
vn -0.2795 -0.4582 0.8437
vn -0.2977 -0.4404 0.8470
vn -0.3758 -0.6250 0.6842
vn -0.5310 -0.8354 0.1420
vn -0.4855 -0.8668 -0.1138
vn -0.4844 -0.8641 0.1370
vn -0.4005 -0.6036 0.6894
vn -0.5305 -0.8400 -0.1136
vn -0.0584 -0.4551 0.8885
vn -0.0332 -0.7664 0.6415
vn -0.0027 -0.9580 0.2869
vn -0.1775 -0.5140 0.8392
vn -0.2350 -0.8624 0.4483
vn -0.2148 -0.9751 -0.0547
vn 0.1108 0.3240 0.9396
vn 0.2183 0.5122 0.8307
vn 0.3660 0.8404 0.3997
vn 0.4290 0.8859 0.1764
vn 0.3971 0.9022 0.1682
vn 0.2036 0.5316 0.8221
vn 0.3583 0.8421 0.4031
vn -0.2687 -0.4729 0.8391
vn -0.4528 -0.8834 0.1206
vn -0.3584 -0.6448 0.6751
vn -0.4523 -0.8836 -0.1214
vn -0.4355 -0.4764 -0.7638
vn -0.4663 -0.4473 -0.7632
vn -0.2891 -0.3162 -0.9036
vn -0.3116 -0.2951 -0.9033
vn -0.1250 -0.1364 -0.9827
vn -0.1374 -0.1247 -0.9826
vn -0.4946 -0.4188 -0.7615
vn -0.3322 -0.2745 -0.9024
vn -0.1494 -0.1135 -0.9822
vn 0.5241 0.6431 -0.5583
vn 0.5600 0.6127 -0.5577
vn 0.4070 0.4957 -0.7672
vn 0.4327 0.4736 -0.7671
vn 0.2600 0.3121 -0.9138
vn 0.2736 0.2996 -0.9140
vn 0.4849 0.6740 -0.5573
vn 0.3788 0.5182 -0.7668
vn 0.2446 0.3241 -0.9138
vn -0.4021 -0.5048 -0.7639
vn -0.3689 -0.5316 -0.7625
vn -0.2651 -0.3371 -0.9034
vn -0.2411 -0.3566 -0.9026
vn -0.1116 -0.1484 -0.9826
vn -0.0984 -0.1595 -0.9823
vn 0.6222 0.5510 -0.5562
vn 0.5929 0.5813 -0.5573
vn 0.4788 0.4297 -0.7656
vn 0.4566 0.4510 -0.7669
vn 0.2994 0.2762 -0.9133
vn 0.2869 0.2876 -0.9137
vn 0.6838 0.4786 -0.5508
vn 0.6505 0.5191 -0.5544
vn 0.5253 0.3769 -0.7629
vn 0.4996 0.4069 -0.7647
vn 0.3269 0.2462 -0.9124
vn 0.3106 0.2638 -0.9132
vn -0.5232 -0.3895 -0.7580
vn -0.3534 -0.2536 -0.9005
vn -0.1615 -0.1019 -0.9816
vn -0.5509 -0.3576 -0.7541
vn -0.3750 -0.2314 -0.8977
vn -0.1736 -0.0894 -0.9807
vn -0.5743 -0.3311 -0.7487
vn -0.3950 -0.2137 -0.8935
vn -0.1885 -0.0816 -0.9787
vn -0.5946 -0.3199 -0.7376
vn -0.4247 -0.2137 -0.8797
vn -0.2271 -0.0936 -0.9694
vn 0.7657 0.3525 -0.5380
vn 0.7286 0.4171 -0.5433
vn 0.5995 0.2671 -0.7545
vn 0.5662 0.3264 -0.7569
vn 0.3813 0.1587 -0.9107
vn 0.3526 0.2066 -0.9127
vn -0.8926 -0.0068 -0.4508
vn -0.6880 -0.0248 -0.7253
vn -0.4046 -0.0393 -0.9137
vn -0.6160 -0.3229 -0.7185
vn -0.4684 -0.2317 -0.8526
vn -0.2954 -0.1281 -0.9467
vn 0.7833 0.3182 -0.5341
vn 0.6041 0.2289 -0.7633
vn 0.3708 0.1207 -0.9208
vn 0.4336 0.7103 -0.5545
vn 0.3424 0.5455 -0.7650
vn 0.2246 0.3384 -0.9138
vn 0.3854 0.7434 -0.5466
vn 0.3097 0.5737 -0.7583
vn 0.2082 0.3559 -0.9110
vn -0.3356 -0.5573 -0.7595
vn -0.3047 -0.5810 -0.7547
vn -0.2173 -0.3761 -0.9007
vn -0.1958 -0.3956 -0.8973
vn -0.0851 -0.1708 -0.9816
vn -0.0731 -0.1824 -0.9805
vn -0.0039 -0.8700 -0.4931
vn 0.0272 -0.6236 -0.7813
vn 0.0545 -0.2923 -0.9548
vn -0.1295 -0.6797 -0.7220
vn -0.0703 -0.4705 -0.8796
vn -0.0066 -0.2326 -0.9726
vn 0.3616 0.7611 -0.5384
vn 0.2940 0.5909 -0.7512
vn 0.2007 0.3683 -0.9078
vn -0.2838 -0.5989 -0.7489
vn -0.1825 -0.4125 -0.8925
vn -0.0665 -0.1935 -0.9788
vn 0.6072 0.7486 -0.2663
vn 0.4864 0.8336 -0.2617
vn 0.9662 -0.2304 -0.1160
vn 0.2146 -0.9632 0.1617
vn -0.1859 0.9681 -0.1682
vn -0.1992 0.9658 -0.1661
vn -0.1994 0.9658 -0.1657
vn -0.1857 0.9681 -0.1682
vn -0.9796 0.1501 0.1336
vn 0.8489 0.4663 -0.2489
vn -0.1994 0.9658 -0.1660
vn -0.8220 -0.2920 -0.4890
vn -0.8655 -0.1969 -0.4607
vn -0.8987 -0.1010 -0.4269
vn -0.3273 -0.8429 0.4270
vn -0.5892 -0.0438 0.8068
vn -0.5892 -0.0440 0.8068
vn -0.5315 -0.7306 -0.4286
vn -0.5229 -0.5116 -0.6818
vn 0.0043 0.9978 -0.0665
vn -0.7085 -0.6953 0.1206
vn 0.2107 0.7885 0.5779
vn 0.5332 -0.2180 0.8174
vn -0.8691 0.2942 0.3977
vn -0.3856 -0.9053 0.1780
vn 0.7992 0.3932 0.4545
vn -0.6691 0.2738 -0.6909
vn 0.4686 0.7913 0.3927
vn 0.5911 -0.4740 -0.6526
vn -0.4402 -0.0168 -0.8977
vn 0.0295 -0.2874 0.9574
vn 0.8806 0.0408 -0.4721
vn -0.5682 0.5909 0.5727
vn -0.4297 0.1709 -0.8867
vn -0.8266 -0.5627 0.0068
vn -0.7341 -0.2005 -0.6488
vn 0.5062 -0.8055 -0.3081
vn -0.3608 -0.8635 -0.3525
vn 0.6231 0.2226 0.7498
vn 0.8129 0.5139 -0.2740
vn -0.1989 0.6021 0.7733
vn 0.0752 -0.7903 -0.6081
vn -0.6044 0.1363 -0.7849
vn 0.3464 0.4720 -0.8107
vn 0.0704 0.4962 0.8654
vn 0.9865 -0.1636 -0.0073
vt 0.448686 0.293482
vt 0.454072 0.294569
vt 0.451449 0.297118
vt 0.523929 0.015985
vt 0.536304 0.017580
vt 0.524099 0.018425
vt 0.457023 0.298085
vt 0.462844 0.298939
vt 0.460166 0.301459
vt 0.562555 0.040464
vt 0.574199 0.038477
vt 0.574241 0.040873
vt 0.466863 0.307618
vt 0.467517 0.312749
vt 0.464161 0.310081
vt 0.511783 0.017259
vt 0.511973 0.019701
vt 0.513048 0.043112
vt 0.499709 0.042817
vt 0.512818 0.040723
vt 0.537893 0.040857
vt 0.550255 0.038049
vt 0.550365 0.040445
vt 0.460796 0.307137
vt 0.457505 0.303962
vt 0.466178 0.302157
vt 0.463477 0.304654
vt 0.585544 0.039277
vt 0.585549 0.041677
vt 0.593867 0.017287
vt 0.582958 0.018503
vt 0.582915 0.016058
vt 0.571816 0.015237
vt 0.560442 0.017247
vt 0.560345 0.014805
vt 0.597336 0.040589
vt 0.597301 0.042988
vt 0.612860 0.042953
vt 0.612793 0.045342
vt 0.616313 0.021052
vt 0.604916 0.021406
vt 0.604933 0.018950
vt 0.470237 0.310307
vt 0.470893 0.315165
vt 0.634705 0.046797
vt 0.634622 0.049184
vt 0.660102 0.051375
vt 0.659872 0.053685
vt 0.627898 0.023424
vt 0.616272 0.023515
vt 0.477200 0.315025
vt 0.477976 0.319424
vt 0.474352 0.317375
vt 0.499660 0.018921
vt 0.499867 0.021369
vt 0.487111 0.020994
vt 0.487340 0.023454
vt 0.482118 0.049087
vt 0.456097 0.052946
vt 0.481784 0.046757
vt 0.459680 0.295543
vt 0.473771 0.023563
vt 0.474048 0.026028
vt 0.460246 0.026685
vt 0.460728 0.029068
vt 0.456386 0.055239
vt 0.425786 0.059150
vt 0.448118 0.285932
vt 0.453798 0.288060
vt 0.451237 0.290779
vt 0.536450 0.020011
vt 0.524269 0.020859
vt 0.561455 0.027624
vt 0.571988 0.020437
vt 0.573039 0.028039
vt 0.562478 0.038069
vt 0.574155 0.036072
vt 0.585503 0.036545
vt 0.595604 0.030132
vt 0.597323 0.037858
vt 0.512164 0.022138
vt 0.500075 0.023814
vt 0.537749 0.038460
vt 0.525055 0.036946
vt 0.537606 0.036059
vt 0.550144 0.035646
vt 0.525236 0.039347
vt 0.512587 0.038325
vt 0.548505 0.017200
vt 0.571886 0.017679
vt 0.560537 0.019683
vt 0.571956 0.020115
vt 0.597371 0.038183
vt 0.574123 0.035749
vt 0.584248 0.028847
vt 0.593880 0.019736
vt 0.582999 0.020941
vt 0.593891 0.022178
vt 0.634788 0.044406
vt 0.608876 0.032187
vt 0.612827 0.040227
vt 0.604896 0.023856
vt 0.627847 0.025896
vt 0.616228 0.025977
vt 0.660159 0.049075
vt 0.512177 0.022460
vt 0.524658 0.028848
vt 0.512372 0.030172
vt 0.499415 0.040424
vt 0.481444 0.044424
vt 0.487570 0.025907
vt 0.474321 0.028476
vt 0.499749 0.032055
vt 0.487512 0.026244
vt 0.500076 0.024139
vt 0.455799 0.050670
vt 0.425969 0.056433
vt 0.461028 0.031425
vt 0.525418 0.041739
vt 0.440686 0.040199
vt 0.460400 0.029212
vt 0.441790 0.042005
vt 0.460595 0.029295
vt 0.525036 0.036622
vt 0.512570 0.038000
vt 0.562400 0.035667
vt 0.537583 0.035735
vt 0.444378 0.279435
vt 0.450246 0.282272
vt 0.454382 0.300611
vt 0.481502 0.044094
vt 0.465121 0.039871
vt 0.484536 0.035152
vt 0.492938 0.323621
vt 0.500085 0.324848
vt 0.492921 0.324421
vt 0.499776 0.325634
vt 0.492902 0.325221
vt 0.583035 0.021264
vt 0.548384 0.014759
vt 0.524287 0.021180
vt 0.537021 0.027978
vt 0.548625 0.019635
vt 0.440269 0.272161
vt 0.445478 0.273557
vt 0.440577 0.281010
vt 0.443248 0.285326
vt 0.461127 0.031719
vt 0.474152 0.028835
vt 0.455994 0.050329
vt 0.443368 0.043829
vt 0.481512 0.317448
vt 0.481808 0.321341
vt 0.472979 0.307855
vt 0.473629 0.312746
vt 0.585539 0.036870
vt 0.616454 0.026338
vt 0.625480 0.035193
vt 0.469585 0.305142
vt 0.476390 0.310318
vt 0.549374 0.027588
vt 0.550119 0.035323
vt 0.500001 0.045199
vt 0.589948 0.193340
vt 0.633707 0.183044
vt 0.590817 0.194208
vt 0.499410 0.040099
vt 0.486919 0.320264
vt 0.485518 0.323041
vt 0.492113 0.319370
vt 0.492804 0.323513
vt 0.634562 0.044053
vt 0.643614 0.038658
vt 0.659455 0.048634
vt 0.627699 0.028666
vt 0.440163 0.272032
vt 0.439062 0.263354
vt 0.439897 0.263176
vt 0.445985 0.289580
vt 0.439358 0.272016
vt 0.438218 0.263557
vt 0.604996 0.024191
vt 0.536158 0.015140
vt 0.562371 0.035344
vt 0.593938 0.022504
vt 0.485763 0.323981
vt 0.485527 0.323131
vt 0.480074 0.312676
vt 0.612927 0.040559
vt 0.485995 0.324833
vt 0.560566 0.020004
vt 0.548651 0.019956
vt 0.536471 0.020332
vt 0.456710 0.292004
vt 0.485069 0.315507
vt 0.676552 0.134225
vt 0.601727 0.092739
vt 0.695698 0.138552
vt 0.519680 0.103003
vt 0.552985 0.142417
vt 0.552184 0.143148
vt 0.523652 0.104804
vt 0.553788 0.141689
vt 0.584668 0.170079
vt 0.591523 0.134208
vt 0.616731 0.148219
vt 0.535285 0.281588
vt 0.489729 0.210577
vt 0.494937 0.209480
vt 0.633433 0.181582
vt 0.683050 0.175694
vt 0.556387 0.231062
vt 0.535241 0.275572
vt 0.555301 0.230654
vt 0.594946 0.116298
vt 0.648763 0.126381
vt 0.571088 0.290181
vt 0.650126 0.252673
vt 0.557384 0.304836
vt 0.495727 0.129052
vt 0.536977 0.159626
vt 0.496941 0.131336
vt 0.592979 0.234507
vt 0.630529 0.234052
vt 0.593485 0.272055
vt 0.567510 0.188905
vt 0.536229 0.160418
vt 0.701368 0.158760
vt 0.654101 0.256774
vt 0.488494 0.110445
vt 0.483910 0.211794
vt 0.481814 0.091853
vt 0.538635 0.300359
vt 0.646291 0.248725
vt 0.683194 0.175907
vt 0.686716 0.173581
vt 0.578958 0.237287
vt 0.590689 0.194338
vt 0.580043 0.237494
vt 0.582522 0.179678
vt 0.540331 0.146498
vt 0.546523 0.144707
vt 0.602618 0.087591
vt 0.715871 0.143211
vt 0.589691 0.193221
vt 0.634693 0.175538
vt 0.633453 0.181379
vt 0.571738 0.289459
vt 0.644882 0.247359
vt 0.476043 0.096570
vt 0.455374 0.146625
vt 0.443365 0.111236
vt 0.575851 0.186678
vt 0.540157 0.146691
vt 0.581154 0.185190
vt 0.631246 0.163670
vt 0.626973 0.159219
vt 0.573080 0.238835
vt 0.578756 0.237314
vt 0.635958 0.168963
vt 0.715982 0.143585
vt 0.635885 0.168707
vt 0.569838 0.188450
vt 0.568677 0.188765
vt 0.495501 0.129204
vt 0.496639 0.208947
vt 0.495258 0.209394
vt 0.500813 0.096992
vt 0.482039 0.091538
vt 0.535090 0.277993
vt 0.535134 0.280725
vt 0.557475 0.231468
vt 0.535347 0.277986
vt 0.585338 0.189045
vt 0.566619 0.240439
vt 0.581377 0.185246
vt 0.495222 0.128407
vt 0.538852 0.153044
vt 0.537799 0.158654
vt 0.583840 0.173830
vt 0.542686 0.320105
vt 0.680040 0.177794
vt 0.633977 0.184494
vt 0.583805 0.173548
vt 0.584062 0.172365
vt 0.600845 0.097694
vt 0.672726 0.134256
vt 0.600420 0.099223
vt 0.445040 0.171652
vt 0.477719 0.156987
vt 0.479394 0.217403
vt 0.519799 0.102776
vt 0.521923 0.103785
vt 0.583989 0.173588
vt 0.626215 0.157948
vt 0.626834 0.159064
vt 0.566364 0.240366
vt 0.561718 0.235774
vt 0.537728 0.158836
vt 0.568629 0.188592
vt 0.542327 0.319928
vt 0.410687 0.125901
vt 0.581309 0.185029
vt 0.584312 0.171226
vt 0.600003 0.100737
vt 0.523743 0.104605
vt 0.670180 0.134319
vt 0.581128 0.237697
vt 0.680158 0.177969
vt 0.573137 0.287267
vt 0.643502 0.246009
vt 0.496724 0.131463
vt 0.498009 0.208506
vt 0.567557 0.189072
vt 0.535025 0.275579
vt 0.687423 0.172928
vt 0.646540 0.248975
vt 0.571497 0.289321
vt 0.572914 0.287121
vt 0.574182 0.285235
vt 0.591654 0.195044
vt 0.570071 0.188290
vt 0.566397 0.189665
vt 0.531152 0.198962
vt 0.533076 0.170164
vt 0.513554 0.203603
vt 0.499786 0.150683
vt 0.552001 0.143226
vt 0.519003 0.102537
vt 0.562887 0.138132
vt 0.541128 0.106216
vt 0.584238 0.172403
vt 0.625595 0.156834
vt 0.630040 0.196486
vt 0.667572 0.196049
vt 0.592472 0.196923
vt 0.617856 0.221688
vt 0.557634 0.231597
vt 0.546851 0.223110
vt 0.527323 0.256523
vt 0.497943 0.133329
vt 0.600923 0.097365
vt 0.672722 0.134495
vt 0.675709 0.134365
vt 0.670182 0.134538
vt 0.477066 0.262927
vt 0.481773 0.265699
vt 0.478478 0.267251
vt 0.504415 0.053371
vt 0.516811 0.053521
vt 0.504867 0.055700
vt 0.483421 0.269956
vt 0.488626 0.272602
vt 0.485313 0.274133
vt 0.545630 0.075713
vt 0.558314 0.073224
vt 0.558421 0.075879
vt 0.489735 0.282041
vt 0.488779 0.287116
vt 0.486411 0.283545
vt 0.493138 0.056115
vt 0.493617 0.058325
vt 0.496280 0.079483
vt 0.484587 0.079596
vt 0.496007 0.077330
vt 0.519957 0.076744
vt 0.532511 0.073506
vt 0.532696 0.076000
vt 0.484128 0.279704
vt 0.482010 0.275658
vt 0.490764 0.276668
vt 0.487443 0.278188
vt 0.571057 0.073826
vt 0.571111 0.076546
vt 0.579658 0.048254
vt 0.567169 0.050372
vt 0.566944 0.047591
vt 0.554347 0.047572
vt 0.542027 0.050795
vt 0.541694 0.048164
vt 0.584591 0.075096
vt 0.584589 0.077871
vt 0.602769 0.077607
vt 0.602739 0.080425
vt 0.606365 0.051612
vt 0.592822 0.052490
vt 0.592727 0.049590
vt 0.492113 0.285630
vt 0.491249 0.290451
vt 0.628800 0.081554
vt 0.628789 0.084409
vt 0.659651 0.085970
vt 0.659657 0.088844
vt 0.620366 0.054513
vt 0.606359 0.054558
vt 0.497302 0.292251
vt 0.496695 0.296690
vt 0.493866 0.293616
vt 0.482565 0.059213
vt 0.483057 0.061302
vt 0.472374 0.062660
vt 0.472871 0.064637
vt 0.470432 0.085460
vt 0.450717 0.089897
vt 0.470076 0.083614
vt 0.486728 0.268412
vt 0.462261 0.066461
vt 0.462782 0.068338
vt 0.452380 0.070704
vt 0.453041 0.072423
vt 0.451003 0.091551
vt 0.430748 0.095368
vt 0.479027 0.255674
vt 0.483628 0.259505
vt 0.480344 0.261221
vt 0.517207 0.055953
vt 0.505297 0.058023
vt 0.543902 0.061921
vt 0.554956 0.053339
vt 0.556605 0.061706
vt 0.545481 0.073132
vt 0.558191 0.070560
vt 0.570942 0.070721
vt 0.582304 0.063051
vt 0.584522 0.071921
vt 0.494072 0.060530
vt 0.483527 0.063389
vt 0.519742 0.074349
vt 0.507257 0.073361
vt 0.519506 0.071948
vt 0.532309 0.071005
vt 0.507522 0.075649
vt 0.495709 0.075169
vt 0.529312 0.051877
vt 0.554630 0.050283
vt 0.542342 0.053418
vt 0.554897 0.052984
vt 0.584584 0.072312
vt 0.558145 0.070202
vt 0.569231 0.062047
vt 0.579820 0.051097
vt 0.567379 0.053141
vt 0.579967 0.053927
vt 0.628807 0.078703
vt 0.597831 0.065053
vt 0.602670 0.074409
vt 0.592903 0.055377
vt 0.620089 0.057439
vt 0.606340 0.057477
vt 0.659645 0.083095
vt 0.494116 0.060822
vt 0.506392 0.065647
vt 0.495012 0.067817
vt 0.484242 0.077577
vt 0.469700 0.081764
vt 0.473348 0.066613
vt 0.463287 0.070206
vt 0.484008 0.070473
vt 0.473339 0.066916
vt 0.483559 0.063673
vt 0.450409 0.088248
vt 0.430868 0.094517
vt 0.453677 0.074101
vt 0.507765 0.077931
vt 0.439377 0.083057
vt 0.440427 0.084137
vt 0.441461 0.085227
vt 0.507227 0.073059
vt 0.495679 0.074879
vt 0.545314 0.070545
vt 0.519470 0.071623
vt 0.477712 0.248428
vt 0.482188 0.252951
vt 0.480123 0.271494
vt 0.469734 0.081477
vt 0.457022 0.079523
vt 0.471659 0.074286
vt 0.642181 0.066621
vt 0.661766 0.080868
vt 0.640960 0.068990
vt 0.659719 0.082891
vt 0.639734 0.071353
vt 0.567441 0.053503
vt 0.528936 0.049336
vt 0.505346 0.058327
vt 0.518457 0.063894
vt 0.529668 0.054411
vt 0.476284 0.240354
vt 0.480549 0.243302
vt 0.473908 0.248697
vt 0.474810 0.253530
vt 0.453739 0.074184
vt 0.463236 0.070560
vt 0.450643 0.087897
vt 0.442023 0.085135
vt 0.500694 0.295889
vt 0.499779 0.299741
vt 0.495468 0.284138
vt 0.494594 0.288987
vt 0.570990 0.071096
vt 0.606567 0.057981
vt 0.617424 0.068153
vt 0.493076 0.280529
vt 0.497961 0.287519
vt 0.531075 0.062649
vt 0.532268 0.070670
vt 0.484908 0.081604
vt 0.459050 0.279989
vt 0.464411 0.281227
vt 0.461703 0.283704
vt 0.484215 0.077281
vt 0.505100 0.300266
vt 0.502891 0.302660
vt 0.510371 0.300743
vt 0.509885 0.304948
vt 0.628516 0.078303
vt 0.639057 0.071461
vt 0.658706 0.082645
vt 0.619783 0.060432
vt 0.430505 0.094978
vt 0.429471 0.094758
vt 0.475855 0.258387
vt 0.431299 0.095121
vt 0.593027 0.055797
vt 0.516395 0.051080
vt 0.545270 0.070200
vt 0.580043 0.054302
vt 0.500760 0.290884
vt 0.602794 0.074789
vt 0.619809 0.060294
vt 0.542400 0.053765
vt 0.529724 0.054744
vt 0.517260 0.056271
vt 0.485077 0.264142
vt 0.504701 0.295087
vt 0.573171 0.364001
vt 0.561093 0.362348
vt 0.573019 0.361617
vt 0.467258 0.284848
vt 0.473074 0.285908
vt 0.470291 0.288341
vt 0.535798 0.339721
vt 0.524382 0.341415
vt 0.524395 0.339066
vt 0.476757 0.294774
vt 0.477202 0.299931
vt 0.473955 0.297127
vt 0.585044 0.362800
vt 0.584862 0.360416
vt 0.583887 0.337663
vt 0.596836 0.338018
vt 0.584097 0.339985
vt 0.559764 0.339675
vt 0.547728 0.342258
vt 0.547654 0.339928
vt 0.470707 0.294051
vt 0.467535 0.290752
vt 0.476297 0.289272
vt 0.473489 0.291669
vt 0.513255 0.340357
vt 0.513323 0.338000
vt 0.504767 0.362039
vt 0.515498 0.360870
vt 0.515521 0.363266
vt 0.526367 0.364195
vt 0.537510 0.362386
vt 0.537572 0.364775
vt 0.501627 0.338696
vt 0.501784 0.336339
vt 0.486101 0.335877
vt 0.486345 0.333569
vt 0.481919 0.359176
vt 0.493644 0.358220
vt 0.493672 0.360651
vt 0.480020 0.297603
vt 0.480479 0.302488
vt 0.464285 0.331672
vt 0.464531 0.329411
vt 0.438971 0.327507
vt 0.439009 0.325076
vt 0.469994 0.357423
vt 0.481915 0.356730
vt 0.486813 0.302610
vt 0.487415 0.307202
vt 0.483853 0.304866
vt 0.596865 0.361154
vt 0.596653 0.358769
vt 0.608999 0.359001
vt 0.608756 0.356615
vt 0.613972 0.331879
vt 0.639655 0.327567
vt 0.614296 0.334176
vt 0.470012 0.282382
vt 0.621753 0.356285
vt 0.621485 0.353898
vt 0.634851 0.353212
vt 0.634569 0.350824
vt 0.639312 0.325283
vt 0.669598 0.319581
vt 0.458709 0.272446
vt 0.464328 0.274678
vt 0.461681 0.277349
vt 0.560973 0.359973
vt 0.572866 0.359240
vt 0.536663 0.352245
vt 0.526264 0.359107
vt 0.525338 0.351655
vt 0.535829 0.342054
vt 0.524374 0.343774
vt 0.513216 0.343050
vt 0.503107 0.349231
vt 0.501503 0.341394
vt 0.584679 0.358039
vt 0.596440 0.356391
vt 0.559880 0.342003
vt 0.572192 0.343576
vt 0.559996 0.344337
vt 0.547803 0.344596
vt 0.572032 0.341242
vt 0.584307 0.342316
vt 0.549172 0.362588
vt 0.526329 0.361805
vt 0.537450 0.360004
vt 0.526291 0.359421
vt 0.501468 0.341072
vt 0.524399 0.344092
vt 0.514338 0.350678
vt 0.504746 0.359629
vt 0.515478 0.358477
vt 0.504728 0.357217
vt 0.464028 0.333919
vt 0.489761 0.347005
vt 0.485932 0.338517
vt 0.493621 0.355787
vt 0.470155 0.355052
vt 0.481910 0.354295
vt 0.439331 0.330111
vt 0.584666 0.357725
vt 0.572532 0.351454
vt 0.584493 0.350226
vt 0.597108 0.340346
vt 0.614622 0.336480
vt 0.608512 0.354234
vt 0.621217 0.351515
vt 0.596767 0.348418
vt 0.608569 0.353906
vt 0.596439 0.356075
vt 0.639998 0.329856
vt 0.669842 0.321861
vt 0.634284 0.348435
vt 0.571872 0.338918
vt 0.451066 0.258912
vt 0.450819 0.267268
vt 0.450283 0.258934
vt 0.449973 0.267072
vt 0.449499 0.258958
vt 0.572208 0.343890
vt 0.584321 0.342631
vt 0.535864 0.344396
vt 0.560015 0.344651
vt 0.455223 0.266028
vt 0.460895 0.268852
vt 0.464528 0.287291
vt 0.614564 0.336808
vt 0.630585 0.340627
vt 0.611539 0.345376
vt 0.452323 0.345371
vt 0.437227 0.331705
vt 0.453218 0.343516
vt 0.439271 0.330257
vt 0.454106 0.341666
vt 0.515446 0.358162
vt 0.549261 0.364975
vt 0.572851 0.358927
vt 0.560489 0.352202
vt 0.549083 0.360208
vt 0.451172 0.259041
vt 0.456259 0.260329
vt 0.451750 0.267468
vt 0.454001 0.271708
vt 0.634176 0.348147
vt 0.621396 0.351159
vt 0.639806 0.330216
vt 0.651768 0.335272
vt 0.491159 0.305236
vt 0.491210 0.309603
vt 0.482860 0.295266
vt 0.483313 0.300181
vt 0.513189 0.342728
vt 0.481730 0.353950
vt 0.473000 0.343864
vt 0.479582 0.292413
vt 0.486166 0.297865
vt 0.548449 0.352447
vt 0.547824 0.344911
vt 0.596566 0.335702
vt 0.597111 0.340663
vt 0.496828 0.308336
vt 0.494998 0.311958
vt 0.502426 0.307095
vt 0.503114 0.311723
vt 0.464221 0.334240
vt 0.454513 0.341625
vt 0.439896 0.330453
vt 0.470212 0.352379
vt 0.449790 0.250598
vt 0.450665 0.250442
vt 0.456495 0.276020
vt 0.448997 0.250860
vt 0.493528 0.355457
vt 0.561213 0.364734
vt 0.535887 0.344712
vt 0.504684 0.356898
vt 0.469824 0.354916
vt 0.469663 0.357262
vt 0.489778 0.300352
vt 0.485848 0.338194
vt 0.469983 0.352597
vt 0.537426 0.359691
vt 0.549062 0.359895
vt 0.560955 0.359661
vt 0.467140 0.278725
vt 0.494892 0.303274
vt 0.500343 0.324033
vt 0.500335 0.324007
vt 0.500363 0.324037
vt 0.500300 0.324004
vt 0.500303 0.323979
vt 0.500358 0.324006
vt 0.500326 0.323983
vt 0.500202 0.323916
vt 0.500195 0.323942
vt 0.500152 0.323913
vt 0.500263 0.323927
vt 0.500258 0.323949
vt 0.500249 0.323973
vt 0.500310 0.323961
vt 0.659827 0.053736
vt 0.659731 0.053727
vt 0.659926 0.053682
vt 0.659888 0.053742
vt 0.659717 0.053776
vt 0.659570 0.053757
vt 0.500348 0.323985
vt 0.459928 0.026762
vt 0.459995 0.026805
vt 0.459922 0.026843
vt 0.440531 0.280973
vt 0.440510 0.280982
vt 0.440509 0.280953
vt 0.460002 0.026726
vt 0.460083 0.026762
vt 0.460018 0.026660
vt 0.460071 0.026695
vt 0.440545 0.281013
vt 0.440552 0.280993
vt 0.440562 0.281030
vt 0.440538 0.281029
vt 0.440529 0.280996
vt 0.440528 0.281013
vt 0.460171 0.026720
vt 0.460205 0.026629
vt 0.460136 0.026663
vt 0.460156 0.026591
vt 0.460063 0.026656
vt 0.460102 0.026622
vt 0.439925 0.263186
vt 0.439926 0.263221
vt 0.439897 0.263144
vt 0.439927 0.263163
vt 0.439953 0.263220
vt 0.439957 0.263275
vt 0.439949 0.263196
vt 0.426079 0.061536
vt 0.426128 0.061587
vt 0.426024 0.061536
vt 0.426221 0.061574
vt 0.426239 0.061622
vt 0.426066 0.061594
vt 0.425995 0.061538
vt 0.439947 0.263174
vt 0.439987 0.263330
vt 0.440013 0.263323
vt 0.440015 0.263374
vt 0.439982 0.263266
vt 0.440003 0.263261
vt 0.439970 0.263213
vt 0.499747 0.325657
vt 0.499712 0.325653
vt 0.499805 0.325642
vt 0.499768 0.325660
vt 0.499695 0.325672
vt 0.499637 0.325671
vt 0.499723 0.325672
vt 0.660098 0.048981
vt 0.660214 0.049072
vt 0.659998 0.048969
vt 0.659972 0.048889
vt 0.660161 0.048983
vt 0.660052 0.048912
vt 0.659648 0.048677
vt 0.659613 0.048736
vt 0.499633 0.325690
vt 0.499558 0.325688
vt 0.659821 0.048793
vt 0.659805 0.048852
vt 0.499697 0.325688
vt 0.425914 0.056279
vt 0.426035 0.056271
vt 0.425874 0.056349
vt 0.426107 0.056204
vt 0.426174 0.056217
vt 0.425996 0.056320
vt 0.426116 0.056264
vt 0.426491 0.056111
vt 0.426465 0.056070
vt 0.426623 0.056034
vt 0.407536 0.225281
vt 0.407524 0.225221
vt 0.407731 0.225192
vt 0.426326 0.056168
vt 0.426292 0.056134
vt 0.426193 0.056253
vt 0.426061 0.056330
vt 0.426167 0.056328
vt 0.425864 0.056390
vt 0.426346 0.056221
vt 0.589907 0.193364
vt 0.589877 0.193316
vt 0.589869 0.193395
vt 0.589849 0.193333
vt 0.589795 0.193288
vt 0.589827 0.193354
vt 0.589797 0.193309
vt 0.589790 0.193405
vt 0.589839 0.193434
vt 0.589816 0.193476
vt 0.589761 0.193325
vt 0.589807 0.193376
vt 0.589758 0.193287
vt 0.589734 0.193255
vt 0.589727 0.193263
vt 0.495630 0.129028
vt 0.495538 0.128858
vt 0.495505 0.128856
vt 0.495401 0.128722
vt 0.495370 0.128665
vt 0.495450 0.128872
vt 0.495523 0.129095
vt 0.495344 0.128641
vt 0.495434 0.128882
vt 0.686589 0.173355
vt 0.686856 0.173289
vt 0.686671 0.173387
vt 0.687307 0.173013
vt 0.687250 0.173021
vt 0.686733 0.173488
vt 0.686933 0.173323
vt 0.686881 0.173312
vt 0.686915 0.173318
vt 0.687047 0.173185
vt 0.687148 0.173129
vt 0.571530 0.289410
vt 0.571409 0.289575
vt 0.571432 0.289616
vt 0.571350 0.289770
vt 0.571305 0.289841
vt 0.571467 0.289666
vt 0.571638 0.289476
vt 0.571479 0.289681
vt 0.571282 0.289902
vt 0.571328 0.289809
vt 0.571456 0.289637
vt 0.571575 0.289457
vt 0.675744 0.134297
vt 0.675915 0.134320
vt 0.675755 0.134243
vt 0.675951 0.134239
vt 0.675939 0.134274
vt 0.676085 0.134249
vt 0.676119 0.134260
vt 0.675696 0.134126
vt 0.675980 0.134216
vt 0.675742 0.134190
vt 0.676002 0.134204
vt 0.676260 0.134237
vt 0.676159 0.134247
vt 0.676355 0.134253
vt 0.676418 0.134227
vt 0.569862 0.188283
vt 0.569813 0.188310
vt 0.569789 0.188271
vt 0.569936 0.188315
vt 0.569879 0.188311
vt 0.569888 0.188340
vt 0.569831 0.188355
vt 0.569923 0.188330
vt 0.569960 0.188346
vt 0.569981 0.188314
vt 0.570020 0.188309
vt 0.570017 0.188299
vt 0.569947 0.188298
vt 0.569839 0.188403
vt 0.569895 0.188402
vt 0.569895 0.188369
vt 0.569942 0.188337
vt 0.535341 0.280990
vt 0.535326 0.280790
vt 0.535397 0.280736
vt 0.535288 0.281182
vt 0.535302 0.281011
vt 0.535206 0.280789
vt 0.535231 0.281037
vt 0.535266 0.280806
vt 0.535248 0.281033
vt 0.535286 0.281223
vt 0.535275 0.281308
vt 0.535272 0.281015
vt 0.535282 0.281146
vt 0.583942 0.173648
vt 0.583941 0.173592
vt 0.583880 0.173699
vt 0.583910 0.173649
vt 0.583893 0.173586
vt 0.583872 0.173680
vt 0.583880 0.173644
vt 0.583846 0.173775
vt 0.583858 0.173694
vt 0.583860 0.173738
vt 0.583856 0.173778
vt 0.583890 0.173716
vt 0.583846 0.173571
vt 0.583822 0.173622
vt 0.583851 0.173637
vt 0.583841 0.173705
vt 0.519481 0.102802
vt 0.519662 0.102917
vt 0.519479 0.102835
vt 0.519319 0.102695
vt 0.519332 0.102702
vt 0.519714 0.102814
vt 0.519500 0.102728
vt 0.519674 0.102859
vt 0.519494 0.102775
vt 0.519493 0.102747
vt 0.519248 0.102649
vt 0.542557 0.320196
vt 0.542593 0.320075
vt 0.476090 0.096608
vt 0.476081 0.096604
vt 0.476093 0.096571
vt 0.542447 0.320171
vt 0.542502 0.320038
vt 0.476061 0.096558
vt 0.476062 0.096589
vt 0.542171 0.320163
vt 0.542315 0.320198
vt 0.542273 0.320375
vt 0.476077 0.096562
vt 0.476072 0.096543
vt 0.542415 0.319988
vt 0.542257 0.319979
vt 0.542352 0.320104
vt 0.542222 0.320038
vt 0.542424 0.320229
vt 0.715901 0.143162
vt 0.716001 0.143267
vt 0.715911 0.143305
vt 0.715961 0.143128
vt 0.715940 0.143396
vt 0.716075 0.143259
vt 0.716045 0.143358
vt 0.479407 0.217422
vt 0.479382 0.217412
vt 0.479412 0.217397
vt 0.479427 0.217424
vt 0.479404 0.217436
vt 0.479377 0.217415
vt 0.479422 0.217433
vt 0.715961 0.143489
vt 0.716058 0.143605
vt 0.716057 0.143459
vt 0.716114 0.143572
vt 0.716089 0.143344
vt 0.716121 0.143418
vt 0.581317 0.185242
vt 0.581370 0.185187
vt 0.581261 0.185231
vt 0.581316 0.185188
vt 0.581357 0.185133
vt 0.581280 0.185153
vt 0.581310 0.185145
vt 0.581186 0.185141
vt 0.581207 0.185214
vt 0.581222 0.185100
vt 0.581232 0.185167
vt 0.581273 0.185184
vt 0.581291 0.185107
vt 0.581262 0.185063
vt 0.581337 0.185081
vt 0.581257 0.185132
vt 0.481716 0.091834
vt 0.481867 0.091766
vt 0.481628 0.091774
vt 0.481773 0.091681
vt 0.481921 0.091688
vt 0.481727 0.091602
vt 0.481829 0.091593
vt 0.481589 0.091384
vt 0.481721 0.091496
vt 0.481519 0.091638
vt 0.481831 0.091266
vt 0.481828 0.091491
vt 0.481789 0.091554
vt 0.481899 0.091529
vt 0.482026 0.091455
vt 0.481978 0.091612
vt 0.680033 0.177874
vt 0.679968 0.177859
vt 0.680125 0.177860
vt 0.680073 0.177894
vt 0.679985 0.177919
vt 0.679908 0.177922
vt 0.680026 0.177923
vt 0.680075 0.177939
vt 0.680144 0.177898
vt 0.680056 0.178006
vt 0.680010 0.177961
vt 0.679854 0.177983
vt 0.679887 0.178041
vt 0.681105 0.178458
vt 0.679939 0.177974
vt 0.679969 0.178027
vt 0.591673 0.195085
vt 0.591616 0.195070
vt 0.591687 0.195126
vt 0.591637 0.195107
vt 0.591584 0.195099
vt 0.591654 0.195210
vt 0.591695 0.195168
vt 0.590260 0.193769
vt 0.591612 0.195201
vt 0.591653 0.195167
vt 0.591555 0.195131
vt 0.591571 0.195188
vt 0.591530 0.195169
vt 0.591593 0.195151
vt 0.574266 0.285227
vt 0.574221 0.285294
vt 0.574250 0.285159
vt 0.574313 0.285176
vt 0.574288 0.285268
vt 0.574317 0.285218
vt 0.574438 0.285073
vt 0.574377 0.285039
vt 0.574996 0.286178
vt 0.574424 0.285158
vt 0.574369 0.285128
vt 0.574314 0.285096
vt 0.574356 0.285201
vt 0.574367 0.285356
vt 0.574335 0.285269
vt 0.574404 0.285249
vt 0.574293 0.285342
vt 0.567530 0.188945
vt 0.567474 0.188931
vt 0.567544 0.188985
vt 0.567495 0.188967
vt 0.567443 0.188959
vt 0.567507 0.188995
vt 0.567470 0.188986
vt 0.567512 0.189068
vt 0.567553 0.189027
vt 0.567471 0.189060
vt 0.567511 0.189026
vt 0.567480 0.189023
vt 0.567416 0.188991
vt 0.567431 0.189046
vt 0.569145 0.188665
vt 0.567452 0.189011
vt 0.567486 0.189001
vt 0.497908 0.133402
vt 0.497874 0.133334
vt 0.497976 0.133419
vt 0.497927 0.133462
vt 0.497864 0.133404
vt 0.497890 0.133449
vt 0.497952 0.133611
vt 0.498011 0.133574
vt 0.497010 0.133239
vt 0.497890 0.133565
vt 0.497940 0.133529
vt 0.497996 0.133498
vt 0.497885 0.133489
vt 0.497758 0.133434
vt 0.497841 0.133443
vt 0.497828 0.133511
vt 0.497802 0.133376
vt 0.535175 0.275522
vt 0.535223 0.275473
vt 0.535178 0.275602
vt 0.535136 0.275546
vt 0.535162 0.275455
vt 0.535201 0.275387
vt 0.535137 0.275488
vt 0.535096 0.275522
vt 0.535094 0.275605
vt 0.535049 0.275470
vt 0.535112 0.275454
vt 0.535178 0.275306
vt 0.535109 0.275303
vt 0.534517 0.275917
vt 0.535140 0.275386
vt 0.535077 0.275383
vt 0.670147 0.134465
vt 0.670226 0.134469
vt 0.670096 0.134514
vt 0.670072 0.134460
vt 0.670163 0.134435
vt 0.670236 0.134430
vt 0.670105 0.134439
vt 0.669908 0.134434
vt 0.669911 0.134482
vt 0.670528 0.133600
vt 0.669998 0.134400
vt 0.670001 0.134449
vt 0.670005 0.134496
vt 0.670145 0.134406
vt 0.670087 0.134362
vt 0.670226 0.134391
vt 0.670069 0.134425
vt 0.584436 0.171262
vt 0.584475 0.171219
vt 0.584481 0.171263
vt 0.584394 0.171256
vt 0.584433 0.171221
vt 0.584464 0.171178
vt 0.584407 0.171196
vt 0.584428 0.171190
vt 0.584335 0.171189
vt 0.584353 0.171244
vt 0.584362 0.171156
vt 0.584373 0.171207
vt 0.584390 0.171182
vt 0.584402 0.171218
vt 0.584449 0.171139
vt 0.584392 0.171127
vt 0.584143 0.172992
vt 0.584414 0.171162
vt 0.523712 0.104747
vt 0.523733 0.104812
vt 0.523646 0.104726
vt 0.523655 0.104689
vt 0.523774 0.104769
vt 0.523817 0.104827
vt 0.523711 0.104716
vt 0.523755 0.104739
vt 0.523737 0.104699
vt 0.523677 0.104659
vt 0.523804 0.104679
vt 0.523790 0.104739
vt 0.523903 0.104848
vt 0.523925 0.104807
vt 0.523517 0.103594
vt 0.523838 0.104785
vt 0.523862 0.104745
vt 0.516899 0.307286
vt 0.516895 0.307253
vt 0.516924 0.307293
vt 0.516856 0.307244
vt 0.516863 0.307218
vt 0.516921 0.307255
vt 0.516888 0.307225
vt 0.516782 0.307137
vt 0.516769 0.307160
vt 0.516735 0.307122
vt 0.516834 0.307162
vt 0.516825 0.307180
vt 0.516811 0.307201
vt 0.516873 0.307201
vt 0.659603 0.088909
vt 0.659484 0.088901
vt 0.659725 0.088837
vt 0.659676 0.088914
vt 0.516892 0.307191
vt 0.516912 0.307229
vt 0.478671 0.231811
vt 0.478686 0.231835
vt 0.478669 0.231867
vt 0.478682 0.231792
vt 0.478698 0.231819
vt 0.478694 0.231879
vt 0.478680 0.231933
vt 0.478703 0.231856
vt 0.430642 0.096466
vt 0.430665 0.096609
vt 0.430362 0.096127
vt 0.478728 0.231869
vt 0.478713 0.231881
vt 0.478711 0.231835
vt 0.478702 0.231792
vt 0.478691 0.231997
vt 0.478718 0.232000
vt 0.478703 0.232050
vt 0.478706 0.231933
vt 0.478728 0.231936
vt 0.659573 0.082903
vt 0.659482 0.082832
vt 0.659772 0.083053
vt 0.659630 0.082964
vt 0.659393 0.082852
vt 0.659219 0.082756
vt 0.659473 0.082905
vt 0.659546 0.082980
vt 0.659730 0.083075
vt 0.659420 0.082990
vt 0.659373 0.082899
vt 0.658951 0.082684
vt 0.658915 0.082757
vt 0.659177 0.082803
vt 0.659165 0.082876
vt 0.431130 0.094932
vt 0.431226 0.094914
vt 0.431112 0.094949
vt 0.431059 0.094871
vt 0.431094 0.094830
vt 0.431056 0.094853
vt 0.431114 0.094816
vt 0.431111 0.094812
vt 0.431149 0.094795
vt 0.431055 0.094826
vt 0.431069 0.094839
vt 0.431079 0.094858
vt 0.431035 0.094837
vt 0.431007 0.094760
vt 0.430974 0.094764
vt 0.431144 0.094765
vt 0.511363 0.311545
vt 0.511351 0.311519
vt 0.511385 0.311543
vt 0.511319 0.311520
vt 0.511319 0.311494
vt 0.511370 0.311515
vt 0.511396 0.311536
vt 0.511342 0.311496
vt 0.511220 0.311440
vt 0.511215 0.311467
vt 0.511172 0.311442
vt 0.511278 0.311445
vt 0.511274 0.311468
vt 0.511267 0.311493
vt 0.511325 0.311476
vt 0.439050 0.325022
vt 0.439138 0.325032
vt 0.511364 0.311497
vt 0.439150 0.324981
vt 0.439283 0.324997
vt 0.469739 0.357299
vt 0.469677 0.357344
vt 0.469828 0.357344
vt 0.469755 0.357381
vt 0.469714 0.357421
vt 0.469822 0.357452
vt 0.469777 0.357447
vt 0.469961 0.357479
vt 0.469918 0.357387
vt 0.469921 0.357514
vt 0.469892 0.357446
vt 0.469825 0.357414
vt 0.469865 0.357487
vt 0.495000 0.311987
vt 0.494980 0.311972
vt 0.495020 0.311980
vt 0.495019 0.312001
vt 0.494984 0.311994
vt 0.494964 0.311982
vt 0.495002 0.312003
vt 0.450691 0.250455
vt 0.450692 0.250490
vt 0.450669 0.250407
vt 0.450693 0.250436
vt 0.450718 0.250490
vt 0.450722 0.250544
vt 0.450714 0.250466
vt 0.450703 0.250418
vt 0.450712 0.250443
vt 0.450683 0.250408
vt 0.450748 0.250464
vt 0.450736 0.250484
vt 0.450751 0.250598
vt 0.450776 0.250592
vt 0.450779 0.250642
vt 0.450745 0.250537
vt 0.450764 0.250533
vt 0.439377 0.330255
vt 0.439440 0.330319
vt 0.439231 0.330153
vt 0.439346 0.330210
vt 0.439496 0.330297
vt 0.439598 0.330372
vt 0.439447 0.330255
vt 0.439403 0.330198
vt 0.439264 0.330132
vt 0.439496 0.330197
vt 0.439513 0.330261
vt 0.439755 0.330422
vt 0.439783 0.330371
vt 0.439626 0.330334
vt 0.439644 0.330284
vt 0.470035 0.352544
vt 0.470058 0.352625
vt 0.470095 0.352487
vt 0.470096 0.352569
vt 0.470146 0.352657
vt 0.470164 0.352552
vt 0.470155 0.352594
vt 0.470237 0.352456
vt 0.470156 0.352430
vt 0.470206 0.352546
vt 0.470182 0.352489
vt 0.470133 0.352521
vt 0.470234 0.352687
vt 0.470290 0.352632
vt 0.470311 0.352711
vt 0.470220 0.352612
vt 0.470264 0.352544
vt 0.448975 0.250890
vt 0.448993 0.250841
vt 0.448978 0.250924
vt 0.448959 0.250942
vt 0.448972 0.250868
vt 0.448960 0.250913
vt 0.669307 0.322240
vt 0.669344 0.322294
vt 0.669160 0.322351
vt 0.669494 0.322112
vt 0.669515 0.322172
vt 0.669556 0.322208
vt 0.669662 0.322062
vt 0.669689 0.322098
vt 0.669785 0.321960
vt 0.669683 0.321980
vt 0.669922 0.321864
vt 0.669849 0.321953
vt 0.669743 0.322033
vt 0.460475 0.029173
vt 0.460562 0.029132
vt 0.460651 0.029095
vt 0.460778 0.307154
vt 0.457488 0.303979
vt 0.460763 0.307168
vt 0.457473 0.303993
vt 0.460749 0.307183
vt 0.457458 0.304007
vt 0.548382 0.014695
vt 0.536155 0.015076
vt 0.464143 0.310097
vt 0.464128 0.310112
vt 0.464114 0.310127
vt 0.560345 0.014741
vt 0.462863 0.298922
vt 0.459698 0.295526
vt 0.462878 0.298907
vt 0.525429 0.041863
vt 0.537896 0.040923
vt 0.537899 0.040981
vt 0.456728 0.291986
vt 0.459714 0.295511
vt 0.513065 0.043235
vt 0.525423 0.041805
vt 0.451431 0.297135
vt 0.454365 0.300628
vt 0.451416 0.297149
vt 0.454350 0.300642
vt 0.451401 0.297162
vt 0.511777 0.017195
vt 0.454335 0.300655
vt 0.523924 0.015921
vt 0.466196 0.302140
vt 0.469603 0.305125
vt 0.466212 0.302125
vt 0.469619 0.305110
vt 0.562551 0.040588
vt 0.550367 0.040511
vt 0.562555 0.040530
vt 0.550366 0.040569
vt 0.472998 0.307838
vt 0.476409 0.310301
vt 0.473014 0.307823
vt 0.476425 0.310286
vt 0.585536 0.041800
vt 0.574240 0.040940
vt 0.585546 0.041743
vt 0.574233 0.040998
vt 0.467499 0.312765
vt 0.467484 0.312780
vt 0.467471 0.312795
vt 0.571816 0.015172
vt 0.470875 0.315182
vt 0.470860 0.315197
vt 0.470848 0.315213
vt 0.582917 0.015994
vt 0.474333 0.317391
vt 0.474317 0.317405
vt 0.474305 0.317422
vt 0.593871 0.017222
vt 0.477952 0.319438
vt 0.477932 0.319450
vt 0.477918 0.319465
vt 0.604941 0.018886
vt 0.480094 0.312659
vt 0.485094 0.315494
vt 0.480111 0.312644
vt 0.485115 0.315482
vt 0.612756 0.045461
vt 0.597296 0.043053
vt 0.612783 0.045407
vt 0.597281 0.043110
vt 0.485518 0.323065
vt 0.492855 0.323542
vt 0.485519 0.323086
vt 0.492899 0.323570
vt 0.485521 0.323108
vt 0.492928 0.323596
vt 0.481772 0.321348
vt 0.481742 0.321355
vt 0.481721 0.321368
vt 0.627894 0.023356
vt 0.616330 0.020989
vt 0.492150 0.319364
vt 0.492181 0.319358
vt 0.634604 0.049248
vt 0.634555 0.049297
vt 0.453815 0.288041
vt 0.456744 0.291972
vt 0.500028 0.045319
vt 0.513056 0.043178
vt 0.450260 0.282248
vt 0.453831 0.288026
vt 0.482164 0.049201
vt 0.500012 0.045263
vt 0.482134 0.049150
vt 0.445972 0.289604
vt 0.448669 0.293500
vt 0.445960 0.289623
vt 0.448655 0.293514
vt 0.445946 0.289638
vt 0.487099 0.020931
vt 0.448639 0.293527
vt 0.499653 0.018857
vt 0.440242 0.272112
vt 0.440215 0.272071
vt 0.440189 0.272042
vt 0.440672 0.040127
vt 0.445484 0.273519
vt 0.450273 0.282227
vt 0.456462 0.055345
vt 0.456410 0.055299
vt 0.445491 0.273487
vt 0.426382 0.061599
vt 0.443242 0.285361
vt 0.440551 0.281048
vt 0.443237 0.285390
vt 0.440540 0.281068
vt 0.473750 0.023501
vt 0.443227 0.285412
vt 0.536454 0.020087
vt 0.548630 0.019712
vt 0.536460 0.020171
vt 0.548636 0.019795
vt 0.536466 0.020255
vt 0.548644 0.019879
vt 0.560542 0.019759
vt 0.560549 0.019843
vt 0.560558 0.019927
vt 0.525050 0.036869
vt 0.537601 0.035982
vt 0.525045 0.036785
vt 0.537595 0.035898
vt 0.525040 0.036701
vt 0.537589 0.035813
vt 0.512581 0.038248
vt 0.512576 0.038164
vt 0.512573 0.038079
vt 0.524274 0.020935
vt 0.512169 0.022215
vt 0.524279 0.021019
vt 0.512173 0.022299
vt 0.524283 0.021103
vt 0.512175 0.022383
vt 0.562396 0.035590
vt 0.550140 0.035569
vt 0.562389 0.035507
vt 0.550134 0.035486
vt 0.562380 0.035422
vt 0.550126 0.035402
vt 0.585535 0.036792
vt 0.574151 0.035996
vt 0.585527 0.036708
vt 0.574144 0.035911
vt 0.585515 0.036624
vt 0.574133 0.035827
vt 0.571960 0.020192
vt 0.571968 0.020276
vt 0.571978 0.020360
vt 0.583003 0.021017
vt 0.583012 0.021102
vt 0.583023 0.021187
vt 0.593895 0.022255
vt 0.593906 0.022341
vt 0.593921 0.022426
vt 0.604904 0.023934
vt 0.604926 0.024021
vt 0.604959 0.024110
vt 0.612921 0.040481
vt 0.597367 0.038106
vt 0.612898 0.040396
vt 0.597357 0.038021
vt 0.612865 0.040309
vt 0.597341 0.037936
vt 0.492889 0.325246
vt 0.486002 0.324860
vt 0.492852 0.325269
vt 0.486006 0.324889
vt 0.492796 0.325292
vt 0.486009 0.324918
vt 0.627735 0.028600
vt 0.643803 0.038692
vt 0.616245 0.026058
vt 0.616294 0.026150
vt 0.616368 0.026247
vt 0.627793 0.028369
vt 0.627785 0.028446
vt 0.627765 0.028525
vt 0.634772 0.044327
vt 0.634723 0.044237
vt 0.634648 0.044143
vt 0.499408 0.040347
vt 0.499406 0.040263
vt 0.499407 0.040178
vt 0.481441 0.044348
vt 0.481452 0.044263
vt 0.484103 0.222718
vt 0.465984 0.222401
vt 0.484124 0.222636
vt 0.466029 0.222327
vt 0.484146 0.222561
vt 0.500080 0.023890
vt 0.487570 0.025985
vt 0.500081 0.023975
vt 0.487559 0.026073
vt 0.500079 0.024061
vt 0.487538 0.026162
vt 0.442904 0.043831
vt 0.442963 0.043870
vt 0.443069 0.043877
vt 0.443210 0.043860
vt 0.461045 0.031498
vt 0.461069 0.031576
vt 0.461097 0.031652
vt 0.455809 0.050594
vt 0.455850 0.050507
vt 0.465944 0.222482
vt 0.439214 0.223442
vt 0.439310 0.223365
vt 0.439130 0.223525
vt 0.407892 0.225112
vt 0.474313 0.028555
vt 0.474278 0.028648
vt 0.474220 0.028744
vt 0.425723 0.059156
vt 0.425897 0.056412
vt 0.438215 0.263536
vt 0.439062 0.263332
vt 0.660186 0.051384
vt 0.659955 0.053684
vt 0.500107 0.324849
vt 0.660158 0.051385
vt 0.499796 0.325639
vt 0.635962 0.168892
vt 0.635952 0.168826
vt 0.635926 0.168765
vt 0.540180 0.146623
vt 0.540266 0.146526
vt 0.540216 0.146568
vt 0.410687 0.125925
vt 0.602687 0.087205
vt 0.481974 0.091373
vt 0.445035 0.171670
vt 0.602662 0.087331
vt 0.566420 0.240410
vt 0.566482 0.240437
vt 0.566548 0.240446
vt 0.477737 0.156993
vt 0.479430 0.217388
vt 0.477771 0.156995
vt 0.479445 0.217378
vt 0.654194 0.256871
vt 0.477756 0.156997
vt 0.542701 0.320200
vt 0.476031 0.096547
vt 0.483535 0.211873
vt 0.483786 0.211818
vt 0.410688 0.125873
vt 0.443360 0.111210
vt 0.483659 0.211844
vt 0.633428 0.181534
vt 0.686811 0.173267
vt 0.633432 0.181484
vt 0.687060 0.173163
vt 0.633441 0.181433
vt 0.687155 0.173096
vt 0.571173 0.290019
vt 0.578810 0.237299
vt 0.578860 0.237288
vt 0.578910 0.237283
vt 0.646476 0.248908
vt 0.646414 0.248846
vt 0.646354 0.248786
vt 0.571174 0.290060
vt 0.537756 0.158799
vt 0.537776 0.158756
vt 0.537789 0.158708
vt 0.495308 0.128538
vt 0.557518 0.231490
vt 0.557558 0.231520
vt 0.535287 0.281264
vt 0.557596 0.231556
vt 0.535294 0.281420
vt 0.535277 0.281446
vt 0.495022 0.209461
vt 0.495102 0.209441
vt 0.495178 0.209419
vt 0.495282 0.128532
vt 0.626933 0.159181
vt 0.626896 0.159144
vt 0.676161 0.134269
vt 0.626862 0.159105
vt 0.552055 0.143213
vt 0.552103 0.143197
vt 0.552146 0.143176
vt 0.519142 0.102618
vt 0.519272 0.102673
vt 0.519136 0.102592
vt 0.600906 0.097451
vt 0.600887 0.097533
vt 0.600867 0.097613
vt 0.633968 0.184634
vt 0.633978 0.184586
vt 0.633982 0.184539
vt 0.633170 0.187976
vt 0.581175 0.237701
vt 0.581222 0.237698
vt 0.581271 0.237688
vt 0.584473 0.236845
vt 0.643443 0.245951
vt 0.643385 0.245893
vt 0.643326 0.245835
vt 0.640448 0.243237
vt 0.534682 0.163435
vt 0.536166 0.160539
vt 0.536181 0.160494
vt 0.536202 0.160453
vt 0.555184 0.230570
vt 0.555220 0.230605
vt 0.555260 0.230633
vt 0.552650 0.228981
vt 0.498085 0.208481
vt 0.498160 0.208458
vt 0.498235 0.208435
vt 0.502034 0.207303
vt 0.625568 0.156795
vt 0.625534 0.156758
vt 0.625495 0.156724
vt 0.623754 0.154355
vt 0.553824 0.141662
vt 0.553866 0.141640
vt 0.553912 0.141624
vt 0.556683 0.140019
vt 0.599982 0.100814
vt 0.599962 0.100892
vt 0.599943 0.100969
vt 0.599080 0.104568
vt 0.590786 0.194241
vt 0.590754 0.194273
vt 0.590722 0.194305
vt 0.573072 0.287225
vt 0.573028 0.287196
vt 0.574253 0.285323
vt 0.572982 0.287165
vt 0.495567 0.129044
vt 0.496839 0.131411
vt 0.496792 0.131435
vt 0.496881 0.131381
vt 0.497835 0.133349
vt 0.535269 0.277988
vt 0.535137 0.275610
vt 0.535165 0.277991
vt 0.535216 0.277990
vt 0.584106 0.172374
vt 0.584150 0.172384
vt 0.584194 0.172393
vt 0.672737 0.134374
vt 0.672732 0.134424
vt 0.672736 0.134326
vt 0.680097 0.177830
vt 0.683151 0.175844
vt 0.683093 0.175758
vt 0.686715 0.173429
vt 0.683123 0.175801
vt 0.568665 0.188722
vt 0.568653 0.188679
vt 0.568641 0.188636
vt 0.521854 0.103935
vt 0.521894 0.103847
vt 0.521875 0.103891
vt 0.521825 0.103999
vt 0.484106 0.279715
vt 0.481988 0.275668
vt 0.484087 0.279723
vt 0.481969 0.275677
vt 0.516375 0.050962
vt 0.528927 0.049269
vt 0.516384 0.051016
vt 0.486388 0.283555
vt 0.528921 0.049153
vt 0.541685 0.048035
vt 0.528921 0.049212
vt 0.541687 0.048095
vt 0.488649 0.272591
vt 0.486750 0.268402
vt 0.488668 0.272582
vt 0.507778 0.078049
vt 0.519963 0.076810
vt 0.519967 0.076868
vt 0.485099 0.264131
vt 0.486770 0.268393
vt 0.496298 0.079594
vt 0.507771 0.077994
vt 0.478456 0.267261
vt 0.480100 0.271504
vt 0.478437 0.267270
vt 0.504390 0.053258
vt 0.493124 0.056057
vt 0.493110 0.056009
vt 0.480082 0.271513
vt 0.504402 0.053310
vt 0.490787 0.276657
vt 0.493099 0.280519
vt 0.490806 0.276648
vt 0.493119 0.280509
vt 0.490825 0.276637
vt 0.493137 0.280498
vt 0.532699 0.076069
vt 0.545632 0.075784
vt 0.532702 0.076129
vt 0.495491 0.284128
vt 0.497985 0.287508
vt 0.495510 0.284118
vt 0.498004 0.287498
vt 0.495529 0.284107
vt 0.498022 0.287486
vt 0.558422 0.075952
vt 0.571109 0.076621
vt 0.488756 0.287126
vt 0.541687 0.047976
vt 0.554343 0.047440
vt 0.554341 0.047501
vt 0.491226 0.290461
vt 0.554351 0.047378
vt 0.566947 0.047455
vt 0.566941 0.047517
vt 0.493843 0.293625
vt 0.566961 0.047392
vt 0.579670 0.048116
vt 0.579659 0.048179
vt 0.496668 0.296695
vt 0.579693 0.048054
vt 0.592760 0.049451
vt 0.592734 0.049514
vt 0.500784 0.290875
vt 0.504729 0.295082
vt 0.500804 0.290865
vt 0.504752 0.295076
vt 0.500822 0.290853
vt 0.504772 0.295065
vt 0.584584 0.077947
vt 0.602729 0.080503
vt 0.502883 0.302682
vt 0.509927 0.304987
vt 0.502880 0.302704
vt 0.509962 0.305025
vt 0.502879 0.302726
vt 0.642188 0.066531
vt 0.620371 0.054431
vt 0.509983 0.305057
vt 0.509987 0.305084
vt 0.499741 0.299737
vt 0.592803 0.049392
vt 0.606440 0.051478
vt 0.606384 0.051536
vt 0.606528 0.051428
vt 0.620355 0.054359
vt 0.510408 0.300748
vt 0.510439 0.300750
vt 0.510464 0.300746
vt 0.628769 0.084486
vt 0.483650 0.259493
vt 0.485119 0.264122
vt 0.484934 0.081705
vt 0.496288 0.079543
vt 0.482209 0.252933
vt 0.483670 0.259484
vt 0.470473 0.085550
vt 0.484919 0.081658
vt 0.475835 0.258405
vt 0.477044 0.262939
vt 0.475818 0.258419
vt 0.482532 0.059114
vt 0.472355 0.062609
vt 0.472329 0.062570
vt 0.477026 0.262947
vt 0.482549 0.059159
vt 0.476273 0.240296
vt 0.476262 0.240247
vt 0.476246 0.240211
vt 0.429488 0.094666
vt 0.473884 0.248693
vt 0.473864 0.248687
vt 0.473845 0.248677
vt 0.439357 0.083009
vt 0.480567 0.243268
vt 0.482227 0.252918
vt 0.451061 0.091625
vt 0.470447 0.085510
vt 0.451022 0.091594
vt 0.480583 0.243240
vt 0.430873 0.096538
vt 0.430759 0.096527
vt 0.474793 0.253562
vt 0.462192 0.066386
vt 0.452363 0.070656
vt 0.452360 0.070611
vt 0.474778 0.253588
vt 0.462236 0.066415
vt 0.517219 0.056028
vt 0.529680 0.054490
vt 0.517233 0.056111
vt 0.529694 0.054577
vt 0.517247 0.056194
vt 0.529710 0.054664
vt 0.542353 0.053501
vt 0.542367 0.053591
vt 0.542384 0.053682
vt 0.507249 0.073290
vt 0.519498 0.071870
vt 0.507242 0.073211
vt 0.519489 0.071786
vt 0.507234 0.073132
vt 0.519479 0.071702
vt 0.495700 0.075100
vt 0.495692 0.075025
vt 0.495685 0.074949
vt 0.505309 0.058095
vt 0.494084 0.060599
vt 0.505322 0.058174
vt 0.494095 0.060675
vt 0.505335 0.058254
vt 0.494106 0.060752
vt 0.545307 0.070462
vt 0.532301 0.070926
vt 0.545296 0.070373
vt 0.532291 0.070839
vt 0.545283 0.070283
vt 0.532279 0.070751
vt 0.570985 0.071006
vt 0.558185 0.070474
vt 0.570973 0.070909
vt 0.558173 0.070382
vt 0.570958 0.070812
vt 0.558159 0.070289
vt 0.554907 0.053068
vt 0.554922 0.053161
vt 0.554939 0.053254
vt 0.567389 0.053227
vt 0.567404 0.053322
vt 0.567423 0.053416
vt 0.579977 0.054016
vt 0.579995 0.054114
vt 0.580019 0.054212
vt 0.592914 0.055476
vt 0.592942 0.055584
vt 0.592982 0.055695
vt 0.602784 0.074700
vt 0.584578 0.072219
vt 0.602757 0.074601
vt 0.584564 0.072118
vt 0.602716 0.074502
vt 0.584544 0.072016
vt 0.639650 0.071427
vt 0.619817 0.060330
vt 0.639497 0.071463
vt 0.619814 0.060370
vt 0.639292 0.071470
vt 0.619802 0.060407
vt 0.606350 0.057593
vt 0.606398 0.057722
vt 0.606476 0.057855
vt 0.628783 0.078613
vt 0.628719 0.078510
vt 0.628625 0.078404
vt 0.484231 0.077507
vt 0.484223 0.077431
vt 0.484218 0.077353
vt 0.469696 0.081698
vt 0.469701 0.081625
vt 0.469715 0.081549
vt 0.483538 0.063455
vt 0.473357 0.066682
vt 0.483547 0.063529
vt 0.473358 0.066760
vt 0.483554 0.063604
vt 0.473351 0.066840
vt 0.441560 0.085239
vt 0.441693 0.085224
vt 0.441851 0.085186
vt 0.453686 0.074123
vt 0.453701 0.074147
vt 0.453720 0.074169
vt 0.450439 0.088172
vt 0.450491 0.088084
vt 0.450562 0.087990
vt 0.463302 0.070282
vt 0.463295 0.070372
vt 0.463271 0.070467
vt 0.430678 0.095270
vt 0.431036 0.094642
vt 0.430618 0.095175
vt 0.430036 0.095684
vt 0.429746 0.095231
vt 0.430561 0.095080
vt 0.659754 0.085975
vt 0.659760 0.088833
vt 0.516583 0.308287
vt 0.659720 0.085978
vt 0.516231 0.309313
vt 0.516557 0.308286
vt 0.470689 0.294066
vt 0.467517 0.290768
vt 0.470674 0.294080
vt 0.467502 0.290782
vt 0.470659 0.294094
vt 0.467487 0.290796
vt 0.549263 0.365037
vt 0.561216 0.364796
vt 0.473937 0.297143
vt 0.473921 0.297157
vt 0.473907 0.297171
vt 0.537572 0.364837
vt 0.473093 0.285892
vt 0.470031 0.282365
vt 0.473110 0.285877
vt 0.470047 0.282350
vt 0.473126 0.285863
vt 0.559761 0.339611
vt 0.467159 0.278708
vt 0.467175 0.278693
vt 0.470064 0.282336
vt 0.571867 0.338854
vt 0.461685 0.283720
vt 0.464510 0.287307
vt 0.461670 0.283734
vt 0.464494 0.287321
vt 0.461653 0.283746
vt 0.585050 0.362863
vt 0.464479 0.287334
vt 0.573175 0.364063
vt 0.476316 0.289256
vt 0.479601 0.292397
vt 0.476333 0.289241
vt 0.479618 0.292382
vt 0.476349 0.289226
vt 0.479633 0.292367
vt 0.547653 0.339863
vt 0.535799 0.339657
vt 0.482880 0.295250
vt 0.486185 0.297849
vt 0.482897 0.295235
vt 0.486202 0.297834
vt 0.513340 0.337879
vt 0.524397 0.339001
vt 0.513328 0.337935
vt 0.524405 0.338944
vt 0.477183 0.299947
vt 0.477168 0.299960
vt 0.477154 0.299976
vt 0.526366 0.364258
vt 0.480460 0.302504
vt 0.480444 0.302518
vt 0.480431 0.302533
vt 0.515519 0.363328
vt 0.483833 0.304881
vt 0.483817 0.304895
vt 0.483804 0.304911
vt 0.504764 0.362102
vt 0.487391 0.307214
vt 0.487372 0.307225
vt 0.487357 0.307239
vt 0.493666 0.360713
vt 0.489798 0.300336
vt 0.494918 0.303261
vt 0.489816 0.300322
vt 0.494939 0.303249
vt 0.486390 0.333455
vt 0.501793 0.336275
vt 0.486360 0.333506
vt 0.501811 0.336221
vt 0.503160 0.311747
vt 0.495045 0.311999
vt 0.503201 0.311770
vt 0.495070 0.312018
vt 0.452314 0.345444
vt 0.503230 0.311794
vt 0.503244 0.311818
vt 0.491177 0.309610
vt 0.491151 0.309615
vt 0.491131 0.309624
vt 0.494947 0.311991
vt 0.481906 0.359237
vt 0.502463 0.307087
vt 0.502495 0.307079
vt 0.464553 0.329350
vt 0.464603 0.329301
vt 0.464346 0.274660
vt 0.464362 0.274644
vt 0.467192 0.278680
vt 0.583880 0.337599
vt 0.460909 0.268828
vt 0.460922 0.268808
vt 0.464379 0.274631
vt 0.596556 0.335638
vt 0.456481 0.276043
vt 0.459032 0.280006
vt 0.456469 0.276062
vt 0.459017 0.280020
vt 0.456454 0.276077
vt 0.609011 0.359063
vt 0.459001 0.280033
vt 0.596873 0.361216
vt 0.451144 0.258992
vt 0.451117 0.258949
vt 0.451091 0.258921
vt 0.451727 0.267471
vt 0.451706 0.267472
vt 0.451686 0.267473
vt 0.451663 0.267468
vt 0.456264 0.260291
vt 0.456270 0.260260
vt 0.460937 0.268792
vt 0.639287 0.325223
vt 0.613956 0.331817
vt 0.456281 0.260237
vt 0.669150 0.317253
vt 0.453995 0.271743
vt 0.453988 0.271773
vt 0.634854 0.353277
vt 0.453978 0.271794
vt 0.621774 0.356345
vt 0.560969 0.359899
vt 0.549080 0.360134
vt 0.560964 0.359818
vt 0.549075 0.360052
vt 0.560959 0.359736
vt 0.549069 0.359970
vt 0.537446 0.359930
vt 0.537441 0.359848
vt 0.537433 0.359766
vt 0.572197 0.343650
vt 0.560000 0.344411
vt 0.572201 0.343732
vt 0.560005 0.344493
vt 0.572205 0.343814
vt 0.560010 0.344575
vt 0.584312 0.342391
vt 0.584316 0.342472
vt 0.584319 0.342555
vt 0.572862 0.359166
vt 0.584674 0.357965
vt 0.572858 0.359084
vt 0.584670 0.357883
vt 0.572854 0.359002
vt 0.584667 0.357800
vt 0.535866 0.344471
vt 0.547806 0.344671
vt 0.535872 0.344553
vt 0.547812 0.344753
vt 0.535879 0.344635
vt 0.547818 0.344835
vt 0.513190 0.342804
vt 0.524376 0.343849
vt 0.513196 0.342887
vt 0.524382 0.343932
vt 0.513205 0.342971
vt 0.524390 0.344015
vt 0.526288 0.359346
vt 0.526282 0.359264
vt 0.526273 0.359182
vt 0.515474 0.358402
vt 0.515467 0.358320
vt 0.515456 0.358237
vt 0.504724 0.357141
vt 0.504714 0.357058
vt 0.504699 0.356974
vt 0.493613 0.355710
vt 0.493592 0.355624
vt 0.493562 0.355537
vt 0.485850 0.338269
vt 0.501468 0.341148
vt 0.485867 0.338352
vt 0.501475 0.341231
vt 0.485897 0.338437
vt 0.501488 0.341316
vt 0.454157 0.341620
vt 0.454249 0.341601
vt 0.454373 0.341605
vt 0.481896 0.354217
vt 0.481856 0.354127
vt 0.481798 0.354034
vt 0.464038 0.333992
vt 0.464079 0.334074
vt 0.464144 0.334159
vt 0.597113 0.340421
vt 0.597115 0.340503
vt 0.597114 0.340586
vt 0.614624 0.336555
vt 0.614613 0.336640
vt 0.614592 0.336726
vt 0.596436 0.356316
vt 0.608512 0.354158
vt 0.596435 0.356234
vt 0.608523 0.354073
vt 0.596436 0.356151
vt 0.608543 0.353986
vt 0.449475 0.258971
vt 0.448961 0.251002
vt 0.652097 0.335201
vt 0.651943 0.335228
vt 0.634270 0.348362
vt 0.652213 0.335201
vt 0.634243 0.348286
vt 0.634211 0.348212
vt 0.639991 0.329933
vt 0.639951 0.330024
vt 0.639885 0.330122
vt 0.621226 0.351437
vt 0.621263 0.351345
vt 0.621323 0.351249
vt 0.669653 0.319570
vt 0.669897 0.321859
vt 0.669358 0.317277
vt 0.669386 0.317281
vt 0.449791 0.250576
vt 0.438952 0.325076
vt 0.438910 0.327508
vt 0.438879 0.327513
vt 0.511752 0.312471
vt 0.437182 0.331666
vt 0.435456 0.333205
vt 0.435416 0.333166
vt 0.439238 0.330195
vt 0.470078 0.355031
vt 0.469989 0.354997
vt 0.469900 0.354957
vt 0.535286 0.281334
vt 0.495339 0.128613
vt 0.519218 0.102645
vt 0.476053 0.096531
vt 0.716077 0.143044
vt 0.676269 0.134259
vt 0.438550 0.272004
vt 0.663822 0.078855
vt 0.669302 0.317278
vt 0.439895 0.263155
vt 0.407370 0.225296
vt 0.589781 0.193325
vt 0.495395 0.128709
vt 0.591650 0.195136
vt 0.591612 0.195126
vt 0.591622 0.195164
vt 0.478692 0.231785
vt 0.659784 0.082990
vt 0.450665 0.250419
vt 0.571246 0.289923
vt 0.620335 0.054289
vt 0.516206 0.309307
vt 0.535805 0.339600
vt 0.449452 0.259006
vt 0.449947 0.267066
s 1
g off
g Triángulo1BD_Holocron_Corners.001
usemtl Holocron_Corners.001
f 1258/1/1 1/2/2 203/3/3
f 1209/4/4 20/5/5 104/6/6
f 87/7/7 228/8/8 3/9/7
f 217/10/9 112/11/10 1219/12/11
f 4/13/12 1223/14/13 207/15/14
f 202/16/15 104/6/6 16/17/16
f 213/18/17 100/19/18 14/20/19
f 227/21/20 107/22/21 1214/23/22
f 3/9/7 1198/24/23 223/25/24
f 1213/26/25 4/13/12 86/27/7
f 1219/12/11 21/28/26 232/29/27
f 1229/30/28 19/31/29 238/32/30
f 1224/33/31 25/34/32 208/35/33
f 232/29/27 106/36/34 1234/37/35
f 1234/37/35 22/38/36 242/39/37
f 1244/40/38 18/41/39 248/42/40
f 88/43/7 237/44/41 1223/14/13
f 242/39/37 113/45/42 1249/46/43
f 1249/46/43 1367/47/44 254/48/45
f 270/49/46 111/50/47 1244/40/38
f 89/51/7 247/52/48 1228/53/49
f 1259/54/50 16/17/16 102/55/51
f 275/56/52 102/55/51 17/57/53
f 281/58/54 108/59/55 13/60/56
f 1/2/2 1203/61/57 87/7/7
f 1274/62/58 17/57/53 110/63/59
f 287/64/60 110/63/59 1359/65/61
f 1269/66/62 1364/67/63 108/59/55
f 6/68/64 1253/69/65 91/70/66
f 104/6/6 342/71/67 1288/72/68
f 10/73/69 1304/74/70 95/75/69
f 23/76/71 1298/77/72 112/11/10
f 351/78/73 96/79/69 1314/80/74
f 102/55/51 322/81/75 1338/82/76
f 15/83/77 1283/84/78 347/85/79
f 15/83/77 1293/86/80 107/22/21
f 101/87/81 331/88/82 1283/84/78
f 114/89/83 342/71/67 20/5/5
f 115/90/84 326/91/85 25/34/32
f 19/31/29 1303/92/86 115/90/84
f 21/28/26 1313/93/87 106/36/34
f 1299/94/88 8/95/69 351/78/73
f 103/96/89 356/97/90 19/31/29
f 18/41/39 1308/98/91 103/96/89
f 22/38/36 1328/99/92 113/45/42
f 1314/80/74 11/100/69 361/101/93
f 111/50/47 366/102/94 18/41/39
f 24/103/95 1323/104/96 111/50/47
f 113/45/42 372/105/97 1367/47/44
f 321/106/98 94/107/69 7/108/99
f 14/20/19 1333/109/100 331/88/82
f 100/19/18 398/110/101 1333/109/100
f 110/63/59 394/111/102 1353/112/103
f 98/113/104 393/114/105 1339/115/106
f 13/60/56 1348/116/107 398/110/101
f 108/59/55 410/117/108 1348/116/107
f 1359/65/61 1353/112/103 403/118/109
f 1204/119/110 14/20/19 101/87/81
f 1264/120/111 1358/121/112 105/122/113
f 1358/121/112 1360/123/114 403/118/109
f 7/108/99 1284/124/115 332/125/116
f 228/8/8 86/27/7 3/9/7
f 1214/23/22 23/76/71 217/10/9
f 107/22/21 337/126/117 23/76/71
f 94/107/69 346/127/118 1284/124/115
f 92/128/119 280/129/120 6/68/64
f 203/3/3 87/7/7 1208/130/121
f 16/17/16 1288/72/68 322/81/75
f 399/131/122 99/132/123 12/133/124
f 238/32/30 115/90/84 1224/33/31
f 1239/134/125 1368/135/126 109/136/127
f 109/136/127 371/137/128 1318/138/129
f 95/75/69 357/139/130 8/95/69
f 208/35/33 114/89/83 1199/140/131
f 227/21/20 101/87/81 15/83/77
f 1289/141/132 9/142/133 94/107/69
f 25/34/32 1278/143/134 114/89/83
f 1263/144/135 1268/145/136 92/128/119
f 286/146/137 92/128/119 1273/147/138
f 99/132/123 404/148/139 1354/149/140
f 1349/150/141 1344/151/142 99/132/123
f 5/152/7 1243/153/143 247/52/48
f 1218/154/144 2/155/7 88/43/7
f 112/11/10 352/156/145 21/28/26
f 11/100/69 1324/157/146 97/158/147
f 218/159/148 88/43/7 4/13/12
f 233/160/149 89/51/7 2/155/7
f 93/161/69 346/127/118 9/142/133
f 10/73/69 1294/162/150 93/161/69
f 1254/163/151 13/60/56 100/19/18
f 7/108/99 1339/115/106 321/106/98
s 2
f 425/164/152 135/165/153 1486/166/154
s 1
f 1334/167/155 12/133/124 98/113/104
f 90/168/156 271/169/157 1243/153/143
f 1248/170/158 1238/171/159 90/168/156
f 1329/172/160 1319/173/161 373/174/162
f 97/158/147 388/175/163 1319/173/161
f 1264/176/111 1365/177/164 303/178/165
f 276/179/166 91/70/66 1258/1/1
f 17/57/53 1338/82/76 394/111/102
f 105/180/113 408/181/167 1365/177/164
f 248/42/40 103/96/89 1229/30/28
f 1273/147/138 6/68/64 276/179/166
f 12/133/124 1354/149/140 393/114/105
f 96/79/69 367/182/168 11/100/69
f 2/155/7 1228/53/49 237/44/41
f 1199/140/131 20/5/5 222/183/169
f 336/184/170 95/75/69 1299/94/88
f 8/95/69 1309/185/171 96/79/69
f 1239/134/125 24/186/95 270/187/46
f 1233/188/172 5/152/7 89/51/7
f 106/36/34 362/189/173 22/38/36
f 109/136/127 389/190/174 24/186/95
f 1208/130/121 3/9/7 223/25/24
f 86/27/7 207/15/14 1198/24/23
f 327/191/175 93/161/69 1279/192/176
f 1279/192/176 9/142/133 341/193/177
f 91/70/66 212/194/178 1/2/2
f 243/195/179 90/168/156 5/152/7
f 361/101/93 97/158/147 1329/172/160
f 332/125/116 98/113/104 7/108/99
s 2
f 470/196/180 128/197/181 33/198/182
f 520/199/183 134/200/184 1432/201/185
f 134/200/184 735/202/186 1476/203/187
f 719/204/188 129/205/189 1472/206/190
f 496/207/191 125/208/192 1421/209/193
f 1396/210/194 1512/211/195 135/165/153
f 136/212/196 682/213/197 1462/214/198
f 1472/206/190 1482/215/199 701/216/200
f 461/217/201 122/218/202 28/219/203
f 440/220/204 133/221/205 1495/222/206
f 1447/223/207 1452/224/208 629/225/209
f 133/221/205 646/226/210 1457/227/211
f 26/228/212 1389/229/213 122/218/202
f 30/230/214 1393/231/215 577/232/216
f 31/233/217 1393/231/215 125/208/192
f 1407/234/218 1513/235/219 450/236/220
f 1402/237/221 1487/238/222 118/239/223
f 32/240/224 1376/241/225 127/242/189
f 33/198/182 1382/243/226 541/244/227
f 427/245/228 120/246/229 1397/247/230
f 460/248/231 132/249/232 1407/234/218
f 528/250/233 119/251/234 1392/252/235
f 29/253/236 1375/254/237 559/255/238
f 470/196/180 126/256/239 1426/257/240
f 461/217/201 121/258/241 1401/259/242
f 26/228/212 1370/260/243 543/261/244
f 33/198/182 1371/262/245 126/256/239
f 482/263/246 136/212/196 1516/264/247
f 441/265/248 117/266/249 1422/267/250
f 34/268/251 1382/243/226 128/197/181
f 34/268/251 1376/241/225 579/269/252
f 1422/267/250 1500/270/253 497/271/254
f 1416/272/255 1499/273/256 136/212/196
f 27/274/257 1384/275/258 558/276/259
f 28/219/203 1384/275/258 121/258/241
f 442/277/260 123/278/261 1412/279/262
f 506/280/263 126/256/239 32/240/224
f 28/219/203 1389/229/213 199/281/264
f 135/165/153 594/282/265 1442/283/266
f 507/284/267 134/200/184 1503/285/268
f 1437/286/269 1508/287/270 137/288/271
f 1380/289/272 1388/290/273 542/291/274
f 27/274/257 1370/260/243 120/246/229
f 522/292/275 137/288/271 1521/293/276
f 505/294/277 116/295/7 1427/296/278
f 29/253/236 1383/297/279 124/298/280
f 30/230/214 1375/254/237 123/278/261
f 1411/299/281 1517/300/282 133/221/205
f 31/233/217 1383/297/279 529/301/283
f 1392/252/235 1380/289/272 578/302/284
f 32/240/224 1371/262/245 560/303/285
f 1503/285/268 1476/203/187 718/304/286
f 1521/293/276 1481/305/287 736/306/288
f 137/288/271 702/307/289 1481/305/287
f 1487/238/222 1446/308/290 118/239/223
f 132/249/232 595/309/291 1513/235/219
f 1491/310/292 1451/311/293 132/249/232
f 1496/312/294 1466/313/295 117/266/249
f 1516/264/247 1462/214/198 647/314/296
f 117/266/249 683/315/297 1500/270/253
f 449/316/298 122/218/202 1406/317/299
f 459/318/300 118/239/223 1492/319/301
f 118/239/223 628/320/302 1492/319/301
f 1486/166/154 1442/283/266 612/321/303
f 442/277/260 125/208/192 30/230/214
f 481/322/304 123/278/261 29/253/236
f 648/323/305 131/324/306 1456/325/307
f 1456/325/307 1467/326/308 665/327/309
f 506/280/263 127/242/189 1431/328/310
f 521/329/311 127/242/189 34/268/251
f 1482/215/199 1477/330/312 737/331/313
f 1504/332/314 1471/333/315 116/295/7
f 427/245/228 121/258/241 27/274/257
f 449/316/298 120/246/229 26/228/212
f 1452/224/208 1441/334/316 596/335/317
f 613/336/318 130/337/319 1447/223/207
f 481/322/304 124/298/280 1417/338/320
f 496/207/191 124/298/280 31/233/217
f 1467/326/308 1461/339/321 684/340/322
f 1495/222/206 1457/227/211 664/341/323
f 521/329/311 128/197/181 1436/342/324
f 1427/296/278 1509/343/325 468/344/326
f 116/295/7 700/345/327 1509/343/325
s 3
f 1584/346/328 35/347/329 752/348/330
f 1535/349/331 54/350/332 156/351/333
f 139/352/329 777/353/334 37/354/329
f 766/355/335 164/356/336 1545/357/337
f 38/358/329 1549/359/338 756/360/339
f 751/361/340 156/351/333 50/362/341
f 762/363/342 152/364/343 48/365/344
f 776/366/345 159/367/346 1540/368/347
f 37/354/329 1524/369/348 772/370/349
f 1539/371/350 38/358/329 138/372/329
f 1545/357/337 56/373/351 781/374/352
f 1555/375/353 53/376/354 787/377/355
f 1550/378/356 60/379/357 757/380/358
f 781/374/352 158/381/359 1560/382/360
f 1560/382/360 57/383/361 791/384/362
f 1570/385/363 52/386/364 797/387/365
f 140/388/329 786/389/366 1549/359/338
f 791/384/362 165/390/367 1575/391/368
f 1575/391/368 1687/392/369 803/393/370
f 819/394/371 163/395/372 1570/385/363
f 141/396/373 796/397/374 1554/398/375
f 1585/399/376 50/362/341 154/400/377
f 824/401/378 154/400/377 51/402/379
f 830/403/380 160/404/381 47/405/382
f 35/347/329 1529/406/383 139/352/329
f 1600/407/384 51/402/379 162/408/385
f 835/409/386 162/408/385 55/410/387
f 1595/411/388 1684/412/389 160/404/381
f 40/413/329 1579/414/390 143/415/329
f 156/351/333 878/416/391 1614/417/392
f 44/418/393 1630/419/394 147/420/395
f 58/421/396 1624/422/397 164/356/336
f 887/423/398 148/424/395 1640/425/399
f 154/400/377 858/426/400 1664/427/401
f 49/428/402 1609/429/403 883/430/404
f 49/428/402 1619/431/405 159/367/346
f 153/432/406 867/433/407 1609/429/403
f 166/434/408 878/416/391 54/350/332
f 167/435/409 862/436/410 60/379/357
f 53/376/354 1629/437/411 167/435/409
f 56/373/351 1639/438/412 158/381/359
f 1625/439/413 42/440/393 887/423/398
f 155/441/414 892/442/415 53/376/354
f 52/386/364 1634/443/416 155/441/414
f 57/383/361 1654/444/417 165/390/367
f 1640/425/399 45/445/395 897/446/418
f 163/395/372 902/447/419 52/386/364
f 59/448/420 1649/449/421 163/395/372
f 165/390/367 908/450/422 1687/392/369
f 857/451/423 146/452/393 41/453/393
f 48/365/344 1659/454/424 867/433/407
f 152/364/343 934/455/425 1659/454/424
f 162/408/385 930/456/426 1679/457/427
f 150/458/393 929/459/428 1665/460/429
f 47/405/382 1674/461/430 934/455/425
f 160/404/381 946/462/431 1674/461/430
f 55/410/387 1679/457/427 939/463/432
f 1530/464/433 48/365/344 153/432/406
f 1590/465/434 55/410/387 157/466/435
f 157/466/435 939/463/432 1669/467/436
f 41/453/393 1610/468/437 868/469/438
f 777/353/334 138/372/329 37/354/329
f 1540/368/347 58/421/396 766/355/335
f 159/367/346 873/470/439 58/421/396
f 146/452/393 882/471/440 1610/468/437
f 144/472/329 829/473/441 40/413/329
f 752/348/330 139/352/329 1534/474/442
f 50/362/341 1614/417/392 858/426/400
f 935/475/443 151/476/393 46/477/393
f 787/377/355 167/435/409 1550/378/356
f 1565/478/444 1688/479/445 161/480/446
f 161/480/446 907/481/447 1644/482/448
f 147/420/395 893/483/449 42/440/393
f 757/380/358 166/434/408 1525/484/450
f 776/366/345 153/432/406 49/428/402
f 1615/485/451 43/486/393 146/452/393
f 60/379/357 1604/487/452 166/434/408
f 1589/488/453 1594/489/454 144/472/329
f 834/490/455 144/472/329 1599/491/456
f 151/476/393 940/492/457 1680/493/458
f 1675/494/459 1670/495/460 151/476/393
f 39/496/373 1569/497/461 796/397/374
f 1544/498/462 36/499/373 140/388/329
f 164/356/336 888/500/463 56/373/351
f 45/445/395 1650/501/464 149/502/465
f 767/503/466 140/388/329 38/358/329
f 782/504/467 141/396/373 36/499/373
f 145/505/393 882/471/440 43/486/393
f 44/418/393 1620/506/468 145/505/393
f 1580/507/469 47/405/382 152/364/343
f 41/453/393 1665/460/429 857/451/423
s 4
f 1750/508/470 61/509/471 962/510/472
s 3
f 1660/511/473 46/477/393 150/458/393
f 142/512/474 820/513/475 1569/497/461
f 1574/514/476 1564/515/477 142/512/474
f 1655/516/478 1645/517/479 909/518/480
f 149/502/465 924/519/481 1645/517/479
f 1590/465/434 1685/520/482 839/521/483
f 825/522/484 143/415/329 1584/346/328
f 51/402/379 1664/427/401 930/456/426
f 157/466/435 944/523/485 1685/520/482
f 797/387/365 155/441/414 1555/375/353
f 1599/491/456 40/413/329 825/522/484
f 46/477/393 1680/493/458 929/459/428
f 148/424/395 903/524/486 45/445/395
f 36/499/373 1554/398/375 786/389/366
f 1525/484/450 54/350/332 771/525/487
f 872/526/488 147/420/395 1625/439/413
f 42/440/393 1635/527/489 148/424/395
f 1565/478/444 59/448/420 819/394/371
f 1559/528/490 39/496/373 141/396/373
f 158/381/359 898/529/491 57/383/361
f 161/480/446 925/530/492 59/448/420
f 1534/474/442 37/354/329 772/370/349
f 138/372/329 756/360/339 1524/369/348
f 863/531/493 145/505/393 1605/532/494
f 1605/532/494 43/486/393 877/533/495
f 143/415/329 761/534/496 35/347/329
f 792/535/497 142/512/474 39/496/373
f 897/446/418 149/502/465 1655/516/478
f 868/469/438 150/458/393 41/453/393
s 4
f 1701/536/498 80/537/499 186/538/500
f 169/539/471 987/540/501 63/541/471
f 976/542/502 194/543/503 1711/544/504
f 64/545/471 1715/546/505 966/547/506
f 961/548/507 186/538/500 76/549/508
f 972/550/509 182/551/510 74/552/511
f 986/553/512 189/554/513 1706/555/514
f 63/541/471 1690/556/515 982/557/516
f 1705/558/517 64/545/471 168/559/471
f 1711/544/504 82/560/518 991/561/519
f 1721/562/520 79/563/521 997/564/522
f 1716/565/523 85/566/524 967/567/525
f 991/561/519 188/568/526 1726/569/527
f 1726/569/527 83/570/528 1001/571/529
f 1736/572/530 78/573/531 1007/574/532
f 170/575/471 996/576/533 1715/546/505
f 1001/571/529 195/577/534 1741/578/535
f 1741/578/535 1853/579/536 1013/580/537
f 1030/581/538 193/582/539 1736/572/530
f 171/583/540 1006/584/541 1720/585/542
f 1751/586/543 76/549/508 184/587/544
f 1047/588/545 184/587/544 77/589/546
f 1053/590/547 190/591/548 73/592/549
f 61/509/471 1695/593/550 169/539/471
f 1766/594/551 77/589/546 192/595/552
f 1058/596/553 192/595/552 81/597/554
f 1761/598/555 1850/599/556 190/591/548
f 66/600/557 1745/601/558 173/602/557
f 186/538/500 1101/603/559 1780/604/560
f 70/605/561 1796/606/562 177/607/561
f 84/608/563 1790/609/564 194/543/503
f 1110/610/565 178/611/566 1806/612/567
f 184/587/544 1081/613/568 1830/614/569
f 75/615/570 1775/616/571 1106/617/572
f 75/615/570 1785/618/573 189/554/513
f 183/619/574 1090/620/575 1775/616/571
f 196/621/576 1101/603/559 80/537/499
f 197/622/577 1085/623/578 85/566/524
f 79/563/521 1795/624/579 197/622/577
f 82/560/518 1805/625/580 188/568/526
f 1791/626/581 68/627/582 1110/610/565
f 185/628/583 1115/629/584 79/563/521
f 78/573/531 1800/630/585 185/628/583
f 83/570/528 1820/631/586 195/577/534
f 1806/612/567 71/632/587 1120/633/588
f 193/582/539 1125/634/589 78/573/531
f 1857/635/590 1815/636/591 193/582/539
f 195/577/534 1131/637/592 1853/579/536
f 1080/638/593 176/639/561 67/640/561
f 74/552/511 1825/641/594 1090/620/575
f 182/551/510 1171/642/595 1825/641/594
f 192/595/552 1167/643/596 1845/644/597
f 180/645/561 1166/646/598 1831/647/599
f 73/592/549 1840/648/600 1171/642/595
f 190/591/548 1183/649/601 1840/648/600
f 81/597/554 1845/644/597 1176/650/602
f 1696/651/603 74/552/511 183/619/574
f 1756/652/604 81/653/554 187/654/605
f 187/654/605 1176/655/602 1835/656/606
f 67/640/561 1776/657/607 1091/658/608
f 987/540/501 168/559/471 63/541/471
f 1706/555/514 84/608/563 976/542/502
f 189/554/513 1096/659/609 84/608/563
f 176/639/561 1105/660/610 1776/657/607
f 174/661/471 1052/662/611 66/600/557
f 962/510/472 169/539/471 1700/663/612
f 76/549/508 1780/604/560 1081/613/568
f 1172/664/613 181/665/561 72/666/561
f 997/564/522 197/622/577 1716/565/523
f 1731/667/614 1854/668/615 191/669/616
f 191/669/616 1130/670/617 1810/671/618
f 177/607/561 1116/672/619 68/627/582
f 967/567/525 196/621/576 1691/673/620
f 986/553/512 183/619/574 75/615/570
f 1781/674/621 69/675/561 176/639/561
f 85/566/524 1770/676/622 196/621/576
f 1755/677/623 1760/678/624 174/661/471
f 1057/679/625 174/661/471 1765/680/626
f 181/665/561 1177/681/627 1846/682/628
f 1841/683/629 1836/684/630 181/665/561
f 65/685/631 1735/686/632 1006/584/541
f 1710/687/633 62/688/634 170/575/471
f 194/543/503 1111/689/635 82/560/518
f 71/632/587 1816/690/636 179/691/637
f 977/692/638 170/575/471 64/545/471
f 992/693/639 171/583/540 62/688/634
f 175/694/640 1105/660/610 69/675/561
f 70/605/561 1786/695/641 175/694/640
f 1746/696/642 73/592/549 182/551/510
f 67/640/561 1831/647/599 1080/638/593
f 1826/697/643 72/666/561 180/645/561
f 172/698/644 1031/699/645 1735/686/632
f 1740/700/646 1730/701/647 172/698/644
f 1821/702/648 1811/703/649 1132/704/650
f 179/691/637 1148/705/651 1811/703/649
f 1756/652/604 1851/706/652 1062/707/653
f 1048/708/654 173/602/557 1750/508/470
f 77/589/546 1830/614/569 1167/643/596
f 187/654/605 1181/709/655 1851/706/652
f 1007/574/532 185/628/583 1721/562/520
f 1765/680/626 66/600/557 1048/708/654
f 72/666/561 1846/682/628 1166/646/598
f 178/611/566 1126/710/656 71/632/587
f 62/688/634 1720/585/542 996/576/533
f 1691/673/620 80/537/499 981/711/657
f 1095/712/658 177/607/561 1791/626/581
f 68/627/582 1801/713/659 178/611/566
f 1731/667/614 1858/714/660 1029/715/661
f 1725/716/662 65/685/631 171/583/540
f 188/568/526 1121/717/663 83/570/528
f 191/669/616 1147/718/664 1858/714/660
f 1700/663/612 63/541/471 982/557/516
f 168/559/471 966/547/506 1690/556/515
f 1086/719/665 175/694/640 1771/720/666
f 1771/720/666 69/675/561 1100/721/667
f 173/602/557 971/722/668 61/509/471
f 1002/723/669 172/698/644 65/685/631
f 1120/633/588 179/691/637 1821/702/648
f 1091/658/608 180/645/561 67/640/561
s 1
f 252/724/670 258/725/671 257/726/672
f 255/727/673 259/728/674 258/725/671
f 257/726/672 258/725/671 269/729/675
f 258/725/671 260/730/676 269/729/675
f 261/731/677 263/732/678 253/733/679
f 262/734/680 264/735/681 261/731/677
f 264/735/681 256/736/682 263/732/678
f 265/737/683 259/728/674 264/735/681
f 254/48/45 268/738/684 267/739/685
f 266/740/686 269/741/687 268/738/684
f 267/739/685 265/742/688 262/743/689
f 268/744/684 260/730/690 265/737/688
f 288/745/691 290/746/692 285/747/693
f 289/748/694 291/749/695 288/750/691
f 291/751/695 300/752/696 290/746/692
f 291/751/695 292/753/697 293/754/698
f 286/146/137 297/755/699 296/756/700
f 294/757/701 298/758/702 297/755/699
f 296/756/700 292/759/703 289/748/694
f 297/755/699 293/760/704 292/759/703
f 299/761/705 301/762/706 287/64/60
f 300/752/696 302/763/707 299/761/705
f 302/763/707 295/764/708 301/762/706
f 302/763/707 293/765/698 298/766/709
f 303/178/165 308/767/710 307/768/711
f 306/769/712 309/770/713 308/767/710
f 307/768/711 320/771/714 317/772/715
f 308/767/710 310/773/716 320/771/714
f 304/774/717 314/775/718 313/776/719
f 311/777/720 315/778/721 314/775/718
f 313/776/722 309/779/723 306/780/724
f 314/781/718 310/773/725 309/770/723
f 316/782/726 318/783/727 305/784/728
f 317/772/715 319/785/729 316/782/726
f 319/785/729 312/786/730 318/783/727
f 320/771/714 315/787/731 319/785/729
f 371/137/128 376/788/732 375/789/733
f 374/790/734 377/791/735 376/788/732
f 375/789/733 387/792/736 384/793/737
f 376/788/732 378/794/738 387/792/736
f 372/105/97 381/795/739 374/796/740
f 379/797/741 382/798/742 381/795/739
f 374/796/740 381/795/739 377/799/743
f 381/795/739 378/800/744 377/799/745
f 383/801/746 385/802/747 373/174/162
f 384/793/737 386/803/748 383/804/746
f 386/805/748 380/806/749 385/802/747
f 387/792/750 382/807/742 386/803/748
f 408/808/167 414/809/751 413/810/752
f 411/811/753 415/812/754 414/809/751
f 413/810/752 414/809/751 424/813/755
f 414/809/751 416/814/756 424/813/755
f 417/815/757 419/816/758 409/817/759
f 418/818/760 420/819/761 417/820/757
f 420/821/761 412/822/762 419/816/758
f 421/823/763 415/812/764 420/821/761
f 410/117/108 423/824/765 422/825/766
f 413/826/767 424/813/768 423/824/765
f 422/825/766 421/823/763 418/827/760
f 423/824/765 416/814/769 421/823/763
s 2
f 428/828/770 430/829/771 425/164/152
f 429/830/772 431/831/773 428/828/770
f 431/831/773 438/832/774 430/829/771
f 431/831/773 436/833/775 432/834/776
f 433/835/777 435/836/778 426/837/779
f 434/838/780 436/839/775 433/835/777
f 435/836/778 436/833/775 429/830/772
f 438/832/774 439/840/781 437/841/782
f 439/840/781 434/838/780 437/842/782
s 5
f 440/220/783 443/843/784 444/844/785
s 6
f 444/845/786 1863/846/787 445/847/787
s 7
f 441/265/788 444/848/788 443/849/788
s 8
f 447/850/789 1863/846/790 444/851/791
s 2
f 448/852/792 451/853/793 452/854/794
s 9
f 454/855/795 456/856/796 449/316/797
s 2
f 450/236/220 457/857/798 458/858/799
f 457/857/800 451/859/793 458/860/801
s 10
f 458/860/802 453/861/803 455/862/802
s 2
f 458/860/801 451/859/793 453/861/804
f 459/318/300 462/863/805 463/864/806
s 11
f 463/865/807 464/866/808 1864/867/809
s 2
f 460/248/231 463/868/810 466/869/811
s 12
f 463/870/812 465/871/812 1864/872/812
s 13
f 466/869/813 463/873/814 462/874/815
s 2
f 468/344/326 471/875/816 472/876/817
f 471/877/816 474/878/818 472/879/817
f 472/879/817 473/880/819 477/881/820
f 469/882/821 474/883/822 475/884/823
f 474/885/818 479/886/824 477/887/820
s 14
f 475/884/825 474/878/825 471/877/825
s 2
f 474/883/818 477/887/820 473/880/819
s 15
f 476/888/826 478/889/827 470/196/828
s 2
f 483/890/829 485/891/830 480/892/831
f 483/890/829 484/893/832 486/894/833
f 485/891/830 486/895/833 492/896/834
f 486/894/833 484/893/832 487/897/835
f 488/898/836 490/899/837 489/900/838
f 489/901/838 490/899/837 484/902/832
f 490/899/837 487/897/835 484/893/832
f 491/903/839 493/904/840 482/263/246
f 492/896/834 494/905/841 491/903/839
f 494/905/841 488/898/836 493/904/840
f 494/905/841 486/895/833 487/906/835
s 16
f 498/907/842 499/908/843 495/909/844
s 17
f 498/907/845 500/910/846 504/911/847
s 2
f 497/271/254 503/912/848 504/913/849
s 18
f 503/912/850 499/914/851 504/915/850
s 17
f 504/915/847 1865/916/852 502/917/853
f 504/918/847 500/919/846 1865/916/852
s 2
f 508/920/854 510/921/855 505/294/277
f 508/920/854 509/922/856 511/923/857
f 511/923/857 517/924/858 510/921/855
f 511/923/857 512/925/859 519/926/860
f 513/927/861 514/928/862 515/929/863
f 513/930/861 515/929/863 509/931/856
f 514/928/862 509/922/856 515/929/863
f 516/932/864 518/933/865 507/284/267
f 516/932/864 517/924/858 519/934/860
f 518/933/865 519/934/860 514/935/862
f 519/926/860 512/925/859 514/928/862
s 19
f 520/199/866 523/936/867 526/937/868
s 20
f 523/938/869 1866/939/869 1862/940/870
s 21
f 522/292/871 526/941/871 527/942/871
s 19
f 526/943/868 523/944/867 527/945/872
s 22
f 1862/940/873 525/946/874 527/945/875
s 2
f 199/281/264 198/947/876 532/948/877
f 530/949/878 531/950/879 198/951/876
f 532/948/877 540/952/880 537/953/881
f 528/250/233 200/954/882 201/955/883
f 533/956/884 535/957/885 200/958/882
f 201/955/883 198/959/876 531/950/879
f 200/954/882 540/960/880 198/959/876
f 536/961/886 538/962/887 529/301/283
f 537/953/881 539/963/888 536/961/886
f 539/963/888 534/964/889 538/962/887
f 539/963/888 540/965/880 535/957/890
f 541/966/227 546/967/891 545/968/892
f 544/969/893 546/967/891 541/966/894
f 546/967/891 554/970/895 545/968/892
f 546/967/891 547/971/896 557/972/897
f 542/291/274 551/973/898 550/974/899
f 548/975/900 552/976/901 551/973/898
f 550/974/899 547/977/902 544/978/903
s 23
f 551/973/904 557/979/905 547/977/906
s 2
f 553/980/907 555/981/908 543/261/244
f 554/970/895 556/982/909 553/980/907
f 556/982/909 549/983/910 555/981/908
f 556/982/909 557/984/911 552/985/912
f 561/986/913 563/987/914 558/276/259
f 562/988/915 564/989/916 561/986/913
f 564/989/916 573/990/917 563/987/914
f 564/989/916 566/991/918 576/992/919
f 567/993/920 569/994/921 559/255/238
f 568/995/922 570/996/923 567/993/920
f 570/996/923 562/988/915 569/994/921
f 570/996/923 566/991/918 565/997/924
f 560/303/285 575/998/925 574/999/926
f 572/1000/927 576/992/919 575/998/925
f 575/998/925 568/995/922 574/999/926
f 575/998/925 566/991/918 571/1001/928
f 580/1002/929 582/1003/930 577/232/216
f 581/1004/931 583/1005/932 580/1002/929
f 583/1005/932 590/1006/933 582/1003/930
f 583/1005/932 584/1007/934 593/1008/935
f 578/1009/284 587/1010/936 586/1011/937
f 585/1012/938 588/1013/939 587/1010/936
f 586/1011/937 584/1007/940 581/1004/941
s 24
f 587/1010/942 593/1014/943 584/1007/944
s 2
f 579/269/252 592/1015/945 591/1016/946
f 589/1017/947 593/1008/948 592/1015/945
f 591/1016/946 592/1015/945 588/1013/949
f 592/1015/945 593/1014/948 588/1013/949
f 594/282/265 599/1018/950 598/1019/951
f 597/1020/952 600/1021/953 599/1018/950
f 598/1019/951 611/1022/954 608/1023/955
f 599/1018/950 601/1024/956 611/1022/954
f 595/309/291 605/1025/957 604/1026/958
f 602/1027/959 606/1028/960 605/1025/957
f 604/1026/961 600/1021/962 597/1020/963
f 605/1025/957 601/1024/956 600/1021/962
f 607/1029/964 609/1030/965 596/1031/317
f 608/1023/955 610/1032/966 607/1029/964
f 610/1032/966 603/1033/967 609/1030/965
f 611/1022/954 606/1028/960 610/1032/966
f 615/1034/968 617/1035/969 612/321/303
f 616/1036/970 618/1037/971 615/1034/968
f 618/1037/971 625/1038/972 617/1035/969
f 620/1039/973 622/1040/974 613/1041/318
f 621/1042/975 623/1043/976 620/1039/973
f 623/1043/976 616/1036/970 622/1040/974
f 624/1044/977 626/1045/978 614/1046/979
f 625/1038/972 627/1047/980 624/1044/977
f 627/1047/980 621/1042/975 626/1045/978
f 628/320/302 634/1048/981 633/1049/982
f 631/1050/983 635/1051/984 634/1048/981
f 633/1049/982 634/1048/981 645/1052/985
f 634/1048/981 636/1053/986 645/1052/985
f 637/1054/987 639/1055/988 629/1056/209
f 638/1057/989 640/1058/990 637/1054/987
f 640/1058/990 632/1059/991 639/1055/988
f 641/1060/992 635/1051/984 640/1058/990
f 630/1061/993 644/1062/994 643/1063/995
f 642/1064/996 645/1052/997 644/1062/994
f 643/1063/995 641/1060/992 638/1057/989
f 644/1062/994 636/1053/986 641/1060/992
f 649/1065/998 651/1066/999 646/226/210
f 650/1067/1000 652/1068/1001 649/1065/998
f 652/1068/1001 660/1069/1002 651/1066/999
f 652/1068/1001 653/1070/1003 663/1071/1004
f 654/1072/1005 656/1073/1006 647/314/296
f 655/1074/1007 657/1075/1008 654/1072/1005
f 657/1075/1008 650/1067/1000 656/1073/1006
f 658/1076/1009 653/1070/1003 657/1075/1008
f 659/1077/1010 661/1078/1011 648/1079/305
f 660/1069/1002 662/1080/1012 659/1077/1010
f 662/1080/1012 655/1074/1007 661/1078/1011
f 662/1080/1012 663/1081/1004 658/1076/1009
f 664/341/323 670/1082/1013 669/1083/1014
f 667/1084/1015 671/1085/1016 670/1082/1013
f 669/1083/1014 670/1082/1013 681/1086/1017
f 670/1082/1013 672/1087/1018 681/1086/1017
f 673/1088/1019 675/1089/1020 665/1090/309
f 674/1091/1021 676/1092/1022 673/1088/1019
f 676/1092/1022 668/1093/1023 675/1089/1020
f 677/1094/1024 671/1085/1025 676/1092/1022
f 666/1095/1026 680/1096/1027 679/1097/1028
s 25
f 678/1098/1029 681/1086/1030 680/1096/1031
s 2
f 679/1097/1028 677/1094/1032 674/1091/1021
f 680/1096/1027 672/1087/1033 677/1094/1032
f 682/213/197 687/1099/1034 686/1100/1035
f 685/1101/1036 688/1102/1037 687/1099/1034
f 686/1100/1035 699/1103/1038 696/1104/1039
f 687/1099/1034 689/1105/1040 699/1103/1038
f 683/315/297 693/1106/1041 692/1107/1042
f 690/1108/1043 694/1109/1044 693/1106/1041
f 692/1107/1042 693/1106/1041 688/1102/1045
f 693/1106/1041 689/1105/1040 688/1102/1045
f 695/1110/1046 697/1111/1047 684/1112/322
f 696/1104/1039 698/1113/1048 695/1110/1046
f 698/1113/1048 691/1114/1049 697/1111/1047
f 699/1103/1038 694/1109/1044 698/1113/1048
f 700/345/327 706/1115/1050 705/1116/1051
f 703/1117/1052 707/1118/1053 706/1115/1050
s 26
f 705/1116/1054 716/1119/1055 714/1120/1056
f 706/1115/1057 708/1121/1058 716/1119/1055
s 2
f 709/1122/1059 711/1123/1060 701/1124/200
f 710/1125/1061 712/1126/1062 709/1122/1059
f 712/1126/1062 704/1127/1063 711/1123/1060
f 702/307/289 716/1128/1064 715/1129/1065
f 713/1130/1066 714/1120/1067 716/1128/1064
f 715/1129/1065 707/1131/1068 710/1125/1061
s 27
f 716/1119/1069 708/1121/1070 707/1131/1071
s 2
f 720/1132/1072 722/1133/1073 717/1134/1074
f 721/1135/1075 723/1136/1076 720/1132/1072
f 723/1136/1076 731/1137/1077 722/1133/1073
f 723/1136/1076 724/1138/1078 734/1139/1079
f 725/1140/1080 727/1141/1081 718/304/286
f 726/1142/1082 728/1143/1083 725/1140/1080
f 728/1143/1083 721/1135/1075 727/1141/1081
f 728/1143/1083 729/1144/1084 724/1145/1078
f 730/1146/1085 732/1147/1086 719/1148/188
f 731/1137/1077 733/1149/1087 730/1146/1085
f 733/1149/1087 726/1142/1082 732/1147/1086
f 734/1139/1079 729/1144/1084 733/1149/1087
f 735/202/186 741/1150/1088 740/1151/1089
f 738/1152/1090 739/1153/1091 741/1150/1088
f 740/1151/1089 750/1154/1092 747/1155/1093
s 28
f 741/1156/1094 742/1157/1095 750/1154/1096
s 2
f 736/306/288 741/1158/1097 745/1159/1098
f 743/1160/1099 750/1161/1100 741/1158/1097
f 745/1159/1098 741/1156/1097 739/1153/1101
f 746/1162/1102 748/1163/1103 737/1164/313
f 747/1155/1093 749/1165/1104 746/1162/1102
f 749/1165/1105 744/1166/1106 748/1163/1103
s 3
f 801/1167/1107 807/1168/1108 806/1169/1109
f 804/1170/1110 808/1171/1111 807/1168/1108
f 806/1169/1109 807/1168/1108 818/1172/1112
f 807/1168/1108 809/1173/1113 818/1172/1112
f 810/1174/1114 812/1175/1115 802/1176/1116
f 811/1177/1117 813/1178/1118 810/1174/1114
f 813/1178/1118 805/1179/1119 812/1175/1115
f 814/1180/1120 808/1171/1111 813/1178/1118
f 803/393/370 817/1181/1121 816/1182/1122
f 815/1183/1123 818/1184/1124 817/1181/1121
f 816/1185/1122 814/1180/1125 811/1177/1126
f 817/1186/1121 809/1173/1127 814/1180/1125
f 839/1187/483 844/1188/1128 843/1189/1129
f 842/1190/1130 845/1191/1131 844/1188/1128
f 843/1189/1129 856/1192/1132 853/1193/1133
f 844/1188/1128 846/1194/1134 856/1192/1132
f 840/1195/1135 850/1196/1136 849/1197/1137
f 847/1198/1138 851/1199/1139 850/1200/1136
f 849/1201/1137 850/1200/1136 845/1191/1140
f 850/1200/1136 846/1194/1141 845/1191/1140
f 852/1202/1142 854/1203/1143 841/1204/1144
f 853/1193/1133 855/1205/1145 852/1202/1142
f 855/1205/1145 848/1206/1146 854/1203/1143
f 856/1192/1132 851/1199/1147 855/1205/1145
f 907/481/447 912/1207/1148 911/1208/1149
f 910/1209/1150 913/1210/1151 912/1207/1148
f 911/1208/1149 923/1211/1152 920/1212/1153
f 912/1207/1148 914/1213/1154 923/1211/1152
f 908/450/422 917/1214/1155 910/1215/1156
f 915/1216/1157 918/1217/1158 917/1214/1155
f 910/1215/1156 917/1214/1155 913/1210/1159
f 917/1214/1155 914/1213/1160 913/1210/1159
f 919/1218/1161 921/1219/1162 909/518/480
f 920/1212/1153 922/1220/1163 919/1218/1161
f 922/1220/1163 916/1221/1164 921/1219/1162
f 923/1211/1165 918/1217/1158 922/1220/1163
f 944/523/485 949/1222/1166 957/1223/1167
f 947/1224/1168 950/1225/1169 949/1222/1166
f 957/1223/1167 949/1222/1166 960/1226/1170
f 949/1222/1166 951/1227/1171 960/1226/1172
f 952/1228/1173 954/1229/1174 945/1230/1175
f 953/1231/1176 955/1232/1177 952/1228/1173
f 955/1232/1177 948/1233/1178 954/1229/1174
f 956/1234/1179 950/1225/1180 955/1232/1177
f 946/462/431 959/1235/1181 958/1236/1182
f 957/1237/1183 960/1226/1184 959/1235/1181
f 958/1236/1182 956/1234/1179 953/1231/1176
f 959/1235/1181 951/1227/1185 956/1234/1179
s 4
f 1011/1238/1186 1017/1239/1187 1016/1240/1188
f 1014/1241/1189 1018/1242/1190 1017/1239/1187
f 1016/1240/1188 1028/1243/1191 1025/1244/1192
f 1017/1239/1187 1019/1245/1193 1028/1243/1191
f 1020/1246/1194 1022/1247/1195 1012/1248/1196
f 1021/1249/1197 1023/1250/1198 1020/1246/1194
f 1023/1250/1198 1015/1251/1199 1022/1247/1195
f 1024/1252/1200 1018/1242/1190 1023/1250/1198
f 1013/580/537 1027/1253/1201 1026/1254/1202
f 1025/1244/1203 1028/1243/1204 1027/1255/1201
f 1026/1254/1202 1024/1256/1205 1021/1257/1197
f 1027/1255/1201 1019/1245/1206 1024/1252/1205
f 1032/1258/1207 1034/1259/1208 1029/715/661
f 1033/1260/1209 1035/1261/1210 1032/1258/1207
f 1035/1261/1210 1043/1262/1211 1034/1259/1208
f 1035/1261/1210 1036/1263/1212 1046/1264/1213
f 1037/1265/1214 1039/1266/1215 1030/581/538
f 1038/1267/1216 1040/1268/1217 1037/1265/1214
f 1039/1266/1215 1036/1269/1212 1033/1260/1209
f 1040/1268/1217 1041/1270/1218 1036/1269/1212
f 1031/699/645 1045/1271/1219 1044/1272/1220
f 1042/1273/1221 1046/1274/1222 1045/1271/1219
f 1044/1272/1220 1041/1275/1223 1038/1276/1224
f 1045/1271/1225 1036/1277/1212 1041/1275/1218
f 1062/707/653 1067/1278/1226 1066/1279/1227
f 1065/1280/1228 1068/1281/1229 1067/1278/1226
f 1066/1279/1227 1079/1282/1230 1076/1283/1231
f 1067/1278/1226 1069/1284/1232 1079/1282/1230
f 1063/1285/1233 1073/1286/1234 1072/1287/1235
f 1070/1288/1236 1074/1289/1237 1073/1286/1234
f 1072/1287/1238 1068/1281/1239 1065/1280/1240
f 1073/1286/1234 1069/1284/1241 1068/1281/1239
f 1075/1290/1242 1077/1291/1243 1064/1292/1244
f 1076/1283/1231 1078/1293/1245 1075/1290/1242
f 1078/1293/1245 1071/1294/1246 1077/1291/1243
f 1079/1282/1230 1074/1289/1247 1078/1293/1245
f 1130/670/617 1134/1295/1248 1133/1296/1249
f 1139/1297/1250 1135/1298/1251 1134/1295/1248
f 1133/1296/1249 1146/1299/1252 1143/1300/1253
f 1134/1295/1248 1136/1301/1254 1146/1299/1252
f 1131/637/592 1140/1302/1255 1139/1303/1256
f 1137/1304/1257 1141/1305/1258 1140/1302/1255
f 1139/1303/1256 1140/1302/1255 1135/1298/1259
f 1140/1302/1255 1136/1301/1260 1135/1298/1259
f 1142/1306/1261 1144/1307/1262 1132/704/650
f 1143/1300/1253 1145/1308/1263 1142/1306/1261
f 1145/1308/1263 1138/1309/1264 1144/1307/1262
f 1146/1299/1265 1141/1305/1258 1145/1308/1263
f 1150/1310/1266 1152/1311/1267 1147/718/664
f 1151/1312/1268 1153/1313/1269 1150/1310/1266
f 1153/1313/1269 1162/1314/1270 1152/1311/1267
f 1153/1313/1269 1155/1315/1271 1165/1316/1272
f 1156/1317/1273 1158/1318/1274 1148/705/651
f 1156/1317/1273 1160/1319/1275 1159/1320/1276
f 1159/1320/1276 1151/1312/1268 1158/1318/1274
f 1159/1320/1276 1155/1315/1271 1154/1321/1277
f 1161/1322/1278 1163/1323/1279 1149/1324/1280
f 1162/1314/1270 1164/1325/1281 1161/1322/1278
f 1164/1325/1281 1157/1326/1282 1163/1323/1279
f 1165/1316/1272 1160/1319/1275 1164/1325/1281
f 1181/709/655 1187/1327/1283 1186/1328/1284
f 1184/1329/1285 1188/1330/1286 1187/1327/1283
f 1186/1328/1284 1187/1327/1283 1197/1331/1287
f 1187/1327/1283 1189/1332/1288 1197/1331/1287
f 1190/1333/1289 1192/1334/1290 1182/1335/1291
f 1191/1336/1292 1193/1337/1293 1190/1333/1289
f 1193/1337/1293 1185/1338/1294 1192/1334/1290
f 1194/1339/1295 1188/1340/1296 1193/1337/1293
f 1183/649/601 1196/1341/1297 1195/1342/1298
f 1186/1343/1299 1197/1344/1300 1196/1341/1297
f 1195/1342/1298 1194/1339/1295 1191/1336/1292
f 1196/1341/1297 1189/1345/1301 1194/1339/1295
s 1
f 1358/121/112 1361/1346/1302 1360/123/114
f 1361/1346/1302 1362/1347/1303 1360/123/114
f 1362/1347/1303 1363/1348/1304 1360/123/114
f 1363/1348/1304 1359/65/61 1360/123/114
f 223/25/24 1200/1349/1305 226/1350/1306
f 226/1350/1306 1201/1351/1307 225/1352/1308
f 225/1352/1309 1202/1353/1310 224/1354/1311
f 1202/1355/1310 222/183/169 224/1356/1311
f 1198/24/23 209/1357/1312 1200/1349/1305
f 1200/1349/1305 210/1358/1313 1201/1351/1307
f 1201/1351/1314 211/1359/1315 1202/1353/1310
f 211/1360/1315 1199/140/131 1202/1355/1310
f 1203/61/57 231/1361/1316 228/8/8
f 1205/1362/1317 230/1363/1318 231/1361/1316
f 1206/1364/1319 229/1365/1320 230/1366/1321
f 229/1365/1320 1204/119/110 227/21/20
f 212/194/178 1205/1362/1317 1203/61/57
f 214/1367/1322 1206/1368/1323 1205/1362/1317
f 215/1369/1324 1207/1370/1325 1206/1364/1319
f 1207/1370/1325 213/18/17 1204/119/110
f 1208/130/121 206/1371/1326 203/3/3
f 1210/1372/1327 205/1373/1328 206/1371/1326
f 1211/1374/1329 204/1375/1330 205/1373/1331
f 204/1376/1330 1209/4/4 202/16/15
f 223/25/24 1210/1372/1327 1208/130/121
f 226/1350/1306 1211/1374/1332 1210/1372/1327
f 225/1352/1309 1212/1377/1333 1211/1374/1329
f 1212/1378/1333 222/183/169 1209/4/4
f 218/159/148 1215/1379/1334 221/1380/1335
f 221/1380/1335 1216/1381/1336 220/1382/1337
f 220/1383/1338 1217/1384/1339 219/1385/1340
f 1217/1384/1339 217/10/9 219/1385/1340
f 1213/26/25 231/1361/1316 1215/1379/1334
f 1215/1379/1334 230/1363/1318 1216/1381/1336
f 1216/1386/1341 229/1365/1320 1217/1384/1339
f 229/1365/1320 1214/23/22 1217/1384/1339
f 233/160/149 1220/1387/1342 236/1388/1343
f 236/1388/1343 1221/1389/1344 235/1390/1345
f 235/1391/1346 1222/1392/1347 234/1393/1348
f 1222/1392/1347 232/29/27 234/1393/1348
f 1218/154/144 221/1380/1335 1220/1387/1342
f 1220/1387/1342 220/1382/1337 1221/1389/1344
f 1221/1394/1349 219/1385/1340 1222/1392/1347
f 219/1385/1340 1219/12/11 1222/1392/1347
f 207/15/14 1225/1395/1350 209/1357/1312
f 209/1357/1312 1226/1396/1351 210/1358/1313
f 210/1358/1352 1227/1397/1353 211/1359/1315
f 1227/1398/1353 208/35/33 211/1360/1315
f 1223/14/13 239/1399/1354 1225/1395/1350
f 1225/1395/1350 240/1400/1355 1226/1396/1351
f 1226/1396/1356 241/1401/1357 1227/1397/1353
f 241/1402/1357 1224/33/31 1227/1398/1353
f 237/44/41 1230/1403/1358 239/1399/1354
f 239/1399/1354 1231/1404/1359 240/1400/1355
f 240/1400/1360 1232/1405/1361 241/1401/1357
f 1232/1406/1361 238/32/30 241/1402/1357
f 1228/53/49 249/1407/1362 1230/1403/1358
f 1230/1403/1358 250/1408/1363 1231/1404/1359
f 1231/1404/1364 251/1409/1365 1232/1405/1361
f 251/1410/1365 1229/30/28 1232/1406/1361
f 243/195/179 1235/1411/1366 246/1412/1367
f 246/1412/1367 1236/1413/1368 245/1414/1369
f 245/1415/1370 1237/1416/1371 244/1417/1372
f 1237/1416/1371 242/39/37 244/1417/1372
f 1233/188/172 236/1388/1343 1235/1411/1366
f 1235/1411/1366 235/1390/1345 1236/1413/1368
f 1236/1418/1373 234/1393/1348 1237/1416/1371
f 234/1393/1348 1234/37/35 1237/1416/1371
f 1238/171/159 274/1419/1374 271/169/157
f 1240/1420/1375 273/1421/1376 274/1419/1374
f 1241/1422/1377 272/1423/1378 273/1421/1376
f 1242/1424/1379 270/187/46 272/1423/1378
f 253/733/679 1240/1420/1375 1238/171/159
f 263/732/678 1241/1422/1377 1240/1420/1375
f 256/736/682 1242/1424/1379 1241/1422/1377
f 255/727/673 1239/134/125 1242/1424/1379
f 247/52/48 1245/1425/1380 249/1407/1362
f 249/1407/1362 1246/1426/1381 250/1408/1363
f 250/1408/1382 1247/1427/1383 251/1409/1365
f 251/1410/1365 1244/40/38 248/42/40
f 1243/153/143 274/1419/1374 1245/1425/1380
f 1245/1425/1384 273/1421/1376 1246/1426/1381
f 1246/1426/1385 272/1423/1378 1247/1427/1383
f 272/1428/1378 1244/40/38 1247/1429/1383
f 253/733/679 1250/1430/1386 261/731/677
f 261/731/677 1251/1431/1387 262/734/680
f 262/743/689 1252/1432/1388 267/739/685
f 267/739/685 1249/46/43 254/48/45
f 1248/170/158 246/1412/1367 1250/1430/1386
f 1250/1430/1386 245/1414/1369 1251/1431/1387
f 1251/1433/1389 244/1417/1372 1252/1432/1388
f 1252/1432/1388 242/39/37 1249/46/43
f 1253/69/65 214/1367/1322 212/194/178
f 1255/1434/1390 215/1435/1391 214/1367/1322
f 1256/1436/1392 216/1437/1393 215/1369/1324
f 216/1437/1393 1254/163/151 213/18/17
f 280/129/120 1255/1434/1390 1253/69/65
f 282/1438/1394 1256/1439/1395 1255/1434/1390
f 283/1440/1396 1257/1441/1397 1256/1436/1392
f 284/1442/1398 1254/163/151 1257/1441/1397
f 1258/1/1 279/1443/1399 276/179/166
f 1260/1444/1400 278/1445/1401 279/1443/1399
f 1261/1446/1402 277/1447/1403 278/1445/1404
f 277/1448/1403 1259/54/50 275/56/52
f 203/3/3 1260/1444/1400 1258/1/1
f 206/1371/1326 1261/1446/1405 1260/1444/1400
f 205/1373/1331 1262/1449/1406 1261/1446/1402
f 1262/1450/1406 202/16/15 1259/54/50
f 305/784/728 1265/1451/1407 316/782/726
f 316/782/726 1266/1452/1408 317/772/715
f 317/772/715 1267/1453/1409 307/768/711
f 307/768/711 1264/176/111 303/178/165
f 1263/144/135 296/756/700 1265/1451/1407
f 1265/1451/1407 289/748/694 1266/1452/1408
f 1266/1452/1408 288/750/691 1267/1453/1409
f 1267/1454/1409 285/747/693 1264/120/111
f 1268/145/136 282/1438/1394 280/129/120
f 1270/1455/1410 283/1456/1411 282/1438/1394
f 1271/1457/1412 284/1442/1398 283/1440/1396
f 1272/1458/1413 281/58/54 284/1442/1398
f 305/784/728 1270/1455/1410 1268/145/136
f 318/783/727 1271/1459/1414 1270/1455/1410
f 312/1460/1415 1272/1458/1413 1271/1457/1412
f 311/777/720 1269/66/62 1272/1458/1413
f 1273/147/138 294/757/701 286/146/137
f 1275/1461/1416 295/1462/1417 294/757/701
f 1276/1463/1418 301/1464/706 295/1462/708
f 1277/1465/1419 287/64/60 301/762/706
f 276/179/166 1275/1461/1416 1273/147/138
f 279/1443/1399 1276/1463/1420 1275/1461/1416
f 278/1445/1404 1277/1466/1419 1276/1463/1418
f 277/1448/1403 1274/62/58 1277/1465/1419
f 1278/143/134 345/1467/1421 342/71/67
f 1280/1468/1422 344/1469/1423 345/1467/1421
f 1281/1470/1424 343/1471/1425 344/1469/1423
f 1282/1472/1426 341/193/177 343/1471/1425
f 326/91/85 1280/1468/1422 1278/143/134
f 328/1473/1427 1281/1470/1424 1280/1468/1422
f 329/1474/1428 1282/1472/1426 1281/1470/1424
f 330/1475/1429 1279/192/176 1282/1472/1426
f 347/85/79 1285/1476/1430 350/1477/1431
f 350/1477/1431 1286/1478/1432 349/1479/1433
f 349/1479/1433 1287/1480/1434 348/1481/1435
f 348/1481/1435 1284/124/115 346/127/118
f 1283/84/78 333/1482/1436 1285/1476/1430
f 1285/1476/1430 334/1483/1437 1286/1478/1432
f 1286/1478/1432 335/1484/1438 1287/1480/1434
f 1287/1480/1434 332/125/116 1284/124/115
f 322/81/75 1290/1485/1439 325/1486/1440
f 325/1486/1440 1291/1487/1441 324/1488/1442
f 324/1488/1442 1292/1489/1443 323/1490/1444
f 323/1490/1444 1289/141/132 321/106/98
f 1288/72/68 345/1467/1421 1290/1485/1439
f 1290/1485/1439 344/1469/1423 1291/1487/1441
f 1291/1487/1441 343/1471/1425 1292/1489/1443
f 1292/1489/1443 341/193/177 1289/141/132
f 1293/86/80 340/1491/1445 337/126/117
f 1295/1492/1446 339/1493/1447 340/1491/1445
f 1296/1494/1448 338/1495/1449 339/1493/1447
f 1297/1496/1450 336/184/170 338/1495/1449
f 347/85/79 1295/1492/1446 1293/86/80
f 350/1477/1431 1296/1494/1448 1295/1492/1446
f 349/1479/1433 1297/1496/1450 1296/1494/1448
f 348/1481/1435 1294/162/150 1297/1496/1450
f 1298/77/72 355/1497/1451 352/156/145
f 1300/1498/1452 354/1499/1453 355/1497/1451
f 1301/1500/1454 353/1501/1455 354/1499/1453
f 1302/1502/1456 351/78/73 353/1501/1455
f 337/126/117 1300/1498/1452 1298/77/72
f 340/1491/1445 1301/1500/1454 1300/1498/1452
f 339/1493/1447 1302/1502/1456 1301/1500/1454
f 338/1495/1449 1299/94/88 1302/1502/1456
f 1303/92/86 328/1473/1427 326/91/85
f 1305/1503/1457 329/1474/1428 328/1473/1427
f 1306/1504/1458 330/1475/1429 329/1474/1428
f 1307/1505/1459 327/191/175 330/1475/1429
f 356/97/90 1305/1503/1457 1303/92/86
f 358/1506/1460 1306/1504/1458 1305/1503/1457
f 359/1507/1461 1307/1505/1459 1306/1504/1458
f 360/1508/1462 1304/74/70 1307/1505/1459
f 1308/98/91 358/1506/1460 356/97/90
f 1310/1509/1463 359/1507/1461 358/1506/1460
f 1311/1510/1464 360/1508/1462 359/1507/1461
f 1312/1511/1465 357/139/130 360/1508/1462
f 366/102/94 1310/1509/1463 1308/98/91
f 368/1512/1466 1311/1510/1464 1310/1509/1463
f 369/1513/1467 1312/1511/1465 1311/1510/1464
f 370/1514/1468 1309/185/171 1312/1511/1465
f 1313/93/87 365/1515/1469 362/189/173
f 1315/1516/1470 364/1517/1471 365/1515/1469
f 1316/1518/1472 363/1519/1473 364/1517/1471
f 1317/1520/1474 361/101/93 363/1519/1473
f 352/156/145 1315/1516/1470 1313/93/87
f 355/1497/1451 1316/1518/1472 1315/1516/1470
f 354/1499/1453 1317/1520/1474 1316/1518/1472
f 353/1501/1455 1314/80/74 1317/1520/1474
f 389/190/174 1320/1521/1475 392/1522/1476
f 392/1522/1476 1321/1523/1477 391/1524/1478
f 391/1524/1478 1322/1525/1479 390/1526/1480
f 390/1527/1480 1319/173/161 388/175/163
f 1318/138/129 375/789/733 1320/1521/1475
f 1320/1521/1475 384/793/737 1321/1523/1477
f 1321/1523/1477 383/804/746 1322/1525/1479
f 1322/1528/1479 373/174/162 1319/173/161
f 1323/104/96 368/1512/1466 366/102/94
f 1325/1529/1481 369/1513/1467 368/1512/1466
f 1326/1530/1482 370/1514/1468 369/1513/1467
f 1327/1531/1483 367/182/168 370/1514/1468
f 389/1532/174 1325/1529/1481 1323/104/96
f 392/1533/1476 1326/1530/1482 1325/1529/1481
f 391/1534/1478 1327/1531/1483 1326/1530/1482
f 390/1527/1480 1324/157/146 1327/1531/1483
f 1328/99/92 379/797/741 372/105/97
f 1330/1535/1484 380/806/749 379/797/741
f 1331/1536/1485 385/802/747 380/806/749
f 1332/1537/1486 373/174/162 385/802/747
f 362/189/173 1330/1535/1484 1328/99/92
f 365/1515/1469 1331/1536/1485 1330/1535/1484
f 364/1517/1471 1332/1537/1486 1331/1536/1485
f 363/1519/1473 1329/172/160 1332/1537/1486
f 331/88/82 1335/1538/1487 333/1482/1436
f 333/1482/1436 1336/1539/1488 334/1483/1437
f 334/1483/1437 1337/1540/1489 335/1484/1438
f 335/1484/1438 1334/167/155 332/125/116
f 1333/109/100 400/1541/1490 1335/1538/1487
f 1335/1538/1487 401/1542/1491 1336/1539/1488
f 1336/1543/1488 402/1544/1492 1337/1545/1489
f 1337/1545/1489 399/1546/122 1334/1547/155
f 394/111/102 1340/1548/1493 397/1549/1494
f 397/1549/1494 1341/1550/1495 396/1551/1496
f 396/1551/1496 1342/1552/1497 395/1553/1498
f 395/1553/1498 1339/115/106 393/114/105
f 1338/82/76 325/1486/1440 1340/1548/1493
f 1340/1548/1493 324/1488/1442 1341/1550/1495
f 1341/1550/1495 323/1490/1444 1342/1552/1497
f 1342/1552/1497 321/106/98 1339/115/106
f 1343/1554/1499 411/811/753 408/808/167
f 1345/1555/1500 412/822/762 411/811/753
f 1346/1556/1501 419/816/758 412/822/762
f 1347/1557/1502 409/817/759 419/816/758
f 403/118/109 1345/1555/1500 1343/1554/1499
f 405/1558/1503 1346/1556/1501 1345/1555/1500
f 406/1559/1504 1347/1557/1502 1346/1556/1501
f 407/1560/1505 1344/151/142 1347/1557/1502
f 398/110/101 1350/1561/1506 400/1541/1490
f 400/1541/1490 1351/1562/1507 401/1542/1491
f 401/1563/1491 1352/1564/1508 402/1544/1492
f 402/1544/1492 1349/1565/141 399/1546/122
f 1348/116/107 422/825/766 1350/1561/1506
f 1350/1561/1506 418/827/760 1351/1562/1507
f 1351/1566/1507 417/820/757 1352/1564/1508
f 1352/1564/1508 409/1567/759 1349/1565/141
f 403/118/109 1355/1568/1509 405/1558/1503
f 405/1558/1503 1356/1569/1510 406/1559/1504
f 406/1559/1504 1357/1570/1511 407/1560/1505
f 407/1560/1505 1354/149/140 404/148/139
f 1353/112/103 397/1549/1494 1355/1568/1509
f 1355/1568/1509 396/1551/1496 1356/1569/1510
f 1356/1569/1510 395/1553/1498 1357/1570/1511
f 1357/1570/1511 393/114/105 1354/149/140
f 1359/65/61 299/761/705 287/64/60
f 1363/1348/1304 300/752/696 299/761/705
f 1362/1347/1303 290/746/692 300/752/696
f 1361/1346/1302 285/747/693 290/746/692
f 410/117/108 1366/1571/1512 413/1572/767
f 413/1573/752 1365/177/164 408/181/167
f 1364/67/63 313/776/1513 1366/1571/1512
s 29
f 1366/1571/1514 313/776/1515 306/780/1514
s 1
f 1366/1574/1516 303/178/165 1365/177/164
f 1367/47/44 266/740/1517 254/48/45
s 30
f 266/740/1518 1369/1575/1518 257/1576/1518
s 1
f 1369/1577/1519 252/724/670 257/726/672
f 372/105/97 1369/1578/1520 1367/47/44
f 374/1579/734 1368/135/126 1369/1577/1519
s 2
f 543/261/244 1372/1580/1521 553/980/907
f 553/980/907 1373/1581/1522 554/970/895
f 1373/1581/1522 545/968/892 554/970/895
f 1374/1582/1523 541/244/227 545/968/892
f 1370/260/243 563/987/914 1372/1580/1521
f 1372/1580/1521 573/990/917 1373/1581/1522
f 573/990/917 1374/1582/1523 1373/1581/1522
f 572/1000/927 1371/262/245 1374/1582/1523
f 1375/254/237 567/993/920 559/255/238
f 1377/1583/1524 568/995/922 567/993/920
f 568/995/922 1379/1584/1525 574/999/926
f 574/999/926 1376/241/225 560/303/285
f 577/232/216 1377/1583/1524 1375/254/237
f 582/1003/930 1378/1585/1526 1377/1583/1524
f 590/1006/933 1379/1584/1525 1378/1585/1526
f 1379/1584/1525 579/269/252 1376/241/225
f 1380/289/272 585/1586/938 578/302/284
f 1381/1587/1527 591/1588/1528 585/1012/938
f 591/1016/946 1382/243/226 579/269/252
f 1380/289/272 550/974/899 1381/1589/1527
f 1381/1587/1527 544/969/903 1382/1590/1529
f 1382/1590/1530 544/969/893 541/966/894
f 529/301/283 1385/1591/1531 536/961/886
f 536/961/886 1386/1592/1532 537/953/881
f 1386/1592/1532 532/948/877 537/953/881
f 1387/1593/1533 199/281/264 532/948/877
f 1383/297/279 569/994/921 1385/1591/1531
f 1385/1591/1531 562/988/915 1386/1592/1532
f 562/988/915 1387/1593/1533 1386/1592/1532
f 561/986/913 1384/275/258 1387/1593/1533
f 1388/290/273 548/975/900 542/291/274
f 1390/1594/1534 549/1595/1535 548/975/900
f 549/1595/1535 1391/1596/1536 555/1597/1537
f 1391/1598/1536 543/261/244 555/981/908
f 1388/290/273 201/955/883 1390/1594/1534
f 1390/1594/1534 531/950/879 1391/1599/1536
f 1391/1599/1536 531/950/879 530/949/878
f 530/1600/878 1389/229/213 1391/1598/1536
f 1392/252/235 533/1601/884 528/250/233
f 1394/1602/1538 534/964/1539 533/956/884
f 534/964/889 1395/1603/1540 538/962/887
f 1395/1603/1540 529/301/283 538/962/887
f 1392/252/235 586/1604/937 1394/1605/1538
f 1394/1602/1538 581/1004/941 1395/1606/1541
f 1395/1606/1540 581/1004/931 580/1002/929
f 1395/1603/1540 577/232/216 1393/231/215
f 448/852/792 1398/1607/1542 451/1608/793
f 451/1608/793 1399/1609/1543 453/1610/804
f 1400/1611/1544 456/856/1545 455/1612/1546
f 456/856/1545 1397/247/230 449/316/298
f 425/164/152 1398/1607/1542 1396/210/194
f 430/829/771 1399/1609/1543 1398/1607/1542
f 438/832/774 1400/1611/1544 1399/1609/1543
f 437/841/782 1397/247/230 1400/1611/1544
f 1401/259/242 467/1613/1547 461/217/201
f 1403/1614/1548 1404/1615/1549 1864/867/1550
f 1404/1615/1549 463/864/1551 1864/867/1550
f 1405/1616/1552 459/318/300 463/864/806
f 1401/259/242 437/842/782 1403/1614/1548
f 1403/1614/1548 434/838/780 1404/1615/1549
f 1404/1615/1549 433/835/777 1405/1616/1552
f 1405/1616/1552 426/837/779 1402/237/221
f 1406/317/299 454/855/1553 449/316/298
f 1408/1617/1554 455/862/1555 454/855/1553
f 1409/1618/1556 458/858/799 455/862/1555
f 1410/1619/1557 450/236/220 458/858/799
f 1406/317/299 467/1620/1547 1408/1617/1554
f 1408/1617/1554 465/871/1558 1409/1618/1556
f 1409/1618/1556 463/870/1559 1410/1619/1557
f 1410/1619/1557 460/248/231 1407/234/218
f 480/892/831 1413/1621/1560 483/890/829
f 483/890/829 1414/1622/1561 484/902/832
f 484/902/832 1415/1623/1562 489/901/838
f 489/901/838 1412/279/262 481/322/304
f 440/220/204 1413/1621/1560 1411/299/281
f 444/844/1563 1414/1622/1561 1413/1621/1560
f 445/847/1564 1415/1623/1562 1414/1622/1561
f 446/1624/1565 1412/279/262 1415/1623/1562
f 495/909/1566 1418/1625/1567 498/907/1568
f 498/907/1568 1419/1626/1569 1865/1627/1570
f 1865/1627/1570 1420/1628/1571 501/1629/1572
f 501/1629/1572 1417/338/320 496/207/191
f 482/263/246 1418/1625/1567 1416/272/255
f 493/904/840 1419/1626/1569 1418/1625/1567
f 488/898/836 1420/1628/1571 1419/1626/1569
f 489/900/838 1417/338/320 1420/1628/1571
f 1421/209/193 501/1630/1572 496/207/191
f 1423/1631/1573 502/917/1574 501/1630/1572
f 1424/1632/1575 504/913/849 502/917/1574
f 1425/1633/1576 497/271/254 504/913/849
f 1421/209/193 446/1634/1565 1423/1631/1573
f 1423/1631/1573 447/850/1577 1424/1632/1575
f 1424/1632/1575 444/851/1578 1425/1633/1576
f 1425/1633/1576 441/265/248 1422/267/250
f 1426/257/240 476/888/1579 470/196/180
f 1428/1635/1580 1429/1636/1581 477/1637/820
f 1429/1636/1581 472/876/817 477/1637/820
f 1430/1638/1582 468/344/326 472/876/817
f 1426/257/240 513/930/1583 1428/1635/1580
f 1428/1635/1580 509/931/856 1429/1636/1581
f 1429/1636/1581 508/920/854 1430/1638/1582
f 1430/1638/1582 505/294/277 1427/296/278
f 1431/328/310 513/927/1583 506/280/263
f 1433/1639/1584 514/935/862 513/927/1583
f 1434/1640/1585 518/933/865 514/935/862
f 1435/1641/1586 507/284/267 518/933/865
f 1431/328/310 524/1642/1587 1433/1639/1584
f 1433/1639/1584 1866/1643/1588 1434/1640/1585
f 1434/1640/1585 523/938/1589 1435/1641/1586
f 1435/1641/1586 520/199/183 1432/201/185
f 1436/342/324 524/1644/1587 521/329/311
f 1438/1645/1590 525/946/1591 524/1644/1587
f 1439/1646/1592 527/942/1593 525/946/1591
f 1440/1647/1594 522/292/275 527/942/1593
f 1436/342/324 478/889/1595 1438/1645/1590
f 1438/1645/1590 479/886/1596 1439/1646/1592
f 1439/1646/1592 474/885/822 1440/1647/1594
f 1440/1647/1594 469/882/821 1437/286/269
f 596/1031/317 1443/1648/1597 607/1029/964
f 607/1029/964 1444/1649/1598 608/1023/955
f 608/1023/955 1445/1650/1599 598/1019/951
f 598/1019/951 1442/283/266 594/282/265
f 1441/1651/316 622/1040/974 1443/1648/1597
f 1443/1648/1597 616/1036/970 1444/1649/1598
f 1444/1649/1598 615/1034/968 1445/1650/1599
f 1445/1650/1599 612/321/303 1442/283/266
f 1446/308/290 631/1050/983 628/320/302
f 1448/1652/1600 632/1059/991 631/1050/983
f 1449/1653/1601 639/1055/988 632/1059/991
f 1450/1654/1602 629/1056/209 639/1055/988
f 614/1046/979 1448/1652/1600 1446/308/290
f 626/1045/978 1449/1653/1601 1448/1652/1600
f 621/1042/975 1450/1654/1602 1449/1653/1601
f 620/1039/973 1447/1655/207 1450/1654/1602
f 1451/311/293 602/1027/959 595/309/291
f 1453/1656/1603 603/1033/967 602/1027/959
f 1454/1657/1604 609/1030/965 603/1033/967
f 1455/1658/1605 596/1031/317 609/1030/965
f 1451/311/293 643/1063/995 1453/1656/1603
f 1453/1656/1603 638/1057/989 1454/1657/1604
f 1454/1657/1604 637/1054/987 1455/1658/1605
f 1455/1658/1605 629/1056/209 1452/1659/208
f 1456/1660/307 659/1077/1010 648/1079/305
f 1458/1661/1606 660/1069/1002 659/1077/1010
f 1459/1662/1607 651/1066/999 660/1069/1002
f 1460/1663/1608 646/226/210 651/1066/999
f 665/1090/309 1458/1661/1606 1456/1660/307
f 675/1089/1020 1459/1662/1607 1458/1661/1606
f 668/1093/1023 1460/1663/1608 1459/1662/1607
f 667/1084/1015 1457/227/211 1460/1663/1608
f 684/1112/322 1463/1664/1609 695/1110/1046
f 695/1110/1046 1464/1665/1610 696/1104/1039
f 696/1104/1039 1465/1666/1611 686/1100/1035
f 686/1100/1035 1462/214/198 682/213/197
f 1461/1667/321 661/1078/1011 1463/1664/1609
f 1463/1664/1609 655/1074/1007 1464/1665/1610
f 1464/1665/1610 654/1072/1005 1465/1666/1611
f 1465/1666/1611 647/314/296 1462/214/198
f 1466/313/295 690/1108/1043 683/315/297
f 1468/1668/1612 691/1114/1049 690/1108/1043
f 1469/1669/1613 697/1111/1047 691/1114/1049
f 1470/1670/1614 684/1112/322 697/1111/1047
f 1466/313/295 679/1097/1028 1468/1668/1612
f 1468/1668/1612 674/1091/1021 1469/1669/1613
f 1469/1669/1613 673/1088/1019 1470/1670/1614
f 1470/1670/1614 665/1090/309 1467/1671/308
f 1471/333/315 703/1117/1052 700/345/327
f 1473/1672/1615 704/1127/1063 703/1117/1052
f 1474/1673/1616 711/1123/1060 704/1127/1063
f 1475/1674/1617 701/1124/200 711/1123/1060
f 717/1134/1074 1473/1672/1615 1471/333/315
f 722/1133/1073 1474/1673/1616 1473/1672/1615
f 731/1137/1077 1475/1674/1617 1474/1673/1616
f 730/1146/1085 1472/1675/190 1475/1674/1617
f 718/304/286 1478/1676/1618 725/1140/1080
f 725/1140/1080 1479/1677/1619 726/1142/1082
f 726/1142/1082 1480/1678/1620 732/1147/1086
f 732/1147/1086 1477/1679/312 719/1148/188
f 1476/203/187 740/1151/1089 1478/1676/1618
f 1478/1676/1618 747/1155/1093 1479/1677/1619
f 1479/1677/1619 746/1162/1102 1480/1678/1620
f 1480/1678/1620 737/1164/313 1477/1679/312
f 1481/305/287 743/1160/1099 736/306/288
f 1483/1680/1621 744/1166/1106 743/1160/1099
f 1484/1681/1622 748/1163/1103 744/1166/1106
f 1485/1682/1623 737/1164/313 748/1163/1103
f 1481/305/287 715/1129/1065 1483/1680/1621
f 1483/1680/1621 710/1125/1061 1484/1681/1622
f 1484/1681/1622 709/1122/1059 1485/1682/1623
f 1485/1682/1623 701/1124/200 1482/1683/199
f 1486/166/154 428/828/770 425/164/152
f 1488/1684/1624 429/830/1625 428/828/770
f 1489/1685/1626 435/836/778 429/830/1625
f 1490/1686/1627 426/837/779 435/836/778
f 612/321/303 1488/1684/1624 1486/166/154
f 617/1035/969 1489/1685/1626 1488/1684/1624
f 625/1038/972 1490/1686/1627 1489/1685/1626
f 624/1044/977 1487/238/222 1490/1686/1627
f 630/1061/993 1493/1687/1628 642/1064/1629
f 642/1064/996 1494/1688/1630 633/1689/1631
f 633/1049/982 1492/319/301 628/320/302
f 1491/310/292 466/869/811 1493/1687/1628
f 1493/1687/1632 462/874/1633 1494/1688/1630
f 1494/1690/1634 459/318/300 1492/319/301
f 1495/222/206 443/843/1635 440/220/204
s 25
f 443/1691/1636 1497/1692/1637 1498/1693/1638
s 2
f 443/849/1639 1496/312/294 441/265/248
f 664/341/323 1497/1694/1640 1495/222/206
s 25
f 669/1695/1641 1498/1693/1638 1497/1692/1637
s 2
f 1498/1693/1642 666/1095/1026 1496/312/294
f 1499/273/256 685/1101/1643 682/213/197
f 1501/1696/1644 692/1697/1645 685/1101/1036
f 1502/1698/1646 683/315/297 692/1107/1042
f 495/909/1566 1501/1696/1647 1499/273/256
f 1501/1696/1644 499/914/1648 1502/1699/1649
f 1502/1699/1649 499/914/1648 503/912/1650
f 503/912/848 1500/270/253 1502/1698/1646
f 507/284/267 1505/1700/1651 516/932/864
f 516/932/864 1506/1701/1652 517/924/1652
f 517/924/1652 1507/1702/1653 510/921/855
f 510/921/855 1504/332/314 505/294/277
f 1503/285/268 727/1141/1081 1505/1700/1651
f 1505/1700/1651 721/1135/1075 1506/1701/1652
f 1506/1701/1652 720/1132/1072 1507/1702/1653
f 1507/1702/1653 717/1134/1074 1504/332/314
f 1508/287/270 713/1130/1066 702/307/289
f 713/1130/1066 1510/1703/1654 714/1120/1067
s 31
f 714/1120/1655 1511/1704/1656 705/1116/1657
s 2
f 705/1116/1051 1509/343/325 700/345/327
f 469/882/821 1510/1705/1654 1508/287/270
s 31
f 1510/1705/1658 475/884/1659 471/877/1660
f 1510/1703/1658 471/875/1660 1511/1704/1656
s 2
f 1511/1704/1661 468/344/326 1509/343/325
f 1512/211/195 597/1706/952 594/282/265
f 597/1020/963 1515/1707/1662 604/1026/961
f 604/1026/958 1513/235/219 595/309/291
f 448/852/792 1514/1708/1663 1512/211/195
f 452/1709/1664 1515/1707/1662 1514/1710/1662
f 1515/1707/1665 450/236/220 1513/235/219
f 1516/264/247 491/903/839 482/263/246
f 1518/1711/1666 492/896/1667 491/903/839
f 1519/1712/1668 485/891/830 492/896/1667
f 1520/1713/1669 480/892/831 485/891/830
f 647/314/296 1518/1711/1666 1516/264/247
f 1518/1711/1666 650/1067/1000 1519/1712/1668
f 650/1067/1000 1520/1713/1669 1519/1712/1668
f 1520/1713/1669 646/226/210 1517/300/282
f 1521/293/276 526/941/1670 522/292/275
f 1523/1714/1671 520/199/183 526/937/1672
f 1521/293/276 745/1159/1098 1523/1715/1673
f 1523/1715/1673 745/1159/1098 739/1153/1674
f 1523/1716/1671 739/1153/1675 738/1152/1090
f 738/1152/1090 1522/1717/1676 1523/1714/1671
s 3
f 772/370/349 1526/1718/1677 775/1719/1678
f 775/1719/1678 1527/1720/1679 774/1721/1680
f 774/1722/1681 1528/1723/1682 773/1724/1683
f 1528/1723/1682 771/525/487 773/1724/1683
f 1524/369/348 758/1725/1684 1526/1718/1677
f 1526/1726/1677 759/1727/1685 1527/1728/1679
f 1527/1728/1686 760/1729/1687 1528/1723/1682
f 760/1729/1687 1525/484/450 1528/1723/1682
f 1529/406/383 780/1730/1688 777/353/334
f 1531/1731/1689 779/1732/1690 780/1730/1688
f 1532/1733/1691 778/1734/1692 779/1735/1693
f 778/1734/1692 1530/464/433 776/366/345
f 761/534/496 1531/1731/1689 1529/406/383
f 763/1736/1694 1532/1737/1695 1531/1731/1689
f 764/1738/1696 1533/1739/1697 1532/1733/1691
f 1533/1739/1697 762/363/342 1530/464/433
f 1534/474/442 755/1740/1698 752/348/330
f 1536/1741/1699 754/1742/1700 755/1740/1698
f 1537/1743/1701 753/1744/1702 754/1745/1703
f 753/1744/1702 1535/349/331 751/361/340
f 772/370/349 1536/1741/1699 1534/474/442
f 775/1719/1678 1537/1746/1704 1536/1741/1699
f 774/1722/1681 1538/1747/1705 1537/1743/1701
f 1538/1747/1705 771/525/487 1535/349/331
f 767/503/466 1541/1748/1706 770/1749/1707
f 770/1749/1707 1542/1750/1708 769/1751/1709
f 769/1751/1710 1543/1752/1711 768/1753/1712
f 1543/1754/1711 766/355/335 768/1755/1712
f 1539/371/350 780/1730/1688 1541/1748/1706
f 1541/1748/1706 779/1732/1690 1542/1750/1708
f 1542/1756/1713 778/1734/1692 1543/1754/1711
f 778/1734/1692 1540/368/347 1543/1754/1711
f 782/504/467 1546/1757/1714 785/1758/1715
f 785/1758/1715 1547/1759/1716 784/1760/1717
f 784/1760/1718 1548/1761/1719 783/1762/1720
f 1548/1763/1719 781/374/352 783/1764/1720
f 1544/498/462 770/1749/1707 1546/1757/1714
f 1546/1757/1714 769/1751/1709 1547/1759/1716
f 1547/1759/1721 768/1753/1712 1548/1761/1719
f 768/1755/1712 1545/357/337 1548/1763/1719
f 756/360/339 1551/1765/1722 758/1725/1684
f 758/1766/1684 1552/1767/1723 759/1727/1685
f 759/1727/1724 1553/1768/1725 760/1729/1687
f 1553/1768/1725 757/380/358 760/1729/1687
f 1549/359/338 788/1769/1726 1551/1765/1722
f 1551/1770/1722 789/1771/1727 1552/1767/1723
f 1552/1767/1728 790/1772/1729 1553/1768/1725
f 790/1772/1729 1550/378/356 1553/1768/1725
f 786/389/366 1556/1773/1730 788/1769/1726
f 788/1774/1726 1557/1775/1731 789/1771/1727
f 789/1771/1732 1558/1776/1733 790/1772/1729
f 1558/1776/1733 787/377/355 790/1772/1729
f 1554/398/375 798/1777/1734 1556/1773/1730
f 1556/1778/1730 799/1779/1735 1557/1775/1731
f 1557/1775/1736 800/1780/1737 1558/1776/1733
f 800/1780/1737 1555/375/353 1558/1776/1733
f 792/535/497 1561/1781/1738 795/1782/1739
f 795/1782/1739 1562/1783/1740 794/1784/1741
f 794/1784/1742 1563/1785/1743 793/1786/1744
f 1563/1787/1743 791/384/362 793/1788/1744
f 1559/528/490 785/1758/1715 1561/1781/1738
f 1561/1781/1738 784/1760/1717 1562/1783/1740
f 1562/1783/1745 783/1762/1720 1563/1785/1743
f 783/1764/1720 1560/382/360 1563/1787/1743
f 1564/515/477 823/1789/1746 820/513/475
f 1566/1790/1747 822/1791/1748 823/1789/1746
f 1567/1792/1749 821/1793/1750 822/1791/1748
f 1568/1794/1751 819/394/371 821/1795/1750
f 802/1176/1116 1566/1790/1747 1564/515/477
f 812/1175/1115 1567/1792/1749 1566/1790/1747
f 805/1179/1119 1568/1796/1751 1567/1792/1749
f 804/1170/1110 1565/1797/444 1568/1796/1751
f 796/397/374 1571/1798/1752 798/1777/1734
f 798/1799/1734 1572/1800/1753 799/1779/1735
f 799/1779/1754 1573/1801/1755 800/1780/1737
f 800/1780/1737 1570/385/363 797/387/365
f 1569/497/461 823/1789/1746 1571/1798/1752
f 1571/1802/1756 822/1803/1748 1572/1800/1753
f 1572/1800/1757 821/1795/1750 1573/1801/1755
f 821/1795/1750 1570/385/363 1573/1801/1755
f 802/1176/1116 1576/1804/1758 810/1174/1114
f 810/1174/1114 1577/1805/1759 811/1177/1117
f 811/1177/1126 1578/1806/1760 816/1185/1122
f 816/1182/1122 1575/391/368 803/393/370
f 1574/514/476 795/1782/1739 1576/1804/1758
f 1576/1804/1758 794/1784/1741 1577/1805/1759
f 1577/1805/1761 793/1786/1744 1578/1806/1760
f 1578/1807/1760 791/384/362 1575/391/368
f 1579/414/390 763/1736/1694 761/534/496
f 1581/1808/1762 764/1809/1763 763/1736/1694
f 1582/1810/1764 765/1811/1765 764/1738/1696
f 765/1811/1765 1580/507/469 762/363/342
f 829/473/441 1581/1808/1762 1579/414/390
f 831/1812/1766 1582/1813/1767 1581/1808/1762
f 832/1814/1768 1583/1815/1769 1582/1810/1764
f 1583/1815/1769 830/403/380 1580/507/469
f 1584/346/328 828/1816/1770 825/522/484
f 1586/1817/1771 827/1818/1772 828/1816/1770
f 1587/1819/1773 826/1820/1774 827/1821/1775
f 826/1820/1774 1585/399/376 824/401/378
f 752/348/330 1586/1817/1771 1584/346/328
f 755/1740/1698 1587/1822/1776 1586/1817/1771
f 754/1745/1703 1588/1823/1777 1587/1819/1773
f 1588/1823/1777 751/361/340 1585/399/376
f 841/1204/1144 1591/1824/1778 852/1202/1142
f 852/1202/1142 1592/1825/1779 853/1193/1133
f 853/1193/1133 1593/1826/1780 843/1189/1129
f 843/1827/1129 1590/465/434 839/521/483
f 1589/488/453 836/1828/1781 1591/1824/1778
f 1591/1824/1778 837/1829/1782 1592/1825/1779
f 1592/1825/1779 838/1830/1783 1593/1826/1780
f 1593/1831/1780 835/409/386 1590/465/434
f 1594/489/454 831/1812/1766 829/473/441
f 1596/1832/1784 832/1833/1785 831/1812/1766
f 1597/1834/1786 833/1835/1787 832/1814/1768
f 1598/1836/1788 830/403/380 833/1835/1787
f 841/1204/1144 1596/1832/1784 1594/489/454
f 854/1203/1143 1597/1837/1789 1596/1832/1784
f 848/1838/1790 1598/1836/1788 1597/1834/1786
f 847/1839/1138 1595/411/388 1598/1836/1788
f 1599/491/456 836/1828/1781 834/490/455
f 1601/1840/1791 837/1829/1782 836/1828/1781
f 1602/1841/1792 838/1842/1783 837/1843/1782
f 838/1842/1783 1600/407/384 835/409/386
f 825/522/484 1601/1840/1791 1599/491/456
f 828/1816/1770 1602/1844/1793 1601/1840/1791
f 827/1821/1775 1603/1845/1794 1602/1841/1792
f 826/1820/1774 1600/407/384 1603/1845/1794
f 1604/487/452 881/1846/1795 878/416/391
f 1606/1847/1796 880/1848/1797 881/1846/1795
f 1607/1849/1798 879/1850/1799 880/1848/1797
f 1608/1851/1800 877/533/495 879/1850/1799
f 862/436/410 1606/1847/1796 1604/487/452
f 864/1852/1801 1607/1849/1798 1606/1847/1796
f 865/1853/1802 1608/1851/1800 1607/1849/1798
f 866/1854/1803 1605/532/494 1608/1851/1800
f 883/430/404 1611/1855/1804 886/1856/1805
f 886/1856/1805 1612/1857/1806 885/1858/1807
f 885/1858/1807 1613/1859/1808 884/1860/1809
f 884/1860/1809 1610/468/437 882/471/440
f 1609/429/403 869/1861/1810 1611/1855/1804
f 1611/1855/1804 870/1862/1811 1612/1857/1806
f 1612/1857/1806 871/1863/1812 1613/1859/1808
f 1613/1859/1808 868/469/438 1610/468/437
f 858/426/400 1616/1864/1813 861/1865/1814
f 861/1865/1814 1617/1866/1815 860/1867/1816
f 860/1867/1816 1618/1868/1817 859/1869/1818
f 859/1869/1818 1615/485/451 857/451/423
f 1614/417/392 881/1846/1795 1616/1864/1813
f 1616/1864/1813 880/1848/1797 1617/1866/1815
f 1617/1866/1815 879/1850/1799 1618/1868/1817
f 1618/1868/1817 877/533/495 1615/485/451
f 1619/431/405 876/1870/1819 873/470/439
f 1621/1871/1820 875/1872/1821 876/1870/1819
f 1622/1873/1822 874/1874/1823 875/1872/1821
f 1623/1875/1824 872/526/488 874/1874/1823
f 883/430/404 1621/1871/1820 1619/431/405
f 886/1856/1805 1622/1873/1822 1621/1871/1820
f 885/1858/1807 1623/1875/1824 1622/1873/1822
f 884/1860/1809 1620/506/468 1623/1875/1824
f 1624/422/397 891/1876/1825 888/500/463
f 1626/1877/1826 890/1878/1827 891/1876/1825
f 1627/1879/1828 889/1880/1829 890/1878/1827
f 1628/1881/1830 887/423/398 889/1880/1829
f 873/470/439 1626/1877/1826 1624/422/397
f 876/1870/1819 1627/1879/1828 1626/1877/1826
f 875/1872/1821 1628/1881/1830 1627/1879/1828
f 874/1874/1823 1625/439/413 1628/1881/1830
f 1629/437/411 864/1852/1801 862/436/410
f 1631/1882/1831 865/1853/1802 864/1852/1801
f 1632/1883/1832 866/1854/1803 865/1853/1802
f 1633/1884/1833 863/531/493 866/1854/1803
f 892/442/415 1631/1882/1831 1629/437/411
f 894/1885/1834 1632/1883/1832 1631/1882/1831
f 895/1886/1835 1633/1884/1833 1632/1883/1832
f 896/1887/1836 1630/419/394 1633/1884/1833
f 1634/443/416 894/1885/1834 892/442/415
f 1636/1888/1837 895/1886/1835 894/1885/1834
f 1637/1889/1838 896/1887/1836 895/1886/1835
f 1638/1890/1839 893/483/449 896/1887/1836
f 902/447/419 1636/1888/1837 1634/443/416
f 904/1891/1840 1637/1889/1838 1636/1888/1837
f 905/1892/1841 1638/1890/1839 1637/1889/1838
f 906/1893/1842 1635/527/489 1638/1890/1839
f 1639/438/412 901/1894/1843 898/529/491
f 1641/1895/1844 900/1896/1845 901/1894/1843
f 1642/1897/1846 899/1898/1847 900/1896/1845
f 1643/1899/1848 897/446/418 899/1898/1847
f 888/500/463 1641/1895/1844 1639/438/412
f 891/1876/1825 1642/1897/1846 1641/1895/1844
f 890/1878/1827 1643/1899/1848 1642/1897/1846
f 889/1880/1829 1640/425/399 1643/1899/1848
f 925/530/492 1646/1900/1849 928/1901/1850
f 928/1901/1850 1647/1902/1851 927/1903/1852
f 927/1903/1852 1648/1904/1853 926/1905/1854
f 926/1905/1854 1645/517/479 924/519/481
f 1644/482/448 911/1208/1149 1646/1900/1849
f 1646/1900/1849 920/1212/1153 1647/1902/1851
f 1647/1902/1851 919/1218/1161 1648/1904/1853
f 1648/1904/1853 909/518/480 1645/517/479
f 1649/449/421 904/1891/1840 902/447/419
f 1651/1906/1855 905/1892/1841 904/1891/1840
f 1652/1907/1856 906/1893/1842 905/1892/1841
f 1653/1908/1857 903/524/486 906/1893/1842
f 925/530/492 1651/1906/1855 1649/449/421
f 928/1901/1850 1652/1907/1856 1651/1906/1855
f 927/1903/1852 1653/1908/1857 1652/1907/1856
f 926/1905/1854 1650/501/464 1653/1908/1857
f 1654/444/417 915/1216/1157 908/450/422
f 1656/1909/1858 916/1221/1164 915/1216/1157
f 1657/1910/1859 921/1219/1162 916/1221/1164
f 1658/1911/1860 909/518/480 921/1219/1162
f 898/529/491 1656/1909/1858 1654/444/417
f 901/1894/1843 1657/1910/1859 1656/1909/1858
f 900/1896/1845 1658/1911/1860 1657/1910/1859
f 899/1898/1847 1655/516/478 1658/1911/1860
f 867/433/407 1661/1912/1861 869/1861/1810
f 869/1861/1810 1662/1913/1862 870/1862/1811
f 870/1862/1811 1663/1914/1863 871/1863/1812
f 871/1863/1812 1660/511/473 868/469/438
f 1659/454/424 936/1915/1864 1661/1912/1861
f 1661/1912/1861 937/1916/1865 1662/1913/1862
f 1662/1913/1862 938/1917/1866 1663/1914/1863
f 1663/1914/1863 935/475/443 1660/511/473
f 930/456/426 1666/1918/1867 933/1919/1868
f 933/1919/1868 1667/1920/1869 932/1921/1870
f 932/1921/1870 1668/1922/1871 931/1923/1872
f 931/1923/1872 1665/460/429 929/459/428
f 1664/427/401 861/1865/1814 1666/1918/1867
f 1666/1918/1867 860/1867/1816 1667/1920/1869
f 1667/1920/1869 859/1869/1818 1668/1922/1871
f 1668/1922/1871 857/451/423 1665/460/429
f 1669/467/436 947/1224/1168 944/523/485
f 1671/1924/1873 948/1233/1178 947/1224/1168
f 1672/1925/1874 954/1229/1174 948/1233/1178
f 1673/1926/1875 945/1230/1175 954/1229/1174
f 939/463/432 1671/1924/1873 1669/467/436
f 941/1927/1876 1672/1925/1874 1671/1924/1873
f 942/1928/1877 1673/1926/1875 1672/1925/1874
f 943/1929/1878 1670/495/460 1673/1926/1875
f 934/455/425 1676/1930/1879 936/1915/1864
f 936/1915/1864 1677/1931/1880 937/1916/1865
f 937/1916/1865 1678/1932/1881 938/1917/1866
f 938/1917/1866 1675/494/459 935/475/443
f 1674/461/430 958/1236/1182 1676/1930/1879
f 1676/1930/1879 953/1231/1176 1677/1931/1880
f 1677/1931/1880 952/1228/1173 1678/1932/1881
f 1678/1932/1881 945/1230/1175 1675/494/459
f 939/463/432 1681/1933/1882 941/1927/1876
f 941/1927/1876 1682/1934/1883 942/1928/1877
f 942/1928/1877 1683/1935/1884 943/1929/1878
f 943/1929/1878 1680/493/458 940/492/457
f 1679/457/427 933/1919/1868 1681/1933/1882
f 1681/1933/1882 932/1921/1870 1682/1934/1883
f 1682/1934/1883 931/1923/1872 1683/1935/1884
f 1683/1935/1884 929/459/428 1680/493/458
f 946/462/431 1686/1936/1885 957/1937/1183
f 957/1223/1886 1685/520/482 944/523/485
f 1684/412/389 849/1197/1887 1686/1936/1885
s 32
f 1686/1938/1888 849/1939/1888 842/1940/1888
s 3
f 1686/1941/1889 839/521/483 1685/520/482
f 1687/392/369 815/1183/1890 803/393/370
s 33
f 815/1183/1891 1689/1942/1891 806/1943/1892
s 3
f 1689/1944/1893 801/1167/1107 806/1169/1109
f 908/450/422 1689/1945/1894 1687/392/369
f 910/1946/1150 1688/1947/445 1689/1944/1893
s 4
f 982/557/516 1692/1948/1895 985/1949/1896
f 985/1949/1896 1693/1950/1897 984/1951/1898
f 984/1951/1899 1694/1952/1900 983/1953/1901
f 1694/1954/1900 981/711/657 983/1955/1901
f 1690/556/515 968/1956/1902 1692/1948/1895
f 1692/1948/1895 969/1957/1903 1693/1950/1897
f 1693/1950/1904 970/1958/1905 1694/1952/1900
f 970/1959/1905 1691/673/620 1694/1954/1900
f 1695/593/550 990/1960/1906 987/540/501
f 1697/1961/1907 989/1962/1908 990/1960/1906
f 1698/1963/1909 988/1964/1910 989/1962/1911
f 988/1965/1910 1696/651/603 986/553/512
f 971/722/668 1697/1961/1907 1695/593/550
f 973/1966/1912 1698/1963/1913 1697/1961/1907
f 974/1967/1914 1699/1968/1915 1698/1963/1909
f 1699/1969/1915 972/550/509 1696/651/603
f 1700/663/612 965/1970/1916 962/510/472
f 1702/1971/1917 964/1972/1918 965/1970/1916
f 1703/1973/1919 963/1974/1920 964/1972/1921
f 963/1975/1920 1701/536/498 961/548/507
f 982/557/516 1702/1971/1917 1700/663/612
f 985/1949/1896 1703/1973/1922 1702/1971/1917
f 984/1951/1899 1704/1976/1923 1703/1973/1919
f 1704/1977/1923 981/711/657 1701/536/498
f 977/692/638 1707/1978/1924 980/1979/1925
f 980/1979/1925 1708/1980/1926 979/1981/1927
f 979/1981/1928 1709/1982/1929 978/1983/1930
f 1709/1984/1929 976/542/502 978/1985/1930
f 1705/558/517 990/1960/1906 1707/1978/1924
f 1707/1978/1924 989/1962/1908 1708/1980/1926
f 1708/1980/1931 988/1964/1910 1709/1982/1929
f 988/1965/1910 1706/555/514 1709/1984/1929
f 992/693/639 1712/1986/1932 995/1987/1933
f 995/1987/1933 1713/1988/1934 994/1989/1935
f 994/1990/1936 1714/1991/1937 993/1992/1938
f 1714/1991/1937 991/561/519 993/1992/1938
f 1710/687/633 980/1979/1925 1712/1986/1932
f 1712/1986/1932 979/1981/1927 1713/1988/1934
f 1713/1993/1939 978/1985/1930 1714/1991/1937
f 978/1985/1930 1711/544/504 1714/1991/1937
f 966/547/506 1717/1994/1940 968/1956/1902
f 968/1956/1902 1718/1995/1941 969/1957/1903
f 969/1957/1942 1719/1996/1943 970/1958/1905
f 1719/1997/1943 967/567/525 970/1959/1905
f 1715/546/505 998/1998/1944 1717/1994/1940
f 1717/1994/1940 999/1999/1945 1718/1995/1941
f 1718/1995/1946 1000/2000/1947 1719/1996/1943
f 1000/2001/1947 1716/565/523 1719/1997/1943
f 996/576/533 1722/2002/1948 998/1998/1944
f 998/1998/1944 1723/2003/1949 999/1999/1945
f 999/1999/1950 1724/2004/1951 1000/2000/1947
f 1724/2005/1951 997/564/522 1000/2001/1947
f 1720/585/542 1008/2006/1952 1722/2002/1948
f 1722/2002/1948 1009/2007/1953 1723/2003/1949
f 1723/2003/1954 1010/2008/1955 1724/2004/1951
f 1010/2009/1955 1721/562/520 1724/2005/1951
f 1002/723/669 1727/2010/1956 1005/2011/1957
f 1005/2011/1957 1728/2012/1958 1004/2013/1959
f 1004/2014/1960 1729/2015/1961 1003/2016/1962
f 1003/2016/1962 1726/569/527 1001/571/529
f 1725/716/662 995/1987/1933 1727/2010/1956
f 1727/2010/1956 994/1989/1935 1728/2012/1958
f 1728/2017/1963 993/1992/1938 1729/2015/1961
f 993/1992/1938 1726/569/527 1729/2015/1961
f 1730/701/647 1042/1273/1221 1031/699/645
f 1732/2018/1964 1043/2019/1965 1042/1273/1221
f 1733/2020/1966 1034/2021/1208 1043/2019/1211
f 1734/2022/1967 1029/715/661 1034/1259/1208
f 1012/1248/1196 1732/2018/1964 1730/701/647
f 1022/1247/1195 1733/2020/1966 1732/2018/1964
f 1015/1251/1199 1734/2023/1967 1733/2020/1966
f 1014/1241/1189 1731/2024/614 1734/2023/1967
f 1006/584/541 1737/2025/1968 1008/2006/1952
f 1008/2006/1952 1738/2026/1969 1009/2007/1953
f 1009/2007/1970 1739/2027/1971 1010/2008/1955
f 1010/2009/1955 1736/572/530 1007/574/532
f 1735/686/632 1044/1272/1220 1737/2025/1968
f 1737/2025/1972 1038/1276/1224 1738/2026/1969
f 1738/2026/1973 1037/2028/1214 1739/2027/1971
f 1739/2029/1971 1030/581/538 1736/572/530
f 1012/1248/1196 1742/2030/1974 1020/1246/1194
f 1020/1246/1194 1743/2031/1975 1021/1249/1197
f 1021/1257/1197 1744/2032/1976 1026/1254/1202
f 1026/1254/1202 1741/578/535 1013/580/537
f 1740/700/646 1005/2011/1957 1742/2030/1974
f 1742/2030/1974 1004/2013/1959 1743/2031/1975
f 1743/2033/1975 1003/2016/1962 1744/2032/1976
f 1744/2032/1976 1001/571/529 1741/578/535
f 1745/601/558 973/1966/1912 971/722/668
f 1747/2034/1977 974/1967/1978 973/1966/1912
f 1748/2035/1979 975/2036/1980 974/1967/1914
f 975/2037/1980 1746/696/642 972/550/509
f 1052/662/611 1747/2034/1977 1745/601/558
f 1054/2038/1981 1748/2035/1982 1747/2034/1977
f 1055/2039/1983 1749/2040/1984 1748/2035/1979
f 1749/2041/1984 1053/590/547 1746/696/642
f 1750/508/470 1051/2042/1985 1048/708/654
f 1752/2043/1986 1050/2044/1987 1051/2042/1985
f 1753/2045/1988 1049/2046/1989 1050/2044/1990
f 1049/2047/1989 1751/586/543 1047/588/545
f 962/510/472 1752/2043/1986 1750/508/470
f 965/1970/1916 1753/2045/1991 1752/2043/1986
f 964/1972/1921 1754/2048/1992 1753/2045/1988
f 1754/2049/1992 961/548/507 1751/586/543
f 1064/1292/1244 1757/2050/1993 1075/1290/1242
f 1075/1290/1242 1758/2051/1994 1076/1283/1231
f 1076/1283/1231 1759/2052/1995 1066/1279/1227
f 1066/1279/1227 1756/652/604 1062/707/653
f 1755/677/623 1059/2053/1996 1757/2050/1993
f 1757/2050/1993 1060/2054/1997 1758/2051/1994
f 1758/2051/1994 1061/2055/1998 1759/2052/1995
f 1759/2052/1995 1058/2056/553 1756/652/604
f 1760/678/624 1054/2038/1981 1052/662/611
f 1762/2057/1999 1055/2039/2000 1054/2038/1981
f 1763/2058/2001 1056/2059/2002 1055/2039/1983
f 1764/2060/2003 1053/590/547 1056/2061/2002
f 1064/1292/1244 1762/2057/1999 1760/678/624
f 1077/1291/1243 1763/2058/2004 1762/2057/1999
f 1071/1294/2005 1764/2062/2003 1763/2058/2001
f 1070/2063/1236 1761/598/555 1764/2060/2003
f 1765/680/626 1059/2053/1996 1057/679/625
f 1767/2064/2006 1060/2054/1997 1059/2053/1996
f 1768/2065/2007 1061/2055/1998 1060/2054/1997
f 1061/2066/1998 1766/594/551 1058/596/553
f 1048/708/654 1767/2064/2006 1765/680/626
f 1051/2042/1985 1768/2065/2008 1767/2064/2006
f 1050/2044/1990 1769/2067/2009 1768/2065/2007
f 1049/2047/1989 1766/594/551 1769/2068/2009
f 1770/676/622 1104/2069/2010 1101/603/559
f 1772/2070/2011 1103/2071/2012 1104/2069/2010
f 1773/2072/2013 1102/2073/2014 1103/2071/2012
f 1774/2074/2015 1100/721/667 1102/2073/2014
f 1085/623/578 1772/2070/2011 1770/676/622
f 1087/2075/2016 1773/2072/2013 1772/2070/2011
f 1088/2076/2017 1774/2074/2015 1773/2072/2013
f 1089/2077/2018 1771/720/666 1774/2074/2015
f 1106/617/572 1777/2078/2019 1109/2079/2020
f 1109/2079/2020 1778/2080/2021 1108/2081/2022
f 1108/2081/2022 1779/2082/2023 1107/2083/2024
f 1107/2083/2024 1776/657/607 1105/660/610
f 1775/616/571 1092/2084/2025 1777/2078/2019
f 1777/2078/2019 1093/2085/2026 1778/2080/2021
f 1778/2080/2021 1094/2086/2027 1779/2082/2023
f 1779/2082/2023 1091/658/608 1776/657/607
f 1081/613/568 1782/2087/2028 1084/2088/2029
f 1084/2088/2029 1783/2089/2030 1083/2090/2031
f 1083/2090/2031 1784/2091/2032 1082/2092/2033
f 1082/2092/2033 1781/674/621 1080/638/593
f 1780/604/560 1104/2069/2010 1782/2087/2028
f 1782/2087/2028 1103/2071/2012 1783/2089/2030
f 1783/2089/2030 1102/2073/2014 1784/2091/2032
f 1784/2091/2032 1100/721/667 1781/674/621
f 1785/618/573 1099/2093/2034 1096/659/609
f 1787/2094/2035 1098/2095/2036 1099/2093/2034
f 1788/2096/2037 1097/2097/2038 1098/2095/2036
f 1789/2098/2039 1095/712/658 1097/2097/2038
f 1106/617/572 1787/2094/2035 1785/618/573
f 1109/2079/2020 1788/2096/2037 1787/2094/2035
f 1108/2081/2022 1789/2098/2039 1788/2096/2037
f 1107/2083/2024 1786/695/641 1789/2098/2039
f 1790/609/564 1114/2099/2040 1111/689/635
f 1792/2100/2041 1113/2101/2042 1114/2099/2040
f 1793/2102/2043 1112/2103/2044 1113/2101/2042
f 1794/2104/2045 1110/610/565 1112/2103/2044
f 1096/659/609 1792/2100/2041 1790/609/564
f 1099/2093/2034 1793/2102/2043 1792/2100/2041
f 1098/2095/2036 1794/2104/2045 1793/2102/2043
f 1097/2097/2038 1791/626/581 1794/2104/2045
f 1795/624/579 1087/2075/2016 1085/623/578
f 1797/2105/2046 1088/2076/2017 1087/2075/2016
f 1798/2106/2047 1089/2077/2018 1088/2076/2017
f 1799/2107/2048 1086/719/665 1089/2077/2018
f 1115/629/584 1797/2105/2046 1795/624/579
f 1117/2108/2049 1798/2106/2047 1797/2105/2046
f 1118/2109/2050 1799/2107/2048 1798/2106/2047
f 1119/2110/2051 1796/606/562 1799/2107/2048
f 1800/630/585 1117/2108/2049 1115/629/584
f 1802/2111/2052 1118/2109/2050 1117/2108/2049
f 1803/2112/2053 1119/2110/2051 1118/2109/2050
f 1804/2113/2054 1116/672/619 1119/2110/2051
f 1125/634/589 1802/2111/2052 1800/630/585
f 1127/2114/2055 1803/2112/2053 1802/2111/2052
f 1128/2115/2056 1804/2113/2054 1803/2112/2053
f 1129/2116/2057 1801/713/659 1804/2113/2054
f 1805/625/580 1124/2117/2058 1121/717/663
f 1807/2118/2059 1123/2119/2060 1124/2117/2058
f 1808/2120/2061 1122/2121/2062 1123/2119/2060
f 1809/2122/2063 1120/633/588 1122/2121/2062
f 1111/689/635 1807/2118/2059 1805/625/580
f 1114/2099/2040 1808/2120/2061 1807/2118/2059
f 1113/2101/2042 1809/2122/2063 1808/2120/2061
f 1112/2103/2044 1806/612/567 1809/2122/2063
f 1147/718/664 1812/2123/2064 1150/1310/1266
f 1150/1310/1266 1813/2124/2065 1151/1312/1268
f 1151/1312/1268 1814/2125/2066 1158/1318/1274
f 1158/1318/1274 1811/703/649 1148/705/651
f 1810/671/618 1133/1296/1249 1812/2123/2064
f 1812/2123/2064 1143/1300/1253 1813/2124/2065
f 1813/2124/2065 1142/1306/1261 1814/2125/2066
f 1814/2125/2066 1132/704/650 1811/703/649
f 1815/636/591 1127/2114/2055 1125/634/589
f 1817/2126/2067 1128/2115/2056 1127/2114/2055
f 1818/2127/2068 1129/2116/2057 1128/2115/2056
f 1819/2128/2069 1126/710/656 1129/2116/2057
f 1149/1324/1280 1817/2126/2067 1815/636/591
f 1163/1323/1279 1818/2127/2068 1817/2126/2067
f 1157/1326/1282 1819/2128/2069 1818/2127/2068
f 1156/1317/1273 1816/690/636 1819/2128/2069
f 1820/631/586 1137/1304/1257 1131/637/592
f 1822/2129/2070 1138/1309/1264 1137/1304/1257
f 1823/2130/2071 1144/1307/1262 1138/1309/1264
f 1824/2131/2072 1132/704/650 1144/1307/1262
f 1121/717/663 1822/2129/2070 1820/631/586
f 1124/2117/2058 1823/2130/2071 1822/2129/2070
f 1123/2119/2060 1824/2131/2072 1823/2130/2071
f 1122/2121/2062 1821/702/648 1824/2131/2072
f 1090/620/575 1827/2132/2073 1092/2084/2025
f 1092/2084/2025 1828/2133/2074 1093/2085/2026
f 1093/2085/2026 1829/2134/2075 1094/2086/2027
f 1094/2086/2027 1826/697/643 1091/658/608
f 1825/641/594 1173/2135/2076 1827/2132/2073
f 1827/2132/2073 1174/2136/2077 1828/2133/2074
f 1828/2133/2074 1175/2137/2078 1829/2134/2075
f 1829/2134/2075 1172/664/613 1826/697/643
f 1167/643/596 1832/2138/2079 1170/2139/2080
f 1170/2139/2080 1833/2140/2081 1169/2141/2082
f 1169/2141/2082 1834/2142/2083 1168/2143/2084
f 1168/2143/2084 1831/647/599 1166/646/598
f 1830/614/569 1084/2088/2029 1832/2138/2079
f 1832/2138/2079 1083/2090/2031 1833/2140/2081
f 1833/2140/2081 1082/2092/2033 1834/2142/2083
f 1834/2142/2083 1080/638/593 1831/647/599
f 1835/656/606 1184/1329/1285 1181/709/655
f 1837/2144/2085 1185/2145/1294 1184/1329/1285
f 1838/2146/2086 1192/1334/1290 1185/1338/1294
f 1839/2147/2087 1182/1335/1291 1192/1334/1290
f 1176/655/602 1837/2144/2085 1835/656/606
f 1178/2148/2088 1838/2146/2086 1837/2149/2085
f 1179/2150/2089 1839/2147/2087 1838/2146/2086
f 1180/2151/2090 1836/684/630 1839/2147/2087
f 1171/642/595 1842/2152/2091 1173/2135/2076
f 1173/2135/2076 1843/2153/2092 1174/2136/2077
f 1174/2136/2077 1844/2154/2093 1175/2137/2078
f 1175/2137/2078 1841/683/629 1172/664/613
f 1840/648/600 1195/1342/1298 1842/2152/2091
f 1842/2152/2091 1191/1336/1292 1843/2153/2092
f 1843/2153/2092 1190/1333/1289 1844/2154/2093
f 1844/2154/2093 1182/1335/1291 1841/683/629
f 1176/650/602 1847/2155/2094 1178/2148/2088
f 1178/2148/2088 1848/2156/2095 1179/2150/2089
f 1179/2150/2089 1849/2157/2096 1180/2151/2090
f 1180/2151/2090 1846/682/628 1177/681/627
f 1845/644/597 1170/2139/2080 1847/2155/2094
f 1847/2155/2094 1169/2141/2082 1848/2156/2095
f 1848/2156/2095 1168/2143/2084 1849/2157/2096
f 1849/2157/2096 1166/646/598 1846/682/628
f 1183/649/601 1852/2158/2097 1186/2159/1299
f 1186/1328/1284 1851/706/652 1181/709/655
f 1850/599/556 1072/2160/2098 1852/2158/2097
s 34
f 1852/2158/2099 1072/2160/2099 1065/2161/2099
s 4
f 1852/2162/2100 1062/707/653 1851/706/652
f 1853/579/536 1025/2163/1203 1013/580/537
s 35
f 1025/2163/2101 1855/2164/2102 1856/2165/2103
f 1025/1244/2101 1856/2166/2103 1016/1240/2104
s 4
f 1856/2167/2105 1011/2168/1186 1016/2169/1188
f 1131/637/592 1855/2164/2106 1853/579/536
s 35
f 1855/2164/2102 1139/1297/2107 1856/2165/2103
s 4
f 1139/2170/1250 1854/668/615 1856/2167/2105
f 1149/1324/1280 1859/2171/2108 1161/1322/1278
f 1161/1322/1278 1860/2172/2109 1162/1314/1270
f 1162/1314/1270 1861/2173/2110 1152/1311/1267
f 1152/1311/1267 1858/714/660 1147/718/664
f 1857/635/590 1039/1266/1215 1859/2171/2108
f 1859/2171/2108 1033/1260/1209 1860/2172/2109
f 1860/2172/2109 1032/1258/1207 1861/2173/2110
f 1861/2173/2110 1029/715/661 1858/714/660
s 19
f 527/945/872 523/944/867 1862/940/2111
s 36
f 501/1629/2112 502/2174/2112 1865/1627/2113
s 2
f 446/1624/1565 445/847/2114 447/2175/1577
f 524/1642/1587 525/2176/1591 1866/1643/2115
f 200/954/882 528/250/233 533/1601/884
f 540/960/880 200/954/882 535/2177/890
f 470/196/180 1436/342/324 128/197/181
f 719/204/188 1477/330/312 129/205/189
f 496/207/191 31/233/217 125/208/192
f 136/212/196 1499/273/256 682/213/197
f 1472/206/190 129/205/189 1482/215/199
f 440/220/204 1411/299/281 133/221/205
f 133/221/205 1517/300/282 646/226/210
f 30/230/214 125/208/192 1393/231/215
f 31/233/217 529/301/283 1393/231/215
f 32/240/224 560/303/285 1376/241/225
f 33/198/182 128/197/181 1382/243/226
f 528/250/233 1388/290/273 119/251/234
f 29/253/236 123/278/261 1375/254/237
f 470/196/180 33/198/182 126/256/239
f 33/198/182 541/244/227 1371/262/245
f 482/263/246 1416/272/255 136/212/196
f 441/265/248 1496/312/294 117/266/249
f 34/268/251 579/269/252 1382/243/226
f 34/268/251 127/242/189 1376/241/225
f 1422/267/250 117/266/249 1500/270/253
f 1416/272/255 495/909/1566 1499/273/256
f 442/277/260 30/230/214 123/278/261
f 506/280/263 1426/257/240 126/256/239
f 505/294/277 1504/332/314 116/295/7
f 29/253/236 559/255/238 1383/297/279
f 30/230/214 577/232/216 1375/254/237
f 1411/299/281 480/892/831 1517/300/282
f 31/233/217 124/298/280 1383/297/279
f 1392/252/235 119/251/234 1380/289/272
f 32/240/224 126/256/239 1371/262/245
f 1496/312/294 666/1095/1026 1466/313/295
f 1516/264/247 136/212/196 1462/214/198
f 117/266/249 1466/313/295 683/315/297
f 442/277/260 1421/209/193 125/208/192
f 481/322/304 1412/279/262 123/278/261
f 648/323/305 1461/339/321 131/324/306
f 1456/325/307 131/324/306 1467/326/308
f 506/280/263 32/240/224 127/242/189
f 521/329/311 1431/328/310 127/242/189
f 1482/215/199 129/205/189 1477/330/312
f 1504/332/314 717/1134/1074 1471/333/315
f 481/322/304 29/253/236 124/298/280
f 496/207/191 1417/338/320 124/298/280
f 1467/326/308 131/324/306 1461/339/321
f 1495/222/206 133/221/205 1457/227/211
f 521/329/311 34/268/251 128/197/181
f 1427/296/278 116/295/7 1509/343/325
f 116/295/7 1471/333/315 700/345/327
s 3
f 766/355/335 58/421/396 164/356/336
f 762/363/342 1580/507/469 152/364/343
f 776/366/345 49/428/402 159/367/346
f 1545/357/337 164/356/336 56/373/351
f 781/374/352 56/373/351 158/381/359
f 1560/382/360 158/381/359 57/383/361
f 791/384/362 57/383/361 165/390/367
f 1575/391/368 165/390/367 1687/392/369
f 44/418/393 863/531/493 1630/419/394
f 58/421/396 873/470/439 1624/422/397
f 887/423/398 42/440/393 148/424/395
f 49/428/402 153/432/406 1609/429/403
f 49/428/402 883/430/404 1619/431/405
f 153/432/406 48/365/344 867/433/407
f 167/435/409 1629/437/411 862/436/410
f 56/373/351 888/500/463 1639/438/412
f 1625/439/413 147/420/395 42/440/393
f 57/383/361 898/529/491 1654/444/417
f 1640/425/399 148/424/395 45/445/395
f 163/395/372 1649/449/421 902/447/419
f 59/448/420 925/530/492 1649/449/421
f 165/390/367 1654/444/417 908/450/422
f 857/451/423 1615/485/451 146/452/393
f 48/365/344 152/364/343 1659/454/424
f 152/364/343 47/405/382 934/455/425
f 150/458/393 46/477/393 929/459/428
f 47/405/382 160/404/381 1674/461/430
f 160/404/381 1684/412/389 946/462/431
f 1530/464/433 762/363/342 48/365/344
f 41/453/393 146/452/393 1610/468/437
f 1540/368/347 159/367/346 58/421/396
f 159/367/346 1619/431/405 873/470/439
f 146/452/393 43/486/393 882/471/440
f 935/475/443 1675/494/459 151/476/393
f 147/420/395 1630/419/394 893/483/449
f 776/366/345 1530/464/433 153/432/406
f 1615/485/451 877/533/495 43/486/393
f 151/476/393 1670/495/460 940/492/457
f 1675/494/459 945/1230/1175 1670/495/460
f 164/356/336 1624/422/397 888/500/463
f 45/445/395 903/524/486 1650/501/464
f 145/505/393 1620/506/468 882/471/440
f 44/418/393 872/526/488 1620/506/468
f 1580/507/469 830/403/380 47/405/382
f 41/453/393 150/458/393 1665/460/429
f 1660/511/473 935/475/443 46/477/393
f 1655/516/478 149/502/465 1645/517/479
f 149/502/465 1650/501/464 924/519/481
f 797/387/365 52/386/364 155/441/414
f 46/477/393 151/476/393 1680/493/458
f 148/424/395 1635/527/489 903/524/486
f 872/526/488 44/418/393 147/420/395
f 42/440/393 893/483/449 1635/527/489
f 158/381/359 1639/438/412 898/529/491
f 161/480/446 1644/482/448 925/530/492
f 863/531/493 44/418/393 145/505/393
f 1605/532/494 145/505/393 43/486/393
f 897/446/418 45/445/395 149/502/465
f 868/469/438 1660/511/473 150/458/393
s 4
f 976/542/502 84/608/563 194/543/503
f 961/548/507 1701/536/498 186/538/500
f 972/550/509 1746/696/642 182/551/510
f 986/553/512 75/615/570 189/554/513
f 1711/544/504 194/543/503 82/560/518
f 991/561/519 82/560/518 188/568/526
f 1726/569/527 188/568/526 83/570/528
f 1001/571/529 83/570/528 195/577/534
f 1053/590/547 1761/598/555 190/591/548
f 186/538/500 80/537/499 1101/603/559
f 70/605/561 1086/719/665 1796/606/562
f 84/608/563 1096/659/609 1790/609/564
f 1110/610/565 68/627/582 178/611/566
f 184/587/544 76/549/508 1081/613/568
f 75/615/570 183/619/574 1775/616/571
f 75/615/570 1106/617/572 1785/618/573
f 183/619/574 74/552/511 1090/620/575
f 82/560/518 1111/689/635 1805/625/580
f 1791/626/581 177/607/561 68/627/582
f 83/570/528 1121/717/663 1820/631/586
f 1806/612/567 178/611/566 71/632/587
f 195/577/534 1820/631/586 1131/637/592
f 1080/638/593 1781/674/621 176/639/561
f 74/552/511 182/551/510 1825/641/594
f 182/551/510 73/592/549 1171/642/595
f 192/595/552 77/589/546 1167/643/596
f 180/645/561 72/666/561 1166/646/598
f 73/592/549 190/591/548 1840/648/600
f 190/591/548 1850/599/556 1183/649/601
f 81/597/554 192/595/552 1845/644/597
f 1696/651/603 972/550/509 74/552/511
f 67/640/561 176/639/561 1776/657/607
f 1706/555/514 189/554/513 84/608/563
f 189/554/513 1785/618/573 1096/659/609
f 176/639/561 69/675/561 1105/660/610
f 76/549/508 186/538/500 1780/604/560
f 1172/664/613 1841/683/629 181/665/561
f 177/607/561 1796/606/562 1116/672/619
f 967/567/525 85/566/524 196/621/576
f 986/553/512 1696/651/603 183/619/574
f 1781/674/621 1100/721/667 69/675/561
f 85/566/524 1085/623/578 1770/676/622
f 181/665/561 1836/684/630 1177/681/627
f 1841/683/629 1182/1335/1291 1836/684/630
f 194/543/503 1790/609/564 1111/689/635
f 71/632/587 1126/710/656 1816/690/636
f 175/694/640 1786/695/641 1105/660/610
f 70/605/561 1095/712/658 1786/695/641
f 1746/696/642 1053/590/547 73/592/549
f 67/640/561 180/645/561 1831/647/599
f 1826/697/643 1172/664/613 72/666/561
f 1821/702/648 179/691/637 1811/703/649
f 179/691/637 1816/690/636 1148/705/651
f 77/589/546 184/587/544 1830/614/569
f 72/666/561 181/665/561 1846/682/628
f 178/611/566 1801/713/659 1126/710/656
f 1691/673/620 196/621/576 80/537/499
f 1095/712/658 70/605/561 177/607/561
f 68/627/582 1116/672/619 1801/713/659
f 188/568/526 1805/625/580 1121/717/663
f 1086/719/665 70/605/561 175/694/640
f 1771/720/666 175/694/640 69/675/561
f 1120/633/588 71/632/587 179/691/637
f 1091/658/608 1826/697/643 180/645/561
s 2
f 1373/1581/1522 1374/1582/1523 545/968/892
f 572/1000/927 560/303/285 1371/262/245
f 1375/254/237 1377/1583/1524 567/993/920
f 568/995/922 1378/1585/1526 1379/1584/1525
f 574/999/926 1379/1584/1525 1376/241/225
f 582/1003/930 590/1006/933 1378/1585/1526
f 590/1006/933 589/1017/947 1379/1584/1525
f 1379/1584/1525 589/1017/947 579/269/252
f 1381/1587/1527 1382/1590/1529 591/1588/1528
f 1381/1587/1527 550/2178/899 544/969/903
f 536/961/886 1385/1591/1531 1386/1592/1532
f 1387/1593/1533 1384/275/258 199/281/264
f 562/988/915 561/986/913 1387/1593/1533
f 1392/252/235 1394/1605/1538 533/1601/884
f 1394/1602/1538 1395/1606/1541 534/964/1539
f 1395/1603/1540 1393/231/215 529/301/283
f 1392/252/235 578/302/284 586/1604/937
f 1394/1602/1538 586/1011/937 581/1004/941
f 1395/1603/1540 580/1002/929 577/232/216
f 480/892/831 1411/299/281 1413/1621/1560
f 484/902/832 1414/1622/1561 1415/1623/1562
f 440/220/204 444/844/2116 1413/1621/1560
f 445/847/1564 446/1624/1565 1415/1623/1562
f 495/909/1566 1416/272/255 1418/1625/1567
f 498/907/1568 1418/1625/1567 1419/1626/1569
f 1865/1627/1570 1419/1626/1569 1420/1628/1571
f 501/1629/1572 1420/1628/1571 1417/338/320
f 482/263/246 493/904/840 1418/1625/1567
f 488/898/836 489/900/838 1420/1628/1571
f 1424/1632/1575 1425/1633/1576 504/913/849
f 1421/209/193 442/277/260 446/1634/1565
f 1424/1632/1575 447/850/1577 444/851/1578
f 1425/1633/1576 444/851/2117 441/265/248
f 1426/257/240 1428/1635/1580 476/888/1579
f 479/2179/824 476/888/1579 477/1637/820
f 476/888/1579 1428/1635/1580 477/1637/820
f 1429/1636/1581 1430/1638/1582 472/876/817
f 1426/257/240 506/280/263 513/930/1583
f 1429/1636/1581 509/931/856 508/920/854
f 1430/1638/1582 508/920/854 505/294/277
f 1436/342/324 1438/1645/1590 524/1644/1587
f 1440/1647/1594 1437/286/269 522/292/275
f 1458/1661/1606 1459/1662/1607 660/1069/1002
f 1459/1662/1607 1460/1663/1608 651/1066/999
f 665/1090/309 675/1089/1020 1458/1661/1606
f 667/1084/1015 664/341/323 1457/227/211
f 686/1100/1035 1465/1666/1611 1462/214/198
f 1463/1664/1609 661/1078/1011 655/1074/1007
f 1464/1665/1610 655/1074/1007 654/1072/1005
f 1465/1666/1611 654/1072/1005 647/314/296
f 1471/333/315 1473/1672/1615 703/1117/1052
f 1475/1674/1617 1472/1675/190 701/1124/200
f 722/1133/1073 731/1137/1077 1474/1673/1616
f 731/1137/1077 730/1146/1085 1475/1674/1617
f 730/1146/1085 719/1148/188 1472/1675/190
s 3
f 865/1853/1802 866/1854/1803 1608/1851/1800
f 876/1870/1819 875/1872/1821 1627/1879/1828
f 1636/1888/1837 1637/1889/1838 895/1886/1835
f 927/1903/1852 1647/1902/1851 1648/1904/1853
f 1652/1907/1856 1653/1908/1857 906/1893/1842
f 1658/1911/1860 1655/516/478 909/518/480
f 900/1896/1845 899/1898/1847 1658/1911/1860
f 1659/454/424 934/455/425 936/1915/1864
f 1662/1913/1862 937/1916/1865 938/1917/1866
f 932/1921/1870 1667/1920/1869 1668/1922/1871
f 938/1917/1866 1678/1932/1881 1675/494/459
f 1676/1930/1879 958/1236/1182 953/1231/1176
s 4
f 1772/2070/2011 1773/2072/2013 1103/2071/2012
f 1775/616/571 1090/620/575 1092/2084/2025
f 1785/618/573 1787/2094/2035 1099/2093/2034
f 1788/2096/2037 1789/2098/2039 1097/2097/2038
f 1108/2081/2022 1107/2083/2024 1789/2098/2039
f 1790/609/564 1792/2100/2041 1114/2099/2040
f 1793/2102/2043 1794/2104/2045 1112/2103/2044
f 1098/2095/2036 1097/2097/2038 1794/2104/2045
f 1809/2122/2063 1806/612/567 1120/633/588
f 1822/2129/2070 1823/2130/2071 1138/1309/1264
f 1823/2130/2071 1824/2131/2072 1144/1307/1262
f 1121/717/663 1124/2117/2058 1822/2129/2070
f 1124/2117/2058 1123/2119/2060 1823/2130/2071
f 1090/620/575 1825/641/594 1827/2132/2073
f 1828/2133/2074 1174/2136/2077 1175/2137/2078
f 1180/2151/2090 1177/681/627 1836/684/630
f 1173/2135/2076 1842/2152/2091 1843/2153/2092
s 1
f 1258/1/1 91/70/66 1/2/2
f 1209/4/4 222/183/169 20/5/5
f 87/7/7 1203/61/57 228/8/8
f 217/10/9 23/76/71 112/11/10
f 4/13/12 88/43/7 1223/14/13
f 202/16/15 1209/4/4 104/6/6
f 213/18/17 1254/163/151 100/19/18
f 227/21/20 15/83/77 107/22/21
f 3/9/7 86/27/7 1198/24/23
f 1213/26/25 218/159/148 4/13/12
f 1219/12/11 112/11/10 21/28/26
f 1229/30/28 103/96/89 19/31/29
f 1224/33/31 115/90/84 25/34/32
f 232/29/27 21/28/26 106/36/34
f 1234/37/35 106/36/34 22/38/36
f 1244/40/38 111/50/47 18/41/39
f 88/43/7 2/155/7 237/44/41
f 242/39/37 22/38/36 113/45/42
f 1249/46/43 113/45/42 1367/47/44
f 270/49/46 24/103/95 111/50/47
f 89/51/7 5/152/7 247/52/48
f 1259/54/50 202/16/15 16/17/16
f 275/56/52 1259/54/50 102/55/51
f 281/58/54 1269/66/62 108/59/55
f 1/2/2 212/194/178 1203/61/57
f 1274/62/58 275/56/52 17/57/53
f 287/64/60 1274/62/58 110/63/59
f 1269/66/62 304/774/717 1364/67/63
f 6/68/64 280/129/120 1253/69/65
f 104/6/6 20/5/5 342/71/67
f 10/73/69 327/191/175 1304/74/70
f 23/76/71 337/126/117 1298/77/72
f 351/78/73 8/95/69 96/79/69
f 102/55/51 16/17/16 322/81/75
f 15/83/77 101/87/81 1283/84/78
f 15/83/77 347/85/79 1293/86/80
f 101/87/81 14/20/19 331/88/82
f 114/89/83 1278/143/134 342/71/67
f 115/90/84 1303/92/86 326/91/85
f 19/31/29 356/97/90 1303/92/86
f 21/28/26 352/156/145 1313/93/87
f 1299/94/88 95/75/69 8/95/69
f 103/96/89 1308/98/91 356/97/90
f 18/41/39 366/102/94 1308/98/91
f 22/38/36 362/189/173 1328/99/92
f 1314/80/74 96/79/69 11/100/69
f 111/50/47 1323/104/96 366/102/94
f 24/103/95 389/1532/174 1323/104/96
f 113/45/42 1328/99/92 372/105/97
f 321/106/98 1289/141/132 94/107/69
f 14/20/19 100/19/18 1333/109/100
f 100/19/18 13/60/56 398/110/101
f 110/63/59 17/57/53 394/111/102
f 98/113/104 12/133/124 393/114/105
f 13/60/56 108/59/55 1348/116/107
f 108/59/55 1364/67/63 410/117/108
f 403/118/109 1360/123/114 1359/65/61
f 1359/65/61 110/63/59 1353/112/103
f 1204/119/110 213/18/17 14/20/19
f 1264/120/111 285/747/693 1358/121/112
f 1343/1554/1499 105/122/113 403/118/109
f 105/122/113 1358/121/112 403/118/109
f 7/108/99 94/107/69 1284/124/115
f 228/8/8 1213/26/25 86/27/7
f 1214/23/22 107/22/21 23/76/71
f 107/22/21 1293/86/80 337/126/117
f 94/107/69 9/142/133 346/127/118
f 92/128/119 1268/145/136 280/129/120
f 203/3/3 1/2/2 87/7/7
f 16/17/16 104/6/6 1288/72/68
f 399/131/122 1349/150/141 99/132/123
f 238/32/30 19/31/29 115/90/84
f 1239/134/125 252/724/670 1368/135/126
f 109/136/127 1368/135/126 371/137/128
f 95/75/69 1304/74/70 357/139/130
f 208/35/33 25/34/32 114/89/83
f 227/21/20 1204/119/110 101/87/81
f 1289/141/132 341/193/177 9/142/133
f 25/34/32 326/91/85 1278/143/134
f 1263/144/135 305/784/728 1268/145/136
f 286/146/137 1263/144/135 92/128/119
f 99/132/123 1344/151/142 404/148/139
f 1349/150/141 409/817/759 1344/151/142
f 5/152/7 90/168/156 1243/153/143
f 1218/154/144 233/160/149 2/155/7
f 112/11/10 1298/77/72 352/156/145
f 11/100/69 367/182/168 1324/157/146
f 218/159/148 1218/154/144 88/43/7
f 233/160/149 1233/188/172 89/51/7
f 93/161/69 1294/162/150 346/127/118
f 10/73/69 336/184/170 1294/162/150
f 1254/163/151 281/58/54 13/60/56
f 7/108/99 98/113/104 1339/115/106
s 2
f 425/164/152 1396/210/194 135/165/153
s 1
f 1334/167/155 399/131/122 12/133/124
f 90/168/156 1238/171/159 271/169/157
f 1248/170/158 253/733/679 1238/171/159
f 1329/172/160 97/158/147 1319/173/161
f 97/158/147 1324/157/146 388/175/163
f 1264/176/111 105/180/113 1365/177/164
f 276/179/166 6/68/64 91/70/66
f 17/57/53 102/55/51 1338/82/76
f 105/180/113 1343/2180/1499 408/181/167
f 248/42/40 18/41/39 103/96/89
f 1273/147/138 92/128/119 6/68/64
f 12/133/124 99/132/123 1354/149/140
f 96/79/69 1309/185/171 367/182/168
f 2/155/7 89/51/7 1228/53/49
f 1199/140/131 114/89/83 20/5/5
f 336/184/170 10/73/69 95/75/69
f 8/95/69 357/139/130 1309/185/171
f 1239/134/125 109/136/127 24/186/95
f 1233/188/172 243/195/179 5/152/7
f 106/36/34 1313/93/87 362/189/173
f 109/136/127 1318/138/129 389/190/174
f 1208/130/121 87/7/7 3/9/7
f 86/27/7 4/13/12 207/15/14
f 327/191/175 10/73/69 93/161/69
f 1279/192/176 93/161/69 9/142/133
f 91/70/66 1253/69/65 212/194/178
f 243/195/179 1248/170/158 90/168/156
f 361/101/93 11/100/69 97/158/147
f 332/125/116 1334/167/155 98/113/104
s 2
f 520/199/183 1522/1717/1676 134/200/184
f 134/200/184 1522/1717/1676 735/202/186
f 1396/210/194 448/852/792 1512/211/195
f 461/217/201 1406/317/299 122/218/202
f 1447/223/207 130/337/319 1452/224/208
f 26/228/212 543/261/244 1389/229/213
f 1407/234/218 132/249/232 1513/235/219
f 1402/237/221 426/837/779 1487/238/222
f 427/245/228 27/274/257 120/246/229
f 460/248/231 1491/310/292 132/249/232
f 461/217/201 28/219/203 121/258/241
f 26/228/212 120/246/229 1370/260/243
f 27/274/257 121/258/241 1384/275/258
f 28/219/203 199/281/264 1384/275/258
f 28/219/203 122/218/202 1389/229/213
f 135/165/153 1512/211/195 594/282/265
f 507/284/267 1432/201/185 134/200/184
f 1437/286/269 469/882/821 1508/287/270
f 1380/289/272 119/251/234 1388/290/273
f 27/274/257 558/276/259 1370/260/243
f 522/292/275 1437/286/269 137/288/271
f 1503/285/268 134/200/184 1476/203/187
f 1521/293/276 137/288/271 1481/305/287
f 137/288/271 1508/287/270 702/307/289
f 1487/238/222 614/1046/979 1446/308/290
f 132/249/232 1451/311/293 595/309/291
f 1491/310/292 630/1061/993 1451/311/293
f 449/316/298 26/228/212 122/218/202
f 459/318/300 1402/237/221 118/239/223
f 118/239/223 1446/308/290 628/320/302
f 1486/166/154 135/165/153 1442/283/266
f 427/245/228 1401/259/242 121/258/241
f 449/316/298 1397/247/230 120/246/229
f 1452/224/208 130/337/319 1441/334/316
f 613/336/318 1441/334/316 130/337/319
s 3
f 1584/346/328 143/415/329 35/347/329
f 1535/349/331 771/525/487 54/350/332
f 139/352/329 1529/406/383 777/353/334
f 38/358/329 140/388/329 1549/359/338
f 751/361/340 1535/349/331 156/351/333
f 37/354/329 138/372/329 1524/369/348
f 1539/371/350 767/503/466 38/358/329
f 1555/375/353 155/441/414 53/376/354
f 1550/378/356 167/435/409 60/379/357
f 1570/385/363 163/395/372 52/386/364
f 140/388/329 36/499/373 786/389/366
f 819/394/371 59/448/420 163/395/372
f 141/396/373 39/496/373 796/397/374
f 1585/399/376 751/361/340 50/362/341
f 824/401/378 1585/399/376 154/400/377
f 830/403/380 1595/411/388 160/404/381
f 35/347/329 761/534/496 1529/406/383
f 1600/407/384 824/401/378 51/402/379
f 835/409/386 1600/407/384 162/408/385
f 1595/411/388 840/1195/1135 1684/412/389
f 40/413/329 829/473/441 1579/414/390
f 156/351/333 54/350/332 878/416/391
f 154/400/377 50/362/341 858/426/400
f 166/434/408 1604/487/452 878/416/391
f 53/376/354 892/442/415 1629/437/411
f 155/441/414 1634/443/416 892/442/415
f 52/386/364 902/447/419 1634/443/416
f 162/408/385 51/402/379 930/456/426
f 55/410/387 162/408/385 1679/457/427
f 1590/465/434 835/409/386 55/410/387
f 157/466/435 55/410/387 939/463/432
f 777/353/334 1539/371/350 138/372/329
f 144/472/329 1594/489/454 829/473/441
f 752/348/330 35/347/329 139/352/329
f 50/362/341 156/351/333 1614/417/392
f 787/377/355 53/376/354 167/435/409
f 1565/478/444 801/2181/1107 1688/479/445
f 161/480/446 1688/479/445 907/481/447
f 757/380/358 60/379/357 166/434/408
f 60/379/357 862/436/410 1604/487/452
f 1589/488/453 841/1204/1144 1594/489/454
f 834/490/455 1589/488/453 144/472/329
f 39/496/373 142/512/474 1569/497/461
f 1544/498/462 782/504/467 36/499/373
f 767/503/466 1544/498/462 140/388/329
f 782/504/467 1559/528/490 141/396/373
s 4
f 1750/508/470 173/602/557 61/509/471
s 3
f 142/512/474 1564/515/477 820/513/475
f 1574/514/476 802/1176/1116 1564/515/477
f 1590/465/434 157/466/435 1685/520/482
f 825/522/484 40/413/329 143/415/329
f 51/402/379 154/400/377 1664/427/401
f 157/466/435 1669/467/436 944/523/485
f 1599/491/456 144/472/329 40/413/329
f 36/499/373 141/396/373 1554/398/375
f 1525/484/450 166/434/408 54/350/332
f 1565/478/444 161/480/446 59/448/420
f 1559/528/490 792/535/497 39/496/373
f 1534/474/442 139/352/329 37/354/329
f 138/372/329 38/358/329 756/360/339
f 143/415/329 1579/414/390 761/534/496
f 792/535/497 1574/514/476 142/512/474
s 4
f 1701/536/498 981/711/657 80/537/499
f 169/539/471 1695/593/550 987/540/501
f 64/545/471 170/575/471 1715/546/505
f 63/541/471 168/559/471 1690/556/515
f 1705/558/517 977/692/638 64/545/471
f 1721/562/520 185/628/583 79/563/521
f 1716/565/523 197/622/577 85/566/524
f 1736/572/530 193/582/539 78/573/531
f 170/575/471 62/688/634 996/576/533
f 1741/578/535 195/577/534 1853/579/536
f 1030/581/538 1857/635/590 193/582/539
f 171/583/540 65/685/631 1006/584/541
f 1751/586/543 961/548/507 76/549/508
f 1047/588/545 1751/586/543 184/587/544
f 61/509/471 971/722/668 1695/593/550
f 1766/594/551 1047/588/545 77/589/546
f 1058/596/553 1766/594/551 192/595/552
f 1761/598/555 1063/2182/1233 1850/599/556
f 66/600/557 1052/662/611 1745/601/558
f 196/621/576 1770/676/622 1101/603/559
f 197/622/577 1795/624/579 1085/623/578
f 79/563/521 1115/629/584 1795/624/579
f 185/628/583 1800/630/585 1115/629/584
f 78/573/531 1125/634/589 1800/630/585
f 193/582/539 1815/636/591 1125/634/589
f 1857/635/590 1149/1324/1280 1815/636/591
f 1756/652/604 1058/2056/553 81/653/554
f 187/654/605 81/653/554 1176/655/602
f 987/540/501 1705/558/517 168/559/471
f 174/661/471 1760/678/624 1052/662/611
f 962/510/472 61/509/471 169/539/471
f 997/564/522 79/563/521 197/622/577
f 1731/667/614 1011/2168/1186 1854/668/615
f 191/669/616 1854/668/615 1130/670/617
f 1755/677/623 1064/1292/1244 1760/678/624
f 1057/679/625 1755/677/623 174/661/471
f 65/685/631 172/698/644 1735/686/632
f 1710/687/633 992/693/639 62/688/634
f 977/692/638 1710/687/633 170/575/471
f 992/693/639 1725/716/662 171/583/540
f 172/698/644 1730/701/647 1031/699/645
f 1740/700/646 1012/1248/1196 1730/701/647
f 1756/652/604 187/654/605 1851/706/652
f 1048/708/654 66/600/557 173/602/557
f 187/654/605 1835/656/606 1181/709/655
f 1007/574/532 78/573/531 185/628/583
f 1765/680/626 174/661/471 66/600/557
f 62/688/634 171/583/540 1720/585/542
f 1731/667/614 191/669/616 1858/714/660
f 1725/716/662 1002/723/669 65/685/631
f 191/669/616 1810/671/618 1147/718/664
f 1700/663/612 169/539/471 63/541/471
f 168/559/471 64/545/471 966/547/506
f 173/602/557 1745/601/558 971/722/668
f 1002/723/669 1740/700/646 172/698/644
s 1
f 252/724/670 255/727/673 258/725/671
f 255/727/673 256/736/682 259/728/674
f 258/725/671 259/728/674 260/730/676
f 261/731/677 264/735/681 263/732/678
f 262/734/680 265/737/683 264/735/681
f 264/735/681 259/728/674 256/736/682
f 265/737/683 260/730/676 259/728/674
f 254/48/45 266/740/2118 268/738/684
f 266/740/686 257/1576/2119 269/741/687
f 267/739/685 268/738/684 265/742/688
f 268/744/684 269/729/687 260/730/690
f 288/745/691 291/751/695 290/746/692
f 289/748/694 292/759/697 291/749/695
f 291/751/695 293/754/698 300/752/696
f 286/146/137 294/757/701 297/755/699
f 294/757/701 295/1462/1417 298/758/702
f 296/756/700 297/755/699 292/759/703
f 297/755/699 298/758/702 293/760/704
f 299/761/705 302/763/707 301/762/706
f 300/752/696 293/754/698 302/763/707
f 302/763/707 298/766/709 295/764/708
f 303/178/165 306/2183/712 308/767/710
f 307/768/711 308/767/710 320/771/714
f 308/767/710 309/770/713 310/773/716
f 304/774/717 311/777/720 314/775/718
f 311/777/720 312/1460/1415 315/778/721
f 313/776/722 314/775/718 309/779/723
f 314/781/718 315/787/721 310/773/725
f 316/782/726 319/785/729 318/783/727
f 317/772/715 320/771/714 319/785/729
f 319/785/729 315/787/731 312/786/730
f 320/771/714 310/773/716 315/787/731
f 371/137/128 374/1579/734 376/788/732
f 375/789/733 376/788/732 387/792/736
f 376/788/732 377/791/735 378/794/738
f 372/105/97 379/797/741 381/795/739
f 379/797/741 380/806/749 382/798/742
f 381/795/739 382/798/742 378/800/744
f 383/801/746 386/805/748 385/802/747
f 384/793/737 387/792/750 386/803/748
f 386/805/748 382/798/742 380/806/749
f 387/792/750 378/794/744 382/807/742
f 408/808/167 411/811/753 414/809/751
f 411/811/753 412/822/762 415/812/754
f 414/809/751 415/812/754 416/814/756
f 417/815/757 420/821/761 419/816/758
f 418/818/760 421/2184/763 420/819/761
f 420/821/761 415/812/764 412/822/762
f 421/823/763 416/814/769 415/812/764
f 410/117/108 413/1572/767 423/824/765
f 422/825/766 423/824/765 421/823/763
f 423/824/765 424/813/2120 416/814/769
s 2
f 428/828/770 431/831/773 430/829/771
f 429/830/772 436/833/775 431/831/773
f 431/831/773 432/834/776 438/832/774
f 433/835/777 436/839/775 435/836/778
f 434/838/780 432/2185/776 436/839/775
f 438/832/774 432/834/776 439/840/781
f 439/840/781 432/2185/776 434/838/780
s 8
f 447/850/789 445/2186/2121 1863/846/790
s 9
f 454/855/795 455/1612/2122 456/856/796
s 2
f 457/857/800 452/1709/2123 451/859/793
f 472/879/817 474/878/818 473/880/819
s 15
f 476/888/826 479/2179/2124 478/889/827
s 2
f 483/890/829 486/894/833 485/891/830
f 488/898/836 487/906/835 490/899/837
f 491/903/839 494/905/841 493/904/840
f 492/896/834 486/895/833 494/905/841
f 494/905/841 487/906/835 488/898/836
s 16
f 498/907/842 504/911/2125 499/908/843
s 17
f 498/907/845 1865/916/852 500/910/846
s 2
f 508/920/854 511/923/857 510/921/855
f 511/923/857 519/926/860 517/924/858
f 511/923/857 509/922/856 512/925/859
f 514/928/862 512/925/859 509/922/856
f 516/932/864 519/934/860 518/933/865
s 22
f 1862/940/873 1866/939/2126 525/946/874
s 2
f 199/281/264 530/1600/878 198/947/876
f 532/948/877 198/947/876 540/952/880
f 533/956/884 534/964/1539 535/957/885
f 201/955/883 200/954/882 198/959/876
f 536/961/886 539/963/888 538/962/887
f 537/953/881 540/952/880 539/963/888
f 539/963/888 535/957/890 534/964/889
f 544/969/893 547/971/896 546/967/891
f 546/967/891 557/972/897 554/970/895
f 542/291/274 548/975/900 551/973/898
f 548/975/900 549/1595/1535 552/976/901
f 550/974/899 551/973/898 547/977/902
s 23
f 551/973/904 552/976/2127 557/979/905
s 2
f 553/980/907 556/982/909 555/981/908
f 554/970/895 557/972/911 556/982/909
f 556/982/909 552/985/912 549/983/910
f 561/986/913 564/989/916 563/987/914
f 562/988/915 565/997/924 564/989/916
f 564/989/916 576/992/919 573/990/917
f 564/989/916 565/997/924 566/991/918
f 567/993/920 570/996/923 569/994/921
f 568/995/922 571/1001/928 570/996/923
f 570/996/923 565/997/924 562/988/915
f 570/996/923 571/1001/928 566/991/918
f 560/303/285 572/1000/927 575/998/925
f 572/1000/927 573/990/917 576/992/919
f 575/998/925 571/1001/928 568/995/922
f 575/998/925 576/992/919 566/991/918
f 580/1002/929 583/1005/932 582/1003/930
f 581/1004/931 584/1007/934 583/1005/932
f 583/1005/932 593/1008/935 590/1006/933
f 578/1009/284 585/1012/938 587/1010/936
f 585/1012/938 591/1588/1528 588/1013/939
f 586/1011/937 587/1010/936 584/1007/940
s 24
f 587/1010/942 588/1013/2128 593/1014/943
s 2
f 579/269/252 589/1017/947 592/1015/945
f 589/1017/947 590/1006/933 593/1008/948
f 594/282/265 597/1706/952 599/1018/950
f 598/1019/951 599/1018/950 611/1022/954
f 599/1018/950 600/1021/953 601/1024/956
f 595/309/291 602/1027/959 605/1025/957
f 602/1027/959 603/1033/967 606/1028/960
f 604/1026/961 605/1025/957 600/1021/962
f 605/1025/957 606/1028/960 601/1024/956
f 607/1029/964 610/1032/966 609/1030/965
f 608/1023/955 611/1022/954 610/1032/966
f 610/1032/966 606/1028/960 603/1033/967
f 611/1022/954 601/1024/956 606/1028/960
f 615/1034/968 618/1037/971 617/1035/969
f 616/1036/970 619/2187/2129 618/1037/971
f 618/1037/971 619/2188/2129 625/1038/972
f 620/1039/973 623/1043/976 622/1040/974
f 621/1042/975 619/2189/2129 623/1043/976
f 623/1043/976 619/2187/2129 616/1036/970
f 624/1044/977 627/1047/980 626/1045/978
f 625/1038/972 619/2188/2129 627/1047/980
f 627/1047/980 619/2189/2129 621/1042/975
f 628/320/302 631/1050/983 634/1048/981
f 631/1050/983 632/1059/991 635/1051/984
f 634/1048/981 635/1051/984 636/1053/986
f 637/1054/987 640/1058/990 639/1055/988
f 638/1057/989 641/1060/992 640/1058/990
f 640/1058/990 635/1051/984 632/1059/991
f 641/1060/992 636/1053/986 635/1051/984
f 630/1061/993 642/1064/1629 644/1062/994
f 642/1064/996 633/1689/1631 645/1052/997
f 643/1063/995 644/1062/994 641/1060/992
f 644/1062/994 645/1052/997 636/1053/986
f 649/1065/998 652/1068/1001 651/1066/999
f 650/1067/1000 653/1070/1003 652/1068/1001
f 652/1068/1001 663/1071/1004 660/1069/1002
f 654/1072/1005 657/1075/1008 656/1073/1006
f 655/1074/1007 658/1076/1009 657/1075/1008
f 657/1075/1008 653/1070/1003 650/1067/1000
f 658/1076/1009 663/1081/1004 653/1070/1003
f 659/1077/1010 662/1080/1012 661/1078/1011
f 660/1069/1002 663/1071/1004 662/1080/1012
f 662/1080/1012 658/1076/1009 655/1074/1007
f 664/341/323 667/1084/1015 670/1082/1013
f 667/1084/1015 668/1093/1023 671/1085/1016
f 670/1082/1013 671/1085/1016 672/1087/1018
f 673/1088/1019 676/1092/1022 675/1089/1020
f 674/1091/1021 677/1094/1024 676/1092/1022
f 676/1092/1022 671/1085/1025 668/1093/1023
f 677/1094/1024 672/1087/2130 671/1085/1025
f 666/1095/1026 678/1098/2131 680/1096/1027
s 25
f 678/1098/1029 669/1695/1641 681/1086/1030
s 2
f 679/1097/1028 680/1096/1027 677/1094/1032
f 680/1096/1027 681/1086/2132 672/1087/1033
f 682/213/197 685/1101/1643 687/1099/1034
f 685/1101/1036 692/1697/1645 688/1102/1037
f 686/1100/1035 687/1099/1034 699/1103/1038
f 687/1099/1034 688/1102/1037 689/1105/1040
f 683/315/297 690/1108/1043 693/1106/1041
f 690/1108/1043 691/1114/1049 694/1109/1044
f 693/1106/1041 694/1109/1044 689/1105/1040
f 695/1110/1046 698/1113/1048 697/1111/1047
f 696/1104/1039 699/1103/1038 698/1113/1048
f 698/1113/1048 694/1109/1044 691/1114/1049
f 699/1103/1038 689/1105/1040 694/1109/1044
f 700/345/327 703/1117/1052 706/1115/1050
f 703/1117/1052 704/1127/1063 707/1118/1053
s 26
f 705/1116/1054 706/1115/1057 716/1119/1055
f 706/1115/1057 707/1118/2133 708/1121/1058
s 2
f 709/1122/1059 712/1126/1062 711/1123/1060
f 710/1125/1061 707/1131/1068 712/1126/1062
f 712/1126/1062 707/1118/1053 704/1127/1063
f 702/307/289 713/1130/1066 716/1128/1064
f 715/1129/1065 716/1128/2134 707/1131/1068
f 720/1132/1072 723/1136/1076 722/1133/1073
f 721/1135/1075 724/1145/1078 723/1136/1076
f 723/1136/1076 734/1139/1079 731/1137/1077
f 725/1140/1080 728/1143/1083 727/1141/1081
f 726/1142/1082 729/1144/1084 728/1143/1083
f 728/1143/1083 724/1145/1078 721/1135/1075
f 730/1146/1085 733/1149/1087 732/1147/1086
f 731/1137/1077 734/1139/1079 733/1149/1087
f 733/1149/1087 729/1144/1084 726/1142/1082
f 734/1139/1079 724/1138/1078 729/1144/1084
f 735/202/186 738/1152/1090 741/1150/1088
f 740/1151/1089 741/1150/1088 750/1154/1092
f 736/306/288 743/1160/1099 741/1158/1097
f 743/1160/1099 744/1166/1106 750/1161/1100
f 746/1162/1102 749/1165/1104 748/1163/1103
f 747/1155/1093 750/1154/1092 749/1165/1104
f 749/1165/1105 750/1161/1100 744/1166/1106
s 3
f 801/1167/1107 804/1170/1110 807/1168/1108
f 804/1170/1110 805/1179/1119 808/1171/1111
f 807/1168/1108 808/1171/1111 809/1173/1113
f 810/1174/1114 813/1178/1118 812/1175/1115
f 811/1177/1117 814/1180/1120 813/1178/1118
f 813/1178/1118 808/1171/1111 805/1179/1119
f 814/1180/1120 809/1173/1113 808/1171/1111
f 803/393/370 815/1183/2135 817/1181/1121
f 815/1183/1123 806/1943/2136 818/1184/1124
f 816/1185/1122 817/1186/1121 814/1180/1125
f 817/1186/1121 818/1172/1124 809/1173/1127
f 839/1187/483 842/1190/1130 844/1188/1128
f 842/1190/1130 849/2190/2137 845/1191/1131
f 843/1189/1129 844/1188/1128 856/1192/1132
f 844/1188/1128 845/1191/1131 846/1194/1134
f 840/1195/1135 847/1839/1138 850/1196/1136
f 847/1198/1138 848/1206/1790 851/1199/1139
f 850/1200/1136 851/1199/1139 846/1194/1141
f 852/1202/1142 855/1205/1145 854/1203/1143
f 853/1193/1133 856/1192/1132 855/1205/1145
f 855/1205/1145 851/1199/1147 848/1206/1146
f 856/1192/1132 846/1194/1134 851/1199/1147
f 907/481/447 910/2191/1150 912/1207/1148
f 911/1208/1149 912/1207/1148 923/1211/1152
f 912/1207/1148 913/1210/2138 914/1213/1154
f 908/450/422 915/1216/1157 917/1214/1155
f 915/1216/1157 916/1221/1164 918/1217/1158
f 917/1214/1155 918/1217/1158 914/1213/1160
f 919/1218/1161 922/1220/1163 921/1219/1162
f 920/1212/1153 923/1211/1165 922/1220/1163
f 922/1220/1163 918/1217/1158 916/1221/1164
f 923/1211/1165 914/1213/1160 918/1217/1158
f 944/523/485 947/1224/1168 949/1222/1166
f 947/1224/1168 948/1233/1178 950/1225/1169
f 949/1222/1166 950/1225/1169 951/1227/1171
f 952/1228/1173 955/1232/1177 954/1229/1174
f 953/1231/1176 956/1234/1179 955/1232/1177
f 955/1232/1177 950/1225/1180 948/1233/1178
f 956/1234/1179 951/1227/1185 950/1225/1180
f 946/462/431 957/1937/1183 959/1235/1181
f 958/1236/1182 959/1235/1181 956/1234/1179
f 959/1235/1181 960/1226/1184 951/1227/1185
s 4
f 1011/1238/1186 1014/1241/1189 1017/1239/1187
f 1014/1241/1189 1015/1251/1199 1018/1242/1190
f 1016/1240/1188 1017/1239/1187 1028/1243/1191
f 1017/1239/1187 1018/1242/1190 1019/1245/1193
f 1020/1246/1194 1023/1250/1198 1022/1247/1195
f 1021/1249/1197 1024/1252/1200 1023/1250/1198
f 1023/1250/1198 1018/1242/1190 1015/1251/1199
f 1024/1252/1200 1019/1245/1193 1018/1242/1190
f 1013/580/537 1025/2163/1203 1027/1253/1201
f 1026/1254/1202 1027/1253/1201 1024/1256/1205
f 1027/1255/1201 1028/1243/1204 1019/1245/1206
f 1032/1258/1207 1035/1261/1210 1034/1259/1208
f 1033/1260/1209 1036/1269/1212 1035/1261/1210
f 1035/1261/1210 1046/1264/1213 1043/1262/1211
f 1037/1265/1214 1040/1268/1217 1039/1266/1215
f 1038/1267/1216 1041/1270/1218 1040/1268/1217
f 1039/1266/1215 1040/1268/1217 1036/1269/1212
f 1031/699/645 1042/1273/1221 1045/1271/1219
f 1042/1273/1221 1043/2019/1965 1046/1274/1222
f 1044/1272/1220 1045/1271/1219 1041/1275/1223
f 1045/1271/1225 1046/1274/1213 1036/1277/1212
f 1062/707/653 1065/2192/1228 1067/1278/1226
f 1066/1279/1227 1067/1278/1226 1079/1282/1230
f 1067/1278/1226 1068/1281/1229 1069/1284/1232
f 1063/1285/1233 1070/1288/1236 1073/1286/1234
f 1070/1288/1236 1071/1294/2005 1074/1289/1237
f 1072/1287/1238 1073/1286/1234 1068/1281/1239
f 1073/1286/1234 1074/1289/1237 1069/1284/1241
f 1075/1290/1242 1078/1293/1245 1077/1291/1243
f 1076/1283/1231 1079/1282/1230 1078/1293/1245
f 1078/1293/1245 1074/1289/1247 1071/1294/1246
f 1079/1282/1230 1069/1284/1232 1074/1289/1247
f 1130/670/617 1139/2170/1250 1134/1295/1248
f 1133/1296/1249 1134/1295/1248 1146/1299/1252
f 1134/1295/1248 1135/1298/2139 1136/1301/1254
f 1131/637/592 1137/1304/1257 1140/1302/1255
f 1137/1304/1257 1138/1309/1264 1141/1305/1258
f 1140/1302/1255 1141/1305/1258 1136/1301/1260
f 1142/1306/1261 1145/1308/1263 1144/1307/1262
f 1143/1300/1253 1146/1299/1265 1145/1308/1263
f 1145/1308/1263 1141/1305/1258 1138/1309/1264
f 1146/1299/1265 1136/1301/1260 1141/1305/1258
f 1150/1310/1266 1153/1313/1269 1152/1311/1267
f 1151/1312/1268 1154/1321/1277 1153/1313/1269
f 1153/1313/1269 1165/1316/1272 1162/1314/1270
f 1153/1313/1269 1154/1321/1277 1155/1315/1271
f 1156/1317/1273 1159/1320/1276 1158/1318/1274
f 1156/1317/1273 1157/1326/1282 1160/1319/1275
f 1159/1320/1276 1154/1321/1277 1151/1312/1268
f 1159/1320/1276 1160/1319/1275 1155/1315/1271
f 1161/1322/1278 1164/1325/1281 1163/1323/1279
f 1162/1314/1270 1165/1316/1272 1164/1325/1281
f 1164/1325/1281 1160/1319/1275 1157/1326/1282
f 1165/1316/1272 1155/1315/1271 1160/1319/1275
f 1181/709/655 1184/1329/1285 1187/1327/1283
f 1184/1329/1285 1185/2145/1294 1188/1330/1286
f 1187/1327/1283 1188/1330/1286 1189/1332/1288
f 1190/1333/1289 1193/1337/1293 1192/1334/1290
f 1191/1336/1292 1194/1339/1295 1193/1337/1293
f 1193/1337/1293 1188/1340/1296 1185/1338/1294
f 1194/1339/1295 1189/1345/1301 1188/1340/1296
f 1183/649/601 1186/2159/1299 1196/1341/1297
f 1195/1342/1298 1196/1341/1297 1194/1339/1295
f 1196/1341/1297 1197/1344/2140 1189/1345/1301
s 1
f 223/25/24 1198/24/23 1200/1349/1305
f 226/1350/1306 1200/1349/1305 1201/1351/1307
f 225/1352/1309 1201/1351/1314 1202/1353/1310
f 1202/1355/1310 1199/140/131 222/183/169
f 1198/24/23 207/15/14 209/1357/1312
f 1200/1349/1305 209/1357/1312 210/1358/1313
f 1201/1351/1314 210/1358/1352 211/1359/1315
f 211/1360/1315 208/35/33 1199/140/131
f 1203/61/57 1205/1362/1317 231/1361/1316
f 1205/1362/1317 1206/1368/1323 230/1363/1318
f 1206/1364/1319 1207/1370/1325 229/1365/1320
f 229/1365/1320 1207/1370/1325 1204/119/110
f 212/194/178 214/1367/1322 1205/1362/1317
f 214/1367/1322 215/1435/1391 1206/1368/1323
f 215/1369/1324 216/1437/1393 1207/1370/1325
f 1207/1370/1325 216/1437/1393 213/18/17
f 1208/130/121 1210/1372/1327 206/1371/1326
f 1210/1372/1327 1211/1374/1332 205/1373/1328
f 1211/1374/1329 1212/1377/1333 204/1375/1330
f 204/1376/1330 1212/1378/1333 1209/4/4
f 223/25/24 226/1350/1306 1210/1372/1327
f 226/1350/1306 225/1352/1308 1211/1374/1332
f 225/1352/1309 224/1354/1311 1212/1377/1333
f 1212/1378/1333 224/1356/1311 222/183/169
f 218/159/148 1213/26/25 1215/1379/1334
f 221/1380/1335 1215/1379/1334 1216/1381/1336
f 220/1383/1338 1216/1386/1341 1217/1384/1339
f 1217/1384/1339 1214/23/22 217/10/9
f 1213/26/25 228/8/8 231/1361/1316
f 1215/1379/1334 231/1361/1316 230/1363/1318
f 1216/1386/1341 230/1366/1321 229/1365/1320
f 229/1365/1320 227/21/20 1214/23/22
f 233/160/149 1218/154/144 1220/1387/1342
f 236/1388/1343 1220/1387/1342 1221/1389/1344
f 235/1391/1346 1221/1394/1349 1222/1392/1347
f 1222/1392/1347 1219/12/11 232/29/27
f 1218/154/144 218/159/148 221/1380/1335
f 1220/1387/1342 221/1380/1335 220/1382/1337
f 1221/1394/1349 220/1383/1338 219/1385/1340
f 219/1385/1340 217/10/9 1219/12/11
f 207/15/14 1223/14/13 1225/1395/1350
f 209/1357/1312 1225/1395/1350 1226/1396/1351
f 210/1358/1352 1226/1396/1356 1227/1397/1353
f 1227/1398/1353 1224/33/31 208/35/33
f 1223/14/13 237/44/41 239/1399/1354
f 1225/1395/1350 239/1399/1354 240/1400/1355
f 1226/1396/1356 240/1400/1360 241/1401/1357
f 241/1402/1357 238/32/30 1224/33/31
f 237/44/41 1228/53/49 1230/1403/1358
f 239/1399/1354 1230/1403/1358 1231/1404/1359
f 240/1400/1360 1231/1404/1364 1232/1405/1361
f 1232/1406/1361 1229/30/28 238/32/30
f 1228/53/49 247/52/48 249/1407/1362
f 1230/1403/1358 249/1407/1362 250/1408/1363
f 1231/1404/1364 250/1408/1382 251/1409/1365
f 251/1410/1365 248/42/40 1229/30/28
f 243/195/179 1233/188/172 1235/1411/1366
f 246/1412/1367 1235/1411/1366 1236/1413/1368
f 245/1415/1370 1236/1418/1373 1237/1416/1371
f 1237/1416/1371 1234/37/35 242/39/37
f 1233/188/172 233/160/149 236/1388/1343
f 1235/1411/1366 236/1388/1343 235/1390/1345
f 1236/1418/1373 235/1391/1346 234/1393/1348
f 234/1393/1348 232/29/27 1234/37/35
f 1238/171/159 1240/1420/1375 274/1419/1374
f 1240/1420/1375 1241/1422/1377 273/1421/1376
f 1241/1422/1377 1242/1424/1379 272/1423/1378
f 1242/1424/1379 1239/134/125 270/187/46
f 253/733/679 263/732/678 1240/1420/1375
f 263/732/678 256/736/682 1241/1422/1377
f 256/736/682 255/727/673 1242/1424/1379
f 255/727/673 252/724/670 1239/134/125
f 247/52/48 1243/153/143 1245/1425/1380
f 249/1407/1362 1245/1425/1384 1246/1426/1381
f 250/1408/1382 1246/1426/1385 1247/1427/1383
f 251/1410/1365 1247/1429/1383 1244/40/38
f 1243/153/143 271/169/157 274/1419/1374
f 1245/1425/1384 274/1419/1374 273/1421/1376
f 1246/1426/1385 273/1421/1376 272/1423/1378
f 272/1428/1378 270/49/46 1244/40/38
f 253/733/679 1248/170/158 1250/1430/1386
f 261/731/677 1250/1430/1386 1251/1431/1387
f 262/743/689 1251/1433/1389 1252/1432/1388
f 267/739/685 1252/1432/1388 1249/46/43
f 1248/170/158 243/195/179 246/1412/1367
f 1250/1430/1386 246/1412/1367 245/1414/1369
f 1251/1433/1389 245/1415/1370 244/1417/1372
f 1252/1432/1388 244/1417/1372 242/39/37
f 1253/69/65 1255/1434/1390 214/1367/1322
f 1255/1434/1390 1256/1439/1395 215/1435/1391
f 1256/1436/1392 1257/1441/1397 216/1437/1393
f 216/1437/1393 1257/1441/1397 1254/163/151
f 280/129/120 282/1438/1394 1255/1434/1390
f 282/1438/1394 283/1456/1411 1256/1439/1395
f 283/1440/1396 284/1442/1398 1257/1441/1397
f 284/1442/1398 281/58/54 1254/163/151
f 1258/1/1 1260/1444/1400 279/1443/1399
f 1260/1444/1400 1261/1446/1405 278/1445/1401
f 1261/1446/1402 1262/1449/1406 277/1447/1403
f 277/1448/1403 1262/1450/1406 1259/54/50
f 203/3/3 206/1371/1326 1260/1444/1400
f 206/1371/1326 205/1373/1328 1261/1446/1405
f 205/1373/1331 204/1375/1330 1262/1449/1406
f 1262/1450/1406 204/1376/1330 202/16/15
f 305/784/728 1263/144/135 1265/1451/1407
f 316/782/726 1265/1451/1407 1266/1452/1408
f 317/772/715 1266/1452/1408 1267/1453/1409
f 307/768/711 1267/1453/1409 1264/176/111
f 1263/144/135 286/146/137 296/756/700
f 1265/1451/1407 296/756/700 289/748/694
f 1266/1452/1408 289/748/694 288/750/691
f 1267/1454/1409 288/745/691 285/747/693
f 1268/145/136 1270/1455/1410 282/1438/1394
f 1270/1455/1410 1271/1459/1414 283/1456/1411
f 1271/1457/1412 1272/1458/1413 284/1442/1398
f 1272/1458/1413 1269/66/62 281/58/54
f 305/784/728 318/783/727 1270/1455/1410
f 318/783/727 312/786/730 1271/1459/1414
f 312/1460/1415 311/777/720 1272/1458/1413
f 311/777/720 304/774/717 1269/66/62
f 1273/147/138 1275/1461/1416 294/757/701
f 1275/1461/1416 1276/1463/1420 295/1462/1417
f 1276/1463/1418 1277/1466/1419 301/1464/706
f 1277/1465/1419 1274/62/58 287/64/60
f 276/179/166 279/1443/1399 1275/1461/1416
f 279/1443/1399 278/1445/1401 1276/1463/1420
f 278/1445/1404 277/1447/1403 1277/1466/1419
f 277/1448/1403 275/56/52 1274/62/58
f 1278/143/134 1280/1468/1422 345/1467/1421
f 1280/1468/1422 1281/1470/1424 344/1469/1423
f 1281/1470/1424 1282/1472/1426 343/1471/1425
f 1282/1472/1426 1279/192/176 341/193/177
f 326/91/85 328/1473/1427 1280/1468/1422
f 328/1473/1427 329/1474/1428 1281/1470/1424
f 329/1474/1428 330/1475/1429 1282/1472/1426
f 330/1475/1429 327/191/175 1279/192/176
f 347/85/79 1283/84/78 1285/1476/1430
f 350/1477/1431 1285/1476/1430 1286/1478/1432
f 349/1479/1433 1286/1478/1432 1287/1480/1434
f 348/1481/1435 1287/1480/1434 1284/124/115
f 1283/84/78 331/88/82 333/1482/1436
f 1285/1476/1430 333/1482/1436 334/1483/1437
f 1286/1478/1432 334/1483/1437 335/1484/1438
f 1287/1480/1434 335/1484/1438 332/125/116
f 322/81/75 1288/72/68 1290/1485/1439
f 325/1486/1440 1290/1485/1439 1291/1487/1441
f 324/1488/1442 1291/1487/1441 1292/1489/1443
f 323/1490/1444 1292/1489/1443 1289/141/132
f 1288/72/68 342/71/67 345/1467/1421
f 1290/1485/1439 345/1467/1421 344/1469/1423
f 1291/1487/1441 344/1469/1423 343/1471/1425
f 1292/1489/1443 343/1471/1425 341/193/177
f 1293/86/80 1295/1492/1446 340/1491/1445
f 1295/1492/1446 1296/1494/1448 339/1493/1447
f 1296/1494/1448 1297/1496/1450 338/1495/1449
f 1297/1496/1450 1294/162/150 336/184/170
f 347/85/79 350/1477/1431 1295/1492/1446
f 350/1477/1431 349/1479/1433 1296/1494/1448
f 349/1479/1433 348/1481/1435 1297/1496/1450
f 348/1481/1435 346/127/118 1294/162/150
f 1298/77/72 1300/1498/1452 355/1497/1451
f 1300/1498/1452 1301/1500/1454 354/1499/1453
f 1301/1500/1454 1302/1502/1456 353/1501/1455
f 1302/1502/1456 1299/94/88 351/78/73
f 337/126/117 340/1491/1445 1300/1498/1452
f 340/1491/1445 339/1493/1447 1301/1500/1454
f 339/1493/1447 338/1495/1449 1302/1502/1456
f 338/1495/1449 336/184/170 1299/94/88
f 1303/92/86 1305/1503/1457 328/1473/1427
f 1305/1503/1457 1306/1504/1458 329/1474/1428
f 1306/1504/1458 1307/1505/1459 330/1475/1429
f 1307/1505/1459 1304/74/70 327/191/175
f 356/97/90 358/1506/1460 1305/1503/1457
f 358/1506/1460 359/1507/1461 1306/1504/1458
f 359/1507/1461 360/1508/1462 1307/1505/1459
f 360/1508/1462 357/139/130 1304/74/70
f 1308/98/91 1310/1509/1463 358/1506/1460
f 1310/1509/1463 1311/1510/1464 359/1507/1461
f 1311/1510/1464 1312/1511/1465 360/1508/1462
f 1312/1511/1465 1309/185/171 357/139/130
f 366/102/94 368/1512/1466 1310/1509/1463
f 368/1512/1466 369/1513/1467 1311/1510/1464
f 369/1513/1467 370/1514/1468 1312/1511/1465
f 370/1514/1468 367/182/168 1309/185/171
f 1313/93/87 1315/1516/1470 365/1515/1469
f 1315/1516/1470 1316/1518/1472 364/1517/1471
f 1316/1518/1472 1317/1520/1474 363/1519/1473
f 1317/1520/1474 1314/80/74 361/101/93
f 352/156/145 355/1497/1451 1315/1516/1470
f 355/1497/1451 354/1499/1453 1316/1518/1472
f 354/1499/1453 353/1501/1455 1317/1520/1474
f 353/1501/1455 351/78/73 1314/80/74
f 389/190/174 1318/138/129 1320/1521/1475
f 392/1522/1476 1320/1521/1475 1321/1523/1477
f 391/1524/1478 1321/1523/1477 1322/1525/1479
f 390/1527/1480 1322/1528/1479 1319/173/161
f 1318/138/129 371/137/128 375/789/733
f 1320/1521/1475 375/789/733 384/793/737
f 1321/1523/1477 384/793/737 383/804/746
f 1322/1528/1479 383/801/746 373/174/162
f 1323/104/96 1325/1529/1481 368/1512/1466
f 1325/1529/1481 1326/1530/1482 369/1513/1467
f 1326/1530/1482 1327/1531/1483 370/1514/1468
f 1327/1531/1483 1324/157/146 367/182/168
f 389/1532/174 392/1533/1476 1325/1529/1481
f 392/1533/1476 391/1534/1478 1326/1530/1482
f 391/1534/1478 390/1527/1480 1327/1531/1483
f 390/1527/1480 388/175/163 1324/157/146
f 1328/99/92 1330/1535/1484 379/797/741
f 1330/1535/1484 1331/1536/1485 380/806/749
f 1331/1536/1485 1332/1537/1486 385/802/747
f 1332/1537/1486 1329/172/160 373/174/162
f 362/189/173 365/1515/1469 1330/1535/1484
f 365/1515/1469 364/1517/1471 1331/1536/1485
f 364/1517/1471 363/1519/1473 1332/1537/1486
f 363/1519/1473 361/101/93 1329/172/160
f 331/88/82 1333/109/100 1335/1538/1487
f 333/1482/1436 1335/1538/1487 1336/1539/1488
f 334/1483/1437 1336/1539/1488 1337/1540/1489
f 335/1484/1438 1337/1540/1489 1334/167/155
f 1333/109/100 398/110/101 400/1541/1490
f 1335/1538/1487 400/1541/1490 401/1542/1491
f 1336/1543/1488 401/1563/1491 402/1544/1492
f 1337/1545/1489 402/1544/1492 399/1546/122
f 394/111/102 1338/82/76 1340/1548/1493
f 397/1549/1494 1340/1548/1493 1341/1550/1495
f 396/1551/1496 1341/1550/1495 1342/1552/1497
f 395/1553/1498 1342/1552/1497 1339/115/106
f 1338/82/76 322/81/75 325/1486/1440
f 1340/1548/1493 325/1486/1440 324/1488/1442
f 1341/1550/1495 324/1488/1442 323/1490/1444
f 1342/1552/1497 323/1490/1444 321/106/98
f 1343/1554/1499 1345/1555/1500 411/811/753
f 1345/1555/1500 1346/1556/1501 412/822/762
f 1346/1556/1501 1347/1557/1502 419/816/758
f 1347/1557/1502 1344/151/142 409/817/759
f 403/118/109 405/1558/1503 1345/1555/1500
f 405/1558/1503 406/1559/1504 1346/1556/1501
f 406/1559/1504 407/1560/1505 1347/1557/1502
f 407/1560/1505 404/148/139 1344/151/142
f 398/110/101 1348/116/107 1350/1561/1506
f 400/1541/1490 1350/1561/1506 1351/1562/1507
f 401/1563/1491 1351/1566/1507 1352/1564/1508
f 402/1544/1492 1352/1564/1508 1349/1565/141
f 1348/116/107 410/117/108 422/825/766
f 1350/1561/1506 422/825/766 418/827/760
f 1351/1566/1507 418/818/760 417/820/757
f 1352/1564/1508 417/820/757 409/1567/759
f 403/118/109 1353/112/103 1355/1568/1509
f 405/1558/1503 1355/1568/1509 1356/1569/1510
f 406/1559/1504 1356/1569/1510 1357/1570/1511
f 407/1560/1505 1357/1570/1511 1354/149/140
f 1353/112/103 394/111/102 397/1549/1494
f 1355/1568/1509 397/1549/1494 396/1551/1496
f 1356/1569/1510 396/1551/1496 395/1553/1498
f 1357/1570/1511 395/1553/1498 393/114/105
f 1359/65/61 1363/1348/1304 299/761/705
f 1363/1348/1304 1362/1347/1303 300/752/696
f 1362/1347/1303 1361/1346/1302 290/746/692
f 1361/1346/1302 1358/121/112 285/747/693
f 410/117/108 1364/67/63 1366/1571/1512
f 413/1573/752 1366/1574/1516 1365/177/164
f 1364/67/63 304/774/717 313/776/1513
f 1366/1574/1516 306/2183/712 303/178/165
f 1367/47/44 1369/1578/1520 266/740/1517
f 1369/1577/1519 1368/135/126 252/724/670
f 372/105/97 374/796/740 1369/1578/1520
f 374/1579/734 371/137/128 1368/135/126
s 2
f 543/261/244 1370/260/243 1372/1580/1521
f 553/980/907 1372/1580/1521 1373/1581/1522
f 1374/1582/1523 1371/262/245 541/244/227
f 1370/260/243 558/276/259 563/987/914
f 1372/1580/1521 563/987/914 573/990/917
f 573/990/917 572/1000/927 1374/1582/1523
f 1377/1583/1524 1378/1585/1526 568/995/922
f 577/232/216 582/1003/930 1377/1583/1524
f 1380/289/272 1381/1589/1527 585/1586/938
f 1380/289/272 542/291/274 550/974/899
f 529/301/283 1383/297/279 1385/1591/1531
f 1386/1592/1532 1387/1593/1533 532/948/877
f 1383/297/279 559/255/238 569/994/921
f 1385/1591/1531 569/994/921 562/988/915
f 561/986/913 558/276/259 1384/275/258
f 1388/290/273 1390/1594/1534 548/975/900
f 1390/1594/1534 1391/1599/1536 549/1595/1535
f 1391/1598/1536 1389/229/213 543/261/244
f 1388/290/273 528/250/233 201/955/883
f 1390/1594/1534 201/955/883 531/950/879
f 530/1600/878 199/281/264 1389/229/213
f 448/852/792 1396/210/194 1398/1607/1542
f 451/1608/793 1398/1607/1542 1399/1609/1543
f 455/1612/1546 453/1610/804 1400/1611/1544
f 453/1610/804 1399/1609/1543 1400/1611/1544
f 456/856/1545 1400/1611/1544 1397/247/230
f 425/164/152 430/829/771 1398/1607/1542
f 430/829/771 438/832/774 1399/1609/1543
f 438/832/774 437/841/782 1400/1611/1544
f 437/841/782 427/245/228 1397/247/230
f 1401/259/242 1403/1614/1548 467/1613/1547
f 465/2193/2141 467/1613/1547 1864/867/1550
f 467/1613/1547 1403/1614/1548 1864/867/1550
f 1404/1615/1549 1405/1616/1552 463/864/1551
f 1405/1616/1552 1402/237/221 459/318/300
f 1401/259/242 427/245/228 437/842/782
f 1403/1614/1548 437/842/782 434/838/780
f 1404/1615/1549 434/838/780 433/835/777
f 1405/1616/1552 433/835/777 426/837/779
f 1406/317/299 1408/1617/1554 454/855/1553
f 1408/1617/1554 1409/1618/1556 455/862/1555
f 1409/1618/1556 1410/1619/1557 458/858/799
f 1410/1619/1557 1407/234/218 450/236/220
f 1406/317/299 461/217/201 467/1620/1547
f 1408/1617/1554 467/1620/1547 465/871/1558
f 1409/1618/1556 465/871/1558 463/870/1559
f 1410/1619/1557 463/870/810 460/248/231
f 483/890/829 1413/1621/1560 1414/1622/1561
f 489/901/838 1415/1623/1562 1412/279/262
f 444/844/1563 445/847/1564 1414/1622/1561
f 446/1624/1565 442/277/260 1412/279/262
f 493/904/840 488/898/836 1419/1626/1569
f 489/900/838 481/322/304 1417/338/320
f 1421/209/193 1423/1631/1573 501/1630/1572
f 1423/1631/1573 1424/1632/1575 502/917/1574
f 1425/1633/1576 1422/267/250 497/271/254
f 1423/1631/1573 446/1634/1565 447/850/1577
f 1430/1638/1582 1427/296/278 468/344/326
f 1428/1635/1580 513/930/1583 509/931/856
f 1431/328/310 1433/1639/1584 513/927/1583
f 1433/1639/1584 1434/1640/1585 514/935/862
f 1434/1640/1585 1435/1641/1586 518/933/865
f 1435/1641/1586 1432/201/185 507/284/267
f 1431/328/310 521/329/311 524/1642/1587
f 1433/1639/1584 524/1642/1587 1866/1643/1588
f 1434/1640/1585 1866/1643/1588 523/938/1589
f 1435/1641/1586 523/938/1589 520/199/183
f 1438/1645/1590 1439/1646/1592 525/946/1591
f 1439/1646/1592 1440/1647/1594 527/942/1593
f 1436/342/324 470/196/180 478/889/1595
f 1438/1645/1590 478/889/1595 479/886/1596
f 1439/1646/1592 479/886/1596 474/885/822
f 1440/1647/1594 474/885/822 469/882/821
f 596/1031/317 1441/1651/316 1443/1648/1597
f 607/1029/964 1443/1648/1597 1444/1649/1598
f 608/1023/955 1444/1649/1598 1445/1650/1599
f 598/1019/951 1445/1650/1599 1442/283/266
f 1441/1651/316 613/1041/318 622/1040/974
f 1443/1648/1597 622/1040/974 616/1036/970
f 1444/1649/1598 616/1036/970 615/1034/968
f 1445/1650/1599 615/1034/968 612/321/303
f 1446/308/290 1448/1652/1600 631/1050/983
f 1448/1652/1600 1449/1653/1601 632/1059/991
f 1449/1653/1601 1450/1654/1602 639/1055/988
f 1450/1654/1602 1447/1655/207 629/1056/209
f 614/1046/979 626/1045/978 1448/1652/1600
f 626/1045/978 621/1042/975 1449/1653/1601
f 621/1042/975 620/1039/973 1450/1654/1602
f 620/1039/973 613/1041/318 1447/1655/207
f 1451/311/293 1453/1656/1603 602/1027/959
f 1453/1656/1603 1454/1657/1604 603/1033/967
f 1454/1657/1604 1455/1658/1605 609/1030/965
f 1455/1658/1605 1452/1659/208 596/1031/317
f 1451/311/293 630/1061/993 643/1063/995
f 1453/1656/1603 643/1063/995 638/1057/989
f 1454/1657/1604 638/1057/989 637/1054/987
f 1455/1658/1605 637/1054/987 629/1056/209
f 1456/1660/307 1458/1661/1606 659/1077/1010
f 1460/1663/1608 1457/227/211 646/226/210
f 675/1089/1020 668/1093/1023 1459/1662/1607
f 668/1093/1023 667/1084/1015 1460/1663/1608
f 684/1112/322 1461/1667/321 1463/1664/1609
f 695/1110/1046 1463/1664/1609 1464/1665/1610
f 696/1104/1039 1464/1665/1610 1465/1666/1611
f 1461/1667/321 648/1079/305 661/1078/1011
f 1466/313/295 1468/1668/1612 690/1108/1043
f 1468/1668/1612 1469/1669/1613 691/1114/1049
f 1469/1669/1613 1470/1670/1614 697/1111/1047
f 1470/1670/1614 1467/1671/308 684/1112/322
f 1466/313/295 666/1095/1026 679/1097/1028
f 1468/1668/1612 679/1097/1028 674/1091/1021
f 1469/1669/1613 674/1091/1021 673/1088/1019
f 1470/1670/1614 673/1088/1019 665/1090/309
f 1473/1672/1615 1474/1673/1616 704/1127/1063
f 1474/1673/1616 1475/1674/1617 711/1123/1060
f 717/1134/1074 722/1133/1073 1473/1672/1615
f 718/304/286 1476/203/187 1478/1676/1618
f 725/1140/1080 1478/1676/1618 1479/1677/1619
f 726/1142/1082 1479/1677/1619 1480/1678/1620
f 732/1147/1086 1480/1678/1620 1477/1679/312
f 1476/203/187 735/202/186 740/1151/1089
f 1478/1676/1618 740/1151/1089 747/1155/1093
f 1479/1677/1619 747/1155/1093 746/1162/1102
f 1480/1678/1620 746/1162/1102 737/1164/313
f 1481/305/287 1483/1680/1621 743/1160/1099
f 1483/1680/1621 1484/1681/1622 744/1166/1106
f 1484/1681/1622 1485/1682/1623 748/1163/1103
f 1485/1682/1623 1482/1683/199 737/1164/313
f 1481/305/287 702/307/289 715/1129/1065
f 1483/1680/1621 715/1129/1065 710/1125/1061
f 1484/1681/1622 710/1125/1061 709/1122/1059
f 1485/1682/1623 709/1122/1059 701/1124/200
f 1486/166/154 1488/1684/1624 428/828/770
f 1488/1684/1624 1489/1685/1626 429/830/1625
f 1489/1685/1626 1490/1686/1627 435/836/778
f 1490/1686/1627 1487/238/222 426/837/779
f 612/321/303 617/1035/969 1488/1684/1624
f 617/1035/969 625/1038/972 1489/1685/1626
f 625/1038/972 624/1044/977 1490/1686/1627
f 624/1044/977 614/1046/979 1487/238/222
f 630/1061/993 1491/310/292 1493/1687/1628
f 642/1064/996 1493/1687/1632 1494/1688/1630
f 633/1049/982 1494/1690/1634 1492/319/301
f 1491/310/292 460/248/231 466/869/811
f 1493/1687/1632 466/869/1633 462/874/1633
f 1494/1690/1634 462/863/805 459/318/300
f 1495/222/206 1497/1694/1640 443/843/1635
f 443/849/1639 1498/1693/1642 1496/312/294
f 664/341/323 669/1083/1014 1497/1694/1640
s 25
f 669/1695/1641 678/1098/1029 1498/1693/1638
s 2
f 1498/1693/1642 678/1098/2131 666/1095/1026
f 1499/273/256 1501/1696/1647 685/1101/1643
f 1501/1696/1644 1502/1699/1649 692/1697/1645
f 1502/1698/1646 1500/270/253 683/315/297
f 495/909/1566 499/908/2142 1501/1696/1647
f 503/912/848 497/271/254 1500/270/253
f 507/284/267 1503/285/268 1505/1700/1651
f 516/932/864 1505/1700/1651 1506/1701/1652
f 517/924/1652 1506/1701/1652 1507/1702/1653
f 510/921/855 1507/1702/1653 1504/332/314
f 1503/285/268 718/304/286 727/1141/1081
f 1505/1700/1651 727/1141/1081 721/1135/1075
f 1506/1701/1652 721/1135/1075 720/1132/1072
f 1507/1702/1653 720/1132/1072 717/1134/1074
f 1508/287/270 1510/1705/1654 713/1130/1066
s 31
f 714/1120/1655 1510/1703/1658 1511/1704/1656
s 2
f 705/1116/1051 1511/1704/1661 1509/343/325
f 469/882/821 475/884/823 1510/1705/1654
f 1511/1704/1661 471/875/816 468/344/326
f 1512/211/195 1514/1708/1663 597/1706/952
f 597/1020/963 1514/1710/1662 1515/1707/1662
f 604/1026/958 1515/1707/1665 1513/235/219
f 448/852/792 452/854/794 1514/1708/1663
f 452/1709/1664 457/857/1664 1515/1707/1662
f 1515/1707/1665 457/857/798 450/236/220
f 1516/264/247 1518/1711/1666 491/903/839
f 1518/1711/1666 1519/1712/1668 492/896/1667
f 1519/1712/1668 1520/1713/1669 485/891/830
f 1520/1713/1669 1517/300/282 480/892/831
f 647/314/296 656/1073/1006 1518/1711/1666
f 1518/1711/1666 656/1073/1006 650/1067/1000
f 650/1067/1000 649/1065/998 1520/1713/1669
f 1520/1713/1669 649/1065/998 646/226/210
f 1521/293/276 1523/1715/1673 526/941/1670
f 1523/1714/1671 1522/1717/1676 520/199/183
f 1521/293/276 736/306/288 745/1159/1098
f 738/1152/1090 735/202/186 1522/1717/1676
s 3
f 772/370/349 1524/369/348 1526/1718/1677
f 775/1719/1678 1526/1718/1677 1527/1720/1679
f 774/1722/1681 1527/1728/1686 1528/1723/1682
f 1528/1723/1682 1525/484/450 771/525/487
f 1524/369/348 756/360/339 758/1725/1684
f 1526/1726/1677 758/1766/1684 759/1727/1685
f 1527/1728/1686 759/1727/1724 760/1729/1687
f 760/1729/1687 757/380/358 1525/484/450
f 1529/406/383 1531/1731/1689 780/1730/1688
f 1531/1731/1689 1532/1737/1695 779/1732/1690
f 1532/1733/1691 1533/1739/1697 778/1734/1692
f 778/1734/1692 1533/1739/1697 1530/464/433
f 761/534/496 763/1736/1694 1531/1731/1689
f 763/1736/1694 764/1809/1763 1532/1737/1695
f 764/1738/1696 765/1811/1765 1533/1739/1697
f 1533/1739/1697 765/1811/1765 762/363/342
f 1534/474/442 1536/1741/1699 755/1740/1698
f 1536/1741/1699 1537/1746/1704 754/1742/1700
f 1537/1743/1701 1538/1747/1705 753/1744/1702
f 753/1744/1702 1538/1747/1705 1535/349/331
f 772/370/349 775/1719/1678 1536/1741/1699
f 775/1719/1678 774/1721/1680 1537/1746/1704
f 774/1722/1681 773/1724/1683 1538/1747/1705
f 1538/1747/1705 773/1724/1683 771/525/487
f 767/503/466 1539/371/350 1541/1748/1706
f 770/1749/1707 1541/1748/1706 1542/1750/1708
f 769/1751/1710 1542/1750/1713 1543/1752/1711
f 1543/1754/1711 1540/368/347 766/355/335
f 1539/371/350 777/353/334 780/1730/1688
f 1541/1748/1706 780/1730/1688 779/1732/1690
f 1542/1756/1713 779/1735/1693 778/1734/1692
f 778/1734/1692 776/366/345 1540/368/347
f 782/504/467 1544/498/462 1546/1757/1714
f 785/1758/1715 1546/1757/1714 1547/1759/1716
f 784/1760/1718 1547/1759/1721 1548/1761/1719
f 1548/1763/1719 1545/357/337 781/374/352
f 1544/498/462 767/503/466 770/1749/1707
f 1546/1757/1714 770/1749/1707 769/1751/1709
f 1547/1759/1721 769/1751/1710 768/1753/1712
f 768/1755/1712 766/355/335 1545/357/337
f 756/360/339 1549/359/338 1551/1765/1722
f 758/1766/1684 1551/1770/1722 1552/1767/1723
f 759/1727/1724 1552/1767/1728 1553/1768/1725
f 1553/1768/1725 1550/378/356 757/380/358
f 1549/359/338 786/389/366 788/1769/1726
f 1551/1770/1722 788/1774/1726 789/1771/1727
f 1552/1767/1728 789/1771/1732 790/1772/1729
f 790/1772/1729 787/377/355 1550/378/356
f 786/389/366 1554/398/375 1556/1773/1730
f 788/1774/1726 1556/1778/1730 1557/1775/1731
f 789/1771/1732 1557/1775/1736 1558/1776/1733
f 1558/1776/1733 1555/375/353 787/377/355
f 1554/398/375 796/397/374 798/1777/1734
f 1556/1778/1730 798/1799/1734 799/1779/1735
f 1557/1775/1736 799/1779/1754 800/1780/1737
f 800/1780/1737 797/387/365 1555/375/353
f 792/535/497 1559/528/490 1561/1781/1738
f 795/1782/1739 1561/1781/1738 1562/1783/1740
f 794/1784/1742 1562/1783/1745 1563/1785/1743
f 1563/1787/1743 1560/382/360 791/384/362
f 1559/528/490 782/504/467 785/1758/1715
f 1561/1781/1738 785/1758/1715 784/1760/1717
f 1562/1783/1745 784/1760/1718 783/1762/1720
f 783/1764/1720 781/374/352 1560/382/360
f 1564/515/477 1566/1790/1747 823/1789/1746
f 1566/1790/1747 1567/1792/1749 822/1791/1748
f 1567/1792/1749 1568/1796/1751 821/1793/1750
f 1568/1794/1751 1565/478/444 819/394/371
f 802/1176/1116 812/1175/1115 1566/1790/1747
f 812/1175/1115 805/1179/1119 1567/1792/1749
f 805/1179/1119 804/1170/1110 1568/1796/1751
f 804/1170/1110 801/1167/1107 1565/1797/444
f 796/397/374 1569/497/461 1571/1798/1752
f 798/1799/1734 1571/1802/1756 1572/1800/1753
f 799/1779/1754 1572/1800/1757 1573/1801/1755
f 800/1780/1737 1573/1801/1755 1570/385/363
f 1569/497/461 820/513/475 823/1789/1746
f 1571/1802/1756 823/2194/1746 822/1803/1748
f 1572/1800/1757 822/1803/1748 821/1795/1750
f 821/1795/1750 819/394/371 1570/385/363
f 802/1176/1116 1574/514/476 1576/1804/1758
f 810/1174/1114 1576/1804/1758 1577/1805/1759
f 811/1177/1126 1577/1805/1761 1578/1806/1760
f 816/1182/1122 1578/1807/1760 1575/391/368
f 1574/514/476 792/535/497 795/1782/1739
f 1576/1804/1758 795/1782/1739 794/1784/1741
f 1577/1805/1761 794/1784/1742 793/1786/1744
f 1578/1807/1760 793/1788/1744 791/384/362
f 1579/414/390 1581/1808/1762 763/1736/1694
f 1581/1808/1762 1582/1813/1767 764/1809/1763
f 1582/1810/1764 1583/1815/1769 765/1811/1765
f 765/1811/1765 1583/1815/1769 1580/507/469
f 829/473/441 831/1812/1766 1581/1808/1762
f 831/1812/1766 832/1833/1785 1582/1813/1767
f 832/1814/1768 833/1835/1787 1583/1815/1769
f 1583/1815/1769 833/1835/1787 830/403/380
f 1584/346/328 1586/1817/1771 828/1816/1770
f 1586/1817/1771 1587/1822/1776 827/1818/1772
f 1587/1819/1773 1588/1823/1777 826/1820/1774
f 826/1820/1774 1588/1823/1777 1585/399/376
f 752/348/330 755/1740/1698 1586/1817/1771
f 755/1740/1698 754/1742/1700 1587/1822/1776
f 754/1745/1703 753/1744/1702 1588/1823/1777
f 1588/1823/1777 753/1744/1702 751/361/340
f 841/1204/1144 1589/488/453 1591/1824/1778
f 852/1202/1142 1591/1824/1778 1592/1825/1779
f 853/1193/1133 1592/1825/1779 1593/1826/1780
f 843/1827/1129 1593/1831/1780 1590/465/434
f 1589/488/453 834/490/455 836/1828/1781
f 1591/1824/1778 836/1828/1781 837/1829/1782
f 1592/1825/1779 837/1829/1782 838/1830/1783
f 1593/1831/1780 838/1842/1783 835/409/386
f 1594/489/454 1596/1832/1784 831/1812/1766
f 1596/1832/1784 1597/1837/1789 832/1833/1785
f 1597/1834/1786 1598/1836/1788 833/1835/1787
f 1598/1836/1788 1595/411/388 830/403/380
f 841/1204/1144 854/1203/1143 1596/1832/1784
f 854/1203/1143 848/1206/1146 1597/1837/1789
f 848/1838/1790 847/1839/1138 1598/1836/1788
f 847/1839/1138 840/1195/1135 1595/411/388
f 1599/491/456 1601/1840/1791 836/1828/1781
f 1601/1840/1791 1602/1844/1793 837/1829/1782
f 1602/1841/1792 1603/1845/1794 838/1842/1783
f 838/1842/1783 1603/1845/1794 1600/407/384
f 825/522/484 828/1816/1770 1601/1840/1791
f 828/1816/1770 827/1818/1772 1602/1844/1793
f 827/1821/1775 826/1820/1774 1603/1845/1794
f 826/1820/1774 824/401/378 1600/407/384
f 1604/487/452 1606/1847/1796 881/1846/1795
f 1606/1847/1796 1607/1849/1798 880/1848/1797
f 1607/1849/1798 1608/1851/1800 879/1850/1799
f 1608/1851/1800 1605/532/494 877/533/495
f 862/436/410 864/1852/1801 1606/1847/1796
f 864/1852/1801 865/1853/1802 1607/1849/1798
f 866/1854/1803 863/531/493 1605/532/494
f 883/430/404 1609/429/403 1611/1855/1804
f 886/1856/1805 1611/1855/1804 1612/1857/1806
f 885/1858/1807 1612/1857/1806 1613/1859/1808
f 884/1860/1809 1613/1859/1808 1610/468/437
f 1609/429/403 867/433/407 869/1861/1810
f 1611/1855/1804 869/1861/1810 870/1862/1811
f 1612/1857/1806 870/1862/1811 871/1863/1812
f 1613/1859/1808 871/1863/1812 868/469/438
f 858/426/400 1614/417/392 1616/1864/1813
f 861/1865/1814 1616/1864/1813 1617/1866/1815
f 860/1867/1816 1617/1866/1815 1618/1868/1817
f 859/1869/1818 1618/1868/1817 1615/485/451
f 1614/417/392 878/416/391 881/1846/1795
f 1616/1864/1813 881/1846/1795 880/1848/1797
f 1617/1866/1815 880/1848/1797 879/1850/1799
f 1618/1868/1817 879/1850/1799 877/533/495
f 1619/431/405 1621/1871/1820 876/1870/1819
f 1621/1871/1820 1622/1873/1822 875/1872/1821
f 1622/1873/1822 1623/1875/1824 874/1874/1823
f 1623/1875/1824 1620/506/468 872/526/488
f 883/430/404 886/1856/1805 1621/1871/1820
f 886/1856/1805 885/1858/1807 1622/1873/1822
f 885/1858/1807 884/1860/1809 1623/1875/1824
f 884/1860/1809 882/471/440 1620/506/468
f 1624/422/397 1626/1877/1826 891/1876/1825
f 1626/1877/1826 1627/1879/1828 890/1878/1827
f 1627/1879/1828 1628/1881/1830 889/1880/1829
f 1628/1881/1830 1625/439/413 887/423/398
f 873/470/439 876/1870/1819 1626/1877/1826
f 875/1872/1821 874/1874/1823 1628/1881/1830
f 874/1874/1823 872/526/488 1625/439/413
f 1629/437/411 1631/1882/1831 864/1852/1801
f 1631/1882/1831 1632/1883/1832 865/1853/1802
f 1632/1883/1832 1633/1884/1833 866/1854/1803
f 1633/1884/1833 1630/419/394 863/531/493
f 892/442/415 894/1885/1834 1631/1882/1831
f 894/1885/1834 895/1886/1835 1632/1883/1832
f 895/1886/1835 896/1887/1836 1633/1884/1833
f 896/1887/1836 893/483/449 1630/419/394
f 1634/443/416 1636/1888/1837 894/1885/1834
f 1637/1889/1838 1638/1890/1839 896/1887/1836
f 1638/1890/1839 1635/527/489 893/483/449
f 902/447/419 904/1891/1840 1636/1888/1837
f 904/1891/1840 905/1892/1841 1637/1889/1838
f 905/1892/1841 906/1893/1842 1638/1890/1839
f 906/1893/1842 903/524/486 1635/527/489
f 1639/438/412 1641/1895/1844 901/1894/1843
f 1641/1895/1844 1642/1897/1846 900/1896/1845
f 1642/1897/1846 1643/1899/1848 899/1898/1847
f 1643/1899/1848 1640/425/399 897/446/418
f 888/500/463 891/1876/1825 1641/1895/1844
f 891/1876/1825 890/1878/1827 1642/1897/1846
f 890/1878/1827 889/1880/1829 1643/1899/1848
f 889/1880/1829 887/423/398 1640/425/399
f 925/530/492 1644/482/448 1646/1900/1849
f 928/1901/1850 1646/1900/1849 1647/1902/1851
f 926/1905/1854 1648/1904/1853 1645/517/479
f 1644/482/448 907/481/447 911/1208/1149
f 1646/1900/1849 911/1208/1149 920/1212/1153
f 1647/1902/1851 920/1212/1153 919/1218/1161
f 1648/1904/1853 919/1218/1161 909/518/480
f 1649/449/421 1651/1906/1855 904/1891/1840
f 1651/1906/1855 1652/1907/1856 905/1892/1841
f 1653/1908/1857 1650/501/464 903/524/486
f 925/530/492 928/1901/1850 1651/1906/1855
f 928/1901/1850 927/1903/1852 1652/1907/1856
f 927/1903/1852 926/1905/1854 1653/1908/1857
f 926/1905/1854 924/519/481 1650/501/464
f 1654/444/417 1656/1909/1858 915/1216/1157
f 1656/1909/1858 1657/1910/1859 916/1221/1164
f 1657/1910/1859 1658/1911/1860 921/1219/1162
f 898/529/491 901/1894/1843 1656/1909/1858
f 901/1894/1843 900/1896/1845 1657/1910/1859
f 899/1898/1847 897/446/418 1655/516/478
f 867/433/407 1659/454/424 1661/1912/1861
f 869/1861/1810 1661/1912/1861 1662/1913/1862
f 870/1862/1811 1662/1913/1862 1663/1914/1863
f 871/1863/1812 1663/1914/1863 1660/511/473
f 1661/1912/1861 936/1915/1864 937/1916/1865
f 1663/1914/1863 938/1917/1866 935/475/443
f 930/456/426 1664/427/401 1666/1918/1867
f 933/1919/1868 1666/1918/1867 1667/1920/1869
f 931/1923/1872 1668/1922/1871 1665/460/429
f 1664/427/401 858/426/400 861/1865/1814
f 1666/1918/1867 861/1865/1814 860/1867/1816
f 1667/1920/1869 860/1867/1816 859/1869/1818
f 1668/1922/1871 859/1869/1818 857/451/423
f 1669/467/436 1671/1924/1873 947/1224/1168
f 1671/1924/1873 1672/1925/1874 948/1233/1178
f 1672/1925/1874 1673/1926/1875 954/1229/1174
f 1673/1926/1875 1670/495/460 945/1230/1175
f 939/463/432 941/1927/1876 1671/1924/1873
f 941/1927/1876 942/1928/1877 1672/1925/1874
f 942/1928/1877 943/1929/1878 1673/1926/1875
f 943/1929/1878 940/492/457 1670/495/460
f 934/455/425 1674/461/430 1676/1930/1879
f 936/1915/1864 1676/1930/1879 1677/1931/1880
f 937/1916/1865 1677/1931/1880 1678/1932/1881
f 1674/461/430 946/462/431 958/1236/1182
f 1677/1931/1880 953/1231/1176 952/1228/1173
f 1678/1932/1881 952/1228/1173 945/1230/1175
f 939/463/432 1679/457/427 1681/1933/1882
f 941/1927/1876 1681/1933/1882 1682/1934/1883
f 942/1928/1877 1682/1934/1883 1683/1935/1884
f 943/1929/1878 1683/1935/1884 1680/493/458
f 1679/457/427 930/456/426 933/1919/1868
f 1681/1933/1882 933/1919/1868 932/1921/1870
f 1682/1934/1883 932/1921/1870 931/1923/1872
f 1683/1935/1884 931/1923/1872 929/459/428
f 946/462/431 1684/412/389 1686/1936/1885
f 957/1223/1886 1686/1941/1889 1685/520/482
f 1684/412/389 840/1195/1135 849/1197/1887
f 1686/1941/1889 842/1940/1130 839/521/483
f 1687/392/369 1689/1945/1894 815/1183/1890
f 1689/1944/1893 1688/1947/445 801/1167/1107
f 908/450/422 910/1215/1156 1689/1945/1894
f 910/1946/1150 907/2195/447 1688/1947/445
s 4
f 982/557/516 1690/556/515 1692/1948/1895
f 985/1949/1896 1692/1948/1895 1693/1950/1897
f 984/1951/1899 1693/1950/1904 1694/1952/1900
f 1694/1954/1900 1691/673/620 981/711/657
f 1690/556/515 966/547/506 968/1956/1902
f 1692/1948/1895 968/1956/1902 969/1957/1903
f 1693/1950/1904 969/1957/1942 970/1958/1905
f 970/1959/1905 967/567/525 1691/673/620
f 1695/593/550 1697/1961/1907 990/1960/1906
f 1697/1961/1907 1698/1963/1913 989/1962/1908
f 1698/1963/1909 1699/1968/1915 988/1964/1910
f 988/1965/1910 1699/1969/1915 1696/651/603
f 971/722/668 973/1966/1912 1697/1961/1907
f 973/1966/1912 974/1967/1978 1698/1963/1913
f 974/1967/1914 975/2036/1980 1699/1968/1915
f 1699/1969/1915 975/2037/1980 972/550/509
f 1700/663/612 1702/1971/1917 965/1970/1916
f 1702/1971/1917 1703/1973/1922 964/1972/1918
f 1703/1973/1919 1704/1976/1923 963/1974/1920
f 963/1975/1920 1704/1977/1923 1701/536/498
f 982/557/516 985/1949/1896 1702/1971/1917
f 985/1949/1896 984/1951/1898 1703/1973/1922
f 984/1951/1899 983/1953/1901 1704/1976/1923
f 1704/1977/1923 983/1955/1901 981/711/657
f 977/692/638 1705/558/517 1707/1978/1924
f 980/1979/1925 1707/1978/1924 1708/1980/1926
f 979/1981/1928 1708/1980/1931 1709/1982/1929
f 1709/1984/1929 1706/555/514 976/542/502
f 1705/558/517 987/540/501 990/1960/1906
f 1707/1978/1924 990/1960/1906 989/1962/1908
f 1708/1980/1931 989/1962/1911 988/1964/1910
f 988/1965/1910 986/553/512 1706/555/514
f 992/693/639 1710/687/633 1712/1986/1932
f 995/1987/1933 1712/1986/1932 1713/1988/1934
f 994/1990/1936 1713/1993/1939 1714/1991/1937
f 1714/1991/1937 1711/544/504 991/561/519
f 1710/687/633 977/692/638 980/1979/1925
f 1712/1986/1932 980/1979/1925 979/1981/1927
f 1713/1993/1939 979/2196/1928 978/1985/1930
f 978/1985/1930 976/542/502 1711/544/504
f 966/547/506 1715/546/505 1717/1994/1940
f 968/1956/1902 1717/1994/1940 1718/1995/1941
f 969/1957/1942 1718/1995/1946 1719/1996/1943
f 1719/1997/1943 1716/565/523 967/567/525
f 1715/546/505 996/576/533 998/1998/1944
f 1717/1994/1940 998/1998/1944 999/1999/1945
f 1718/1995/1946 999/1999/1950 1000/2000/1947
f 1000/2001/1947 997/564/522 1716/565/523
f 996/576/533 1720/585/542 1722/2002/1948
f 998/1998/1944 1722/2002/1948 1723/2003/1949
f 999/1999/1950 1723/2003/1954 1724/2004/1951
f 1724/2005/1951 1721/562/520 997/564/522
f 1720/585/542 1006/584/541 1008/2006/1952
f 1722/2002/1948 1008/2006/1952 1009/2007/1953
f 1723/2003/1954 1009/2007/1970 1010/2008/1955
f 1010/2009/1955 1007/574/532 1721/562/520
f 1002/723/669 1725/716/662 1727/2010/1956
f 1005/2011/1957 1727/2010/1956 1728/2012/1958
f 1004/2014/1960 1728/2017/1963 1729/2015/1961
f 1003/2016/1962 1729/2015/1961 1726/569/527
f 1725/716/662 992/693/639 995/1987/1933
f 1727/2010/1956 995/1987/1933 994/1989/1935
f 1728/2017/1963 994/1990/1936 993/1992/1938
f 993/1992/1938 991/561/519 1726/569/527
f 1730/701/647 1732/2018/1964 1042/1273/1221
f 1732/2018/1964 1733/2020/1966 1043/2019/1965
f 1733/2020/1966 1734/2023/1967 1034/2021/1208
f 1734/2022/1967 1731/667/614 1029/715/661
f 1012/1248/1196 1022/1247/1195 1732/2018/1964
f 1022/1247/1195 1015/1251/1199 1733/2020/1966
f 1015/1251/1199 1014/1241/1189 1734/2023/1967
f 1014/1241/1189 1011/1238/1186 1731/2024/614
f 1006/584/541 1735/686/632 1737/2025/1968
f 1008/2006/1952 1737/2025/1972 1738/2026/1969
f 1009/2007/1970 1738/2026/1973 1739/2027/1971
f 1010/2009/1955 1739/2029/1971 1736/572/530
f 1735/686/632 1031/699/645 1044/1272/1220
f 1737/2025/1972 1044/1272/1220 1038/1276/1224
f 1738/2026/1973 1038/1276/1216 1037/2028/1214
f 1739/2029/1971 1037/1265/1214 1030/581/538
f 1012/1248/1196 1740/700/646 1742/2030/1974
f 1020/1246/1194 1742/2030/1974 1743/2031/1975
f 1021/1257/1197 1743/2033/1975 1744/2032/1976
f 1026/1254/1202 1744/2032/1976 1741/578/535
f 1740/700/646 1002/723/669 1005/2011/1957
f 1742/2030/1974 1005/2011/1957 1004/2013/1959
f 1743/2033/1975 1004/2014/1960 1003/2016/1962
f 1744/2032/1976 1003/2016/1962 1001/571/529
f 1745/601/558 1747/2034/1977 973/1966/1912
f 1747/2034/1977 1748/2035/1982 974/1967/1978
f 1748/2035/1979 1749/2040/1984 975/2036/1980
f 975/2037/1980 1749/2041/1984 1746/696/642
f 1052/662/611 1054/2038/1981 1747/2034/1977
f 1054/2038/1981 1055/2039/2000 1748/2035/1982
f 1055/2039/1983 1056/2059/2002 1749/2040/1984
f 1749/2041/1984 1056/2061/2002 1053/590/547
f 1750/508/470 1752/2043/1986 1051/2042/1985
f 1752/2043/1986 1753/2045/1991 1050/2044/1987
f 1753/2045/1988 1754/2048/1992 1049/2046/1989
f 1049/2047/1989 1754/2049/1992 1751/586/543
f 962/510/472 965/1970/1916 1752/2043/1986
f 965/1970/1916 964/1972/1918 1753/2045/1991
f 964/1972/1921 963/1974/1920 1754/2048/1992
f 1754/2049/1992 963/1975/1920 961/548/507
f 1064/1292/1244 1755/677/623 1757/2050/1993
f 1075/1290/1242 1757/2050/1993 1758/2051/1994
f 1076/1283/1231 1758/2051/1994 1759/2052/1995
f 1066/1279/1227 1759/2052/1995 1756/652/604
f 1755/677/623 1057/679/625 1059/2053/1996
f 1757/2050/1993 1059/2053/1996 1060/2054/1997
f 1758/2051/1994 1060/2054/1997 1061/2055/1998
f 1759/2052/1995 1061/2055/1998 1058/2056/553
f 1760/678/624 1762/2057/1999 1054/2038/1981
f 1762/2057/1999 1763/2058/2004 1055/2039/2000
f 1763/2058/2001 1764/2062/2003 1056/2059/2002
f 1764/2060/2003 1761/598/555 1053/590/547
f 1064/1292/1244 1077/1291/1243 1762/2057/1999
f 1077/1291/1243 1071/1294/1246 1763/2058/2004
f 1071/1294/2005 1070/1288/1236 1764/2062/2003
f 1070/2063/1236 1063/2182/1233 1761/598/555
f 1765/680/626 1767/2064/2006 1059/2053/1996
f 1767/2064/2006 1768/2065/2008 1060/2054/1997
f 1768/2065/2007 1769/2067/2009 1061/2055/1998
f 1061/2066/1998 1769/2068/2009 1766/594/551
f 1048/708/654 1051/2042/1985 1767/2064/2006
f 1051/2042/1985 1050/2044/1987 1768/2065/2008
f 1050/2044/1990 1049/2046/1989 1769/2067/2009
f 1049/2047/1989 1047/588/545 1766/594/551
f 1770/676/622 1772/2070/2011 1104/2069/2010
f 1773/2072/2013 1774/2074/2015 1102/2073/2014
f 1774/2074/2015 1771/720/666 1100/721/667
f 1085/623/578 1087/2075/2016 1772/2070/2011
f 1087/2075/2016 1088/2076/2017 1773/2072/2013
f 1088/2076/2017 1089/2077/2018 1774/2074/2015
f 1089/2077/2018 1086/719/665 1771/720/666
f 1106/617/572 1775/616/571 1777/2078/2019
f 1109/2079/2020 1777/2078/2019 1778/2080/2021
f 1108/2081/2022 1778/2080/2021 1779/2082/2023
f 1107/2083/2024 1779/2082/2023 1776/657/607
f 1777/2078/2019 1092/2084/2025 1093/2085/2026
f 1778/2080/2021 1093/2085/2026 1094/2086/2027
f 1779/2082/2023 1094/2086/2027 1091/658/608
f 1081/613/568 1780/604/560 1782/2087/2028
f 1084/2088/2029 1782/2087/2028 1783/2089/2030
f 1083/2090/2031 1783/2089/2030 1784/2091/2032
f 1082/2092/2033 1784/2091/2032 1781/674/621
f 1780/604/560 1101/603/559 1104/2069/2010
f 1782/2087/2028 1104/2069/2010 1103/2071/2012
f 1783/2089/2030 1103/2071/2012 1102/2073/2014
f 1784/2091/2032 1102/2073/2014 1100/721/667
f 1787/2094/2035 1788/2096/2037 1098/2095/2036
f 1789/2098/2039 1786/695/641 1095/712/658
f 1106/617/572 1109/2079/2020 1787/2094/2035
f 1109/2079/2020 1108/2081/2022 1788/2096/2037
f 1107/2083/2024 1105/660/610 1786/695/641
f 1792/2100/2041 1793/2102/2043 1113/2101/2042
f 1794/2104/2045 1791/626/581 1110/610/565
f 1096/659/609 1099/2093/2034 1792/2100/2041
f 1099/2093/2034 1098/2095/2036 1793/2102/2043
f 1097/2097/2038 1095/712/658 1791/626/581
f 1795/624/579 1797/2105/2046 1087/2075/2016
f 1797/2105/2046 1798/2106/2047 1088/2076/2017
f 1798/2106/2047 1799/2107/2048 1089/2077/2018
f 1799/2107/2048 1796/606/562 1086/719/665
f 1115/629/584 1117/2108/2049 1797/2105/2046
f 1117/2108/2049 1118/2109/2050 1798/2106/2047
f 1118/2109/2050 1119/2110/2051 1799/2107/2048
f 1119/2110/2051 1116/672/619 1796/606/562
f 1800/630/585 1802/2111/2052 1117/2108/2049
f 1802/2111/2052 1803/2112/2053 1118/2109/2050
f 1803/2112/2053 1804/2113/2054 1119/2110/2051
f 1804/2113/2054 1801/713/659 1116/672/619
f 1125/634/589 1127/2114/2055 1802/2111/2052
f 1127/2114/2055 1128/2115/2056 1803/2112/2053
f 1128/2115/2056 1129/2116/2057 1804/2113/2054
f 1129/2116/2057 1126/710/656 1801/713/659
f 1805/625/580 1807/2118/2059 1124/2117/2058
f 1807/2118/2059 1808/2120/2061 1123/2119/2060
f 1808/2120/2061 1809/2122/2063 1122/2121/2062
f 1111/689/635 1114/2099/2040 1807/2118/2059
f 1114/2099/2040 1113/2101/2042 1808/2120/2061
f 1113/2101/2042 1112/2103/2044 1809/2122/2063
f 1112/2103/2044 1110/610/565 1806/612/567
f 1147/718/664 1810/671/618 1812/2123/2064
f 1150/1310/1266 1812/2123/2064 1813/2124/2065
f 1151/1312/1268 1813/2124/2065 1814/2125/2066
f 1158/1318/1274 1814/2125/2066 1811/703/649
f 1810/671/618 1130/670/617 1133/1296/1249
f 1812/2123/2064 1133/1296/1249 1143/1300/1253
f 1813/2124/2065 1143/1300/1253 1142/1306/1261
f 1814/2125/2066 1142/1306/1261 1132/704/650
f 1815/636/591 1817/2126/2067 1127/2114/2055
f 1817/2126/2067 1818/2127/2068 1128/2115/2056
f 1818/2127/2068 1819/2128/2069 1129/2116/2057
f 1819/2128/2069 1816/690/636 1126/710/656
f 1149/1324/1280 1163/1323/1279 1817/2126/2067
f 1163/1323/1279 1157/1326/1282 1818/2127/2068
f 1157/1326/1282 1156/1317/1273 1819/2128/2069
f 1156/1317/1273 1148/705/651 1816/690/636
f 1820/631/586 1822/2129/2070 1137/1304/1257
f 1824/2131/2072 1821/702/648 1132/704/650
f 1123/2119/2060 1122/2121/2062 1824/2131/2072
f 1122/2121/2062 1120/633/588 1821/702/648
f 1092/2084/2025 1827/2132/2073 1828/2133/2074
f 1093/2085/2026 1828/2133/2074 1829/2134/2075
f 1094/2086/2027 1829/2134/2075 1826/697/643
f 1825/641/594 1171/642/595 1173/2135/2076
f 1827/2132/2073 1173/2135/2076 1174/2136/2077
f 1829/2134/2075 1175/2137/2078 1172/664/613
f 1167/643/596 1830/614/569 1832/2138/2079
f 1170/2139/2080 1832/2138/2079 1833/2140/2081
f 1169/2141/2082 1833/2140/2081 1834/2142/2083
f 1168/2143/2084 1834/2142/2083 1831/647/599
f 1830/614/569 1081/613/568 1084/2088/2029
f 1832/2138/2079 1084/2088/2029 1083/2090/2031
f 1833/2140/2081 1083/2090/2031 1082/2092/2033
f 1834/2142/2083 1082/2092/2033 1080/638/593
f 1835/656/606 1837/2144/2085 1184/1329/1285
f 1837/2144/2085 1838/2197/2086 1185/2145/1294
f 1838/2146/2086 1839/2147/2087 1192/1334/1290
f 1839/2147/2087 1836/684/630 1182/1335/1291
f 1176/655/602 1178/2198/2088 1837/2144/2085
f 1178/2148/2088 1179/2150/2089 1838/2146/2086
f 1179/2150/2089 1180/2151/2090 1839/2147/2087
f 1171/642/595 1840/648/600 1842/2152/2091
f 1174/2136/2077 1843/2153/2092 1844/2154/2093
f 1175/2137/2078 1844/2154/2093 1841/683/629
f 1840/648/600 1183/649/601 1195/1342/1298
f 1842/2152/2091 1195/1342/1298 1191/1336/1292
f 1843/2153/2092 1191/1336/1292 1190/1333/1289
f 1844/2154/2093 1190/1333/1289 1182/1335/1291
f 1176/650/602 1845/644/597 1847/2155/2094
f 1178/2148/2088 1847/2155/2094 1848/2156/2095
f 1179/2150/2089 1848/2156/2095 1849/2157/2096
f 1180/2151/2090 1849/2157/2096 1846/682/628
f 1845/644/597 1167/643/596 1170/2139/2080
f 1847/2155/2094 1170/2139/2080 1169/2141/2082
f 1848/2156/2095 1169/2141/2082 1168/2143/2084
f 1849/2157/2096 1168/2143/2084 1166/646/598
f 1183/649/601 1850/599/556 1852/2158/2097
f 1186/1328/1284 1852/2162/2100 1851/706/652
f 1850/599/556 1063/2182/1233 1072/2160/2098
f 1852/2162/2100 1065/2192/1228 1062/707/653
f 1853/579/536 1855/2164/2106 1025/2163/1203
f 1856/2167/2105 1854/668/615 1011/2168/1186
f 1131/637/592 1139/1303/1256 1855/2164/2106
f 1139/2170/1250 1130/670/617 1854/668/615
f 1149/1324/1280 1857/635/590 1859/2171/2108
f 1161/1322/1278 1859/2171/2108 1860/2172/2109
f 1162/1314/1270 1860/2172/2109 1861/2173/2110
f 1152/1311/1267 1861/2173/2110 1858/714/660
f 1857/635/590 1030/581/538 1039/1266/1215
f 1859/2171/2108 1039/1266/1215 1033/1260/1209
f 1860/2172/2109 1033/1260/1209 1032/1258/1207
f 1861/2173/2110 1032/1258/1207 1029/715/661
