# Blender 5.2.2 LTS
# www.blender.org
mtllib LlantaCentralIzquierda.mtl
g LlantaCentralIzquierda_LlantaCentralIzquierda
v -0.870308 -0.022502 -1.763971
v -0.853024 -0.197990 -1.763971
v -0.801836 -0.366732 -1.763971
v -0.718712 -0.522248 -1.763971
v -0.606846 -0.658557 -1.763971
v -0.470536 -0.770423 -1.763971
v -0.315022 -0.853547 -1.763971
v -0.146279 -0.904735 -1.763971
v 0.029208 -0.922020 -1.763971
v 0.204695 -0.904735 -1.763971
v 0.373438 -0.853547 -1.763971
v 0.528952 -0.770423 -1.763971
v 0.665262 -0.658557 -1.763971
v 0.777128 -0.522248 -1.763972
v 0.860253 -0.366733 -1.763972
v 0.911440 -0.197990 -1.763972
v 0.928724 -0.022502 -1.763972
v 0.911440 0.152984 -1.763972
v 0.860253 0.321726 -1.763971
v 0.777128 0.477241 -1.763971
v 0.665262 0.613550 -1.763971
v 0.528953 0.725418 -1.763971
v 0.373438 0.808542 -1.763971
v 0.204695 0.859729 -1.763971
v 0.029208 0.877014 -1.763971
v -0.146279 0.859729 -1.763971
v -0.315022 0.808542 -1.763971
v -0.470536 0.725418 -1.763971
v -0.606846 0.613550 -1.763971
v -0.718712 0.477241 -1.763971
v -0.801836 0.321726 -1.763971
v -0.853024 0.152984 -1.763971
v -0.870308 -0.022502 -0.723971
v -0.853023 -0.197989 -0.723971
v -0.801835 -0.366732 -0.723971
v -0.718711 -0.522248 -0.723971
v -0.606845 -0.658556 -0.723971
v -0.470536 -0.770423 -0.723971
v -0.315022 -0.853547 -0.723971
v -0.146279 -0.904734 -0.723971
v 0.029209 -0.922019 -0.723971
v 0.204695 -0.904735 -0.723971
v 0.373439 -0.853547 -0.723972
v 0.528953 -0.770423 -0.723972
v 0.665262 -0.658556 -0.723972
v 0.777129 -0.522248 -0.723972
v 0.860254 -0.366732 -0.723972
v 0.911441 -0.197989 -0.723972
v 0.928725 -0.022502 -0.723971
v 0.911441 0.152984 -0.723971
v 0.860254 0.321727 -0.723971
v 0.777128 0.477242 -0.723971
v 0.665262 0.613551 -0.723971
v 0.528954 0.725418 -0.723971
v 0.373439 0.808542 -0.723971
v 0.204695 0.859729 -0.723971
v 0.029209 0.877013 -0.723971
v -0.146279 0.859729 -0.723971
v -0.315022 0.808542 -0.723971
v -0.470536 0.725418 -0.723971
v -0.606845 0.613552 -0.723971
v -0.718711 0.477242 -0.723971
v -0.801835 0.321727 -0.723971
v -0.853023 0.152984 -0.723971
v -0.975038 -0.223645 -0.723971
v -0.994631 -0.024710 -0.723971
v -0.917010 -0.414936 -0.723971
v -0.822779 -0.591230 -0.723971
v -0.695965 -0.745754 -0.723971
v -0.541442 -0.872568 -0.723971
v -0.365147 -0.966799 -0.723971
v -0.173857 -1.024826 -0.723971
v 0.025079 -1.044420 -0.723971
v 0.224015 -1.024826 -0.723971
v 0.415304 -0.966799 -0.723972
v 0.591599 -0.872568 -0.723972
v 0.746121 -0.745754 -0.723972
v 0.872936 -0.591230 -0.723972
v 0.967167 -0.414936 -0.723972
v 1.025194 -0.223646 -0.723972
v 1.044787 -0.024710 -0.723972
v 1.025194 0.174225 -0.723972
v 0.967167 0.365516 -0.723971
v 0.872936 0.541810 -0.723971
v 0.746123 0.696333 -0.723971
v 0.591599 0.823147 -0.723971
v 0.415304 0.917379 -0.723971
v 0.224015 0.975406 -0.723971
v 0.025079 0.994999 -0.723971
v -0.173857 0.975406 -0.723971
v -0.365147 0.917379 -0.723971
v -0.541442 0.823147 -0.723971
v -0.695964 0.696334 -0.723971
v -0.822779 0.541810 -0.723971
v -0.917010 0.365516 -0.723971
v -0.975038 0.174225 -0.723971
v -0.999343 -0.022502 -1.763971
v -0.979580 -0.223163 -1.763971
v -0.921050 -0.416112 -1.763971
v -0.826001 -0.593936 -1.763971
v -0.698088 -0.749799 -1.763971
v -0.542225 -0.877713 -1.763971
v -0.364402 -0.972761 -1.763971
v -0.171452 -1.031292 -1.763971
v 0.029208 -1.051055 -1.763971
v 0.229868 -1.031292 -1.763971
v 0.422818 -0.972761 -1.763971
v 0.600642 -0.877713 -1.763971
v 0.756504 -0.749799 -1.763972
v 0.884417 -0.593936 -1.763972
v 0.979466 -0.416112 -1.763972
v 1.037996 -0.223163 -1.763972
v 1.057760 -0.022502 -1.763972
v 1.037996 0.178158 -1.763972
v 0.979466 0.371107 -1.763971
v 0.884417 0.548929 -1.763971
v 0.756504 0.704793 -1.763971
v 0.600642 0.832707 -1.763971
v 0.422818 0.927755 -1.763971
v 0.229869 0.986286 -1.763971
v 0.029208 1.006049 -1.763971
v -0.171453 0.986286 -1.763971
v -0.364402 0.927755 -1.763971
v -0.542225 0.832707 -1.763971
v -0.698088 0.704793 -1.763971
v -0.826001 0.548929 -1.763971
v -0.921050 0.371107 -1.763971
v -0.979580 0.178158 -1.763971
v 0.029208 0.073970 -1.703969
v 0.077446 0.061044 -1.703969
v 0.112757 0.025732 -1.703969
v 0.125681 -0.022503 -1.703969
v 0.112757 -0.070739 -1.703969
v 0.077446 -0.106051 -1.703969
v 0.029208 -0.118975 -1.703969
v -0.019028 -0.106051 -1.703969
v -0.054339 -0.070739 -1.703969
v -0.067264 -0.022503 -1.703969
v -0.054339 0.025732 -1.703969
v -0.019028 0.061044 -1.703969
v 0.029208 0.177497 -1.580637
v 0.029208 0.177497 -1.427302
v 0.129208 0.150701 -1.427302
v 0.129208 0.150701 -1.580637
v 0.202415 0.077496 -1.427302
v 0.202415 0.077496 -1.580637
v 0.229208 -0.022503 -1.427302
v 0.229208 -0.022503 -1.580637
v 0.202415 -0.122503 -1.427302
v 0.202415 -0.122503 -1.580637
v 0.129208 -0.195709 -1.427302
v 0.129208 -0.195709 -1.580637
v 0.029208 -0.222503 -1.427302
v 0.029208 -0.222503 -1.580637
v -0.070792 -0.195709 -1.427302
v -0.070792 -0.195709 -1.580637
v -0.143997 -0.122503 -1.427302
v -0.143997 -0.122503 -1.580637
v -0.170792 -0.022503 -1.427302
v -0.170792 -0.022503 -1.580637
v -0.143997 0.077496 -1.427302
v -0.143997 0.077496 -1.580637
v -0.070792 0.150701 -1.427302
v -0.070792 0.150701 -1.580637
v 0.210382 0.853645 -1.080637
v 0.210382 0.853645 -0.827302
v 0.310383 0.826850 -0.827302
v 0.310383 0.826850 -1.080637
v 0.878562 0.258671 -0.827303
v 0.878562 0.258671 -1.080638
v 0.905356 0.158671 -0.827303
v 0.905356 0.158671 -1.080638
v 0.697388 -0.617477 -0.827303
v 0.697388 -0.617477 -1.080637
v 0.624183 -0.690682 -0.827303
v 0.624183 -0.690682 -1.080637
v -0.151965 -0.898651 -0.827303
v -0.151965 -0.898651 -1.080637
v -0.251964 -0.871856 -0.827303
v -0.251964 -0.871856 -1.080637
v -0.820144 -0.303676 -0.827302
v -0.820145 -0.303676 -1.080637
v -0.846939 -0.203676 -0.827302
v -0.846940 -0.203677 -1.080637
v -0.638970 0.572472 -0.827302
v -0.638971 0.572471 -1.080637
v -0.565766 0.645677 -0.827302
v -0.565766 0.645677 -1.080637
v 0.029208 0.177497 -1.703969
v 0.129208 0.150701 -1.703969
v 0.202415 0.077496 -1.703969
v 0.229208 -0.022503 -1.703969
v 0.202415 -0.122503 -1.703969
v 0.129208 -0.195709 -1.703969
v 0.029208 -0.222503 -1.703969
v -0.070792 -0.195709 -1.703969
v -0.143997 -0.122503 -1.703969
v -0.170792 -0.022503 -1.703969
v -0.143997 0.077496 -1.703969
v -0.070792 0.150701 -1.703969
v 0.029208 0.073970 -1.603970
v 0.077446 0.061044 -1.603970
v 0.112757 0.025732 -1.603970
v 0.125681 -0.022503 -1.603970
v 0.112757 -0.070739 -1.603970
v 0.077446 -0.106051 -1.603970
v 0.029208 -0.118975 -1.603970
v -0.019028 -0.106051 -1.603970
v -0.054339 -0.070739 -1.603970
v -0.067264 -0.022503 -1.603970
v -0.054339 0.025732 -1.603970
v -0.019028 0.061044 -1.603970
v -0.193076 1.079297 -1.053305
v -0.192194 1.083286 -1.434639
v -0.404104 1.015282 -1.053305
v -0.403830 1.019087 -1.434639
v -0.908953 0.600963 -1.053304
v -0.910134 0.603573 -1.434639
v -1.012907 0.406478 -1.053304
v -1.014388 0.408528 -1.434639
v -0.769054 0.771429 -1.053304
v -0.769833 0.774531 -1.434639
v -0.598588 0.911328 -1.053305
v -0.598874 0.914833 -1.434639
v 0.026386 1.100912 -1.053305
v 0.027900 1.104963 -1.434639
v 0.456876 1.015282 -1.053305
v 0.459631 1.019087 -1.434639
v 0.245847 1.079297 -1.053305
v 0.247994 1.083286 -1.434639
v 0.821826 0.771429 -1.053305
v 0.825634 0.774531 -1.434640
v 0.651361 0.911328 -1.053305
v 0.654675 0.914833 -1.434639
v 1.065679 0.406478 -1.053305
v 1.070189 0.408528 -1.434640
v 0.961725 0.600963 -1.053305
v 0.965935 0.603573 -1.434640
v 1.151308 -0.024011 -1.053305
v 1.156065 -0.023202 -1.434640
v 1.129694 0.195450 -1.053305
v 1.134388 0.196891 -1.434640
v 1.065679 -0.454500 -1.053305
v 1.070189 -0.454932 -1.434640
v 1.129694 -0.243473 -1.053305
v 1.134388 -0.243296 -1.434640
v 0.821826 -0.819452 -1.053305
v 0.825634 -0.820935 -1.434640
v 0.961725 -0.648984 -1.053305
v 0.965935 -0.649976 -1.434640
v 0.456876 -1.063304 -1.053305
v 0.459631 -1.065491 -1.434639
v 0.651359 -0.959350 -1.053305
v 0.654675 -0.961237 -1.434639
v 0.026386 -1.148934 -1.053305
v 0.027900 -1.151367 -1.434639
v 0.245847 -1.127320 -1.053305
v 0.247994 -1.129689 -1.434639
v -0.404102 -1.063304 -1.053305
v -0.403830 -1.065491 -1.434639
v -0.193076 -1.127320 -1.053305
v -0.192194 -1.129689 -1.434639
v -0.769055 -0.819452 -1.053305
v -0.769833 -0.820935 -1.434639
v -0.598588 -0.959350 -1.053305
v -0.598875 -0.961237 -1.434639
v -1.012907 -0.454500 -1.053305
v -1.014388 -0.454932 -1.434639
v -0.908953 -0.648985 -1.053305
v -0.910134 -0.649976 -1.434639
v -1.076922 0.195450 -1.053304
v -1.078587 0.196891 -1.434639
v -1.098536 -0.024011 -1.053304
v -1.100264 -0.023202 -1.434639
v -1.076922 -0.243473 -1.053305
v -1.078587 -0.243296 -1.434639
v 0.029209 0.177497 -0.989525
v 0.029209 0.177497 -0.891747
v 0.129208 0.150702 -0.891747
v 0.129208 0.150702 -0.989525
v 0.202415 0.077497 -0.891747
v 0.202415 0.077497 -0.989525
v 0.229208 -0.022503 -0.891747
v 0.229208 -0.022503 -0.989525
v 0.202415 -0.122503 -0.891747
v 0.202415 -0.122503 -0.989525
v 0.129208 -0.195708 -0.891747
v 0.129208 -0.195708 -0.989525
v 0.029209 -0.222503 -0.891747
v 0.029209 -0.222503 -0.989525
v -0.070791 -0.195708 -0.891747
v -0.070792 -0.195708 -0.989525
v -0.143996 -0.122503 -0.891747
v -0.143997 -0.122503 -0.989525
v -0.170792 -0.022503 -0.891747
v -0.170792 -0.022503 -0.989525
v -0.143996 0.077497 -0.891747
v -0.143997 0.077497 -0.989525
v -0.070791 0.150702 -0.891747
v -0.070792 0.150702 -0.989525
v 0.624183 0.645677 -0.891748
v 0.624183 0.645677 -0.989524
v 0.697388 0.572472 -0.891748
v 0.697388 0.572472 -0.989524
v 0.310383 -0.871856 -0.891748
v 0.310383 -0.871856 -0.989525
v 0.210382 -0.898651 -0.891748
v 0.210382 -0.898651 -0.989525
v -0.846940 0.158671 -0.891747
v -0.846940 0.158671 -0.989525
v -0.820145 0.258671 -0.891747
v -0.820145 0.258671 -0.989525
v -0.959496 0.383026 -0.729171
v -1.020136 0.183128 -0.729171
v -0.728504 0.728731 -0.729171
v -0.861025 0.567254 -0.729171
v -0.382800 0.959723 -0.729171
v -0.567027 0.861251 -0.729171
v 0.024986 1.040836 -0.729171
v -0.182902 1.020361 -0.729171
v 0.432771 0.959723 -0.729171
v 0.232873 1.020361 -0.729171
v 0.778476 0.728730 -0.729171
v 0.616999 0.861251 -0.729171
v 1.009468 0.383026 -0.729171
v 0.910996 0.567254 -0.729171
v 1.090581 -0.024760 -0.729172
v 1.070107 0.183128 -0.729171
v 1.009468 -0.432546 -0.729171
v 1.070107 -0.232647 -0.729172
v 0.778476 -0.778250 -0.729171
v 0.910996 -0.616773 -0.729171
v 0.432771 -1.009242 -0.729171
v 0.616999 -0.910772 -0.729171
v 0.024986 -1.090356 -0.729171
v 0.232873 -1.069881 -0.729171
v -0.382800 -1.009242 -0.729171
v -0.182902 -1.069881 -0.729171
v -0.728504 -0.778250 -0.729171
v -0.567027 -0.910772 -0.729171
v -0.959496 -0.432546 -0.729171
v -0.861025 -0.616773 -0.729171
v -1.040611 -0.024760 -0.729171
v -1.020136 -0.232647 -0.729171
v -1.024882 -0.232143 -1.758771
v -1.045535 -0.022454 -1.758771
v -0.864392 -0.619601 -1.758771
v -0.963718 -0.433775 -1.758771
v -0.567846 -0.916147 -1.758771
v -0.730723 -0.782477 -1.758771
v -0.180389 -1.076637 -1.758772
v -0.382021 -1.015472 -1.758771
v 0.238991 -1.076637 -1.758772
v 0.029301 -1.097289 -1.758772
v 0.626448 -0.916148 -1.758772
v 0.440623 -1.015472 -1.758772
v 0.922995 -0.619601 -1.758772
v 0.789325 -0.782477 -1.758772
v 1.083484 -0.232143 -1.758772
v 1.022321 -0.433775 -1.758772
v 1.083485 0.187236 -1.758772
v 1.104137 -0.022454 -1.758772
v 0.922995 0.574693 -1.758772
v 1.022321 0.388869 -1.758772
v 0.626448 0.871241 -1.758771
v 0.789325 0.737571 -1.758772
v 0.238991 1.031730 -1.758771
v 0.440623 0.970566 -1.758771
v -0.180389 1.031730 -1.758771
v 0.029301 1.052383 -1.758771
v -0.567846 0.871241 -1.758771
v -0.382021 0.970566 -1.758771
v -0.864392 0.574693 -1.758771
v -0.730723 0.737571 -1.758771
v -1.024882 0.187236 -1.758771
v -0.963718 0.388869 -1.758771
v -0.214127 1.193974 -1.432732
v -0.446927 1.123356 -1.432732
v -1.003862 0.666291 -1.432731
v -1.118541 0.451741 -1.432731
v -0.849530 0.854345 -1.432731
v -0.661476 1.008677 -1.432732
v 0.027976 1.217820 -1.432732
v 0.502879 1.123356 -1.432732
v 0.270080 1.193974 -1.432732
v 0.905482 0.854345 -1.432732
v 0.717428 1.008676 -1.432732
v 1.174493 0.451741 -1.432732
v 1.059814 0.666291 -1.432732
v 1.268957 -0.023161 -1.432732
v 1.245112 0.218941 -1.432732
v 1.174493 -0.498064 -1.432732
v 1.245112 -0.265264 -1.432732
v 0.905482 -0.900667 -1.432732
v 1.059814 -0.712613 -1.432732
v 0.502879 -1.169678 -1.432732
v 0.717428 -1.054999 -1.432732
v 0.027976 -1.264143 -1.432732
v 0.270079 -1.240298 -1.432732
v -0.446927 -1.169678 -1.432732
v -0.214127 -1.240298 -1.432732
v -0.849530 -0.900667 -1.432732
v -0.661476 -1.054999 -1.432732
v -1.118541 -0.498064 -1.432731
v -1.003862 -0.712613 -1.432732
v -1.189160 0.218941 -1.432731
v -1.213005 -0.023161 -1.432731
v -1.189160 -0.265264 -1.432731
v -0.215097 1.189587 -1.055212
v -0.447228 1.119170 -1.055212
v -1.002562 0.663419 -1.055212
v -1.116912 0.449485 -1.055212
v -0.848674 0.850933 -1.055212
v -0.661160 1.004821 -1.055212
v 0.026310 1.213363 -1.055212
v 0.499850 1.119170 -1.055212
v 0.267719 1.189587 -1.055212
v 0.901295 0.850933 -1.055213
v 0.713781 1.004821 -1.055213
v 1.169532 0.449485 -1.055213
v 1.055183 0.663419 -1.055213
v 1.263725 -0.024051 -1.055213
v 1.239948 0.217355 -1.055213
v 1.169532 -0.497590 -1.055212
v 1.239948 -0.265459 -1.055213
v 0.901294 -0.899036 -1.055212
v 1.055183 -0.711522 -1.055212
v 0.499849 -1.167274 -1.055212
v 0.713781 -1.052924 -1.055212
v 0.026310 -1.261467 -1.055212
v 0.267719 -1.237689 -1.055212
v -0.447228 -1.167274 -1.055212
v -0.215097 -1.237689 -1.055212
v -0.848674 -0.899036 -1.055211
v -0.661160 -1.052924 -1.055212
v -1.116912 -0.497590 -1.055211
v -1.002562 -0.711522 -1.055211
v -1.187328 0.217355 -1.055212
v -1.211104 -0.024051 -1.055212
v -1.187328 -0.265459 -1.055212
v 0.159732 0.664616 -1.399987
v 0.132502 0.562993 -1.538556
v 0.107090 0.468150 -1.622716
v 0.068429 0.323864 -1.645577
v 0.232502 0.536198 -1.538556
v 0.259732 0.637821 -1.399987
v 0.168428 0.297069 -1.645577
v 0.207089 0.441354 -1.622716
v 0.375577 0.016715 -1.645577
v 0.519861 0.055376 -1.622716
v 0.614704 0.080790 -1.538556
v 0.716327 0.108020 -1.399987
v 0.493066 0.155377 -1.622716
v 0.348781 0.116716 -1.645577
v 0.689532 0.208019 -1.399987
v 0.587909 0.180789 -1.538556
v -0.177940 0.257851 -1.645577
v -0.283564 0.363475 -1.622716
v -0.352994 0.432903 -1.538556
v -0.427388 0.507297 -1.399987
v -0.356769 0.290270 -1.622716
v -0.251145 0.184646 -1.645577
v -0.500593 0.434092 -1.399987
v -0.426199 0.359698 -1.538556
v -0.434650 -0.200383 -1.622716
v -0.290364 -0.161722 -1.645577
v -0.631116 -0.253027 -1.399987
v -0.529492 -0.225797 -1.538556
v -0.556287 -0.125796 -1.538556
v -0.657911 -0.153026 -1.399987
v -0.317159 -0.061722 -1.645577
v -0.461444 -0.100383 -1.622716
v -0.110011 -0.342076 -1.645577
v -0.148672 -0.486361 -1.622716
v -0.174085 -0.581204 -1.538556
v -0.201315 -0.682827 -1.399987
v -0.048672 -0.513156 -1.622716
v -0.010011 -0.368871 -1.645577
v -0.101315 -0.709622 -1.399987
v -0.074085 -0.607999 -1.538556
v 0.415186 -0.335275 -1.622716
v 0.309562 -0.229652 -1.645577
v 0.559009 -0.479100 -1.399987
v 0.484616 -0.404705 -1.538556
v 0.411411 -0.477910 -1.538556
v 0.485804 -0.552305 -1.399987
v 0.236357 -0.302857 -1.645577
v 0.341981 -0.408480 -1.622716
v 0.029209 0.177497 -0.371303
v 0.129209 0.150702 -0.371303
v 0.202416 0.077497 -0.371303
v 0.229209 -0.022503 -0.371303
v 0.202416 -0.122503 -0.371303
v 0.129209 -0.195708 -0.371303
v 0.029209 -0.222503 -0.371303
v -0.070791 -0.195708 -0.371303
v -0.143996 -0.122503 -0.371303
v -0.170791 -0.022503 -0.371303
v -0.143996 0.077497 -0.371303
v -0.070791 0.150702 -0.371303
v 0.159209 0.202664 -0.089724
v 0.029209 0.237497 -0.089724
v 0.029209 0.237497 -0.371256
v 0.254376 0.107497 -0.089724
v 0.289209 -0.022503 -0.089724
v 0.254376 -0.152503 -0.089724
v 0.159209 -0.247669 -0.089724
v 0.029209 -0.282503 -0.089724
v -0.100791 -0.247669 -0.089724
v -0.195957 -0.152503 -0.089724
v -0.230791 -0.022503 -0.089724
v -0.195957 0.107497 -0.089724
v -0.100791 0.202664 -0.089724
v 0.159209 0.202664 -0.371256
v 0.254376 0.107497 -0.371256
v 0.289209 -0.022503 -0.371256
v 0.254376 -0.152503 -0.371256
v 0.159209 -0.247669 -0.371256
v 0.029209 -0.282503 -0.371256
v -0.100791 -0.247669 -0.371256
v -0.195957 -0.152503 -0.371256
v -0.230791 -0.022503 -0.371256
v -0.195957 0.107497 -0.371256
v -0.100791 0.202664 -0.371256
v 0.398129 0.868149 -1.763971
v 0.217282 0.923008 -1.763971
v 0.217282 -0.968014 -1.763971
v 0.398129 -0.913154 -1.763971
v 0.029208 0.941531 -1.763971
v 0.564797 -0.824067 -1.763971
v -0.158866 0.923008 -1.763971
v 0.710883 -0.704177 -1.763972
v -0.339712 0.868149 -1.763971
v 0.830773 -0.558091 -1.763972
v -0.506380 0.779062 -1.763971
v 0.919859 -0.391423 -1.763972
v -0.934826 -0.022502 -1.763971
v -0.916302 -0.210576 -1.763971
v -0.652467 0.659172 -1.763971
v 0.974718 -0.210576 -1.763972
v -0.861443 -0.391423 -1.763971
v -0.772357 0.513086 -1.763971
v 0.993243 -0.022502 -1.763972
v -0.772357 -0.558091 -1.763971
v -0.861443 0.346416 -1.763971
v 0.974718 0.165570 -1.763972
v -0.652467 -0.704177 -1.763971
v -0.916302 0.165570 -1.763971
v 0.919859 0.346416 -1.763971
v -0.506380 -0.824067 -1.763971
v 0.830773 0.513086 -1.763971
v -0.339712 -0.913154 -1.763971
v 0.710883 0.659172 -1.763971
v -0.158866 -0.968014 -1.763971
v 0.564797 0.779062 -1.763971
v 0.029208 -0.986536 -1.763971
v -0.914030 -0.210818 -0.723971
v -0.859423 -0.390835 -0.723971
v -0.770745 -0.556740 -0.723971
v -0.651405 -0.702155 -0.723971
v -0.505988 -0.821495 -0.723971
v -0.340085 -0.910173 -0.723971
v -0.160068 -0.964781 -0.723971
v 0.027143 -0.983219 -0.723971
v 0.214355 -0.964781 -0.723971
v 0.394372 -0.910173 -0.723972
v 0.560276 -0.821495 -0.723972
v 0.705693 -0.702155 -0.723972
v 0.825032 -0.556738 -0.723972
v 0.913711 -0.390835 -0.723972
v 0.968318 -0.210818 -0.723972
v 0.986757 -0.023606 -0.723971
v 0.968318 0.163605 -0.723971
v 0.913711 0.343621 -0.723971
v 0.825032 0.509526 -0.723971
v 0.705693 0.654942 -0.723971
v 0.560276 0.774282 -0.723971
v 0.394372 0.862960 -0.723971
v 0.214355 0.917568 -0.723971
v 0.027143 0.936007 -0.723971
v -0.160068 0.917568 -0.723971
v -0.340085 0.862960 -0.723971
v -0.505988 0.774283 -0.723971
v -0.651404 0.654942 -0.723971
v -0.770745 0.509526 -0.723971
v -0.859423 0.343622 -0.723971
v -0.914030 0.163605 -0.723971
v -0.932469 -0.023606 -0.723971
v 0.059210 0.289463 -1.476982
v 0.114703 0.496566 -1.444167
v 0.124887 0.534574 -1.410439
v 0.163973 0.680444 -1.211542
v 0.214703 0.469772 -1.444167
v 0.159210 0.262669 -1.476982
v 0.263972 0.653649 -1.211542
v 0.224887 0.507780 -1.410439
v 0.732155 0.112261 -1.211542
v 0.586286 0.073176 -1.410439
v 0.548278 0.062992 -1.444167
v 0.341175 0.007498 -1.476982
v 0.314380 0.107499 -1.476982
v 0.521483 0.162991 -1.444167
v 0.559492 0.173176 -1.410439
v 0.705360 0.212260 -1.211542
v -0.438974 0.518885 -1.211542
v -0.332191 0.412101 -1.410439
v -0.304367 0.384278 -1.444167
v -0.152757 0.232666 -1.476982
v -0.405396 0.338896 -1.410439
v -0.512179 0.445680 -1.211542
v -0.225962 0.159461 -1.476982
v -0.377572 0.311073 -1.444167
v -0.489861 -0.107997 -1.444167
v -0.282758 -0.052504 -1.476982
v -0.673738 -0.157267 -1.211542
v -0.527870 -0.118182 -1.410439
v -0.501075 -0.218182 -1.410439
v -0.646943 -0.257268 -1.211542
v -0.255963 -0.152505 -1.476982
v -0.463066 -0.207998 -1.444167
v -0.205556 -0.698654 -1.211542
v -0.166471 -0.552788 -1.410439
v -0.156286 -0.514778 -1.444167
v -0.100793 -0.307674 -1.476982
v -0.066471 -0.579582 -1.410439
v -0.105556 -0.725449 -1.211542
v -0.000793 -0.334470 -1.476982
v -0.056286 -0.541572 -1.444167
v 0.284379 -0.204469 -1.476982
v 0.435989 -0.356078 -1.444167
v 0.463813 -0.383902 -1.410440
v 0.570596 -0.490685 -1.211542
v 0.362784 -0.429283 -1.444167
v 0.211174 -0.277674 -1.476982
v 0.497391 -0.563890 -1.211542
v 0.390608 -0.457108 -1.410440
vn -0.0000 -1.0000 -0.0000
vn -0.1951 -0.9808 -0.0000
vn 0.1951 -0.9808 -0.0000
vn -0.3827 -0.9239 -0.0000
vn 0.3827 -0.9239 -0.0000
vn 0.5556 -0.8315 -0.0000
vn -0.5556 -0.8315 -0.0000
vn 0.7071 -0.7071 -0.0000
vn -0.7071 -0.7071 -0.0000
vn -0.8315 -0.5556 -0.0000
vn 0.8315 -0.5556 -0.0000
vn 0.9239 -0.3827 -0.0000
vn -0.9239 -0.3827 -0.0000
vn -0.9808 -0.1951 -0.0000
vn 0.9808 -0.1951 -0.0000
vn -1.0000 -0.0000 -0.0000
vn 1.0000 -0.0000 -0.0000
vn 0.9808 0.1951 -0.0000
vn -0.9808 0.1951 -0.0000
vn 0.9239 0.3827 -0.0000
vn -0.9239 0.3827 -0.0000
vn -0.8315 0.5556 -0.0000
vn 0.8315 0.5556 -0.0000
vn -0.7071 0.7071 -0.0000
vn 0.7071 0.7071 -0.0000
vn 0.5556 0.8315 -0.0000
vn -0.5556 0.8315 -0.0000
vn 0.3827 0.9239 -0.0000
vn -0.3827 0.9239 -0.0000
vn 0.1951 0.9808 -0.0000
vn -0.1951 0.9808 -0.0000
vn -0.0000 1.0000 -0.0000
vn 0.0007 -0.0004 -1.0000
vn 0.0008 -0.0000 -1.0000
vn -0.0007 0.0004 -1.0000
vn -0.0004 0.0007 -1.0000
vn 0.0004 0.0007 -1.0000
vn -0.0000 0.0008 -1.0000
vn -0.0004 -0.0007 -1.0000
vn -0.0007 -0.0004 -1.0000
vn 0.0004 -0.0007 -1.0000
vn 0.0007 0.0004 -1.0000
vn -0.0008 -0.0000 -1.0000
vn -0.0000 -0.0008 -1.0000
vn -0.4210 0.9071 -0.0000
vn -0.0890 0.9960 -0.0000
vn -0.9960 0.0890 -0.0000
vn -0.9071 0.4210 -0.0000
vn -0.5751 -0.8181 -0.0000
vn -0.8181 -0.5751 -0.0000
vn -0.3805 -0.1020 0.9191
vn -0.1219 -0.0327 0.9920
vn 0.4210 -0.9071 -0.0000
vn 0.0890 -0.9960 -0.0000
vn 0.9960 -0.0890 -0.0000
vn 0.9071 -0.4210 -0.0000
vn 0.5751 0.8181 -0.0000
vn 0.8181 0.5751 -0.0000
vn -0.6806 0.6806 -0.2714
vn -0.9659 -0.2588 -0.0000
vn -0.9297 -0.2491 -0.2714
vn -0.2588 -0.9659 -0.0000
vn -0.2491 -0.9297 -0.2714
vn 0.6806 -0.6806 -0.2714
vn 0.9659 0.2588 -0.0000
vn 0.9297 0.2491 -0.2714
vn 0.2491 0.9297 -0.2714
vn 0.2588 0.9659 -0.0000
vn 0.5838 -0.5838 -0.5643
vn -0.7974 -0.2137 -0.5643
vn -0.2785 0.2785 0.9191
vn -0.0892 0.0892 0.9920
vn -0.2588 0.9659 -0.0000
vn -0.1020 -0.3805 0.9191
vn -0.0327 -0.1219 0.9920
vn 0.3805 0.1020 0.9191
vn 0.1219 0.0327 0.9920
vn -0.2785 0.2785 -0.9191
vn -0.0892 0.0892 -0.9920
vn 0.3805 0.1020 -0.9191
vn 0.1219 0.0327 -0.9920
vn -0.9659 0.2588 -0.0000
vn -0.8270 -0.2216 0.5167
vn -0.8753 -0.2345 0.4229
vn -0.2216 -0.8270 0.5167
vn -0.2345 -0.8753 0.4229
vn -0.1020 -0.3805 -0.9191
vn -0.0327 -0.1219 -0.9920
vn 0.1080 0.4029 -0.9089
vn 0.1884 0.7029 -0.6859
vn 0.2588 -0.9659 -0.0000
vn 0.6054 -0.6054 0.5167
vn 0.6408 -0.6408 0.4229
vn -0.4029 -0.1079 0.9089
vn -0.7029 -0.1883 0.6859
vn -0.4029 -0.1080 0.9089
vn 0.7974 0.2137 -0.5643
vn -0.3805 -0.1019 -0.9191
vn -0.1219 -0.0327 -0.9920
vn 0.4029 0.1080 -0.9089
vn 0.7029 0.1884 -0.6859
vn 0.2949 -0.2949 0.9089
vn 0.5146 -0.5146 0.6859
vn -0.5838 0.5838 -0.5643
vn 0.2785 -0.2785 -0.9191
vn 0.0892 -0.0892 -0.9920
vn -0.2949 0.2949 -0.9089
vn -0.5146 0.5146 -0.6859
vn 0.4029 0.1079 0.9089
vn 0.7029 0.1884 0.6859
vn -0.4029 -0.1080 -0.9089
vn -0.7029 -0.1883 -0.6859
vn -0.4029 -0.1079 -0.9089
vn 0.8270 0.2216 0.5167
vn 0.8753 0.2345 0.4229
vn 0.2216 0.8270 0.5167
vn 0.2345 0.8753 0.4229
vn 0.9659 -0.2588 -0.0000
vn 0.1079 0.4029 0.9089
vn 0.1883 0.7029 0.6859
vn -0.2137 -0.7974 -0.5643
vn 0.1019 0.3805 -0.9191
vn 0.0327 0.1219 -0.9920
vn -0.1080 -0.4029 -0.9089
vn -0.1884 -0.7029 -0.6859
vn 0.2949 -0.2949 -0.9089
vn 0.5146 -0.5146 -0.6859
vn -0.6054 0.6054 0.5167
vn -0.6408 0.6408 0.4229
vn 0.2785 -0.2785 0.9191
vn 0.0892 -0.0892 0.9920
vn 0.2785 -0.2786 0.9191
vn -0.2949 0.2949 0.9089
vn -0.5146 0.5146 0.6859
vn -0.5000 0.8660 -0.0000
vn -0.8181 0.5751 -0.0000
vn -0.9960 -0.0890 -0.0000
vn -0.8660 -0.5000 -0.0000
vn -0.5000 -0.8660 -0.0000
vn -0.0890 -0.9960 -0.0000
vn 0.5751 -0.8181 -0.0000
vn -0.0000 -0.0000 1.0000
vn 0.8660 -0.5000 -0.0000
vn 0.9071 0.4210 -0.0000
vn 0.4210 0.9071 -0.0000
vn -0.0000 -0.0000 -1.0000
vn 0.2137 0.7974 -0.5643
vn -0.8660 0.5000 -0.0000
vn 0.5000 -0.8660 -0.0000
vn 0.8660 0.5000 -0.0000
vn 0.5000 0.8660 -0.0000
vn -0.1883 -0.7029 0.6859
vn 0.7029 0.1883 0.6859
vn 0.1020 0.3805 0.9191
vn 0.0327 0.1219 0.9920
vn -0.1080 -0.4029 0.9089
vn -0.1079 -0.4029 0.9089
vn -0.0392 0.0119 0.9992
vn -0.0407 -0.0040 0.9992
vn -0.0391 0.0119 0.9992
vn -0.0317 0.0260 0.9992
vn -0.0316 0.0259 0.9992
vn -0.0193 0.0362 0.9992
vn -0.0193 0.0361 0.9992
vn -0.0040 0.0408 0.9992
vn 0.0119 0.0393 0.9992
vn 0.0261 0.0318 0.9992
vn 0.0260 0.0317 0.9992
vn 0.0362 0.0194 0.9992
vn 0.0409 0.0040 0.9992
vn 0.0393 -0.0119 0.9992
vn 0.0317 -0.0260 0.9992
vn 0.0193 -0.0361 0.9992
vn 0.0193 -0.0362 0.9992
vn 0.0040 -0.0407 0.9992
vn 0.0040 -0.0408 0.9992
vn -0.0119 -0.0391 0.9992
vn -0.0119 -0.0392 0.9992
vn -0.0259 -0.0316 0.9992
vn -0.0360 -0.0193 0.9992
vn 0.0118 0.0388 -0.9992
vn 0.0191 -0.0358 -0.9992
vn 0.0040 -0.0405 -0.9992
vn 0.0192 -0.0359 -0.9992
vn -0.0040 0.0404 -0.9992
vn 0.0313 -0.0257 -0.9992
vn 0.0314 -0.0258 -0.9992
vn -0.0192 0.0359 -0.9992
vn 0.0388 -0.0118 -0.9992
vn -0.0405 -0.0040 -0.9992
vn -0.0191 0.0358 -0.9992
vn -0.0315 0.0258 -0.9992
vn -0.0359 -0.0192 -0.9992
vn -0.0314 0.0258 -0.9992
vn 0.0403 0.0040 -0.9992
vn -0.0390 0.0118 -0.9992
vn 0.0404 0.0040 -0.9992
vn -0.0258 -0.0315 -0.9992
vn -0.0389 0.0118 -0.9992
vn 0.0357 0.0191 -0.9992
vn -0.0118 -0.0389 -0.9992
vn -0.0118 -0.0390 -0.9992
vn 0.0257 0.0313 -0.9992
vn 0.0040 -0.0404 -0.9992
vn -0.2874 0.9476 -0.1397
vn -0.2780 0.9165 -0.2875
vn -0.2875 0.9477 -0.1389
vn -0.8729 0.4666 -0.1429
vn -0.8439 0.4511 -0.2904
vn -0.8730 0.4666 -0.1422
vn 0.3832 0.9236 0.0039
vn 0.3822 0.9241 0.0037
vn 0.3820 0.9241 0.0037
vn -0.6280 0.7652 -0.1414
vn -0.6073 0.7400 -0.2890
vn -0.6281 0.7653 -0.1406
vn -0.1945 -0.9809 -0.0031
vn -0.1935 -0.9811 -0.0034
vn -0.1947 -0.9809 -0.0030
vn 0.3808 0.9246 0.0042
vn 0.3806 0.9247 0.0042
vn 0.0719 0.0876 0.9936
vn 0.5556 -0.8314 0.0005
vn 0.5555 -0.8315 0.0005
vn -0.1075 0.0326 -0.9937
vn 0.7658 0.6285 -0.1360
vn 0.7411 0.6082 -0.2844
vn 0.7658 0.6285 -0.1359
vn 0.4670 0.8736 -0.1368
vn 0.4519 0.8454 -0.2849
vn 0.4670 0.8737 -0.1364
vn 0.0971 0.9856 -0.1381
vn 0.0939 0.9536 -0.2860
vn 0.0971 0.9857 -0.1374
vn -0.5561 -0.8311 -0.0044
vn -0.5551 -0.8318 -0.0042
vn -0.5562 -0.8310 -0.0044
vn 0.5554 -0.8316 0.0005
vn 0.9539 -0.0940 -0.2849
vn 0.9858 -0.0971 -0.1368
vn 0.9859 -0.0971 -0.1364
vn 0.9174 0.2783 -0.2844
vn 0.9480 0.2876 -0.1360
vn 0.9481 0.2876 -0.1359
vn -0.5549 -0.8319 -0.0043
vn -0.5537 -0.8327 -0.0047
vn 0.0329 0.1084 0.9936
vn 0.6076 -0.7404 -0.2875
vn 0.6282 -0.7654 -0.1397
vn 0.6282 -0.7655 -0.1389
vn 0.8451 -0.4517 -0.2860
vn 0.8735 -0.4669 -0.1381
vn 0.8736 -0.4669 -0.1374
vn -0.3826 0.9239 0.0005
vn -0.3827 0.9239 0.0005
vn -0.3828 0.9238 0.0005
vn -0.0868 0.0712 -0.9937
vn 0.9242 0.3820 0.0050
vn 0.9236 0.3833 0.0048
vn 0.9235 0.3835 0.0048
vn -0.3829 0.9238 0.0005
vn -0.3830 0.9238 0.0005
vn -0.7393 -0.6067 -0.2921
vn -0.7649 -0.6277 -0.1444
vn -0.7649 -0.6278 -0.1443
vn -0.4509 -0.8436 -0.2915
vn -0.4665 -0.8727 -0.1439
vn -0.4665 -0.8728 -0.1435
vn -0.0938 -0.9523 -0.2904
vn -0.0970 -0.9850 -0.1429
vn -0.0970 -0.9851 -0.1422
vn 0.2779 -0.9161 -0.2890
vn 0.2874 -0.9473 -0.1414
vn 0.2874 -0.9474 -0.1406
vn -0.9848 0.0970 -0.1439
vn -0.9520 0.0938 -0.2915
vn -0.9849 0.0970 -0.1435
vn 0.9229 0.3851 0.0054
vn 0.9228 0.3854 0.0054
vn -0.9469 -0.2872 -0.1444
vn -0.9152 -0.2776 -0.2921
vn -0.9469 -0.2872 -0.1443
vn -0.0111 0.1127 0.9936
vn 0.8317 -0.5553 0.0024
vn 0.8313 -0.5558 0.0023
vn 0.8317 -0.5552 0.0024
vn -0.0529 0.0989 -0.9937
vn -0.9131 -0.2770 0.2992
vn -0.9458 -0.2869 0.1519
vn -0.9459 -0.2869 0.1518
vn -0.9809 -0.1943 -0.0048
vn -0.9807 -0.1957 -0.0046
vn 0.8312 -0.5559 0.0023
vn 0.8308 -0.5566 0.0025
vn -0.9494 0.0935 0.2997
vn -0.9835 0.0969 0.1527
vn -0.9836 0.0969 0.1523
vn 0.2868 -0.9453 0.1556
vn 0.2767 -0.9122 0.3022
vn 0.2868 -0.9454 0.1548
vn -0.0968 -0.9833 0.1540
vn -0.0935 -0.9491 0.3008
vn -0.0969 -0.9834 0.1533
vn -0.4659 -0.8716 0.1527
vn -0.4497 -0.8414 0.2997
vn -0.4659 -0.8716 0.1523
vn -0.7640 -0.6270 0.1519
vn -0.7376 -0.6053 0.2992
vn -0.7641 -0.6270 0.1518
vn -0.9806 -0.1959 -0.0046
vn -0.9803 -0.1975 -0.0051
vn -0.0533 0.0998 0.9936
vn -0.7073 0.7069 -0.0014
vn -0.7070 0.7072 -0.0014
vn -0.7069 0.7073 -0.0014
vn -0.0110 0.1115 -0.9937
vn 0.1949 -0.9808 -0.0015
vn 0.1944 -0.9809 -0.0016
vn 0.1943 -0.9809 -0.0016
vn -0.7066 0.7076 -0.0016
vn -0.7065 0.7077 -0.0016
vn 0.0004 1.0000 0.0024
vn 0.0012 1.0000 0.0025
vn -0.0874 0.0717 0.9936
vn 0.8707 -0.4654 0.1587
vn 0.8399 -0.4489 0.3052
vn 0.8708 -0.4655 0.1580
vn 0.6265 -0.7634 0.1573
vn 0.6044 -0.7365 0.3037
vn 0.6266 -0.7635 0.1564
vn 0.9809 -0.1945 0.0039
vn 0.9807 -0.1956 0.0037
vn 0.9809 -0.1944 0.0039
vn 0.0325 0.1072 -0.9937
vn -0.1956 -0.9807 -0.0032
vn -0.1967 -0.9805 -0.0034
vn -0.1969 -0.9804 -0.0034
vn 0.9806 -0.1958 0.0037
vn 0.9804 -0.1971 0.0041
vn 0.9446 0.2865 0.1603
vn 0.9108 0.2763 0.3068
vn 0.9446 0.2865 0.1601
vn 0.9824 -0.0968 0.1598
vn 0.9474 -0.0933 0.3062
vn 0.9825 -0.0968 0.1593
vn 0.5558 -0.8313 0.0005
vn -0.1081 0.0328 0.9936
vn -0.9241 0.3822 -0.0032
vn -0.9237 0.3831 -0.0030
vn -0.9237 0.3832 -0.0031
vn 0.0710 0.0865 -0.9937
vn 0.0933 0.9477 0.3052
vn 0.0968 0.9826 0.1587
vn 0.0968 0.9827 0.1580
vn 0.4487 0.8396 0.3062
vn 0.4653 0.8706 0.1598
vn 0.4488 0.8396 0.3062
vn 0.4654 0.8707 0.1593
vn 0.7357 0.6038 0.3068
vn 0.7630 0.6262 0.1603
vn 0.7630 0.6262 0.1601
vn -0.3825 0.9240 0.0005
vn -0.9232 0.3842 -0.0034
vn -0.9232 0.3844 -0.0034
vn 0.8321 -0.5545 0.0025
vn 0.8322 -0.5544 0.0025
vn 0.9806 0.1958 0.0048
vn 0.9809 0.1945 0.0046
vn 0.9806 0.1959 0.0048
vn 0.0987 0.0528 -0.9937
vn -0.7076 0.7066 -0.0015
vn -0.7073 0.7069 -0.0015
vn 0.9809 0.1942 0.0046
vn 0.9813 0.1926 0.0051
vn 0.9812 -0.1931 0.0041
vn 0.9812 -0.1929 0.0042
vn -1.0000 -0.0007 -0.0044
vn -1.0000 0.0006 -0.0042
vn -1.0000 0.0008 -0.0043
vn 0.1114 0.0110 -0.9937
vn -0.6047 0.7369 0.3022
vn -0.6267 0.7636 0.1556
vn -0.6268 0.7637 0.1548
vn -0.9245 0.3812 -0.0034
vn -1.0000 0.0023 -0.0047
vn -1.0000 0.0026 -0.0048
vn -0.8411 0.4496 0.3008
vn -0.8714 0.4658 0.1540
vn -0.8715 0.4658 0.1533
vn -0.2766 0.9117 0.3037
vn -0.2867 0.9450 0.1573
vn -0.2867 0.9452 0.1564
vn -0.7529 0.6179 -0.2269
vn -0.6889 0.5654 -0.4535
vn -0.7531 0.6180 -0.2256
vn -0.4593 0.8592 -0.2253
vn -0.4204 0.7866 -0.4523
vn -0.4594 0.8595 -0.2239
vn -0.0955 0.9700 -0.2236
vn -0.0875 0.8882 -0.4510
vn -0.0956 0.9703 -0.2223
vn 0.2830 0.9330 -0.2221
vn 0.2592 0.8546 -0.4500
vn 0.2831 0.9333 -0.2211
vn 0.6187 0.7539 -0.2209
vn 0.5668 0.6906 -0.4493
vn 0.6188 0.7540 -0.2204
vn 0.8602 0.4598 -0.2204
vn 0.7880 0.4212 -0.4490
vn 0.8891 0.0876 -0.4493
vn 0.9706 0.0956 -0.2209
vn 0.9707 0.0956 -0.2204
vn 0.8546 -0.2592 -0.4500
vn 0.9330 -0.2830 -0.2221
vn 0.9333 -0.2831 -0.2211
vn 0.6899 -0.5662 -0.4510
vn 0.7534 -0.6183 -0.2236
vn 0.7537 -0.6185 -0.2223
vn 0.4204 -0.7866 -0.4523
vn 0.4593 -0.8592 -0.2253
vn 0.4594 -0.8595 -0.2239
vn 0.0874 -0.8869 -0.4535
vn 0.0955 -0.9692 -0.2269
vn 0.0955 -0.9695 -0.2256
vn -0.2586 -0.8523 -0.4546
vn -0.2826 -0.9317 -0.2281
vn -0.2827 -0.9319 -0.2271
vn -0.5648 -0.6882 -0.4553
vn -0.6176 -0.7525 -0.2288
vn -0.6176 -0.7526 -0.2282
vn -0.7851 -0.4196 -0.4556
vn -0.8585 -0.4589 -0.2288
vn -0.9688 -0.0954 -0.2288
vn -0.8860 -0.0873 -0.4553
vn -0.9689 -0.0954 -0.2282
vn -0.9317 0.2826 -0.2281
vn -0.8523 0.2586 -0.4546
vn -0.9319 0.2827 -0.2271
vn -0.8486 0.2574 0.4622
vn -0.9295 0.2820 0.2377
vn -0.9297 0.2820 0.2367
vn -0.8829 -0.0870 0.4615
vn -0.9669 -0.0952 0.2366
vn -0.9671 -0.0952 0.2361
vn -0.8570 -0.4581 0.2360
vn -0.7825 -0.4183 0.4612
vn -0.6164 -0.7511 0.2366
vn -0.5628 -0.6858 0.4615
vn -0.6165 -0.7512 0.2361
vn -0.2820 -0.9295 0.2377
vn -0.2574 -0.8486 0.4622
vn -0.2820 -0.9297 0.2367
vn 0.0952 -0.9663 0.2392
vn 0.0869 -0.8820 0.4632
vn 0.0952 -0.9666 0.2380
vn 0.4575 -0.8560 0.2409
vn 0.4175 -0.7810 0.4644
vn 0.4175 -0.7810 0.4645
vn 0.4577 -0.8562 0.2395
vn 0.7499 -0.6155 0.2424
vn 0.6841 -0.5614 0.4657
vn 0.7502 -0.6157 0.2412
vn 0.9281 -0.2815 0.2436
vn 0.8463 -0.2567 0.4667
vn 0.9283 -0.2816 0.2427
vn 0.9650 0.0950 0.2443
vn 0.8798 0.0866 0.4674
vn 0.9652 0.0951 0.2438
vn 0.7795 0.4167 0.4676
vn 0.8552 0.4571 0.2444
vn 0.5608 0.6834 0.4674
vn 0.6152 0.7496 0.2443
vn 0.6152 0.7497 0.2438
vn 0.2567 0.8463 0.4667
vn 0.2815 0.9281 0.2436
vn 0.2816 0.9283 0.2427
vn -0.0867 0.8807 0.4657
vn -0.0951 0.9655 0.2424
vn -0.0951 0.9658 0.2412
vn -0.4175 0.7810 0.4644
vn -0.4575 0.8560 0.2409
vn -0.4577 0.8563 0.2395
vn -0.6851 0.5622 0.4632
vn -0.7506 0.6160 0.2392
vn -0.7508 0.6162 0.2380
vn 0.1000 0.0535 0.9935
vn 0.7065 0.7077 0.0046
vn 0.7053 0.7089 0.0051
vn 0.7051 0.7091 0.0052
vn -0.0004 1.0000 0.0023
vn -0.0012 1.0000 0.0025
vn -0.0014 1.0000 0.0026
vn 0.7076 0.7066 0.0048
vn 0.7067 0.7075 0.0046
vn -0.0003 1.0000 0.0023
vn 0.1128 0.0111 0.9936
vn -0.8310 -0.5563 -0.0048
vn -0.8300 -0.5577 -0.0053
vn -0.8311 -0.5561 -0.0048
vn 0.1953 -0.9807 -0.0014
vn 0.1958 -0.9806 -0.0016
vn -0.8319 -0.5549 -0.0050
vn 0.1948 -0.9808 -0.0015
vn 0.1084 -0.0329 0.9936
vn 1.0000 0.0008 0.0043
vn 1.0000 0.0023 0.0048
vn 1.0000 0.0026 0.0048
vn 1.0000 -0.0007 0.0044
vn 1.0000 0.0006 0.0042
vn 0.0875 -0.0718 0.9936
vn 0.9241 -0.3821 0.0031
vn 0.9245 -0.3811 0.0034
vn 0.9246 -0.3810 0.0035
vn 0.9237 -0.3831 0.0032
vn 0.9240 -0.3823 0.0030
vn 0.0533 -0.0998 0.9936
vn -0.9809 0.1944 -0.0037
vn -0.9812 0.1931 -0.0042
vn -0.9809 0.1946 -0.0037
vn -0.9807 0.1957 -0.0039
vn -0.9806 0.1957 -0.0039
vn 0.0111 -0.1125 0.9936
vn 0.7073 -0.7069 0.0014
vn 0.7077 -0.7066 0.0016
vn 0.7077 -0.7065 0.0016
vn 0.7070 -0.7073 0.0014
vn 0.7072 -0.7070 0.0014
vn -0.9813 -0.1926 -0.0051
vn -0.9813 -0.1924 -0.0051
vn -0.0328 -0.1081 0.9936
vn -0.8317 0.5552 -0.0023
vn -0.8322 0.5545 -0.0025
vn -0.8316 0.5553 -0.0023
vn 0.9249 0.3803 0.0053
vn 0.9242 0.3819 0.0050
vn -0.8313 0.5559 -0.0024
vn -0.8312 0.5559 -0.0024
vn -0.5575 -0.8302 -0.0047
vn -0.5577 -0.8300 -0.0047
vn -0.0716 -0.0873 0.9936
vn 0.3826 -0.9239 -0.0005
vn 0.3824 -0.9240 -0.0005
vn 0.3845 0.9231 0.0041
vn 0.3833 0.9236 0.0039
vn 0.3828 -0.9239 -0.0005
vn 0.7089 0.7053 0.0051
vn 0.7077 0.7065 0.0048
vn -0.0996 -0.0532 0.9936
vn -0.5556 0.8314 -0.0005
vn -0.5558 0.8313 -0.0005
vn -0.8329 -0.5534 -0.0053
vn -0.8331 -0.5532 -0.0054
vn -0.5555 0.8315 -0.0005
vn 1.0000 -0.0023 0.0047
vn -0.1124 -0.0111 0.9936
vn -0.0004 -1.0000 -0.0023
vn -0.0012 -1.0000 -0.0025
vn -0.0014 -1.0000 -0.0026
vn 0.9232 -0.3842 0.0034
vn 0.9237 -0.3832 0.0032
vn -0.1119 -0.0110 -0.9937
vn 0.0004 -1.0000 -0.0023
vn -0.0003 -1.0000 -0.0023
vn -0.9804 0.1970 -0.0041
vn -0.9803 0.1973 -0.0041
vn -0.1948 0.9808 0.0014
vn -0.1943 0.9809 0.0016
vn -0.1949 0.9808 0.0014
vn 0.7066 -0.7076 0.0015
vn 0.7069 -0.7073 0.0015
vn -0.0992 -0.0530 -0.9937
vn -0.1953 0.9807 0.0014
vn -0.1953 0.9807 0.0015
vn -0.8308 0.5566 -0.0025
vn -0.8307 0.5567 -0.0025
vn -0.3833 -0.9236 -0.0037
vn -0.3846 -0.9231 -0.0042
vn -0.3848 -0.9230 -0.0042
vn 0.3829 -0.9238 -0.0005
vn 0.3828 -0.9238 -0.0005
vn -0.0713 -0.0869 -0.9937
vn -0.3821 -0.9241 -0.0039
vn -0.3832 -0.9237 -0.0037
vn -0.5554 0.8316 -0.0005
vn -0.5553 0.8316 -0.0005
vn 0.1957 0.9807 0.0031
vn 0.1967 0.9805 0.0034
vn 0.1955 0.9807 0.0030
vn 0.0012 -1.0000 -0.0025
vn 0.0004 -1.0000 -0.0024
vn -0.0326 -0.1075 -0.9937
vn 0.1946 0.9809 0.0032
vn -0.1958 0.9806 0.0015
vn -0.1959 0.9806 0.0016
vn -0.7077 -0.7065 -0.0046
vn -0.7089 -0.7053 -0.0051
vn -0.7091 -0.7051 -0.0052
vn -0.3808 -0.9246 -0.0041
vn 0.0110 -0.1117 -0.9937
vn -0.7066 -0.7076 -0.0048
vn -0.7075 -0.7067 -0.0046
vn 0.1935 0.9811 0.0034
vn 0.1933 0.9811 0.0034
vn 0.5562 0.8310 0.0043
vn 0.5575 0.8302 0.0048
vn 0.5561 0.8311 0.0042
vn -0.7053 -0.7088 -0.0051
vn -0.7065 -0.7077 -0.0048
vn 0.0529 -0.0989 -0.9937
vn 0.5550 0.8318 0.0044
vn 0.5549 0.8319 0.0044
vn 0.5537 0.8327 0.0047
vn 0.5534 0.8329 0.0047
vn -0.9242 -0.3818 -0.0048
vn -0.9249 -0.3803 -0.0054
vn -0.9250 -0.3800 -0.0054
vn -0.9236 -0.3834 -0.0050
vn -0.9229 -0.3851 -0.0053
vn -0.9235 -0.3835 -0.0050
vn 0.0866 -0.0711 -0.9937
vn -0.9241 -0.3821 -0.0048
vn 0.8310 0.5562 0.0050
vn 0.8300 0.5577 0.0053
vn 0.8299 0.5579 0.0053
vn 0.8320 0.5548 0.0048
vn 0.8329 0.5534 0.0054
vn 0.8318 0.5550 0.0048
vn -1.0000 -0.0023 -0.0047
vn 0.1072 -0.0325 -0.9937
vn 0.8310 0.5563 0.0050
vn 0.9803 0.1975 0.0051
vn 0.9802 0.1978 0.0051
vn -0.1933 -0.9811 -0.0034
vn 0.5553 -0.8316 0.0005
vn -0.5534 -0.8329 -0.0048
vn 0.8307 -0.5567 0.0025
vn -0.9802 -0.1978 -0.0052
vn 0.0013 1.0000 0.0025
vn 0.9803 -0.1973 0.0042
vn -0.3824 0.9240 0.0005
vn -0.7077 0.7065 -0.0016
vn 0.9813 0.1924 0.0052
vn -0.9246 0.3810 -0.0034
vn -0.8299 -0.5580 -0.0054
vn 0.1959 -0.9806 -0.0016
vn -0.9812 0.1929 -0.0042
vn -0.8322 0.5544 -0.0026
vn 0.9250 0.3800 0.0053
vn 0.3847 0.9230 0.0042
vn 0.7090 0.7051 0.0051
vn 1.0000 -0.0025 0.0047
vn 0.9232 -0.3844 0.0034
vn 0.7065 -0.7077 0.0016
vn 0.1969 0.9804 0.0034
vn 0.0013 -1.0000 -0.0025
vn -0.3806 -0.9247 -0.0041
vn 0.5577 0.8300 0.0048
vn -0.7051 -0.7090 -0.0051
vn -0.9228 -0.3853 -0.0053
vn 0.8331 0.5531 0.0054
vn -1.0000 -0.0025 -0.0047
vt 0.463198 0.188097
vt 0.370971 0.188097
vt 0.463198 0.172459
vt 0.463198 0.203734
vt 0.370971 0.172460
vt 0.370971 0.203734
vt 0.463198 0.156822
vt 0.463198 0.219372
vt 0.370971 0.156822
vt 0.370971 0.219372
vt 0.463198 0.235009
vt 0.370971 0.235009
vt 0.463198 0.141185
vt 0.370971 0.141185
vt 0.463198 0.250647
vt 0.370971 0.250647
vt 0.463198 0.125547
vt 0.370971 0.125547
vt 0.463198 0.109910
vt 0.463198 0.266284
vt 0.370971 0.109910
vt 0.370971 0.266284
vt 0.463198 0.281921
vt 0.463197 0.094272
vt 0.370971 0.094272
vt 0.370971 0.281921
vt 0.463198 0.078635
vt 0.370971 0.297559
vt 0.370971 0.078635
vt 0.463198 0.297559
vt 0.463197 0.062998
vt 0.370971 0.062998
vt 0.463198 0.313196
vt 0.370971 0.313196
vt 0.463198 0.328834
vt 0.463197 0.047360
vt 0.370971 0.047360
vt 0.370971 0.328834
vt 0.463198 0.344471
vt 0.370971 0.344471
vt 0.463197 0.031723
vt 0.370971 0.547757
vt 0.370971 0.532120
vt 0.463197 0.532120
vt 0.463197 0.516482
vt 0.463198 0.360108
vt 0.370971 0.516482
vt 0.370971 0.360108
vt 0.463197 0.500845
vt 0.463198 0.375746
vt 0.370971 0.375746
vt 0.370971 0.500845
vt 0.463198 0.391383
vt 0.463198 0.485208
vt 0.370971 0.391383
vt 0.370971 0.485208
vt 0.463198 0.407021
vt 0.463198 0.469570
vt 0.370971 0.407021
vt 0.370971 0.469570
vt 0.463198 0.422658
vt 0.463198 0.453933
vt 0.370971 0.453933
vt 0.370971 0.422658
vt 0.463198 0.438295
vt 0.370971 0.438295
vt 0.053261 0.802122
vt 0.035664 0.793556
vt 0.055556 0.793556
vt 0.037959 0.859227
vt 0.018438 0.857847
vt 0.024708 0.851577
vt 0.017057 0.823024
vt 0.008492 0.840620
vt 0.008492 0.820729
vt 0.074163 0.838325
vt 0.072783 0.857847
vt 0.066512 0.851576
vt 0.072783 0.803502
vt 0.066512 0.809773
vt 0.017057 0.838325
vt 0.759651 0.236742
vt 0.751085 0.219145
vt 0.759651 0.221440
vt 0.055556 0.867793
vt 0.053261 0.859227
vt 0.074163 0.823024
vt 0.082729 0.820729
vt 0.024708 0.809773
vt 0.037959 0.802122
vt 0.035664 0.867793
vt 0.082729 0.840620
vt 0.915727 0.083729
vt 0.938390 0.068427
vt 0.938390 0.083729
vt 0.915727 0.114331
vt 0.938390 0.099030
vt 0.938390 0.114331
vt 0.915727 0.144934
vt 0.938390 0.129633
vt 0.938390 0.144934
vt 0.385927 0.944544
vt 0.411633 0.913230
vt 0.411633 0.944544
vt 0.915727 0.175537
vt 0.938390 0.160235
vt 0.938390 0.175537
vt 0.915727 0.206139
vt 0.938390 0.190838
vt 0.938390 0.206139
vt 0.915727 0.236742
vt 0.938390 0.221440
vt 0.938390 0.236742
vt 0.392729 0.626002
vt 0.367023 0.587929
vt 0.392729 0.587929
vt 0.392739 0.626370
vt 0.367033 0.588297
vt 0.392739 0.588297
vt 0.392570 0.626370
vt 0.366864 0.588297
vt 0.392570 0.588297
vt 0.392065 0.586984
vt 0.366359 0.625057
vt 0.366358 0.586984
vt 0.392475 0.625222
vt 0.366769 0.587149
vt 0.392475 0.587149
vt 0.098480 0.984914
vt 0.128781 0.934861
vt 0.131181 0.983294
vt 0.324552 0.774464
vt 0.350258 0.659558
vt 0.350258 0.774464
vt 0.325226 0.775777
vt 0.350932 0.660871
vt 0.350932 0.775777
vt 0.411623 0.944176
vt 0.385917 0.912862
vt 0.411623 0.912862
vt 0.367033 0.731655
vt 0.367033 0.626370
vt 0.385758 0.944544
vt 0.411464 0.913230
vt 0.411464 0.944544
vt 0.385663 0.943396
vt 0.411369 0.912082
vt 0.411369 0.943396
vt 0.350258 0.928233
vt 0.324552 0.887298
vt 0.350258 0.887298
vt 0.325226 0.929546
vt 0.350932 0.888611
vt 0.350932 0.929546
vt 0.308861 0.730507
vt 0.324962 0.659723
vt 0.324962 0.774630
vt 0.203015 0.712239
vt 0.172547 0.742163
vt 0.169824 0.687207
vt 0.206741 0.688296
vt 0.167800 0.646359
vt 0.366769 0.730507
vt 0.392475 0.730507
vt 0.089444 0.802547
vt 0.096080 0.936481
vt 0.173330 0.559910
vt 0.134555 0.601420
vt 0.143669 0.554187
vt 0.137123 0.688827
vt 0.135099 0.647979
vt 0.350668 0.659723
vt 0.366769 0.625222
vt 0.375723 0.796911
vt 0.350668 0.774630
vt 0.375723 0.734902
vt 0.299907 0.796911
vt 0.324962 0.817830
vt 0.367023 0.731287
vt 0.392729 0.731287
vt 0.379575 0.815542
vt 0.405282 0.802674
vt 0.405282 0.815542
vt 0.352735 0.927365
vt 0.327029 0.886430
vt 0.352735 0.886430
vt 0.350668 0.849941
vt 0.350668 0.817830
vt 0.309115 0.731287
vt 0.325216 0.660503
vt 0.325216 0.775409
vt 0.282497 0.890651
vt 0.325216 0.850721
vt 0.325216 0.888243
vt 0.393641 0.890651
vt 0.350922 0.850721
vt 0.393641 0.836793
vt 0.375977 0.797691
vt 0.350922 0.775409
vt 0.375977 0.735682
vt 0.405536 0.816322
vt 0.379829 0.803453
vt 0.405536 0.803453
vt 0.350922 0.660503
vt 0.325216 0.929178
vt 0.350922 0.888243
vt 0.350922 0.929178
vt 0.350922 0.818610
vt 0.379839 0.816690
vt 0.405545 0.803821
vt 0.405545 0.816690
vt 0.325226 0.851088
vt 0.350932 0.818978
vt 0.350932 0.851088
vt 0.375987 0.798059
vt 0.375987 0.736050
vt 0.392739 0.731655
vt 0.366864 0.731655
vt 0.392570 0.731655
vt 0.300171 0.798059
vt 0.325226 0.818978
vt 0.308957 0.731655
vt 0.325057 0.660871
vt 0.325057 0.775777
vt 0.300003 0.798059
vt 0.325057 0.818978
vt 0.350764 0.660871
vt 0.366864 0.626370
vt 0.375818 0.798059
vt 0.350764 0.775777
vt 0.375818 0.736050
vt 0.379671 0.816690
vt 0.405377 0.803821
vt 0.405377 0.816690
vt 0.350764 0.929546
vt 0.325057 0.888611
vt 0.350764 0.888611
vt 0.350764 0.851089
vt 0.350764 0.818978
vt 0.308451 0.730342
vt 0.324552 0.659558
vt 0.299497 0.796746
vt 0.324552 0.817665
vt 0.324552 0.849775
vt 0.350258 0.817665
vt 0.350258 0.849775
vt 0.392065 0.730342
vt 0.392065 0.625057
vt 0.385253 0.943231
vt 0.410959 0.911917
vt 0.410959 0.943231
vt 0.404872 0.815377
vt 0.379166 0.802508
vt 0.404872 0.802508
vt 0.851024 0.083729
vt 0.915727 0.068427
vt 0.052560 0.968036
vt 0.067012 0.952734
vt 0.067012 0.968036
vt 0.851024 0.099030
vt 0.915727 0.099030
vt 0.052560 0.983337
vt 0.067012 0.983337
vt 0.851024 0.114331
vt 0.948007 0.533596
vt 0.557964 0.479113
vt 0.948007 0.479114
vt 0.851024 0.129633
vt 0.915727 0.129633
vt 0.021310 0.952709
vt 0.035762 0.937407
vt 0.035762 0.952709
vt 0.851024 0.144934
vt 0.021310 0.968010
vt 0.035762 0.968010
vt 0.851024 0.160235
vt 0.915727 0.160235
vt 0.021310 0.983311
vt 0.035762 0.983311
vt 0.851024 0.175537
vt 0.488059 0.282086
vt 0.520375 0.063579
vt 0.520375 0.282086
vt 0.915727 0.190838
vt 0.051522 0.897372
vt 0.066823 0.882920
vt 0.066823 0.897372
vt 0.851024 0.206139
vt 0.036221 0.897372
vt 0.051522 0.882920
vt 0.851024 0.221440
vt 0.915727 0.221440
vt 0.020919 0.882920
vt 0.020919 0.897372
vt 0.851024 0.236742
vt 0.589753 0.276734
vt 0.620275 0.058228
vt 0.620275 0.276734
vt 0.851024 0.068427
vt 0.915727 0.053126
vt 0.836572 0.068427
vt 0.851024 0.053126
vt 0.526915 0.058228
vt 0.494599 0.027706
vt 0.526916 0.027706
vt 0.557964 0.309259
vt 0.503482 0.366945
vt 0.503482 0.309259
vt 0.488059 0.033057
vt 0.520375 0.033058
vt 0.557437 0.058228
vt 0.589753 0.058228
vt 0.583213 0.282086
vt 0.613735 0.063579
vt 0.613735 0.282086
vt 0.526915 0.276734
vt 0.494599 0.058228
vt 0.948007 0.421428
vt 0.557964 0.421427
vt 0.557437 0.276734
vt 0.557964 0.366945
vt 0.948007 0.366945
vt 0.948007 0.309259
vt 0.550897 0.063579
vt 0.550897 0.282086
vt 0.583213 0.063579
vt 0.209319 0.591439
vt 0.163364 0.604294
vt 0.379575 0.802674
vt 0.393387 0.889871
vt 0.393387 0.836013
vt 0.296055 0.815542
vt 0.324962 0.849941
vt 0.282243 0.889871
vt 0.324962 0.887463
vt 0.379829 0.816322
vt 0.296309 0.816322
vt 0.325216 0.818610
vt 0.300161 0.797691
vt 0.296319 0.816690
vt 0.282507 0.891019
vt 0.325226 0.888611
vt 0.379839 0.803821
vt 0.393651 0.891019
vt 0.393651 0.837161
vt 0.379671 0.803821
vt 0.393483 0.891019
vt 0.393483 0.837161
vt 0.296150 0.816690
vt 0.325057 0.851089
vt 0.282338 0.891019
vt 0.295645 0.815377
vt 0.281833 0.889706
vt 0.139846 0.743783
vt 0.147088 0.889956
vt 0.759651 0.083729
vt 0.836572 0.083729
vt 0.759651 0.099030
vt 0.836572 0.099030
vt 0.759651 0.114331
vt 0.836572 0.114331
vt 0.759651 0.129633
vt 0.836572 0.129633
vt 0.759651 0.144934
vt 0.836572 0.144934
vt 0.759651 0.160235
vt 0.836572 0.160235
vt 0.759651 0.175536
vt 0.836572 0.175537
vt 0.836572 0.190838
vt 0.759651 0.206139
vt 0.836572 0.206139
vt 0.836572 0.221441
vt 0.836572 0.236742
vt 0.759651 0.068427
vt 0.836573 0.053126
vt 0.904258 0.728522
vt 0.918833 0.703896
vt 0.913384 0.731290
vt 0.674265 0.605589
vt 0.686645 0.579788
vt 0.692694 0.587160
vt 0.894285 0.752601
vt 0.902695 0.757096
vt 0.709869 0.564270
vt 0.714364 0.572680
vt 0.879805 0.774271
vt 0.887177 0.780320
vt 0.735674 0.553581
vt 0.738442 0.562707
vt 0.861377 0.792700
vt 0.867426 0.800071
vt 0.764004 0.557622
vt 0.763069 0.548132
vt 0.714364 0.807179
vt 0.735675 0.826278
vt 0.709869 0.815589
vt 0.839707 0.807179
vt 0.844202 0.815589
vt 0.791001 0.548132
vt 0.790067 0.557622
vt 0.692694 0.792700
vt 0.686645 0.800071
vt 0.815628 0.817153
vt 0.818396 0.826278
vt 0.818396 0.553581
vt 0.815628 0.562706
vt 0.666894 0.780321
vt 0.674265 0.774271
vt 0.790066 0.822237
vt 0.791001 0.831727
vt 0.844202 0.564270
vt 0.839706 0.572680
vt 0.651376 0.757096
vt 0.659786 0.752601
vt 0.764004 0.822237
vt 0.763070 0.831727
vt 0.867426 0.579788
vt 0.861377 0.587160
vt 0.640687 0.731291
vt 0.649812 0.728523
vt 0.738443 0.817153
vt 0.879805 0.605589
vt 0.887177 0.599539
vt 0.635238 0.703896
vt 0.644728 0.702961
vt 0.894285 0.627259
vt 0.902695 0.622764
vt 0.635238 0.675964
vt 0.644728 0.676899
vt 0.904258 0.651337
vt 0.913384 0.648569
vt 0.640687 0.648569
vt 0.649812 0.651337
vt 0.909343 0.676899
vt 0.918833 0.675964
vt 0.651376 0.622764
vt 0.659786 0.627259
vt 0.909343 0.702961
vt 0.666894 0.599539
vt 0.838989 0.809207
vt 0.866361 0.801933
vt 0.843243 0.817380
vt 0.814910 0.819181
vt 0.817556 0.828020
vt 0.790287 0.833444
vt 0.789349 0.824265
vt 0.762483 0.833444
vt 0.763286 0.824265
vt 0.735214 0.828020
vt 0.737725 0.819181
vt 0.709527 0.817380
vt 0.713646 0.809207
vt 0.686409 0.801933
vt 0.691976 0.794728
vt 0.666749 0.782273
vt 0.673547 0.776299
vt 0.651302 0.759155
vt 0.659068 0.754629
vt 0.640662 0.733468
vt 0.649094 0.730550
vt 0.635238 0.706199
vt 0.644010 0.704989
vt 0.635238 0.678395
vt 0.644010 0.678926
vt 0.640662 0.651126
vt 0.649094 0.653365
vt 0.651302 0.625439
vt 0.659068 0.629286
vt 0.666749 0.602321
vt 0.673547 0.607616
vt 0.686409 0.582661
vt 0.691976 0.589188
vt 0.709527 0.567214
vt 0.713646 0.574708
vt 0.735214 0.556574
vt 0.737725 0.564735
vt 0.762483 0.551150
vt 0.763286 0.559650
vt 0.789349 0.559650
vt 0.790287 0.551150
vt 0.814910 0.564735
vt 0.817556 0.556574
vt 0.838989 0.574708
vt 0.843243 0.567214
vt 0.860659 0.589188
vt 0.866361 0.582661
vt 0.879088 0.607616
vt 0.886021 0.602321
vt 0.893567 0.629287
vt 0.901468 0.625439
vt 0.903541 0.653365
vt 0.912108 0.651126
vt 0.908625 0.678927
vt 0.917532 0.678395
vt 0.908625 0.704989
vt 0.917532 0.706199
vt 0.903541 0.730551
vt 0.912108 0.733468
vt 0.893567 0.754629
vt 0.901468 0.759155
vt 0.879087 0.776299
vt 0.886021 0.782273
vt 0.860659 0.794728
vt 0.220160 0.554180
vt 0.099658 0.565221
vt 0.106630 0.529090
vt 0.350668 0.928398
vt 0.385663 0.912082
vt 0.324962 0.928398
vt 0.289967 0.912082
vt 0.195810 0.797276
vt 0.179790 0.888336
vt 0.385917 0.944176
vt 0.290221 0.912862
vt 0.385927 0.913230
vt 0.290231 0.913230
vt 0.385758 0.913230
vt 0.325057 0.929546
vt 0.290063 0.913230
vt 0.324552 0.928233
vt 0.289557 0.911916
vt 0.385253 0.911917
vt 0.077776 0.797520
vt 0.106569 0.717018
vt 0.110477 0.795900
vt 0.419094 0.836013
vt 0.401429 0.734902
vt 0.419347 0.836793
vt 0.401683 0.735682
vt 0.419357 0.891019
vt 0.401693 0.736050
vt 0.419189 0.837161
vt 0.401525 0.798059
vt 0.392977 0.835848
vt 0.418684 0.889706
vt 0.392977 0.889706
vt 0.375313 0.734737
vt 0.401019 0.796746
vt 0.375313 0.796746
vt 0.069997 0.559498
vt 0.076970 0.523366
vt 0.367023 0.626002
vt 0.081512 0.599051
vt 0.082293 0.665881
vt 0.100494 0.693560
vt 0.101305 0.709930
vt 0.122145 0.800926
vt 0.309125 0.731655
vt 0.325226 0.660871
vt 0.050395 0.666254
vt 0.049614 0.599424
vt 0.068604 0.711550
vt 0.379166 0.815377
vt 0.366359 0.730342
vt 0.751085 0.239037
vt 0.018437 0.803502
vt 0.308861 0.625222
vt 0.206923 0.791121
vt 0.207553 0.704666
vt 0.299907 0.734902
vt 0.327029 0.927365
vt 0.309116 0.626002
vt 0.282497 0.836793
vt 0.300171 0.736050
vt 0.308957 0.626370
vt 0.300002 0.736050
vt 0.308451 0.625057
vt 0.299497 0.734737
vt 0.052560 0.952734
vt 0.557964 0.533595
vt 0.021310 0.937407
vt 0.488059 0.063579
vt 0.851024 0.190838
vt 0.036221 0.882920
vt 0.494599 0.276734
vt 0.220160 0.653917
vt 0.350668 0.887463
vt 0.296055 0.802674
vt 0.282243 0.836013
vt 0.296309 0.803453
vt 0.300161 0.735682
vt 0.296319 0.803821
vt 0.282507 0.837160
vt 0.296150 0.803821
vt 0.282338 0.837161
vt 0.295645 0.802508
vt 0.281833 0.835848
vt 0.759651 0.190838
vt 0.759651 0.053126
vt 0.289967 0.943396
vt 0.202446 0.931211
vt 0.290221 0.944176
vt 0.290231 0.944544
vt 0.290063 0.944544
vt 0.289557 0.943231
vt 0.073868 0.718638
vt 0.419094 0.889871
vt 0.401429 0.796911
vt 0.419347 0.890651
vt 0.401683 0.797691
vt 0.419357 0.837161
vt 0.401693 0.798059
vt 0.419189 0.891019
vt 0.401525 0.736050
vt 0.418684 0.835848
vt 0.401019 0.734737
vt 0.309125 0.626370
vt 0.067793 0.695180
vt 0.228492 0.766132
vt 0.243272 0.773513
vt 0.228492 0.773513
vt 0.956618 0.068427
vt 0.956618 0.083729
vt 0.956618 0.099030
vt 0.956618 0.114331
vt 0.956618 0.129633
vt 0.956618 0.144934
vt 0.956618 0.160235
vt 0.956618 0.175537
vt 0.956618 0.190838
vt 0.956618 0.206139
vt 0.956618 0.221440
vt 0.956618 0.236742
vt 0.956618 0.053126
vt 0.256616 0.587695
vt 0.249486 0.570483
vt 0.260306 0.581303
vt 0.262738 0.562833
vt 0.266698 0.577613
vt 0.278039 0.562833
vt 0.274079 0.577613
vt 0.280471 0.581303
vt 0.291290 0.570483
vt 0.298941 0.583735
vt 0.284161 0.587695
vt 0.284161 0.595076
vt 0.298941 0.599036
vt 0.291290 0.612287
vt 0.280471 0.601468
vt 0.274079 0.605158
vt 0.278039 0.619938
vt 0.262738 0.619938
vt 0.266698 0.605158
vt 0.249486 0.612287
vt 0.260306 0.601468
vt 0.241836 0.599036
vt 0.256616 0.595076
vt 0.241836 0.583735
vt 0.150003 0.911632
vt 0.173858 0.918024
vt 0.156395 0.935487
vt 0.228492 0.788274
vt 0.243272 0.795655
vt 0.228492 0.795655
vt 0.228492 0.736609
vt 0.243272 0.743989
vt 0.228492 0.743989
vt 0.228492 0.721847
vt 0.243272 0.729228
vt 0.228492 0.729228
vt 0.228492 0.758751
vt 0.243272 0.766132
vt 0.243272 0.780893
vt 0.243272 0.788274
vt 0.243272 0.736609
vt 0.228492 0.803036
vt 0.243272 0.810416
vt 0.228492 0.810416
vt 0.228492 0.751370
vt 0.243272 0.758751
vt 0.228492 0.780893
vt 0.243272 0.803036
vt 0.243272 0.751370
vt 0.709475 0.020228
vt 0.751086 0.000337
vt 0.751086 0.020228
vt 0.709475 0.239037
vt 0.709475 0.219145
vt 0.751085 0.199254
vt 0.709475 0.199253
vt 0.751085 0.179362
vt 0.709475 0.159470
vt 0.751085 0.159470
vt 0.751085 0.139578
vt 0.709475 0.139578
vt 0.751085 0.119687
vt 0.709475 0.119687
vt 0.751085 0.099795
vt 0.709475 0.099795
vt 0.751085 0.079903
vt 0.709475 0.079903
vt 0.751085 0.060012
vt 0.662410 0.266209
vt 0.645184 0.201918
vt 0.709475 0.060012
vt 0.751085 0.040120
vt 0.709475 0.040120
vt 0.938390 0.053126
vt 0.150003 0.931796
vt 0.146312 0.925404
vt 0.146312 0.918024
vt 0.156395 0.907941
vt 0.163775 0.907941
vt 0.170167 0.911632
vt 0.173858 0.925404
vt 0.170167 0.931796
vt 0.163775 0.935487
vt 0.243272 0.721847
vt 0.709475 0.000336
vt 0.709475 0.179362
vt 0.699529 0.256264
vt 0.682302 0.266209
vt 0.645184 0.256264
vt 0.635238 0.239037
vt 0.635238 0.219145
vt 0.662410 0.191973
vt 0.682302 0.191973
vt 0.699529 0.201918
vt 0.049333 0.393103
vt 0.056719 0.367919
vt 0.057243 0.393467
vt 0.049014 0.367742
vt 0.058216 0.341468
vt 0.050214 0.341489
vt 0.056363 0.315434
vt 0.048549 0.315527
vt 0.056812 0.288256
vt 0.048704 0.288517
vt 0.053956 0.261559
vt 0.046032 0.261886
vt 0.053463 0.233539
vt 0.045241 0.234071
vt 0.049528 0.206077
vt 0.041484 0.206725
vt 0.047846 0.177070
vt 0.039481 0.178037
vt 0.042244 0.148682
vt 0.034042 0.149940
vt 0.038224 0.118329
vt 0.029619 0.120286
vt 0.028899 0.088586
vt 0.020130 0.091446
vt 0.018582 0.057989
vt 0.180339 0.484432
vt 0.200389 0.463003
vt 0.186607 0.488547
vt 0.199605 0.432092
vt 0.192339 0.459952
vt 0.206428 0.405494
vt 0.207244 0.434157
vt 0.209195 0.377809
vt 0.214289 0.406953
vt 0.213208 0.351192
vt 0.216807 0.378743
vt 0.214126 0.323709
vt 0.221057 0.351885
vt 0.216784 0.297118
vt 0.221776 0.324113
vt 0.216582 0.269747
vt 0.224696 0.297386
vt 0.218218 0.243158
vt 0.224315 0.269797
vt 0.216997 0.215890
vt 0.226228 0.243098
vt 0.217544 0.189326
vt 0.224825 0.215629
vt 0.215034 0.162241
vt 0.225652 0.188924
vt 0.213874 0.135800
vt 0.222937 0.161574
vt 0.208829 0.109207
vt 0.222050 0.134794
vt 0.203469 0.083531
vt 0.216702 0.107579
vt 0.191969 0.059762
vt 0.211380 0.080836
vt 0.038478 0.467473
vt 0.033685 0.493445
vt 0.026911 0.489005
vt 0.051199 0.444065
vt 0.046291 0.470494
vt 0.044019 0.442955
vt 0.053886 0.419402
vt 0.046359 0.418638
vt 0.167973 0.137966
vt 0.160215 0.105757
vt 0.169987 0.106548
vt 0.340828 0.188084
vt 0.330506 0.216454
vt 0.331876 0.187947
vt 0.169529 0.167784
vt 0.158204 0.137724
vt 0.339704 0.216743
vt 0.331817 0.245671
vt 0.168727 0.198273
vt 0.160191 0.167626
vt 0.340723 0.245998
vt 0.329767 0.274029
vt 0.170397 0.227292
vt 0.159283 0.198221
vt 0.338930 0.274543
vt 0.330324 0.303213
vt 0.169276 0.256968
vt 0.161321 0.227102
vt 0.339206 0.303762
vt 0.327577 0.331501
vt 0.165183 0.423701
vt 0.158650 0.395956
vt 0.167011 0.396460
vt 0.170358 0.285248
vt 0.160090 0.256773
vt 0.336719 0.332214
vt 0.327561 0.360707
vt 0.167260 0.449749
vt 0.156610 0.423578
vt 0.168619 0.314106
vt 0.161530 0.284878
vt 0.333693 0.389740
vt 0.336426 0.361379
vt 0.172467 0.476584
vt 0.158775 0.450670
vt 0.169061 0.341645
vt 0.159683 0.313716
vt 0.333784 0.418815
vt 0.324539 0.389054
vt 0.179868 0.501131
vt 0.164290 0.478478
vt 0.166835 0.369685
vt 0.160476 0.341108
vt 0.332774 0.447174
vt 0.324877 0.418477
vt 0.345704 0.039273
vt 0.332481 0.068820
vt 0.335382 0.037141
vt 0.158135 0.369184
vt 0.337202 0.475910
vt 0.323464 0.447492
vt 0.342453 0.069975
vt 0.329673 0.099297
vt 0.345704 0.502226
vt 0.328339 0.477886
vt 0.339303 0.099868
vt 0.331184 0.129587
vt 0.171549 0.075379
vt 0.169558 0.040345
vt 0.179868 0.044214
vt 0.340279 0.129776
vt 0.329987 0.158530
vt 0.160811 0.073588
vt 0.339275 0.158705
vt 0.122208 0.205692
vt 0.123136 0.223048
vt 0.124394 0.319278
vt 0.124473 0.335667
vt 0.094039 0.345321
vt 0.091575 0.336125
vt 0.124016 0.263348
vt 0.124518 0.280135
vt 0.090791 0.373249
vt 0.063041 0.365019
vt 0.093187 0.364097
vt 0.063050 0.344329
vt 0.025431 0.058675
vt 0.034882 0.082805
vt 0.124579 0.492912
vt 0.085944 0.477883
vt 0.120880 0.479912
vt 0.153167 0.366055
vt 0.153654 0.344209
vt 0.284971 0.491514
vt 0.338011 0.505703
vt 0.287163 0.521942
vt 0.116481 0.077424
vt 0.117514 0.099246
vt 0.119269 0.145264
vt 0.120497 0.163674
vt 0.093423 0.310040
vt 0.121824 0.309192
vt 0.080586 0.488869
vt 0.051830 0.469042
vt 0.288529 0.380899
vt 0.289873 0.363722
vt 0.284891 0.441480
vt 0.286154 0.422659
vt 0.091310 0.319398
vt 0.062713 0.312212
vt 0.044384 0.120545
vt 0.048767 0.144216
vt 0.293958 0.267009
vt 0.294468 0.250204
vt 0.291912 0.323620
vt 0.292899 0.306779
vt 0.122046 0.446629
vt 0.088026 0.455485
vt 0.086741 0.445265
vt 0.154532 0.310599
vt 0.154589 0.288215
vt 0.091636 0.235013
vt 0.088395 0.225482
vt 0.056788 0.448240
vt 0.127463 0.519765
vt 0.290543 0.092519
vt 0.289969 0.072326
vt 0.293109 0.153048
vt 0.292641 0.135540
vt 0.294368 0.210380
vt 0.294372 0.193449
vt 0.123454 0.374054
vt 0.123234 0.390341
vt 0.058784 0.236201
vt 0.121990 0.429225
vt 0.053480 0.179609
vt 0.056025 0.202191
vt 0.250092 0.064169
vt 0.286956 0.059755
vt 0.154724 0.253691
vt 0.154260 0.230697
vt 0.087978 0.427577
vt 0.088710 0.197639
vt 0.119002 0.195084
vt 0.249599 0.076052
vt 0.215524 0.076103
vt 0.090475 0.389861
vt 0.260283 0.193386
vt 0.260363 0.210602
vt 0.257423 0.136875
vt 0.258379 0.154564
vt 0.252556 0.095964
vt 0.073669 0.514976
vt 0.087042 0.207742
vt 0.060377 0.258030
vt 0.290913 0.015179
vt 0.242449 0.037870
vt 0.233582 0.024876
vt 0.153709 0.195132
vt 0.152942 0.171416
vt 0.151679 0.420572
vt 0.206209 0.055415
vt 0.198494 0.055508
vt 0.151994 0.398978
vt 0.120788 0.400249
vt 0.061882 0.291009
vt 0.259016 0.304525
vt 0.257893 0.321723
vt 0.260625 0.248994
vt 0.260078 0.266126
vt 0.259234 0.126821
vt 0.289845 0.124798
vt 0.152470 0.134410
vt 0.152454 0.109459
vt 0.226673 0.131285
vt 0.249583 0.418440
vt 0.246670 0.437584
vt 0.255515 0.360497
vt 0.253752 0.378056
vt 0.156992 0.476279
vt 0.256458 0.106076
vt 0.154813 0.069077
vt 0.160326 0.042484
vt 0.084004 0.167127
vt 0.081912 0.148324
vt 0.076492 0.104098
vt 0.072573 0.082226
vt 0.228403 0.513091
vt 0.237048 0.485294
vt 0.154006 0.454103
vt 0.119490 0.457566
vt 0.223724 0.109676
vt 0.325461 0.064592
vt 0.262623 0.183804
vt 0.291940 0.183036
vt 0.320481 0.475142
vt 0.318195 0.450976
vt 0.328964 0.039509
vt 0.286007 0.032051
vt 0.230527 0.185808
vt 0.324007 0.126238
vt 0.261221 0.164157
vt 0.319072 0.391933
vt 0.090849 0.281573
vt 0.090055 0.264429
vt 0.324113 0.102592
vt 0.288101 0.104167
vt 0.229639 0.164336
vt 0.122432 0.290433
vt 0.121263 0.233731
vt 0.121125 0.253054
vt 0.118734 0.174918
vt 0.115433 0.111831
vt 0.115812 0.133974
vt 0.114624 0.033729
vt 0.113107 0.063815
vt 0.281567 0.453098
vt 0.281768 0.477292
vt 0.284511 0.411384
vt 0.285166 0.391303
vt 0.322123 0.334359
vt 0.288321 0.353069
vt 0.288744 0.333824
vt 0.324378 0.277004
vt 0.291124 0.296305
vt 0.291055 0.277240
vt 0.325185 0.219577
vt 0.292381 0.239804
vt 0.291744 0.220726
vt 0.324675 0.161791
vt 0.290718 0.163688
vt 0.119608 0.418936
vt 0.122168 0.345666
vt 0.121138 0.364064
vt 0.061812 0.396549
vt 0.090939 0.418227
vt 0.060365 0.416966
vt 0.092547 0.399152
vt 0.262736 0.220137
vt 0.231244 0.240199
vt 0.231384 0.218722
vt 0.263338 0.239578
vt 0.262125 0.275717
vt 0.229832 0.294663
vt 0.230768 0.273137
vt 0.262067 0.295184
vt 0.259650 0.331438
vt 0.226341 0.349346
vt 0.228128 0.327705
vt 0.258942 0.351124
vt 0.255193 0.388103
vt 0.219866 0.404702
vt 0.223033 0.382717
vt 0.253669 0.408668
vt 0.213167 0.439072
vt 0.243700 0.473532
vt 0.206531 0.461756
vt 0.247497 0.448884
vt 0.072950 0.069125
vt 0.066559 0.039417
vt 0.083272 0.137458
vt 0.081278 0.114892
vt 0.087754 0.177017
vt 0.091945 0.254751
vt 0.093689 0.290894
vt 0.056664 0.025195
vt 0.119881 0.015179
vt 0.317968 0.414800
vt 0.320769 0.356954
vt 0.323472 0.299592
vt 0.324868 0.242232
vt 0.324821 0.184658
vt 0.009813 0.061933
vt 0.172648 0.504207
s 1
g off
g LlantaCentralIzquierda_SpacialRoverExploreralumGray
usemtl SpacialRoverExploreralumGray
f 57/1/1 25/2/1 56/3/2
f 25/2/1 57/1/1 58/4/3
f 25/2/1 24/5/2 56/3/2
f 58/4/3 26/6/3 25/2/1
f 24/5/2 55/7/4 56/3/2
f 58/4/3 59/8/5 26/6/3
f 24/5/2 23/9/4 55/7/4
f 59/8/5 27/10/5 26/6/3
f 59/8/5 60/11/6 27/10/5
f 60/11/6 28/12/6 27/10/5
f 23/9/4 54/13/7 55/7/4
f 54/13/7 23/9/4 22/14/7
f 60/11/6 61/15/8 28/12/6
f 61/15/8 29/16/8 28/12/6
f 54/13/7 22/14/7 53/17/9
f 22/14/7 21/18/9 53/17/9
f 21/18/9 52/19/10 53/17/9
f 61/15/8 62/20/11 29/16/8
f 21/18/9 20/21/10 52/19/10
f 62/20/11 30/22/11 29/16/8
f 62/20/11 63/23/12 30/22/11
f 52/19/10 20/21/10 51/24/13
f 20/21/10 19/25/13 51/24/13
f 30/22/11 63/23/12 31/26/12
f 19/25/13 50/27/14 51/24/13
f 31/26/12 63/23/12 32/28/15
f 19/25/13 18/29/14 50/27/14
f 32/28/15 63/23/12 64/30/15
f 18/29/14 49/31/16 50/27/14
f 49/31/16 18/29/14 17/32/16
f 32/28/15 64/30/15 33/33/17
f 33/33/17 1/34/17 32/28/15
f 33/33/17 34/35/18 1/34/17
f 49/31/16 17/32/16 48/36/19
f 48/36/19 17/32/16 16/37/19
f 1/34/17 34/35/18 2/38/18
f 2/38/18 34/35/18 35/39/20
f 2/38/18 35/39/20 3/40/20
f 48/36/19 16/37/19 47/41/21
f 16/42/19 15/43/21 47/44/21
f 15/43/21 46/45/22 47/44/21
f 3/40/20 35/39/20 36/46/23
f 15/43/21 14/47/22 46/45/22
f 3/40/20 36/46/23 4/48/23
f 46/45/22 14/47/22 45/49/24
f 4/48/23 36/46/23 37/50/25
f 4/48/23 37/50/25 5/51/25
f 45/49/24 14/47/22 13/52/24
f 5/51/25 37/50/25 38/53/26
f 45/49/24 13/52/24 44/54/27
f 5/51/25 38/53/26 6/55/26
f 44/54/27 13/52/24 12/56/27
f 6/55/26 38/53/26 39/57/28
f 44/54/27 12/56/27 43/58/29
f 6/55/26 39/57/28 7/59/28
f 43/58/29 12/56/27 11/60/29
f 7/59/28 39/57/28 40/61/30
f 43/58/29 11/60/29 42/62/31
f 42/62/31 11/60/29 10/63/31
f 7/59/28 40/61/30 8/64/30
f 42/62/31 10/63/31 41/65/32
f 8/64/30 40/61/30 41/65/32
f 41/65/32 10/63/31 9/66/32
f 8/64/30 41/65/32 9/66/32
s 2
f 493/67/33 516/68/34 517/69/33
f 499/70/35 524/71/36 500/72/36
f 490/73/37 503/74/38 514/75/37
f 496/76/39 521/77/40 497/78/40
f 493/67/33 518/79/41 494/80/41
f 489/81/38 524/71/36 503/74/38
f 490/82/37 515/83/42 491/84/42
f 497/78/40 522/85/43 498/86/43
f 495/87/44 518/79/41 519/88/44
f 491/89/42 516/68/34 492/90/34
f 498/86/43 523/91/35 499/70/35
f 495/87/44 520/92/39 496/76/39
s 3
f 163/93/45 141/94/46 164/95/45
f 159/96/47 162/97/48 160/98/47
f 155/99/49 158/100/50 156/101/49
s 4
f 159/102/51 619/103/52 157/104/51
s 3
f 151/105/53 154/106/54 152/107/53
f 147/108/55 150/109/56 148/110/55
f 143/111/57 146/112/58 144/113/57
s 5
f 185/114/24 188/115/59 186/116/59
s 6
f 181/117/60 184/118/61 182/119/61
s 7
f 177/120/62 180/121/63 178/122/63
s 8
f 174/123/64 175/124/8 176/125/64
s 9
f 169/126/65 172/127/66 170/128/66
s 10
f 165/129/67 167/130/68 168/131/67
s 8
f 483/132/69 176/133/64 486/134/69
s 6
f 467/135/70 184/136/61 470/137/70
s 11
f 161/138/71 608/139/72 611/140/72
s 12
f 615/141/73 184/136/73 183/142/73
s 13
f 155/143/74 627/144/75 153/145/74
s 14
f 147/146/76 601/147/77 145/148/76
s 8
f 152/149/78 482/150/79 487/151/79
s 6
f 158/152/80 471/153/81 160/154/80
s 15
f 604/155/73 170/156/73 455/157/73
s 16
f 591/158/82 441/159/82 442/160/82
f 590/161/82 442/160/82 443/162/82
s 14
f 597/163/83 169/126/84 604/164/83
s 17
f 592/165/85 167/130/86 166/166/86
s 10
f 141/167/87 447/168/88 144/169/87
f 443/162/89 445/170/90 448/171/89
s 18
f 597/163/91 172/172/91 171/173/91
f 598/174/91 452/175/91 597/176/91
s 15
f 603/177/73 455/157/73 456/178/73
s 11
f 605/179/92 185/114/93 610/180/92
s 14
f 599/181/94 603/182/95 602/183/96
s 9
f 455/157/97 172/172/66 452/175/97
f 148/184/98 454/185/99 449/186/99
f 450/187/100 456/178/101 451/188/101
s 19
f 610/189/9 186/190/9 463/191/9
f 611/192/9 461/193/9 462/194/9
s 20
f 608/195/25 458/196/25 607/197/25
f 606/198/25 460/199/25 605/200/25
s 11
f 612/201/102 606/202/103 609/203/103
s 5
f 463/191/104 188/204/59 460/199/104
f 162/205/105 457/206/106 164/207/105
f 461/193/107 459/208/108 458/196/107
s 4
f 613/209/109 617/210/110 620/211/109
s 6
f 465/212/111 469/213/112 472/214/113
s 12
f 616/215/73 470/137/73 615/216/73
s 4
f 615/141/114 181/117/115 618/217/114
s 13
f 621/218/116 177/120/117 626/219/116
s 21
f 617/220/91 467/135/91 468/221/91
s 22
f 626/222/118 178/223/118 479/224/118
f 625/225/118 479/224/118 480/226/118
s 23
f 621/218/82 180/227/82 179/228/82
f 622/229/82 476/230/82 621/231/82
s 13
f 623/232/119 625/233/120 628/234/119
s 7
f 479/224/121 180/227/63 476/230/121
f 156/235/122 478/236/123 473/237/123
f 474/238/124 480/226/125 475/239/125
s 24
f 632/240/25 174/241/25 483/132/25
f 631/242/25 483/132/25 484/243/25
s 8
f 481/244/126 485/245/127 488/246/126
s 25
f 632/247/128 175/124/129 173/248/129
f 151/249/130 629/250/131 149/251/132
f 630/252/133 636/253/134 631/254/134
s 3
f 300/255/135 142/256/46 163/93/45
f 299/257/135 277/258/32 300/259/135
f 298/260/136 163/93/45 161/261/48
f 297/262/136 300/259/135 298/263/136
f 296/264/137 161/261/48 159/96/47
s 26
f 287/265/65 306/266/65 288/267/65
s 3
f 294/268/138 159/96/47 157/269/50
f 293/270/138 296/271/137 294/272/138
f 292/273/139 157/269/50 155/99/49
f 291/274/139 294/272/138 292/275/139
f 290/276/140 155/99/49 153/277/54
f 289/278/140 292/275/139 290/279/140
f 288/280/141 153/277/54 151/105/53
s 27
f 281/281/142 301/282/142 279/283/142
s 3
f 149/284/56 288/280/141 151/105/53
f 286/285/143 287/286/141 288/287/141
f 284/288/17 149/284/56 147/108/55
f 284/289/17 285/290/143 286/285/143
f 282/291/144 147/108/55 145/292/58
f 281/293/144 284/289/17 282/294/144
f 280/295/145 145/292/58 143/111/57
s 28
f 298/296/68 311/297/68 297/298/68
s 3
f 277/299/32 143/300/57 142/256/46
f 278/301/32 280/302/145 277/299/32
s 29
f 309/303/82 312/304/82 310/305/82
s 30
f 305/306/91 308/307/91 306/308/91
s 31
f 301/282/25 304/309/25 302/310/25
s 32
f 298/296/146 310/311/146 312/312/146
s 33
f 282/313/8 303/314/8 281/315/8
s 34
f 295/316/142 311/317/142 309/303/142
s 35
f 290/318/146 306/266/146 308/319/146
s 36
f 295/316/62 310/311/62 296/320/62
s 37
f 290/318/60 307/321/60 289/322/60
s 38
f 289/322/142 305/306/142 287/323/142
s 39
f 279/283/24 302/324/24 280/325/24
s 40
f 280/325/146 304/326/146 282/313/146
s 16
f 589/327/82 443/162/82 444/328/82
s 18
f 599/181/91 451/188/91 598/329/91
f 600/330/91 450/187/91 599/331/91
s 15
f 602/332/73 456/178/73 453/333/73
f 601/334/73 453/333/73 454/335/73
s 20
f 607/336/25 459/208/25 606/202/25
s 19
f 612/337/9 464/338/9 461/193/9
f 609/339/9 463/191/9 464/338/9
s 21
f 620/340/91 468/221/91 465/212/91
f 619/341/91 465/212/91 466/342/91
s 12
f 613/209/73 469/213/73 616/343/73
f 614/344/73 472/214/73 613/345/73
s 23
f 623/232/82 475/239/82 622/346/82
f 624/347/82 474/238/82 623/348/82
s 22
f 628/349/118 480/226/118 477/350/118
f 627/351/118 477/350/118 478/236/118
s 24
f 630/352/25 484/243/25 481/244/25
f 629/353/25 481/244/25 482/150/25
s 10
f 443/162/89 447/168/88 444/328/88
f 446/354/147 442/160/90 441/159/147
s 9
f 450/187/100 454/335/99 453/333/100
f 452/175/97 456/178/101 455/157/97
s 5
f 458/196/107 462/194/106 461/193/107
f 460/199/104 464/338/108 463/191/104
s 6
f 472/214/113 466/342/81 465/212/111
f 470/137/70 468/221/112 467/135/70
s 7
f 474/238/124 478/236/123 477/350/124
f 479/224/121 475/239/125 480/226/125
s 8
f 488/246/126 482/150/79 481/244/126
f 486/134/69 484/243/127 483/132/69
s 10
f 441/159/147 168/355/67 446/354/147
s 3
f 500/356/135 278/301/32 299/357/135
f 499/358/148 299/357/135 297/359/136
f 498/360/16 297/359/136 295/361/137
f 497/362/138 295/361/137 293/363/138
f 496/364/139 293/363/138 291/365/139
f 495/366/1 291/365/139 289/367/140
f 494/368/149 289/367/140 287/369/141
f 285/370/143 494/368/149 287/369/141
f 492/371/17 285/370/143 283/372/17
f 491/84/150 283/372/17 281/373/144
f 490/82/151 281/373/144 279/374/145
f 489/375/32 279/376/145 278/301/32
s 41
f 9/377/146 527/378/146 556/379/146
f 23/380/146 555/381/146 22/382/146
f 8/383/146 556/379/146 554/384/146
f 22/382/146 553/385/146 21/386/146
f 7/387/146 554/384/146 552/388/146
f 21/386/146 551/389/146 20/390/146
f 6/391/146 552/388/146 550/392/146
f 19/393/146 551/389/146 549/394/146
f 32/395/146 537/396/146 548/397/146
f 5/398/146 550/392/146 547/399/146
f 19/393/146 546/400/146 18/401/146
f 31/402/146 548/397/146 545/403/146
f 4/404/146 547/399/146 544/405/146
f 18/401/146 543/406/146 17/407/146
f 31/402/146 542/408/146 30/409/146
f 3/410/146 544/405/146 541/411/146
f 17/407/146 540/412/146 16/413/146
f 30/409/146 539/414/146 29/415/146
f 2/416/146 541/411/146 538/417/146
f 16/413/146 536/418/146 15/419/146
f 29/415/146 535/420/146 28/421/146
f 2/416/146 537/396/146 1/422/146
f 14/423/146 536/418/146 534/424/146
f 28/421/146 533/425/146 27/426/146
f 13/427/146 534/424/146 532/428/146
f 27/426/146 531/429/146 26/430/146
f 12/431/146 532/428/146 530/432/146
f 26/430/146 529/433/146 25/434/146
f 11/435/146 530/432/146 528/436/146
f 25/434/146 526/437/146 24/438/146
f 10/439/146 528/436/146 527/378/146
f 24/438/146 525/440/146 23/380/146
s 42
f 34/441/142 588/442/142 557/443/142
f 35/444/142 557/443/142 558/445/142
f 35/444/142 559/446/142 36/447/142
f 36/447/142 560/448/142 37/449/142
f 37/449/142 561/450/142 38/451/142
f 38/451/142 562/452/142 39/453/142
f 39/453/142 563/454/142 40/455/142
f 40/455/142 564/456/142 41/457/142
f 41/457/142 565/458/142 42/459/142
f 42/459/142 566/460/142 43/461/142
f 43/461/142 567/462/142 44/463/142
f 44/463/142 568/464/142 45/465/142
f 45/465/142 569/466/142 46/467/142
f 46/467/142 570/468/142 47/469/142
f 47/469/142 571/470/142 48/471/142
f 48/471/142 572/472/142 49/473/142
f 49/473/142 573/474/142 50/475/142
f 50/475/142 574/476/142 51/477/142
f 51/477/142 575/478/142 52/479/142
f 53/480/142 575/478/142 576/481/142
f 54/482/142 576/481/142 577/483/142
f 55/484/142 577/483/142 578/485/142
f 56/486/142 578/485/142 579/487/142
f 57/488/142 579/487/142 580/489/142
f 58/490/142 580/489/142 581/491/142
f 59/492/142 581/491/142 582/493/142
f 60/494/142 582/493/142 583/495/142
f 61/496/142 583/495/142 584/497/142
f 62/498/142 584/497/142 585/499/142
f 63/500/142 585/499/142 586/501/142
f 64/502/142 586/501/142 587/503/142
f 33/504/142 587/503/142 588/442/142
s 16
f 589/327/82 141/167/82 142/505/82
s 43
f 144/169/118 594/506/118 143/507/118
s 18
f 148/508/91 600/509/91 147/146/91
s 15
f 146/510/73 601/511/73 454/335/73
s 16
f 592/512/82 165/513/82 441/159/82
s 20
f 164/207/25 608/139/25 163/514/25
s 19
f 162/205/9 611/515/9 462/194/9
s 12
f 160/154/73 614/516/73 159/102/73
s 21
f 158/152/91 619/517/91 466/342/91
s 23
f 156/235/82 624/518/82 155/143/82
s 22
f 154/519/118 627/520/118 478/236/118
s 24
f 150/521/25 629/522/25 482/150/25
s 44
f 152/149/9 634/523/9 151/249/9
s 17
f 592/524/85 596/525/152 595/526/85
s 14
f 602/527/96 600/330/77 599/331/94
f 604/528/83 598/174/95 597/176/83
s 11
f 612/529/102 608/195/72 607/197/102
f 610/530/92 606/198/103 605/200/92
s 4
f 613/345/109 619/531/52 614/344/52
f 618/532/114 616/215/153 615/216/114
s 13
f 628/533/119 624/347/75 623/348/119
f 621/231/116 625/534/120 622/229/120
s 25
f 633/535/133 629/536/131 634/537/131
f 635/538/128 631/539/134 636/540/134
s 17
f 143/507/154 589/541/155 142/542/154
s 20
f 605/179/25 188/204/25 187/543/25
s 43
f 594/544/118 448/171/118 593/545/118
f 593/546/118 445/170/118 596/547/118
f 596/525/118 446/354/118 595/526/118
f 595/548/118 168/355/118 167/130/118
s 21
f 618/549/91 182/550/91 467/135/91
s 17
f 594/544/155 590/551/156 589/552/155
f 591/553/152 593/546/157 596/547/152
s 44
f 634/537/9 488/246/9 633/535/9
f 633/554/9 485/245/9 636/253/9
f 636/540/9 486/134/9 635/538/9
f 635/555/9 176/133/9 175/124/9
s 2
f 493/67/33 492/90/34 516/68/34
f 499/70/35 523/91/35 524/71/36
f 490/73/37 489/81/38 503/74/38
f 496/76/39 520/92/39 521/77/40
f 493/67/33 517/69/33 518/79/41
f 489/81/38 500/72/36 524/71/36
f 490/82/37 514/556/37 515/83/42
f 497/78/40 521/77/40 522/85/43
f 495/87/44 494/80/41 518/79/41
f 491/89/42 515/557/42 516/68/34
f 498/86/43 522/85/43 523/91/35
f 495/87/44 519/88/44 520/92/39
s 3
f 163/93/45 142/256/46 141/94/46
f 159/96/47 161/261/48 162/97/48
f 155/99/49 157/269/50 158/100/50
s 4
f 159/102/51 614/516/52 619/103/52
s 3
f 151/105/53 153/277/54 154/106/54
f 147/108/55 149/284/56 150/109/56
f 143/111/57 145/292/58 146/112/58
s 5
f 185/114/24 187/543/24 188/115/59
s 6
f 181/117/60 183/142/60 184/118/61
s 7
f 177/120/62 179/228/62 180/121/63
s 8
f 174/123/64 173/248/8 175/124/8
s 9
f 169/126/65 171/173/65 172/127/66
s 10
f 165/129/67 166/166/68 167/130/68
s 8
f 483/132/69 174/241/64 176/133/64
s 6
f 467/135/70 182/550/61 184/136/61
s 11
f 161/138/71 163/514/71 608/139/72
s 12
f 615/141/73 470/137/73 184/136/73
s 13
f 155/143/74 624/518/75 627/144/75
s 14
f 147/146/76 600/509/77 601/147/77
s 8
f 152/149/78 150/521/78 482/150/79
s 6
f 158/152/80 466/342/81 471/153/81
s 15
f 604/155/73 169/558/73 170/156/73
s 16
f 591/158/82 592/559/82 441/159/82
f 590/161/82 591/560/82 442/160/82
s 14
f 597/163/83 171/173/84 169/126/84
s 17
f 592/165/85 595/548/85 167/130/86
s 10
f 141/167/87 444/328/88 447/168/88
f 443/162/89 442/160/90 445/170/90
s 18
f 597/163/91 452/175/91 172/172/91
f 598/174/91 451/188/91 452/175/91
s 15
f 603/177/73 604/561/73 455/157/73
s 11
f 605/179/92 187/543/93 185/114/93
s 14
f 599/181/94 598/329/95 603/182/95
s 9
f 455/157/97 170/156/66 172/172/66
f 148/184/98 146/562/98 454/185/99
f 450/187/100 453/333/100 456/178/101
s 19
f 610/189/9 185/563/9 186/190/9
f 611/192/9 612/564/9 461/193/9
s 20
f 608/195/25 457/206/25 458/196/25
f 606/198/25 459/208/25 460/199/25
s 11
f 612/201/102 607/336/102 606/202/103
s 5
f 463/191/104 186/190/59 188/204/59
f 162/205/105 462/194/106 457/206/106
f 461/193/107 464/338/108 459/208/108
s 4
f 613/209/109 616/343/153 617/210/110
s 6
f 465/212/111 468/221/112 469/213/112
s 12
f 616/215/73 469/213/73 470/137/73
s 4
f 615/141/114 183/142/115 181/117/115
s 13
f 621/218/116 179/228/117 177/120/117
s 21
f 617/220/91 618/565/91 467/135/91
s 22
f 626/222/118 177/566/118 178/223/118
f 625/225/118 626/567/118 479/224/118
s 23
f 621/218/82 476/230/82 180/227/82
f 622/229/82 475/239/82 476/230/82
s 13
f 623/232/119 622/346/120 625/233/120
s 7
f 479/224/121 178/223/63 180/227/63
f 156/235/122 154/519/122 478/236/123
f 474/238/124 477/350/124 480/226/125
s 24
f 632/240/25 173/568/25 174/241/25
f 631/242/25 632/569/25 483/132/25
s 8
f 481/244/126 484/243/127 485/245/127
s 25
f 632/247/128 635/555/128 175/124/129
f 151/249/130 634/523/131 629/250/131
f 630/252/133 633/554/133 636/253/134
s 3
f 300/255/135 277/299/32 142/256/46
f 299/257/135 278/570/32 277/258/32
f 298/260/136 300/255/135 163/93/45
f 297/262/136 299/257/135 300/259/135
f 296/264/137 298/260/136 161/261/48
s 26
f 287/265/65 305/571/65 306/266/65
s 3
f 294/268/138 296/264/137 159/96/47
f 293/270/138 295/572/137 296/271/137
f 292/273/139 294/268/138 157/269/50
f 291/274/139 293/270/138 294/272/138
f 290/276/140 292/273/139 155/99/49
f 289/278/140 291/274/139 292/275/139
f 288/280/141 290/276/140 153/277/54
s 27
f 281/281/142 303/573/142 301/282/142
s 3
f 149/284/56 286/574/143 288/280/141
f 286/285/143 285/290/143 287/286/141
f 284/288/17 286/574/143 149/284/56
f 284/289/17 283/575/17 285/290/143
f 282/291/144 284/288/17 147/108/55
f 281/293/144 283/575/17 284/289/17
f 280/295/145 282/291/144 145/292/58
s 28
f 298/296/68 312/312/68 311/297/68
s 3
f 277/299/32 280/302/145 143/300/57
f 278/301/32 279/376/145 280/302/145
s 29
f 309/303/82 311/317/82 312/304/82
s 30
f 305/306/91 307/321/91 308/307/91
s 31
f 301/282/25 303/573/25 304/309/25
s 32
f 298/296/146 296/320/146 310/311/146
s 33
f 282/313/8 304/326/8 303/314/8
s 34
f 295/316/142 297/576/142 311/317/142
s 35
f 290/318/146 288/267/146 306/266/146
s 36
f 295/316/62 309/303/62 310/311/62
s 37
f 290/318/60 308/319/60 307/321/60
s 38
f 289/322/142 307/321/142 305/306/142
s 39
f 279/283/24 301/282/24 302/324/24
s 40
f 280/325/146 302/324/146 304/326/146
s 16
f 589/327/82 590/577/82 443/162/82
s 18
f 599/181/91 450/187/91 451/188/91
f 600/330/91 449/578/91 450/187/91
s 15
f 602/332/73 603/579/73 456/178/73
f 601/334/73 602/580/73 453/333/73
s 20
f 607/336/25 458/196/25 459/208/25
s 19
f 612/337/9 609/581/9 464/338/9
f 609/339/9 610/582/9 463/191/9
s 21
f 620/340/91 617/583/91 468/221/91
f 619/341/91 620/584/91 465/212/91
s 12
f 613/209/73 472/214/73 469/213/73
f 614/344/73 471/153/73 472/214/73
s 23
f 623/232/82 474/238/82 475/239/82
f 624/347/82 473/237/82 474/238/82
s 22
f 628/349/118 625/585/118 480/226/118
f 627/351/118 628/586/118 477/350/118
s 24
f 630/352/25 631/587/25 484/243/25
f 629/353/25 630/588/25 481/244/25
s 10
f 443/162/89 448/171/89 447/168/88
f 446/354/147 445/170/90 442/160/90
s 9
f 450/187/100 449/578/99 454/335/99
f 452/175/97 451/188/101 456/178/101
s 5
f 458/196/107 457/206/106 462/194/106
f 460/199/104 459/208/108 464/338/108
s 6
f 472/214/113 471/153/81 466/342/81
f 470/137/70 469/213/112 468/221/112
s 7
f 474/238/124 473/237/123 478/236/123
f 479/224/121 476/230/121 475/239/125
s 8
f 488/246/126 487/151/79 482/150/79
f 486/134/69 485/245/127 484/243/127
s 10
f 441/159/147 165/513/67 168/355/67
s 3
f 500/356/135 489/375/32 278/301/32
f 499/358/148 500/356/135 299/357/135
f 498/360/16 499/358/148 297/359/136
f 497/362/138 498/360/16 295/361/137
f 496/364/139 497/362/138 293/363/138
f 495/366/1 496/364/139 291/365/139
f 494/368/149 495/366/1 289/367/140
f 285/370/143 493/589/143 494/368/149
f 492/371/17 493/589/143 285/370/143
f 491/84/150 492/371/17 283/372/17
f 490/82/151 491/84/150 281/373/144
f 489/375/32 490/590/151 279/376/145
s 41
f 9/377/146 10/439/146 527/378/146
f 23/380/146 525/440/146 555/381/146
f 8/383/146 9/377/146 556/379/146
f 22/382/146 555/381/146 553/385/146
f 7/387/146 8/383/146 554/384/146
f 21/386/146 553/385/146 551/389/146
f 6/391/146 7/387/146 552/388/146
f 19/393/146 20/390/146 551/389/146
f 32/395/146 1/422/146 537/396/146
f 5/398/146 6/391/146 550/392/146
f 19/393/146 549/394/146 546/400/146
f 31/402/146 32/395/146 548/397/146
f 4/404/146 5/398/146 547/399/146
f 18/401/146 546/400/146 543/406/146
f 31/402/146 545/403/146 542/408/146
f 3/410/146 4/404/146 544/405/146
f 17/407/146 543/406/146 540/412/146
f 30/409/146 542/408/146 539/414/146
f 2/416/146 3/410/146 541/411/146
f 16/413/146 540/412/146 536/418/146
f 29/415/146 539/414/146 535/420/146
f 2/416/146 538/417/146 537/396/146
f 14/423/146 15/419/146 536/418/146
f 28/421/146 535/420/146 533/425/146
f 13/427/146 14/423/146 534/424/146
f 27/426/146 533/425/146 531/429/146
f 12/431/146 13/427/146 532/428/146
f 26/430/146 531/429/146 529/433/146
f 11/435/146 12/431/146 530/432/146
f 25/434/146 529/433/146 526/437/146
f 10/439/146 11/435/146 528/436/146
f 24/438/146 526/437/146 525/440/146
s 42
f 34/441/142 33/504/142 588/442/142
f 35/444/142 34/441/142 557/443/142
f 35/444/142 558/445/142 559/446/142
f 36/447/142 559/446/142 560/448/142
f 37/449/142 560/448/142 561/450/142
f 38/451/142 561/450/142 562/452/142
f 39/453/142 562/452/142 563/454/142
f 40/455/142 563/454/142 564/456/142
f 41/457/142 564/456/142 565/458/142
f 42/459/142 565/458/142 566/460/142
f 43/461/142 566/460/142 567/462/142
f 44/463/142 567/462/142 568/464/142
f 45/465/142 568/464/142 569/466/142
f 46/467/142 569/466/142 570/468/142
f 47/469/142 570/468/142 571/470/142
f 48/471/142 571/470/142 572/472/142
f 49/473/142 572/472/142 573/474/142
f 50/475/142 573/474/142 574/476/142
f 51/477/142 574/476/142 575/478/142
f 53/480/142 52/479/142 575/478/142
f 54/482/142 53/480/142 576/481/142
f 55/484/142 54/482/142 577/483/142
f 56/486/142 55/484/142 578/485/142
f 57/488/142 56/486/142 579/487/142
f 58/490/142 57/488/142 580/489/142
f 59/492/142 58/490/142 581/491/142
f 60/494/142 59/492/142 582/493/142
f 61/496/142 60/494/142 583/495/142
f 62/498/142 61/496/142 584/497/142
f 63/500/142 62/498/142 585/499/142
f 64/502/142 63/500/142 586/501/142
f 33/504/142 64/502/142 587/503/142
s 16
f 589/327/82 444/328/82 141/167/82
s 43
f 144/169/118 447/168/118 594/506/118
s 18
f 148/508/91 449/578/91 600/509/91
s 15
f 146/510/73 145/591/73 601/511/73
s 16
f 592/512/82 166/592/82 165/513/82
s 20
f 164/207/25 457/206/25 608/139/25
s 19
f 162/205/9 161/593/9 611/515/9
s 12
f 160/154/73 471/153/73 614/516/73
s 21
f 158/152/91 157/594/91 619/517/91
s 23
f 156/235/82 473/237/82 624/518/82
s 22
f 154/519/118 153/595/118 627/520/118
s 24
f 150/521/25 149/596/25 629/522/25
s 44
f 152/149/9 487/151/9 634/523/9
s 17
f 592/524/85 591/597/152 596/525/152
s 14
f 602/527/96 601/598/77 600/330/77
f 604/528/83 603/599/95 598/174/95
s 11
f 612/529/102 611/600/72 608/195/72
f 610/530/92 609/601/103 606/198/103
s 4
f 613/345/109 620/602/109 619/531/52
f 618/532/114 617/603/110 616/215/153
s 13
f 628/533/119 627/604/75 624/347/75
f 621/231/116 626/605/116 625/534/120
s 25
f 633/535/133 630/606/133 629/536/131
f 635/538/128 632/607/128 631/539/134
s 17
f 143/507/154 594/506/155 589/541/155
s 20
f 605/179/25 460/199/25 188/204/25
s 43
f 594/544/118 447/168/118 448/171/118
f 593/546/118 448/171/118 445/170/118
f 596/525/118 445/170/118 446/354/118
f 595/548/118 446/354/118 168/355/118
s 21
f 618/549/91 181/608/91 182/550/91
s 17
f 594/544/155 593/545/157 590/551/156
f 591/553/152 590/609/156 593/546/157
s 44
f 634/537/9 487/151/9 488/246/9
f 633/554/9 488/246/9 485/245/9
f 636/540/9 485/245/9 486/134/9
f 635/555/9 486/134/9 176/133/9
s 45
g LlantaCentralIzquierda_SpacialRoverExploreralumGrayDeep
usemtl SpacialRoverExploreralumGrayDeep
f 136/610/151 207/611/32 135/612/32
s 3
f 164/95/45 189/613/32 200/614/135
f 199/615/148 164/95/45 200/614/135
f 160/98/47 199/615/148 198/616/16
f 158/100/50 198/616/16 197/617/138
f 156/101/49 197/617/138 196/618/139
f 154/106/54 196/618/139 195/619/1
f 152/107/53 195/619/1 194/620/149
f 193/621/143 152/107/53 194/620/149
f 192/622/17 150/109/56 193/621/143
f 146/112/58 192/622/17 191/623/150
f 144/113/57 191/623/150 190/624/151
f 141/94/46 190/625/151 189/613/32
s 46
f 129/626/146 190/627/146 130/628/146
f 130/628/146 191/629/146 131/630/146
f 131/630/146 192/631/146 132/632/146
f 133/633/146 192/631/146 193/634/146
f 133/633/146 194/635/146 134/636/146
f 135/637/146 194/635/146 195/638/146
f 135/637/146 196/639/146 136/640/146
f 137/641/146 196/639/146 197/642/146
f 137/641/146 198/643/146 138/644/146
f 138/644/146 199/645/146 139/646/146
f 139/646/146 200/647/146 140/648/146
f 129/626/146 200/647/146 189/649/146
s 47
f 204/650/146 208/651/146 212/652/146
s 45
f 133/653/148 204/654/16 132/655/16
f 140/656/149 211/657/143 139/658/143
f 130/659/139 201/660/1 129/661/1
f 137/662/150 208/663/151 136/610/151
f 133/653/148 206/664/135 205/665/148
f 129/661/1 212/666/149 140/656/149
f 131/667/138 202/668/139 130/669/139
f 138/670/17 209/671/150 137/662/150
f 135/612/32 206/664/135 134/672/135
f 132/655/16 203/673/138 131/667/138
f 139/658/143 210/674/17 138/670/17
s 48
f 502/675/32 514/676/151 503/677/32
f 501/678/151 515/83/150 514/556/151
f 504/679/150 516/680/17 515/83/150
f 505/681/17 517/682/143 516/680/17
f 517/682/143 507/683/149 518/684/149
f 507/683/149 519/685/1 518/684/149
f 508/686/1 520/687/139 519/685/1
f 509/688/139 521/689/138 520/687/139
f 510/690/138 522/691/16 521/689/138
f 511/692/16 523/693/148 522/691/16
s 49
f 512/694/142 508/695/142 504/679/142
s 48
f 512/696/148 524/697/135 523/693/148
f 513/698/135 503/677/32 524/697/135
s 45
f 136/610/151 208/663/151 207/611/32
s 3
f 164/95/45 141/94/46 189/613/32
f 199/615/148 162/97/48 164/95/45
f 160/98/47 162/97/48 199/615/148
f 158/100/50 160/98/47 198/616/16
f 156/101/49 158/100/50 197/617/138
f 154/106/54 156/101/49 196/618/139
f 152/107/53 154/106/54 195/619/1
f 193/621/143 150/109/56 152/107/53
f 192/622/17 148/110/55 150/109/56
f 146/112/58 148/110/55 192/622/17
f 144/113/57 146/112/58 191/623/150
f 141/94/46 144/699/57 190/625/151
s 46
f 129/626/146 189/649/146 190/627/146
f 130/628/146 190/627/146 191/629/146
f 131/630/146 191/629/146 192/631/146
f 133/633/146 132/632/146 192/631/146
f 133/633/146 193/634/146 194/635/146
f 135/637/146 134/636/146 194/635/146
f 135/637/146 195/638/146 196/639/146
f 137/641/146 136/640/146 196/639/146
f 137/641/146 197/642/146 198/643/146
f 138/644/146 198/643/146 199/645/146
f 139/646/146 199/645/146 200/647/146
f 129/626/146 140/648/146 200/647/146
s 47
f 212/652/146 201/700/146 202/701/146
f 202/701/146 203/702/146 204/650/146
f 204/650/146 205/703/146 206/704/146
f 206/704/146 207/705/146 208/651/146
f 208/651/146 209/706/146 210/707/146
f 210/707/146 211/708/146 212/652/146
f 212/652/146 202/701/146 204/650/146
f 204/650/146 206/704/146 208/651/146
f 208/651/146 210/707/146 212/652/146
s 45
f 133/653/148 205/665/148 204/654/16
f 140/656/149 212/666/149 211/657/143
f 130/659/139 202/709/139 201/660/1
f 137/662/150 209/671/150 208/663/151
f 133/653/148 134/672/135 206/664/135
f 129/661/1 201/660/1 212/666/149
f 131/667/138 203/673/138 202/668/139
f 138/670/17 210/674/17 209/671/150
f 135/612/32 207/611/32 206/664/135
f 132/655/16 204/654/16 203/673/138
f 139/658/143 211/657/143 210/674/17
s 48
f 502/675/32 501/710/151 514/676/151
f 501/678/151 504/679/150 515/83/150
f 504/679/150 505/681/17 516/680/17
f 505/681/17 506/711/143 517/682/143
f 517/682/143 506/711/143 507/683/149
f 507/683/149 508/686/1 519/685/1
f 508/686/1 509/688/139 520/687/139
f 509/688/139 510/690/138 521/689/138
f 510/690/138 511/692/16 522/691/16
f 511/692/16 512/696/148 523/693/148
s 49
f 504/679/142 501/678/142 502/712/142
f 502/712/142 513/713/142 512/694/142
f 512/694/142 511/714/142 510/715/142
f 510/715/142 509/716/142 508/695/142
f 508/695/142 507/717/142 506/718/142
f 506/718/142 505/719/142 504/679/142
f 504/679/142 502/712/142 512/694/142
f 512/694/142 510/715/142 508/695/142
f 508/695/142 506/718/142 504/679/142
s 48
f 512/696/148 513/698/135 524/697/135
f 513/698/135 502/675/32 503/677/32
s 42
g LlantaCentralIzquierda_SpacialRoverExplorerwheels
usemtl SpacialRoverExplorerwheels
f 588/720/142 96/721/158 66/722/159
f 587/723/142 95/724/160 96/721/158
f 586/725/142 94/726/161 95/724/160
f 585/727/142 93/728/162 94/726/161
f 584/729/142 92/730/163 93/728/162
f 583/731/142 91/732/164 92/730/163
f 582/733/142 90/734/165 91/732/164
f 581/735/142 89/736/165 90/734/165
f 580/737/142 88/738/166 89/736/165
f 579/739/142 87/740/166 88/738/166
f 578/741/142 86/742/167 87/740/166
f 577/743/142 85/744/168 86/742/167
f 576/745/142 84/746/169 85/747/168
f 574/748/142 84/746/169 575/749/142
f 573/750/142 83/751/169 574/748/142
f 572/752/142 82/753/170 573/750/142
f 571/754/142 81/755/170 572/752/142
f 570/756/142 80/757/171 571/754/142
f 569/758/142 79/759/171 570/756/142
f 568/760/142 78/761/172 569/758/142
f 567/762/142 77/763/172 568/760/142
f 566/764/142 76/765/173 567/762/142
f 565/766/142 75/767/174 566/764/142
f 564/768/142 74/769/175 565/766/142
f 563/770/142 73/771/176 564/768/142
f 562/772/142 72/773/177 563/770/142
f 561/774/142 71/775/178 562/772/142
f 560/776/142 70/777/179 561/774/142
f 559/778/142 69/779/179 560/780/142
f 559/778/142 67/781/180 68/782/180
f 558/783/142 65/784/159 67/781/180
f 557/785/142 66/722/159 65/784/159
s 41
f 526/786/146 119/787/181 525/788/146
f 527/789/146 107/790/182 106/791/183
f 529/792/146 120/793/181 526/786/146
f 528/794/146 108/795/184 107/790/182
f 531/796/146 121/797/185 529/792/146
f 530/798/146 109/799/186 108/795/184
f 533/800/146 122/801/185 531/796/146
f 532/802/146 110/803/187 109/799/186
f 535/804/146 123/805/188 533/800/146
f 534/806/146 111/807/189 110/803/187
f 538/808/146 97/809/190 537/810/146
f 539/811/146 124/812/191 535/804/146
f 536/813/146 112/814/189 111/807/189
f 541/815/146 98/816/190 538/808/146
f 542/817/146 125/818/192 539/811/146
f 543/819/146 112/814/189 540/820/146
f 544/821/146 99/822/193 541/815/146
f 545/823/146 126/824/194 542/817/146
f 546/825/146 113/826/195 543/819/146
f 547/827/146 100/828/193 544/821/146
f 548/829/146 127/830/196 545/823/146
f 549/831/146 114/832/197 546/825/146
f 547/833/146 102/834/198 101/835/198
f 537/810/146 128/836/199 548/829/146
f 551/837/146 115/838/200 549/831/146
f 550/839/146 103/840/201 102/834/198
f 553/841/146 116/842/200 551/837/146
f 552/843/146 104/844/202 103/840/201
f 555/845/146 117/846/203 553/847/146
f 554/848/146 105/849/204 104/844/202
f 525/788/146 118/850/203 555/845/146
f 556/851/146 106/791/183 105/849/204
s 50
f 214/852/205 123/805/206 216/853/207
s 51
f 218/854/208 127/830/209 220/855/210
s 52
f 220/855/211 412/856/212 219/857/213
s 53
f 224/858/214 125/818/215 222/859/216
s 54
f 271/860/217 314/861/218 438/862/219
s 52
f 219/857/213 313/863/220 95/724/221
s 42
f 86/742/167 323/864/222 324/865/222
s 55
f 270/866/223 437/867/224 405/868/223
s 41
f 127/830/196 375/869/225 376/870/225
s 56
f 238/871/226 117/872/227 232/873/228
s 57
f 234/874/229 119/787/230 228/875/231
s 58
f 230/876/232 121/797/233 226/877/234
s 59
f 218/854/235 411/878/236 379/879/237
s 55
f 269/880/224 342/881/238 437/867/224
s 60
f 112/814/239 240/882/240 246/883/241
s 61
f 114/832/242 236/884/243 242/885/244
s 59
f 217/886/245 316/887/246 411/878/236
s 42
f 88/738/166 321/888/247 322/889/247
s 62
f 108/795/248 248/890/249 254/891/250
s 63
f 110/803/251 244/892/252 250/893/253
s 64
f 268/894/254 436/895/255 267/896/256
s 41
f 125/818/192 373/897/257 374/898/257
s 65
f 216/853/258 410/899/259 215/900/260
s 64
f 267/896/256 341/901/261 67/781/262
s 66
f 100/828/263 264/902/264 270/866/265
s 67
f 102/834/266 260/903/267 266/904/268
s 68
f 104/844/269 256/905/270 262/906/271
s 69
f 106/791/272 252/907/273 258/908/274
s 70
f 272/909/275 97/809/276 274/910/277
s 65
f 215/900/260 317/911/278 91/732/279
s 71
f 276/912/280 99/822/281 268/894/282
s 42
f 90/734/165 319/913/283 320/914/283
s 72
f 266/904/284 435/915/285 403/916/286
s 41
f 123/805/188 371/917/287 372/918/287
s 71
f 65/784/288 267/896/289 67/781/288
f 275/919/290 268/894/282 267/896/289
s 73
f 214/852/291 409/920/292 377/921/291
s 72
f 265/922/293 340/923/294 435/915/285
s 70
f 96/721/295 273/924/296 66/722/295
f 271/860/297 274/910/277 273/924/296
s 69
f 257/925/298 75/767/299 74/769/299
f 258/908/274 251/926/300 257/925/298
s 68
f 261/927/301 73/771/302 72/773/302
f 262/906/271 255/928/303 261/927/301
s 67
f 265/922/304 71/775/305 70/777/305
f 266/904/268 259/929/306 265/922/304
s 66
f 269/880/307 69/779/308 68/782/308
f 270/866/265 263/930/309 269/880/307
s 73
f 213/931/310 320/914/311 409/920/292
s 42
f 92/730/163 317/911/312 318/932/312
s 74
f 264/933/313 434/934/314 263/935/315
s 41
f 121/797/185 369/936/316 370/937/316
s 75
f 276/912/317 345/938/318 98/816/319
s 74
f 263/935/315 339/939/320 69/940/321
s 76
f 274/910/322 346/941/323 407/942/322
s 42
f 94/726/161 315/943/324 316/887/324
s 63
f 249/944/325 79/759/326 78/761/326
f 250/893/253 243/945/327 249/944/325
s 62
f 253/946/328 77/763/329 76/765/329
f 254/891/250 247/947/330 253/946/328
s 77
f 262/906/331 433/948/332 401/949/333
s 41
f 119/787/181 367/950/334 368/951/334
s 54
f 272/909/335 375/869/336 128/836/337
s 77
f 261/927/338 338/952/339 433/948/332
s 61
f 241/953/340 83/751/341 82/753/341
f 242/885/244 235/954/342 241/953/340
s 60
f 245/955/343 81/755/344 80/757/344
f 246/883/241 239/956/345 245/955/343
s 55
f 270/866/223 347/957/346 100/828/346
s 42
f 96/721/158 313/863/347 314/861/347
s 78
f 260/903/348 432/958/349 259/929/350
s 41
f 117/846/203 365/959/351 366/960/351
s 58
f 88/738/352 225/961/353 89/736/352
f 229/962/354 226/877/234 225/961/353
s 57
f 86/742/355 227/963/356 87/740/357
f 233/964/358 228/875/231 227/963/356
s 56
f 84/746/359 231/965/360 85/747/359
f 237/966/361 232/873/228 231/965/360
s 64
f 268/894/254 348/967/362 404/968/254
s 78
f 259/929/350 337/969/363 71/775/364
s 72
f 266/904/284 349/970/365 102/834/366
s 79
f 258/908/367 431/971/368 399/972/369
s 41
f 115/838/200 363/973/370 364/974/370
s 74
f 264/933/313 350/975/371 402/976/372
s 79
f 257/925/373 336/977/374 431/971/368
s 77
f 262/906/331 351/978/375 104/844/376
s 80
f 256/905/377 430/979/378 255/928/379
s 41
f 114/832/197 362/980/380 113/826/195
s 53
f 92/730/381 221/981/382 93/728/381
f 223/982/383 222/859/216 221/981/382
s 78
f 260/903/348 352/983/384 400/984/348
s 80
f 255/928/379 335/985/385 73/771/386
s 51
f 94/726/387 219/857/388 95/724/387
f 217/886/389 220/855/210 219/857/388
s 50
f 90/734/390 215/900/391 91/732/390
f 213/931/392 216/853/207 215/900/391
s 81
f 381/986/393 373/897/394 379/879/395
s 82
f 378/987/396 371/917/397 382/988/398
s 83
f 383/989/399 369/936/400 377/921/401
s 84
f 384/990/402 367/950/403 385/991/404
s 85
f 386/992/405 365/959/406 387/993/407
s 86
f 388/994/408 363/973/409 389/995/408
s 87
f 362/980/410 391/996/411 390/997/412
s 88
f 360/998/413 393/999/414 392/1000/415
s 89
f 358/1001/416 395/1002/417 394/1003/418
s 90
f 356/1004/419 397/1005/420 396/1006/421
s 91
f 354/1007/422 399/972/423 398/1008/424
s 92
f 352/983/425 401/949/426 400/984/427
s 93
f 350/975/428 403/916/429 402/976/430
s 94
f 348/967/431 405/868/432 404/968/432
s 95
f 407/942/433 345/938/434 408/1009/435
s 96
f 380/1010/436 375/869/437 406/1011/438
f 313/863/439 438/862/440 314/861/439
f 412/856/441 406/1011/438 438/862/440
s 95
f 343/1012/442 440/1013/443 344/1014/442
f 439/1015/444 408/1009/435 440/1013/443
s 94
f 436/895/445 342/881/446 341/901/446
f 404/968/432 437/867/445 436/895/445
s 93
f 434/934/447 340/923/448 339/939/448
f 402/976/430 435/915/449 434/934/447
s 92
f 432/958/450 338/952/451 337/969/451
f 400/984/427 433/948/452 432/958/450
s 91
f 430/979/453 336/977/454 335/985/454
f 398/1008/424 431/971/455 430/979/453
s 90
f 428/1016/456 334/1017/457 333/1018/458
f 396/1006/421 429/1019/459 428/1016/456
s 89
f 426/1020/460 332/1021/461 331/1022/461
f 394/1003/418 427/1023/462 426/1020/460
s 88
f 424/1024/463 330/1025/464 329/1026/464
f 392/1000/415 425/1027/465 424/1024/463
s 87
f 422/1028/466 328/1029/467 327/1030/467
f 390/997/412 423/1031/468 422/1028/466
s 86
f 325/1032/469 421/1033/470 326/1034/469
f 388/994/408 421/1033/470 420/1035/470
s 85
f 323/864/471 419/1036/472 324/865/471
f 418/1037/473 387/993/407 419/1036/472
s 84
f 321/888/474 417/1038/475 322/889/474
f 416/1039/476 385/991/404 417/1038/475
s 83
f 319/913/477 409/920/478 320/914/477
f 415/1040/479 377/921/401 409/920/478
s 82
f 317/911/480 414/1041/481 318/932/480
f 410/899/482 382/988/398 414/1041/481
s 81
f 315/943/483 411/878/484 316/887/483
f 413/1042/485 379/879/395 411/878/484
s 54
f 272/909/335 438/862/219 406/1011/335
s 42
f 83/751/169 326/1034/486 84/746/169
s 97
f 221/981/487 315/943/488 93/728/489
s 76
f 273/924/490 343/1012/491 66/722/492
s 97
f 222/859/493 413/1042/494 221/981/487
s 76
f 274/910/322 439/1015/495 273/924/490
s 42
f 81/755/170 328/1029/496 82/753/170
s 98
f 223/982/497 318/932/498 414/1041/499
s 75
f 275/919/500 344/1014/501 440/1013/500
s 98
f 224/858/502 414/1041/499 382/988/502
s 75
f 276/912/317 440/1013/500 408/1009/503
s 42
f 79/759/171 330/1025/504 80/757/171
s 99
f 225/961/505 319/913/506 89/736/507
f 226/877/508 415/1040/509 225/961/505
s 42
f 77/763/172 332/1021/510 78/761/172
s 100
f 227/963/511 321/888/512 87/740/513
f 228/875/514 416/1039/515 227/963/511
s 42
f 75/767/174 334/1017/516 76/765/173
s 101
f 229/962/517 322/889/518 417/1038/519
f 230/876/520 417/1038/519 385/991/521
s 42
f 73/771/176 336/977/522 74/769/175
s 102
f 231/1043/523 323/864/524 85/744/525
f 232/1044/526 418/1037/527 231/1043/523
s 73
f 214/852/291 369/936/528 122/801/529
s 42
f 71/775/178 338/952/530 72/773/177
s 103
f 233/964/531 324/865/532 419/1036/533
s 65
f 216/853/258 372/918/534 378/987/535
s 103
f 234/874/536 419/1036/533 387/993/537
s 59
f 218/854/235 373/897/538 126/824/539
s 42
f 69/940/179 340/923/540 70/777/179
s 104
f 235/954/541 325/1032/542 83/751/542
s 52
f 220/855/211 376/870/543 380/1010/544
s 104
f 236/884/545 420/1035/541 235/954/541
s 97
f 222/859/493 374/898/546 381/986/547
s 42
f 68/782/180 341/901/548 342/881/548
s 105
f 237/966/549 326/1034/550 421/1033/549
s 98
f 224/858/502 371/917/551 124/812/552
s 105
f 238/871/553 421/1033/549 389/995/553
s 99
f 226/877/508 370/937/554 383/989/508
s 42
f 65/784/159 343/1012/555 344/1014/555
s 106
f 239/956/556 327/1030/557 81/755/558
s 100
f 228/875/514 368/951/559 384/990/560
s 41
f 97/809/190 345/938/561 346/941/561
s 106
f 240/882/562 422/1028/563 239/956/556
s 101
f 230/876/520 367/950/564 120/793/565
s 107
f 241/953/566 328/1029/567 423/1031/568
s 102
f 232/1044/526 366/960/569 386/992/570
s 41
f 100/828/193 348/967/571 99/822/193
s 107
f 242/885/572 423/1031/568 391/996/573
s 103
f 234/874/536 365/959/574 118/850/575
s 108
f 243/945/576 329/1026/577 79/759/578
s 104
f 236/884/545 364/974/579 388/994/580
s 41
f 102/834/198 350/975/581 101/835/198
s 108
f 244/892/582 424/1024/583 243/945/576
s 105
f 238/871/553 363/973/584 116/842/585
s 109
f 245/955/586 330/1025/587 425/1027/588
s 106
f 240/882/562 362/980/589 390/997/590
s 41
f 104/844/202 352/983/591 103/840/201
s 109
f 246/883/592 425/1027/588 393/999/592
s 107
f 242/885/572 361/1045/593 114/832/594
s 110
f 247/947/595 331/1022/596 77/763/597
s 108
f 244/892/582 360/998/598 392/1000/582
s 41
f 106/791/183 354/1007/599 105/849/204
s 110
f 248/890/600 426/1020/601 247/947/595
s 109
f 246/883/592 359/1046/602 112/814/603
s 111
f 249/944/604 332/1021/605 427/1023/606
s 110
f 248/890/600 358/1001/607 394/1003/608
s 41
f 108/795/184 356/1004/609 107/790/182
s 111
f 250/893/610 427/1023/606 395/1002/611
f 250/893/610 357/1047/612 110/803/613
s 112
f 251/926/614 333/1018/615 75/767/616
f 252/907/617 356/1004/618 396/1006/619
s 41
f 110/803/187 358/1001/620 109/799/186
s 112
f 252/907/617 428/1016/621 251/926/614
s 113
f 254/891/622 355/1048/623 108/795/624
f 253/946/625 334/1017/626 429/1019/627
s 80
f 256/905/377 354/1007/628 398/1008/377
s 41
f 112/814/189 360/998/629 111/807/189
s 113
f 254/891/622 429/1019/627 397/1005/630
s 79
f 258/908/367 353/1049/631 106/791/632
s 42
f 588/720/142 587/723/142 96/721/158
f 587/723/142 586/725/142 95/724/160
f 586/725/142 585/727/142 94/726/161
f 585/727/142 584/729/142 93/728/162
f 584/729/142 583/731/142 92/730/163
f 583/731/142 582/733/142 91/732/164
f 582/733/142 581/735/142 90/734/165
f 581/735/142 580/737/142 89/736/165
f 580/737/142 579/739/142 88/738/166
f 579/739/142 578/741/142 87/740/166
f 578/741/142 577/743/142 86/742/167
f 577/743/142 576/1050/142 85/744/168
f 576/745/142 575/749/142 84/746/169
f 574/748/142 83/751/169 84/746/169
f 573/750/142 82/753/170 83/751/169
f 572/752/142 81/755/170 82/753/170
f 571/754/142 80/757/171 81/755/170
f 570/756/142 79/759/171 80/757/171
f 569/758/142 78/761/172 79/759/171
f 568/760/142 77/763/172 78/761/172
f 567/762/142 76/765/173 77/763/172
f 566/764/142 75/767/174 76/765/173
f 565/766/142 74/769/175 75/767/174
f 564/768/142 73/771/176 74/769/175
f 563/770/142 72/773/177 73/771/176
f 562/772/142 71/775/178 72/773/177
f 561/774/142 70/777/179 71/775/178
f 560/776/142 69/940/179 70/777/179
f 559/778/142 68/782/180 69/779/179
f 559/778/142 558/783/142 67/781/180
f 558/783/142 557/785/142 65/784/159
f 557/785/142 588/720/142 66/722/159
s 41
f 526/786/146 120/793/181 119/787/181
f 527/789/146 528/794/146 107/790/182
f 529/792/146 121/797/185 120/793/181
f 528/794/146 530/798/146 108/795/184
f 531/796/146 122/801/185 121/797/185
f 530/798/146 532/802/146 109/799/186
f 533/800/146 123/805/188 122/801/185
f 532/802/146 534/806/146 110/803/187
f 535/804/146 124/812/191 123/805/188
f 534/806/146 536/813/146 111/807/189
f 538/808/146 98/816/190 97/809/190
f 539/811/146 125/818/192 124/812/191
f 536/813/146 540/820/146 112/814/189
f 541/815/146 99/822/193 98/816/190
f 542/817/146 126/824/194 125/818/192
f 543/819/146 113/826/195 112/814/189
f 544/821/146 100/828/193 99/822/193
f 545/823/146 127/830/196 126/824/194
f 546/825/146 114/832/197 113/826/195
f 547/827/146 101/1051/198 100/828/193
f 548/829/146 128/836/199 127/830/196
f 549/831/146 115/838/200 114/832/197
f 547/833/146 550/839/146 102/834/198
f 537/810/146 97/809/190 128/836/199
f 551/837/146 116/842/200 115/838/200
f 550/839/146 552/843/146 103/840/201
f 553/841/146 117/872/203 116/842/200
f 552/843/146 554/848/146 104/844/202
f 555/845/146 118/850/203 117/846/203
f 554/848/146 556/851/146 105/849/204
f 525/788/146 119/787/181 118/850/203
f 556/851/146 527/789/146 106/791/183
s 50
f 214/852/205 122/801/206 123/805/206
s 51
f 218/854/208 126/824/209 127/830/209
s 52
f 220/855/211 380/1010/544 412/856/212
s 53
f 224/858/214 124/812/215 125/818/215
s 54
f 271/860/217 96/721/633 314/861/218
s 52
f 219/857/213 412/856/212 313/863/220
s 42
f 86/742/167 85/744/168 323/864/222
s 55
f 270/866/223 269/880/224 437/867/224
s 41
f 127/830/196 128/836/199 375/869/225
s 56
f 238/871/226 116/842/227 117/872/227
s 57
f 234/874/229 118/850/230 119/787/230
s 58
f 230/876/232 120/793/233 121/797/233
s 59
f 218/854/235 217/886/245 411/878/236
s 55
f 269/880/224 68/782/634 342/881/238
s 60
f 112/814/239 113/826/239 240/882/240
s 61
f 114/832/242 115/838/242 236/884/243
s 59
f 217/886/245 94/726/635 316/887/246
s 42
f 88/738/166 87/740/166 321/888/247
s 62
f 108/795/248 109/799/248 248/890/249
s 63
f 110/803/251 111/807/251 244/892/252
s 64
f 268/894/254 404/968/254 436/895/255
s 41
f 125/818/192 126/824/194 373/897/257
s 65
f 216/853/258 378/987/535 410/899/259
s 64
f 267/896/256 436/895/255 341/901/261
s 66
f 100/828/263 101/1051/263 264/902/264
s 67
f 102/834/266 103/840/266 260/903/267
s 68
f 104/844/269 105/849/269 256/905/270
s 69
f 106/791/272 107/790/272 252/907/273
s 70
f 272/909/275 128/836/276 97/809/276
s 65
f 215/900/260 410/899/259 317/911/278
s 71
f 276/912/280 98/816/281 99/822/281
s 42
f 90/734/165 89/736/165 319/913/283
s 72
f 266/904/284 265/922/293 435/915/285
s 41
f 123/805/188 124/812/191 371/917/287
s 71
f 65/784/288 275/919/290 267/896/289
f 275/919/290 276/912/280 268/894/282
s 73
f 214/852/291 213/931/310 409/920/292
s 72
f 265/922/293 70/777/636 340/923/294
s 70
f 96/721/295 271/860/297 273/924/296
f 271/860/297 272/909/275 274/910/277
s 69
f 257/925/298 251/926/300 75/767/299
f 258/908/274 252/907/273 251/926/300
s 68
f 261/927/301 255/928/303 73/771/302
f 262/906/271 256/905/270 255/928/303
s 67
f 265/922/304 259/929/306 71/775/305
f 266/904/268 260/903/267 259/929/306
s 66
f 269/880/307 263/930/309 69/779/308
f 270/866/265 264/902/264 263/930/309
s 73
f 213/931/310 90/734/637 320/914/311
s 42
f 92/730/163 91/732/164 317/911/312
s 74
f 264/933/313 402/976/372 434/934/314
s 41
f 121/797/185 122/801/185 369/936/316
s 75
f 276/912/317 408/1009/503 345/938/318
s 74
f 263/935/315 434/934/314 339/939/320
s 76
f 274/910/322 97/809/638 346/941/323
s 42
f 94/726/161 93/728/162 315/943/324
s 63
f 249/944/325 243/945/327 79/759/326
f 250/893/253 244/892/252 243/945/327
s 62
f 253/946/328 247/947/330 77/763/329
f 254/891/250 248/890/249 247/947/330
s 77
f 262/906/331 261/927/338 433/948/332
s 41
f 119/787/181 120/793/181 367/950/334
s 54
f 272/909/335 406/1011/335 375/869/336
s 77
f 261/927/338 72/773/639 338/952/339
s 61
f 241/953/340 235/954/342 83/751/341
f 242/885/244 236/884/243 235/954/342
s 60
f 245/955/343 239/956/345 81/755/344
f 246/883/241 240/882/240 239/956/345
s 55
f 270/866/223 405/868/223 347/957/346
s 42
f 96/721/158 95/724/160 313/863/347
s 78
f 260/903/348 400/984/348 432/958/349
s 41
f 117/846/203 118/850/203 365/959/351
s 58
f 88/738/352 229/962/354 225/961/353
f 229/962/354 230/876/232 226/877/234
s 57
f 86/742/355 233/964/358 227/963/356
f 233/964/358 234/874/229 228/875/231
s 56
f 84/746/359 237/966/361 231/965/360
f 237/966/361 238/871/226 232/873/228
s 64
f 268/894/254 99/822/640 348/967/362
s 78
f 259/929/350 432/958/349 337/969/363
s 72
f 266/904/284 403/916/286 349/970/365
s 79
f 258/908/367 257/925/373 431/971/368
s 41
f 115/838/200 116/842/200 363/973/370
s 74
f 264/933/313 101/835/641 350/975/371
s 79
f 257/925/373 74/769/642 336/977/374
s 77
f 262/906/331 401/949/333 351/978/375
s 80
f 256/905/377 398/1008/377 430/979/378
s 41
f 114/832/197 361/1045/380 362/980/380
s 53
f 92/730/381 223/982/383 221/981/382
f 223/982/383 224/858/214 222/859/216
s 78
f 260/903/348 103/840/643 352/983/384
s 80
f 255/928/379 430/979/378 335/985/385
s 51
f 94/726/387 217/886/389 219/857/388
f 217/886/389 218/854/208 220/855/210
s 50
f 90/734/390 213/931/392 215/900/391
f 213/931/392 214/852/205 216/853/207
s 81
f 381/986/393 374/898/394 373/897/394
s 82
f 378/987/396 372/918/397 371/917/397
s 83
f 383/989/399 370/937/400 369/936/400
s 84
f 384/990/402 368/951/403 367/950/403
s 85
f 386/992/405 366/960/406 365/959/406
s 86
f 388/994/408 364/974/409 363/973/409
s 87
f 362/980/410 361/1045/410 391/996/411
s 88
f 360/998/413 359/1046/413 393/999/414
s 89
f 358/1001/416 357/1047/416 395/1002/417
s 90
f 356/1004/419 355/1048/419 397/1005/420
s 91
f 354/1007/422 353/1049/422 399/972/423
s 92
f 352/983/425 351/978/425 401/949/426
s 93
f 350/975/428 349/970/428 403/916/429
s 94
f 348/967/431 347/957/431 405/868/432
s 95
f 407/942/433 346/941/434 345/938/434
s 96
f 380/1010/436 376/870/437 375/869/437
f 313/863/439 412/856/441 438/862/440
f 412/856/441 380/1010/436 406/1011/438
s 95
f 343/1012/442 439/1015/444 440/1013/443
f 439/1015/444 407/942/433 408/1009/435
s 94
f 436/895/445 437/867/445 342/881/446
f 404/968/432 405/868/432 437/867/445
s 93
f 434/934/447 435/915/449 340/923/448
f 402/976/430 403/916/429 435/915/449
s 92
f 432/958/450 433/948/452 338/952/451
f 400/984/427 401/949/426 433/948/452
s 91
f 430/979/453 431/971/455 336/977/454
f 398/1008/424 399/972/423 431/971/455
s 90
f 428/1016/456 429/1019/459 334/1017/457
f 396/1006/421 397/1005/420 429/1019/459
s 89
f 426/1020/460 427/1023/462 332/1021/461
f 394/1003/418 395/1002/417 427/1023/462
s 88
f 424/1024/463 425/1027/465 330/1025/464
f 392/1000/415 393/999/414 425/1027/465
s 87
f 422/1028/466 423/1031/468 328/1029/467
f 390/997/412 391/996/411 423/1031/468
s 86
f 325/1032/469 420/1035/470 421/1033/470
f 388/994/408 389/995/408 421/1033/470
s 85
f 323/864/471 418/1037/473 419/1036/472
f 418/1037/473 386/992/405 387/993/407
s 84
f 321/888/474 416/1039/476 417/1038/475
f 416/1039/476 384/990/402 385/991/404
s 83
f 319/913/477 415/1040/479 409/920/478
f 415/1040/479 383/989/399 377/921/401
s 82
f 317/911/480 410/899/482 414/1041/481
f 410/899/482 378/987/396 382/988/398
s 81
f 315/943/483 413/1042/485 411/878/484
f 413/1042/485 381/986/393 379/879/395
s 54
f 272/909/335 271/860/217 438/862/219
s 42
f 83/751/169 325/1032/486 326/1034/486
s 97
f 221/981/487 413/1042/494 315/943/488
s 76
f 273/924/490 439/1015/495 343/1012/491
s 97
f 222/859/493 381/986/547 413/1042/494
s 76
f 274/910/322 407/942/322 439/1015/495
s 42
f 81/755/170 327/1030/496 328/1029/496
s 98
f 223/982/497 92/730/644 318/932/498
s 75
f 275/919/500 65/784/645 344/1014/501
s 98
f 224/858/502 223/982/497 414/1041/499
s 75
f 276/912/317 275/919/500 440/1013/500
s 42
f 79/759/171 329/1026/504 330/1025/504
s 99
f 225/961/505 415/1040/509 319/913/506
f 226/877/508 383/989/508 415/1040/509
s 42
f 77/763/172 331/1022/510 332/1021/510
s 100
f 227/963/511 416/1039/515 321/888/512
f 228/875/514 384/990/560 416/1039/515
s 42
f 75/767/174 333/1018/516 334/1017/516
s 101
f 229/962/517 88/738/646 322/889/518
f 230/876/520 229/962/517 417/1038/519
s 42
f 73/771/176 335/985/522 336/977/522
s 102
f 231/1043/523 418/1037/527 323/864/524
f 232/1044/526 386/992/570 418/1037/527
s 73
f 214/852/291 377/921/291 369/936/528
s 42
f 71/775/178 337/969/530 338/952/530
s 103
f 233/964/531 86/742/647 324/865/532
s 65
f 216/853/258 123/805/648 372/918/534
s 103
f 234/874/536 233/964/531 419/1036/533
s 59
f 218/854/235 379/879/237 373/897/538
s 42
f 69/940/179 339/939/540 340/923/540
s 104
f 235/954/541 420/1035/541 325/1032/542
s 52
f 220/855/211 127/830/649 376/870/543
s 104
f 236/884/545 388/994/580 420/1035/541
s 97
f 222/859/493 125/818/650 374/898/546
s 42
f 68/782/180 67/781/180 341/901/548
s 105
f 237/966/549 84/746/550 326/1034/550
s 98
f 224/858/502 382/988/502 371/917/551
s 105
f 238/871/553 237/966/549 421/1033/549
s 99
f 226/877/508 121/797/651 370/937/554
s 42
f 65/784/159 66/722/159 343/1012/555
s 106
f 239/956/556 422/1028/563 327/1030/557
s 100
f 228/875/514 119/787/652 368/951/559
s 41
f 97/809/190 98/816/190 345/938/561
s 106
f 240/882/562 390/997/590 422/1028/563
s 101
f 230/876/520 385/991/521 367/950/564
s 107
f 241/953/566 82/753/567 328/1029/567
s 102
f 232/1044/526 117/846/653 366/960/569
s 41
f 100/828/193 347/957/571 348/967/571
s 107
f 242/885/572 241/953/566 423/1031/568
s 103
f 234/874/536 387/993/537 365/959/574
s 108
f 243/945/576 424/1024/583 329/1026/577
s 104
f 236/884/545 115/838/579 364/974/579
s 41
f 102/834/198 349/970/581 350/975/581
s 108
f 244/892/582 392/1000/582 424/1024/583
s 105
f 238/871/553 389/995/553 363/973/584
s 109
f 245/955/586 80/757/654 330/1025/587
s 106
f 240/882/562 113/826/655 362/980/589
s 41
f 104/844/202 351/978/591 352/983/591
s 109
f 246/883/592 245/955/586 425/1027/588
s 107
f 242/885/572 391/996/573 361/1045/593
s 110
f 247/947/595 426/1020/601 331/1022/596
s 108
f 244/892/582 111/807/656 360/998/598
s 41
f 106/791/183 353/1049/599 354/1007/599
s 110
f 248/890/600 394/1003/608 426/1020/601
s 109
f 246/883/592 393/999/592 359/1046/602
s 111
f 249/944/604 78/761/657 332/1021/605
s 110
f 248/890/600 109/799/658 358/1001/607
s 41
f 108/795/184 355/1048/609 356/1004/609
s 111
f 250/893/610 249/944/604 427/1023/606
f 250/893/610 395/1002/611 357/1047/612
s 112
f 251/926/614 428/1016/621 333/1018/615
f 252/907/617 107/790/659 356/1004/618
s 41
f 110/803/187 357/1047/620 358/1001/620
s 112
f 252/907/617 396/1006/619 428/1016/621
s 113
f 254/891/622 397/1005/630 355/1048/623
f 253/946/625 76/765/660 334/1017/626
s 80
f 256/905/377 105/849/661 354/1007/628
s 41
f 112/814/189 359/1046/629 360/998/629
s 113
f 254/891/622 253/946/625 429/1019/627
s 79
f 258/908/367 399/972/369 353/1049/631
