# Blender 5.2.2 LTS
# www.blender.org
mtllib LlantaDelanteraDerecha.mtl
g LlantaDelanteraDerecha_LlantaDelanteraDerecha
v 0.922475 0.044879 1.540585
v 0.905191 -0.130608 1.540585
v 0.854003 -0.299351 1.540585
v 0.770880 -0.454865 1.540585
v 0.659014 -0.591175 1.540585
v 0.522703 -0.703041 1.540585
v 0.367189 -0.786165 1.540585
v 0.198445 -0.837353 1.540585
v 0.022959 -0.854636 1.540586
v -0.152528 -0.837353 1.540586
v -0.321271 -0.786166 1.540586
v -0.476786 -0.703041 1.540586
v -0.613095 -0.591175 1.540586
v -0.724962 -0.454865 1.540587
v -0.808085 -0.299351 1.540587
v -0.859273 -0.130608 1.540587
v -0.876557 0.044879 1.540587
v -0.859273 0.220366 1.540587
v -0.808086 0.389110 1.540587
v -0.724961 0.544623 1.540586
v -0.613095 0.680933 1.540586
v -0.476786 0.792799 1.540586
v -0.321271 0.875924 1.540585
v -0.152528 0.927112 1.540585
v 0.022959 0.944395 1.540585
v 0.198445 0.927112 1.540584
v 0.367189 0.875924 1.540584
v 0.522703 0.792799 1.540585
v 0.659014 0.680933 1.540585
v 0.770880 0.544623 1.540585
v 0.854003 0.389110 1.540585
v 0.905191 0.220366 1.540585
v 0.922474 0.044879 0.500585
v 0.905189 -0.130608 0.500585
v 0.854002 -0.299351 0.500585
v 0.770878 -0.454865 0.500585
v 0.659011 -0.591175 0.500585
v 0.522702 -0.703041 0.500585
v 0.367188 -0.786165 0.500585
v 0.198444 -0.837353 0.500586
v 0.022957 -0.854637 0.500586
v -0.152529 -0.837353 0.500586
v -0.321272 -0.786165 0.500586
v -0.476787 -0.703041 0.500586
v -0.613096 -0.591175 0.500586
v -0.724963 -0.454865 0.500587
v -0.808087 -0.299351 0.500587
v -0.859274 -0.130608 0.500587
v -0.876558 0.044879 0.500587
v -0.859274 0.220366 0.500587
v -0.808087 0.389109 0.500587
v -0.724963 0.544623 0.500587
v -0.613096 0.680933 0.500587
v -0.476787 0.792799 0.500585
v -0.321272 0.875924 0.500585
v -0.152530 0.927112 0.500585
v 0.022957 0.944395 0.500585
v 0.198444 0.927112 0.500585
v 0.367188 0.875924 0.500584
v 0.522701 0.792799 0.500584
v 0.659011 0.680933 0.500584
v 0.770878 0.544623 0.500584
v 0.854002 0.389109 0.500585
v 0.905189 0.220366 0.500585
v 1.027203 -0.156264 0.500585
v 1.046798 0.042671 0.500585
v 0.969176 -0.347555 0.500585
v 0.874946 -0.523849 0.500585
v 0.748132 -0.678372 0.500585
v 0.593608 -0.805186 0.500585
v 0.417314 -0.899418 0.500585
v 0.226023 -0.957445 0.500585
v 0.027088 -0.977038 0.500586
v -0.171848 -0.957445 0.500586
v -0.363138 -0.899418 0.500586
v -0.539432 -0.805186 0.500586
v -0.693956 -0.678372 0.500587
v -0.820770 -0.523849 0.500587
v -0.915001 -0.347555 0.500587
v -0.973028 -0.156264 0.500587
v -0.992622 0.042671 0.500587
v -0.973028 0.241607 0.500587
v -0.915001 0.432897 0.500587
v -0.820769 0.609191 0.500587
v -0.693956 0.763715 0.500587
v -0.539432 0.890530 0.500585
v -0.363138 0.984760 0.500585
v -0.171848 1.042788 0.500585
v 0.027088 1.062381 0.500585
v 0.226023 1.042788 0.500584
v 0.417314 0.984760 0.500584
v 0.593608 0.890530 0.500584
v 0.748132 0.763715 0.500584
v 0.874946 0.609191 0.500584
v 0.969176 0.432897 0.500584
v 1.027203 0.241607 0.500585
v 1.051510 0.044879 1.540584
v 1.031747 -0.155782 1.540585
v 0.973217 -0.348731 1.540585
v 0.878168 -0.526553 1.540585
v 0.750255 -0.682416 1.540585
v 0.594393 -0.810329 1.540585
v 0.416570 -0.905379 1.540585
v 0.223620 -0.963908 1.540585
v 0.022959 -0.983672 1.540586
v -0.177702 -0.963908 1.540586
v -0.370651 -0.905379 1.540586
v -0.548474 -0.810330 1.540586
v -0.704337 -0.682416 1.540586
v -0.832251 -0.526553 1.540587
v -0.927299 -0.348731 1.540587
v -0.985829 -0.155782 1.540587
v -1.005593 0.044879 1.540587
v -0.985829 0.245539 1.540587
v -0.927299 0.438488 1.540587
v -0.832251 0.616312 1.540587
v -0.704337 0.772175 1.540587
v -0.548474 0.900088 1.540585
v -0.370651 0.995136 1.540585
v -0.177702 1.053668 1.540585
v 0.022959 1.073431 1.540585
v 0.223620 1.053668 1.540584
v 0.416570 0.995136 1.540584
v 0.594391 0.900088 1.540584
v 0.750255 0.772175 1.540585
v 0.878168 0.616312 1.540585
v 0.973217 0.438488 1.540585
v 1.031747 0.245539 1.540584
v 0.022958 0.141351 1.480584
v -0.025278 0.128426 1.480584
v -0.060589 0.093115 1.480584
v -0.073514 0.044879 1.480584
v -0.060589 -0.003357 1.480584
v -0.025278 -0.038669 1.480584
v 0.022958 -0.051594 1.480584
v 0.071195 -0.038669 1.480584
v 0.106506 -0.003357 1.480584
v 0.119431 0.044879 1.480584
v 0.106506 0.093115 1.480584
v 0.071195 0.128426 1.480584
v 0.022958 0.244879 1.357249
v 0.022958 0.244879 1.203917
v -0.077042 0.218084 1.203917
v -0.077042 0.218084 1.357249
v -0.150247 0.144879 1.203917
v -0.150247 0.144879 1.357251
v -0.177042 0.044879 1.203917
v -0.177042 0.044879 1.357251
v -0.150247 -0.055121 1.203917
v -0.150247 -0.055121 1.357251
v -0.077042 -0.128326 1.203917
v -0.077042 -0.128326 1.357251
v 0.022958 -0.155121 1.203917
v 0.022958 -0.155121 1.357249
v 0.122958 -0.128326 1.203917
v 0.122958 -0.128326 1.357249
v 0.196163 -0.055121 1.203917
v 0.196163 -0.055121 1.357249
v 0.222958 0.044879 1.203917
v 0.222958 0.044879 1.357249
v 0.196163 0.144879 1.203917
v 0.196163 0.144879 1.357249
v 0.122958 0.218084 1.203917
v 0.122958 0.218084 1.357249
v -0.158215 0.921028 0.857249
v -0.158216 0.921028 0.603916
v -0.258216 0.894232 0.603916
v -0.258215 0.894232 0.857251
v -0.826395 0.326052 0.603918
v -0.826395 0.326052 0.857251
v -0.853190 0.226052 0.603918
v -0.853190 0.226052 0.857251
v -0.645222 -0.550096 0.603918
v -0.645222 -0.550096 0.857251
v -0.572017 -0.623301 0.603918
v -0.572017 -0.623301 0.857251
v 0.204131 -0.831269 0.603917
v 0.204131 -0.831269 0.857250
v 0.304131 -0.804474 0.603917
v 0.304132 -0.804474 0.857250
v 0.872311 -0.236295 0.603916
v 0.872311 -0.236295 0.857249
v 0.899105 -0.136295 0.603916
v 0.899106 -0.136295 0.857249
v 0.691137 0.639853 0.603916
v 0.691137 0.639853 0.857249
v 0.617932 0.713058 0.603916
v 0.617932 0.713058 0.857249
v 0.022958 0.244879 1.480584
v -0.077042 0.218084 1.480584
v -0.150247 0.144879 1.480584
v -0.177041 0.044879 1.480584
v -0.150247 -0.055121 1.480584
v -0.077042 -0.128326 1.480584
v 0.022958 -0.155120 1.480584
v 0.122958 -0.128326 1.480584
v 0.196163 -0.055121 1.480584
v 0.222958 0.044879 1.480584
v 0.196163 0.144879 1.480584
v 0.122958 0.218084 1.480584
v 0.022958 0.141351 1.380584
v -0.025278 0.128426 1.380584
v -0.060589 0.093115 1.380584
v -0.073514 0.044879 1.380584
v -0.060589 -0.003357 1.380584
v -0.025278 -0.038669 1.380584
v 0.022958 -0.051594 1.380584
v 0.071194 -0.038669 1.380584
v 0.106506 -0.003357 1.380584
v 0.119431 0.044879 1.380584
v 0.106506 0.093115 1.380584
v 0.071194 0.128426 1.380584
v 0.245242 1.146678 0.829919
v 0.244360 1.150668 1.211251
v 0.456269 1.082664 0.829919
v 0.455996 1.086468 1.211251
v 0.961119 0.668344 0.829917
v 0.962301 0.670954 1.211251
v 1.065073 0.473860 0.829917
v 1.066554 0.475910 1.211251
v 0.821220 0.838811 0.829917
v 0.821999 0.841913 1.211251
v 0.650754 0.978709 0.829917
v 0.651041 0.982215 1.211251
v 0.025780 1.168293 0.829919
v 0.024266 1.172345 1.211251
v -0.404709 1.082664 0.829919
v -0.407464 1.086468 1.211252
v -0.193681 1.146678 0.829919
v -0.195828 1.150668 1.211252
v -0.769660 0.838811 0.829920
v -0.773467 0.841913 1.211252
v -0.599194 0.978709 0.829920
v -0.602508 0.982214 1.211252
v -1.013513 0.473860 0.829920
v -1.018022 0.475910 1.211254
v -0.909558 0.668344 0.829920
v -0.913768 0.670954 1.211253
v -1.099143 0.043370 0.829920
v -1.103898 0.044180 1.211254
v -1.077527 0.262832 0.829920
v -1.082221 0.264274 1.211254
v -1.013513 -0.387119 0.829920
v -1.018022 -0.387550 1.211254
v -1.077527 -0.176091 0.829920
v -1.082221 -0.175914 1.211254
v -0.769660 -0.752070 0.829920
v -0.773467 -0.753552 1.211253
v -0.909559 -0.581603 0.829920
v -0.913768 -0.582594 1.211254
v -0.404709 -0.995923 0.829919
v -0.407464 -0.998108 1.211254
v -0.599193 -0.891969 0.829920
v -0.602508 -0.893854 1.211253
v 0.025780 -1.081552 0.829919
v 0.024266 -1.083984 1.211252
v -0.193681 -1.059937 0.829919
v -0.195828 -1.062308 1.211254
v 0.456269 -0.995923 0.829919
v 0.455996 -0.998107 1.211252
v 0.245242 -1.059937 0.829919
v 0.244360 -1.062308 1.211252
v 0.821220 -0.752070 0.829918
v 0.821999 -0.753552 1.211251
v 0.650754 -0.891969 0.829918
v 0.651041 -0.893854 1.211252
v 1.065073 -0.387119 0.829918
v 1.066554 -0.387550 1.211251
v 0.961119 -0.581603 0.829918
v 0.962301 -0.582594 1.211251
v 1.129086 0.262832 0.829918
v 1.130753 0.264274 1.211251
v 1.150702 0.043370 0.829918
v 1.152430 0.044180 1.211251
v 1.129086 -0.176091 0.829918
v 1.130753 -0.175914 1.211251
v 0.022957 0.244879 0.766139
v 0.022957 0.244879 0.668362
v -0.077043 0.218084 0.668362
v -0.077043 0.218084 0.766139
v -0.150248 0.144879 0.668362
v -0.150248 0.144879 0.766140
v -0.177042 0.044879 0.668362
v -0.177042 0.044879 0.766140
v -0.150248 -0.055121 0.668362
v -0.150248 -0.055121 0.766140
v -0.077043 -0.128326 0.668362
v -0.077043 -0.128326 0.766140
v 0.022957 -0.155121 0.668362
v 0.022958 -0.155121 0.766139
v 0.122957 -0.128326 0.668362
v 0.122958 -0.128326 0.766139
v 0.196163 -0.055121 0.668361
v 0.196163 -0.055121 0.766139
v 0.222958 0.044879 0.668361
v 0.222958 0.044879 0.766139
v 0.196163 0.144879 0.668361
v 0.196163 0.144879 0.766139
v 0.122957 0.218084 0.668361
v 0.122958 0.218084 0.766139
v -0.572018 0.713058 0.668361
v -0.572018 0.713058 0.766140
v -0.645223 0.639853 0.668361
v -0.645223 0.639853 0.766140
v -0.258216 -0.804474 0.668362
v -0.258216 -0.804474 0.766140
v -0.158216 -0.831269 0.668362
v -0.158216 -0.831269 0.766140
v 0.899105 0.226052 0.668361
v 0.899105 0.226052 0.766138
v 0.872311 0.326052 0.668361
v 0.872311 0.326052 0.766138
v 1.011662 0.450407 0.505785
v 1.072302 0.250509 0.505785
v 0.780670 0.796112 0.505785
v 0.913191 0.634635 0.505785
v 0.434967 1.027104 0.505786
v 0.619194 0.928632 0.505786
v 0.027181 1.108218 0.505786
v 0.235068 1.087743 0.505786
v -0.380606 1.027104 0.505787
v -0.180707 1.087743 0.505786
v -0.726310 0.796112 0.505787
v -0.564833 0.928632 0.505787
v -0.957302 0.450407 0.505787
v -0.858830 0.634635 0.505787
v -1.038415 0.042622 0.505787
v -1.017940 0.250509 0.505787
v -0.957302 -0.365165 0.505787
v -1.017940 -0.165266 0.505787
v -0.726310 -0.710869 0.505787
v -0.858830 -0.549392 0.505787
v -0.380605 -0.941861 0.505787
v -0.564833 -0.843389 0.505787
v 0.027181 -1.022974 0.505787
v -0.180707 -1.002499 0.505786
v 0.434966 -0.941861 0.505786
v 0.235068 -1.002499 0.505786
v 0.780670 -0.710869 0.505785
v 0.619194 -0.843389 0.505785
v 1.011662 -0.365164 0.505785
v 0.913191 -0.549392 0.505785
v 1.092776 0.042622 0.505785
v 1.072302 -0.165266 0.505785
v 1.077049 -0.164762 1.535385
v 1.097702 0.044929 1.535385
v 0.916559 -0.552218 1.535385
v 1.015884 -0.366392 1.535385
v 0.620012 -0.848764 1.535385
v 0.782889 -0.715095 1.535385
v 0.232556 -1.009254 1.535386
v 0.434188 -0.948091 1.535386
v -0.186824 -1.009254 1.535386
v 0.022866 -1.029907 1.535386
v -0.574281 -0.848764 1.535387
v -0.388456 -0.948091 1.535386
v -0.870828 -0.552218 1.535387
v -0.737158 -0.715096 1.535387
v -1.031318 -0.164762 1.535387
v -0.970153 -0.366394 1.535387
v -1.031318 0.254619 1.535387
v -1.051970 0.044929 1.535387
v -0.870828 0.642076 1.535387
v -0.970153 0.456250 1.535387
v -0.574282 0.938622 1.535386
v -0.737158 0.804952 1.535386
v -0.186824 1.099113 1.535385
v -0.388456 1.037948 1.535385
v 0.232556 1.099113 1.535385
v 0.022866 1.119766 1.535385
v 0.620012 0.938622 1.535385
v 0.434188 1.037948 1.535385
v 0.916559 0.642076 1.535385
v 0.782889 0.804953 1.535385
v 1.077049 0.254619 1.535385
v 1.015884 0.456250 1.535385
v 0.266294 1.261356 1.209345
v 0.499093 1.190737 1.209345
v 1.056028 0.733672 1.209345
v 1.170707 0.519123 1.209345
v 0.901696 0.921726 1.209345
v 0.713642 1.076058 1.209345
v 0.024190 1.285202 1.209345
v -0.450713 1.190737 1.209346
v -0.217913 1.261356 1.209345
v -0.853316 0.921726 1.209346
v -0.665262 1.076058 1.209346
v -1.122327 0.519123 1.209347
v -1.007647 0.733672 1.209347
v -1.216791 0.044220 1.209347
v -1.192945 0.286324 1.209347
v -1.122326 -0.430683 1.209347
v -1.192945 -0.197883 1.209347
v -0.853315 -0.833286 1.209347
v -1.007647 -0.645232 1.209347
v -0.450712 -1.102295 1.209346
v -0.665262 -0.987618 1.209347
v 0.024190 -1.196760 1.209346
v -0.217913 -1.172915 1.209346
v 0.499093 -1.102295 1.209345
v 0.266294 -1.172915 1.209346
v 0.901696 -0.833286 1.209345
v 0.713642 -0.987618 1.209345
v 1.170707 -0.430683 1.209345
v 1.056028 -0.645232 1.209345
v 1.241326 0.286324 1.209345
v 1.265171 0.044220 1.209345
v 1.241326 -0.197883 1.209345
v 0.267263 1.256968 0.831825
v 0.499394 1.186553 0.831825
v 1.054728 0.730801 0.831824
v 1.169078 0.516868 0.831824
v 0.900841 0.918314 0.831824
v 0.713327 1.072204 0.831824
v 0.025856 1.280745 0.831825
v -0.447682 1.186553 0.831827
v -0.215552 1.256968 0.831825
v -0.849129 0.918314 0.831827
v -0.661615 1.072203 0.831827
v -1.117366 0.516868 0.831827
v -1.003016 0.730801 0.831827
v -1.211559 0.043330 0.831827
v -1.187782 0.284738 0.831827
v -1.117366 -0.430208 0.831827
v -1.187782 -0.198078 0.831827
v -0.849128 -0.831654 0.831827
v -1.003017 -0.644141 0.831827
v -0.447682 -1.099891 0.831828
v -0.661615 -0.985543 0.831828
v 0.025856 -1.194084 0.831826
v -0.215552 -1.170307 0.831826
v 0.499394 -1.099891 0.831826
v 0.267263 -1.170307 0.831826
v 0.900841 -0.831654 0.831825
v 0.713327 -0.985543 0.831825
v 1.169078 -0.430208 0.831825
v 1.054728 -0.644141 0.831825
v 1.239493 0.284737 0.831825
v 1.263270 0.043330 0.831825
v 1.239493 -0.198078 0.831825
v -0.107565 0.731998 1.176602
v -0.080335 0.630374 1.315170
v -0.054922 0.535532 1.399331
v -0.016261 0.391246 1.422192
v -0.180335 0.603579 1.315170
v -0.207565 0.705203 1.176602
v -0.116261 0.364451 1.422192
v -0.154922 0.508738 1.399331
v -0.323409 0.084098 1.422192
v -0.467695 0.122759 1.399331
v -0.562537 0.148172 1.315170
v -0.664161 0.175402 1.176602
v -0.440900 0.222759 1.399331
v -0.296614 0.184098 1.422192
v -0.637366 0.275402 1.176602
v -0.535742 0.248172 1.315170
v 0.230107 0.325232 1.422192
v 0.335731 0.430856 1.399331
v 0.405160 0.500286 1.315169
v 0.479554 0.574681 1.176601
v 0.408935 0.357651 1.399331
v 0.303312 0.252027 1.422192
v 0.552759 0.501475 1.176601
v 0.478365 0.427081 1.315169
v 0.486816 -0.133001 1.399331
v 0.342531 -0.094340 1.422192
v 0.683282 -0.185644 1.176601
v 0.581658 -0.158414 1.315169
v 0.608454 -0.058414 1.315169
v 0.710077 -0.085645 1.176601
v 0.369326 0.005660 1.422192
v 0.513611 -0.033001 1.399331
v 0.162178 -0.274694 1.422192
v 0.200839 -0.418979 1.399331
v 0.226252 -0.513820 1.315170
v 0.253481 -0.615444 1.176601
v 0.100839 -0.445774 1.399331
v 0.062177 -0.301489 1.422192
v 0.153482 -0.642240 1.176602
v 0.126251 -0.540616 1.315170
v -0.363019 -0.267894 1.399331
v -0.257395 -0.162270 1.422192
v -0.506843 -0.411717 1.176602
v -0.432449 -0.337323 1.315170
v -0.359244 -0.410528 1.315170
v -0.433638 -0.484922 1.176602
v -0.184190 -0.235475 1.422192
v -0.289814 -0.341099 1.399331
v 0.022957 0.244879 0.147917
v -0.077043 0.218084 0.147917
v -0.150248 0.144879 0.147917
v -0.177043 0.044879 0.147917
v -0.150248 -0.055121 0.147917
v -0.077043 -0.128326 0.147917
v 0.022957 -0.155121 0.147917
v 0.122957 -0.128326 0.147917
v 0.196162 -0.055121 0.147917
v 0.222957 0.044879 0.147917
v 0.196162 0.144879 0.147917
v 0.122957 0.218084 0.147917
v -0.107043 0.270045 -0.133662
v 0.022957 0.304879 -0.133662
v 0.022957 0.304879 0.147871
v -0.202210 0.174879 -0.133662
v -0.237043 0.044879 -0.133662
v -0.202210 -0.085121 -0.133662
v -0.107043 -0.180288 -0.133662
v 0.022957 -0.215121 -0.133662
v 0.152957 -0.180288 -0.133662
v 0.248123 -0.085121 -0.133663
v 0.282957 0.044879 -0.133663
v 0.248123 0.174879 -0.133663
v 0.152957 0.270045 -0.133663
v -0.107043 0.270045 0.147871
v -0.202209 0.174879 0.147871
v -0.237043 0.044879 0.147871
v -0.202209 -0.085121 0.147871
v -0.107043 -0.180288 0.147871
v 0.022957 -0.215121 0.147871
v 0.152957 -0.180288 0.147871
v 0.248124 -0.085121 0.147871
v 0.282957 0.044879 0.147871
v 0.248124 0.174879 0.147871
v 0.152957 0.270045 0.147871
v -0.345961 0.935531 1.540585
v -0.165115 0.990389 1.540585
v -0.165115 -0.900631 1.540586
v -0.345961 -0.845772 1.540586
v 0.022959 1.008914 1.540585
v -0.512629 -0.756686 1.540586
v 0.211032 0.990389 1.540584
v -0.658716 -0.636796 1.540586
v 0.391878 0.935531 1.540584
v -0.778606 -0.490710 1.540587
v 0.558547 0.846445 1.540584
v -0.867692 -0.324041 1.540587
v 0.986993 0.044879 1.540585
v 0.968469 -0.143195 1.540585
v 0.704634 0.726554 1.540585
v -0.922551 -0.143195 1.540587
v 0.913609 -0.324041 1.540585
v 0.824523 0.580467 1.540585
v -0.941075 0.044879 1.540587
v 0.824524 -0.490710 1.540585
v 0.913609 0.413799 1.540585
v -0.922552 0.232953 1.540587
v 0.704634 -0.636796 1.540585
v 0.968469 0.232953 1.540585
v -0.867692 0.413799 1.540587
v 0.558547 -0.756686 1.540585
v -0.778606 0.580467 1.540586
v 0.391878 -0.845772 1.540585
v -0.658716 0.726554 1.540586
v 0.211032 -0.900631 1.540585
v -0.512630 0.846445 1.540585
v 0.022959 -0.919154 1.540586
v 0.966197 -0.143436 0.500585
v 0.911589 -0.323453 0.500585
v 0.822911 -0.489357 0.500585
v 0.703571 -0.634774 0.500585
v 0.558155 -0.754114 0.500585
v 0.392250 -0.842792 0.500585
v 0.212234 -0.897399 0.500586
v 0.025023 -0.915838 0.500586
v -0.162188 -0.897399 0.500586
v -0.342205 -0.842792 0.500586
v -0.508110 -0.754114 0.500586
v -0.653526 -0.634774 0.500586
v -0.772866 -0.489357 0.500587
v -0.861544 -0.323453 0.500587
v -0.916151 -0.143436 0.500587
v -0.934590 0.043775 0.500587
v -0.916151 0.230986 0.500587
v -0.861544 0.411003 0.500587
v -0.772866 0.576907 0.500587
v -0.653526 0.722324 0.500587
v -0.508110 0.841664 0.500585
v -0.342205 0.930343 0.500585
v -0.162188 0.984949 0.500585
v 0.025023 1.003388 0.500585
v 0.212234 0.984949 0.500585
v 0.392251 0.930343 0.500584
v 0.558155 0.841664 0.500584
v 0.703571 0.722324 0.500584
v 0.822911 0.576907 0.500584
v 0.911590 0.411003 0.500584
v 0.966197 0.230986 0.500585
v 0.984635 0.043775 0.500585
v -0.007043 0.356845 1.253596
v -0.062536 0.563949 1.220781
v -0.072721 0.601957 1.187052
v -0.111806 0.747825 0.988156
v -0.162537 0.537154 1.220781
v -0.107043 0.330050 1.253596
v -0.211806 0.721030 0.988156
v -0.172721 0.575162 1.187052
v -0.679989 0.179643 0.988156
v -0.534120 0.140558 1.187054
v -0.496112 0.130373 1.220781
v -0.289008 0.074880 1.253596
v -0.262213 0.174880 1.253596
v -0.469317 0.230373 1.220781
v -0.507325 0.240557 1.187054
v -0.653194 0.279643 0.988156
v 0.491140 0.586266 0.988155
v 0.384358 0.479484 1.187052
v 0.356534 0.451659 1.220781
v 0.204923 0.300049 1.253595
v 0.457561 0.406279 1.187052
v 0.564345 0.513061 0.988155
v 0.278128 0.226844 1.253595
v 0.429738 0.378454 1.220781
v 0.542028 -0.040616 1.220781
v 0.334924 0.014877 1.253595
v 0.725905 -0.089885 0.988155
v 0.580036 -0.050800 1.187052
v 0.553242 -0.150800 1.187052
v 0.699109 -0.189885 0.988155
v 0.308129 -0.085123 1.253595
v 0.515233 -0.140616 1.220781
v 0.257722 -0.631273 0.988156
v 0.218637 -0.485405 1.187052
v 0.208453 -0.447396 1.220781
v 0.152959 -0.240293 1.253596
v 0.118637 -0.512199 1.187052
v 0.157722 -0.658068 0.988156
v 0.052959 -0.267088 1.253596
v 0.108453 -0.474191 1.220781
v -0.232212 -0.137086 1.253596
v -0.383822 -0.288697 1.220781
v -0.411646 -0.316521 1.187054
v -0.518430 -0.423304 0.988156
v -0.310617 -0.361902 1.220781
v -0.159007 -0.210291 1.253596
v -0.445225 -0.496509 0.988156
v -0.338441 -0.389726 1.187054
vn -0.0000 -1.0000 -0.0000
vn 0.1951 -0.9808 -0.0000
vn -0.1951 -0.9808 -0.0000
vn 0.3827 -0.9239 -0.0000
vn -0.3827 -0.9239 -0.0000
vn -0.5556 -0.8315 -0.0000
vn 0.5556 -0.8315 -0.0000
vn -0.7071 -0.7071 -0.0000
vn 0.7071 -0.7071 -0.0000
vn 0.8315 -0.5556 -0.0000
vn -0.8315 -0.5556 -0.0000
vn -0.9239 -0.3827 -0.0000
vn 0.9239 -0.3827 -0.0000
vn 0.9808 -0.1951 -0.0000
vn -0.9808 -0.1951 -0.0000
vn 1.0000 -0.0000 -0.0000
vn -1.0000 -0.0000 -0.0000
vn -0.9808 0.1951 -0.0000
vn 0.9808 0.1951 -0.0000
vn -0.9239 0.3827 -0.0000
vn 0.9239 0.3827 -0.0000
vn 0.8315 0.5556 -0.0000
vn -0.8315 0.5556 -0.0000
vn 0.7071 0.7071 -0.0000
vn -0.7071 0.7071 -0.0000
vn -0.5556 0.8315 -0.0000
vn 0.5556 0.8315 -0.0000
vn -0.3827 0.9239 -0.0000
vn 0.3827 0.9239 -0.0000
vn -0.1951 0.9808 -0.0000
vn 0.1951 0.9808 -0.0000
vn -0.0000 1.0000 -0.0000
vn -0.0007 -0.0004 1.0000
vn -0.0008 -0.0000 1.0000
vn 0.0007 0.0004 1.0000
vn 0.0004 0.0007 1.0000
vn -0.0004 0.0007 1.0000
vn -0.0000 0.0008 1.0000
vn 0.0004 -0.0007 1.0000
vn 0.0007 -0.0004 1.0000
vn -0.0004 -0.0007 1.0000
vn -0.0007 0.0004 1.0000
vn 0.0008 -0.0000 1.0000
vn -0.0000 -0.0008 1.0000
vn 0.4210 0.9071 -0.0000
vn 0.0890 0.9960 -0.0000
vn 0.9960 0.0890 -0.0000
vn 0.9071 0.4210 -0.0000
vn 0.5751 -0.8181 -0.0000
vn 0.8181 -0.5751 -0.0000
vn 0.3805 -0.1020 -0.9191
vn 0.1219 -0.0327 -0.9920
vn -0.4210 -0.9071 -0.0000
vn -0.0890 -0.9960 -0.0000
vn -0.9960 -0.0890 -0.0000
vn -0.9071 -0.4210 -0.0000
vn -0.5751 0.8181 -0.0000
vn -0.8181 0.5751 -0.0000
vn 0.6806 0.6806 0.2714
vn 0.9659 -0.2588 -0.0000
vn 0.9297 -0.2491 0.2714
vn 0.2588 -0.9659 -0.0000
vn 0.2491 -0.9297 0.2714
vn -0.6806 -0.6806 0.2714
vn -0.9659 0.2588 -0.0000
vn -0.9297 0.2491 0.2714
vn -0.2491 0.9297 0.2714
vn -0.2588 0.9659 -0.0000
vn -0.5838 -0.5838 0.5643
vn 0.7974 -0.2137 0.5643
vn 0.2785 0.2785 -0.9191
vn 0.0892 0.0892 -0.9920
vn 0.2588 0.9659 -0.0000
vn 0.1020 -0.3805 -0.9191
vn 0.0327 -0.1219 -0.9920
vn -0.3805 0.1020 -0.9191
vn -0.1219 0.0327 -0.9920
vn 0.2785 0.2785 0.9191
vn 0.0892 0.0892 0.9920
vn -0.3805 0.1020 0.9191
vn -0.1219 0.0327 0.9920
vn 0.9659 0.2588 -0.0000
vn 0.8270 -0.2216 -0.5167
vn 0.8753 -0.2345 -0.4229
vn 0.2216 -0.8270 -0.5167
vn 0.2345 -0.8753 -0.4229
vn 0.1020 -0.3805 0.9191
vn 0.0327 -0.1219 0.9920
vn -0.1080 0.4029 0.9089
vn -0.1884 0.7029 0.6859
vn -0.1079 0.4029 0.9089
vn -0.2588 -0.9659 -0.0000
vn -0.6054 -0.6054 -0.5167
vn -0.6408 -0.6408 -0.4229
vn 0.4029 -0.1080 -0.9089
vn 0.7029 -0.1884 -0.6859
vn -0.7974 0.2137 0.5643
vn 0.3805 -0.1020 0.9191
vn 0.1219 -0.0327 0.9920
vn -0.4029 0.1080 0.9089
vn -0.7029 0.1884 0.6859
vn -0.2949 -0.2949 -0.9089
vn -0.5146 -0.5146 -0.6859
vn 0.5838 0.5838 0.5643
vn -0.2785 -0.2785 0.9191
vn -0.0892 -0.0892 0.9920
vn 0.2949 0.2949 0.9089
vn 0.5146 0.5146 0.6859
vn -0.4029 0.1080 -0.9089
vn -0.7029 0.1883 -0.6859
vn 0.4029 -0.1080 0.9089
vn 0.7029 -0.1884 0.6859
vn -0.8270 0.2216 -0.5167
vn -0.8753 0.2345 -0.4229
vn -0.2216 0.8270 -0.5167
vn -0.2345 0.8753 -0.4229
vn -0.9659 -0.2588 -0.0000
vn -0.1080 0.4029 -0.9089
vn -0.1883 0.7029 -0.6859
vn 0.2137 -0.7974 0.5643
vn -0.1020 0.3805 0.9191
vn -0.0327 0.1219 0.9920
vn 0.1080 -0.4029 0.9089
vn 0.1884 -0.7029 0.6859
vn -0.2949 -0.2949 0.9089
vn -0.5146 -0.5146 0.6859
vn 0.6054 0.6054 -0.5167
vn 0.6408 0.6408 -0.4229
vn -0.2785 -0.2785 -0.9191
vn -0.0892 -0.0892 -0.9920
vn 0.2949 0.2949 -0.9089
vn 0.5146 0.5146 -0.6859
vn 0.5000 0.8660 -0.0000
vn 0.8181 0.5751 -0.0000
vn 0.9960 -0.0890 -0.0000
vn 0.8660 -0.5000 -0.0000
vn 0.5000 -0.8660 -0.0000
vn 0.0890 -0.9960 -0.0000
vn -0.5751 -0.8181 -0.0000
vn -0.0000 -0.0000 -1.0000
vn -0.8660 -0.5000 -0.0000
vn -0.9071 0.4210 -0.0000
vn -0.4210 0.9071 -0.0000
vn -0.0000 -0.0000 1.0000
vn -0.2137 0.7974 0.5643
vn 0.8660 0.5000 -0.0000
vn -0.5000 -0.8660 -0.0000
vn -0.8660 0.5000 -0.0000
vn -0.5000 0.8660 -0.0000
vn 0.1884 -0.7029 -0.6859
vn -0.1020 0.3805 -0.9191
vn -0.0327 0.1219 -0.9920
vn 0.1080 -0.4029 -0.9089
vn 0.0392 0.0119 -0.9992
vn 0.0407 -0.0040 -0.9992
vn 0.0391 0.0119 -0.9992
vn 0.0317 0.0260 -0.9992
vn 0.0316 0.0260 -0.9992
vn 0.0193 0.0362 -0.9992
vn 0.0193 0.0361 -0.9992
vn 0.0040 0.0409 -0.9992
vn 0.0040 0.0408 -0.9992
vn -0.0119 0.0393 -0.9992
vn -0.0261 0.0318 -0.9992
vn -0.0260 0.0317 -0.9992
vn -0.0362 0.0194 -0.9992
vn -0.0409 0.0040 -0.9992
vn -0.0393 -0.0119 -0.9992
vn -0.0317 -0.0260 -0.9992
vn -0.0193 -0.0361 -0.9992
vn -0.0193 -0.0362 -0.9992
vn -0.0040 -0.0407 -0.9992
vn -0.0040 -0.0408 -0.9992
vn 0.0119 -0.0391 -0.9992
vn 0.0119 -0.0392 -0.9992
vn 0.0259 -0.0316 -0.9992
vn 0.0361 -0.0193 -0.9992
vn -0.0118 0.0388 0.9992
vn -0.0191 -0.0358 0.9992
vn -0.0040 -0.0405 0.9992
vn -0.0192 -0.0359 0.9992
vn 0.0040 0.0404 0.9992
vn -0.0313 -0.0257 0.9992
vn -0.0314 -0.0258 0.9992
vn 0.0192 0.0359 0.9992
vn -0.0388 -0.0118 0.9992
vn 0.0405 -0.0040 0.9992
vn 0.0191 0.0358 0.9992
vn 0.0315 0.0258 0.9992
vn 0.0359 -0.0192 0.9992
vn 0.0314 0.0258 0.9992
vn -0.0403 0.0040 0.9992
vn 0.0390 0.0118 0.9992
vn -0.0404 0.0040 0.9992
vn 0.0258 -0.0315 0.9992
vn 0.0389 0.0118 0.9992
vn -0.0357 0.0191 0.9992
vn 0.0118 -0.0389 0.9992
vn 0.0118 -0.0390 0.9992
vn -0.0257 0.0313 0.9992
vn -0.0040 -0.0404 0.9992
vn 0.2874 0.9476 0.1397
vn 0.2780 0.9165 0.2875
vn 0.2875 0.9477 0.1389
vn 0.8729 0.4666 0.1429
vn 0.8439 0.4511 0.2904
vn 0.8730 0.4666 0.1422
vn -0.3832 0.9236 -0.0039
vn -0.3822 0.9241 -0.0037
vn -0.3820 0.9241 -0.0037
vn 0.6280 0.7652 0.1414
vn 0.6073 0.7400 0.2890
vn 0.6281 0.7653 0.1406
vn 0.1945 -0.9809 0.0031
vn 0.1935 -0.9811 0.0034
vn 0.1947 -0.9809 0.0030
vn -0.3808 0.9246 -0.0042
vn -0.3806 0.9247 -0.0042
vn -0.0719 0.0876 -0.9936
vn -0.0720 0.0877 -0.9935
vn -0.5556 -0.8314 -0.0005
vn -0.5555 -0.8315 -0.0005
vn 0.1075 0.0326 0.9937
vn -0.7658 0.6285 0.1360
vn -0.7411 0.6082 0.2844
vn -0.7658 0.6285 0.1359
vn -0.4670 0.8736 0.1368
vn -0.4519 0.8454 0.2849
vn -0.4670 0.8737 0.1364
vn -0.0971 0.9856 0.1381
vn -0.0939 0.9536 0.2860
vn -0.0971 0.9857 0.1374
vn 0.5561 -0.8311 0.0044
vn 0.5551 -0.8318 0.0042
vn 0.5562 -0.8310 0.0044
vn -0.5554 -0.8316 -0.0005
vn -0.9539 -0.0940 0.2849
vn -0.9858 -0.0971 0.1368
vn -0.9859 -0.0971 0.1364
vn -0.9174 0.2783 0.2844
vn -0.9480 0.2876 0.1360
vn -0.9481 0.2876 0.1359
vn 0.5549 -0.8319 0.0043
vn 0.5537 -0.8327 0.0047
vn -0.0329 0.1085 -0.9936
vn -0.6076 -0.7404 0.2875
vn -0.6282 -0.7654 0.1397
vn -0.6282 -0.7655 0.1389
vn -0.8451 -0.4517 0.2860
vn -0.8735 -0.4669 0.1381
vn -0.8736 -0.4669 0.1374
vn 0.3826 0.9239 -0.0005
vn 0.3827 0.9239 -0.0005
vn 0.3828 0.9238 -0.0005
vn 0.0868 0.0712 0.9937
vn -0.9242 0.3820 -0.0050
vn -0.9236 0.3833 -0.0048
vn -0.9235 0.3835 -0.0048
vn 0.3829 0.9238 -0.0005
vn 0.7393 -0.6067 0.2921
vn 0.7649 -0.6277 0.1444
vn 0.7649 -0.6278 0.1443
vn 0.4509 -0.8436 0.2915
vn 0.4665 -0.8727 0.1439
vn 0.4665 -0.8728 0.1435
vn 0.0938 -0.9523 0.2904
vn 0.0970 -0.9850 0.1429
vn 0.0970 -0.9851 0.1422
vn -0.2779 -0.9161 0.2890
vn -0.2874 -0.9473 0.1414
vn -0.2874 -0.9474 0.1406
vn 0.9848 0.0970 0.1439
vn 0.9520 0.0938 0.2915
vn 0.9849 0.0970 0.1435
vn -0.9229 0.3851 -0.0054
vn -0.9228 0.3854 -0.0054
vn 0.9469 -0.2872 0.1444
vn 0.9152 -0.2776 0.2921
vn 0.9469 -0.2872 0.1443
vn 0.0111 0.1127 -0.9936
vn -0.8317 -0.5553 -0.0024
vn -0.8313 -0.5558 -0.0023
vn -0.8317 -0.5552 -0.0024
vn 0.0529 0.0989 0.9937
vn 0.9131 -0.2770 -0.2992
vn 0.9458 -0.2869 -0.1519
vn 0.9459 -0.2869 -0.1518
vn 0.9809 -0.1944 0.0048
vn 0.9807 -0.1957 0.0046
vn 0.9809 -0.1943 0.0048
vn -0.8312 -0.5559 -0.0023
vn -0.8308 -0.5566 -0.0025
vn 0.9494 0.0935 -0.2997
vn 0.9835 0.0969 -0.1527
vn 0.9836 0.0969 -0.1523
vn -0.2867 -0.9453 -0.1556
vn -0.2767 -0.9122 -0.3022
vn -0.2868 -0.9454 -0.1548
vn 0.0968 -0.9833 -0.1540
vn 0.0935 -0.9491 -0.3008
vn 0.0969 -0.9834 -0.1533
vn 0.4659 -0.8716 -0.1527
vn 0.4497 -0.8414 -0.2997
vn 0.4659 -0.8716 -0.1522
vn 0.7640 -0.6270 -0.1519
vn 0.7376 -0.6053 -0.2992
vn 0.7641 -0.6270 -0.1518
vn 0.9806 -0.1959 0.0046
vn 0.9803 -0.1976 0.0051
vn 0.0534 0.0998 -0.9936
vn 0.7073 0.7069 0.0015
vn 0.7070 0.7072 0.0014
vn 0.7069 0.7073 0.0014
vn 0.0110 0.1115 0.9937
vn -0.1949 -0.9808 0.0014
vn -0.1944 -0.9809 0.0015
vn -0.1943 -0.9809 0.0016
vn 0.7066 0.7076 0.0016
vn 0.7065 0.7077 0.0016
vn -0.0004 1.0000 -0.0024
vn -0.0012 1.0000 -0.0025
vn 0.0874 0.0717 -0.9936
vn -0.8707 -0.4654 -0.1587
vn -0.8399 -0.4489 -0.3052
vn -0.8708 -0.4655 -0.1580
vn -0.6265 -0.7634 -0.1573
vn -0.6044 -0.7365 -0.3037
vn -0.6044 -0.7365 -0.3038
vn -0.6266 -0.7635 -0.1564
vn -0.9809 -0.1945 -0.0039
vn -0.9807 -0.1956 -0.0037
vn -0.0325 0.1072 0.9937
vn 0.1956 -0.9807 0.0032
vn 0.1967 -0.9805 0.0034
vn 0.1969 -0.9804 0.0034
vn -0.9806 -0.1958 -0.0037
vn -0.9804 -0.1971 -0.0042
vn -0.9446 0.2865 -0.1603
vn -0.9108 0.2763 -0.3068
vn -0.9446 0.2865 -0.1601
vn -0.9824 -0.0968 -0.1598
vn -0.9474 -0.0933 -0.3062
vn -0.9825 -0.0968 -0.1593
vn -0.5558 -0.8313 -0.0005
vn 0.1081 0.0328 -0.9936
vn 0.9241 0.3822 0.0032
vn 0.9237 0.3831 0.0030
vn 0.9236 0.3832 0.0031
vn -0.0710 0.0865 0.9937
vn -0.0710 0.0866 0.9937
vn -0.0933 0.9477 -0.3052
vn -0.0968 0.9826 -0.1587
vn -0.0968 0.9827 -0.1580
vn -0.4487 0.8396 -0.3062
vn -0.4653 0.8706 -0.1598
vn -0.4654 0.8707 -0.1593
vn -0.7357 0.6038 -0.3068
vn -0.7630 0.6262 -0.1603
vn -0.7630 0.6262 -0.1601
vn 0.3824 0.9240 -0.0005
vn 0.9232 0.3842 0.0034
vn 0.9232 0.3844 0.0034
vn -0.8322 -0.5545 -0.0025
vn -0.8323 -0.5544 -0.0025
vn -0.9806 0.1958 -0.0048
vn -0.9809 0.1945 -0.0046
vn -0.9806 0.1959 -0.0048
vn -0.0987 0.0528 0.9937
vn 0.7077 0.7066 0.0016
vn -0.9809 0.1942 -0.0046
vn -0.9813 0.1926 -0.0051
vn -0.9812 -0.1931 -0.0041
vn -0.9812 -0.1929 -0.0042
vn 1.0000 -0.0007 0.0044
vn 1.0000 0.0006 0.0042
vn 1.0000 0.0008 0.0043
vn -0.1114 0.0110 0.9937
vn 0.6047 0.7369 -0.3022
vn 0.6267 0.7636 -0.1556
vn 0.6267 0.7637 -0.1548
vn 0.9245 0.3811 0.0034
vn 1.0000 0.0023 0.0047
vn 1.0000 0.0026 0.0048
vn 0.8411 0.4496 -0.3008
vn 0.8714 0.4658 -0.1540
vn 0.8715 0.4658 -0.1533
vn 0.2766 0.9117 -0.3037
vn 0.2867 0.9450 -0.1573
vn 0.2867 0.9452 -0.1564
vn 0.7529 0.6179 0.2269
vn 0.6889 0.5654 0.4535
vn 0.7531 0.6180 0.2256
vn 0.4593 0.8592 0.2253
vn 0.4204 0.7866 0.4523
vn 0.4594 0.8595 0.2239
vn 0.0955 0.9700 0.2236
vn 0.0875 0.8882 0.4510
vn 0.0956 0.9703 0.2223
vn -0.2830 0.9330 0.2221
vn -0.2592 0.8546 0.4500
vn -0.2831 0.9333 0.2211
vn -0.6187 0.7539 0.2209
vn -0.5668 0.6906 0.4493
vn -0.6188 0.7540 0.2204
vn -0.8602 0.4598 0.2204
vn -0.7880 0.4212 0.4490
vn -0.8891 0.0876 0.4493
vn -0.9706 0.0956 0.2209
vn -0.9707 0.0956 0.2204
vn -0.8546 -0.2592 0.4500
vn -0.9330 -0.2830 0.2221
vn -0.9333 -0.2831 0.2211
vn -0.6899 -0.5662 0.4510
vn -0.7534 -0.6183 0.2236
vn -0.7537 -0.6185 0.2223
vn -0.4204 -0.7866 0.4523
vn -0.4593 -0.8593 0.2253
vn -0.4594 -0.8595 0.2239
vn -0.0874 -0.8869 0.4535
vn -0.0955 -0.9692 0.2269
vn -0.0955 -0.9695 0.2256
vn 0.2586 -0.8523 0.4546
vn 0.2826 -0.9317 0.2281
vn 0.2827 -0.9319 0.2271
vn 0.5648 -0.6882 0.4553
vn 0.6176 -0.7525 0.2288
vn 0.6176 -0.7526 0.2282
vn 0.7851 -0.4196 0.4556
vn 0.8585 -0.4589 0.2288
vn 0.9688 -0.0954 0.2288
vn 0.8860 -0.0873 0.4553
vn 0.9689 -0.0954 0.2282
vn 0.9317 0.2826 0.2281
vn 0.8523 0.2586 0.4546
vn 0.9319 0.2827 0.2271
vn 0.8486 0.2574 -0.4622
vn 0.9295 0.2820 -0.2377
vn 0.9297 0.2820 -0.2367
vn 0.8829 -0.0870 -0.4615
vn 0.9669 -0.0952 -0.2366
vn 0.9671 -0.0952 -0.2361
vn 0.8570 -0.4581 -0.2360
vn 0.7825 -0.4183 -0.4612
vn 0.6164 -0.7511 -0.2366
vn 0.5628 -0.6858 -0.4615
vn 0.6165 -0.7512 -0.2361
vn 0.2820 -0.9295 -0.2377
vn 0.2574 -0.8486 -0.4622
vn 0.2820 -0.9297 -0.2367
vn -0.0952 -0.9663 -0.2392
vn -0.0869 -0.8820 -0.4632
vn -0.0952 -0.9666 -0.2380
vn -0.4575 -0.8560 -0.2409
vn -0.4175 -0.7810 -0.4644
vn -0.4577 -0.8563 -0.2395
vn -0.7499 -0.6155 -0.2424
vn -0.6841 -0.5614 -0.4657
vn -0.7502 -0.6157 -0.2412
vn -0.9281 -0.2815 -0.2436
vn -0.8463 -0.2567 -0.4667
vn -0.9283 -0.2816 -0.2427
vn -0.9650 0.0950 -0.2443
vn -0.8798 0.0867 -0.4674
vn -0.9652 0.0951 -0.2438
vn -0.7795 0.4167 -0.4676
vn -0.8552 0.4571 -0.2444
vn -0.5608 0.6834 -0.4674
vn -0.6152 0.7496 -0.2443
vn -0.6152 0.7497 -0.2438
vn -0.2567 0.8463 -0.4667
vn -0.2815 0.9281 -0.2437
vn -0.2816 0.9283 -0.2427
vn 0.0867 0.8807 -0.4657
vn 0.0951 0.9655 -0.2424
vn 0.0951 0.9658 -0.2412
vn 0.4175 0.7810 -0.4645
vn 0.4575 0.8560 -0.2409
vn 0.4577 0.8563 -0.2395
vn 0.6851 0.5622 -0.4632
vn 0.7506 0.6160 -0.2392
vn 0.7508 0.6162 -0.2380
vn -0.1000 0.0535 -0.9935
vn -0.7065 0.7077 -0.0046
vn -0.7053 0.7089 -0.0051
vn -0.7051 0.7090 -0.0052
vn 0.0004 1.0000 -0.0023
vn 0.0012 1.0000 -0.0025
vn 0.0014 1.0000 -0.0025
vn -0.7076 0.7066 -0.0048
vn -0.7066 0.7076 -0.0046
vn 0.0003 1.0000 -0.0023
vn -0.1128 0.0111 -0.9936
vn 0.8310 -0.5563 0.0048
vn 0.8300 -0.5577 0.0054
vn 0.8311 -0.5561 0.0048
vn -0.1954 -0.9807 0.0014
vn -0.1958 -0.9806 0.0016
vn -0.1953 -0.9807 0.0014
vn 0.8319 -0.5549 0.0050
vn -0.1948 -0.9808 0.0015
vn -0.1084 -0.0329 -0.9936
vn -1.0000 0.0008 -0.0043
vn -1.0000 0.0023 -0.0048
vn -1.0000 0.0026 -0.0048
vn -1.0000 -0.0007 -0.0044
vn -1.0000 0.0006 -0.0042
vn -0.0875 -0.0718 -0.9936
vn -0.9241 -0.3821 -0.0031
vn -0.9245 -0.3812 -0.0034
vn -0.9246 -0.3810 -0.0034
vn -0.9237 -0.3831 -0.0032
vn -0.9240 -0.3823 -0.0030
vn -0.0533 -0.0998 -0.9936
vn 0.9809 0.1944 0.0037
vn 0.9812 0.1931 0.0042
vn 0.9809 0.1946 0.0037
vn 0.9807 0.1957 0.0039
vn -0.0111 -0.1125 -0.9936
vn -0.7073 -0.7069 -0.0014
vn -0.7076 -0.7066 -0.0016
vn -0.7077 -0.7065 -0.0016
vn -0.7069 -0.7073 -0.0014
vn -0.7072 -0.7070 -0.0014
vn 0.9813 -0.1926 0.0051
vn 0.9813 -0.1924 0.0051
vn 0.0328 -0.1081 -0.9936
vn 0.8317 0.5552 0.0023
vn 0.8321 0.5546 0.0025
vn 0.8316 0.5553 0.0023
vn -0.9249 0.3803 -0.0053
vn -0.9242 0.3819 -0.0050
vn 0.8313 0.5559 0.0024
vn 0.8312 0.5559 0.0024
vn 0.5575 -0.8302 0.0047
vn 0.5577 -0.8300 0.0047
vn 0.0716 -0.0873 -0.9936
vn -0.3826 -0.9239 0.0005
vn -0.3824 -0.9240 0.0005
vn -0.3845 0.9231 -0.0041
vn -0.3833 0.9236 -0.0039
vn -0.3827 -0.9239 0.0005
vn -0.7089 0.7053 -0.0051
vn -0.7077 0.7065 -0.0048
vn 0.0996 -0.0532 -0.9936
vn 0.5556 0.8314 0.0005
vn 0.5558 0.8313 0.0005
vn 0.8329 -0.5534 0.0053
vn 0.8331 -0.5532 0.0054
vn 0.5555 0.8315 0.0005
vn -1.0000 -0.0023 -0.0047
vn 0.1124 -0.0111 -0.9936
vn 0.0004 -1.0000 0.0023
vn 0.0012 -1.0000 0.0025
vn 0.0014 -1.0000 0.0026
vn -0.9233 -0.3842 -0.0034
vn -0.9237 -0.3832 -0.0032
vn 0.1119 -0.0110 0.9937
vn 0.1118 -0.0110 0.9937
vn -0.0004 -1.0000 0.0024
vn 0.0003 -1.0000 0.0023
vn 0.9804 0.1970 0.0041
vn 0.9803 0.1973 0.0041
vn 0.1948 0.9808 -0.0014
vn 0.1943 0.9809 -0.0016
vn 0.1949 0.9808 -0.0014
vn -0.7066 -0.7076 -0.0015
vn -0.7069 -0.7073 -0.0015
vn 0.0992 -0.0530 0.9937
vn 0.1953 0.9807 -0.0014
vn 0.1953 0.9807 -0.0015
vn 0.8308 0.5566 0.0025
vn 0.8307 0.5567 0.0025
vn 0.3833 -0.9236 0.0037
vn 0.3846 -0.9231 0.0042
vn 0.3848 -0.9230 0.0042
vn -0.3829 -0.9238 0.0005
vn -0.3828 -0.9238 0.0005
vn 0.0713 -0.0869 0.9937
vn 0.3821 -0.9241 0.0039
vn 0.3832 -0.9237 0.0037
vn 0.5554 0.8316 0.0005
vn 0.5553 0.8316 0.0005
vn -0.1957 0.9807 -0.0031
vn -0.1967 0.9805 -0.0034
vn -0.1955 0.9807 -0.0030
vn -0.0012 -1.0000 0.0025
vn 0.0326 -0.1075 0.9937
vn -0.1946 0.9809 -0.0032
vn 0.1958 0.9806 -0.0015
vn 0.1959 0.9806 -0.0016
vn 0.7077 -0.7065 0.0046
vn 0.7089 -0.7053 0.0052
vn 0.7091 -0.7051 0.0052
vn 0.3808 -0.9246 0.0041
vn -0.0110 -0.1117 0.9937
vn 0.7066 -0.7076 0.0048
vn 0.7075 -0.7067 0.0046
vn -0.1935 0.9811 -0.0034
vn -0.1933 0.9811 -0.0034
vn -0.5562 0.8310 -0.0043
vn -0.5575 0.8302 -0.0048
vn -0.5561 0.8311 -0.0042
vn 0.7054 -0.7088 0.0051
vn 0.7065 -0.7077 0.0048
vn -0.0529 -0.0989 0.9937
vn -0.5550 0.8318 -0.0044
vn -0.5550 0.8319 -0.0044
vn -0.5537 0.8327 -0.0047
vn -0.5535 0.8329 -0.0047
vn 0.9242 -0.3818 0.0048
vn 0.9249 -0.3803 0.0054
vn 0.9250 -0.3800 0.0054
vn 0.9236 -0.3834 0.0050
vn 0.9229 -0.3851 0.0053
vn 0.9235 -0.3835 0.0050
vn -0.0866 -0.0711 0.9937
vn 0.9241 -0.3821 0.0048
vn -0.8310 0.5562 -0.0050
vn -0.8300 0.5577 -0.0053
vn -0.8299 0.5579 -0.0053
vn -0.8320 0.5548 -0.0048
vn -0.8329 0.5534 -0.0054
vn -0.8318 0.5550 -0.0048
vn 1.0000 -0.0023 0.0047
vn -0.1072 -0.0325 0.9937
vn -0.8310 0.5563 -0.0050
vn -0.9803 0.1975 -0.0051
vn -0.9802 0.1978 -0.0051
vn 0.1933 -0.9811 0.0034
vn -0.7411 0.6082 0.2843
vn -0.5553 -0.8316 -0.0005
vn 0.5534 -0.8329 0.0048
vn -0.8307 -0.5567 -0.0026
vn 0.9802 -0.1978 0.0052
vn -0.0014 1.0000 -0.0025
vn -0.9803 -0.1973 -0.0042
vn 0.7077 0.7065 0.0016
vn -0.9813 0.1924 -0.0052
vn 0.9246 0.3810 0.0034
vn 0.2585 -0.8523 0.4546
vn 0.8298 -0.5580 0.0054
vn -0.1959 -0.9806 0.0016
vn 0.9812 0.1929 0.0042
vn 0.8322 0.5544 0.0026
vn -0.9250 0.3800 -0.0054
vn -0.3848 0.9230 -0.0042
vn -0.7091 0.7051 -0.0052
vn -1.0000 -0.0025 -0.0047
vn -0.9232 -0.3844 -0.0034
vn 0.1943 0.9810 -0.0016
vn -0.7065 -0.7077 -0.0016
vn -0.1969 0.9804 -0.0035
vn -0.0014 -1.0000 0.0025
vn 0.3806 -0.9247 0.0041
vn -0.5577 0.8300 -0.0048
vn 0.7052 -0.7090 0.0051
vn 0.9228 -0.3853 0.0053
vn -0.8331 0.5532 -0.0054
vn 1.0000 -0.0025 0.0047
vt 0.463198 0.188097
vt 0.370971 0.188097
vt 0.463198 0.172459
vt 0.463198 0.203734
vt 0.370971 0.172460
vt 0.370971 0.203734
vt 0.463198 0.156822
vt 0.463198 0.219372
vt 0.370971 0.156822
vt 0.370971 0.219372
vt 0.463198 0.235009
vt 0.370971 0.235009
vt 0.463198 0.141185
vt 0.370971 0.141185
vt 0.463198 0.250647
vt 0.370971 0.250647
vt 0.463198 0.125547
vt 0.370971 0.125547
vt 0.463198 0.109910
vt 0.463198 0.266284
vt 0.370971 0.109910
vt 0.370971 0.266284
vt 0.463198 0.281921
vt 0.463197 0.094272
vt 0.370971 0.094272
vt 0.370971 0.281921
vt 0.463198 0.078635
vt 0.370971 0.297559
vt 0.370971 0.078635
vt 0.463198 0.297559
vt 0.463197 0.062998
vt 0.370971 0.062998
vt 0.463198 0.313196
vt 0.370971 0.313196
vt 0.463198 0.328834
vt 0.463197 0.047360
vt 0.370971 0.047360
vt 0.370971 0.328834
vt 0.463198 0.344471
vt 0.370971 0.344471
vt 0.463197 0.031723
vt 0.370971 0.547757
vt 0.370971 0.532120
vt 0.463197 0.532120
vt 0.463197 0.516482
vt 0.463198 0.360108
vt 0.370971 0.516482
vt 0.370971 0.360108
vt 0.463197 0.500845
vt 0.463198 0.375746
vt 0.370971 0.375746
vt 0.370971 0.500845
vt 0.463198 0.391383
vt 0.463198 0.485208
vt 0.370971 0.391383
vt 0.370971 0.485208
vt 0.463198 0.407021
vt 0.463198 0.469570
vt 0.370971 0.407021
vt 0.370971 0.469570
vt 0.463198 0.422658
vt 0.463198 0.453933
vt 0.370971 0.453933
vt 0.370971 0.422658
vt 0.463198 0.438295
vt 0.370971 0.438295
vt 0.053261 0.802122
vt 0.035664 0.793556
vt 0.055556 0.793556
vt 0.037959 0.859227
vt 0.018438 0.857847
vt 0.024708 0.851577
vt 0.017057 0.823024
vt 0.008492 0.840620
vt 0.008492 0.820729
vt 0.074163 0.838325
vt 0.072783 0.857847
vt 0.066512 0.851576
vt 0.072783 0.803502
vt 0.066512 0.809773
vt 0.017057 0.838325
vt 0.759651 0.236742
vt 0.751085 0.219145
vt 0.759651 0.221440
vt 0.055556 0.867793
vt 0.053261 0.859227
vt 0.074163 0.823024
vt 0.082729 0.820729
vt 0.024708 0.809773
vt 0.037959 0.802122
vt 0.035664 0.867793
vt 0.082729 0.840620
vt 0.915727 0.083729
vt 0.938390 0.068427
vt 0.938390 0.083729
vt 0.915727 0.114331
vt 0.938390 0.099030
vt 0.938390 0.114331
vt 0.915727 0.144934
vt 0.938390 0.129633
vt 0.938390 0.144934
vt 0.385927 0.944544
vt 0.411633 0.913230
vt 0.411633 0.944544
vt 0.915727 0.175537
vt 0.938390 0.160235
vt 0.938390 0.175537
vt 0.915727 0.206139
vt 0.938390 0.190838
vt 0.938390 0.206139
vt 0.915727 0.236742
vt 0.938390 0.221440
vt 0.938390 0.236742
vt 0.392729 0.626002
vt 0.367023 0.587929
vt 0.392729 0.587929
vt 0.392739 0.626370
vt 0.367033 0.588297
vt 0.392739 0.588297
vt 0.392570 0.626370
vt 0.366864 0.588297
vt 0.392570 0.588297
vt 0.392065 0.586984
vt 0.366359 0.625057
vt 0.366358 0.586984
vt 0.392475 0.625222
vt 0.366769 0.587149
vt 0.392475 0.587149
vt 0.098480 0.984914
vt 0.128781 0.934861
vt 0.131181 0.983294
vt 0.324552 0.774464
vt 0.350258 0.659558
vt 0.350258 0.774464
vt 0.325226 0.775777
vt 0.350932 0.660871
vt 0.350932 0.775777
vt 0.411623 0.944176
vt 0.385917 0.912862
vt 0.411623 0.912862
vt 0.367033 0.731655
vt 0.367033 0.626370
vt 0.385758 0.944544
vt 0.411464 0.913230
vt 0.411464 0.944544
vt 0.385663 0.943396
vt 0.411369 0.912082
vt 0.411369 0.943396
vt 0.350258 0.928233
vt 0.324552 0.887298
vt 0.350258 0.887298
vt 0.325226 0.929546
vt 0.350932 0.888611
vt 0.350932 0.929546
vt 0.308861 0.730507
vt 0.324962 0.659723
vt 0.324962 0.774630
vt 0.203015 0.712239
vt 0.172547 0.742163
vt 0.169824 0.687207
vt 0.206741 0.688296
vt 0.167800 0.646359
vt 0.366769 0.730507
vt 0.392475 0.730507
vt 0.089444 0.802547
vt 0.096080 0.936481
vt 0.173330 0.559910
vt 0.134555 0.601420
vt 0.143669 0.554187
vt 0.137123 0.688827
vt 0.135099 0.647979
vt 0.350668 0.659723
vt 0.366769 0.625222
vt 0.375723 0.796911
vt 0.350668 0.774630
vt 0.375723 0.734902
vt 0.299907 0.796911
vt 0.324962 0.817830
vt 0.367023 0.731287
vt 0.392729 0.731287
vt 0.379575 0.815542
vt 0.405282 0.802674
vt 0.405282 0.815542
vt 0.352735 0.927365
vt 0.327029 0.886430
vt 0.352735 0.886430
vt 0.350668 0.849941
vt 0.350668 0.817830
vt 0.309115 0.731287
vt 0.325216 0.660503
vt 0.325216 0.775409
vt 0.282497 0.890651
vt 0.325216 0.850721
vt 0.325216 0.888243
vt 0.393641 0.890651
vt 0.350922 0.850721
vt 0.393641 0.836793
vt 0.375977 0.797691
vt 0.350922 0.775409
vt 0.375977 0.735682
vt 0.405536 0.816322
vt 0.379829 0.803453
vt 0.405536 0.803453
vt 0.350922 0.660503
vt 0.325216 0.929178
vt 0.350922 0.888243
vt 0.350922 0.929178
vt 0.350922 0.818610
vt 0.379839 0.816690
vt 0.405545 0.803821
vt 0.405545 0.816690
vt 0.325226 0.851088
vt 0.350932 0.818978
vt 0.350932 0.851088
vt 0.375987 0.798059
vt 0.375987 0.736050
vt 0.392739 0.731655
vt 0.366864 0.731655
vt 0.392570 0.731655
vt 0.300171 0.798059
vt 0.325226 0.818978
vt 0.308957 0.731655
vt 0.325057 0.660871
vt 0.325057 0.775777
vt 0.300003 0.798059
vt 0.325057 0.818978
vt 0.350764 0.660871
vt 0.366864 0.626370
vt 0.375818 0.798059
vt 0.350764 0.775777
vt 0.375818 0.736050
vt 0.379671 0.816690
vt 0.405377 0.803821
vt 0.405377 0.816690
vt 0.350764 0.929546
vt 0.325057 0.888611
vt 0.350764 0.888611
vt 0.350764 0.851089
vt 0.350764 0.818978
vt 0.308451 0.730342
vt 0.324552 0.659558
vt 0.299497 0.796746
vt 0.324552 0.817665
vt 0.324552 0.849775
vt 0.350258 0.817665
vt 0.350258 0.849775
vt 0.392065 0.730342
vt 0.392065 0.625057
vt 0.385253 0.943231
vt 0.410959 0.911917
vt 0.410959 0.943231
vt 0.404872 0.815377
vt 0.379166 0.802508
vt 0.404872 0.802508
vt 0.851024 0.083729
vt 0.915727 0.068427
vt 0.052560 0.968036
vt 0.067012 0.952734
vt 0.067012 0.968036
vt 0.851024 0.099030
vt 0.915727 0.099030
vt 0.052560 0.983337
vt 0.067012 0.983337
vt 0.851024 0.114331
vt 0.948007 0.533596
vt 0.557964 0.479113
vt 0.948007 0.479114
vt 0.851024 0.129633
vt 0.915727 0.129633
vt 0.021310 0.952709
vt 0.035762 0.937407
vt 0.035762 0.952709
vt 0.851024 0.144934
vt 0.021310 0.968010
vt 0.035762 0.968010
vt 0.851024 0.160235
vt 0.915727 0.160235
vt 0.021310 0.983311
vt 0.035762 0.983311
vt 0.851024 0.175537
vt 0.488059 0.282086
vt 0.520375 0.063579
vt 0.520375 0.282086
vt 0.915727 0.190838
vt 0.051522 0.897372
vt 0.066823 0.882920
vt 0.066823 0.897372
vt 0.851024 0.206139
vt 0.036221 0.897372
vt 0.051522 0.882920
vt 0.851024 0.221440
vt 0.915727 0.221440
vt 0.020919 0.882920
vt 0.020919 0.897372
vt 0.851024 0.236742
vt 0.589753 0.276734
vt 0.620275 0.058228
vt 0.620275 0.276734
vt 0.851024 0.068427
vt 0.915727 0.053126
vt 0.836572 0.068427
vt 0.851024 0.053126
vt 0.526915 0.058228
vt 0.494599 0.027706
vt 0.526916 0.027706
vt 0.557964 0.309259
vt 0.503482 0.366945
vt 0.503482 0.309259
vt 0.488059 0.033057
vt 0.520375 0.033058
vt 0.557437 0.058228
vt 0.589753 0.058228
vt 0.583213 0.282086
vt 0.613735 0.063579
vt 0.613735 0.282086
vt 0.526915 0.276734
vt 0.494599 0.058228
vt 0.948007 0.421428
vt 0.557964 0.421427
vt 0.557437 0.276734
vt 0.557964 0.366945
vt 0.948007 0.366945
vt 0.948007 0.309259
vt 0.550897 0.063579
vt 0.550897 0.282086
vt 0.583213 0.063579
vt 0.209319 0.591439
vt 0.163364 0.604294
vt 0.379575 0.802674
vt 0.393387 0.889871
vt 0.393387 0.836013
vt 0.296055 0.815542
vt 0.324962 0.849941
vt 0.282243 0.889871
vt 0.324962 0.887463
vt 0.379829 0.816322
vt 0.296309 0.816322
vt 0.325216 0.818610
vt 0.300161 0.797691
vt 0.296319 0.816690
vt 0.282507 0.891019
vt 0.325226 0.888611
vt 0.379839 0.803821
vt 0.393651 0.891019
vt 0.393651 0.837161
vt 0.379671 0.803821
vt 0.393483 0.891019
vt 0.393483 0.837161
vt 0.296150 0.816690
vt 0.325057 0.851089
vt 0.282338 0.891019
vt 0.295645 0.815377
vt 0.281833 0.889706
vt 0.139846 0.743783
vt 0.147088 0.889956
vt 0.759651 0.083729
vt 0.836572 0.083729
vt 0.759651 0.099030
vt 0.836572 0.099030
vt 0.759651 0.114331
vt 0.836572 0.114331
vt 0.759651 0.129633
vt 0.836572 0.129633
vt 0.759651 0.144934
vt 0.836572 0.144934
vt 0.759651 0.160235
vt 0.836572 0.160235
vt 0.759651 0.175536
vt 0.836572 0.175537
vt 0.836572 0.190838
vt 0.759651 0.206139
vt 0.836572 0.206139
vt 0.836572 0.221441
vt 0.836572 0.236742
vt 0.759651 0.068427
vt 0.836573 0.053126
vt 0.904258 0.728522
vt 0.918833 0.703896
vt 0.913384 0.731290
vt 0.674265 0.605589
vt 0.686645 0.579788
vt 0.692694 0.587160
vt 0.894285 0.752601
vt 0.902695 0.757096
vt 0.709869 0.564270
vt 0.714364 0.572680
vt 0.879805 0.774271
vt 0.887177 0.780320
vt 0.735674 0.553581
vt 0.738442 0.562707
vt 0.861377 0.792700
vt 0.867426 0.800071
vt 0.764004 0.557622
vt 0.763069 0.548132
vt 0.714364 0.807179
vt 0.735675 0.826278
vt 0.709869 0.815589
vt 0.839707 0.807179
vt 0.844202 0.815589
vt 0.791001 0.548132
vt 0.790067 0.557622
vt 0.692694 0.792700
vt 0.686645 0.800071
vt 0.815628 0.817153
vt 0.818396 0.826278
vt 0.818396 0.553581
vt 0.815628 0.562706
vt 0.666894 0.780321
vt 0.674265 0.774271
vt 0.790066 0.822237
vt 0.791001 0.831727
vt 0.844202 0.564270
vt 0.839706 0.572680
vt 0.651376 0.757096
vt 0.659786 0.752601
vt 0.764004 0.822237
vt 0.763070 0.831727
vt 0.867426 0.579788
vt 0.861377 0.587160
vt 0.640687 0.731291
vt 0.649812 0.728523
vt 0.738443 0.817153
vt 0.879805 0.605589
vt 0.887177 0.599539
vt 0.635238 0.703896
vt 0.644728 0.702961
vt 0.894285 0.627259
vt 0.902695 0.622764
vt 0.635238 0.675964
vt 0.644728 0.676899
vt 0.904258 0.651337
vt 0.913384 0.648569
vt 0.640687 0.648569
vt 0.649812 0.651337
vt 0.909343 0.676899
vt 0.918833 0.675964
vt 0.651376 0.622764
vt 0.659786 0.627259
vt 0.909343 0.702961
vt 0.666894 0.599539
vt 0.838989 0.809207
vt 0.866361 0.801933
vt 0.843243 0.817380
vt 0.814910 0.819181
vt 0.817556 0.828020
vt 0.790287 0.833444
vt 0.789349 0.824265
vt 0.762483 0.833444
vt 0.763286 0.824265
vt 0.735214 0.828020
vt 0.737725 0.819181
vt 0.709527 0.817380
vt 0.713646 0.809207
vt 0.686409 0.801933
vt 0.691976 0.794728
vt 0.666749 0.782273
vt 0.673547 0.776299
vt 0.651302 0.759155
vt 0.659068 0.754629
vt 0.640662 0.733468
vt 0.649094 0.730550
vt 0.635238 0.706199
vt 0.644010 0.704989
vt 0.635238 0.678395
vt 0.644010 0.678926
vt 0.640662 0.651126
vt 0.649094 0.653365
vt 0.651302 0.625439
vt 0.659068 0.629286
vt 0.666749 0.602321
vt 0.673547 0.607616
vt 0.686409 0.582661
vt 0.691976 0.589188
vt 0.709527 0.567214
vt 0.713646 0.574708
vt 0.735214 0.556574
vt 0.737725 0.564735
vt 0.762483 0.551150
vt 0.763286 0.559650
vt 0.789349 0.559650
vt 0.790287 0.551150
vt 0.814910 0.564735
vt 0.817556 0.556574
vt 0.838989 0.574708
vt 0.843243 0.567214
vt 0.860659 0.589188
vt 0.866361 0.582661
vt 0.879088 0.607616
vt 0.886021 0.602321
vt 0.893567 0.629287
vt 0.901468 0.625439
vt 0.903541 0.653365
vt 0.912108 0.651126
vt 0.908625 0.678927
vt 0.917532 0.678395
vt 0.908625 0.704989
vt 0.917532 0.706199
vt 0.903541 0.730551
vt 0.912108 0.733468
vt 0.893567 0.754629
vt 0.901468 0.759155
vt 0.879087 0.776299
vt 0.886021 0.782273
vt 0.860659 0.794728
vt 0.220160 0.554180
vt 0.099658 0.565221
vt 0.106630 0.529090
vt 0.350668 0.928398
vt 0.385663 0.912082
vt 0.324962 0.928398
vt 0.289967 0.912082
vt 0.195810 0.797276
vt 0.179790 0.888336
vt 0.385917 0.944176
vt 0.290221 0.912862
vt 0.385927 0.913230
vt 0.290231 0.913230
vt 0.385758 0.913230
vt 0.325057 0.929546
vt 0.290063 0.913230
vt 0.324552 0.928233
vt 0.289557 0.911916
vt 0.385253 0.911917
vt 0.077776 0.797520
vt 0.106569 0.717018
vt 0.110477 0.795900
vt 0.419094 0.836013
vt 0.401429 0.734902
vt 0.419347 0.836793
vt 0.401683 0.735682
vt 0.419357 0.891019
vt 0.401693 0.736050
vt 0.419189 0.837161
vt 0.401525 0.798059
vt 0.392977 0.835848
vt 0.418684 0.889706
vt 0.392977 0.889706
vt 0.375313 0.734737
vt 0.401019 0.796746
vt 0.375313 0.796746
vt 0.069997 0.559498
vt 0.076970 0.523366
vt 0.367023 0.626002
vt 0.081512 0.599051
vt 0.082293 0.665881
vt 0.100494 0.693560
vt 0.101305 0.709930
vt 0.122145 0.800926
vt 0.309125 0.731655
vt 0.325226 0.660871
vt 0.050395 0.666254
vt 0.049614 0.599424
vt 0.068604 0.711550
vt 0.379166 0.815377
vt 0.366359 0.730342
vt 0.751085 0.239037
vt 0.018437 0.803502
vt 0.308861 0.625222
vt 0.206923 0.791121
vt 0.207553 0.704666
vt 0.299907 0.734902
vt 0.327029 0.927365
vt 0.309116 0.626002
vt 0.282497 0.836793
vt 0.300171 0.736050
vt 0.308957 0.626370
vt 0.300002 0.736050
vt 0.308451 0.625057
vt 0.299497 0.734737
vt 0.052560 0.952734
vt 0.557964 0.533595
vt 0.021310 0.937407
vt 0.488059 0.063579
vt 0.851024 0.190838
vt 0.036221 0.882920
vt 0.494599 0.276734
vt 0.220160 0.653917
vt 0.350668 0.887463
vt 0.296055 0.802674
vt 0.282243 0.836013
vt 0.296309 0.803453
vt 0.300161 0.735682
vt 0.296319 0.803821
vt 0.282507 0.837160
vt 0.296150 0.803821
vt 0.282338 0.837161
vt 0.295645 0.802508
vt 0.281833 0.835848
vt 0.759651 0.190838
vt 0.759651 0.053126
vt 0.289967 0.943396
vt 0.202446 0.931211
vt 0.290221 0.944176
vt 0.290231 0.944544
vt 0.290063 0.944544
vt 0.289557 0.943231
vt 0.073868 0.718638
vt 0.419094 0.889871
vt 0.401429 0.796911
vt 0.419347 0.890651
vt 0.401683 0.797691
vt 0.419357 0.837161
vt 0.401693 0.798059
vt 0.419189 0.891019
vt 0.401525 0.736050
vt 0.418684 0.835848
vt 0.401019 0.734737
vt 0.309125 0.626370
vt 0.067793 0.695180
vt 0.228492 0.766132
vt 0.243272 0.773513
vt 0.228492 0.773513
vt 0.956618 0.068427
vt 0.956618 0.083729
vt 0.956618 0.099030
vt 0.956618 0.114331
vt 0.956618 0.129633
vt 0.956618 0.144934
vt 0.956618 0.160235
vt 0.956618 0.175537
vt 0.956618 0.190838
vt 0.956618 0.206139
vt 0.956618 0.221440
vt 0.956618 0.236742
vt 0.956618 0.053126
vt 0.256616 0.587695
vt 0.249486 0.570483
vt 0.260306 0.581303
vt 0.262738 0.562833
vt 0.266698 0.577613
vt 0.278039 0.562833
vt 0.274079 0.577613
vt 0.280471 0.581303
vt 0.291290 0.570483
vt 0.298941 0.583735
vt 0.284161 0.587695
vt 0.284161 0.595076
vt 0.298941 0.599036
vt 0.291290 0.612287
vt 0.280471 0.601468
vt 0.274079 0.605158
vt 0.278039 0.619938
vt 0.262738 0.619938
vt 0.266698 0.605158
vt 0.249486 0.612287
vt 0.260306 0.601468
vt 0.241836 0.599036
vt 0.256616 0.595076
vt 0.241836 0.583735
vt 0.150003 0.911632
vt 0.173858 0.918024
vt 0.156395 0.935487
vt 0.228492 0.788274
vt 0.243272 0.795655
vt 0.228492 0.795655
vt 0.228492 0.736609
vt 0.243272 0.743989
vt 0.228492 0.743989
vt 0.228492 0.721847
vt 0.243272 0.729228
vt 0.228492 0.729228
vt 0.228492 0.758751
vt 0.243272 0.766132
vt 0.243272 0.780893
vt 0.243272 0.788274
vt 0.243272 0.736609
vt 0.228492 0.803036
vt 0.243272 0.810416
vt 0.228492 0.810416
vt 0.228492 0.751370
vt 0.243272 0.758751
vt 0.228492 0.780893
vt 0.243272 0.803036
vt 0.243272 0.751370
vt 0.709475 0.020228
vt 0.751086 0.000337
vt 0.751086 0.020228
vt 0.709475 0.239037
vt 0.709475 0.219145
vt 0.751085 0.199254
vt 0.709475 0.199253
vt 0.751085 0.179362
vt 0.709475 0.159470
vt 0.751085 0.159470
vt 0.751085 0.139578
vt 0.709475 0.139578
vt 0.751085 0.119687
vt 0.709475 0.119687
vt 0.751085 0.099795
vt 0.709475 0.099795
vt 0.751085 0.079903
vt 0.709475 0.079903
vt 0.751085 0.060012
vt 0.662410 0.266209
vt 0.645184 0.201918
vt 0.709475 0.060012
vt 0.751085 0.040120
vt 0.709475 0.040120
vt 0.938390 0.053126
vt 0.150003 0.931796
vt 0.146312 0.925404
vt 0.146312 0.918024
vt 0.156395 0.907941
vt 0.163775 0.907941
vt 0.170167 0.911632
vt 0.173858 0.925404
vt 0.170167 0.931796
vt 0.163775 0.935487
vt 0.243272 0.721847
vt 0.709475 0.000336
vt 0.709475 0.179362
vt 0.699529 0.256264
vt 0.682302 0.266209
vt 0.645184 0.256264
vt 0.635238 0.239037
vt 0.635238 0.219145
vt 0.662410 0.191973
vt 0.682302 0.191973
vt 0.699529 0.201918
vt 0.049333 0.393103
vt 0.056719 0.367919
vt 0.057243 0.393467
vt 0.049014 0.367742
vt 0.058216 0.341468
vt 0.050214 0.341489
vt 0.056363 0.315434
vt 0.048549 0.315527
vt 0.056812 0.288256
vt 0.048704 0.288517
vt 0.053956 0.261559
vt 0.046032 0.261886
vt 0.053463 0.233539
vt 0.045241 0.234071
vt 0.049528 0.206077
vt 0.041484 0.206725
vt 0.047846 0.177070
vt 0.039481 0.178037
vt 0.042244 0.148682
vt 0.034042 0.149940
vt 0.038224 0.118329
vt 0.029619 0.120286
vt 0.028899 0.088586
vt 0.020130 0.091446
vt 0.018582 0.057989
vt 0.180339 0.484432
vt 0.200389 0.463003
vt 0.186607 0.488547
vt 0.199605 0.432092
vt 0.192339 0.459952
vt 0.206428 0.405494
vt 0.207244 0.434157
vt 0.209195 0.377809
vt 0.214289 0.406953
vt 0.213208 0.351192
vt 0.216807 0.378743
vt 0.214126 0.323709
vt 0.221057 0.351885
vt 0.216784 0.297118
vt 0.221776 0.324113
vt 0.216582 0.269747
vt 0.224696 0.297386
vt 0.218218 0.243158
vt 0.224315 0.269797
vt 0.216997 0.215890
vt 0.226228 0.243098
vt 0.217544 0.189326
vt 0.224825 0.215629
vt 0.215034 0.162241
vt 0.225652 0.188924
vt 0.213874 0.135800
vt 0.222937 0.161574
vt 0.208829 0.109207
vt 0.222050 0.134794
vt 0.203469 0.083531
vt 0.216702 0.107579
vt 0.191969 0.059762
vt 0.211380 0.080836
vt 0.038478 0.467473
vt 0.033685 0.493445
vt 0.026911 0.489005
vt 0.051199 0.444065
vt 0.046291 0.470494
vt 0.044019 0.442955
vt 0.053886 0.419402
vt 0.046359 0.418638
vt 0.167973 0.137966
vt 0.160215 0.105757
vt 0.169987 0.106548
vt 0.340828 0.188084
vt 0.330506 0.216454
vt 0.331876 0.187947
vt 0.169529 0.167784
vt 0.158204 0.137724
vt 0.339704 0.216743
vt 0.331817 0.245671
vt 0.168727 0.198273
vt 0.160191 0.167626
vt 0.340723 0.245998
vt 0.329767 0.274029
vt 0.170397 0.227292
vt 0.159283 0.198221
vt 0.338930 0.274543
vt 0.330324 0.303213
vt 0.169276 0.256968
vt 0.161321 0.227102
vt 0.339206 0.303762
vt 0.327577 0.331501
vt 0.165183 0.423701
vt 0.158650 0.395956
vt 0.167011 0.396460
vt 0.170358 0.285248
vt 0.160090 0.256773
vt 0.336719 0.332214
vt 0.327561 0.360707
vt 0.167260 0.449749
vt 0.156610 0.423578
vt 0.168619 0.314106
vt 0.161530 0.284878
vt 0.333693 0.389740
vt 0.336426 0.361379
vt 0.172467 0.476584
vt 0.158775 0.450670
vt 0.169061 0.341645
vt 0.159683 0.313716
vt 0.333784 0.418815
vt 0.324539 0.389054
vt 0.179868 0.501131
vt 0.164290 0.478478
vt 0.166835 0.369685
vt 0.160476 0.341108
vt 0.332774 0.447174
vt 0.324877 0.418477
vt 0.345704 0.039273
vt 0.332481 0.068820
vt 0.335382 0.037141
vt 0.158135 0.369184
vt 0.337202 0.475910
vt 0.323464 0.447492
vt 0.342453 0.069975
vt 0.329673 0.099297
vt 0.345704 0.502226
vt 0.328339 0.477886
vt 0.339303 0.099868
vt 0.331184 0.129587
vt 0.171549 0.075379
vt 0.169558 0.040345
vt 0.179868 0.044214
vt 0.340279 0.129776
vt 0.329987 0.158530
vt 0.160811 0.073588
vt 0.339275 0.158705
vt 0.122208 0.205692
vt 0.123136 0.223048
vt 0.124394 0.319278
vt 0.124473 0.335667
vt 0.094039 0.345321
vt 0.091575 0.336125
vt 0.124016 0.263348
vt 0.124518 0.280135
vt 0.090791 0.373249
vt 0.063041 0.365019
vt 0.093187 0.364097
vt 0.063050 0.344329
vt 0.025431 0.058675
vt 0.034882 0.082805
vt 0.124579 0.492912
vt 0.085944 0.477883
vt 0.120880 0.479912
vt 0.153167 0.366055
vt 0.153654 0.344209
vt 0.284971 0.491514
vt 0.338011 0.505703
vt 0.287163 0.521942
vt 0.116481 0.077424
vt 0.117514 0.099246
vt 0.119269 0.145264
vt 0.120497 0.163674
vt 0.093423 0.310040
vt 0.121824 0.309192
vt 0.080586 0.488869
vt 0.051830 0.469042
vt 0.288529 0.380899
vt 0.289873 0.363722
vt 0.284891 0.441480
vt 0.286154 0.422659
vt 0.091310 0.319398
vt 0.062713 0.312212
vt 0.044384 0.120545
vt 0.048767 0.144216
vt 0.293958 0.267009
vt 0.294468 0.250204
vt 0.291912 0.323620
vt 0.292899 0.306779
vt 0.122046 0.446629
vt 0.088026 0.455485
vt 0.086741 0.445265
vt 0.154532 0.310599
vt 0.154589 0.288215
vt 0.091636 0.235013
vt 0.088395 0.225482
vt 0.056788 0.448240
vt 0.127463 0.519765
vt 0.290543 0.092519
vt 0.289969 0.072326
vt 0.293109 0.153048
vt 0.292641 0.135540
vt 0.294368 0.210380
vt 0.294372 0.193449
vt 0.123454 0.374054
vt 0.123234 0.390341
vt 0.058784 0.236201
vt 0.121990 0.429225
vt 0.053480 0.179609
vt 0.056025 0.202191
vt 0.250092 0.064169
vt 0.286956 0.059755
vt 0.154724 0.253691
vt 0.154260 0.230697
vt 0.087978 0.427577
vt 0.088710 0.197639
vt 0.119002 0.195084
vt 0.249599 0.076052
vt 0.215524 0.076103
vt 0.090475 0.389861
vt 0.260283 0.193386
vt 0.260363 0.210602
vt 0.257423 0.136875
vt 0.258379 0.154564
vt 0.252556 0.095964
vt 0.073669 0.514976
vt 0.087042 0.207742
vt 0.060377 0.258030
vt 0.290913 0.015179
vt 0.242449 0.037870
vt 0.233582 0.024876
vt 0.153709 0.195132
vt 0.152942 0.171416
vt 0.151679 0.420572
vt 0.206209 0.055415
vt 0.198494 0.055508
vt 0.151994 0.398978
vt 0.120788 0.400249
vt 0.061882 0.291009
vt 0.259016 0.304525
vt 0.257893 0.321723
vt 0.260625 0.248994
vt 0.260078 0.266126
vt 0.259234 0.126821
vt 0.289845 0.124798
vt 0.152470 0.134410
vt 0.152454 0.109459
vt 0.226673 0.131285
vt 0.249583 0.418440
vt 0.246670 0.437584
vt 0.255515 0.360497
vt 0.253752 0.378056
vt 0.156992 0.476279
vt 0.256458 0.106076
vt 0.154813 0.069077
vt 0.160326 0.042484
vt 0.084004 0.167127
vt 0.081912 0.148324
vt 0.076492 0.104098
vt 0.072573 0.082226
vt 0.228403 0.513091
vt 0.237048 0.485294
vt 0.154006 0.454103
vt 0.119490 0.457566
vt 0.223724 0.109676
vt 0.325461 0.064592
vt 0.262623 0.183804
vt 0.291940 0.183036
vt 0.320481 0.475142
vt 0.318195 0.450976
vt 0.328964 0.039509
vt 0.286007 0.032051
vt 0.230527 0.185808
vt 0.324007 0.126238
vt 0.261221 0.164157
vt 0.319072 0.391933
vt 0.090849 0.281573
vt 0.090055 0.264429
vt 0.324113 0.102592
vt 0.288101 0.104167
vt 0.229639 0.164336
vt 0.122432 0.290433
vt 0.121263 0.233731
vt 0.121125 0.253054
vt 0.118734 0.174918
vt 0.115433 0.111831
vt 0.115812 0.133974
vt 0.114624 0.033729
vt 0.113107 0.063815
vt 0.281567 0.453098
vt 0.281768 0.477292
vt 0.284511 0.411384
vt 0.285166 0.391303
vt 0.322123 0.334359
vt 0.288321 0.353069
vt 0.288744 0.333824
vt 0.324378 0.277004
vt 0.291124 0.296305
vt 0.291055 0.277240
vt 0.325185 0.219577
vt 0.292381 0.239804
vt 0.291744 0.220726
vt 0.324675 0.161791
vt 0.290718 0.163688
vt 0.119608 0.418936
vt 0.122168 0.345666
vt 0.121138 0.364064
vt 0.061812 0.396549
vt 0.090939 0.418227
vt 0.060365 0.416966
vt 0.092547 0.399152
vt 0.262736 0.220137
vt 0.231244 0.240199
vt 0.231384 0.218722
vt 0.263338 0.239578
vt 0.262125 0.275717
vt 0.229832 0.294663
vt 0.230768 0.273137
vt 0.262067 0.295184
vt 0.259650 0.331438
vt 0.226341 0.349346
vt 0.228128 0.327705
vt 0.258942 0.351124
vt 0.255193 0.388103
vt 0.219866 0.404702
vt 0.223033 0.382717
vt 0.253669 0.408668
vt 0.213167 0.439072
vt 0.243700 0.473532
vt 0.206531 0.461756
vt 0.247497 0.448884
vt 0.072950 0.069125
vt 0.066559 0.039417
vt 0.083272 0.137458
vt 0.081278 0.114892
vt 0.087754 0.177017
vt 0.091945 0.254751
vt 0.093689 0.290894
vt 0.056664 0.025195
vt 0.119881 0.015179
vt 0.317968 0.414800
vt 0.320769 0.356954
vt 0.323472 0.299592
vt 0.324868 0.242232
vt 0.324821 0.184658
vt 0.009813 0.061933
vt 0.172648 0.504207
s 1
g off
g LlantaDelanteraDerecha_SpacialRoverExploreralumGray
usemtl SpacialRoverExploreralumGray
f 57/1/1 25/2/1 56/3/2
f 25/2/1 57/1/1 58/4/3
f 25/2/1 24/5/2 56/3/2
f 58/4/3 26/6/3 25/2/1
f 24/5/2 55/7/4 56/3/2
f 58/4/3 59/8/5 26/6/3
f 24/5/2 23/9/4 55/7/4
f 59/8/5 27/10/5 26/6/3
f 59/8/5 60/11/6 27/10/5
f 60/11/6 28/12/6 27/10/5
f 23/9/4 54/13/7 55/7/4
f 54/13/7 23/9/4 22/14/7
f 60/11/6 61/15/8 28/12/6
f 61/15/8 29/16/8 28/12/6
f 54/13/7 22/14/7 53/17/9
f 22/14/7 21/18/9 53/17/9
f 21/18/9 52/19/10 53/17/9
f 61/15/8 62/20/11 29/16/8
f 21/18/9 20/21/10 52/19/10
f 62/20/11 30/22/11 29/16/8
f 62/20/11 63/23/12 30/22/11
f 52/19/10 20/21/10 51/24/13
f 20/21/10 19/25/13 51/24/13
f 30/22/11 63/23/12 31/26/12
f 19/25/13 50/27/14 51/24/13
f 31/26/12 63/23/12 32/28/15
f 19/25/13 18/29/14 50/27/14
f 32/28/15 63/23/12 64/30/15
f 18/29/14 49/31/16 50/27/14
f 49/31/16 18/29/14 17/32/16
f 32/28/15 64/30/15 33/33/17
f 33/33/17 1/34/17 32/28/15
f 33/33/17 34/35/18 1/34/17
f 49/31/16 17/32/16 48/36/19
f 48/36/19 17/32/16 16/37/19
f 1/34/17 34/35/18 2/38/18
f 2/38/18 34/35/18 35/39/20
f 2/38/18 35/39/20 3/40/20
f 48/36/19 16/37/19 47/41/21
f 16/42/19 15/43/21 47/44/21
f 15/43/21 46/45/22 47/44/21
f 3/40/20 35/39/20 36/46/23
f 15/43/21 14/47/22 46/45/22
f 3/40/20 36/46/23 4/48/23
f 46/45/22 14/47/22 45/49/24
f 4/48/23 36/46/23 37/50/25
f 4/48/23 37/50/25 5/51/25
f 45/49/24 14/47/22 13/52/24
f 5/51/25 37/50/25 38/53/26
f 45/49/24 13/52/24 44/54/27
f 5/51/25 38/53/26 6/55/26
f 44/54/27 13/52/24 12/56/27
f 6/55/26 38/53/26 39/57/28
f 44/54/27 12/56/27 43/58/29
f 6/55/26 39/57/28 7/59/28
f 43/58/29 12/56/27 11/60/29
f 7/59/28 39/57/28 40/61/30
f 43/58/29 11/60/29 42/62/31
f 42/62/31 11/60/29 10/63/31
f 7/59/28 40/61/30 8/64/30
f 42/62/31 10/63/31 41/65/32
f 8/64/30 40/61/30 41/65/32
f 41/65/32 10/63/31 9/66/32
f 8/64/30 41/65/32 9/66/32
s 2
f 493/67/33 516/68/34 517/69/33
f 499/70/35 524/71/36 500/72/36
f 490/73/37 503/74/38 514/75/37
f 496/76/39 521/77/40 497/78/40
f 493/67/33 518/79/41 494/80/41
f 489/81/38 524/71/36 503/74/38
f 490/82/37 515/83/42 491/84/42
f 497/78/40 522/85/43 498/86/43
f 495/87/44 518/79/41 519/88/44
f 491/89/42 516/68/34 492/90/34
f 498/86/43 523/91/35 499/70/35
f 495/87/44 520/92/39 496/76/39
s 3
f 163/93/45 141/94/46 164/95/45
f 159/96/47 162/97/48 160/98/47
f 155/99/49 158/100/50 156/101/49
s 4
f 159/102/51 619/103/52 157/104/51
s 3
f 151/105/53 154/106/54 152/107/53
f 147/108/55 150/109/56 148/110/55
f 143/111/57 146/112/58 144/113/57
s 5
f 185/114/24 188/115/59 186/116/59
s 6
f 181/117/60 184/118/61 182/119/61
s 7
f 177/120/62 180/121/63 178/122/63
s 8
f 174/123/64 175/124/8 176/125/64
s 9
f 169/126/65 172/127/66 170/128/66
s 10
f 165/129/67 167/130/68 168/131/67
s 8
f 483/132/69 176/133/64 486/134/69
s 6
f 467/135/70 184/136/61 470/137/70
s 11
f 161/138/71 608/139/72 611/140/72
s 12
f 615/141/73 184/136/73 183/142/73
s 13
f 155/143/74 627/144/75 153/145/74
s 14
f 147/146/76 601/147/77 145/148/76
s 8
f 152/149/78 482/150/79 487/151/79
s 6
f 158/152/80 471/153/81 160/154/80
s 15
f 604/155/73 170/156/73 455/157/73
s 16
f 591/158/82 441/159/82 442/160/82
f 590/161/82 442/160/82 443/162/82
s 14
f 597/163/83 169/126/84 604/164/83
s 17
f 592/165/85 167/130/86 166/166/86
s 10
f 141/167/87 447/168/88 144/169/87
f 443/162/89 445/170/90 448/171/91
s 18
f 597/163/92 172/172/92 171/173/92
f 598/174/92 452/175/92 597/176/92
s 15
f 603/177/73 455/157/73 456/178/73
s 11
f 605/179/93 185/114/94 610/180/93
s 14
f 599/181/95 603/182/96 602/183/95
s 9
f 455/157/97 172/172/66 452/175/97
f 148/184/98 454/185/99 449/186/99
f 450/187/100 456/178/101 451/188/101
s 19
f 610/189/9 186/190/9 463/191/9
f 611/192/9 461/193/9 462/194/9
s 20
f 608/195/25 458/196/25 607/197/25
f 606/198/25 460/199/25 605/200/25
s 11
f 612/201/102 606/202/103 609/203/103
s 5
f 463/191/104 188/204/59 460/199/104
f 162/205/105 457/206/106 164/207/105
f 461/193/107 459/208/108 458/196/107
s 4
f 613/209/109 617/210/110 620/211/109
s 6
f 465/212/111 469/213/112 472/214/111
s 12
f 616/215/73 470/137/73 615/216/73
s 4
f 615/141/113 181/117/114 618/217/113
s 13
f 621/218/115 177/120/116 626/219/115
s 21
f 617/220/92 467/135/92 468/221/92
s 22
f 626/222/117 178/223/117 479/224/117
f 625/225/117 479/224/117 480/226/117
s 23
f 621/218/82 180/227/82 179/228/82
f 622/229/82 476/230/82 621/231/82
s 13
f 623/232/118 625/233/119 628/234/118
s 7
f 479/224/120 180/227/63 476/230/120
f 156/235/121 478/236/122 473/237/122
f 474/238/123 480/226/124 475/239/124
s 24
f 632/240/25 174/241/25 483/132/25
f 631/242/25 483/132/25 484/243/25
s 8
f 481/244/125 485/245/126 488/246/125
s 25
f 632/247/127 175/124/128 173/248/128
f 151/249/129 629/250/130 149/251/129
f 630/252/131 636/253/132 631/254/132
s 3
f 300/255/133 142/256/46 163/93/45
f 299/257/133 277/258/32 300/259/133
f 298/260/134 163/93/45 161/261/48
f 297/262/134 300/259/133 298/263/134
f 296/264/135 161/261/48 159/96/47
s 26
f 287/265/65 306/266/65 288/267/65
s 3
f 294/268/136 159/96/47 157/269/50
f 293/270/136 296/271/135 294/272/136
f 292/273/137 157/269/50 155/99/49
f 291/274/137 294/272/136 292/275/137
f 290/276/138 155/99/49 153/277/54
f 289/278/138 292/275/137 290/279/138
f 288/280/139 153/277/54 151/105/53
s 27
f 281/281/140 301/282/140 279/283/140
s 3
f 149/284/56 288/280/139 151/105/53
f 286/285/141 287/286/139 288/287/139
f 284/288/17 149/284/56 147/108/55
f 284/289/17 285/290/141 286/285/141
f 282/291/142 147/108/55 145/292/58
f 281/293/142 284/289/17 282/294/142
f 280/295/143 145/292/58 143/111/57
s 28
f 298/296/68 311/297/68 297/298/68
s 3
f 277/299/32 143/300/57 142/256/46
f 278/301/32 280/302/143 277/299/32
s 29
f 309/303/82 312/304/82 310/305/82
s 30
f 305/306/92 308/307/92 306/308/92
s 31
f 301/282/25 304/309/25 302/310/25
s 32
f 298/296/144 310/311/144 312/312/144
s 33
f 282/313/8 303/314/8 281/315/8
s 34
f 295/316/140 311/317/140 309/303/140
s 35
f 290/318/144 306/266/144 308/319/144
s 36
f 295/316/62 310/311/62 296/320/62
s 37
f 290/318/60 307/321/60 289/322/60
s 38
f 289/322/140 305/306/140 287/323/140
s 39
f 279/283/24 302/324/24 280/325/24
s 40
f 280/325/144 304/326/144 282/313/144
s 16
f 589/327/82 443/162/82 444/328/82
s 18
f 599/181/92 451/188/92 598/329/92
f 600/330/92 450/187/92 599/331/92
s 15
f 602/332/73 456/178/73 453/333/73
f 601/334/73 453/333/73 454/335/73
s 20
f 607/336/25 459/208/25 606/202/25
s 19
f 612/337/9 464/338/9 461/193/9
f 609/339/9 463/191/9 464/338/9
s 21
f 620/340/92 468/221/92 465/212/92
f 619/341/92 465/212/92 466/342/92
s 12
f 613/209/73 469/213/73 616/343/73
f 614/344/73 472/214/73 613/345/73
s 23
f 623/232/82 475/239/82 622/346/82
f 624/347/82 474/238/82 623/348/82
s 22
f 628/349/117 480/226/117 477/350/117
f 627/351/117 477/350/117 478/236/117
s 24
f 630/352/25 484/243/25 481/244/25
f 629/353/25 481/244/25 482/150/25
s 10
f 443/162/89 447/168/88 444/328/88
f 446/354/145 442/160/90 441/159/145
s 9
f 450/187/100 454/335/99 453/333/100
f 452/175/97 456/178/101 455/157/97
s 5
f 458/196/107 462/194/106 461/193/107
f 460/199/104 464/338/108 463/191/104
s 6
f 472/214/111 466/342/81 465/212/111
f 470/137/70 468/221/112 467/135/70
s 7
f 474/238/123 478/236/122 477/350/123
f 479/224/120 475/239/124 480/226/124
s 8
f 488/246/125 482/150/79 481/244/125
f 486/134/69 484/243/126 483/132/69
s 10
f 441/159/145 168/355/67 446/354/145
s 3
f 500/356/133 278/301/32 299/357/133
f 499/358/146 299/357/133 297/359/134
f 498/360/16 297/359/134 295/361/135
f 497/362/136 295/361/135 293/363/136
f 496/364/137 293/363/136 291/365/137
f 495/366/1 291/365/137 289/367/138
f 494/368/147 289/367/138 287/369/139
f 285/370/141 494/368/147 287/369/139
f 492/371/17 285/370/141 283/372/17
f 491/84/148 283/372/17 281/373/142
f 490/82/149 281/373/142 279/374/143
f 489/375/32 279/376/143 278/301/32
s 41
f 9/377/144 527/378/144 556/379/144
f 23/380/144 555/381/144 22/382/144
f 8/383/144 556/379/144 554/384/144
f 22/382/144 553/385/144 21/386/144
f 7/387/144 554/384/144 552/388/144
f 21/386/144 551/389/144 20/390/144
f 6/391/144 552/388/144 550/392/144
f 19/393/144 551/389/144 549/394/144
f 32/395/144 537/396/144 548/397/144
f 5/398/144 550/392/144 547/399/144
f 19/393/144 546/400/144 18/401/144
f 31/402/144 548/397/144 545/403/144
f 4/404/144 547/399/144 544/405/144
f 18/401/144 543/406/144 17/407/144
f 31/402/144 542/408/144 30/409/144
f 3/410/144 544/405/144 541/411/144
f 17/407/144 540/412/144 16/413/144
f 30/409/144 539/414/144 29/415/144
f 2/416/144 541/411/144 538/417/144
f 16/413/144 536/418/144 15/419/144
f 29/415/144 535/420/144 28/421/144
f 2/416/144 537/396/144 1/422/144
f 14/423/144 536/418/144 534/424/144
f 28/421/144 533/425/144 27/426/144
f 13/427/144 534/424/144 532/428/144
f 27/426/144 531/429/144 26/430/144
f 12/431/144 532/428/144 530/432/144
f 26/430/144 529/433/144 25/434/144
f 11/435/144 530/432/144 528/436/144
f 25/434/144 526/437/144 24/438/144
f 10/439/144 528/436/144 527/378/144
f 24/438/144 525/440/144 23/380/144
s 42
f 34/441/140 588/442/140 557/443/140
f 35/444/140 557/443/140 558/445/140
f 35/444/140 559/446/140 36/447/140
f 36/447/140 560/448/140 37/449/140
f 37/449/140 561/450/140 38/451/140
f 38/451/140 562/452/140 39/453/140
f 39/453/140 563/454/140 40/455/140
f 40/455/140 564/456/140 41/457/140
f 41/457/140 565/458/140 42/459/140
f 42/459/140 566/460/140 43/461/140
f 43/461/140 567/462/140 44/463/140
f 44/463/140 568/464/140 45/465/140
f 45/465/140 569/466/140 46/467/140
f 46/467/140 570/468/140 47/469/140
f 47/469/140 571/470/140 48/471/140
f 48/471/140 572/472/140 49/473/140
f 49/473/140 573/474/140 50/475/140
f 50/475/140 574/476/140 51/477/140
f 51/477/140 575/478/140 52/479/140
f 53/480/140 575/478/140 576/481/140
f 54/482/140 576/481/140 577/483/140
f 55/484/140 577/483/140 578/485/140
f 56/486/140 578/485/140 579/487/140
f 57/488/140 579/487/140 580/489/140
f 58/490/140 580/489/140 581/491/140
f 59/492/140 581/491/140 582/493/140
f 60/494/140 582/493/140 583/495/140
f 61/496/140 583/495/140 584/497/140
f 62/498/140 584/497/140 585/499/140
f 63/500/140 585/499/140 586/501/140
f 64/502/140 586/501/140 587/503/140
f 33/504/140 587/503/140 588/442/140
s 16
f 589/327/82 141/167/82 142/505/82
s 43
f 144/169/117 594/506/117 143/507/117
s 18
f 148/508/92 600/509/92 147/146/92
s 15
f 146/510/73 601/511/73 454/335/73
s 16
f 592/512/82 165/513/82 441/159/82
s 20
f 164/207/25 608/139/25 163/514/25
s 19
f 162/205/9 611/515/9 462/194/9
s 12
f 160/154/73 614/516/73 159/102/73
s 21
f 158/152/92 619/517/92 466/342/92
s 23
f 156/235/82 624/518/82 155/143/82
s 22
f 154/519/117 627/520/117 478/236/117
s 24
f 150/521/25 629/522/25 482/150/25
s 44
f 152/149/9 634/523/9 151/249/9
s 17
f 592/524/85 596/525/150 595/526/85
s 14
f 602/527/95 600/330/77 599/331/95
f 604/528/83 598/174/96 597/176/83
s 11
f 612/529/102 608/195/72 607/197/102
f 610/530/93 606/198/103 605/200/93
s 4
f 613/345/109 619/531/52 614/344/52
f 618/532/113 616/215/110 615/216/113
s 13
f 628/533/118 624/347/75 623/348/118
f 621/231/115 625/534/119 622/229/119
s 25
f 633/535/131 629/536/130 634/537/130
f 635/538/127 631/539/132 636/540/132
s 17
f 143/507/151 589/541/152 142/542/151
s 20
f 605/179/25 188/204/25 187/543/25
s 43
f 594/544/117 448/171/117 593/545/117
f 593/546/117 445/170/117 596/547/117
f 596/525/117 446/354/117 595/526/117
f 595/548/117 168/355/117 167/130/117
s 21
f 618/549/92 182/550/92 467/135/92
s 17
f 594/544/152 590/551/153 589/552/152
f 591/553/150 593/546/153 596/547/150
s 44
f 634/537/9 488/246/9 633/535/9
f 633/554/9 485/245/9 636/253/9
f 636/540/9 486/134/9 635/538/9
f 635/555/9 176/133/9 175/124/9
s 2
f 493/67/33 492/90/34 516/68/34
f 499/70/35 523/91/35 524/71/36
f 490/73/37 489/81/38 503/74/38
f 496/76/39 520/92/39 521/77/40
f 493/67/33 517/69/33 518/79/41
f 489/81/38 500/72/36 524/71/36
f 490/82/37 514/556/37 515/83/42
f 497/78/40 521/77/40 522/85/43
f 495/87/44 494/80/41 518/79/41
f 491/89/42 515/557/42 516/68/34
f 498/86/43 522/85/43 523/91/35
f 495/87/44 519/88/44 520/92/39
s 3
f 163/93/45 142/256/46 141/94/46
f 159/96/47 161/261/48 162/97/48
f 155/99/49 157/269/50 158/100/50
s 4
f 159/102/51 614/516/52 619/103/52
s 3
f 151/105/53 153/277/54 154/106/54
f 147/108/55 149/284/56 150/109/56
f 143/111/57 145/292/58 146/112/58
s 5
f 185/114/24 187/543/24 188/115/59
s 6
f 181/117/60 183/142/60 184/118/61
s 7
f 177/120/62 179/228/62 180/121/63
s 8
f 174/123/64 173/248/8 175/124/8
s 9
f 169/126/65 171/173/65 172/127/66
s 10
f 165/129/67 166/166/68 167/130/68
s 8
f 483/132/69 174/241/64 176/133/64
s 6
f 467/135/70 182/550/61 184/136/61
s 11
f 161/138/71 163/514/71 608/139/72
s 12
f 615/141/73 470/137/73 184/136/73
s 13
f 155/143/74 624/518/75 627/144/75
s 14
f 147/146/76 600/509/77 601/147/77
s 8
f 152/149/78 150/521/78 482/150/79
s 6
f 158/152/80 466/342/81 471/153/81
s 15
f 604/155/73 169/558/73 170/156/73
s 16
f 591/158/82 592/559/82 441/159/82
f 590/161/82 591/560/82 442/160/82
s 14
f 597/163/83 171/173/84 169/126/84
s 17
f 592/165/85 595/548/85 167/130/86
s 10
f 141/167/87 444/328/88 447/168/88
f 443/162/89 442/160/90 445/170/90
s 18
f 597/163/92 452/175/92 172/172/92
f 598/174/92 451/188/92 452/175/92
s 15
f 603/177/73 604/561/73 455/157/73
s 11
f 605/179/93 187/543/94 185/114/94
s 14
f 599/181/95 598/329/96 603/182/96
s 9
f 455/157/97 170/156/66 172/172/66
f 148/184/98 146/562/98 454/185/99
f 450/187/100 453/333/100 456/178/101
s 19
f 610/189/9 185/563/9 186/190/9
f 611/192/9 612/564/9 461/193/9
s 20
f 608/195/25 457/206/25 458/196/25
f 606/198/25 459/208/25 460/199/25
s 11
f 612/201/102 607/336/102 606/202/103
s 5
f 463/191/104 186/190/59 188/204/59
f 162/205/105 462/194/106 457/206/106
f 461/193/107 464/338/108 459/208/108
s 4
f 613/209/109 616/343/110 617/210/110
s 6
f 465/212/111 468/221/112 469/213/112
s 12
f 616/215/73 469/213/73 470/137/73
s 4
f 615/141/113 183/142/114 181/117/114
s 13
f 621/218/115 179/228/116 177/120/116
s 21
f 617/220/92 618/565/92 467/135/92
s 22
f 626/222/117 177/566/117 178/223/117
f 625/225/117 626/567/117 479/224/117
s 23
f 621/218/82 476/230/82 180/227/82
f 622/229/82 475/239/82 476/230/82
s 13
f 623/232/118 622/346/119 625/233/119
s 7
f 479/224/120 178/223/63 180/227/63
f 156/235/121 154/519/121 478/236/122
f 474/238/123 477/350/123 480/226/124
s 24
f 632/240/25 173/568/25 174/241/25
f 631/242/25 632/569/25 483/132/25
s 8
f 481/244/125 484/243/126 485/245/126
s 25
f 632/247/127 635/555/127 175/124/128
f 151/249/129 634/523/130 629/250/130
f 630/252/131 633/554/131 636/253/132
s 3
f 300/255/133 277/299/32 142/256/46
f 299/257/133 278/570/32 277/258/32
f 298/260/134 300/255/133 163/93/45
f 297/262/134 299/257/133 300/259/133
f 296/264/135 298/260/134 161/261/48
s 26
f 287/265/65 305/571/65 306/266/65
s 3
f 294/268/136 296/264/135 159/96/47
f 293/270/136 295/572/135 296/271/135
f 292/273/137 294/268/136 157/269/50
f 291/274/137 293/270/136 294/272/136
f 290/276/138 292/273/137 155/99/49
f 289/278/138 291/274/137 292/275/137
f 288/280/139 290/276/138 153/277/54
s 27
f 281/281/140 303/573/140 301/282/140
s 3
f 149/284/56 286/574/141 288/280/139
f 286/285/141 285/290/141 287/286/139
f 284/288/17 286/574/141 149/284/56
f 284/289/17 283/575/17 285/290/141
f 282/291/142 284/288/17 147/108/55
f 281/293/142 283/575/17 284/289/17
f 280/295/143 282/291/142 145/292/58
s 28
f 298/296/68 312/312/68 311/297/68
s 3
f 277/299/32 280/302/143 143/300/57
f 278/301/32 279/376/143 280/302/143
s 29
f 309/303/82 311/317/82 312/304/82
s 30
f 305/306/92 307/321/92 308/307/92
s 31
f 301/282/25 303/573/25 304/309/25
s 32
f 298/296/144 296/320/144 310/311/144
s 33
f 282/313/8 304/326/8 303/314/8
s 34
f 295/316/140 297/576/140 311/317/140
s 35
f 290/318/144 288/267/144 306/266/144
s 36
f 295/316/62 309/303/62 310/311/62
s 37
f 290/318/60 308/319/60 307/321/60
s 38
f 289/322/140 307/321/140 305/306/140
s 39
f 279/283/24 301/282/24 302/324/24
s 40
f 280/325/144 302/324/144 304/326/144
s 16
f 589/327/82 590/577/82 443/162/82
s 18
f 599/181/92 450/187/92 451/188/92
f 600/330/92 449/578/92 450/187/92
s 15
f 602/332/73 603/579/73 456/178/73
f 601/334/73 602/580/73 453/333/73
s 20
f 607/336/25 458/196/25 459/208/25
s 19
f 612/337/9 609/581/9 464/338/9
f 609/339/9 610/582/9 463/191/9
s 21
f 620/340/92 617/583/92 468/221/92
f 619/341/92 620/584/92 465/212/92
s 12
f 613/209/73 472/214/73 469/213/73
f 614/344/73 471/153/73 472/214/73
s 23
f 623/232/82 474/238/82 475/239/82
f 624/347/82 473/237/82 474/238/82
s 22
f 628/349/117 625/585/117 480/226/117
f 627/351/117 628/586/117 477/350/117
s 24
f 630/352/25 631/587/25 484/243/25
f 629/353/25 630/588/25 481/244/25
s 10
f 443/162/89 448/171/91 447/168/88
f 446/354/145 445/170/90 442/160/90
s 9
f 450/187/100 449/578/99 454/335/99
f 452/175/97 451/188/101 456/178/101
s 5
f 458/196/107 457/206/106 462/194/106
f 460/199/104 459/208/108 464/338/108
s 6
f 472/214/111 471/153/81 466/342/81
f 470/137/70 469/213/112 468/221/112
s 7
f 474/238/123 473/237/122 478/236/122
f 479/224/120 476/230/120 475/239/124
s 8
f 488/246/125 487/151/79 482/150/79
f 486/134/69 485/245/126 484/243/126
s 10
f 441/159/145 165/513/67 168/355/67
s 3
f 500/356/133 489/375/32 278/301/32
f 499/358/146 500/356/133 299/357/133
f 498/360/16 499/358/146 297/359/134
f 497/362/136 498/360/16 295/361/135
f 496/364/137 497/362/136 293/363/136
f 495/366/1 496/364/137 291/365/137
f 494/368/147 495/366/1 289/367/138
f 285/370/141 493/589/141 494/368/147
f 492/371/17 493/589/141 285/370/141
f 491/84/148 492/371/17 283/372/17
f 490/82/149 491/84/148 281/373/142
f 489/375/32 490/590/149 279/376/143
s 41
f 9/377/144 10/439/144 527/378/144
f 23/380/144 525/440/144 555/381/144
f 8/383/144 9/377/144 556/379/144
f 22/382/144 555/381/144 553/385/144
f 7/387/144 8/383/144 554/384/144
f 21/386/144 553/385/144 551/389/144
f 6/391/144 7/387/144 552/388/144
f 19/393/144 20/390/144 551/389/144
f 32/395/144 1/422/144 537/396/144
f 5/398/144 6/391/144 550/392/144
f 19/393/144 549/394/144 546/400/144
f 31/402/144 32/395/144 548/397/144
f 4/404/144 5/398/144 547/399/144
f 18/401/144 546/400/144 543/406/144
f 31/402/144 545/403/144 542/408/144
f 3/410/144 4/404/144 544/405/144
f 17/407/144 543/406/144 540/412/144
f 30/409/144 542/408/144 539/414/144
f 2/416/144 3/410/144 541/411/144
f 16/413/144 540/412/144 536/418/144
f 29/415/144 539/414/144 535/420/144
f 2/416/144 538/417/144 537/396/144
f 14/423/144 15/419/144 536/418/144
f 28/421/144 535/420/144 533/425/144
f 13/427/144 14/423/144 534/424/144
f 27/426/144 533/425/144 531/429/144
f 12/431/144 13/427/144 532/428/144
f 26/430/144 531/429/144 529/433/144
f 11/435/144 12/431/144 530/432/144
f 25/434/144 529/433/144 526/437/144
f 10/439/144 11/435/144 528/436/144
f 24/438/144 526/437/144 525/440/144
s 42
f 34/441/140 33/504/140 588/442/140
f 35/444/140 34/441/140 557/443/140
f 35/444/140 558/445/140 559/446/140
f 36/447/140 559/446/140 560/448/140
f 37/449/140 560/448/140 561/450/140
f 38/451/140 561/450/140 562/452/140
f 39/453/140 562/452/140 563/454/140
f 40/455/140 563/454/140 564/456/140
f 41/457/140 564/456/140 565/458/140
f 42/459/140 565/458/140 566/460/140
f 43/461/140 566/460/140 567/462/140
f 44/463/140 567/462/140 568/464/140
f 45/465/140 568/464/140 569/466/140
f 46/467/140 569/466/140 570/468/140
f 47/469/140 570/468/140 571/470/140
f 48/471/140 571/470/140 572/472/140
f 49/473/140 572/472/140 573/474/140
f 50/475/140 573/474/140 574/476/140
f 51/477/140 574/476/140 575/478/140
f 53/480/140 52/479/140 575/478/140
f 54/482/140 53/480/140 576/481/140
f 55/484/140 54/482/140 577/483/140
f 56/486/140 55/484/140 578/485/140
f 57/488/140 56/486/140 579/487/140
f 58/490/140 57/488/140 580/489/140
f 59/492/140 58/490/140 581/491/140
f 60/494/140 59/492/140 582/493/140
f 61/496/140 60/494/140 583/495/140
f 62/498/140 61/496/140 584/497/140
f 63/500/140 62/498/140 585/499/140
f 64/502/140 63/500/140 586/501/140
f 33/504/140 64/502/140 587/503/140
s 16
f 589/327/82 444/328/82 141/167/82
s 43
f 144/169/117 447/168/117 594/506/117
s 18
f 148/508/92 449/578/92 600/509/92
s 15
f 146/510/73 145/591/73 601/511/73
s 16
f 592/512/82 166/592/82 165/513/82
s 20
f 164/207/25 457/206/25 608/139/25
s 19
f 162/205/9 161/593/9 611/515/9
s 12
f 160/154/73 471/153/73 614/516/73
s 21
f 158/152/92 157/594/92 619/517/92
s 23
f 156/235/82 473/237/82 624/518/82
s 22
f 154/519/117 153/595/117 627/520/117
s 24
f 150/521/25 149/596/25 629/522/25
s 44
f 152/149/9 487/151/9 634/523/9
s 17
f 592/524/85 591/597/150 596/525/150
s 14
f 602/527/95 601/598/77 600/330/77
f 604/528/83 603/599/96 598/174/96
s 11
f 612/529/102 611/600/72 608/195/72
f 610/530/93 609/601/103 606/198/103
s 4
f 613/345/109 620/602/109 619/531/52
f 618/532/113 617/603/110 616/215/110
s 13
f 628/533/118 627/604/75 624/347/75
f 621/231/115 626/605/115 625/534/119
s 25
f 633/535/131 630/606/131 629/536/130
f 635/538/127 632/607/127 631/539/132
s 17
f 143/507/151 594/506/152 589/541/152
s 20
f 605/179/25 460/199/25 188/204/25
s 43
f 594/544/117 447/168/117 448/171/117
f 593/546/117 448/171/117 445/170/117
f 596/525/117 445/170/117 446/354/117
f 595/548/117 446/354/117 168/355/117
s 21
f 618/549/92 181/608/92 182/550/92
s 17
f 594/544/152 593/545/153 590/551/153
f 591/553/150 590/609/153 593/546/153
s 44
f 634/537/9 487/151/9 488/246/9
f 633/554/9 488/246/9 485/245/9
f 636/540/9 485/245/9 486/134/9
f 635/555/9 486/134/9 176/133/9
s 45
g LlantaDelanteraDerecha_SpacialRoverExploreralumGrayDeep
usemtl SpacialRoverExploreralumGrayDeep
f 136/610/149 207/611/32 135/612/32
s 3
f 164/95/45 189/613/32 200/614/133
f 199/615/146 164/95/45 200/614/133
f 160/98/47 199/615/146 198/616/16
f 158/100/50 198/616/16 197/617/136
f 156/101/49 197/617/136 196/618/137
f 154/106/54 196/618/137 195/619/1
f 152/107/53 195/619/1 194/620/147
f 193/621/141 152/107/53 194/620/147
f 192/622/17 150/109/56 193/621/141
f 146/112/58 192/622/17 191/623/148
f 144/113/57 191/623/148 190/624/149
f 141/94/46 190/625/149 189/613/32
s 46
f 129/626/144 190/627/144 130/628/144
f 130/628/144 191/629/144 131/630/144
f 131/630/144 192/631/144 132/632/144
f 133/633/144 192/631/144 193/634/144
f 133/633/144 194/635/144 134/636/144
f 135/637/144 194/635/144 195/638/144
f 135/637/144 196/639/144 136/640/144
f 137/641/144 196/639/144 197/642/144
f 137/641/144 198/643/144 138/644/144
f 138/644/144 199/645/144 139/646/144
f 139/646/144 200/647/144 140/648/144
f 129/626/144 200/647/144 189/649/144
s 47
f 204/650/144 208/651/144 212/652/144
s 45
f 133/653/146 204/654/16 132/655/16
f 140/656/147 211/657/141 139/658/141
f 130/659/137 201/660/1 129/661/1
f 137/662/148 208/663/149 136/610/149
f 133/653/146 206/664/133 205/665/146
f 129/661/1 212/666/147 140/656/147
f 131/667/136 202/668/137 130/669/137
f 138/670/17 209/671/148 137/662/148
f 135/612/32 206/664/133 134/672/133
f 132/655/16 203/673/136 131/667/136
f 139/658/141 210/674/17 138/670/17
s 48
f 502/675/32 514/676/149 503/677/32
f 501/678/149 515/83/148 514/556/149
f 504/679/148 516/680/17 515/83/148
f 505/681/17 517/682/141 516/680/17
f 517/682/141 507/683/147 518/684/147
f 507/683/147 519/685/1 518/684/147
f 508/686/1 520/687/137 519/685/1
f 509/688/137 521/689/136 520/687/137
f 510/690/136 522/691/16 521/689/136
f 511/692/16 523/693/146 522/691/16
s 49
f 512/694/140 508/695/140 504/679/140
s 48
f 512/696/146 524/697/133 523/693/146
f 513/698/133 503/677/32 524/697/133
s 45
f 136/610/149 208/663/149 207/611/32
s 3
f 164/95/45 141/94/46 189/613/32
f 199/615/146 162/97/48 164/95/45
f 160/98/47 162/97/48 199/615/146
f 158/100/50 160/98/47 198/616/16
f 156/101/49 158/100/50 197/617/136
f 154/106/54 156/101/49 196/618/137
f 152/107/53 154/106/54 195/619/1
f 193/621/141 150/109/56 152/107/53
f 192/622/17 148/110/55 150/109/56
f 146/112/58 148/110/55 192/622/17
f 144/113/57 146/112/58 191/623/148
f 141/94/46 144/699/57 190/625/149
s 46
f 129/626/144 189/649/144 190/627/144
f 130/628/144 190/627/144 191/629/144
f 131/630/144 191/629/144 192/631/144
f 133/633/144 132/632/144 192/631/144
f 133/633/144 193/634/144 194/635/144
f 135/637/144 134/636/144 194/635/144
f 135/637/144 195/638/144 196/639/144
f 137/641/144 136/640/144 196/639/144
f 137/641/144 197/642/144 198/643/144
f 138/644/144 198/643/144 199/645/144
f 139/646/144 199/645/144 200/647/144
f 129/626/144 140/648/144 200/647/144
s 47
f 212/652/144 201/700/144 202/701/144
f 202/701/144 203/702/144 204/650/144
f 204/650/144 205/703/144 206/704/144
f 206/704/144 207/705/144 208/651/144
f 208/651/144 209/706/144 210/707/144
f 210/707/144 211/708/144 212/652/144
f 212/652/144 202/701/144 204/650/144
f 204/650/144 206/704/144 208/651/144
f 208/651/144 210/707/144 212/652/144
s 45
f 133/653/146 205/665/146 204/654/16
f 140/656/147 212/666/147 211/657/141
f 130/659/137 202/709/137 201/660/1
f 137/662/148 209/671/148 208/663/149
f 133/653/146 134/672/133 206/664/133
f 129/661/1 201/660/1 212/666/147
f 131/667/136 203/673/136 202/668/137
f 138/670/17 210/674/17 209/671/148
f 135/612/32 207/611/32 206/664/133
f 132/655/16 204/654/16 203/673/136
f 139/658/141 211/657/141 210/674/17
s 48
f 502/675/32 501/710/149 514/676/149
f 501/678/149 504/679/148 515/83/148
f 504/679/148 505/681/17 516/680/17
f 505/681/17 506/711/141 517/682/141
f 517/682/141 506/711/141 507/683/147
f 507/683/147 508/686/1 519/685/1
f 508/686/1 509/688/137 520/687/137
f 509/688/137 510/690/136 521/689/136
f 510/690/136 511/692/16 522/691/16
f 511/692/16 512/696/146 523/693/146
s 49
f 504/679/140 501/678/140 502/712/140
f 502/712/140 513/713/140 512/694/140
f 512/694/140 511/714/140 510/715/140
f 510/715/140 509/716/140 508/695/140
f 508/695/140 507/717/140 506/718/140
f 506/718/140 505/719/140 504/679/140
f 504/679/140 502/712/140 512/694/140
f 512/694/140 510/715/140 508/695/140
f 508/695/140 506/718/140 504/679/140
s 48
f 512/696/146 513/698/133 524/697/133
f 513/698/133 502/675/32 503/677/32
s 42
g LlantaDelanteraDerecha_SpacialRoverExplorerwheels
usemtl SpacialRoverExplorerwheels
f 588/720/140 96/721/154 66/722/155
f 587/723/140 95/724/156 96/721/154
f 586/725/140 94/726/157 95/724/156
f 585/727/140 93/728/158 94/726/157
f 584/729/140 92/730/159 93/728/158
f 583/731/140 91/732/160 92/730/159
f 582/733/140 90/734/161 91/732/160
f 581/735/140 89/736/162 90/734/161
f 580/737/140 88/738/163 89/736/162
f 579/739/140 87/740/163 88/738/163
f 578/741/140 86/742/164 87/740/163
f 577/743/140 85/744/165 86/742/164
f 576/745/140 84/746/166 85/747/165
f 574/748/140 84/746/166 575/749/140
f 573/750/140 83/751/166 574/748/140
f 572/752/140 82/753/167 573/750/140
f 571/754/140 81/755/167 572/752/140
f 570/756/140 80/757/168 571/754/140
f 569/758/140 79/759/168 570/756/140
f 568/760/140 78/761/169 569/758/140
f 567/762/140 77/763/169 568/760/140
f 566/764/140 76/765/170 567/762/140
f 565/766/140 75/767/171 566/764/140
f 564/768/140 74/769/172 565/766/140
f 563/770/140 73/771/173 564/768/140
f 562/772/140 72/773/174 563/770/140
f 561/774/140 71/775/175 562/772/140
f 560/776/140 70/777/176 561/774/140
f 559/778/140 69/779/176 560/780/140
f 559/778/140 67/781/177 68/782/177
f 558/783/140 65/784/155 67/781/177
f 557/785/140 66/722/155 65/784/155
s 41
f 526/786/144 119/787/178 525/788/144
f 527/789/144 107/790/179 106/791/180
f 529/792/144 120/793/178 526/786/144
f 528/794/144 108/795/181 107/790/179
f 531/796/144 121/797/182 529/792/144
f 530/798/144 109/799/183 108/795/181
f 533/800/144 122/801/182 531/796/144
f 532/802/144 110/803/184 109/799/183
f 535/804/144 123/805/185 533/800/144
f 534/806/144 111/807/186 110/803/184
f 538/808/144 97/809/187 537/810/144
f 539/811/144 124/812/188 535/804/144
f 536/813/144 112/814/186 111/807/186
f 541/815/144 98/816/187 538/808/144
f 542/817/144 125/818/189 539/811/144
f 543/819/144 112/814/186 540/820/144
f 544/821/144 99/822/190 541/815/144
f 545/823/144 126/824/191 542/817/144
f 546/825/144 113/826/192 543/819/144
f 547/827/144 100/828/190 544/821/144
f 548/829/144 127/830/193 545/823/144
f 549/831/144 114/832/194 546/825/144
f 547/833/144 102/834/195 101/835/195
f 537/810/144 128/836/196 548/829/144
f 551/837/144 115/838/197 549/831/144
f 550/839/144 103/840/198 102/834/195
f 553/841/144 116/842/197 551/837/144
f 552/843/144 104/844/199 103/840/198
f 555/845/144 117/846/200 553/847/144
f 554/848/144 105/849/201 104/844/199
f 525/788/144 118/850/200 555/845/144
f 556/851/144 106/791/180 105/849/201
s 50
f 214/852/202 123/805/203 216/853/204
s 51
f 218/854/205 127/830/206 220/855/207
s 52
f 220/855/208 412/856/209 219/857/210
s 53
f 224/858/211 125/818/212 222/859/213
s 54
f 271/860/214 314/861/215 438/862/216
s 52
f 219/857/210 313/863/217 95/724/218
s 42
f 86/742/164 323/864/219 324/865/220
s 55
f 270/866/221 437/867/222 405/868/221
s 41
f 127/830/193 375/869/223 376/870/223
s 56
f 238/871/224 117/872/225 232/873/226
s 57
f 234/874/227 119/787/228 228/875/229
s 58
f 230/876/230 121/797/231 226/877/232
s 59
f 218/854/233 411/878/234 379/879/235
s 55
f 269/880/222 342/881/236 437/867/222
s 60
f 112/814/237 240/882/238 246/883/239
s 61
f 114/832/240 236/884/241 242/885/242
s 59
f 217/886/243 316/887/244 411/878/234
s 42
f 88/738/163 321/888/245 322/889/245
s 62
f 108/795/246 248/890/247 254/891/248
s 63
f 110/803/249 244/892/250 250/893/251
s 64
f 268/894/252 436/895/253 267/896/254
s 41
f 125/818/189 373/897/255 374/898/255
s 65
f 216/853/256 410/899/257 215/900/258
s 64
f 267/896/254 341/901/259 67/781/259
s 66
f 100/828/260 264/902/261 270/866/262
s 67
f 102/834/263 260/903/264 266/904/265
s 68
f 104/844/266 256/905/267 262/906/268
s 69
f 106/791/269 252/907/270 258/908/271
s 70
f 272/909/272 97/809/273 274/910/274
s 65
f 215/900/258 317/911/275 91/732/276
s 71
f 276/912/277 99/822/278 268/894/279
s 42
f 90/734/161 319/913/280 320/914/280
s 72
f 266/904/281 435/915/282 403/916/283
s 41
f 123/805/185 371/917/284 372/918/284
s 71
f 65/784/285 267/896/286 67/781/285
f 275/919/287 268/894/279 267/896/286
s 73
f 214/852/288 409/920/289 377/921/290
s 72
f 265/922/291 340/923/292 435/915/282
s 70
f 96/721/293 273/924/294 66/722/293
f 271/860/295 274/910/274 273/924/294
s 69
f 257/925/296 75/767/297 74/769/297
f 258/908/271 251/926/298 257/925/296
s 68
f 261/927/299 73/771/300 72/773/300
f 262/906/268 255/928/301 261/927/299
s 67
f 265/922/302 71/775/303 70/777/303
f 266/904/265 259/929/304 265/922/302
s 66
f 269/880/305 69/779/306 68/782/306
f 270/866/262 263/930/307 269/880/305
s 73
f 213/931/308 320/914/309 409/920/289
s 42
f 92/730/159 317/911/310 318/932/310
s 74
f 264/933/311 434/934/312 263/935/313
s 41
f 121/797/182 369/936/314 370/937/314
s 75
f 276/912/315 345/938/316 98/816/317
s 74
f 263/935/313 339/939/318 69/940/319
s 76
f 274/910/320 346/941/321 407/942/320
s 42
f 94/726/157 315/943/322 316/887/322
s 63
f 249/944/323 79/759/324 78/761/324
f 250/893/251 243/945/325 249/944/323
s 62
f 253/946/326 77/763/327 76/765/328
f 254/891/248 247/947/329 253/946/326
s 77
f 262/906/330 433/948/331 401/949/330
s 41
f 119/787/178 367/950/332 368/951/332
s 54
f 272/909/333 375/869/334 128/836/335
s 77
f 261/927/336 338/952/337 433/948/331
s 61
f 241/953/338 83/751/339 82/753/339
f 242/885/242 235/954/340 241/953/338
s 60
f 245/955/341 81/755/342 80/757/342
f 246/883/239 239/956/343 245/955/341
s 55
f 270/866/221 347/957/344 100/828/344
s 42
f 96/721/154 313/863/345 314/861/345
s 78
f 260/903/346 432/958/347 259/929/348
s 41
f 117/846/200 365/959/349 366/960/350
s 58
f 88/738/351 225/961/352 89/736/351
f 229/962/353 226/877/232 225/961/352
s 57
f 86/742/354 227/963/355 87/740/354
f 233/964/356 228/875/229 227/963/355
s 56
f 84/746/357 231/965/358 85/747/357
f 237/966/359 232/873/226 231/965/358
s 64
f 268/894/252 348/967/360 404/968/252
s 78
f 259/929/348 337/969/361 71/775/362
s 72
f 266/904/281 349/970/363 102/834/364
s 79
f 258/908/365 431/971/366 399/972/367
s 41
f 115/838/197 363/973/368 364/974/368
s 74
f 264/933/311 350/975/369 402/976/311
s 79
f 257/925/370 336/977/371 431/971/366
s 77
f 262/906/330 351/978/372 104/844/373
s 80
f 256/905/374 430/979/375 255/928/376
s 41
f 114/832/194 362/980/377 113/826/192
s 53
f 92/730/378 221/981/379 93/728/378
f 223/982/380 222/859/213 221/981/379
s 78
f 260/903/346 352/983/381 400/984/346
s 80
f 255/928/376 335/985/382 73/771/383
s 51
f 94/726/384 219/857/385 95/724/384
f 217/886/386 220/855/207 219/857/385
s 50
f 90/734/387 215/900/388 91/732/387
f 213/931/389 216/853/204 215/900/388
s 81
f 381/986/390 373/897/391 379/879/392
s 82
f 378/987/393 371/917/394 382/988/395
s 83
f 383/989/396 369/936/397 377/921/398
s 84
f 384/990/399 367/950/400 385/991/401
s 85
f 386/992/402 365/959/403 387/993/404
s 86
f 388/994/405 363/973/406 389/995/405
s 87
f 362/980/407 391/996/408 390/997/409
s 88
f 360/998/410 393/999/411 392/1000/412
s 89
f 358/1001/413 395/1002/414 394/1003/415
s 90
f 356/1004/416 397/1005/417 396/1006/418
s 91
f 354/1007/419 399/972/420 398/1008/421
s 92
f 352/983/422 401/949/423 400/984/424
s 93
f 350/975/425 403/916/426 402/976/427
s 94
f 348/967/428 405/868/429 404/968/429
s 95
f 407/942/430 345/938/431 408/1009/432
s 96
f 380/1010/433 375/869/434 406/1011/435
f 313/863/436 438/862/437 314/861/436
f 412/856/438 406/1011/435 438/862/437
s 95
f 343/1012/439 440/1013/440 344/1014/439
f 439/1015/441 408/1009/432 440/1013/440
s 94
f 436/895/442 342/881/443 341/901/443
f 404/968/429 437/867/442 436/895/442
s 93
f 434/934/444 340/923/445 339/939/445
f 402/976/427 435/915/446 434/934/444
s 92
f 432/958/447 338/952/448 337/969/448
f 400/984/424 433/948/449 432/958/447
s 91
f 430/979/450 336/977/451 335/985/451
f 398/1008/421 431/971/452 430/979/450
s 90
f 428/1016/453 334/1017/454 333/1018/454
f 396/1006/418 429/1019/455 428/1016/453
s 89
f 426/1020/456 332/1021/457 331/1022/457
f 394/1003/415 427/1023/458 426/1020/456
s 88
f 424/1024/459 330/1025/460 329/1026/460
f 392/1000/412 425/1027/461 424/1024/459
s 87
f 422/1028/462 328/1029/463 327/1030/463
f 390/997/409 423/1031/464 422/1028/462
s 86
f 325/1032/465 421/1033/466 326/1034/465
f 388/994/405 421/1033/466 420/1035/466
s 85
f 323/864/467 419/1036/468 324/865/467
f 418/1037/469 387/993/404 419/1036/468
s 84
f 321/888/470 417/1038/471 322/889/470
f 416/1039/472 385/991/401 417/1038/471
s 83
f 319/913/473 409/920/474 320/914/473
f 415/1040/475 377/921/398 409/920/474
s 82
f 317/911/476 414/1041/477 318/932/476
f 410/899/478 382/988/395 414/1041/477
s 81
f 315/943/479 411/878/480 316/887/479
f 413/1042/481 379/879/392 411/878/480
s 54
f 272/909/333 438/862/216 406/1011/333
s 42
f 83/751/166 326/1034/482 84/746/166
s 97
f 221/981/483 315/943/484 93/728/485
s 76
f 273/924/486 343/1012/487 66/722/488
s 97
f 222/859/489 413/1042/490 221/981/483
s 76
f 274/910/320 439/1015/491 273/924/486
s 42
f 81/755/167 328/1029/492 82/753/167
s 98
f 223/982/493 318/932/494 414/1041/495
s 75
f 275/919/496 344/1014/497 440/1013/498
s 98
f 224/858/499 414/1041/495 382/988/499
s 75
f 276/912/315 440/1013/498 408/1009/500
s 42
f 79/759/168 330/1025/501 80/757/168
s 99
f 225/961/502 319/913/503 89/736/504
f 226/877/505 415/1040/506 225/961/502
s 42
f 77/763/169 332/1021/507 78/761/169
s 100
f 227/963/508 321/888/509 87/740/510
f 228/875/511 416/1039/512 227/963/508
s 42
f 75/767/171 334/1017/513 76/765/170
s 101
f 229/962/514 322/889/515 417/1038/516
f 230/876/517 417/1038/516 385/991/517
s 42
f 73/771/173 336/977/518 74/769/172
s 102
f 231/1043/519 323/864/520 85/744/521
f 232/1044/522 418/1037/523 231/1043/519
s 73
f 214/852/288 369/936/524 122/801/525
s 42
f 71/775/175 338/952/526 72/773/174
s 103
f 233/964/527 324/865/528 419/1036/529
s 65
f 216/853/256 372/918/530 378/987/531
s 103
f 234/874/532 419/1036/529 387/993/533
s 59
f 218/854/233 373/897/534 126/824/535
s 42
f 69/940/176 340/923/536 70/777/176
s 104
f 235/954/537 325/1032/538 83/751/538
s 52
f 220/855/208 376/870/539 380/1010/540
s 104
f 236/884/541 420/1035/537 235/954/537
s 97
f 222/859/489 374/898/542 381/986/543
s 42
f 68/782/177 341/901/544 342/881/544
s 105
f 237/966/545 326/1034/546 421/1033/545
s 98
f 224/858/499 371/917/547 124/812/548
s 105
f 238/871/549 421/1033/545 389/995/549
s 99
f 226/877/505 370/937/550 383/989/505
s 42
f 65/784/155 343/1012/551 344/1014/551
s 106
f 239/956/552 327/1030/553 81/755/554
s 100
f 228/875/511 368/951/555 384/990/556
s 41
f 97/809/187 345/938/557 346/941/558
s 106
f 240/882/559 422/1028/560 239/956/552
s 101
f 230/876/517 367/950/561 120/793/562
s 107
f 241/953/563 328/1029/564 423/1031/565
s 102
f 232/1044/522 366/960/566 386/992/567
s 41
f 100/828/190 348/967/568 99/822/190
s 107
f 242/885/569 423/1031/565 391/996/570
s 103
f 234/874/532 365/959/571 118/850/572
s 108
f 243/945/573 329/1026/574 79/759/575
s 104
f 236/884/541 364/974/576 388/994/577
s 41
f 102/834/195 350/975/578 101/835/195
s 108
f 244/892/579 424/1024/580 243/945/573
s 105
f 238/871/549 363/973/581 116/842/582
s 109
f 245/955/583 330/1025/584 425/1027/585
s 106
f 240/882/559 362/980/586 390/997/559
s 41
f 104/844/199 352/983/587 103/840/198
s 109
f 246/883/588 425/1027/585 393/999/588
s 107
f 242/885/569 361/1045/589 114/832/590
s 110
f 247/947/591 331/1022/592 77/763/593
s 108
f 244/892/579 360/998/594 392/1000/579
s 41
f 106/791/180 354/1007/595 105/849/201
s 110
f 248/890/596 426/1020/597 247/947/591
s 109
f 246/883/588 359/1046/598 112/814/599
s 111
f 249/944/600 332/1021/601 427/1023/602
s 110
f 248/890/596 358/1001/603 394/1003/604
s 41
f 108/795/181 356/1004/605 107/790/179
s 111
f 250/893/606 427/1023/602 395/1002/607
f 250/893/606 357/1047/608 110/803/609
s 112
f 251/926/610 333/1018/611 75/767/612
f 252/907/613 356/1004/614 396/1006/615
s 41
f 110/803/184 358/1001/616 109/799/183
s 112
f 252/907/613 428/1016/617 251/926/610
s 113
f 254/891/618 355/1048/619 108/795/620
f 253/946/621 334/1017/622 429/1019/623
s 80
f 256/905/374 354/1007/624 398/1008/374
s 41
f 112/814/186 360/998/625 111/807/186
s 113
f 254/891/618 429/1019/623 397/1005/626
s 79
f 258/908/365 353/1049/627 106/791/628
s 42
f 588/720/140 587/723/140 96/721/154
f 587/723/140 586/725/140 95/724/156
f 586/725/140 585/727/140 94/726/157
f 585/727/140 584/729/140 93/728/158
f 584/729/140 583/731/140 92/730/159
f 583/731/140 582/733/140 91/732/160
f 582/733/140 581/735/140 90/734/161
f 581/735/140 580/737/140 89/736/162
f 580/737/140 579/739/140 88/738/163
f 579/739/140 578/741/140 87/740/163
f 578/741/140 577/743/140 86/742/164
f 577/743/140 576/1050/140 85/744/165
f 576/745/140 575/749/140 84/746/166
f 574/748/140 83/751/166 84/746/166
f 573/750/140 82/753/167 83/751/166
f 572/752/140 81/755/167 82/753/167
f 571/754/140 80/757/168 81/755/167
f 570/756/140 79/759/168 80/757/168
f 569/758/140 78/761/169 79/759/168
f 568/760/140 77/763/169 78/761/169
f 567/762/140 76/765/170 77/763/169
f 566/764/140 75/767/171 76/765/170
f 565/766/140 74/769/172 75/767/171
f 564/768/140 73/771/173 74/769/172
f 563/770/140 72/773/174 73/771/173
f 562/772/140 71/775/175 72/773/174
f 561/774/140 70/777/176 71/775/175
f 560/776/140 69/940/176 70/777/176
f 559/778/140 68/782/177 69/779/176
f 559/778/140 558/783/140 67/781/177
f 558/783/140 557/785/140 65/784/155
f 557/785/140 588/720/140 66/722/155
s 41
f 526/786/144 120/793/178 119/787/178
f 527/789/144 528/794/144 107/790/179
f 529/792/144 121/797/182 120/793/178
f 528/794/144 530/798/144 108/795/181
f 531/796/144 122/801/182 121/797/182
f 530/798/144 532/802/144 109/799/183
f 533/800/144 123/805/185 122/801/182
f 532/802/144 534/806/144 110/803/184
f 535/804/144 124/812/188 123/805/185
f 534/806/144 536/813/144 111/807/186
f 538/808/144 98/816/187 97/809/187
f 539/811/144 125/818/189 124/812/188
f 536/813/144 540/820/144 112/814/186
f 541/815/144 99/822/190 98/816/187
f 542/817/144 126/824/191 125/818/189
f 543/819/144 113/826/192 112/814/186
f 544/821/144 100/828/190 99/822/190
f 545/823/144 127/830/193 126/824/191
f 546/825/144 114/832/194 113/826/192
f 547/827/144 101/1051/195 100/828/190
f 548/829/144 128/836/196 127/830/193
f 549/831/144 115/838/197 114/832/194
f 547/833/144 550/839/144 102/834/195
f 537/810/144 97/809/187 128/836/196
f 551/837/144 116/842/197 115/838/197
f 550/839/144 552/843/144 103/840/198
f 553/841/144 117/872/200 116/842/197
f 552/843/144 554/848/144 104/844/199
f 555/845/144 118/850/200 117/846/200
f 554/848/144 556/851/144 105/849/201
f 525/788/144 119/787/178 118/850/200
f 556/851/144 527/789/144 106/791/180
s 50
f 214/852/202 122/801/203 123/805/203
s 51
f 218/854/205 126/824/206 127/830/206
s 52
f 220/855/208 380/1010/540 412/856/209
s 53
f 224/858/211 124/812/212 125/818/212
s 54
f 271/860/214 96/721/629 314/861/215
s 52
f 219/857/210 412/856/209 313/863/217
s 42
f 86/742/164 85/744/165 323/864/219
s 55
f 270/866/221 269/880/222 437/867/222
s 41
f 127/830/193 128/836/196 375/869/223
s 56
f 238/871/224 116/842/630 117/872/225
s 57
f 234/874/227 118/850/228 119/787/228
s 58
f 230/876/230 120/793/231 121/797/231
s 59
f 218/854/233 217/886/243 411/878/234
s 55
f 269/880/222 68/782/631 342/881/236
s 60
f 112/814/237 113/826/237 240/882/238
s 61
f 114/832/240 115/838/240 236/884/241
s 59
f 217/886/243 94/726/632 316/887/244
s 42
f 88/738/163 87/740/163 321/888/245
s 62
f 108/795/246 109/799/246 248/890/247
s 63
f 110/803/249 111/807/249 244/892/250
s 64
f 268/894/252 404/968/252 436/895/253
s 41
f 125/818/189 126/824/191 373/897/255
s 65
f 216/853/256 378/987/531 410/899/257
s 64
f 267/896/254 436/895/253 341/901/259
s 66
f 100/828/260 101/1051/260 264/902/261
s 67
f 102/834/263 103/840/263 260/903/264
s 68
f 104/844/266 105/849/266 256/905/267
s 69
f 106/791/269 107/790/269 252/907/270
s 70
f 272/909/272 128/836/273 97/809/273
s 65
f 215/900/258 410/899/257 317/911/275
s 71
f 276/912/277 98/816/278 99/822/278
s 42
f 90/734/161 89/736/162 319/913/280
s 72
f 266/904/281 265/922/291 435/915/282
s 41
f 123/805/185 124/812/188 371/917/284
s 71
f 65/784/285 275/919/287 267/896/286
f 275/919/287 276/912/277 268/894/279
s 73
f 214/852/288 213/931/308 409/920/289
s 72
f 265/922/291 70/777/633 340/923/292
s 70
f 96/721/293 271/860/295 273/924/294
f 271/860/295 272/909/272 274/910/274
s 69
f 257/925/296 251/926/298 75/767/297
f 258/908/271 252/907/270 251/926/298
s 68
f 261/927/299 255/928/301 73/771/300
f 262/906/268 256/905/267 255/928/301
s 67
f 265/922/302 259/929/304 71/775/303
f 266/904/265 260/903/264 259/929/304
s 66
f 269/880/305 263/930/307 69/779/306
f 270/866/262 264/902/261 263/930/307
s 73
f 213/931/308 90/734/634 320/914/309
s 42
f 92/730/159 91/732/160 317/911/310
s 74
f 264/933/311 402/976/311 434/934/312
s 41
f 121/797/182 122/801/182 369/936/314
s 75
f 276/912/315 408/1009/500 345/938/316
s 74
f 263/935/313 434/934/312 339/939/318
s 76
f 274/910/320 97/809/635 346/941/321
s 42
f 94/726/157 93/728/158 315/943/322
s 63
f 249/944/323 243/945/325 79/759/324
f 250/893/251 244/892/250 243/945/325
s 62
f 253/946/326 247/947/329 77/763/327
f 254/891/248 248/890/247 247/947/329
s 77
f 262/906/330 261/927/336 433/948/331
s 41
f 119/787/178 120/793/178 367/950/332
s 54
f 272/909/333 406/1011/333 375/869/334
s 77
f 261/927/336 72/773/636 338/952/337
s 61
f 241/953/338 235/954/340 83/751/339
f 242/885/242 236/884/241 235/954/340
s 60
f 245/955/341 239/956/343 81/755/342
f 246/883/239 240/882/238 239/956/343
s 55
f 270/866/221 405/868/221 347/957/344
s 42
f 96/721/154 95/724/156 313/863/345
s 78
f 260/903/346 400/984/346 432/958/347
s 41
f 117/846/200 118/850/200 365/959/349
s 58
f 88/738/351 229/962/353 225/961/352
f 229/962/353 230/876/230 226/877/232
s 57
f 86/742/354 233/964/356 227/963/355
f 233/964/356 234/874/227 228/875/229
s 56
f 84/746/357 237/966/359 231/965/358
f 237/966/359 238/871/224 232/873/226
s 64
f 268/894/252 99/822/360 348/967/360
s 78
f 259/929/348 432/958/347 337/969/361
s 72
f 266/904/281 403/916/283 349/970/363
s 79
f 258/908/365 257/925/370 431/971/366
s 41
f 115/838/197 116/842/197 363/973/368
s 74
f 264/933/311 101/835/637 350/975/369
s 79
f 257/925/370 74/769/638 336/977/371
s 77
f 262/906/330 401/949/330 351/978/372
s 80
f 256/905/374 398/1008/374 430/979/375
s 41
f 114/832/194 361/1045/377 362/980/377
s 53
f 92/730/378 223/982/380 221/981/379
f 223/982/380 224/858/211 222/859/213
s 78
f 260/903/346 103/840/639 352/983/381
s 80
f 255/928/376 430/979/375 335/985/382
s 51
f 94/726/384 217/886/386 219/857/385
f 217/886/386 218/854/205 220/855/207
s 50
f 90/734/387 213/931/389 215/900/388
f 213/931/389 214/852/202 216/853/204
s 81
f 381/986/390 374/898/391 373/897/391
s 82
f 378/987/393 372/918/394 371/917/394
s 83
f 383/989/396 370/937/397 369/936/397
s 84
f 384/990/399 368/951/400 367/950/400
s 85
f 386/992/402 366/960/403 365/959/403
s 86
f 388/994/405 364/974/406 363/973/406
s 87
f 362/980/407 361/1045/407 391/996/408
s 88
f 360/998/410 359/1046/410 393/999/411
s 89
f 358/1001/413 357/1047/413 395/1002/414
s 90
f 356/1004/416 355/1048/416 397/1005/417
s 91
f 354/1007/419 353/1049/419 399/972/420
s 92
f 352/983/422 351/978/640 401/949/423
s 93
f 350/975/425 349/970/425 403/916/426
s 94
f 348/967/428 347/957/428 405/868/429
s 95
f 407/942/430 346/941/431 345/938/431
s 96
f 380/1010/433 376/870/434 375/869/434
f 313/863/436 412/856/438 438/862/437
f 412/856/438 380/1010/433 406/1011/435
s 95
f 343/1012/439 439/1015/441 440/1013/440
f 439/1015/441 407/942/430 408/1009/432
s 94
f 436/895/442 437/867/442 342/881/443
f 404/968/429 405/868/429 437/867/442
s 93
f 434/934/444 435/915/446 340/923/445
f 402/976/427 403/916/426 435/915/446
s 92
f 432/958/447 433/948/449 338/952/448
f 400/984/424 401/949/423 433/948/449
s 91
f 430/979/450 431/971/452 336/977/451
f 398/1008/421 399/972/420 431/971/452
s 90
f 428/1016/453 429/1019/455 334/1017/454
f 396/1006/418 397/1005/417 429/1019/455
s 89
f 426/1020/456 427/1023/458 332/1021/457
f 394/1003/415 395/1002/414 427/1023/458
s 88
f 424/1024/459 425/1027/461 330/1025/460
f 392/1000/412 393/999/411 425/1027/461
s 87
f 422/1028/462 423/1031/464 328/1029/463
f 390/997/409 391/996/408 423/1031/464
s 86
f 325/1032/465 420/1035/466 421/1033/466
f 388/994/405 389/995/405 421/1033/466
s 85
f 323/864/467 418/1037/469 419/1036/468
f 418/1037/469 386/992/402 387/993/404
s 84
f 321/888/470 416/1039/472 417/1038/471
f 416/1039/472 384/990/399 385/991/401
s 83
f 319/913/473 415/1040/475 409/920/474
f 415/1040/475 383/989/396 377/921/398
s 82
f 317/911/476 410/899/478 414/1041/477
f 410/899/478 378/987/393 382/988/395
s 81
f 315/943/479 413/1042/481 411/878/480
f 413/1042/481 381/986/390 379/879/392
s 54
f 272/909/333 271/860/214 438/862/216
s 42
f 83/751/166 325/1032/482 326/1034/482
s 97
f 221/981/483 413/1042/490 315/943/484
s 76
f 273/924/486 439/1015/491 343/1012/487
s 97
f 222/859/489 381/986/543 413/1042/490
s 76
f 274/910/320 407/942/320 439/1015/491
s 42
f 81/755/167 327/1030/492 328/1029/492
s 98
f 223/982/493 92/730/641 318/932/494
s 75
f 275/919/496 65/784/642 344/1014/497
s 98
f 224/858/499 223/982/493 414/1041/495
s 75
f 276/912/315 275/919/496 440/1013/498
s 42
f 79/759/168 329/1026/501 330/1025/501
s 99
f 225/961/502 415/1040/506 319/913/503
f 226/877/505 383/989/505 415/1040/506
s 42
f 77/763/169 331/1022/507 332/1021/507
s 100
f 227/963/508 416/1039/512 321/888/509
f 228/875/511 384/990/556 416/1039/512
s 42
f 75/767/171 333/1018/513 334/1017/513
s 101
f 229/962/514 88/738/643 322/889/515
f 230/876/517 229/962/514 417/1038/516
s 42
f 73/771/173 335/985/518 336/977/518
s 102
f 231/1043/519 418/1037/523 323/864/520
f 232/1044/522 386/992/567 418/1037/523
s 73
f 214/852/288 377/921/290 369/936/524
s 42
f 71/775/175 337/969/526 338/952/526
s 103
f 233/964/527 86/742/644 324/865/528
s 65
f 216/853/256 123/805/645 372/918/530
s 103
f 234/874/532 233/964/527 419/1036/529
s 59
f 218/854/233 379/879/235 373/897/534
s 42
f 69/940/176 339/939/536 340/923/536
s 104
f 235/954/537 420/1035/537 325/1032/538
s 52
f 220/855/208 127/830/646 376/870/539
s 104
f 236/884/541 388/994/577 420/1035/537
s 97
f 222/859/489 125/818/647 374/898/542
s 42
f 68/782/177 67/781/177 341/901/544
s 105
f 237/966/545 84/746/546 326/1034/546
s 98
f 224/858/499 382/988/499 371/917/547
s 105
f 238/871/549 237/966/545 421/1033/545
s 99
f 226/877/505 121/797/648 370/937/550
s 42
f 65/784/155 66/722/155 343/1012/551
s 106
f 239/956/552 422/1028/560 327/1030/553
s 100
f 228/875/511 119/787/649 368/951/555
s 41
f 97/809/187 98/816/187 345/938/557
s 106
f 240/882/559 390/997/559 422/1028/560
s 101
f 230/876/517 385/991/517 367/950/561
s 107
f 241/953/563 82/753/650 328/1029/564
s 102
f 232/1044/522 117/846/651 366/960/566
s 41
f 100/828/190 347/957/568 348/967/568
s 107
f 242/885/569 241/953/563 423/1031/565
s 103
f 234/874/532 387/993/533 365/959/571
s 108
f 243/945/573 424/1024/580 329/1026/574
s 104
f 236/884/541 115/838/576 364/974/576
s 41
f 102/834/195 349/970/578 350/975/578
s 108
f 244/892/579 392/1000/579 424/1024/580
s 105
f 238/871/549 389/995/549 363/973/581
s 109
f 245/955/583 80/757/652 330/1025/584
s 106
f 240/882/559 113/826/653 362/980/586
s 41
f 104/844/199 351/978/587 352/983/587
s 109
f 246/883/588 245/955/583 425/1027/585
s 107
f 242/885/569 391/996/570 361/1045/589
s 110
f 247/947/591 426/1020/597 331/1022/592
s 108
f 244/892/579 111/807/654 360/998/594
s 41
f 106/791/180 353/1049/595 354/1007/595
s 110
f 248/890/596 394/1003/604 426/1020/597
s 109
f 246/883/588 393/999/588 359/1046/598
s 111
f 249/944/600 78/761/655 332/1021/601
s 110
f 248/890/596 109/799/656 358/1001/603
s 41
f 108/795/181 355/1048/605 356/1004/605
s 111
f 250/893/606 249/944/600 427/1023/602
f 250/893/606 395/1002/607 357/1047/608
s 112
f 251/926/610 428/1016/617 333/1018/611
f 252/907/613 107/790/657 356/1004/614
s 41
f 110/803/184 357/1047/616 358/1001/616
s 112
f 252/907/613 396/1006/615 428/1016/617
s 113
f 254/891/618 397/1005/626 355/1048/619
f 253/946/621 76/765/658 334/1017/622
s 80
f 256/905/374 105/849/659 354/1007/624
s 41
f 112/814/186 359/1046/625 360/998/625
s 113
f 254/891/618 253/946/621 429/1019/623
s 79
f 258/908/365 399/972/367 353/1049/627
