# Blender 5.2.2 LTS
# www.blender.org
mtllib LlantaDelanteraIzquierda.mtl
g LlantaDelanteraIzquierda.001_LlantaDelanteraIzquierda.001
v 0.882283 0.016134 1.524684
v 0.865000 -0.159353 1.524684
v 0.813812 -0.328096 1.524683
v 0.730689 -0.483611 1.524683
v 0.618822 -0.619920 1.524683
v 0.482512 -0.731786 1.524683
v 0.326997 -0.814910 1.524683
v 0.158255 -0.866098 1.524683
v -0.017232 -0.883383 1.524683
v -0.192719 -0.866098 1.524683
v -0.361464 -0.814910 1.524683
v -0.516976 -0.731786 1.524683
v -0.653286 -0.619920 1.524683
v -0.765153 -0.483611 1.524683
v -0.848278 -0.328096 1.524683
v -0.899466 -0.159353 1.524684
v -0.916749 0.016134 1.524684
v -0.899466 0.191620 1.524684
v -0.848278 0.360364 1.524684
v -0.765153 0.515878 1.524684
v -0.653286 0.652188 1.524684
v -0.516976 0.764054 1.524684
v -0.361464 0.847179 1.524684
v -0.192719 0.898366 1.524684
v -0.017232 0.915651 1.524684
v 0.158255 0.898366 1.524684
v 0.326997 0.847179 1.524684
v 0.482512 0.764055 1.524684
v 0.618822 0.652188 1.524684
v 0.730688 0.515878 1.524684
v 0.813812 0.360364 1.524684
v 0.865000 0.191620 1.524684
v 0.882283 0.016134 0.484684
v 0.865000 -0.159352 0.484684
v 0.813812 -0.328096 0.484684
v 0.730689 -0.483611 0.484684
v 0.618822 -0.619919 0.484684
v 0.482512 -0.731786 0.484684
v 0.326997 -0.814910 0.484684
v 0.158255 -0.866098 0.484684
v -0.017232 -0.883383 0.484684
v -0.192719 -0.866098 0.484684
v -0.361464 -0.814910 0.484684
v -0.516976 -0.731786 0.484684
v -0.653286 -0.619919 0.484684
v -0.765153 -0.483611 0.484684
v -0.848278 -0.328096 0.484684
v -0.899466 -0.159352 0.484684
v -0.916749 0.016135 0.484684
v -0.899466 0.191620 0.484684
v -0.848278 0.360364 0.484684
v -0.765153 0.515878 0.484684
v -0.653286 0.652188 0.484684
v -0.516976 0.764054 0.484684
v -0.361464 0.847179 0.484684
v -0.192719 0.898366 0.484684
v -0.017232 0.915649 0.484684
v 0.158255 0.898366 0.484684
v 0.326997 0.847179 0.484684
v 0.482512 0.764055 0.484684
v 0.618822 0.652188 0.484684
v 0.730689 0.515878 0.484684
v 0.813812 0.360364 0.484684
v 0.865000 0.191620 0.484684
v 0.987014 -0.185009 0.484684
v 1.006608 0.013927 0.484684
v 0.928987 -0.376299 0.484684
v 0.834756 -0.552595 0.484684
v 0.707942 -0.707118 0.484684
v 0.553419 -0.833931 0.484684
v 0.377124 -0.928163 0.484684
v 0.185833 -0.986189 0.484684
v -0.013103 -1.005784 0.484684
v -0.212038 -0.986189 0.484684
v -0.403327 -0.928163 0.484684
v -0.579622 -0.833931 0.484684
v -0.734146 -0.707118 0.484684
v -0.860960 -0.552593 0.484684
v -0.955192 -0.376299 0.484684
v -1.013218 -0.185009 0.484684
v -1.032812 0.013927 0.484684
v -1.013218 0.212862 0.484684
v -0.955192 0.404152 0.484684
v -0.860960 0.580447 0.484684
v -0.734147 0.734970 0.484684
v -0.579622 0.861784 0.484684
v -0.403327 0.956016 0.484684
v -0.212038 1.014043 0.484684
v -0.013103 1.033636 0.484684
v 0.185833 1.014043 0.484684
v 0.377124 0.956016 0.484684
v 0.553419 0.861784 0.484684
v 0.707941 0.734970 0.484684
v 0.834756 0.580447 0.484684
v 0.928987 0.404152 0.484684
v 0.987014 0.212862 0.484684
v 1.011320 0.016134 1.524684
v 0.991557 -0.184526 1.524684
v 0.933026 -0.377475 1.524683
v 0.837978 -0.555298 1.524683
v 0.710063 -0.711162 1.524683
v 0.554201 -0.839076 1.524683
v 0.376378 -0.934124 1.524683
v 0.183428 -0.992655 1.524683
v -0.017232 -1.012418 1.524683
v -0.217892 -0.992655 1.524683
v -0.410841 -0.934125 1.524683
v -0.588665 -0.839076 1.524683
v -0.744527 -0.711163 1.524683
v -0.872441 -0.555298 1.524683
v -0.967491 -0.377475 1.524683
v -1.026021 -0.184526 1.524684
v -1.045784 0.016134 1.524684
v -1.026021 0.216795 1.524684
v -0.967491 0.409744 1.524684
v -0.872441 0.587567 1.524684
v -0.744527 0.743429 1.524684
v -0.588665 0.871344 1.524684
v -0.410841 0.966392 1.524684
v -0.217892 1.024923 1.524684
v -0.017232 1.044686 1.524684
v 0.183428 1.024923 1.524684
v 0.376378 0.966392 1.524684
v 0.554201 0.871344 1.524684
v 0.710063 0.743429 1.524684
v 0.837976 0.587567 1.524684
v 0.933026 0.409744 1.524684
v 0.991557 0.216795 1.524684
v -0.017232 0.112607 1.464681
v -0.065468 0.099681 1.464681
v -0.100780 0.064370 1.464681
v -0.113705 0.016134 1.464681
v -0.100780 -0.032103 1.464681
v -0.065468 -0.067413 1.464681
v -0.017232 -0.080338 1.464681
v 0.031003 -0.067413 1.464681
v 0.066314 -0.032103 1.464681
v 0.079240 0.016134 1.464681
v 0.066314 0.064370 1.464681
v 0.031003 0.099681 1.464681
v -0.017232 0.216134 1.341348
v -0.017232 0.216134 1.188015
v -0.117233 0.189338 1.188016
v -0.117233 0.189338 1.341348
v -0.190438 0.116134 1.188016
v -0.190438 0.116134 1.341348
v -0.217232 0.016134 1.188016
v -0.217232 0.016134 1.341348
v -0.190438 -0.083867 1.188016
v -0.190438 -0.083867 1.341348
v -0.117233 -0.157072 1.188016
v -0.117233 -0.157072 1.341348
v -0.017232 -0.183866 1.188015
v -0.017232 -0.183866 1.341348
v 0.082767 -0.157072 1.188016
v 0.082767 -0.157072 1.341348
v 0.155972 -0.083867 1.188016
v 0.155972 -0.083867 1.341348
v 0.182768 0.016134 1.188016
v 0.182768 0.016134 1.341348
v 0.155972 0.116134 1.188016
v 0.155972 0.116134 1.341348
v 0.082767 0.189338 1.188016
v 0.082767 0.189338 1.341348
v -0.198407 0.892282 0.841349
v -0.198407 0.892282 0.588014
v -0.298405 0.865486 0.588014
v -0.298405 0.865486 0.841349
v -0.866586 0.297307 0.588014
v -0.866586 0.297307 0.841348
v -0.893381 0.197308 0.588014
v -0.893381 0.197308 0.841348
v -0.685412 -0.578841 0.588016
v -0.685412 -0.578841 0.841348
v -0.612207 -0.652046 0.588016
v -0.612207 -0.652046 0.841348
v 0.163941 -0.860014 0.588016
v 0.163941 -0.860014 0.841348
v 0.263941 -0.833219 0.588016
v 0.263941 -0.833220 0.841348
v 0.832121 -0.265039 0.588014
v 0.832121 -0.265039 0.841348
v 0.858916 -0.165039 0.588014
v 0.858916 -0.165039 0.841348
v 0.650948 0.611109 0.588014
v 0.650948 0.611109 0.841349
v 0.577743 0.684314 0.588014
v 0.577743 0.684314 0.841349
v -0.017232 0.216134 1.464681
v -0.117233 0.189338 1.464681
v -0.190438 0.116134 1.464681
v -0.217232 0.016134 1.464681
v -0.190438 -0.083867 1.464681
v -0.117233 -0.157072 1.464681
v -0.017232 -0.183866 1.464681
v 0.082767 -0.157072 1.464681
v 0.155972 -0.083867 1.464681
v 0.182768 0.016134 1.464681
v 0.155972 0.116134 1.464681
v 0.082767 0.189338 1.464681
v -0.017232 0.112607 1.364682
v -0.065468 0.099681 1.364682
v -0.100780 0.064370 1.364682
v -0.113705 0.016134 1.364682
v -0.100780 -0.032103 1.364682
v -0.065468 -0.067413 1.364682
v -0.017232 -0.080338 1.364682
v 0.031003 -0.067413 1.364682
v 0.066314 -0.032103 1.364682
v 0.079240 0.016134 1.364682
v 0.066314 0.064370 1.364682
v 0.031003 0.099681 1.364682
v 0.205052 1.117933 0.814017
v 0.204169 1.121923 1.195351
v 0.416080 1.053919 0.814017
v 0.415806 1.057723 1.195351
v 0.920928 0.639599 0.814017
v 0.922110 0.642210 1.195351
v 1.024883 0.445115 0.814017
v 1.026364 0.447165 1.195350
v 0.781031 0.810066 0.814017
v 0.781809 0.813168 1.195351
v 0.610563 0.949965 0.814017
v 0.610851 0.953470 1.195351
v -0.014410 1.139548 0.814017
v -0.015924 1.143600 1.195351
v -0.444901 1.053919 0.814017
v -0.447656 1.057723 1.195351
v -0.233871 1.117933 0.814017
v -0.236019 1.121923 1.195351
v -0.809852 0.810066 0.814018
v -0.813658 0.813168 1.195351
v -0.639383 0.949965 0.814017
v -0.642699 0.953470 1.195351
v -1.053703 0.445115 0.814018
v -1.058213 0.447165 1.195350
v -0.949749 0.639599 0.814017
v -0.953959 0.642210 1.195351
v -1.139332 0.014626 0.814017
v -1.144089 0.015435 1.195350
v -1.117718 0.234087 0.814017
v -1.122413 0.235529 1.195350
v -1.053703 -0.415864 0.814018
v -1.058212 -0.416296 1.195350
v -1.117718 -0.204836 0.814017
v -1.122413 -0.204659 1.195350
v -0.809852 -0.780814 0.814017
v -0.813656 -0.782299 1.195350
v -0.949749 -0.610348 0.814017
v -0.953959 -0.611340 1.195350
v -0.444901 -1.024667 0.814017
v -0.447656 -1.026854 1.195350
v -0.639383 -0.920713 0.814017
v -0.642699 -0.922600 1.195350
v -0.014410 -1.110297 0.814017
v -0.015924 -1.112730 1.195350
v -0.233871 -1.088682 0.814017
v -0.236019 -1.091053 1.195350
v 0.416080 -1.024667 0.814017
v 0.415806 -1.026854 1.195350
v 0.205052 -1.088682 0.814017
v 0.204169 -1.091053 1.195350
v 0.781031 -0.780814 0.814017
v 0.781809 -0.782299 1.195350
v 0.610563 -0.920713 0.814017
v 0.610851 -0.922600 1.195350
v 1.024883 -0.415863 0.814017
v 1.026364 -0.416296 1.195350
v 0.920928 -0.610348 0.814017
v 0.922111 -0.611341 1.195350
v 1.088897 0.234087 0.814017
v 1.090563 0.235529 1.195350
v 1.110512 0.014626 0.814017
v 1.112241 0.015435 1.195350
v 1.088897 -0.204836 0.814017
v 1.090563 -0.204659 1.195350
v -0.017232 0.216134 0.750238
v -0.017232 0.216134 0.652459
v -0.117233 0.189338 0.652459
v -0.117233 0.189338 0.750238
v -0.190438 0.116134 0.652459
v -0.190438 0.116134 0.750238
v -0.217232 0.016134 0.652459
v -0.217232 0.016134 0.750238
v -0.190438 -0.083867 0.652459
v -0.190438 -0.083867 0.750238
v -0.117233 -0.157072 0.652459
v -0.117233 -0.157072 0.750238
v -0.017232 -0.183866 0.652459
v -0.017232 -0.183866 0.750237
v 0.082767 -0.157072 0.652459
v 0.082767 -0.157072 0.750238
v 0.155972 -0.083867 0.652459
v 0.155972 -0.083867 0.750238
v 0.182768 0.016134 0.652459
v 0.182768 0.016134 0.750238
v 0.155972 0.116134 0.652459
v 0.155972 0.116134 0.750238
v 0.082767 0.189338 0.652459
v 0.082767 0.189338 0.750238
v -0.612207 0.684314 0.652459
v -0.612207 0.684314 0.750238
v -0.685412 0.611109 0.652459
v -0.685412 0.611109 0.750238
v -0.298406 -0.833219 0.652459
v -0.298406 -0.833220 0.750237
v -0.198407 -0.860014 0.652459
v -0.198407 -0.860014 0.750237
v 0.858916 0.197308 0.652459
v 0.858916 0.197308 0.750238
v 0.832121 0.297307 0.652459
v 0.832121 0.297307 0.750238
v 0.971473 0.421663 0.489883
v 1.032112 0.221764 0.489883
v 0.740481 0.767368 0.489884
v 0.873002 0.605890 0.489884
v 0.394777 0.998359 0.489884
v 0.579004 0.899888 0.489884
v -0.013010 1.079473 0.489884
v 0.194879 1.058997 0.489884
v -0.420795 0.998359 0.489884
v -0.220897 1.058997 0.489884
v -0.766500 0.767366 0.489884
v -0.605023 0.899888 0.489884
v -0.997491 0.421663 0.489883
v -0.899021 0.605890 0.489884
v -1.078607 0.013876 0.489883
v -1.058130 0.221764 0.489883
v -0.997491 -0.393909 0.489883
v -1.058130 -0.194010 0.489883
v -0.766500 -0.739613 0.489883
v -0.899021 -0.578136 0.489883
v -0.420795 -0.970605 0.489883
v -0.605022 -0.872134 0.489883
v -0.013010 -1.051719 0.489883
v -0.220897 -1.031244 0.489883
v 0.394777 -0.970605 0.489883
v 0.194879 -1.031244 0.489883
v 0.740481 -0.739613 0.489883
v 0.579004 -0.872134 0.489883
v 0.971473 -0.393909 0.489883
v 0.873002 -0.578136 0.489883
v 1.052587 0.013876 0.489883
v 1.032112 -0.194010 0.489883
v 1.036858 -0.193506 1.519484
v 1.057511 0.016183 1.519484
v 0.876368 -0.580964 1.519484
v 0.975693 -0.395138 1.519484
v 0.579822 -0.877510 1.519484
v 0.742699 -0.743840 1.519484
v 0.192364 -1.038000 1.519484
v 0.393996 -0.976835 1.519484
v -0.227015 -1.038000 1.519484
v -0.017325 -1.058652 1.519484
v -0.614472 -0.877511 1.519484
v -0.428648 -0.976835 1.519484
v -0.911019 -0.580964 1.519485
v -0.777350 -0.743840 1.519484
v -1.071508 -0.193506 1.519484
v -1.010345 -0.395138 1.519485
v -1.071508 0.225874 1.519484
v -1.092162 0.016183 1.519485
v -0.911018 0.613331 1.519484
v -1.010345 0.427506 1.519485
v -0.614472 0.909877 1.519484
v -0.777350 0.776207 1.519485
v -0.227015 1.070367 1.519484
v -0.428648 1.009203 1.519484
v 0.192364 1.070367 1.519484
v -0.017325 1.091019 1.519484
v 0.579822 0.909878 1.519484
v 0.393996 1.009203 1.519485
v 0.876368 0.613331 1.519484
v 0.742699 0.776207 1.519484
v 1.036858 0.225874 1.519484
v 0.975693 0.427506 1.519484
v 0.226104 1.232611 1.193445
v 0.458903 1.161992 1.193445
v 1.015838 0.704927 1.193444
v 1.130517 0.490379 1.193444
v 0.861506 0.892982 1.193445
v 0.673452 1.047314 1.193444
v -0.016001 1.256457 1.193444
v -0.490901 1.161992 1.193445
v -0.258103 1.232611 1.193445
v -0.893507 0.892982 1.193445
v -0.705453 1.047313 1.193444
v -1.162519 0.490379 1.193445
v -1.047838 0.704927 1.193444
v -1.256979 0.015476 1.193445
v -1.233137 0.257578 1.193445
v -1.162518 -0.459427 1.193445
v -1.233137 -0.226628 1.193445
v -0.893507 -0.862030 1.193444
v -1.047838 -0.673976 1.193444
v -0.490901 -1.131042 1.193444
v -0.705451 -1.016362 1.193444
v -0.016001 -1.225506 1.193443
v -0.258103 -1.201660 1.193443
v 0.458903 -1.131042 1.193444
v 0.226104 -1.201660 1.193443
v 0.861506 -0.862030 1.193444
v 0.673452 -1.016362 1.193444
v 1.130517 -0.459427 1.193444
v 1.015838 -0.673976 1.193444
v 1.201136 0.257578 1.193444
v 1.224981 0.015476 1.193444
v 1.201136 -0.226628 1.193444
v 0.227074 1.228223 0.815924
v 0.459203 1.157806 0.815924
v 1.014538 0.702056 0.815924
v 1.128888 0.488123 0.815924
v 0.860650 0.889570 0.815924
v 0.673136 1.043458 0.815924
v -0.014334 1.252000 0.815924
v -0.487874 1.157806 0.815924
v -0.255743 1.228223 0.815924
v -0.889318 0.889570 0.815924
v -0.701806 1.043458 0.815924
v -1.157557 0.488123 0.815924
v -1.043208 0.702056 0.815924
v -1.251750 0.014585 0.815923
v -1.227973 0.255992 0.815924
v -1.157557 -0.458953 0.815923
v -1.227973 -0.226822 0.815923
v -0.889318 -0.860399 0.815923
v -1.043208 -0.672885 0.815923
v -0.487873 -1.128638 0.815923
v -0.701806 -1.014287 0.815923
v -0.014334 -1.222830 0.815923
v -0.255743 -1.199053 0.815923
v 0.459203 -1.128638 0.815923
v 0.227074 -1.199053 0.815923
v 0.860650 -0.860399 0.815923
v 0.673136 -1.014287 0.815923
v 1.128888 -0.458953 0.815923
v 1.014538 -0.672885 0.815923
v 1.199304 0.255992 0.815924
v 1.223081 0.014585 0.815923
v 1.199304 -0.226822 0.815923
v -0.147755 0.703253 1.160699
v -0.120525 0.601629 1.299268
v -0.095112 0.506787 1.383429
v -0.056451 0.362501 1.406290
v -0.220526 0.574835 1.299268
v -0.247756 0.676457 1.160699
v -0.156452 0.335707 1.406291
v -0.195113 0.479991 1.383429
v -0.363602 0.055352 1.406291
v -0.507885 0.094014 1.383429
v -0.602727 0.119427 1.299268
v -0.704351 0.146657 1.160699
v -0.481091 0.194014 1.383429
v -0.336805 0.155353 1.406291
v -0.677557 0.246656 1.160699
v -0.575933 0.219427 1.299268
v 0.189917 0.296487 1.406291
v 0.295540 0.402112 1.383429
v 0.364969 0.471541 1.299268
v 0.439363 0.545934 1.160699
v 0.368746 0.328907 1.383429
v 0.263122 0.223282 1.406291
v 0.512568 0.472729 1.160699
v 0.438174 0.398336 1.299268
v 0.446625 -0.161746 1.383429
v 0.302340 -0.123085 1.406291
v 0.643091 -0.214389 1.160699
v 0.541468 -0.187159 1.299268
v 0.568263 -0.087160 1.299268
v 0.669887 -0.114389 1.160699
v 0.329134 -0.023086 1.406291
v 0.473421 -0.061747 1.383429
v 0.121987 -0.303439 1.406291
v 0.160648 -0.447724 1.383429
v 0.186061 -0.542566 1.299268
v 0.213290 -0.644190 1.160699
v 0.060647 -0.474519 1.383429
v 0.021986 -0.330234 1.406291
v 0.113291 -0.670985 1.160699
v 0.086061 -0.569361 1.299268
v -0.403212 -0.296638 1.383429
v -0.297586 -0.191014 1.406291
v -0.547033 -0.440463 1.160699
v -0.472641 -0.366068 1.299268
v -0.399436 -0.439273 1.299268
v -0.473828 -0.513668 1.160699
v -0.224381 -0.264219 1.406291
v -0.330005 -0.369844 1.383429
v -0.017232 0.216134 0.132015
v -0.117233 0.189338 0.132015
v -0.190438 0.116134 0.132015
v -0.217232 0.016134 0.132015
v -0.190438 -0.083867 0.132015
v -0.117233 -0.157072 0.132016
v -0.017232 -0.183866 0.132016
v 0.082767 -0.157072 0.132016
v 0.155972 -0.083867 0.132015
v 0.182768 0.016134 0.132015
v 0.155972 0.116134 0.132015
v 0.082767 0.189338 0.132015
v -0.147233 0.241301 -0.149564
v -0.017232 0.276134 -0.149564
v -0.017232 0.276134 0.131969
v -0.242400 0.146133 -0.149564
v -0.277233 0.016134 -0.149565
v -0.242400 -0.113866 -0.149565
v -0.147233 -0.209032 -0.149565
v -0.017232 -0.243866 -0.149565
v 0.112767 -0.209032 -0.149565
v 0.207934 -0.113866 -0.149565
v 0.242768 0.016134 -0.149565
v 0.207934 0.146133 -0.149564
v 0.112767 0.241301 -0.149564
v -0.147233 0.241301 0.131969
v -0.242400 0.146133 0.131969
v -0.277233 0.016134 0.131969
v -0.242400 -0.113866 0.131969
v -0.147233 -0.209032 0.131970
v -0.017232 -0.243866 0.131970
v 0.112767 -0.209032 0.131970
v 0.207934 -0.113866 0.131969
v 0.242768 0.016134 0.131969
v 0.207934 0.146133 0.131969
v 0.112767 0.241301 0.131969
v -0.386152 0.906785 1.524684
v -0.205307 0.961644 1.524684
v -0.205307 -0.929377 1.524683
v -0.386152 -0.874517 1.524683
v -0.017232 0.980167 1.524684
v -0.552822 -0.785431 1.524683
v 0.170841 0.961644 1.524684
v -0.698905 -0.665542 1.524683
v 0.351688 0.906785 1.524684
v -0.818798 -0.519454 1.524683
v 0.518357 0.817699 1.524684
v -0.907885 -0.352786 1.524683
v 0.946802 0.016134 1.524684
v 0.928277 -0.171939 1.524684
v 0.664443 0.697809 1.524684
v -0.962742 -0.171939 1.524684
v 0.873419 -0.352786 1.524683
v 0.784332 0.551723 1.524684
v -0.981266 0.016134 1.524684
v 0.784332 -0.519454 1.524683
v 0.873419 0.385053 1.524684
v -0.962742 0.204207 1.524684
v 0.664443 -0.665542 1.524683
v 0.928277 0.204207 1.524684
v -0.907885 0.385053 1.524684
v 0.518357 -0.785431 1.524683
v -0.818798 0.551723 1.524684
v 0.351688 -0.874517 1.524683
v -0.698905 0.697809 1.524684
v 0.170841 -0.929377 1.524683
v -0.552822 0.817699 1.524684
v -0.017232 -0.947900 1.524683
v 0.926007 -0.172181 0.484684
v 0.871400 -0.352198 0.484684
v 0.782722 -0.518103 0.484684
v 0.663382 -0.663518 0.484684
v 0.517965 -0.782858 0.484684
v 0.352061 -0.871536 0.484684
v 0.172044 -0.926144 0.484684
v -0.015169 -0.944582 0.484684
v -0.202380 -0.926144 0.484684
v -0.382394 -0.871536 0.484684
v -0.548299 -0.782858 0.484684
v -0.693717 -0.663518 0.484684
v -0.813056 -0.518103 0.484684
v -0.901734 -0.352198 0.484684
v -0.956342 -0.172181 0.484684
v -0.974781 0.015030 0.484684
v -0.956342 0.202241 0.484684
v -0.901734 0.382258 0.484684
v -0.813056 0.548163 0.484684
v -0.693717 0.693579 0.484684
v -0.548299 0.812918 0.484684
v -0.382396 0.901597 0.484684
v -0.202380 0.956204 0.484684
v -0.015169 0.974643 0.484684
v 0.172044 0.956204 0.484684
v 0.352061 0.901597 0.484684
v 0.517965 0.812920 0.484684
v 0.663382 0.693579 0.484684
v 0.782722 0.548163 0.484684
v 0.871400 0.382258 0.484684
v 0.926007 0.202241 0.484684
v 0.944446 0.015030 0.484684
v -0.047235 0.328100 1.237694
v -0.102727 0.535204 1.204879
v -0.112912 0.573211 1.171151
v -0.151996 0.719080 0.972254
v -0.202728 0.508409 1.204879
v -0.147234 0.301306 1.237694
v -0.251997 0.692286 0.972254
v -0.212911 0.546417 1.171151
v -0.720181 0.150898 0.972254
v -0.574310 0.111813 1.171151
v -0.536304 0.101629 1.204879
v -0.329198 0.046135 1.237694
v -0.302404 0.146134 1.237694
v -0.509508 0.201628 1.204879
v -0.547515 0.211813 1.171151
v -0.693385 0.250897 0.972254
v 0.450950 0.557522 0.972254
v 0.344166 0.450738 1.171151
v 0.316343 0.422915 1.204879
v 0.164732 0.271304 1.237694
v 0.417371 0.377533 1.171151
v 0.524155 0.484317 0.972254
v 0.237937 0.198099 1.237694
v 0.389548 0.349709 1.204879
v 0.501837 -0.069360 1.204879
v 0.294734 -0.013867 1.237694
v 0.685713 -0.118630 0.972254
v 0.539845 -0.079545 1.171150
v 0.513051 -0.179545 1.171150
v 0.658919 -0.218631 0.972254
v 0.267939 -0.113867 1.237694
v 0.475043 -0.169361 1.204879
v 0.217531 -0.660017 0.972254
v 0.178447 -0.514150 1.171151
v 0.168262 -0.476141 1.204880
v 0.112769 -0.269037 1.237694
v 0.078447 -0.540945 1.171151
v 0.117532 -0.686812 0.972254
v 0.012767 -0.295833 1.237694
v 0.068263 -0.502936 1.204880
v -0.272403 -0.165832 1.237694
v -0.424014 -0.317441 1.204879
v -0.451838 -0.345265 1.171150
v -0.558620 -0.452048 0.972254
v -0.350809 -0.390646 1.204880
v -0.199197 -0.239037 1.237694
v -0.485415 -0.525253 0.972254
v -0.378633 -0.418470 1.171151
vn -0.0000 -1.0000 -0.0000
vn 0.1951 -0.9808 -0.0000
vn -0.1951 -0.9808 -0.0000
vn 0.3827 -0.9239 -0.0000
vn -0.3827 -0.9239 -0.0000
vn -0.5556 -0.8315 -0.0000
vn 0.5556 -0.8315 -0.0000
vn -0.7071 -0.7071 -0.0000
vn 0.7071 -0.7071 -0.0000
vn 0.8315 -0.5556 -0.0000
vn -0.8315 -0.5556 -0.0000
vn -0.9239 -0.3827 -0.0000
vn 0.9239 -0.3827 -0.0000
vn 0.9808 -0.1951 -0.0000
vn -0.9808 -0.1951 -0.0000
vn 1.0000 -0.0000 -0.0000
vn -1.0000 -0.0000 -0.0000
vn -0.9808 0.1951 -0.0000
vn 0.9808 0.1951 -0.0000
vn -0.9239 0.3827 -0.0000
vn 0.9239 0.3827 -0.0000
vn 0.8315 0.5556 -0.0000
vn -0.8315 0.5556 -0.0000
vn 0.7071 0.7071 -0.0000
vn -0.7071 0.7071 -0.0000
vn -0.5556 0.8315 -0.0000
vn 0.5556 0.8315 -0.0000
vn -0.3827 0.9239 -0.0000
vn 0.3827 0.9239 -0.0000
vn -0.1951 0.9808 -0.0000
vn 0.1951 0.9808 -0.0000
vn -0.0000 1.0000 -0.0000
vn -0.0007 -0.0004 1.0000
vn -0.0008 -0.0000 1.0000
vn 0.0007 0.0004 1.0000
vn 0.0004 0.0007 1.0000
vn -0.0004 0.0007 1.0000
vn -0.0000 0.0008 1.0000
vn 0.0004 -0.0007 1.0000
vn 0.0007 -0.0004 1.0000
vn -0.0004 -0.0007 1.0000
vn -0.0007 0.0004 1.0000
vn 0.0008 -0.0000 1.0000
vn -0.0000 -0.0008 1.0000
vn 0.4210 0.9071 -0.0000
vn 0.0890 0.9960 -0.0000
vn 0.9960 0.0890 -0.0000
vn 0.9071 0.4210 -0.0000
vn 0.5751 -0.8181 -0.0000
vn 0.8181 -0.5751 -0.0000
vn 0.3805 -0.1020 -0.9191
vn 0.1219 -0.0327 -0.9920
vn -0.4210 -0.9071 -0.0000
vn -0.0890 -0.9960 -0.0000
vn -0.9960 -0.0890 -0.0000
vn -0.9071 -0.4210 -0.0000
vn -0.5751 0.8181 -0.0000
vn -0.8181 0.5751 -0.0000
vn 0.6806 0.6806 0.2714
vn 0.9659 -0.2588 -0.0000
vn 0.9297 -0.2491 0.2714
vn 0.2588 -0.9659 -0.0000
vn 0.2491 -0.9297 0.2714
vn -0.6806 -0.6806 0.2714
vn -0.9659 0.2588 -0.0000
vn -0.9297 0.2491 0.2714
vn -0.2491 0.9297 0.2714
vn -0.2588 0.9659 -0.0000
vn -0.5838 -0.5838 0.5643
vn 0.7974 -0.2137 0.5643
vn 0.2785 0.2785 -0.9191
vn 0.0892 0.0892 -0.9920
vn 0.2588 0.9659 -0.0000
vn 0.1020 -0.3805 -0.9191
vn 0.0327 -0.1219 -0.9920
vn -0.3805 0.1020 -0.9191
vn -0.1219 0.0327 -0.9920
vn 0.2785 0.2785 0.9191
vn 0.0892 0.0892 0.9920
vn -0.3805 0.1020 0.9191
vn -0.1219 0.0327 0.9920
vn 0.9659 0.2588 -0.0000
vn 0.8270 -0.2216 -0.5167
vn 0.8753 -0.2345 -0.4229
vn 0.2216 -0.8270 -0.5167
vn 0.2345 -0.8753 -0.4229
vn 0.1020 -0.3805 0.9191
vn 0.0327 -0.1219 0.9920
vn -0.1080 0.4029 0.9089
vn -0.1883 0.7029 0.6859
vn -0.2588 -0.9659 -0.0000
vn -0.6054 -0.6054 -0.5167
vn -0.6408 -0.6408 -0.4229
vn 0.4029 -0.1080 -0.9089
vn 0.7029 -0.1884 -0.6859
vn -0.7974 0.2137 0.5643
vn 0.3805 -0.1020 0.9191
vn 0.1219 -0.0327 0.9920
vn -0.4029 0.1079 0.9089
vn -0.7029 0.1883 0.6859
vn -0.2949 -0.2949 -0.9089
vn -0.5146 -0.5146 -0.6859
vn 0.5838 0.5838 0.5643
vn -0.2785 -0.2785 0.9191
vn -0.0892 -0.0892 0.9920
vn 0.2949 0.2949 0.9089
vn 0.5146 0.5146 0.6859
vn -0.4029 0.1080 -0.9089
vn -0.7029 0.1884 -0.6859
vn 0.4029 -0.1080 0.9089
vn 0.7029 -0.1884 0.6859
vn -0.8270 0.2216 -0.5167
vn -0.8753 0.2345 -0.4229
vn -0.2216 0.8270 -0.5167
vn -0.2345 0.8753 -0.4229
vn -0.9659 -0.2588 -0.0000
vn -0.1080 0.4029 -0.9089
vn -0.1884 0.7029 -0.6859
vn 0.2137 -0.7974 0.5643
vn -0.1020 0.3805 0.9191
vn -0.0327 0.1219 0.9920
vn 0.1080 -0.4029 0.9089
vn 0.1884 -0.7029 0.6859
vn -0.2949 -0.2949 0.9089
vn -0.5146 -0.5146 0.6859
vn 0.6054 0.6054 -0.5167
vn 0.6408 0.6408 -0.4229
vn -0.2785 -0.2785 -0.9191
vn -0.0892 -0.0892 -0.9920
vn 0.2949 0.2949 -0.9089
vn 0.5146 0.5146 -0.6859
vn 0.5000 0.8660 -0.0000
vn 0.8181 0.5751 -0.0000
vn 0.9960 -0.0890 -0.0000
vn 0.8660 -0.5000 -0.0000
vn 0.5000 -0.8660 -0.0000
vn 0.0890 -0.9960 -0.0000
vn -0.5751 -0.8181 -0.0000
vn -0.0000 -0.0000 -1.0000
vn -0.8660 -0.5000 -0.0000
vn -0.9071 0.4210 -0.0000
vn -0.4210 0.9071 -0.0000
vn -0.0000 -0.0000 1.0000
vn -0.2137 0.7974 0.5643
vn 0.8660 0.5000 -0.0000
vn -0.5000 -0.8660 -0.0000
vn -0.8660 0.5000 -0.0000
vn -0.5000 0.8660 -0.0000
vn 0.1883 -0.7029 -0.6859
vn -0.7029 0.1883 -0.6859
vn -0.1020 0.3805 -0.9191
vn -0.0327 0.1219 -0.9920
vn 0.1080 -0.4029 -0.9089
vn 0.0392 0.0119 -0.9992
vn 0.0407 -0.0040 -0.9992
vn 0.0391 0.0119 -0.9992
vn 0.0317 0.0260 -0.9992
vn 0.0316 0.0259 -0.9992
vn 0.0193 0.0362 -0.9992
vn 0.0193 0.0361 -0.9992
vn 0.0040 0.0408 -0.9992
vn -0.0119 0.0393 -0.9992
vn -0.0261 0.0318 -0.9992
vn -0.0260 0.0317 -0.9992
vn -0.0362 0.0194 -0.9992
vn -0.0408 0.0040 -0.9992
vn -0.0409 0.0040 -0.9992
vn -0.0392 -0.0119 -0.9992
vn -0.0393 -0.0119 -0.9992
vn -0.0317 -0.0260 -0.9992
vn -0.0193 -0.0361 -0.9992
vn -0.0193 -0.0362 -0.9992
vn -0.0040 -0.0407 -0.9992
vn -0.0040 -0.0408 -0.9992
vn 0.0119 -0.0391 -0.9992
vn 0.0119 -0.0392 -0.9992
vn 0.0259 -0.0316 -0.9992
vn 0.0360 -0.0193 -0.9992
vn -0.0118 0.0388 0.9992
vn -0.0191 -0.0358 0.9992
vn -0.0040 -0.0405 0.9992
vn -0.0192 -0.0359 0.9992
vn 0.0040 0.0404 0.9992
vn -0.0313 -0.0257 0.9992
vn -0.0314 -0.0258 0.9992
vn 0.0192 0.0359 0.9992
vn -0.0388 -0.0118 0.9992
vn 0.0405 -0.0040 0.9992
vn 0.0191 0.0358 0.9992
vn 0.0315 0.0258 0.9992
vn 0.0359 -0.0192 0.9992
vn 0.0314 0.0258 0.9992
vn -0.0403 0.0040 0.9992
vn 0.0390 0.0118 0.9992
vn -0.0404 0.0040 0.9992
vn 0.0258 -0.0315 0.9992
vn 0.0389 0.0118 0.9992
vn -0.0357 0.0191 0.9992
vn 0.0118 -0.0389 0.9992
vn 0.0118 -0.0390 0.9992
vn -0.0257 0.0313 0.9992
vn -0.0040 -0.0404 0.9992
vn 0.2874 0.9476 0.1397
vn 0.2780 0.9165 0.2875
vn 0.2875 0.9477 0.1389
vn 0.8729 0.4666 0.1429
vn 0.8439 0.4511 0.2904
vn 0.8730 0.4666 0.1422
vn -0.3832 0.9236 -0.0039
vn -0.3822 0.9241 -0.0037
vn -0.3820 0.9241 -0.0037
vn 0.6280 0.7652 0.1414
vn 0.6073 0.7400 0.2890
vn 0.6281 0.7653 0.1406
vn 0.1945 -0.9809 0.0031
vn 0.1934 -0.9811 0.0034
vn 0.1947 -0.9809 0.0030
vn -0.3808 0.9246 -0.0042
vn -0.3806 0.9247 -0.0042
vn -0.0719 0.0876 -0.9936
vn -0.5556 -0.8314 -0.0005
vn -0.5555 -0.8315 -0.0005
vn 0.1075 0.0326 0.9937
vn -0.7658 0.6285 0.1360
vn -0.7411 0.6082 0.2844
vn -0.7658 0.6285 0.1359
vn -0.4670 0.8736 0.1368
vn -0.4519 0.8454 0.2849
vn -0.4670 0.8737 0.1364
vn -0.0971 0.9856 0.1381
vn -0.0939 0.9536 0.2860
vn -0.0971 0.9857 0.1374
vn 0.5561 -0.8311 0.0044
vn 0.5551 -0.8318 0.0042
vn 0.5562 -0.8311 0.0044
vn -0.5553 -0.8316 -0.0005
vn -0.9539 -0.0940 0.2849
vn -0.9858 -0.0971 0.1368
vn -0.9859 -0.0971 0.1364
vn -0.9174 0.2783 0.2844
vn -0.9480 0.2876 0.1360
vn -0.9481 0.2876 0.1359
vn 0.5549 -0.8319 0.0043
vn 0.5536 -0.8327 0.0047
vn -0.0329 0.1084 -0.9936
vn -0.6076 -0.7404 0.2875
vn -0.6282 -0.7654 0.1397
vn -0.6282 -0.7655 0.1389
vn -0.8451 -0.4517 0.2860
vn -0.8735 -0.4669 0.1381
vn -0.8736 -0.4669 0.1374
vn 0.3826 0.9239 -0.0005
vn 0.3827 0.9239 -0.0005
vn 0.3828 0.9238 -0.0005
vn 0.0868 0.0712 0.9937
vn -0.9242 0.3820 -0.0050
vn -0.9236 0.3833 -0.0048
vn -0.9235 0.3835 -0.0048
vn 0.3829 0.9238 -0.0005
vn 0.7393 -0.6067 0.2921
vn 0.7649 -0.6277 0.1444
vn 0.7649 -0.6278 0.1443
vn 0.4509 -0.8436 0.2915
vn 0.4665 -0.8727 0.1439
vn 0.4665 -0.8728 0.1435
vn 0.0938 -0.9523 0.2904
vn 0.0970 -0.9850 0.1429
vn 0.0970 -0.9851 0.1422
vn -0.2779 -0.9161 0.2890
vn -0.2874 -0.9473 0.1414
vn -0.2874 -0.9474 0.1406
vn 0.9848 0.0970 0.1439
vn 0.9520 0.0938 0.2915
vn 0.9849 0.0970 0.1435
vn -0.9229 0.3851 -0.0054
vn -0.9227 0.3854 -0.0054
vn 0.9469 -0.2872 0.1444
vn 0.9152 -0.2776 0.2921
vn 0.9469 -0.2872 0.1443
vn 0.0111 0.1127 -0.9936
vn -0.8317 -0.5553 -0.0024
vn -0.8313 -0.5558 -0.0023
vn -0.8317 -0.5552 -0.0024
vn 0.0529 0.0989 0.9937
vn 0.9131 -0.2770 -0.2992
vn 0.9458 -0.2869 -0.1519
vn 0.9459 -0.2869 -0.1518
vn 0.9809 -0.1944 0.0048
vn 0.9807 -0.1957 0.0046
vn 0.9809 -0.1943 0.0048
vn -0.8312 -0.5559 -0.0023
vn -0.8308 -0.5566 -0.0025
vn 0.9494 0.0935 -0.2997
vn 0.9835 0.0969 -0.1527
vn 0.9836 0.0969 -0.1523
vn -0.2867 -0.9453 -0.1556
vn -0.2767 -0.9122 -0.3022
vn -0.2868 -0.9454 -0.1548
vn 0.0968 -0.9833 -0.1540
vn 0.0935 -0.9491 -0.3008
vn 0.0969 -0.9834 -0.1533
vn 0.4659 -0.8716 -0.1527
vn 0.4497 -0.8414 -0.2997
vn 0.4659 -0.8716 -0.1523
vn 0.7640 -0.6270 -0.1519
vn 0.7376 -0.6053 -0.2992
vn 0.7641 -0.6270 -0.1518
vn 0.9806 -0.1960 0.0046
vn 0.9803 -0.1976 0.0052
vn 0.0533 0.0998 -0.9936
vn 0.7073 0.7069 0.0014
vn 0.7070 0.7072 0.0014
vn 0.7069 0.7073 0.0014
vn 0.0110 0.1115 0.9937
vn -0.1949 -0.9808 0.0014
vn -0.1944 -0.9809 0.0016
vn -0.1943 -0.9809 0.0016
vn 0.7066 0.7076 0.0016
vn 0.7065 0.7077 0.0016
vn -0.0004 1.0000 -0.0024
vn -0.0012 1.0000 -0.0025
vn 0.0874 0.0717 -0.9936
vn -0.8707 -0.4654 -0.1587
vn -0.8399 -0.4489 -0.3052
vn -0.8708 -0.4655 -0.1580
vn -0.6265 -0.7634 -0.1573
vn -0.6044 -0.7365 -0.3037
vn -0.6266 -0.7635 -0.1564
vn -0.9809 -0.1945 -0.0039
vn -0.9807 -0.1956 -0.0037
vn -0.0325 0.1072 0.9937
vn 0.1956 -0.9807 0.0032
vn 0.1967 -0.9805 0.0034
vn 0.1969 -0.9804 0.0034
vn -0.9806 -0.1958 -0.0037
vn -0.9804 -0.1971 -0.0042
vn -0.9446 0.2865 -0.1603
vn -0.9108 0.2763 -0.3068
vn -0.9446 0.2865 -0.1601
vn -0.9824 -0.0968 -0.1598
vn -0.9474 -0.0933 -0.3062
vn -0.9825 -0.0968 -0.1593
vn -0.5558 -0.8313 -0.0005
vn 0.1081 0.0328 -0.9936
vn 0.9241 0.3822 0.0032
vn 0.9237 0.3831 0.0030
vn 0.9237 0.3832 0.0031
vn -0.0710 0.0865 0.9937
vn -0.0933 0.9477 -0.3052
vn -0.0968 0.9826 -0.1587
vn -0.0968 0.9827 -0.1580
vn -0.4488 0.8396 -0.3062
vn -0.4653 0.8706 -0.1598
vn -0.4654 0.8707 -0.1593
vn -0.7357 0.6038 -0.3068
vn -0.7630 0.6262 -0.1603
vn -0.7630 0.6262 -0.1601
vn 0.3825 0.9240 -0.0005
vn 0.9232 0.3842 0.0034
vn 0.9232 0.3844 0.0034
vn -0.8321 -0.5545 -0.0025
vn -0.8322 -0.5544 -0.0025
vn -0.9806 0.1958 -0.0048
vn -0.9809 0.1945 -0.0046
vn -0.9806 0.1959 -0.0048
vn -0.0987 0.0528 0.9937
vn 0.7076 0.7066 0.0015
vn 0.7073 0.7069 0.0015
vn -0.9809 0.1942 -0.0046
vn -0.9813 0.1926 -0.0051
vn -0.9812 -0.1931 -0.0041
vn -0.9812 -0.1929 -0.0042
vn 1.0000 -0.0007 0.0044
vn 1.0000 0.0006 0.0042
vn 1.0000 0.0008 0.0043
vn -0.1114 0.0110 0.9937
vn 0.6047 0.7369 -0.3022
vn 0.6267 0.7636 -0.1556
vn 0.6267 0.7637 -0.1548
vn 0.9245 0.3811 0.0034
vn 1.0000 0.0023 0.0047
vn 1.0000 0.0026 0.0048
vn 0.8411 0.4496 -0.3008
vn 0.8714 0.4658 -0.1540
vn 0.8715 0.4658 -0.1533
vn 0.2766 0.9117 -0.3037
vn 0.2867 0.9450 -0.1573
vn 0.2867 0.9452 -0.1564
vn 0.7529 0.6179 0.2269
vn 0.6889 0.5654 0.4535
vn 0.7531 0.6180 0.2256
vn 0.4593 0.8592 0.2253
vn 0.4204 0.7866 0.4523
vn 0.4594 0.8595 0.2239
vn 0.0955 0.9700 0.2236
vn 0.0875 0.8882 0.4510
vn 0.0956 0.9703 0.2223
vn -0.2830 0.9330 0.2221
vn -0.2592 0.8546 0.4500
vn -0.2831 0.9333 0.2211
vn -0.6187 0.7539 0.2209
vn -0.5668 0.6906 0.4493
vn -0.6188 0.7540 0.2204
vn -0.8602 0.4598 0.2204
vn -0.7880 0.4212 0.4490
vn -0.8891 0.0876 0.4493
vn -0.9706 0.0956 0.2209
vn -0.9707 0.0956 0.2204
vn -0.8546 -0.2592 0.4500
vn -0.9330 -0.2830 0.2221
vn -0.9333 -0.2831 0.2211
vn -0.6899 -0.5662 0.4510
vn -0.7534 -0.6183 0.2236
vn -0.7537 -0.6185 0.2223
vn -0.4204 -0.7866 0.4523
vn -0.4593 -0.8592 0.2253
vn -0.4594 -0.8595 0.2239
vn -0.0874 -0.8869 0.4535
vn -0.0955 -0.9692 0.2269
vn -0.0955 -0.9695 0.2256
vn 0.2586 -0.8523 0.4546
vn 0.2826 -0.9317 0.2281
vn 0.2827 -0.9319 0.2271
vn 0.5648 -0.6882 0.4553
vn 0.6176 -0.7525 0.2288
vn 0.6176 -0.7526 0.2282
vn 0.7851 -0.4196 0.4556
vn 0.8585 -0.4589 0.2288
vn 0.9688 -0.0954 0.2288
vn 0.8860 -0.0873 0.4553
vn 0.9689 -0.0954 0.2282
vn 0.9317 0.2826 0.2281
vn 0.8523 0.2586 0.4546
vn 0.9319 0.2827 0.2271
vn 0.8486 0.2574 -0.4622
vn 0.9295 0.2820 -0.2377
vn 0.9297 0.2820 -0.2367
vn 0.8829 -0.0870 -0.4615
vn 0.9669 -0.0952 -0.2366
vn 0.9671 -0.0952 -0.2361
vn 0.8570 -0.4581 -0.2360
vn 0.7825 -0.4183 -0.4612
vn 0.6164 -0.7511 -0.2366
vn 0.5628 -0.6858 -0.4615
vn 0.6165 -0.7512 -0.2361
vn 0.2820 -0.9295 -0.2377
vn 0.2574 -0.8486 -0.4622
vn 0.2820 -0.9297 -0.2367
vn -0.0952 -0.9663 -0.2392
vn -0.0869 -0.8820 -0.4632
vn -0.0952 -0.9666 -0.2380
vn -0.4575 -0.8560 -0.2409
vn -0.4175 -0.7810 -0.4645
vn -0.4577 -0.8562 -0.2395
vn -0.7499 -0.6155 -0.2424
vn -0.6841 -0.5614 -0.4657
vn -0.7502 -0.6157 -0.2412
vn -0.9281 -0.2815 -0.2436
vn -0.8463 -0.2567 -0.4667
vn -0.9283 -0.2816 -0.2427
vn -0.9650 0.0950 -0.2443
vn -0.8798 0.0867 -0.4674
vn -0.9652 0.0951 -0.2438
vn -0.7795 0.4167 -0.4676
vn -0.8552 0.4571 -0.2444
vn -0.5608 0.6834 -0.4674
vn -0.6152 0.7496 -0.2443
vn -0.6152 0.7497 -0.2438
vn -0.2567 0.8463 -0.4667
vn -0.2815 0.9281 -0.2436
vn -0.2816 0.9283 -0.2427
vn 0.0867 0.8807 -0.4657
vn 0.0951 0.9655 -0.2424
vn 0.0951 0.9658 -0.2412
vn 0.4175 0.7810 -0.4645
vn 0.4575 0.8560 -0.2409
vn 0.4577 0.8563 -0.2395
vn 0.6851 0.5622 -0.4632
vn 0.7506 0.6160 -0.2392
vn 0.7508 0.6162 -0.2380
vn -0.1000 0.0535 -0.9936
vn -0.7065 0.7077 -0.0046
vn -0.7053 0.7089 -0.0051
vn -0.7051 0.7091 -0.0052
vn 0.0004 1.0000 -0.0023
vn 0.0013 1.0000 -0.0025
vn 0.0014 1.0000 -0.0026
vn -0.7076 0.7066 -0.0048
vn -0.7067 0.7075 -0.0046
vn 0.0003 1.0000 -0.0023
vn -0.1128 0.0111 -0.9936
vn 0.8309 -0.5563 0.0048
vn 0.8300 -0.5577 0.0054
vn 0.8311 -0.5561 0.0048
vn -0.1953 -0.9807 0.0014
vn -0.1958 -0.9806 0.0016
vn 0.8319 -0.5549 0.0050
vn -0.1949 -0.9808 0.0015
vn -0.1084 -0.0329 -0.9936
vn -1.0000 0.0008 -0.0043
vn -1.0000 0.0023 -0.0048
vn -1.0000 0.0026 -0.0048
vn -1.0000 -0.0007 -0.0044
vn -1.0000 0.0006 -0.0042
vn -0.0875 -0.0718 -0.9936
vn -0.9241 -0.3821 -0.0031
vn -0.9245 -0.3812 -0.0034
vn -0.9246 -0.3810 -0.0035
vn -0.9237 -0.3831 -0.0032
vn -0.9240 -0.3823 -0.0030
vn -0.0533 -0.0998 -0.9936
vn 0.9809 0.1944 0.0037
vn 0.9812 0.1931 0.0042
vn 0.9809 0.1946 0.0037
vn 0.9807 0.1957 0.0039
vn -0.0111 -0.1125 -0.9936
vn -0.7073 -0.7069 -0.0014
vn -0.7076 -0.7066 -0.0016
vn -0.7077 -0.7065 -0.0016
vn -0.7069 -0.7073 -0.0014
vn -0.7072 -0.7070 -0.0014
vn 0.9813 -0.1927 0.0051
vn 0.9813 -0.1924 0.0051
vn 0.0328 -0.1081 -0.9936
vn 0.8317 0.5552 0.0023
vn 0.8321 0.5545 0.0025
vn 0.8316 0.5553 0.0023
vn -0.9249 0.3803 -0.0053
vn -0.9242 0.3819 -0.0050
vn 0.8313 0.5559 0.0024
vn 0.8312 0.5559 0.0024
vn 0.5575 -0.8302 0.0047
vn 0.5577 -0.8300 0.0047
vn 0.0716 -0.0873 -0.9936
vn -0.3826 -0.9239 0.0005
vn -0.3825 -0.9240 0.0005
vn -0.3824 -0.9240 0.0005
vn -0.3845 0.9231 -0.0041
vn -0.3833 0.9236 -0.0039
vn -0.3828 -0.9239 0.0005
vn -0.7089 0.7053 -0.0051
vn -0.7077 0.7065 -0.0048
vn 0.0995 -0.0532 -0.9936
vn 0.5556 0.8314 0.0005
vn 0.5558 0.8313 0.0005
vn 0.8329 -0.5534 0.0053
vn 0.8331 -0.5532 0.0054
vn 0.5555 0.8315 0.0005
vn -1.0000 -0.0023 -0.0047
vn -1.0000 -0.0008 -0.0044
vn 0.1123 -0.0111 -0.9936
vn 0.0004 -1.0000 0.0023
vn 0.0013 -1.0000 0.0026
vn 0.0014 -1.0000 0.0026
vn -0.9232 -0.3842 -0.0034
vn -0.9237 -0.3832 -0.0032
vn 0.1119 -0.0110 0.9937
vn -0.0004 -1.0000 0.0024
vn 0.0003 -1.0000 0.0023
vn 0.9804 0.1971 0.0041
vn 0.9803 0.1973 0.0042
vn 0.1948 0.9808 -0.0014
vn 0.1943 0.9809 -0.0016
vn 0.1949 0.9808 -0.0014
vn -0.7066 -0.7077 -0.0015
vn -0.7069 -0.7073 -0.0015
vn 0.0991 -0.0530 0.9937
vn 0.1953 0.9807 -0.0014
vn 0.1953 0.9807 -0.0015
vn 0.8308 0.5566 0.0025
vn 0.8307 0.5567 0.0025
vn 0.3833 -0.9236 0.0037
vn 0.3846 -0.9231 0.0042
vn 0.3848 -0.9230 0.0042
vn -0.3829 -0.9238 0.0005
vn -0.3828 -0.9238 0.0005
vn 0.0713 -0.0869 0.9937
vn 0.3821 -0.9241 0.0039
vn 0.3831 -0.9237 0.0037
vn 0.5554 0.8316 0.0005
vn 0.5553 0.8316 0.0005
vn -0.1957 0.9807 -0.0031
vn -0.1967 0.9805 -0.0034
vn -0.1955 0.9807 -0.0030
vn -0.0012 -1.0000 0.0025
vn 0.0326 -0.1075 0.9937
vn -0.1946 0.9809 -0.0032
vn 0.1958 0.9806 -0.0015
vn 0.1959 0.9806 -0.0016
vn 0.7077 -0.7065 0.0046
vn 0.7089 -0.7053 0.0051
vn 0.7090 -0.7051 0.0052
vn 0.3808 -0.9246 0.0041
vn -0.0110 -0.1117 0.9937
vn 0.7066 -0.7076 0.0048
vn 0.7076 -0.7066 0.0046
vn -0.1935 0.9811 -0.0034
vn -0.1933 0.9811 -0.0034
vn -0.5562 0.8310 -0.0043
vn -0.5575 0.8302 -0.0047
vn -0.5560 0.8311 -0.0042
vn 0.7053 -0.7089 0.0051
vn 0.7065 -0.7077 0.0048
vn -0.0529 -0.0989 0.9937
vn -0.5550 0.8318 -0.0044
vn -0.5549 0.8319 -0.0044
vn -0.5537 0.8327 -0.0047
vn -0.5535 0.8329 -0.0047
vn 0.9242 -0.3818 0.0048
vn 0.9249 -0.3803 0.0054
vn 0.9250 -0.3800 0.0054
vn 0.9236 -0.3834 0.0050
vn 0.9229 -0.3851 0.0053
vn -0.0866 -0.0711 0.9937
vn 0.9241 -0.3821 0.0048
vn -0.8310 0.5562 -0.0050
vn -0.8300 0.5577 -0.0053
vn -0.8299 0.5579 -0.0053
vn -0.8320 0.5548 -0.0048
vn -0.8329 0.5534 -0.0054
vn -0.8318 0.5550 -0.0048
vn 1.0000 -0.0023 0.0047
vn 1.0000 -0.0008 0.0044
vn -0.1071 -0.0325 0.9937
vn -0.8310 0.5563 -0.0050
vn -0.9803 0.1975 -0.0051
vn -0.9802 0.1978 -0.0052
vn 0.1933 -0.9811 0.0034
vn 0.5534 -0.8329 0.0048
vn -0.8307 -0.5567 -0.0026
vn 0.9802 -0.1978 0.0052
vn -0.0013 1.0000 -0.0025
vn -0.9803 -0.1973 -0.0042
vn 0.3824 0.9240 -0.0005
vn 0.7077 0.7065 0.0016
vn -0.9813 0.1924 -0.0052
vn 0.9246 0.3810 0.0034
vn -0.1000 0.0534 -0.9936
vn 0.8299 -0.5579 0.0054
vn -0.1959 -0.9806 0.0016
vn 0.9812 0.1929 0.0042
vn 0.8322 0.5544 0.0026
vn -0.9250 0.3800 -0.0054
vn -0.3847 0.9230 -0.0042
vn -0.7090 0.7051 -0.0051
vn -1.0000 -0.0025 -0.0047
vn -0.9232 -0.3844 -0.0034
vn 0.1942 0.9810 -0.0016
vn -0.7065 -0.7077 -0.0016
vn -0.1969 0.9804 -0.0034
vn -0.0013 -1.0000 0.0025
vn 0.3806 -0.9247 0.0042
vn -0.5577 0.8300 -0.0048
vn 0.7051 -0.7091 0.0052
vn 0.9228 -0.3854 0.0054
vn -0.8331 0.5531 -0.0054
vn 1.0000 -0.0025 0.0047
vn -0.1072 -0.0325 0.9937
vt 0.463198 0.188097
vt 0.370971 0.188097
vt 0.463198 0.172459
vt 0.463198 0.203734
vt 0.370971 0.172460
vt 0.370971 0.203734
vt 0.463198 0.156822
vt 0.463198 0.219372
vt 0.370971 0.156822
vt 0.370971 0.219372
vt 0.463198 0.235009
vt 0.370971 0.235009
vt 0.463198 0.141185
vt 0.370971 0.141185
vt 0.463198 0.250647
vt 0.370971 0.250647
vt 0.463198 0.125547
vt 0.370971 0.125547
vt 0.463198 0.109910
vt 0.463198 0.266284
vt 0.370971 0.109910
vt 0.370971 0.266284
vt 0.463198 0.281921
vt 0.463197 0.094272
vt 0.370971 0.094272
vt 0.370971 0.281921
vt 0.463198 0.078635
vt 0.370971 0.297559
vt 0.370971 0.078635
vt 0.463198 0.297559
vt 0.463197 0.062998
vt 0.370971 0.062998
vt 0.463198 0.313196
vt 0.370971 0.313196
vt 0.463198 0.328834
vt 0.463197 0.047360
vt 0.370971 0.047360
vt 0.370971 0.328834
vt 0.463198 0.344471
vt 0.370971 0.344471
vt 0.463197 0.031723
vt 0.370971 0.547757
vt 0.370971 0.532120
vt 0.463197 0.532120
vt 0.463197 0.516482
vt 0.463198 0.360108
vt 0.370971 0.516482
vt 0.370971 0.360108
vt 0.463197 0.500845
vt 0.463198 0.375746
vt 0.370971 0.375746
vt 0.370971 0.500845
vt 0.463198 0.391383
vt 0.463198 0.485208
vt 0.370971 0.391383
vt 0.370971 0.485208
vt 0.463198 0.407021
vt 0.463198 0.469570
vt 0.370971 0.407021
vt 0.370971 0.469570
vt 0.463198 0.422658
vt 0.463198 0.453933
vt 0.370971 0.453933
vt 0.370971 0.422658
vt 0.463198 0.438295
vt 0.370971 0.438295
vt 0.053261 0.802122
vt 0.035664 0.793556
vt 0.055556 0.793556
vt 0.037959 0.859227
vt 0.018438 0.857847
vt 0.024708 0.851577
vt 0.017057 0.823024
vt 0.008492 0.840620
vt 0.008492 0.820729
vt 0.074163 0.838325
vt 0.072783 0.857847
vt 0.066512 0.851576
vt 0.072783 0.803502
vt 0.066512 0.809773
vt 0.017057 0.838325
vt 0.759651 0.236742
vt 0.751085 0.219145
vt 0.759651 0.221440
vt 0.055556 0.867793
vt 0.053261 0.859227
vt 0.074163 0.823024
vt 0.082729 0.820729
vt 0.024708 0.809773
vt 0.037959 0.802122
vt 0.035664 0.867793
vt 0.082729 0.840620
vt 0.915727 0.083729
vt 0.938390 0.068427
vt 0.938390 0.083729
vt 0.915727 0.114331
vt 0.938390 0.099030
vt 0.938390 0.114331
vt 0.915727 0.144934
vt 0.938390 0.129633
vt 0.938390 0.144934
vt 0.385927 0.944544
vt 0.411633 0.913230
vt 0.411633 0.944544
vt 0.915727 0.175537
vt 0.938390 0.160235
vt 0.938390 0.175537
vt 0.915727 0.206139
vt 0.938390 0.190838
vt 0.938390 0.206139
vt 0.915727 0.236742
vt 0.938390 0.221440
vt 0.938390 0.236742
vt 0.392729 0.626002
vt 0.367023 0.587929
vt 0.392729 0.587929
vt 0.392739 0.626370
vt 0.367033 0.588297
vt 0.392739 0.588297
vt 0.392570 0.626370
vt 0.366864 0.588297
vt 0.392570 0.588297
vt 0.392065 0.586984
vt 0.366359 0.625057
vt 0.366358 0.586984
vt 0.392475 0.625222
vt 0.366769 0.587149
vt 0.392475 0.587149
vt 0.098480 0.984914
vt 0.128781 0.934861
vt 0.131181 0.983294
vt 0.324552 0.774464
vt 0.350258 0.659558
vt 0.350258 0.774464
vt 0.325226 0.775777
vt 0.350932 0.660871
vt 0.350932 0.775777
vt 0.411623 0.944176
vt 0.385917 0.912862
vt 0.411623 0.912862
vt 0.367033 0.731655
vt 0.367033 0.626370
vt 0.385758 0.944544
vt 0.411464 0.913230
vt 0.411464 0.944544
vt 0.385663 0.943396
vt 0.411369 0.912082
vt 0.411369 0.943396
vt 0.350258 0.928233
vt 0.324552 0.887298
vt 0.350258 0.887298
vt 0.325226 0.929546
vt 0.350932 0.888611
vt 0.350932 0.929546
vt 0.308861 0.730507
vt 0.324962 0.659723
vt 0.324962 0.774630
vt 0.203015 0.712239
vt 0.172547 0.742163
vt 0.169824 0.687207
vt 0.206741 0.688296
vt 0.167800 0.646359
vt 0.366769 0.730507
vt 0.392475 0.730507
vt 0.089444 0.802547
vt 0.096080 0.936481
vt 0.173330 0.559910
vt 0.134555 0.601420
vt 0.143669 0.554187
vt 0.137123 0.688827
vt 0.135099 0.647979
vt 0.350668 0.659723
vt 0.366769 0.625222
vt 0.375723 0.796911
vt 0.350668 0.774630
vt 0.375723 0.734902
vt 0.299907 0.796911
vt 0.324962 0.817830
vt 0.367023 0.731287
vt 0.392729 0.731287
vt 0.379575 0.815542
vt 0.405282 0.802674
vt 0.405282 0.815542
vt 0.352735 0.927365
vt 0.327029 0.886430
vt 0.352735 0.886430
vt 0.350668 0.849941
vt 0.350668 0.817830
vt 0.309115 0.731287
vt 0.325216 0.660503
vt 0.325216 0.775409
vt 0.282497 0.890651
vt 0.325216 0.850721
vt 0.325216 0.888243
vt 0.393641 0.890651
vt 0.350922 0.850721
vt 0.393641 0.836793
vt 0.375977 0.797691
vt 0.350922 0.775409
vt 0.375977 0.735682
vt 0.405536 0.816322
vt 0.379829 0.803453
vt 0.405536 0.803453
vt 0.350922 0.660503
vt 0.325216 0.929178
vt 0.350922 0.888243
vt 0.350922 0.929178
vt 0.350922 0.818610
vt 0.379839 0.816690
vt 0.405545 0.803821
vt 0.405545 0.816690
vt 0.325226 0.851088
vt 0.350932 0.818978
vt 0.350932 0.851088
vt 0.375987 0.798059
vt 0.375987 0.736050
vt 0.392739 0.731655
vt 0.366864 0.731655
vt 0.392570 0.731655
vt 0.300171 0.798059
vt 0.325226 0.818978
vt 0.308957 0.731655
vt 0.325057 0.660871
vt 0.325057 0.775777
vt 0.300003 0.798059
vt 0.325057 0.818978
vt 0.350764 0.660871
vt 0.366864 0.626370
vt 0.375818 0.798059
vt 0.350764 0.775777
vt 0.375818 0.736050
vt 0.379671 0.816690
vt 0.405377 0.803821
vt 0.405377 0.816690
vt 0.350764 0.929546
vt 0.325057 0.888611
vt 0.350764 0.888611
vt 0.350764 0.851089
vt 0.350764 0.818978
vt 0.308451 0.730342
vt 0.324552 0.659558
vt 0.299497 0.796746
vt 0.324552 0.817665
vt 0.324552 0.849775
vt 0.350258 0.817665
vt 0.350258 0.849775
vt 0.392065 0.730342
vt 0.392065 0.625057
vt 0.385253 0.943231
vt 0.410959 0.911917
vt 0.410959 0.943231
vt 0.404872 0.815377
vt 0.379166 0.802508
vt 0.404872 0.802508
vt 0.851024 0.083729
vt 0.915727 0.068427
vt 0.052560 0.968036
vt 0.067012 0.952734
vt 0.067012 0.968036
vt 0.851024 0.099030
vt 0.915727 0.099030
vt 0.052560 0.983337
vt 0.067012 0.983337
vt 0.851024 0.114331
vt 0.948007 0.533596
vt 0.557964 0.479113
vt 0.948007 0.479114
vt 0.851024 0.129633
vt 0.915727 0.129633
vt 0.021310 0.952709
vt 0.035762 0.937407
vt 0.035762 0.952709
vt 0.851024 0.144934
vt 0.021310 0.968010
vt 0.035762 0.968010
vt 0.851024 0.160235
vt 0.915727 0.160235
vt 0.021310 0.983311
vt 0.035762 0.983311
vt 0.851024 0.175537
vt 0.488059 0.282086
vt 0.520375 0.063579
vt 0.520375 0.282086
vt 0.915727 0.190838
vt 0.051522 0.897372
vt 0.066823 0.882920
vt 0.066823 0.897372
vt 0.851024 0.206139
vt 0.036221 0.897372
vt 0.051522 0.882920
vt 0.851024 0.221440
vt 0.915727 0.221440
vt 0.020919 0.882920
vt 0.020919 0.897372
vt 0.851024 0.236742
vt 0.589753 0.276734
vt 0.620275 0.058228
vt 0.620275 0.276734
vt 0.851024 0.068427
vt 0.915727 0.053126
vt 0.836572 0.068427
vt 0.851024 0.053126
vt 0.526915 0.058228
vt 0.494599 0.027706
vt 0.526916 0.027706
vt 0.557964 0.309259
vt 0.503482 0.366945
vt 0.503482 0.309259
vt 0.488059 0.033057
vt 0.520375 0.033058
vt 0.557437 0.058228
vt 0.589753 0.058228
vt 0.583213 0.282086
vt 0.613735 0.063579
vt 0.613735 0.282086
vt 0.526915 0.276734
vt 0.494599 0.058228
vt 0.948007 0.421428
vt 0.557964 0.421427
vt 0.557437 0.276734
vt 0.557964 0.366945
vt 0.948007 0.366945
vt 0.948007 0.309259
vt 0.550897 0.063579
vt 0.550897 0.282086
vt 0.583213 0.063579
vt 0.209319 0.591439
vt 0.163364 0.604294
vt 0.379575 0.802674
vt 0.393387 0.889871
vt 0.393387 0.836013
vt 0.296055 0.815542
vt 0.324962 0.849941
vt 0.282243 0.889871
vt 0.324962 0.887463
vt 0.379829 0.816322
vt 0.296309 0.816322
vt 0.325216 0.818610
vt 0.300161 0.797691
vt 0.296319 0.816690
vt 0.282507 0.891019
vt 0.325226 0.888611
vt 0.379839 0.803821
vt 0.393651 0.891019
vt 0.393651 0.837161
vt 0.379671 0.803821
vt 0.393483 0.891019
vt 0.393483 0.837161
vt 0.296150 0.816690
vt 0.325057 0.851089
vt 0.282338 0.891019
vt 0.295645 0.815377
vt 0.281833 0.889706
vt 0.139846 0.743783
vt 0.147088 0.889956
vt 0.759651 0.083729
vt 0.836572 0.083729
vt 0.759651 0.099030
vt 0.836572 0.099030
vt 0.759651 0.114331
vt 0.836572 0.114331
vt 0.759651 0.129633
vt 0.836572 0.129633
vt 0.759651 0.144934
vt 0.836572 0.144934
vt 0.759651 0.160235
vt 0.836572 0.160235
vt 0.759651 0.175536
vt 0.836572 0.175537
vt 0.836572 0.190838
vt 0.759651 0.206139
vt 0.836572 0.206139
vt 0.836572 0.221441
vt 0.836572 0.236742
vt 0.759651 0.068427
vt 0.836573 0.053126
vt 0.904258 0.728522
vt 0.918833 0.703896
vt 0.913384 0.731290
vt 0.674265 0.605589
vt 0.686645 0.579788
vt 0.692694 0.587160
vt 0.894285 0.752601
vt 0.902695 0.757096
vt 0.709869 0.564270
vt 0.714364 0.572680
vt 0.879805 0.774271
vt 0.887177 0.780320
vt 0.735674 0.553581
vt 0.738442 0.562707
vt 0.861377 0.792700
vt 0.867426 0.800071
vt 0.764004 0.557622
vt 0.763069 0.548132
vt 0.714364 0.807179
vt 0.735675 0.826278
vt 0.709869 0.815589
vt 0.839707 0.807179
vt 0.844202 0.815589
vt 0.791001 0.548132
vt 0.790067 0.557622
vt 0.692694 0.792700
vt 0.686645 0.800071
vt 0.815628 0.817153
vt 0.818396 0.826278
vt 0.818396 0.553581
vt 0.815628 0.562706
vt 0.666894 0.780321
vt 0.674265 0.774271
vt 0.790066 0.822237
vt 0.791001 0.831727
vt 0.844202 0.564270
vt 0.839706 0.572680
vt 0.651376 0.757096
vt 0.659786 0.752601
vt 0.764004 0.822237
vt 0.763070 0.831727
vt 0.867426 0.579788
vt 0.861377 0.587160
vt 0.640687 0.731291
vt 0.649812 0.728523
vt 0.738443 0.817153
vt 0.879805 0.605589
vt 0.887177 0.599539
vt 0.635238 0.703896
vt 0.644728 0.702961
vt 0.894285 0.627259
vt 0.902695 0.622764
vt 0.635238 0.675964
vt 0.644728 0.676899
vt 0.904258 0.651337
vt 0.913384 0.648569
vt 0.640687 0.648569
vt 0.649812 0.651337
vt 0.909343 0.676899
vt 0.918833 0.675964
vt 0.651376 0.622764
vt 0.659786 0.627259
vt 0.909343 0.702961
vt 0.666894 0.599539
vt 0.838989 0.809207
vt 0.866361 0.801933
vt 0.843243 0.817380
vt 0.814910 0.819181
vt 0.817556 0.828020
vt 0.790287 0.833444
vt 0.789349 0.824265
vt 0.762483 0.833444
vt 0.763286 0.824265
vt 0.735214 0.828020
vt 0.737725 0.819181
vt 0.709527 0.817380
vt 0.713646 0.809207
vt 0.686409 0.801933
vt 0.691976 0.794728
vt 0.666749 0.782273
vt 0.673547 0.776299
vt 0.651302 0.759155
vt 0.659068 0.754629
vt 0.640662 0.733468
vt 0.649094 0.730550
vt 0.635238 0.706199
vt 0.644010 0.704989
vt 0.635238 0.678395
vt 0.644010 0.678926
vt 0.640662 0.651126
vt 0.649094 0.653365
vt 0.651302 0.625439
vt 0.659068 0.629286
vt 0.666749 0.602321
vt 0.673547 0.607616
vt 0.686409 0.582661
vt 0.691976 0.589188
vt 0.709527 0.567214
vt 0.713646 0.574708
vt 0.735214 0.556574
vt 0.737725 0.564735
vt 0.762483 0.551150
vt 0.763286 0.559650
vt 0.789349 0.559650
vt 0.790287 0.551150
vt 0.814910 0.564735
vt 0.817556 0.556574
vt 0.838989 0.574708
vt 0.843243 0.567214
vt 0.860659 0.589188
vt 0.866361 0.582661
vt 0.879088 0.607616
vt 0.886021 0.602321
vt 0.893567 0.629287
vt 0.901468 0.625439
vt 0.903541 0.653365
vt 0.912108 0.651126
vt 0.908625 0.678927
vt 0.917532 0.678395
vt 0.908625 0.704989
vt 0.917532 0.706199
vt 0.903541 0.730551
vt 0.912108 0.733468
vt 0.893567 0.754629
vt 0.901468 0.759155
vt 0.879087 0.776299
vt 0.886021 0.782273
vt 0.860659 0.794728
vt 0.220160 0.554180
vt 0.099658 0.565221
vt 0.106630 0.529090
vt 0.350668 0.928398
vt 0.385663 0.912082
vt 0.324962 0.928398
vt 0.289967 0.912082
vt 0.195810 0.797276
vt 0.179790 0.888336
vt 0.385917 0.944176
vt 0.290221 0.912862
vt 0.385927 0.913230
vt 0.290231 0.913230
vt 0.385758 0.913230
vt 0.325057 0.929546
vt 0.290063 0.913230
vt 0.324552 0.928233
vt 0.289557 0.911916
vt 0.385253 0.911917
vt 0.077776 0.797520
vt 0.106569 0.717018
vt 0.110477 0.795900
vt 0.419094 0.836013
vt 0.401429 0.734902
vt 0.419347 0.836793
vt 0.401683 0.735682
vt 0.419357 0.891019
vt 0.401693 0.736050
vt 0.419189 0.837161
vt 0.401525 0.798059
vt 0.392977 0.835848
vt 0.418684 0.889706
vt 0.392977 0.889706
vt 0.375313 0.734737
vt 0.401019 0.796746
vt 0.375313 0.796746
vt 0.069997 0.559498
vt 0.076970 0.523366
vt 0.367023 0.626002
vt 0.081512 0.599051
vt 0.082293 0.665881
vt 0.100494 0.693560
vt 0.101305 0.709930
vt 0.122145 0.800926
vt 0.309125 0.731655
vt 0.325226 0.660871
vt 0.050395 0.666254
vt 0.049614 0.599424
vt 0.068604 0.711550
vt 0.379166 0.815377
vt 0.366359 0.730342
vt 0.751085 0.239037
vt 0.018437 0.803502
vt 0.308861 0.625222
vt 0.206923 0.791121
vt 0.207553 0.704666
vt 0.299907 0.734902
vt 0.327029 0.927365
vt 0.309116 0.626002
vt 0.282497 0.836793
vt 0.300171 0.736050
vt 0.308957 0.626370
vt 0.300002 0.736050
vt 0.308451 0.625057
vt 0.299497 0.734737
vt 0.052560 0.952734
vt 0.557964 0.533595
vt 0.021310 0.937407
vt 0.488059 0.063579
vt 0.851024 0.190838
vt 0.036221 0.882920
vt 0.494599 0.276734
vt 0.220160 0.653917
vt 0.350668 0.887463
vt 0.296055 0.802674
vt 0.282243 0.836013
vt 0.296309 0.803453
vt 0.300161 0.735682
vt 0.296319 0.803821
vt 0.282507 0.837160
vt 0.296150 0.803821
vt 0.282338 0.837161
vt 0.295645 0.802508
vt 0.281833 0.835848
vt 0.759651 0.190838
vt 0.759651 0.053126
vt 0.289967 0.943396
vt 0.202446 0.931211
vt 0.290221 0.944176
vt 0.290231 0.944544
vt 0.290063 0.944544
vt 0.289557 0.943231
vt 0.073868 0.718638
vt 0.419094 0.889871
vt 0.401429 0.796911
vt 0.419347 0.890651
vt 0.401683 0.797691
vt 0.419357 0.837161
vt 0.401693 0.798059
vt 0.419189 0.891019
vt 0.401525 0.736050
vt 0.418684 0.835848
vt 0.401019 0.734737
vt 0.309125 0.626370
vt 0.067793 0.695180
vt 0.228492 0.766132
vt 0.243272 0.773513
vt 0.228492 0.773513
vt 0.956618 0.068427
vt 0.956618 0.083729
vt 0.956618 0.099030
vt 0.956618 0.114331
vt 0.956618 0.129633
vt 0.956618 0.144934
vt 0.956618 0.160235
vt 0.956618 0.175537
vt 0.956618 0.190838
vt 0.956618 0.206139
vt 0.956618 0.221440
vt 0.956618 0.236742
vt 0.956618 0.053126
vt 0.256616 0.587695
vt 0.249486 0.570483
vt 0.260306 0.581303
vt 0.262738 0.562833
vt 0.266698 0.577613
vt 0.278039 0.562833
vt 0.274079 0.577613
vt 0.280471 0.581303
vt 0.291290 0.570483
vt 0.298941 0.583735
vt 0.284161 0.587695
vt 0.284161 0.595076
vt 0.298941 0.599036
vt 0.291290 0.612287
vt 0.280471 0.601468
vt 0.274079 0.605158
vt 0.278039 0.619938
vt 0.262738 0.619938
vt 0.266698 0.605158
vt 0.249486 0.612287
vt 0.260306 0.601468
vt 0.241836 0.599036
vt 0.256616 0.595076
vt 0.241836 0.583735
vt 0.150003 0.911632
vt 0.173858 0.918024
vt 0.156395 0.935487
vt 0.228492 0.788274
vt 0.243272 0.795655
vt 0.228492 0.795655
vt 0.228492 0.736609
vt 0.243272 0.743989
vt 0.228492 0.743989
vt 0.228492 0.721847
vt 0.243272 0.729228
vt 0.228492 0.729228
vt 0.228492 0.758751
vt 0.243272 0.766132
vt 0.243272 0.780893
vt 0.243272 0.788274
vt 0.243272 0.736609
vt 0.228492 0.803036
vt 0.243272 0.810416
vt 0.228492 0.810416
vt 0.228492 0.751370
vt 0.243272 0.758751
vt 0.228492 0.780893
vt 0.243272 0.803036
vt 0.243272 0.751370
vt 0.709475 0.020228
vt 0.751086 0.000337
vt 0.751086 0.020228
vt 0.709475 0.239037
vt 0.709475 0.219145
vt 0.751085 0.199254
vt 0.709475 0.199253
vt 0.751085 0.179362
vt 0.709475 0.159470
vt 0.751085 0.159470
vt 0.751085 0.139578
vt 0.709475 0.139578
vt 0.751085 0.119687
vt 0.709475 0.119687
vt 0.751085 0.099795
vt 0.709475 0.099795
vt 0.751085 0.079903
vt 0.709475 0.079903
vt 0.751085 0.060012
vt 0.662410 0.266209
vt 0.645184 0.201918
vt 0.709475 0.060012
vt 0.751085 0.040120
vt 0.709475 0.040120
vt 0.938390 0.053126
vt 0.150003 0.931796
vt 0.146312 0.925404
vt 0.146312 0.918024
vt 0.156395 0.907941
vt 0.163775 0.907941
vt 0.170167 0.911632
vt 0.173858 0.925404
vt 0.170167 0.931796
vt 0.163775 0.935487
vt 0.243272 0.721847
vt 0.709475 0.000336
vt 0.709475 0.179362
vt 0.699529 0.256264
vt 0.682302 0.266209
vt 0.645184 0.256264
vt 0.635238 0.239037
vt 0.635238 0.219145
vt 0.662410 0.191973
vt 0.682302 0.191973
vt 0.699529 0.201918
vt 0.049333 0.393103
vt 0.056719 0.367919
vt 0.057243 0.393467
vt 0.049014 0.367742
vt 0.058216 0.341468
vt 0.050214 0.341489
vt 0.056363 0.315434
vt 0.048549 0.315527
vt 0.056812 0.288256
vt 0.048704 0.288517
vt 0.053956 0.261559
vt 0.046032 0.261886
vt 0.053463 0.233539
vt 0.045241 0.234071
vt 0.049528 0.206077
vt 0.041484 0.206725
vt 0.047846 0.177070
vt 0.039481 0.178037
vt 0.042244 0.148682
vt 0.034042 0.149940
vt 0.038224 0.118329
vt 0.029619 0.120286
vt 0.028899 0.088586
vt 0.020130 0.091446
vt 0.018582 0.057989
vt 0.180339 0.484432
vt 0.200389 0.463003
vt 0.186607 0.488547
vt 0.199605 0.432092
vt 0.192339 0.459952
vt 0.206428 0.405494
vt 0.207244 0.434157
vt 0.209195 0.377809
vt 0.214289 0.406953
vt 0.213208 0.351192
vt 0.216807 0.378743
vt 0.214126 0.323709
vt 0.221057 0.351885
vt 0.216784 0.297118
vt 0.221776 0.324113
vt 0.216582 0.269747
vt 0.224696 0.297386
vt 0.218218 0.243158
vt 0.224315 0.269797
vt 0.216997 0.215890
vt 0.226228 0.243098
vt 0.217544 0.189326
vt 0.224825 0.215629
vt 0.215034 0.162241
vt 0.225652 0.188924
vt 0.213874 0.135800
vt 0.222937 0.161574
vt 0.208829 0.109207
vt 0.222050 0.134794
vt 0.203469 0.083531
vt 0.216702 0.107579
vt 0.191969 0.059762
vt 0.211380 0.080836
vt 0.038478 0.467473
vt 0.033685 0.493445
vt 0.026911 0.489005
vt 0.051199 0.444065
vt 0.046291 0.470494
vt 0.044019 0.442955
vt 0.053886 0.419402
vt 0.046359 0.418638
vt 0.167973 0.137966
vt 0.160215 0.105757
vt 0.169987 0.106548
vt 0.340828 0.188084
vt 0.330506 0.216454
vt 0.331876 0.187947
vt 0.169529 0.167784
vt 0.158204 0.137724
vt 0.339704 0.216743
vt 0.331817 0.245671
vt 0.168727 0.198273
vt 0.160191 0.167626
vt 0.340723 0.245998
vt 0.329767 0.274029
vt 0.170397 0.227292
vt 0.159283 0.198221
vt 0.338930 0.274543
vt 0.330324 0.303213
vt 0.169276 0.256968
vt 0.161321 0.227102
vt 0.339206 0.303762
vt 0.327577 0.331501
vt 0.165183 0.423701
vt 0.158650 0.395956
vt 0.167011 0.396460
vt 0.170358 0.285248
vt 0.160090 0.256773
vt 0.336719 0.332214
vt 0.327561 0.360707
vt 0.167260 0.449749
vt 0.156610 0.423578
vt 0.168619 0.314106
vt 0.161530 0.284878
vt 0.333693 0.389740
vt 0.336426 0.361379
vt 0.172467 0.476584
vt 0.158775 0.450670
vt 0.169061 0.341645
vt 0.159683 0.313716
vt 0.333784 0.418815
vt 0.324539 0.389054
vt 0.179868 0.501131
vt 0.164290 0.478478
vt 0.166835 0.369685
vt 0.160476 0.341108
vt 0.332774 0.447174
vt 0.324877 0.418477
vt 0.345704 0.039273
vt 0.332481 0.068820
vt 0.335382 0.037141
vt 0.158135 0.369184
vt 0.337202 0.475910
vt 0.323464 0.447492
vt 0.342453 0.069975
vt 0.329673 0.099297
vt 0.345704 0.502226
vt 0.328339 0.477886
vt 0.339303 0.099868
vt 0.331184 0.129587
vt 0.171549 0.075379
vt 0.169558 0.040345
vt 0.179868 0.044214
vt 0.340279 0.129776
vt 0.329987 0.158530
vt 0.160811 0.073588
vt 0.339275 0.158705
vt 0.122208 0.205692
vt 0.123136 0.223048
vt 0.124394 0.319278
vt 0.124473 0.335667
vt 0.094039 0.345321
vt 0.091575 0.336125
vt 0.124016 0.263348
vt 0.124518 0.280135
vt 0.090791 0.373249
vt 0.063041 0.365019
vt 0.093187 0.364097
vt 0.063050 0.344329
vt 0.025431 0.058675
vt 0.034882 0.082805
vt 0.124579 0.492912
vt 0.085944 0.477883
vt 0.120880 0.479912
vt 0.153167 0.366055
vt 0.153654 0.344209
vt 0.284971 0.491514
vt 0.338011 0.505703
vt 0.287163 0.521942
vt 0.116481 0.077424
vt 0.117514 0.099246
vt 0.119269 0.145264
vt 0.120497 0.163674
vt 0.093423 0.310040
vt 0.121824 0.309192
vt 0.080586 0.488869
vt 0.051830 0.469042
vt 0.288529 0.380899
vt 0.289873 0.363722
vt 0.284891 0.441480
vt 0.286154 0.422659
vt 0.091310 0.319398
vt 0.062713 0.312212
vt 0.044384 0.120545
vt 0.048767 0.144216
vt 0.293958 0.267009
vt 0.294468 0.250204
vt 0.291912 0.323620
vt 0.292899 0.306779
vt 0.122046 0.446629
vt 0.088026 0.455485
vt 0.086741 0.445265
vt 0.154532 0.310599
vt 0.154589 0.288215
vt 0.091636 0.235013
vt 0.088395 0.225482
vt 0.056788 0.448240
vt 0.127463 0.519765
vt 0.290543 0.092519
vt 0.289969 0.072326
vt 0.293109 0.153048
vt 0.292641 0.135540
vt 0.294368 0.210380
vt 0.294372 0.193449
vt 0.123454 0.374054
vt 0.123234 0.390341
vt 0.058784 0.236201
vt 0.121990 0.429225
vt 0.053480 0.179609
vt 0.056025 0.202191
vt 0.250092 0.064169
vt 0.286956 0.059755
vt 0.154724 0.253691
vt 0.154260 0.230697
vt 0.087978 0.427577
vt 0.088710 0.197639
vt 0.119002 0.195084
vt 0.249599 0.076052
vt 0.215524 0.076103
vt 0.090475 0.389861
vt 0.260283 0.193386
vt 0.260363 0.210602
vt 0.257423 0.136875
vt 0.258379 0.154564
vt 0.252556 0.095964
vt 0.073669 0.514976
vt 0.087042 0.207742
vt 0.060377 0.258030
vt 0.290913 0.015179
vt 0.242449 0.037870
vt 0.233582 0.024876
vt 0.153709 0.195132
vt 0.152942 0.171416
vt 0.151679 0.420572
vt 0.206209 0.055415
vt 0.198494 0.055508
vt 0.151994 0.398978
vt 0.120788 0.400249
vt 0.061882 0.291009
vt 0.259016 0.304525
vt 0.257893 0.321723
vt 0.260625 0.248994
vt 0.260078 0.266126
vt 0.259234 0.126821
vt 0.289845 0.124798
vt 0.152470 0.134410
vt 0.152454 0.109459
vt 0.226673 0.131285
vt 0.249583 0.418440
vt 0.246670 0.437584
vt 0.255515 0.360497
vt 0.253752 0.378056
vt 0.156992 0.476279
vt 0.256458 0.106076
vt 0.154813 0.069077
vt 0.160326 0.042484
vt 0.084004 0.167127
vt 0.081912 0.148324
vt 0.076492 0.104098
vt 0.072573 0.082226
vt 0.228403 0.513091
vt 0.237048 0.485294
vt 0.154006 0.454103
vt 0.119490 0.457566
vt 0.223724 0.109676
vt 0.325461 0.064592
vt 0.262623 0.183804
vt 0.291940 0.183036
vt 0.320481 0.475142
vt 0.318195 0.450976
vt 0.328964 0.039509
vt 0.286007 0.032051
vt 0.230527 0.185808
vt 0.324007 0.126238
vt 0.261221 0.164157
vt 0.319072 0.391933
vt 0.090849 0.281573
vt 0.090055 0.264429
vt 0.324113 0.102592
vt 0.288101 0.104167
vt 0.229639 0.164336
vt 0.122432 0.290433
vt 0.121263 0.233731
vt 0.121125 0.253054
vt 0.118734 0.174918
vt 0.115433 0.111831
vt 0.115812 0.133974
vt 0.114624 0.033729
vt 0.113107 0.063815
vt 0.281567 0.453098
vt 0.281768 0.477292
vt 0.284511 0.411384
vt 0.285166 0.391303
vt 0.322123 0.334359
vt 0.288321 0.353069
vt 0.288744 0.333824
vt 0.324378 0.277004
vt 0.291124 0.296305
vt 0.291055 0.277240
vt 0.325185 0.219577
vt 0.292381 0.239804
vt 0.291744 0.220726
vt 0.324675 0.161791
vt 0.290718 0.163688
vt 0.119608 0.418936
vt 0.122168 0.345666
vt 0.121138 0.364064
vt 0.061812 0.396549
vt 0.090939 0.418227
vt 0.060365 0.416966
vt 0.092547 0.399152
vt 0.262736 0.220137
vt 0.231244 0.240199
vt 0.231384 0.218722
vt 0.263338 0.239578
vt 0.262125 0.275717
vt 0.229832 0.294663
vt 0.230768 0.273137
vt 0.262067 0.295184
vt 0.259650 0.331438
vt 0.226341 0.349346
vt 0.228128 0.327705
vt 0.258942 0.351124
vt 0.255193 0.388103
vt 0.219866 0.404702
vt 0.223033 0.382717
vt 0.253669 0.408668
vt 0.213167 0.439072
vt 0.243700 0.473532
vt 0.206531 0.461756
vt 0.247497 0.448884
vt 0.072950 0.069125
vt 0.066559 0.039417
vt 0.083272 0.137458
vt 0.081278 0.114892
vt 0.087754 0.177017
vt 0.091945 0.254751
vt 0.093689 0.290894
vt 0.056664 0.025195
vt 0.119881 0.015179
vt 0.317968 0.414800
vt 0.320769 0.356954
vt 0.323472 0.299592
vt 0.324868 0.242232
vt 0.324821 0.184658
vt 0.009813 0.061933
vt 0.172648 0.504207
s 1
g off
g LlantaDelanteraIzquierda.001_SpacialRoverExploreralumGray
usemtl SpacialRoverExploreralumGray
f 57/1/1 25/2/1 56/3/2
f 25/2/1 57/1/1 58/4/3
f 25/2/1 24/5/2 56/3/2
f 58/4/3 26/6/3 25/2/1
f 24/5/2 55/7/4 56/3/2
f 58/4/3 59/8/5 26/6/3
f 24/5/2 23/9/4 55/7/4
f 59/8/5 27/10/5 26/6/3
f 59/8/5 60/11/6 27/10/5
f 60/11/6 28/12/6 27/10/5
f 23/9/4 54/13/7 55/7/4
f 54/13/7 23/9/4 22/14/7
f 60/11/6 61/15/8 28/12/6
f 61/15/8 29/16/8 28/12/6
f 54/13/7 22/14/7 53/17/9
f 22/14/7 21/18/9 53/17/9
f 21/18/9 52/19/10 53/17/9
f 61/15/8 62/20/11 29/16/8
f 21/18/9 20/21/10 52/19/10
f 62/20/11 30/22/11 29/16/8
f 62/20/11 63/23/12 30/22/11
f 52/19/10 20/21/10 51/24/13
f 20/21/10 19/25/13 51/24/13
f 30/22/11 63/23/12 31/26/12
f 19/25/13 50/27/14 51/24/13
f 31/26/12 63/23/12 32/28/15
f 19/25/13 18/29/14 50/27/14
f 32/28/15 63/23/12 64/30/15
f 18/29/14 49/31/16 50/27/14
f 49/31/16 18/29/14 17/32/16
f 32/28/15 64/30/15 33/33/17
f 33/33/17 1/34/17 32/28/15
f 33/33/17 34/35/18 1/34/17
f 49/31/16 17/32/16 48/36/19
f 48/36/19 17/32/16 16/37/19
f 1/34/17 34/35/18 2/38/18
f 2/38/18 34/35/18 35/39/20
f 2/38/18 35/39/20 3/40/20
f 48/36/19 16/37/19 47/41/21
f 16/42/19 15/43/21 47/44/21
f 15/43/21 46/45/22 47/44/21
f 3/40/20 35/39/20 36/46/23
f 15/43/21 14/47/22 46/45/22
f 3/40/20 36/46/23 4/48/23
f 46/45/22 14/47/22 45/49/24
f 4/48/23 36/46/23 37/50/25
f 4/48/23 37/50/25 5/51/25
f 45/49/24 14/47/22 13/52/24
f 5/51/25 37/50/25 38/53/26
f 45/49/24 13/52/24 44/54/27
f 5/51/25 38/53/26 6/55/26
f 44/54/27 13/52/24 12/56/27
f 6/55/26 38/53/26 39/57/28
f 44/54/27 12/56/27 43/58/29
f 6/55/26 39/57/28 7/59/28
f 43/58/29 12/56/27 11/60/29
f 7/59/28 39/57/28 40/61/30
f 43/58/29 11/60/29 42/62/31
f 42/62/31 11/60/29 10/63/31
f 7/59/28 40/61/30 8/64/30
f 42/62/31 10/63/31 41/65/32
f 8/64/30 40/61/30 41/65/32
f 41/65/32 10/63/31 9/66/32
f 8/64/30 41/65/32 9/66/32
s 2
f 493/67/33 516/68/34 517/69/33
f 499/70/35 524/71/36 500/72/36
f 490/73/37 503/74/38 514/75/37
f 496/76/39 521/77/40 497/78/40
f 493/67/33 518/79/41 494/80/41
f 489/81/38 524/71/36 503/74/38
f 490/82/37 515/83/42 491/84/42
f 497/78/40 522/85/43 498/86/43
f 495/87/44 518/79/41 519/88/44
f 491/89/42 516/68/34 492/90/34
f 498/86/43 523/91/35 499/70/35
f 495/87/44 520/92/39 496/76/39
s 3
f 163/93/45 141/94/46 164/95/45
f 159/96/47 162/97/48 160/98/47
f 155/99/49 158/100/50 156/101/49
s 4
f 159/102/51 619/103/52 157/104/51
s 3
f 151/105/53 154/106/54 152/107/53
f 147/108/55 150/109/56 148/110/55
f 143/111/57 146/112/58 144/113/57
s 5
f 185/114/24 188/115/59 186/116/59
s 6
f 181/117/60 184/118/61 182/119/61
s 7
f 177/120/62 180/121/63 178/122/63
s 8
f 174/123/64 175/124/8 176/125/64
s 9
f 169/126/65 172/127/66 170/128/66
s 10
f 165/129/67 167/130/68 168/131/67
s 8
f 483/132/69 176/133/64 486/134/69
s 6
f 467/135/70 184/136/61 470/137/70
s 11
f 161/138/71 608/139/72 611/140/72
s 12
f 615/141/73 184/136/73 183/142/73
s 13
f 155/143/74 627/144/75 153/145/74
s 14
f 147/146/76 601/147/77 145/148/76
s 8
f 152/149/78 482/150/79 487/151/79
s 6
f 158/152/80 471/153/81 160/154/80
s 15
f 604/155/73 170/156/73 455/157/73
s 16
f 591/158/82 441/159/82 442/160/82
f 590/161/82 442/160/82 443/162/82
s 14
f 597/163/83 169/126/84 604/164/83
s 17
f 592/165/85 167/130/86 166/166/86
s 10
f 141/167/87 447/168/88 144/169/87
f 443/162/89 445/170/90 448/171/89
s 18
f 597/163/91 172/172/91 171/173/91
f 598/174/91 452/175/91 597/176/91
s 15
f 603/177/73 455/157/73 456/178/73
s 11
f 605/179/92 185/114/93 610/180/92
s 14
f 599/181/94 603/182/95 602/183/94
s 9
f 455/157/96 172/172/66 452/175/96
f 148/184/97 454/185/98 449/186/98
f 450/187/99 456/178/100 451/188/100
s 19
f 610/189/9 186/190/9 463/191/9
f 611/192/9 461/193/9 462/194/9
s 20
f 608/195/25 458/196/25 607/197/25
f 606/198/25 460/199/25 605/200/25
s 11
f 612/201/101 606/202/102 609/203/102
s 5
f 463/191/103 188/204/59 460/199/103
f 162/205/104 457/206/105 164/207/104
f 461/193/106 459/208/107 458/196/106
s 4
f 613/209/108 617/210/109 620/211/108
s 6
f 465/212/110 469/213/111 472/214/110
s 12
f 616/215/73 470/137/73 615/216/73
s 4
f 615/141/112 181/117/113 618/217/112
s 13
f 621/218/114 177/120/115 626/219/114
s 21
f 617/220/91 467/135/91 468/221/91
s 22
f 626/222/116 178/223/116 479/224/116
f 625/225/116 479/224/116 480/226/116
s 23
f 621/218/82 180/227/82 179/228/82
f 622/229/82 476/230/82 621/231/82
s 13
f 623/232/117 625/233/118 628/234/117
s 7
f 479/224/119 180/227/63 476/230/119
f 156/235/120 478/236/121 473/237/121
f 474/238/122 480/226/123 475/239/123
s 24
f 632/240/25 174/241/25 483/132/25
f 631/242/25 483/132/25 484/243/25
s 8
f 481/244/124 485/245/125 488/246/124
s 25
f 632/247/126 175/124/127 173/248/127
f 151/249/128 629/250/129 149/251/128
f 630/252/130 636/253/131 631/254/131
s 3
f 300/255/132 142/256/46 163/93/45
f 299/257/132 277/258/32 300/259/132
f 298/260/133 163/93/45 161/261/48
f 297/262/133 300/259/132 298/263/133
f 296/264/134 161/261/48 159/96/47
s 26
f 287/265/65 306/266/65 288/267/65
s 3
f 294/268/135 159/96/47 157/269/50
f 293/270/135 296/271/134 294/272/135
f 292/273/136 157/269/50 155/99/49
f 291/274/136 294/272/135 292/275/136
f 290/276/137 155/99/49 153/277/54
f 289/278/137 292/275/136 290/279/137
f 288/280/138 153/277/54 151/105/53
s 27
f 281/281/139 301/282/139 279/283/139
s 3
f 149/284/56 288/280/138 151/105/53
f 286/285/140 287/286/138 288/287/138
f 284/288/17 149/284/56 147/108/55
f 284/289/17 285/290/140 286/285/140
f 282/291/141 147/108/55 145/292/58
f 281/293/141 284/289/17 282/294/141
f 280/295/142 145/292/58 143/111/57
s 28
f 298/296/68 311/297/68 297/298/68
s 3
f 277/299/32 143/300/57 142/256/46
f 278/301/32 280/302/142 277/299/32
s 29
f 309/303/82 312/304/82 310/305/82
s 30
f 305/306/91 308/307/91 306/308/91
s 31
f 301/282/25 304/309/25 302/310/25
s 32
f 298/296/143 310/311/143 312/312/143
s 33
f 282/313/8 303/314/8 281/315/8
s 34
f 295/316/139 311/317/139 309/303/139
s 35
f 290/318/143 306/266/143 308/319/143
s 36
f 295/316/62 310/311/62 296/320/62
s 37
f 290/318/60 307/321/60 289/322/60
s 38
f 289/322/139 305/306/139 287/323/139
s 39
f 279/283/24 302/324/24 280/325/24
s 40
f 280/325/143 304/326/143 282/313/143
s 16
f 589/327/82 443/162/82 444/328/82
s 18
f 599/181/91 451/188/91 598/329/91
f 600/330/91 450/187/91 599/331/91
s 15
f 602/332/73 456/178/73 453/333/73
f 601/334/73 453/333/73 454/335/73
s 20
f 607/336/25 459/208/25 606/202/25
s 19
f 612/337/9 464/338/9 461/193/9
f 609/339/9 463/191/9 464/338/9
s 21
f 620/340/91 468/221/91 465/212/91
f 619/341/91 465/212/91 466/342/91
s 12
f 613/209/73 469/213/73 616/343/73
f 614/344/73 472/214/73 613/345/73
s 23
f 623/232/82 475/239/82 622/346/82
f 624/347/82 474/238/82 623/348/82
s 22
f 628/349/116 480/226/116 477/350/116
f 627/351/116 477/350/116 478/236/116
s 24
f 630/352/25 484/243/25 481/244/25
f 629/353/25 481/244/25 482/150/25
s 10
f 443/162/89 447/168/88 444/328/88
f 446/354/144 442/160/90 441/159/144
s 9
f 450/187/99 454/335/98 453/333/99
f 452/175/96 456/178/100 455/157/96
s 5
f 458/196/106 462/194/105 461/193/106
f 460/199/103 464/338/107 463/191/103
s 6
f 472/214/110 466/342/81 465/212/110
f 470/137/70 468/221/111 467/135/70
s 7
f 474/238/122 478/236/121 477/350/122
f 479/224/119 475/239/123 480/226/123
s 8
f 488/246/124 482/150/79 481/244/124
f 486/134/69 484/243/125 483/132/69
s 10
f 441/159/144 168/355/67 446/354/144
s 3
f 500/356/132 278/301/32 299/357/132
f 499/358/145 299/357/132 297/359/133
f 498/360/16 297/359/133 295/361/134
f 497/362/135 295/361/134 293/363/135
f 496/364/136 293/363/135 291/365/136
f 495/366/1 291/365/136 289/367/137
f 494/368/146 289/367/137 287/369/138
f 285/370/140 494/368/146 287/369/138
f 492/371/17 285/370/140 283/372/17
f 491/84/147 283/372/17 281/373/141
f 490/82/148 281/373/141 279/374/142
f 489/375/32 279/376/142 278/301/32
s 41
f 9/377/143 527/378/143 556/379/143
f 23/380/143 555/381/143 22/382/143
f 8/383/143 556/379/143 554/384/143
f 22/382/143 553/385/143 21/386/143
f 7/387/143 554/384/143 552/388/143
f 21/386/143 551/389/143 20/390/143
f 6/391/143 552/388/143 550/392/143
f 19/393/143 551/389/143 549/394/143
f 32/395/143 537/396/143 548/397/143
f 5/398/143 550/392/143 547/399/143
f 19/393/143 546/400/143 18/401/143
f 31/402/143 548/397/143 545/403/143
f 4/404/143 547/399/143 544/405/143
f 18/401/143 543/406/143 17/407/143
f 31/402/143 542/408/143 30/409/143
f 3/410/143 544/405/143 541/411/143
f 17/407/143 540/412/143 16/413/143
f 30/409/143 539/414/143 29/415/143
f 2/416/143 541/411/143 538/417/143
f 16/413/143 536/418/143 15/419/143
f 29/415/143 535/420/143 28/421/143
f 2/416/143 537/396/143 1/422/143
f 14/423/143 536/418/143 534/424/143
f 28/421/143 533/425/143 27/426/143
f 13/427/143 534/424/143 532/428/143
f 27/426/143 531/429/143 26/430/143
f 12/431/143 532/428/143 530/432/143
f 26/430/143 529/433/143 25/434/143
f 11/435/143 530/432/143 528/436/143
f 25/434/143 526/437/143 24/438/143
f 10/439/143 528/436/143 527/378/143
f 24/438/143 525/440/143 23/380/143
s 42
f 34/441/139 588/442/139 557/443/139
f 35/444/139 557/443/139 558/445/139
f 35/444/139 559/446/139 36/447/139
f 36/447/139 560/448/139 37/449/139
f 37/449/139 561/450/139 38/451/139
f 38/451/139 562/452/139 39/453/139
f 39/453/139 563/454/139 40/455/139
f 40/455/139 564/456/139 41/457/139
f 41/457/139 565/458/139 42/459/139
f 42/459/139 566/460/139 43/461/139
f 43/461/139 567/462/139 44/463/139
f 44/463/139 568/464/139 45/465/139
f 45/465/139 569/466/139 46/467/139
f 46/467/139 570/468/139 47/469/139
f 47/469/139 571/470/139 48/471/139
f 48/471/139 572/472/139 49/473/139
f 49/473/139 573/474/139 50/475/139
f 50/475/139 574/476/139 51/477/139
f 51/477/139 575/478/139 52/479/139
f 53/480/139 575/478/139 576/481/139
f 54/482/139 576/481/139 577/483/139
f 55/484/139 577/483/139 578/485/139
f 56/486/139 578/485/139 579/487/139
f 57/488/139 579/487/139 580/489/139
f 58/490/139 580/489/139 581/491/139
f 59/492/139 581/491/139 582/493/139
f 60/494/139 582/493/139 583/495/139
f 61/496/139 583/495/139 584/497/139
f 62/498/139 584/497/139 585/499/139
f 63/500/139 585/499/139 586/501/139
f 64/502/139 586/501/139 587/503/139
f 33/504/139 587/503/139 588/442/139
s 16
f 589/327/82 141/167/82 142/505/82
s 43
f 144/169/116 594/506/116 143/507/116
s 18
f 148/508/91 600/509/91 147/146/91
s 15
f 146/510/73 601/511/73 454/335/73
s 16
f 592/512/82 165/513/82 441/159/82
s 20
f 164/207/25 608/139/25 163/514/25
s 19
f 162/205/9 611/515/9 462/194/9
s 12
f 160/154/73 614/516/73 159/102/73
s 21
f 158/152/91 619/517/91 466/342/91
s 23
f 156/235/82 624/518/82 155/143/82
s 22
f 154/519/116 627/520/116 478/236/116
s 24
f 150/521/25 629/522/25 482/150/25
s 44
f 152/149/9 634/523/9 151/249/9
s 17
f 592/524/85 596/525/149 595/526/85
s 14
f 602/527/94 600/330/77 599/331/94
f 604/528/83 598/174/95 597/176/83
s 11
f 612/529/101 608/195/72 607/197/101
f 610/530/92 606/198/102 605/200/92
s 4
f 613/345/108 619/531/52 614/344/52
f 618/532/112 616/215/150 615/216/112
s 13
f 628/533/117 624/347/75 623/348/117
f 621/231/114 625/534/118 622/229/118
s 25
f 633/535/130 629/536/129 634/537/129
f 635/538/126 631/539/131 636/540/131
s 17
f 143/507/151 589/541/152 142/542/151
s 20
f 605/179/25 188/204/25 187/543/25
s 43
f 594/544/116 448/171/116 593/545/116
f 593/546/116 445/170/116 596/547/116
f 596/525/116 446/354/116 595/526/116
f 595/548/116 168/355/116 167/130/116
s 21
f 618/549/91 182/550/91 467/135/91
s 17
f 594/544/152 590/551/153 589/552/152
f 591/553/149 593/546/153 596/547/149
s 44
f 634/537/9 488/246/9 633/535/9
f 633/554/9 485/245/9 636/253/9
f 636/540/9 486/134/9 635/538/9
f 635/555/9 176/133/9 175/124/9
s 2
f 493/67/33 492/90/34 516/68/34
f 499/70/35 523/91/35 524/71/36
f 490/73/37 489/81/38 503/74/38
f 496/76/39 520/92/39 521/77/40
f 493/67/33 517/69/33 518/79/41
f 489/81/38 500/72/36 524/71/36
f 490/82/37 514/556/37 515/83/42
f 497/78/40 521/77/40 522/85/43
f 495/87/44 494/80/41 518/79/41
f 491/89/42 515/557/42 516/68/34
f 498/86/43 522/85/43 523/91/35
f 495/87/44 519/88/44 520/92/39
s 3
f 163/93/45 142/256/46 141/94/46
f 159/96/47 161/261/48 162/97/48
f 155/99/49 157/269/50 158/100/50
s 4
f 159/102/51 614/516/52 619/103/52
s 3
f 151/105/53 153/277/54 154/106/54
f 147/108/55 149/284/56 150/109/56
f 143/111/57 145/292/58 146/112/58
s 5
f 185/114/24 187/543/24 188/115/59
s 6
f 181/117/60 183/142/60 184/118/61
s 7
f 177/120/62 179/228/62 180/121/63
s 8
f 174/123/64 173/248/8 175/124/8
s 9
f 169/126/65 171/173/65 172/127/66
s 10
f 165/129/67 166/166/68 167/130/68
s 8
f 483/132/69 174/241/64 176/133/64
s 6
f 467/135/70 182/550/61 184/136/61
s 11
f 161/138/71 163/514/71 608/139/72
s 12
f 615/141/73 470/137/73 184/136/73
s 13
f 155/143/74 624/518/75 627/144/75
s 14
f 147/146/76 600/509/77 601/147/77
s 8
f 152/149/78 150/521/78 482/150/79
s 6
f 158/152/80 466/342/81 471/153/81
s 15
f 604/155/73 169/558/73 170/156/73
s 16
f 591/158/82 592/559/82 441/159/82
f 590/161/82 591/560/82 442/160/82
s 14
f 597/163/83 171/173/84 169/126/84
s 17
f 592/165/85 595/548/85 167/130/86
s 10
f 141/167/87 444/328/88 447/168/88
f 443/162/89 442/160/90 445/170/90
s 18
f 597/163/91 452/175/91 172/172/91
f 598/174/91 451/188/91 452/175/91
s 15
f 603/177/73 604/561/73 455/157/73
s 11
f 605/179/92 187/543/93 185/114/93
s 14
f 599/181/94 598/329/95 603/182/95
s 9
f 455/157/96 170/156/66 172/172/66
f 148/184/97 146/562/97 454/185/98
f 450/187/99 453/333/99 456/178/100
s 19
f 610/189/9 185/563/9 186/190/9
f 611/192/9 612/564/9 461/193/9
s 20
f 608/195/25 457/206/25 458/196/25
f 606/198/25 459/208/25 460/199/25
s 11
f 612/201/101 607/336/101 606/202/102
s 5
f 463/191/103 186/190/59 188/204/59
f 162/205/104 462/194/105 457/206/105
f 461/193/106 464/338/107 459/208/107
s 4
f 613/209/108 616/343/150 617/210/109
s 6
f 465/212/110 468/221/111 469/213/111
s 12
f 616/215/73 469/213/73 470/137/73
s 4
f 615/141/112 183/142/113 181/117/113
s 13
f 621/218/114 179/228/115 177/120/115
s 21
f 617/220/91 618/565/91 467/135/91
s 22
f 626/222/116 177/566/116 178/223/116
f 625/225/116 626/567/116 479/224/116
s 23
f 621/218/82 476/230/82 180/227/82
f 622/229/82 475/239/82 476/230/82
s 13
f 623/232/117 622/346/118 625/233/118
s 7
f 479/224/119 178/223/63 180/227/63
f 156/235/120 154/519/120 478/236/121
f 474/238/122 477/350/122 480/226/123
s 24
f 632/240/25 173/568/25 174/241/25
f 631/242/25 632/569/25 483/132/25
s 8
f 481/244/124 484/243/125 485/245/125
s 25
f 632/247/126 635/555/126 175/124/127
f 151/249/128 634/523/129 629/250/129
f 630/252/130 633/554/130 636/253/131
s 3
f 300/255/132 277/299/32 142/256/46
f 299/257/132 278/570/32 277/258/32
f 298/260/133 300/255/132 163/93/45
f 297/262/133 299/257/132 300/259/132
f 296/264/134 298/260/133 161/261/48
s 26
f 287/265/65 305/571/65 306/266/65
s 3
f 294/268/135 296/264/134 159/96/47
f 293/270/135 295/572/134 296/271/134
f 292/273/136 294/268/135 157/269/50
f 291/274/136 293/270/135 294/272/135
f 290/276/137 292/273/136 155/99/49
f 289/278/137 291/274/136 292/275/136
f 288/280/138 290/276/137 153/277/54
s 27
f 281/281/139 303/573/139 301/282/139
s 3
f 149/284/56 286/574/140 288/280/138
f 286/285/140 285/290/140 287/286/138
f 284/288/17 286/574/140 149/284/56
f 284/289/17 283/575/17 285/290/140
f 282/291/141 284/288/17 147/108/55
f 281/293/141 283/575/17 284/289/17
f 280/295/142 282/291/141 145/292/58
s 28
f 298/296/68 312/312/68 311/297/68
s 3
f 277/299/32 280/302/142 143/300/57
f 278/301/32 279/376/142 280/302/142
s 29
f 309/303/82 311/317/82 312/304/82
s 30
f 305/306/91 307/321/91 308/307/91
s 31
f 301/282/25 303/573/25 304/309/25
s 32
f 298/296/143 296/320/143 310/311/143
s 33
f 282/313/8 304/326/8 303/314/8
s 34
f 295/316/139 297/576/139 311/317/139
s 35
f 290/318/143 288/267/143 306/266/143
s 36
f 295/316/62 309/303/62 310/311/62
s 37
f 290/318/60 308/319/60 307/321/60
s 38
f 289/322/139 307/321/139 305/306/139
s 39
f 279/283/24 301/282/24 302/324/24
s 40
f 280/325/143 302/324/143 304/326/143
s 16
f 589/327/82 590/577/82 443/162/82
s 18
f 599/181/91 450/187/91 451/188/91
f 600/330/91 449/578/91 450/187/91
s 15
f 602/332/73 603/579/73 456/178/73
f 601/334/73 602/580/73 453/333/73
s 20
f 607/336/25 458/196/25 459/208/25
s 19
f 612/337/9 609/581/9 464/338/9
f 609/339/9 610/582/9 463/191/9
s 21
f 620/340/91 617/583/91 468/221/91
f 619/341/91 620/584/91 465/212/91
s 12
f 613/209/73 472/214/73 469/213/73
f 614/344/73 471/153/73 472/214/73
s 23
f 623/232/82 474/238/82 475/239/82
f 624/347/82 473/237/82 474/238/82
s 22
f 628/349/116 625/585/116 480/226/116
f 627/351/116 628/586/116 477/350/116
s 24
f 630/352/25 631/587/25 484/243/25
f 629/353/25 630/588/25 481/244/25
s 10
f 443/162/89 448/171/89 447/168/88
f 446/354/144 445/170/90 442/160/90
s 9
f 450/187/99 449/578/98 454/335/98
f 452/175/96 451/188/100 456/178/100
s 5
f 458/196/106 457/206/105 462/194/105
f 460/199/103 459/208/107 464/338/107
s 6
f 472/214/110 471/153/81 466/342/81
f 470/137/70 469/213/111 468/221/111
s 7
f 474/238/122 473/237/121 478/236/121
f 479/224/119 476/230/119 475/239/123
s 8
f 488/246/124 487/151/79 482/150/79
f 486/134/69 485/245/125 484/243/125
s 10
f 441/159/144 165/513/67 168/355/67
s 3
f 500/356/132 489/375/32 278/301/32
f 499/358/145 500/356/132 299/357/132
f 498/360/16 499/358/145 297/359/133
f 497/362/135 498/360/16 295/361/134
f 496/364/136 497/362/135 293/363/135
f 495/366/1 496/364/136 291/365/136
f 494/368/146 495/366/1 289/367/137
f 285/370/140 493/589/140 494/368/146
f 492/371/17 493/589/140 285/370/140
f 491/84/147 492/371/17 283/372/17
f 490/82/148 491/84/147 281/373/141
f 489/375/32 490/590/148 279/376/142
s 41
f 9/377/143 10/439/143 527/378/143
f 23/380/143 525/440/143 555/381/143
f 8/383/143 9/377/143 556/379/143
f 22/382/143 555/381/143 553/385/143
f 7/387/143 8/383/143 554/384/143
f 21/386/143 553/385/143 551/389/143
f 6/391/143 7/387/143 552/388/143
f 19/393/143 20/390/143 551/389/143
f 32/395/143 1/422/143 537/396/143
f 5/398/143 6/391/143 550/392/143
f 19/393/143 549/394/143 546/400/143
f 31/402/143 32/395/143 548/397/143
f 4/404/143 5/398/143 547/399/143
f 18/401/143 546/400/143 543/406/143
f 31/402/143 545/403/143 542/408/143
f 3/410/143 4/404/143 544/405/143
f 17/407/143 543/406/143 540/412/143
f 30/409/143 542/408/143 539/414/143
f 2/416/143 3/410/143 541/411/143
f 16/413/143 540/412/143 536/418/143
f 29/415/143 539/414/143 535/420/143
f 2/416/143 538/417/143 537/396/143
f 14/423/143 15/419/143 536/418/143
f 28/421/143 535/420/143 533/425/143
f 13/427/143 14/423/143 534/424/143
f 27/426/143 533/425/143 531/429/143
f 12/431/143 13/427/143 532/428/143
f 26/430/143 531/429/143 529/433/143
f 11/435/143 12/431/143 530/432/143
f 25/434/143 529/433/143 526/437/143
f 10/439/143 11/435/143 528/436/143
f 24/438/143 526/437/143 525/440/143
s 42
f 34/441/139 33/504/139 588/442/139
f 35/444/139 34/441/139 557/443/139
f 35/444/139 558/445/139 559/446/139
f 36/447/139 559/446/139 560/448/139
f 37/449/139 560/448/139 561/450/139
f 38/451/139 561/450/139 562/452/139
f 39/453/139 562/452/139 563/454/139
f 40/455/139 563/454/139 564/456/139
f 41/457/139 564/456/139 565/458/139
f 42/459/139 565/458/139 566/460/139
f 43/461/139 566/460/139 567/462/139
f 44/463/139 567/462/139 568/464/139
f 45/465/139 568/464/139 569/466/139
f 46/467/139 569/466/139 570/468/139
f 47/469/139 570/468/139 571/470/139
f 48/471/139 571/470/139 572/472/139
f 49/473/139 572/472/139 573/474/139
f 50/475/139 573/474/139 574/476/139
f 51/477/139 574/476/139 575/478/139
f 53/480/139 52/479/139 575/478/139
f 54/482/139 53/480/139 576/481/139
f 55/484/139 54/482/139 577/483/139
f 56/486/139 55/484/139 578/485/139
f 57/488/139 56/486/139 579/487/139
f 58/490/139 57/488/139 580/489/139
f 59/492/139 58/490/139 581/491/139
f 60/494/139 59/492/139 582/493/139
f 61/496/139 60/494/139 583/495/139
f 62/498/139 61/496/139 584/497/139
f 63/500/139 62/498/139 585/499/139
f 64/502/139 63/500/139 586/501/139
f 33/504/139 64/502/139 587/503/139
s 16
f 589/327/82 444/328/82 141/167/82
s 43
f 144/169/116 447/168/116 594/506/116
s 18
f 148/508/91 449/578/91 600/509/91
s 15
f 146/510/73 145/591/73 601/511/73
s 16
f 592/512/82 166/592/82 165/513/82
s 20
f 164/207/25 457/206/25 608/139/25
s 19
f 162/205/9 161/593/9 611/515/9
s 12
f 160/154/73 471/153/73 614/516/73
s 21
f 158/152/91 157/594/91 619/517/91
s 23
f 156/235/82 473/237/82 624/518/82
s 22
f 154/519/116 153/595/116 627/520/116
s 24
f 150/521/25 149/596/25 629/522/25
s 44
f 152/149/9 487/151/9 634/523/9
s 17
f 592/524/85 591/597/149 596/525/149
s 14
f 602/527/94 601/598/77 600/330/77
f 604/528/83 603/599/95 598/174/95
s 11
f 612/529/101 611/600/72 608/195/72
f 610/530/92 609/601/102 606/198/102
s 4
f 613/345/108 620/602/108 619/531/52
f 618/532/112 617/603/109 616/215/150
s 13
f 628/533/117 627/604/75 624/347/75
f 621/231/114 626/605/114 625/534/118
s 25
f 633/535/130 630/606/130 629/536/129
f 635/538/126 632/607/126 631/539/131
s 17
f 143/507/151 594/506/152 589/541/152
s 20
f 605/179/25 460/199/25 188/204/25
s 43
f 594/544/116 447/168/116 448/171/116
f 593/546/116 448/171/116 445/170/116
f 596/525/116 445/170/116 446/354/116
f 595/548/116 446/354/116 168/355/116
s 21
f 618/549/91 181/608/91 182/550/91
s 17
f 594/544/152 593/545/153 590/551/153
f 591/553/149 590/609/153 593/546/153
s 44
f 634/537/9 487/151/9 488/246/9
f 633/554/9 488/246/9 485/245/9
f 636/540/9 485/245/9 486/134/9
f 635/555/9 486/134/9 176/133/9
s 45
g LlantaDelanteraIzquierda.001_SpacialRoverExploreralumGrayDeep
usemtl SpacialRoverExploreralumGrayDeep
f 136/610/148 207/611/32 135/612/32
s 3
f 164/95/45 189/613/32 200/614/132
f 199/615/145 164/95/45 200/614/132
f 160/98/47 199/615/145 198/616/16
f 158/100/50 198/616/16 197/617/135
f 156/101/49 197/617/135 196/618/136
f 154/106/54 196/618/136 195/619/1
f 152/107/53 195/619/1 194/620/146
f 193/621/140 152/107/53 194/620/146
f 192/622/17 150/109/56 193/621/140
f 146/112/58 192/622/17 191/623/147
f 144/113/57 191/623/147 190/624/148
f 141/94/46 190/625/148 189/613/32
s 46
f 129/626/143 190/627/143 130/628/143
f 130/628/143 191/629/143 131/630/143
f 131/630/143 192/631/143 132/632/143
f 133/633/143 192/631/143 193/634/143
f 133/633/143 194/635/143 134/636/143
f 135/637/143 194/635/143 195/638/143
f 135/637/143 196/639/143 136/640/143
f 137/641/143 196/639/143 197/642/143
f 137/641/143 198/643/143 138/644/143
f 138/644/143 199/645/143 139/646/143
f 139/646/143 200/647/143 140/648/143
f 129/626/143 200/647/143 189/649/143
s 47
f 204/650/143 208/651/143 212/652/143
s 45
f 133/653/145 204/654/16 132/655/16
f 140/656/146 211/657/140 139/658/140
f 130/659/136 201/660/1 129/661/1
f 137/662/147 208/663/148 136/610/148
f 133/653/145 206/664/132 205/665/145
f 129/661/1 212/666/146 140/656/146
f 131/667/135 202/668/136 130/669/136
f 138/670/17 209/671/147 137/662/147
f 135/612/32 206/664/132 134/672/132
f 132/655/16 203/673/135 131/667/135
f 139/658/140 210/674/17 138/670/17
s 48
f 502/675/32 514/676/148 503/677/32
f 501/678/148 515/83/147 514/556/148
f 504/679/147 516/680/17 515/83/147
f 505/681/17 517/682/140 516/680/17
f 517/682/140 507/683/146 518/684/146
f 507/683/146 519/685/1 518/684/146
f 508/686/1 520/687/136 519/685/1
f 509/688/136 521/689/135 520/687/136
f 510/690/135 522/691/16 521/689/135
f 511/692/16 523/693/145 522/691/16
s 49
f 512/694/139 508/695/139 504/679/139
s 48
f 512/696/145 524/697/132 523/693/145
f 513/698/132 503/677/32 524/697/132
s 45
f 136/610/148 208/663/148 207/611/32
s 3
f 164/95/45 141/94/46 189/613/32
f 199/615/145 162/97/48 164/95/45
f 160/98/47 162/97/48 199/615/145
f 158/100/50 160/98/47 198/616/16
f 156/101/49 158/100/50 197/617/135
f 154/106/54 156/101/49 196/618/136
f 152/107/53 154/106/54 195/619/1
f 193/621/140 150/109/56 152/107/53
f 192/622/17 148/110/55 150/109/56
f 146/112/58 148/110/55 192/622/17
f 144/113/57 146/112/58 191/623/147
f 141/94/46 144/699/57 190/625/148
s 46
f 129/626/143 189/649/143 190/627/143
f 130/628/143 190/627/143 191/629/143
f 131/630/143 191/629/143 192/631/143
f 133/633/143 132/632/143 192/631/143
f 133/633/143 193/634/143 194/635/143
f 135/637/143 134/636/143 194/635/143
f 135/637/143 195/638/143 196/639/143
f 137/641/143 136/640/143 196/639/143
f 137/641/143 197/642/143 198/643/143
f 138/644/143 198/643/143 199/645/143
f 139/646/143 199/645/143 200/647/143
f 129/626/143 140/648/143 200/647/143
s 47
f 212/652/143 201/700/143 202/701/143
f 202/701/143 203/702/143 204/650/143
f 204/650/143 205/703/143 206/704/143
f 206/704/143 207/705/143 208/651/143
f 208/651/143 209/706/143 210/707/143
f 210/707/143 211/708/143 212/652/143
f 212/652/143 202/701/143 204/650/143
f 204/650/143 206/704/143 208/651/143
f 208/651/143 210/707/143 212/652/143
s 45
f 133/653/145 205/665/145 204/654/16
f 140/656/146 212/666/146 211/657/140
f 130/659/136 202/709/136 201/660/1
f 137/662/147 209/671/147 208/663/148
f 133/653/145 134/672/132 206/664/132
f 129/661/1 201/660/1 212/666/146
f 131/667/135 203/673/135 202/668/136
f 138/670/17 210/674/17 209/671/147
f 135/612/32 207/611/32 206/664/132
f 132/655/16 204/654/16 203/673/135
f 139/658/140 211/657/140 210/674/17
s 48
f 502/675/32 501/710/148 514/676/148
f 501/678/148 504/679/147 515/83/147
f 504/679/147 505/681/17 516/680/17
f 505/681/17 506/711/140 517/682/140
f 517/682/140 506/711/140 507/683/146
f 507/683/146 508/686/1 519/685/1
f 508/686/1 509/688/136 520/687/136
f 509/688/136 510/690/135 521/689/135
f 510/690/135 511/692/16 522/691/16
f 511/692/16 512/696/145 523/693/145
s 49
f 504/679/139 501/678/139 502/712/139
f 502/712/139 513/713/139 512/694/139
f 512/694/139 511/714/139 510/715/139
f 510/715/139 509/716/139 508/695/139
f 508/695/139 507/717/139 506/718/139
f 506/718/139 505/719/139 504/679/139
f 504/679/139 502/712/139 512/694/139
f 512/694/139 510/715/139 508/695/139
f 508/695/139 506/718/139 504/679/139
s 48
f 512/696/145 513/698/132 524/697/132
f 513/698/132 502/675/32 503/677/32
s 42
g LlantaDelanteraIzquierda.001_SpacialRoverExplorerwheels
usemtl SpacialRoverExplorerwheels
f 588/720/139 96/721/154 66/722/155
f 587/723/139 95/724/156 96/721/154
f 586/725/139 94/726/157 95/724/156
f 585/727/139 93/728/158 94/726/157
f 584/729/139 92/730/159 93/728/158
f 583/731/139 91/732/160 92/730/159
f 582/733/139 90/734/161 91/732/160
f 581/735/139 89/736/161 90/734/161
f 580/737/139 88/738/162 89/736/161
f 579/739/139 87/740/162 88/738/162
f 578/741/139 86/742/163 87/740/162
f 577/743/139 85/744/164 86/742/163
f 576/745/139 84/746/165 85/747/164
f 574/748/139 84/746/165 575/749/139
f 573/750/139 83/751/165 574/748/139
f 572/752/139 82/753/166 573/750/139
f 571/754/139 81/755/167 572/752/139
f 570/756/139 80/757/168 571/754/139
f 569/758/139 79/759/169 570/756/139
f 568/760/139 78/761/170 569/758/139
f 567/762/139 77/763/170 568/760/139
f 566/764/139 76/765/171 567/762/139
f 565/766/139 75/767/172 566/764/139
f 564/768/139 74/769/173 565/766/139
f 563/770/139 73/771/174 564/768/139
f 562/772/139 72/773/175 563/770/139
f 561/774/139 71/775/176 562/772/139
f 560/776/139 70/777/177 561/774/139
f 559/778/139 69/779/177 560/780/139
f 559/778/139 67/781/178 68/782/178
f 558/783/139 65/784/155 67/781/178
f 557/785/139 66/722/155 65/784/155
s 41
f 526/786/143 119/787/179 525/788/143
f 527/789/143 107/790/180 106/791/181
f 529/792/143 120/793/179 526/786/143
f 528/794/143 108/795/182 107/790/180
f 531/796/143 121/797/183 529/792/143
f 530/798/143 109/799/184 108/795/182
f 533/800/143 122/801/183 531/796/143
f 532/802/143 110/803/185 109/799/184
f 535/804/143 123/805/186 533/800/143
f 534/806/143 111/807/187 110/803/185
f 538/808/143 97/809/188 537/810/143
f 539/811/143 124/812/189 535/804/143
f 536/813/143 112/814/187 111/807/187
f 541/815/143 98/816/188 538/808/143
f 542/817/143 125/818/190 539/811/143
f 543/819/143 112/814/187 540/820/143
f 544/821/143 99/822/191 541/815/143
f 545/823/143 126/824/192 542/817/143
f 546/825/143 113/826/193 543/819/143
f 547/827/143 100/828/191 544/821/143
f 548/829/143 127/830/194 545/823/143
f 549/831/143 114/832/195 546/825/143
f 547/833/143 102/834/196 101/835/196
f 537/810/143 128/836/197 548/829/143
f 551/837/143 115/838/198 549/831/143
f 550/839/143 103/840/199 102/834/196
f 553/841/143 116/842/198 551/837/143
f 552/843/143 104/844/200 103/840/199
f 555/845/143 117/846/201 553/847/143
f 554/848/143 105/849/202 104/844/200
f 525/788/143 118/850/201 555/845/143
f 556/851/143 106/791/181 105/849/202
s 50
f 214/852/203 123/805/204 216/853/205
s 51
f 218/854/206 127/830/207 220/855/208
s 52
f 220/855/209 412/856/210 219/857/211
s 53
f 224/858/212 125/818/213 222/859/214
s 54
f 271/860/215 314/861/216 438/862/217
s 52
f 219/857/211 313/863/218 95/724/219
s 42
f 86/742/163 323/864/220 324/865/220
s 55
f 270/866/221 437/867/222 405/868/221
s 41
f 127/830/194 375/869/223 376/870/223
s 56
f 238/871/224 117/872/225 232/873/226
s 57
f 234/874/227 119/787/228 228/875/229
s 58
f 230/876/230 121/797/231 226/877/232
s 59
f 218/854/233 411/878/234 379/879/235
s 55
f 269/880/222 342/881/236 437/867/222
s 60
f 112/814/237 240/882/238 246/883/239
s 61
f 114/832/240 236/884/241 242/885/242
s 59
f 217/886/243 316/887/244 411/878/234
s 42
f 88/738/162 321/888/245 322/889/245
s 62
f 108/795/246 248/890/247 254/891/248
s 63
f 110/803/249 244/892/250 250/893/251
s 64
f 268/894/252 436/895/253 267/896/254
s 41
f 125/818/190 373/897/255 374/898/255
s 65
f 216/853/256 410/899/257 215/900/258
s 64
f 267/896/254 341/901/259 67/781/259
s 66
f 100/828/260 264/902/261 270/866/262
s 67
f 102/834/263 260/903/264 266/904/265
s 68
f 104/844/266 256/905/267 262/906/268
s 69
f 106/791/269 252/907/270 258/908/271
s 70
f 272/909/272 97/809/273 274/910/274
s 65
f 215/900/258 317/911/275 91/732/276
s 71
f 276/912/277 99/822/278 268/894/279
s 42
f 90/734/161 319/913/280 320/914/280
s 72
f 266/904/281 435/915/282 403/916/283
s 41
f 123/805/186 371/917/284 372/918/284
s 71
f 65/784/285 267/896/286 67/781/285
f 275/919/287 268/894/279 267/896/286
s 73
f 214/852/288 409/920/289 377/921/290
s 72
f 265/922/291 340/923/292 435/915/282
s 70
f 96/721/293 273/924/294 66/722/293
f 271/860/295 274/910/274 273/924/294
s 69
f 257/925/296 75/767/297 74/769/297
f 258/908/271 251/926/298 257/925/296
s 68
f 261/927/299 73/771/300 72/773/300
f 262/906/268 255/928/301 261/927/299
s 67
f 265/922/302 71/775/303 70/777/303
f 266/904/265 259/929/304 265/922/302
s 66
f 269/880/305 69/779/306 68/782/306
f 270/866/262 263/930/307 269/880/305
s 73
f 213/931/308 320/914/309 409/920/289
s 42
f 92/730/159 317/911/310 318/932/310
s 74
f 264/933/311 434/934/312 263/935/313
s 41
f 121/797/183 369/936/314 370/937/314
s 75
f 276/912/315 345/938/316 98/816/317
s 74
f 263/935/313 339/939/318 69/940/319
s 76
f 274/910/320 346/941/321 407/942/320
s 42
f 94/726/157 315/943/322 316/887/322
s 63
f 249/944/323 79/759/324 78/761/324
f 250/893/251 243/945/325 249/944/323
s 62
f 253/946/326 77/763/327 76/765/327
f 254/891/248 247/947/328 253/946/326
s 77
f 262/906/329 433/948/330 401/949/329
s 41
f 119/787/179 367/950/331 368/951/331
s 54
f 272/909/332 375/869/333 128/836/334
s 77
f 261/927/335 338/952/336 433/948/330
s 61
f 241/953/337 83/751/338 82/753/338
f 242/885/242 235/954/339 241/953/337
s 60
f 245/955/340 81/755/341 80/757/341
f 246/883/239 239/956/342 245/955/340
s 55
f 270/866/221 347/957/343 100/828/343
s 42
f 96/721/154 313/863/344 314/861/344
s 78
f 260/903/345 432/958/346 259/929/347
s 41
f 117/846/201 365/959/348 366/960/348
s 58
f 88/738/349 225/961/350 89/736/349
f 229/962/351 226/877/232 225/961/350
s 57
f 86/742/352 227/963/353 87/740/352
f 233/964/354 228/875/229 227/963/353
s 56
f 84/746/355 231/965/356 85/747/355
f 237/966/357 232/873/226 231/965/356
s 64
f 268/894/252 348/967/358 404/968/252
s 78
f 259/929/347 337/969/359 71/775/360
s 72
f 266/904/281 349/970/361 102/834/362
s 79
f 258/908/363 431/971/364 399/972/365
s 41
f 115/838/198 363/973/366 364/974/366
s 74
f 264/933/311 350/975/367 402/976/368
s 79
f 257/925/369 336/977/370 431/971/364
s 77
f 262/906/329 351/978/371 104/844/372
s 80
f 256/905/373 430/979/374 255/928/375
s 41
f 114/832/195 362/980/376 113/826/193
s 53
f 92/730/377 221/981/378 93/728/377
f 223/982/379 222/859/214 221/981/378
s 78
f 260/903/345 352/983/380 400/984/345
s 80
f 255/928/375 335/985/381 73/771/382
s 51
f 94/726/383 219/857/384 95/724/383
f 217/886/385 220/855/208 219/857/384
s 50
f 90/734/386 215/900/387 91/732/386
f 213/931/388 216/853/205 215/900/387
s 81
f 381/986/389 373/897/390 379/879/391
s 82
f 378/987/392 371/917/393 382/988/394
s 83
f 383/989/395 369/936/396 377/921/397
s 84
f 384/990/398 367/950/399 385/991/400
s 85
f 386/992/401 365/959/402 387/993/403
s 86
f 388/994/404 363/973/405 389/995/404
s 87
f 362/980/406 391/996/407 390/997/408
s 88
f 360/998/409 393/999/410 392/1000/411
s 89
f 358/1001/412 395/1002/413 394/1003/414
s 90
f 356/1004/415 397/1005/416 396/1006/417
s 91
f 354/1007/418 399/972/419 398/1008/420
s 92
f 352/983/421 401/949/422 400/984/423
s 93
f 350/975/424 403/916/425 402/976/426
s 94
f 348/967/427 405/868/428 404/968/428
s 95
f 407/942/429 345/938/430 408/1009/431
s 96
f 380/1010/432 375/869/433 406/1011/434
f 313/863/435 438/862/436 314/861/435
f 412/856/437 406/1011/434 438/862/436
s 95
f 343/1012/438 440/1013/439 344/1014/438
f 439/1015/440 408/1009/431 440/1013/439
s 94
f 436/895/441 342/881/442 341/901/442
f 404/968/428 437/867/441 436/895/441
s 93
f 434/934/443 340/923/444 339/939/444
f 402/976/426 435/915/445 434/934/443
s 92
f 432/958/446 338/952/447 337/969/447
f 400/984/423 433/948/448 432/958/446
s 91
f 430/979/449 336/977/450 335/985/450
f 398/1008/420 431/971/451 430/979/449
s 90
f 428/1016/452 334/1017/453 333/1018/453
f 396/1006/417 429/1019/454 428/1016/452
s 89
f 426/1020/455 332/1021/456 331/1022/456
f 394/1003/414 427/1023/457 426/1020/455
s 88
f 424/1024/458 330/1025/459 329/1026/459
f 392/1000/411 425/1027/460 424/1024/458
s 87
f 422/1028/461 328/1029/462 327/1030/462
f 390/997/408 423/1031/463 422/1028/461
s 86
f 325/1032/464 421/1033/465 326/1034/464
f 388/994/404 421/1033/465 420/1035/465
s 85
f 323/864/466 419/1036/467 324/865/466
f 418/1037/468 387/993/403 419/1036/467
s 84
f 321/888/469 417/1038/470 322/889/469
f 416/1039/471 385/991/400 417/1038/470
s 83
f 319/913/472 409/920/473 320/914/472
f 415/1040/474 377/921/397 409/920/473
s 82
f 317/911/475 414/1041/476 318/932/475
f 410/899/477 382/988/394 414/1041/476
s 81
f 315/943/478 411/878/479 316/887/478
f 413/1042/480 379/879/391 411/878/479
s 54
f 272/909/332 438/862/217 406/1011/332
s 42
f 83/751/165 326/1034/481 84/746/165
s 97
f 221/981/482 315/943/483 93/728/484
s 76
f 273/924/485 343/1012/486 66/722/487
s 97
f 222/859/488 413/1042/489 221/981/482
s 76
f 274/910/320 439/1015/490 273/924/485
s 42
f 81/755/167 328/1029/491 82/753/166
s 98
f 223/982/492 318/932/493 414/1041/494
s 75
f 275/919/495 344/1014/496 440/1013/495
s 98
f 224/858/497 414/1041/494 382/988/497
s 75
f 276/912/315 440/1013/495 408/1009/498
s 42
f 79/759/169 330/1025/499 80/757/168
s 99
f 225/961/500 319/913/501 89/736/502
f 226/877/503 415/1040/504 225/961/500
s 42
f 77/763/170 332/1021/505 78/761/170
s 100
f 227/963/506 321/888/507 87/740/508
f 228/875/509 416/1039/510 227/963/506
s 42
f 75/767/172 334/1017/511 76/765/171
s 101
f 229/962/512 322/889/513 417/1038/514
f 230/876/515 417/1038/514 385/991/515
s 42
f 73/771/174 336/977/516 74/769/173
s 102
f 231/1043/517 323/864/518 85/744/519
f 232/1044/520 418/1037/521 231/1043/517
s 73
f 214/852/288 369/936/522 122/801/523
s 42
f 71/775/176 338/952/524 72/773/175
s 103
f 233/964/525 324/865/526 419/1036/527
s 65
f 216/853/256 372/918/528 378/987/529
s 103
f 234/874/530 419/1036/527 387/993/531
s 59
f 218/854/233 373/897/532 126/824/533
s 42
f 69/940/177 340/923/534 70/777/177
s 104
f 235/954/535 325/1032/536 83/751/537
s 52
f 220/855/209 376/870/538 380/1010/539
s 104
f 236/884/540 420/1035/535 235/954/535
s 97
f 222/859/488 374/898/541 381/986/542
s 42
f 68/782/178 341/901/543 342/881/543
s 105
f 237/966/544 326/1034/545 421/1033/544
s 98
f 224/858/497 371/917/546 124/812/547
s 105
f 238/871/548 421/1033/544 389/995/548
s 99
f 226/877/503 370/937/549 383/989/550
s 42
f 65/784/155 343/1012/551 344/1014/551
s 106
f 239/956/552 327/1030/553 81/755/554
s 100
f 228/875/509 368/951/555 384/990/556
s 41
f 97/809/188 345/938/557 346/941/557
s 106
f 240/882/558 422/1028/559 239/956/552
s 101
f 230/876/515 367/950/560 120/793/561
s 107
f 241/953/562 328/1029/563 423/1031/564
s 102
f 232/1044/520 366/960/565 386/992/566
s 41
f 100/828/191 348/967/567 99/822/191
s 107
f 242/885/568 423/1031/564 391/996/569
s 103
f 234/874/530 365/959/570 118/850/571
s 108
f 243/945/572 329/1026/573 79/759/574
s 104
f 236/884/540 364/974/575 388/994/576
s 41
f 102/834/196 350/975/577 101/835/196
s 108
f 244/892/578 424/1024/579 243/945/572
s 105
f 238/871/548 363/973/580 116/842/581
s 109
f 245/955/582 330/1025/583 425/1027/584
s 106
f 240/882/558 362/980/585 390/997/558
s 41
f 104/844/200 352/983/586 103/840/199
s 109
f 246/883/587 425/1027/584 393/999/587
s 107
f 242/885/568 361/1045/588 114/832/589
s 110
f 247/947/590 331/1022/591 77/763/592
s 108
f 244/892/578 360/998/593 392/1000/578
s 41
f 106/791/181 354/1007/594 105/849/202
s 110
f 248/890/595 426/1020/596 247/947/590
s 109
f 246/883/587 359/1046/597 112/814/598
s 111
f 249/944/599 332/1021/600 427/1023/601
s 110
f 248/890/595 358/1001/602 394/1003/603
s 41
f 108/795/182 356/1004/604 107/790/180
s 111
f 250/893/605 427/1023/601 395/1002/606
f 250/893/605 357/1047/607 110/803/608
s 112
f 251/926/609 333/1018/610 75/767/611
f 252/907/612 356/1004/613 396/1006/612
s 41
f 110/803/185 358/1001/614 109/799/184
s 112
f 252/907/612 428/1016/615 251/926/609
s 113
f 254/891/616 355/1048/617 108/795/618
f 253/946/619 334/1017/620 429/1019/621
s 80
f 256/905/373 354/1007/622 398/1008/623
s 41
f 112/814/187 360/998/624 111/807/187
s 113
f 254/891/616 429/1019/621 397/1005/625
s 79
f 258/908/363 353/1049/626 106/791/627
s 42
f 588/720/139 587/723/139 96/721/154
f 587/723/139 586/725/139 95/724/156
f 586/725/139 585/727/139 94/726/157
f 585/727/139 584/729/139 93/728/158
f 584/729/139 583/731/139 92/730/159
f 583/731/139 582/733/139 91/732/160
f 582/733/139 581/735/139 90/734/161
f 581/735/139 580/737/139 89/736/161
f 580/737/139 579/739/139 88/738/162
f 579/739/139 578/741/139 87/740/162
f 578/741/139 577/743/139 86/742/163
f 577/743/139 576/1050/139 85/744/164
f 576/745/139 575/749/139 84/746/165
f 574/748/139 83/751/165 84/746/165
f 573/750/139 82/753/166 83/751/165
f 572/752/139 81/755/167 82/753/166
f 571/754/139 80/757/168 81/755/167
f 570/756/139 79/759/169 80/757/168
f 569/758/139 78/761/170 79/759/169
f 568/760/139 77/763/170 78/761/170
f 567/762/139 76/765/171 77/763/170
f 566/764/139 75/767/172 76/765/171
f 565/766/139 74/769/173 75/767/172
f 564/768/139 73/771/174 74/769/173
f 563/770/139 72/773/175 73/771/174
f 562/772/139 71/775/176 72/773/175
f 561/774/139 70/777/177 71/775/176
f 560/776/139 69/940/177 70/777/177
f 559/778/139 68/782/178 69/779/177
f 559/778/139 558/783/139 67/781/178
f 558/783/139 557/785/139 65/784/155
f 557/785/139 588/720/139 66/722/155
s 41
f 526/786/143 120/793/179 119/787/179
f 527/789/143 528/794/143 107/790/180
f 529/792/143 121/797/183 120/793/179
f 528/794/143 530/798/143 108/795/182
f 531/796/143 122/801/183 121/797/183
f 530/798/143 532/802/143 109/799/184
f 533/800/143 123/805/186 122/801/183
f 532/802/143 534/806/143 110/803/185
f 535/804/143 124/812/189 123/805/186
f 534/806/143 536/813/143 111/807/187
f 538/808/143 98/816/188 97/809/188
f 539/811/143 125/818/190 124/812/189
f 536/813/143 540/820/143 112/814/187
f 541/815/143 99/822/191 98/816/188
f 542/817/143 126/824/192 125/818/190
f 543/819/143 113/826/193 112/814/187
f 544/821/143 100/828/191 99/822/191
f 545/823/143 127/830/194 126/824/192
f 546/825/143 114/832/195 113/826/193
f 547/827/143 101/1051/196 100/828/191
f 548/829/143 128/836/197 127/830/194
f 549/831/143 115/838/198 114/832/195
f 547/833/143 550/839/143 102/834/196
f 537/810/143 97/809/188 128/836/197
f 551/837/143 116/842/198 115/838/198
f 550/839/143 552/843/143 103/840/199
f 553/841/143 117/872/201 116/842/198
f 552/843/143 554/848/143 104/844/200
f 555/845/143 118/850/201 117/846/201
f 554/848/143 556/851/143 105/849/202
f 525/788/143 119/787/179 118/850/201
f 556/851/143 527/789/143 106/791/181
s 50
f 214/852/203 122/801/204 123/805/204
s 51
f 218/854/206 126/824/207 127/830/207
s 52
f 220/855/209 380/1010/539 412/856/210
s 53
f 224/858/212 124/812/213 125/818/213
s 54
f 271/860/215 96/721/628 314/861/216
s 52
f 219/857/211 412/856/210 313/863/218
s 42
f 86/742/163 85/744/164 323/864/220
s 55
f 270/866/221 269/880/222 437/867/222
s 41
f 127/830/194 128/836/197 375/869/223
s 56
f 238/871/224 116/842/225 117/872/225
s 57
f 234/874/227 118/850/228 119/787/228
s 58
f 230/876/230 120/793/231 121/797/231
s 59
f 218/854/233 217/886/243 411/878/234
s 55
f 269/880/222 68/782/236 342/881/236
s 60
f 112/814/237 113/826/237 240/882/238
s 61
f 114/832/240 115/838/240 236/884/241
s 59
f 217/886/243 94/726/629 316/887/244
s 42
f 88/738/162 87/740/162 321/888/245
s 62
f 108/795/246 109/799/246 248/890/247
s 63
f 110/803/249 111/807/249 244/892/250
s 64
f 268/894/252 404/968/252 436/895/253
s 41
f 125/818/190 126/824/192 373/897/255
s 65
f 216/853/256 378/987/529 410/899/257
s 64
f 267/896/254 436/895/253 341/901/259
s 66
f 100/828/260 101/1051/260 264/902/261
s 67
f 102/834/263 103/840/263 260/903/264
s 68
f 104/844/266 105/849/266 256/905/267
s 69
f 106/791/269 107/790/269 252/907/270
s 70
f 272/909/272 128/836/273 97/809/273
s 65
f 215/900/258 410/899/257 317/911/275
s 71
f 276/912/277 98/816/278 99/822/278
s 42
f 90/734/161 89/736/161 319/913/280
s 72
f 266/904/281 265/922/291 435/915/282
s 41
f 123/805/186 124/812/189 371/917/284
s 71
f 65/784/285 275/919/287 267/896/286
f 275/919/287 276/912/277 268/894/279
s 73
f 214/852/288 213/931/308 409/920/289
s 72
f 265/922/291 70/777/630 340/923/292
s 70
f 96/721/293 271/860/295 273/924/294
f 271/860/295 272/909/272 274/910/274
s 69
f 257/925/296 251/926/298 75/767/297
f 258/908/271 252/907/270 251/926/298
s 68
f 261/927/299 255/928/301 73/771/300
f 262/906/268 256/905/267 255/928/301
s 67
f 265/922/302 259/929/304 71/775/303
f 266/904/265 260/903/264 259/929/304
s 66
f 269/880/305 263/930/307 69/779/306
f 270/866/262 264/902/261 263/930/307
s 73
f 213/931/308 90/734/631 320/914/309
s 42
f 92/730/159 91/732/160 317/911/310
s 74
f 264/933/311 402/976/368 434/934/312
s 41
f 121/797/183 122/801/183 369/936/314
s 75
f 276/912/315 408/1009/498 345/938/316
s 74
f 263/935/313 434/934/312 339/939/318
s 76
f 274/910/320 97/809/632 346/941/321
s 42
f 94/726/157 93/728/158 315/943/322
s 63
f 249/944/323 243/945/325 79/759/324
f 250/893/251 244/892/250 243/945/325
s 62
f 253/946/326 247/947/328 77/763/327
f 254/891/248 248/890/247 247/947/328
s 77
f 262/906/329 261/927/335 433/948/330
s 41
f 119/787/179 120/793/179 367/950/331
s 54
f 272/909/332 406/1011/332 375/869/333
s 77
f 261/927/335 72/773/633 338/952/336
s 61
f 241/953/337 235/954/339 83/751/338
f 242/885/242 236/884/241 235/954/339
s 60
f 245/955/340 239/956/342 81/755/341
f 246/883/239 240/882/238 239/956/342
s 55
f 270/866/221 405/868/221 347/957/343
s 42
f 96/721/154 95/724/156 313/863/344
s 78
f 260/903/345 400/984/345 432/958/346
s 41
f 117/846/201 118/850/201 365/959/348
s 58
f 88/738/349 229/962/351 225/961/350
f 229/962/351 230/876/230 226/877/232
s 57
f 86/742/352 233/964/354 227/963/353
f 233/964/354 234/874/227 228/875/229
s 56
f 84/746/355 237/966/357 231/965/356
f 237/966/357 238/871/224 232/873/226
s 64
f 268/894/252 99/822/634 348/967/358
s 78
f 259/929/347 432/958/346 337/969/359
s 72
f 266/904/281 403/916/283 349/970/361
s 79
f 258/908/363 257/925/369 431/971/364
s 41
f 115/838/198 116/842/198 363/973/366
s 74
f 264/933/311 101/835/635 350/975/367
s 79
f 257/925/369 74/769/636 336/977/370
s 77
f 262/906/329 401/949/329 351/978/371
s 80
f 256/905/373 398/1008/623 430/979/374
s 41
f 114/832/195 361/1045/376 362/980/376
s 53
f 92/730/377 223/982/379 221/981/378
f 223/982/379 224/858/212 222/859/214
s 78
f 260/903/345 103/840/637 352/983/380
s 80
f 255/928/375 430/979/374 335/985/381
s 51
f 94/726/383 217/886/385 219/857/384
f 217/886/385 218/854/206 220/855/208
s 50
f 90/734/386 213/931/388 215/900/387
f 213/931/388 214/852/203 216/853/205
s 81
f 381/986/389 374/898/390 373/897/390
s 82
f 378/987/392 372/918/393 371/917/393
s 83
f 383/989/395 370/937/396 369/936/396
s 84
f 384/990/398 368/951/399 367/950/399
s 85
f 386/992/401 366/960/402 365/959/402
s 86
f 388/994/404 364/974/405 363/973/405
s 87
f 362/980/406 361/1045/406 391/996/407
s 88
f 360/998/409 359/1046/409 393/999/410
s 89
f 358/1001/412 357/1047/412 395/1002/413
s 90
f 356/1004/415 355/1048/415 397/1005/416
s 91
f 354/1007/418 353/1049/418 399/972/419
s 92
f 352/983/421 351/978/421 401/949/422
s 93
f 350/975/424 349/970/424 403/916/425
s 94
f 348/967/427 347/957/427 405/868/428
s 95
f 407/942/429 346/941/430 345/938/430
s 96
f 380/1010/432 376/870/433 375/869/433
f 313/863/435 412/856/437 438/862/436
f 412/856/437 380/1010/432 406/1011/434
s 95
f 343/1012/438 439/1015/440 440/1013/439
f 439/1015/440 407/942/429 408/1009/431
s 94
f 436/895/441 437/867/441 342/881/442
f 404/968/428 405/868/428 437/867/441
s 93
f 434/934/443 435/915/445 340/923/444
f 402/976/426 403/916/425 435/915/445
s 92
f 432/958/446 433/948/448 338/952/447
f 400/984/423 401/949/422 433/948/448
s 91
f 430/979/449 431/971/451 336/977/450
f 398/1008/420 399/972/419 431/971/451
s 90
f 428/1016/452 429/1019/454 334/1017/453
f 396/1006/417 397/1005/416 429/1019/454
s 89
f 426/1020/455 427/1023/457 332/1021/456
f 394/1003/414 395/1002/413 427/1023/457
s 88
f 424/1024/458 425/1027/460 330/1025/459
f 392/1000/411 393/999/410 425/1027/460
s 87
f 422/1028/461 423/1031/463 328/1029/462
f 390/997/408 391/996/407 423/1031/463
s 86
f 325/1032/464 420/1035/465 421/1033/465
f 388/994/404 389/995/404 421/1033/465
s 85
f 323/864/466 418/1037/468 419/1036/467
f 418/1037/468 386/992/401 387/993/403
s 84
f 321/888/469 416/1039/471 417/1038/470
f 416/1039/471 384/990/398 385/991/400
s 83
f 319/913/472 415/1040/474 409/920/473
f 415/1040/474 383/989/395 377/921/397
s 82
f 317/911/475 410/899/477 414/1041/476
f 410/899/477 378/987/392 382/988/394
s 81
f 315/943/478 413/1042/480 411/878/479
f 413/1042/480 381/986/389 379/879/391
s 54
f 272/909/332 271/860/215 438/862/217
s 42
f 83/751/165 325/1032/638 326/1034/481
s 97
f 221/981/482 413/1042/489 315/943/483
s 76
f 273/924/485 439/1015/490 343/1012/486
s 97
f 222/859/488 381/986/542 413/1042/489
s 76
f 274/910/320 407/942/320 439/1015/490
s 42
f 81/755/167 327/1030/491 328/1029/491
s 98
f 223/982/492 92/730/639 318/932/493
s 75
f 275/919/495 65/784/640 344/1014/496
s 98
f 224/858/497 223/982/492 414/1041/494
s 75
f 276/912/315 275/919/495 440/1013/495
s 42
f 79/759/169 329/1026/499 330/1025/499
s 99
f 225/961/500 415/1040/504 319/913/501
f 226/877/503 383/989/550 415/1040/504
s 42
f 77/763/170 331/1022/505 332/1021/505
s 100
f 227/963/506 416/1039/510 321/888/507
f 228/875/509 384/990/556 416/1039/510
s 42
f 75/767/172 333/1018/511 334/1017/511
s 101
f 229/962/512 88/738/641 322/889/513
f 230/876/515 229/962/512 417/1038/514
s 42
f 73/771/174 335/985/516 336/977/516
s 102
f 231/1043/517 418/1037/521 323/864/518
f 232/1044/520 386/992/566 418/1037/521
s 73
f 214/852/288 377/921/290 369/936/522
s 42
f 71/775/176 337/969/524 338/952/524
s 103
f 233/964/525 86/742/642 324/865/526
s 65
f 216/853/256 123/805/643 372/918/528
s 103
f 234/874/530 233/964/525 419/1036/527
s 59
f 218/854/233 379/879/235 373/897/532
s 42
f 69/940/177 339/939/534 340/923/534
s 104
f 235/954/535 420/1035/535 325/1032/536
s 52
f 220/855/209 127/830/644 376/870/538
s 104
f 236/884/540 388/994/576 420/1035/535
s 97
f 222/859/488 125/818/645 374/898/541
s 42
f 68/782/178 67/781/178 341/901/543
s 105
f 237/966/544 84/746/545 326/1034/545
s 98
f 224/858/497 382/988/497 371/917/546
s 105
f 238/871/548 237/966/544 421/1033/544
s 99
f 226/877/503 121/797/646 370/937/549
s 42
f 65/784/155 66/722/155 343/1012/551
s 106
f 239/956/552 422/1028/559 327/1030/553
s 100
f 228/875/509 119/787/647 368/951/555
s 41
f 97/809/188 98/816/188 345/938/557
s 106
f 240/882/558 390/997/558 422/1028/559
s 101
f 230/876/515 385/991/515 367/950/560
s 107
f 241/953/562 82/753/648 328/1029/563
s 102
f 232/1044/520 117/846/649 366/960/565
s 41
f 100/828/191 347/957/567 348/967/567
s 107
f 242/885/568 241/953/562 423/1031/564
s 103
f 234/874/530 387/993/531 365/959/570
s 108
f 243/945/572 424/1024/579 329/1026/573
s 104
f 236/884/540 115/838/575 364/974/575
s 41
f 102/834/196 349/970/577 350/975/577
s 108
f 244/892/578 392/1000/578 424/1024/579
s 105
f 238/871/548 389/995/548 363/973/580
s 109
f 245/955/582 80/757/650 330/1025/583
s 106
f 240/882/558 113/826/651 362/980/585
s 41
f 104/844/200 351/978/586 352/983/586
s 109
f 246/883/587 245/955/582 425/1027/584
s 107
f 242/885/568 391/996/569 361/1045/588
s 110
f 247/947/590 426/1020/596 331/1022/591
s 108
f 244/892/578 111/807/652 360/998/593
s 41
f 106/791/181 353/1049/594 354/1007/594
s 110
f 248/890/595 394/1003/603 426/1020/596
s 109
f 246/883/587 393/999/587 359/1046/597
s 111
f 249/944/599 78/761/653 332/1021/600
s 110
f 248/890/595 109/799/654 358/1001/602
s 41
f 108/795/182 355/1048/604 356/1004/604
s 111
f 250/893/605 249/944/599 427/1023/601
f 250/893/605 395/1002/606 357/1047/607
s 112
f 251/926/609 428/1016/615 333/1018/610
f 252/907/612 107/790/655 356/1004/613
s 41
f 110/803/185 357/1047/614 358/1001/614
s 112
f 252/907/612 396/1006/612 428/1016/615
s 113
f 254/891/616 397/1005/625 355/1048/617
f 253/946/619 76/765/656 334/1017/620
s 80
f 256/905/373 105/849/657 354/1007/622
s 41
f 112/814/187 359/1046/658 360/998/624
s 113
f 254/891/616 253/946/619 429/1019/621
s 79
f 258/908/363 399/972/365 353/1049/626
