# Blender 5.2.2 LTS
# www.blender.org
mtllib LlantaTraseraIzquierda.mtl
g LlantaTraseraIzquierda.001_LlantaTraseraIzquierda.001
v 0.899814 -0.026384 1.424520
v 0.879620 -0.201560 1.424520
v 0.825638 -0.369430 1.424520
v 0.739944 -0.523543 1.424520
v 0.625830 -0.657977 1.424520
v 0.487683 -0.767567 1.424520
v 0.330810 -0.848097 1.424520
v 0.161241 -0.896478 1.424520
v -0.014509 -0.910846 1.424520
v -0.189685 -0.890652 1.424520
v -0.357555 -0.836671 1.424520
v -0.511668 -0.750975 1.424520
v -0.646102 -0.636863 1.424520
v -0.755690 -0.498714 1.424520
v -0.836222 -0.341842 1.424520
v -0.884602 -0.172273 1.424520
v -0.898970 0.003477 1.424520
v -0.878776 0.178652 1.424520
v -0.824794 0.346523 1.424520
v -0.739100 0.500636 1.424520
v -0.624987 0.635071 1.424520
v -0.486839 0.744659 1.424520
v -0.329966 0.825190 1.424520
v -0.160397 0.873570 1.424520
v 0.015353 0.887939 1.424520
v 0.190529 0.867745 1.424520
v 0.358399 0.813763 1.424520
v 0.512512 0.728069 1.424520
v 0.646946 0.613954 1.424520
v 0.756534 0.475808 1.424520
v 0.837066 0.318935 1.424520
v 0.885446 0.149366 1.424520
v 0.899814 -0.026384 0.384520
v 0.879620 -0.201560 0.384520
v 0.825638 -0.369429 0.384520
v 0.739944 -0.523543 0.384520
v 0.625830 -0.657976 0.384520
v 0.487683 -0.767566 0.384520
v 0.330810 -0.848097 0.384520
v 0.161241 -0.896477 0.384520
v -0.014509 -0.910846 0.384520
v -0.189685 -0.890651 0.384520
v -0.357555 -0.836668 0.384520
v -0.511668 -0.750974 0.384520
v -0.646102 -0.636863 0.384520
v -0.755690 -0.498713 0.384520
v -0.836222 -0.341841 0.384522
v -0.884602 -0.172271 0.384520
v -0.898970 0.003479 0.384520
v -0.878776 0.178654 0.384520
v -0.824794 0.346524 0.384522
v -0.739100 0.500638 0.384520
v -0.624987 0.635072 0.384522
v -0.486839 0.744659 0.384520
v -0.329966 0.825191 0.384520
v -0.160397 0.873570 0.384520
v 0.015353 0.887939 0.384520
v 0.190529 0.867745 0.384520
v 0.358399 0.813763 0.384520
v 0.512512 0.728070 0.384520
v 0.646946 0.613956 0.384520
v 0.756534 0.475809 0.384520
v 0.837066 0.318936 0.384520
v 0.885445 0.149366 0.384520
v 1.001191 -0.229238 0.384520
v 1.024084 -0.030655 0.384520
v 0.939997 -0.419538 0.384520
v 0.842852 -0.594244 0.384520
v 0.713491 -0.746641 0.384520
v 0.556884 -0.870872 0.384520
v 0.379050 -0.962165 0.384520
v 0.186822 -1.017009 0.384520
v -0.012411 -1.033298 0.384520
v -0.210994 -1.010405 0.384520
v -0.401295 -0.949210 0.384520
v -0.576001 -0.852066 0.384520
v -0.728398 -0.722705 0.384520
v -0.852630 -0.566098 0.384520
v -0.943921 -0.388263 0.384522
v -0.998766 -0.196036 0.384520
v -1.015054 0.003197 0.384520
v -0.992161 0.201780 0.384520
v -0.930967 0.392081 0.384522
v -0.833822 0.566787 0.384520
v -0.704461 0.719184 0.384522
v -0.547854 0.843415 0.384520
v -0.370020 0.934707 0.384520
v -0.177792 0.989551 0.384520
v 0.021441 1.005840 0.384520
v 0.220024 0.982948 0.384520
v 0.410325 0.921753 0.384520
v 0.585030 0.824609 0.384520
v 0.737428 0.695247 0.384520
v 0.861659 0.538640 0.384520
v 0.952952 0.360806 0.384520
v 1.007795 0.168579 0.384520
v 1.028832 -0.028527 1.424520
v 1.005741 -0.228832 1.424520
v 0.944016 -0.420782 1.424520
v 0.846028 -0.597003 1.424520
v 0.715546 -0.750721 1.424520
v 0.557581 -0.876030 1.424520
v 0.378204 -0.968115 1.424520
v 0.184310 -1.023434 1.424520
v -0.016651 -1.039863 1.424520
v -0.216956 -1.016773 1.424520
v -0.408907 -0.955047 1.424520
v -0.585127 -0.857060 1.424520
v -0.738846 -0.726578 1.424520
v -0.864155 -0.568612 1.424520
v -0.956238 -0.389236 1.424520
v -1.011558 -0.195341 1.424520
v -1.027988 0.005619 1.424520
v -1.004897 0.205923 1.424520
v -0.943171 0.397874 1.424520
v -0.845184 0.574096 1.424520
v -0.714702 0.727815 1.424520
v -0.556737 0.853124 1.424520
v -0.377360 0.945207 1.424520
v -0.183466 1.000527 1.424520
v 0.017495 1.016957 1.424520
v 0.217800 0.993865 1.424520
v 0.409751 0.932140 1.424520
v 0.585971 0.834154 1.424520
v 0.739690 0.703670 1.424520
v 0.864999 0.545704 1.424520
v 0.957082 0.366329 1.424520
v 1.012402 0.172434 1.424520
v 0.002023 0.085005 1.364519
v -0.046421 0.072883 1.364519
v -0.082314 0.038163 1.364519
v -0.096037 -0.009853 1.364519
v -0.083915 -0.058296 1.364519
v -0.049195 -0.094190 1.364519
v -0.001180 -0.107912 1.364519
v 0.047264 -0.095791 1.364519
v 0.083157 -0.061070 1.364519
v 0.096881 -0.013055 1.364519
v 0.084758 0.035389 1.364519
v 0.050038 0.071282 1.364519
v 0.003741 0.188518 1.241186
v 0.003741 0.188518 1.087852
v -0.096690 0.163387 1.087852
v -0.096690 0.163387 1.241186
v -0.171100 0.091407 1.087852
v -0.171100 0.091407 1.241186
v -0.199551 -0.008134 1.087852
v -0.199551 -0.008134 1.241186
v -0.174419 -0.108565 1.087852
v -0.174419 -0.108565 1.241186
v -0.102440 -0.182976 1.087852
v -0.102440 -0.182976 1.241186
v -0.002898 -0.211426 1.087852
v -0.002898 -0.211426 1.241186
v 0.097533 -0.186293 1.087852
v 0.097533 -0.186293 1.241186
v 0.171943 -0.114315 1.087852
v 0.171943 -0.114315 1.241186
v 0.200394 -0.014773 1.087852
v 0.200394 -0.014773 1.241186
v 0.175263 0.085657 1.087852
v 0.175263 0.085657 1.241186
v 0.103283 0.160067 1.087852
v 0.103283 0.160067 1.241186
v -0.166184 0.867581 0.741186
v -0.166184 0.867581 0.487853
v -0.266615 0.842450 0.487853
v -0.266615 0.842450 0.741186
v -0.844147 0.283780 0.487852
v -0.844147 0.283779 0.741186
v -0.872599 0.184238 0.487852
v -0.872599 0.184238 0.741186
v -0.677542 -0.595255 0.487852
v -0.677542 -0.595255 0.741185
v -0.605562 -0.669665 0.487852
v -0.605562 -0.669665 0.741185
v 0.167027 -0.890487 0.487852
v 0.167027 -0.890487 0.741185
v 0.267458 -0.865356 0.487852
v 0.267458 -0.865356 0.741185
v 0.844991 -0.306686 0.487852
v 0.844991 -0.306687 0.741185
v 0.873442 -0.207144 0.487852
v 0.873442 -0.207145 0.741185
v 0.678385 0.572348 0.487852
v 0.678385 0.572348 0.741186
v 0.606406 0.646759 0.487852
v 0.606406 0.646757 0.741186
v 0.003741 0.188518 1.364519
v -0.096690 0.163387 1.364519
v -0.171100 0.091407 1.364519
v -0.199551 -0.008134 1.364519
v -0.174419 -0.108565 1.364519
v -0.102440 -0.182976 1.364519
v -0.002898 -0.211427 1.364519
v 0.097533 -0.186294 1.364519
v 0.171943 -0.114315 1.364519
v 0.200394 -0.014773 1.364519
v 0.175263 0.085657 1.364519
v 0.103283 0.160067 1.364519
v 0.002023 0.085005 1.264520
v -0.046421 0.072883 1.264520
v -0.082314 0.038163 1.264520
v -0.096037 -0.009853 1.264520
v -0.083915 -0.058296 1.264520
v -0.049195 -0.094189 1.264520
v -0.001180 -0.107911 1.264520
v 0.047264 -0.095791 1.264520
v 0.083157 -0.061070 1.264520
v 0.096881 -0.013055 1.264520
v 0.084758 0.035389 1.264520
v 0.050038 0.071282 1.264520
v 0.240964 1.086505 0.713854
v 0.240148 1.090508 1.095188
v 0.450900 1.018996 0.713854
v 0.450690 1.022805 1.095188
v 0.948803 0.596354 0.713854
v 0.950028 0.598944 1.095188
v 1.049514 0.400170 0.713854
v 1.051029 0.402196 1.095188
v 0.811753 0.769119 0.713854
v 0.812583 0.772208 1.095188
v 0.643632 0.911828 0.713854
v 0.643977 0.915328 1.095188
v 0.021891 1.111759 0.713854
v 0.020444 1.115836 1.095188
v -0.409960 1.033287 0.713854
v -0.412652 1.037137 1.095188
v -0.197899 1.093790 0.713854
v -0.199979 1.097814 1.095188
v -0.778909 0.795526 0.713854
v -0.782664 0.798690 1.095188
v -0.606143 0.932576 0.713854
v -0.609400 0.936135 1.095188
v -1.028786 0.434672 0.713854
v -1.033261 0.436797 1.095188
v -0.921617 0.627405 0.713854
v -0.925784 0.630084 1.095188
v -1.121549 0.005664 0.713854
v -1.126291 0.006552 1.095188
v -1.096294 0.224737 0.713854
v -1.100964 0.226256 1.095188
v -1.043077 -0.426187 0.713854
v -1.047593 -0.426543 1.095188
v -1.103579 -0.214125 0.713854
v -1.108270 -0.213871 1.095188
v -0.805315 -0.795135 0.713854
v -0.809146 -0.796556 1.095187
v -0.942365 -0.622370 0.713854
v -0.946591 -0.623291 1.095187
v -0.444462 -1.045012 0.713854
v -0.447253 -1.047153 1.095187
v -0.637194 -0.937845 0.713854
v -0.640541 -0.939677 1.095187
v -0.015453 -1.137775 0.713854
v -0.017008 -1.140183 1.095187
v -0.234526 -1.112520 0.713854
v -0.236712 -1.114856 1.095187
v 0.416398 -1.059304 0.713854
v 0.416088 -1.061485 1.095187
v 0.204336 -1.119807 0.713854
v 0.203415 -1.122162 1.095187
v 0.785346 -0.821543 0.713854
v 0.786100 -0.823037 1.095187
v 0.612581 -0.958591 0.713854
v 0.612836 -0.960483 1.095187
v 1.035223 -0.460689 0.713854
v 1.036697 -0.461144 1.095187
v 0.928055 -0.653420 0.713854
v 0.929220 -0.654433 1.095187
v 1.110017 0.188109 0.713854
v 1.111706 0.189523 1.095188
v 1.127987 -0.031681 0.713854
v 1.129727 -0.030900 1.095188
v 1.102732 -0.250753 0.713854
v 1.104400 -0.250604 1.095188
v 0.003741 0.188519 0.650075
v 0.003741 0.188519 0.552297
v -0.096690 0.163388 0.552297
v -0.096690 0.163388 0.650075
v -0.171100 0.091408 0.552297
v -0.171100 0.091408 0.650075
v -0.199551 -0.008134 0.552297
v -0.199551 -0.008134 0.650075
v -0.174419 -0.108565 0.552296
v -0.174419 -0.108565 0.650075
v -0.102440 -0.182976 0.552296
v -0.102440 -0.182976 0.650075
v -0.002898 -0.211426 0.552296
v -0.002898 -0.211426 0.650075
v 0.097533 -0.186293 0.552296
v 0.097533 -0.186293 0.650075
v 0.171943 -0.114315 0.552296
v 0.171943 -0.114315 0.650075
v 0.200394 -0.014773 0.552297
v 0.200394 -0.014773 0.650075
v 0.175263 0.085658 0.552297
v 0.175263 0.085658 0.650075
v 0.103283 0.160068 0.552297
v 0.103283 0.160068 0.650075
v -0.583380 0.666510 0.552297
v -0.583380 0.666510 0.650075
v -0.657791 0.594530 0.552297
v -0.657791 0.594530 0.650075
v -0.294811 -0.856022 0.552296
v -0.294811 -0.856022 0.650074
v -0.195270 -0.884473 0.552296
v -0.195270 -0.884473 0.650074
v 0.879456 0.155152 0.552297
v 0.879456 0.155152 0.650075
v 0.854325 0.255583 0.552297
v 0.854325 0.255583 0.650075
v 0.995722 0.377609 0.389722
v 1.053034 0.176731 0.389722
v 0.770500 0.727100 0.389722
v 0.900323 0.563445 0.389722
v 0.428678 0.963798 0.389722
v 0.611245 0.862283 0.389722
v 0.022294 1.051670 0.389722
v 0.229814 1.027746 0.389722
v -0.386782 0.977335 0.389722
v -0.185904 1.034648 0.389722
v -0.736273 0.752114 0.389722
v -0.572618 0.881936 0.389722
v -0.972971 0.410291 0.389722
v -0.871455 0.592858 0.389722
v -1.060842 0.003909 0.389722
v -1.036920 0.211426 0.389722
v -0.986509 -0.405169 0.389721
v -1.043821 -0.204291 0.389721
v -0.761287 -0.754659 0.389721
v -0.891109 -0.591005 0.389721
v -0.419464 -0.991359 0.389721
v -0.602032 -0.889842 0.389721
v -0.013081 -1.079230 0.389721
v -0.220600 -1.055306 0.389721
v 0.395995 -1.004895 0.389721
v 0.195118 -1.062207 0.389721
v 0.745486 -0.779674 0.389721
v 0.581832 -0.909496 0.389721
v 0.982185 -0.437850 0.389721
v 0.880669 -0.620419 0.389721
v 1.070056 -0.031468 0.389722
v 1.046133 -0.238986 0.389721
v 1.050887 -0.238562 1.419321
v 1.075018 -0.029243 1.419321
v 0.883988 -0.623301 1.419321
v 0.986384 -0.439150 1.419321
v 0.582560 -0.914884 1.419321
v 0.747634 -0.783937 1.419320
v 0.192493 -1.068921 1.419321
v 0.395112 -1.011113 1.419321
v -0.226830 -1.061961 1.419321
v -0.017511 -1.086090 1.419321
v -0.611569 -0.895061 1.419320
v -0.427418 -0.997457 1.419320
v -0.903153 -0.593633 1.419321
v -0.772205 -0.758706 1.419321
v -1.057189 -0.203565 1.419321
v -0.999380 -0.406186 1.419321
v -1.050228 0.215757 1.419321
v -1.074358 0.006439 1.419321
v -0.883329 0.600496 1.419321
v -0.985725 0.416345 1.419321
v -0.581901 0.892080 1.419320
v -0.746974 0.761133 1.419321
v -0.191833 1.046117 1.419321
v -0.394453 0.988308 1.419321
v 0.227489 1.039156 1.419321
v 0.018171 1.063286 1.419321
v 0.612229 0.872257 1.419321
v 0.428078 0.974653 1.419321
v 0.903812 0.570829 1.419320
v 0.772864 0.735902 1.419321
v 1.057849 0.180760 1.419320
v 1.000040 0.383380 1.419321
v 0.263916 1.200817 1.093282
v 0.495511 1.126344 1.093282
v 1.044783 0.660098 1.093282
v 1.155885 0.443673 1.093282
v 0.893593 0.850688 1.093282
v 0.708127 1.008120 1.093282
v 0.022242 1.228678 1.093282
v -0.454164 1.142110 1.093282
v -0.220224 1.208855 1.093282
v -0.861177 0.879819 1.093282
v -0.670587 1.031008 1.093282
v -1.136834 0.481736 1.093282
v -1.018608 0.694352 1.093282
v -1.239167 0.008467 1.093282
v -1.211307 0.250141 1.093282
v -1.152599 -0.467939 1.093282
v -1.219344 -0.233999 1.093282
v -0.890308 -0.874952 1.093282
v -1.041497 -0.684361 1.093282
v -0.492225 -1.150608 1.093282
v -0.704842 -1.032383 1.093282
v -0.018956 -1.252942 1.093282
v -0.260630 -1.225081 1.093282
v 0.457450 -1.166374 1.093282
v 0.223510 -1.233119 1.093282
v 0.864462 -0.904083 1.093282
v 0.673873 -1.055271 1.093282
v 1.140119 -0.506000 1.093282
v 1.021895 -0.718616 1.093282
v 1.222630 0.209735 1.093282
v 1.242453 -0.032732 1.093282
v 1.214593 -0.274405 1.093282
v 0.264813 1.196414 0.715762
v 0.495743 1.122154 0.715762
v 1.043436 0.657248 0.715762
v 1.154218 0.441446 0.715762
v 0.892681 0.847290 0.715762
v 0.707748 1.004270 0.715762
v 0.023833 1.224194 0.715762
v -0.451203 1.137875 0.715762
v -0.217936 1.204428 0.715762
v -0.857047 0.876337 0.715762
v -0.667004 1.027092 0.715762
v -1.131911 0.479399 0.715762
v -1.014026 0.691404 0.715762
v -1.233951 0.007490 0.715762
v -1.206170 0.248469 0.715762
v -1.147631 -0.467546 0.715761
v -1.214184 -0.234279 0.715761
v -0.886094 -0.873390 0.715761
v -1.036848 -0.683347 0.715761
v -0.489155 -1.148255 0.715761
v -0.701160 -1.030370 0.715761
v -0.017246 -1.250294 0.715761
v -0.258226 -1.222513 0.715761
v 0.457790 -1.163975 0.715761
v 0.224523 -1.230528 0.715761
v 0.863634 -0.902437 0.715761
v 0.673592 -1.053191 0.715761
v 1.138498 -0.505499 0.715761
v 1.020613 -0.717504 0.715761
v 1.220772 0.208178 0.715762
v 1.240538 -0.033590 0.715762
v 1.212757 -0.274569 0.715761
v -0.118678 0.677738 1.060536
v -0.093139 0.575676 1.199105
v -0.069303 0.480425 1.283265
v -0.033043 0.335518 1.306127
v -0.193570 0.550543 1.199106
v -0.219109 0.652606 1.060536
v -0.133474 0.310386 1.306127
v -0.169735 0.455293 1.283265
v -0.345247 0.033510 1.306127
v -0.488871 0.074560 1.283265
v -0.583278 0.101544 1.199106
v -0.684436 0.130457 1.060536
v -0.460420 0.174101 1.283265
v -0.316796 0.133051 1.306127
v -0.655985 0.229998 1.060536
v -0.554827 0.201084 1.199106
v 0.212195 0.265422 1.306127
v 0.319558 0.369279 1.283265
v 0.390130 0.437547 1.199106
v 0.465749 0.510696 1.060536
v 0.391538 0.294870 1.283265
v 0.284175 0.191012 1.306127
v 0.537729 0.436286 1.060536
v 0.462110 0.363136 1.199106
v 0.461263 -0.197007 1.283265
v 0.317639 -0.155958 1.306127
v 0.656828 -0.252905 1.060536
v 0.555671 -0.223992 1.199106
v 0.584122 -0.124451 1.199106
v 0.685280 -0.153364 1.060536
v 0.346090 -0.056417 1.306127
v 0.489714 -0.097468 1.283265
v 0.134317 -0.333292 1.306127
v 0.170578 -0.478199 1.283266
v 0.194413 -0.573451 1.199105
v 0.219953 -0.675514 1.060536
v 0.070147 -0.503331 1.283265
v 0.033886 -0.358424 1.306127
v 0.119522 -0.700644 1.060536
v 0.093982 -0.598583 1.199105
v -0.390695 -0.317776 1.283265
v -0.283332 -0.213919 1.306127
v -0.536885 -0.459193 1.060536
v -0.461267 -0.386044 1.199106
v -0.389287 -0.460454 1.199105
v -0.464905 -0.533602 1.060536
v -0.211352 -0.288329 1.306127
v -0.318715 -0.392186 1.283266
v 0.003741 0.188519 0.031853
v -0.096690 0.163388 0.031853
v -0.171100 0.091408 0.031853
v -0.199551 -0.008134 0.031853
v -0.174419 -0.108565 0.031853
v -0.102440 -0.182976 0.031853
v -0.002898 -0.211426 0.031853
v 0.097533 -0.186293 0.031853
v 0.171943 -0.114315 0.031853
v 0.200394 -0.014773 0.031853
v 0.175263 0.085658 0.031853
v 0.103283 0.160069 0.031853
v -0.125823 0.215840 -0.249728
v 0.004737 0.248511 -0.249728
v 0.004737 0.248511 0.031807
v -0.222556 0.122267 -0.249728
v -0.259542 -0.007138 -0.249728
v -0.226872 -0.137697 -0.249728
v -0.133298 -0.234432 -0.249728
v -0.003894 -0.271416 -0.249728
v 0.126666 -0.238746 -0.249728
v 0.223399 -0.145172 -0.249728
v 0.260386 -0.015769 -0.249728
v 0.227715 0.114792 -0.249728
v 0.134141 0.211524 -0.249728
v -0.125823 0.215840 0.031807
v -0.222556 0.122267 0.031807
v -0.259542 -0.007138 0.031807
v -0.226872 -0.137697 0.031807
v -0.133298 -0.234432 0.031807
v -0.003894 -0.271416 0.031807
v 0.126666 -0.238746 0.031807
v 0.223399 -0.145172 0.031807
v 0.260386 -0.015769 0.031807
v 0.227715 0.114792 0.031807
v 0.134141 0.211524 0.031807
v -0.353663 0.885199 1.424520
v -0.171931 0.937049 1.424520
v -0.203320 -0.953711 1.424520
v -0.383231 -0.895859 1.424520
v 0.016424 0.952448 1.424520
v -0.548398 -0.804018 1.424520
v 0.204164 0.930805 1.424520
v -0.692474 -0.681720 1.424520
v 0.384075 0.872952 1.424520
v -0.809923 -0.533664 1.424520
v 0.549242 0.781111 1.424520
v -0.896230 -0.365539 1.424520
v 0.964323 -0.027455 1.424520
v 0.942680 -0.215196 1.424520
v 0.693318 0.658813 1.424520
v -0.948080 -0.183808 1.424520
v 0.884827 -0.395106 1.424520
v 0.810767 0.510757 1.424520
v -0.963479 0.004548 1.424520
v 0.792986 -0.560274 1.424520
v 0.897074 0.342631 1.424520
v -0.941836 0.192289 1.424520
v 0.670688 -0.704349 1.424520
v 0.948924 0.160900 1.424520
v -0.883983 0.372198 1.424520
v 0.522632 -0.821798 1.424520
v -0.792142 0.537367 1.424520
v 0.354507 -0.908106 1.424520
v -0.669844 0.681443 1.424520
v 0.172775 -0.959956 1.424520
v -0.521788 0.798891 1.424520
v -0.015580 -0.975355 1.424520
v 0.940405 -0.215400 0.384520
v 0.882817 -0.394484 0.384520
v 0.791398 -0.558893 0.384520
v 0.669661 -0.702308 0.384520
v 0.522283 -0.819218 0.384520
v 0.354930 -0.905131 0.384520
v 0.174031 -0.956743 0.384520
v -0.013460 -0.972071 0.384520
v -0.200339 -0.950527 0.384520
v -0.379425 -0.892940 0.384520
v -0.543834 -0.801522 0.384520
v -0.687250 -0.679783 0.384520
v -0.804160 -0.532406 0.384520
v -0.890072 -0.365052 0.384522
v -0.941684 -0.184154 0.384520
v -0.957012 0.003338 0.384520
v -0.935469 0.190217 0.384520
v -0.877880 0.369303 0.384522
v -0.786461 0.533713 0.384520
v -0.664724 0.677128 0.384522
v -0.517347 0.794038 0.384520
v -0.349993 0.879950 0.384520
v -0.169095 0.931561 0.384520
v 0.018397 0.946891 0.384520
v 0.205276 0.925346 0.384520
v 0.384362 0.867759 0.384520
v 0.548771 0.776340 0.384520
v 0.692187 0.654602 0.384520
v 0.809097 0.507224 0.384520
v 0.895009 0.339870 0.384520
v 0.946621 0.158973 0.384520
v 0.961949 -0.028520 0.384520
v -0.024397 0.300968 1.137531
v -0.076445 0.508963 1.104717
v -0.085997 0.547135 1.070989
v -0.122656 0.693633 0.872091
v -0.176876 0.483832 1.104717
v -0.124828 0.275837 1.137531
v -0.223087 0.668502 0.872091
v -0.186428 0.522004 1.070989
v -0.700191 0.134960 0.872091
v -0.554992 0.093459 1.070989
v -0.517157 0.082645 1.104717
v -0.311004 0.023722 1.137531
v -0.282553 0.123263 1.137531
v -0.488707 0.182186 1.104717
v -0.526541 0.192999 1.070989
v -0.671740 0.234501 0.872091
v 0.477526 0.522087 0.872091
v 0.368985 0.417091 1.070989
v 0.340703 0.389733 1.104717
v 0.186597 0.240661 1.137531
v 0.440965 0.342682 1.070989
v 0.549506 0.447677 0.872091
v 0.258577 0.166251 1.137531
v 0.412683 0.315323 1.104717
v 0.518001 -0.105552 1.104717
v 0.311847 -0.046629 1.137531
v 0.701035 -0.157866 0.872091
v 0.555835 -0.116367 1.070989
v 0.527384 -0.215906 1.070989
v 0.672583 -0.257408 0.872091
v 0.283396 -0.146170 1.137531
v 0.489550 -0.205094 1.104717
v 0.223930 -0.691408 0.872092
v 0.187272 -0.544912 1.070988
v 0.177720 -0.506738 1.104717
v 0.125672 -0.298743 1.137531
v 0.086841 -0.570042 1.070988
v 0.123499 -0.716540 0.872092
v 0.025241 -0.323874 1.137531
v 0.077289 -0.531871 1.104717
v -0.257734 -0.189157 1.137531
v -0.411840 -0.338230 1.104717
v -0.440122 -0.365588 1.070989
v -0.548663 -0.470585 0.872092
v -0.339860 -0.412641 1.104717
v -0.185754 -0.263569 1.137531
v -0.476683 -0.544995 0.872092
v -0.368142 -0.439998 1.070989
vn -0.0166 -0.9999 -0.0000
vn 0.1788 -0.9839 -0.0000
vn -0.2113 -0.9774 -0.0000
vn 0.3673 -0.9301 -0.0000
vn -0.3980 -0.9174 -0.0000
vn -0.5693 -0.8221 -0.0000
vn 0.5417 -0.8406 -0.0000
vn -0.7187 -0.6953 -0.0000
vn 0.6953 -0.7187 -0.0000
vn 0.8221 -0.5693 -0.0000
vn -0.8406 -0.5417 -0.0000
vn -0.9301 -0.3673 -0.0000
vn 0.9174 -0.3980 -0.0000
vn 0.9774 -0.2113 -0.0000
vn -0.9839 -0.1788 -0.0000
vn 0.9999 -0.0166 -0.0000
vn -0.9999 0.0166 -0.0000
vn -0.9774 0.2113 -0.0000
vn 0.9839 0.1788 -0.0000
vn -0.9174 0.3980 -0.0000
vn 0.9301 0.3673 -0.0000
vn 0.8406 0.5417 -0.0000
vn -0.8221 0.5693 -0.0000
vn 0.7187 0.6953 -0.0000
vn -0.6953 0.7187 -0.0000
vn -0.5417 0.8406 -0.0000
vn 0.5693 0.8221 -0.0000
vn -0.3673 0.9301 -0.0000
vn 0.3980 0.9174 -0.0000
vn -0.1788 0.9839 -0.0000
vn 0.2113 0.9774 -0.0000
vn 0.0166 0.9999 -0.0000
vn -0.0007 -0.0004 1.0000
vn -0.0008 -0.0000 1.0000
vn 0.0007 0.0004 1.0000
vn 0.0004 0.0007 1.0000
vn -0.0004 0.0007 1.0000
vn -0.0000 0.0008 1.0000
vn 0.0004 -0.0007 1.0000
vn 0.0007 -0.0004 1.0000
vn -0.0004 -0.0007 1.0000
vn -0.0007 0.0004 1.0000
vn 0.0008 -0.0000 1.0000
vn -0.0000 -0.0008 1.0000
vn 0.4360 0.9000 -0.0000
vn 0.1055 0.9944 -0.0000
vn 0.9974 0.0724 -0.0000
vn 0.9139 0.4059 -0.0000
vn 0.5614 -0.8275 -0.0000
vn 0.8085 -0.5886 -0.0000
vn 0.3788 -0.1083 -0.9191
vn 0.1213 -0.0347 -0.9920
vn -0.4360 -0.9000 -0.0000
vn -0.1055 -0.9944 -0.0000
vn -0.9974 -0.0724 -0.0000
vn -0.9139 -0.4059 -0.0000
vn -0.5614 0.8275 -0.0000
vn -0.8085 0.5886 -0.0000
vn 0.7188 0.6953 -0.0000
vn 0.6918 0.6692 0.2714
vn 0.9615 -0.2748 -0.0000
vn 0.9254 -0.2645 0.2714
vn 0.2427 -0.9701 -0.0000
vn 0.2336 -0.9337 0.2714
vn -0.6918 -0.6692 0.2714
vn -0.9615 0.2748 -0.0000
vn -0.9254 0.2645 0.2714
vn -0.2336 0.9337 0.2714
vn -0.2427 0.9701 -0.0000
vn -0.5934 -0.5740 0.5643
vn 0.7938 -0.2269 0.5643
vn 0.2831 0.2739 -0.9191
vn 0.0907 0.0877 -0.9920
vn 0.2748 0.9615 -0.0000
vn 0.0956 -0.3821 -0.9191
vn 0.0306 -0.1224 -0.9920
vn -0.3788 0.1083 -0.9191
vn -0.1213 0.0347 -0.9920
vn 0.2831 0.2739 0.9191
vn 0.0907 0.0877 0.9920
vn -0.3787 0.1083 0.9191
vn -0.1213 0.0347 0.9920
vn 0.9701 0.2427 -0.0000
vn 0.9701 0.2428 -0.0000
vn 0.8232 -0.2353 -0.5167
vn 0.8713 -0.2490 -0.4229
vn 0.2078 -0.8305 -0.5167
vn 0.2200 -0.8791 -0.4229
vn 0.0956 -0.3821 0.9191
vn 0.0306 -0.1224 0.9920
vn -0.1013 0.4046 0.9089
vn -0.1767 0.7060 0.6859
vn -0.2748 -0.9615 -0.0000
vn -0.6154 -0.5953 -0.5167
vn -0.6513 -0.6300 -0.4229
vn 0.4010 -0.1146 -0.9089
vn 0.6997 -0.2000 -0.6859
vn -0.7938 0.2269 0.5643
vn 0.3787 -0.1083 0.9191
vn 0.1213 -0.0347 0.9920
vn -0.4010 0.1146 0.9089
vn -0.6997 0.2000 0.6859
vn -0.2998 -0.2900 -0.9089
vn -0.5231 -0.5060 -0.6859
vn 0.5934 0.5740 0.5643
vn -0.2831 -0.2739 0.9191
vn -0.0907 -0.0877 0.9920
vn 0.2998 0.2900 0.9089
vn 0.5231 0.5060 0.6859
vn -0.4010 0.1146 -0.9089
vn -0.6997 0.2000 -0.6859
vn 0.4010 -0.1146 0.9089
vn 0.6997 -0.2000 0.6859
vn -0.8232 0.2353 -0.5167
vn -0.8713 0.2490 -0.4229
vn -0.2078 0.8305 -0.5167
vn -0.2200 0.8791 -0.4229
vn -0.9701 -0.2428 -0.0000
vn -0.9701 -0.2427 -0.0000
vn -0.1012 0.4046 -0.9089
vn -0.1767 0.7060 -0.6859
vn -0.1013 0.4046 -0.9089
vn 0.2004 -0.8009 0.5643
vn -0.0956 0.3821 0.9191
vn -0.0306 0.1224 0.9920
vn 0.1012 -0.4046 0.9089
vn 0.1767 -0.7060 0.6859
vn -0.2998 -0.2900 0.9089
vn -0.5231 -0.5060 0.6859
vn 0.6154 0.5953 -0.5167
vn 0.6513 0.6300 -0.4229
vn -0.2831 -0.2739 -0.9191
vn -0.0907 -0.0877 -0.9920
vn 0.2998 0.2900 -0.9089
vn 0.5231 0.5060 -0.6859
vn 0.5143 0.8576 -0.0000
vn 0.8275 0.5614 -0.0000
vn 0.9944 -0.1055 -0.0000
vn 0.8576 -0.5143 -0.0000
vn 0.8084 -0.5886 -0.0000
vn 0.4856 -0.8742 -0.0000
vn 0.0724 -0.9974 -0.0000
vn -0.5886 -0.8084 -0.0000
vn -0.0000 -0.0000 -1.0000
vn -0.8742 -0.4856 -0.0000
vn -0.9000 0.4360 -0.0000
vn -0.4059 0.9139 -0.0000
vn -0.2428 0.9701 -0.0000
vn -0.0000 -0.0000 1.0000
vn -0.6953 0.7188 -0.0000
vn -0.2004 0.8009 0.5643
vn -0.5230 -0.5060 0.6859
vn 0.8742 0.4855 -0.0000
vn -0.5143 -0.8576 -0.0000
vn -0.8576 0.5143 -0.0000
vn -0.4856 0.8742 -0.0000
vn 0.1767 -0.7060 -0.6859
vn -0.1766 0.7060 -0.6859
vn -0.0956 0.3821 -0.9191
vn -0.0306 0.1224 -0.9920
vn 0.1012 -0.4046 -0.9089
vn 0.6953 -0.7188 -0.0000
vn -0.4855 0.8742 -0.0000
vn 0.8742 0.4856 -0.0000
vn 0.4855 -0.8742 -0.0000
vn 0.0394 0.0112 -0.9992
vn 0.0406 -0.0047 -0.9992
vn 0.0393 0.0112 -0.9992
vn 0.0321 0.0255 -0.9992
vn 0.0321 0.0254 -0.9992
vn 0.0199 0.0359 -0.9992
vn 0.0199 0.0358 -0.9992
vn 0.0047 0.0408 -0.9992
vn 0.0047 0.0407 -0.9992
vn -0.0113 0.0395 -0.9992
vn -0.0255 0.0322 -0.9992
vn -0.0359 0.0200 -0.9992
vn -0.0408 0.0047 -0.9992
vn -0.0394 -0.0113 -0.9992
vn -0.0395 -0.0113 -0.9992
vn -0.0321 -0.0255 -0.9992
vn -0.0322 -0.0255 -0.9992
vn -0.0199 -0.0358 -0.9992
vn -0.0047 -0.0406 -0.9992
vn -0.0047 -0.0407 -0.9992
vn 0.0112 -0.0393 -0.9992
vn 0.0112 -0.0394 -0.9992
vn 0.0254 -0.0320 -0.9992
vn 0.0357 -0.0199 -0.9992
vn -0.0111 0.0390 0.9992
vn -0.0197 -0.0355 0.9992
vn -0.0047 -0.0404 0.9992
vn -0.0198 -0.0355 0.9992
vn 0.0047 0.0403 0.9992
vn -0.0318 -0.0252 0.9992
vn 0.0046 0.0403 0.9992
vn 0.0198 0.0355 0.9992
vn -0.0390 -0.0111 0.9992
vn 0.0405 -0.0047 0.9992
vn 0.0197 0.0355 0.9992
vn 0.0404 -0.0047 0.9992
vn 0.0319 0.0253 0.9992
vn 0.0356 -0.0198 0.9992
vn 0.0318 0.0252 0.9992
vn -0.0402 0.0046 0.9992
vn 0.0391 0.0112 0.9992
vn -0.0403 0.0046 0.9992
vn 0.0253 -0.0319 0.9992
vn -0.0354 0.0197 0.9992
vn 0.0112 -0.0391 0.9992
vn -0.0252 0.0318 0.9992
vn -0.0252 0.0317 0.9992
vn 0.3031 0.9426 0.1397
vn 0.2932 0.9118 0.2875
vn 0.3032 0.9428 0.1389
vn 0.8805 0.4520 0.1429
vn 0.8513 0.4370 0.2904
vn 0.8806 0.4521 0.1422
vn -0.3678 0.9299 -0.0039
vn -0.3668 0.9303 -0.0037
vn -0.3666 0.9304 -0.0037
vn 0.6406 0.7547 0.1414
vn 0.6195 0.7298 0.2890
vn 0.6407 0.7548 0.1406
vn 0.1782 -0.9840 0.0031
vn 0.1771 -0.9842 0.0034
vn 0.1784 -0.9840 0.0030
vn -0.3654 0.9308 -0.0041
vn -0.3652 0.9309 -0.0042
vn -0.0705 0.0888 -0.9936
vn -0.0705 0.0889 -0.9935
vn -0.5694 -0.8221 -0.0005
vn -0.5692 -0.8222 -0.0005
vn 0.1080 0.0308 0.9937
vn -0.7553 0.6411 0.1360
vn -0.7309 0.6204 0.2844
vn -0.7553 0.6411 0.1359
vn -0.4524 0.8813 0.1368
vn -0.4378 0.8527 0.2849
vn -0.4524 0.8813 0.1364
vn -0.0807 0.9871 0.1381
vn -0.0781 0.9550 0.2860
vn -0.0807 0.9872 0.1374
vn 0.5423 -0.8402 0.0044
vn 0.5412 -0.8409 0.0042
vn -0.5691 -0.8223 -0.0005
vn -0.9554 -0.0781 0.2849
vn -0.9873 -0.0807 0.1368
vn -0.9874 -0.0807 0.1364
vn -0.9127 0.2935 0.2844
vn -0.9431 0.3033 0.1360
vn -0.9432 0.3033 0.1359
vn 0.5410 -0.8410 0.0043
vn 0.5397 -0.8418 0.0047
vn -0.0311 0.1090 -0.9936
vn -0.6198 -0.7302 0.2875
vn -0.6408 -0.7549 0.1397
vn -0.6409 -0.7550 0.1389
vn -0.8525 -0.4376 0.2860
vn -0.8811 -0.4523 0.1381
vn -0.8812 -0.4524 0.1374
vn 0.3979 0.9174 -0.0005
vn 0.3980 0.9174 -0.0005
vn 0.3981 0.9174 -0.0005
vn 0.0880 0.0698 0.9937
vn 0.0879 0.0698 0.9937
vn -0.9177 0.3972 -0.0050
vn -0.9171 0.3986 -0.0048
vn -0.9170 0.3988 -0.0048
vn 0.3982 0.9173 -0.0005
vn 0.7291 -0.6189 0.2921
vn 0.7544 -0.6404 0.1444
vn 0.7544 -0.6404 0.1443
vn 0.4369 -0.8510 0.2915
vn 0.4519 -0.8804 0.1439
vn 0.4520 -0.8804 0.1435
vn 0.0780 -0.9537 0.2904
vn 0.0806 -0.9864 0.1429
vn 0.0807 -0.9865 0.1422
vn -0.2931 -0.9114 0.2890
vn -0.3031 -0.9424 0.1414
vn -0.3031 -0.9425 0.1406
vn 0.9863 0.0806 0.1439
vn 0.9534 0.0779 0.2915
vn 0.9864 0.0806 0.1435
vn -0.9163 0.4004 -0.0054
vn -0.9162 0.4006 -0.0054
vn 0.9420 -0.3029 0.1444
vn 0.9105 -0.2928 0.2921
vn 0.9420 -0.3029 0.1443
vn 0.0130 0.1125 -0.9936
vn -0.8408 -0.5414 -0.0024
vn -0.8404 -0.5420 -0.0023
vn 0.0545 0.0980 0.9937
vn 0.9084 -0.2921 -0.2992
vn 0.9409 -0.3026 -0.1519
vn 0.9410 -0.3026 -0.1518
vn 0.9776 -0.2106 0.0048
vn 0.9773 -0.2120 0.0046
vn -0.8403 -0.5421 -0.0023
vn -0.8399 -0.5427 -0.0025
vn 0.9508 0.0777 -0.2997
vn 0.9850 0.0805 -0.1527
vn 0.9851 0.0805 -0.1523
vn -0.3024 -0.9404 -0.1556
vn -0.2918 -0.9075 -0.3022
vn -0.3024 -0.9405 -0.1548
vn 0.0805 -0.9848 -0.1540
vn 0.0777 -0.9505 -0.3008
vn 0.0805 -0.9849 -0.1533
vn 0.4513 -0.8792 -0.1527
vn 0.4357 -0.8487 -0.2997
vn 0.4514 -0.8793 -0.1523
vn 0.7535 -0.6396 -0.1519
vn 0.7275 -0.6175 -0.2992
vn 0.7535 -0.6396 -0.1518
vn 0.9772 -0.2122 0.0046
vn 0.9769 -0.2138 0.0052
vn 0.0550 0.0989 -0.9936
vn 0.7189 0.6951 0.0015
vn 0.7186 0.6954 0.0014
vn 0.7186 0.6955 0.0014
vn 0.0128 0.1113 0.9937
vn -0.2111 -0.9775 0.0014
vn -0.2106 -0.9776 0.0015
vn -0.2105 -0.9776 0.0016
vn 0.7182 0.6958 0.0016
vn 0.7182 0.6959 0.0016
vn 0.0162 0.9999 -0.0024
vn 0.0154 0.9999 -0.0025
vn 0.0886 0.0703 -0.9936
vn -0.8783 -0.4509 -0.1587
vn -0.8472 -0.4349 -0.3052
vn -0.8472 -0.4349 -0.3051
vn -0.8784 -0.4510 -0.1580
vn -0.6391 -0.7529 -0.1573
vn -0.6166 -0.7264 -0.3037
vn -0.6392 -0.7530 -0.1564
vn -0.9840 -0.1782 -0.0039
vn -0.9838 -0.1793 -0.0037
vn -0.9840 -0.1781 -0.0039
vn -0.0307 0.1077 0.9937
vn 0.1793 -0.9838 0.0032
vn 0.1804 -0.9836 0.0034
vn 0.1806 -0.9836 0.0034
vn -0.9838 -0.1795 -0.0037
vn -0.9835 -0.1808 -0.0042
vn -0.9397 0.3022 -0.1603
vn -0.9061 0.2914 -0.3068
vn -0.9397 0.3022 -0.1601
vn -0.9839 -0.0804 -0.1598
vn -0.9488 -0.0776 -0.3062
vn -0.9839 -0.0804 -0.1593
vn -0.5695 -0.8220 -0.0005
vn 0.1087 0.0310 -0.9936
vn 0.9303 0.3668 0.0032
vn 0.9299 0.3677 0.0030
vn 0.9299 0.3678 0.0031
vn -0.0696 0.0877 0.9937
vn -0.0776 0.9491 -0.3052
vn -0.0805 0.9840 -0.1587
vn -0.0805 0.9842 -0.1580
vn -0.4348 0.8469 -0.3062
vn -0.4508 0.8782 -0.1598
vn -0.4509 0.8783 -0.1593
vn -0.7256 0.6159 -0.3068
vn -0.7525 0.6388 -0.1603
vn -0.7525 0.6388 -0.1601
vn 0.3977 0.9175 -0.0005
vn 0.9295 0.3688 0.0034
vn 0.9294 0.3690 0.0034
vn -0.8412 -0.5407 -0.0025
vn -0.8413 -0.5405 -0.0025
vn -0.9772 0.2121 -0.0048
vn -0.9775 0.2107 -0.0046
vn -0.0978 0.0544 0.9937
vn 0.7193 0.6947 0.0016
vn -0.9776 0.2105 -0.0046
vn -0.9779 0.2089 -0.0051
vn -0.9842 -0.1768 -0.0041
vn -0.9843 -0.1766 -0.0042
vn 0.9998 -0.0173 0.0044
vn 0.9999 -0.0160 0.0042
vn 0.9999 -0.0158 0.0043
vn -0.1112 0.0128 0.9937
vn 0.6169 0.7267 -0.3022
vn 0.6393 0.7531 -0.1556
vn 0.6393 0.7532 -0.1548
vn 0.9307 0.3658 0.0034
vn 0.9999 -0.0143 0.0047
vn 0.9999 -0.0140 0.0048
vn 0.8484 0.4355 -0.3008
vn 0.8790 0.4512 -0.1540
vn 0.8791 0.4513 -0.1533
vn 0.2917 0.9070 -0.3037
vn 0.3023 0.9401 -0.1573
vn 0.3024 0.9403 -0.1564
vn 0.7630 0.6053 0.2269
vn 0.6982 0.5539 0.4535
vn 0.7632 0.6055 0.2256
vn 0.4735 0.8515 0.2253
vn 0.4334 0.7795 0.4523
vn 0.4736 0.8518 0.2239
vn 0.1116 0.9683 0.2236
vn 0.1022 0.8866 0.4510
vn 0.1117 0.9686 0.2223
vn -0.2675 0.9376 0.2221
vn -0.2450 0.8588 0.4500
vn -0.2676 0.9378 0.2211
vn -0.6061 0.7641 0.2209
vn -0.5552 0.6999 0.4493
vn -0.6062 0.7642 0.2204
vn -0.8525 0.4740 0.2204
vn -0.7809 0.4342 0.4490
vn -0.8875 0.1023 0.4493
vn -0.9689 0.1117 0.2209
vn -0.9690 0.1117 0.2204
vn -0.8588 -0.2450 0.4500
vn -0.9376 -0.2675 0.2221
vn -0.9378 -0.2676 0.2211
vn -0.6992 -0.5547 0.4510
vn -0.7636 -0.6057 0.2236
vn -0.7638 -0.6059 0.2223
vn -0.4334 -0.7795 0.4523
vn -0.4735 -0.8515 0.2253
vn -0.4736 -0.8518 0.2239
vn -0.1021 -0.8854 0.4535
vn -0.1115 -0.9675 0.2269
vn -0.1116 -0.9678 0.2256
vn 0.2444 -0.8565 0.4546
vn 0.2671 -0.9363 0.2281
vn 0.2672 -0.9365 0.2271
vn 0.5533 -0.6975 0.4553
vn 0.6050 -0.7627 0.2288
vn 0.6051 -0.7628 0.2282
vn 0.7780 -0.4326 0.4556
vn 0.8508 -0.4731 0.2288
vn 0.9671 -0.1115 0.2288
vn 0.8845 -0.1020 0.4553
vn 0.9672 -0.1115 0.2282
vn 0.9363 0.2671 0.2281
vn 0.8565 0.2444 0.4546
vn 0.9365 0.2672 0.2271
vn 0.8528 0.2433 -0.4622
vn 0.9341 0.2665 -0.2377
vn 0.9343 0.2666 -0.2367
vn 0.8813 -0.1016 -0.4615
vn 0.9652 -0.1113 -0.2366
vn 0.9653 -0.1113 -0.2361
vn 0.8493 -0.4722 -0.2360
vn 0.7755 -0.4312 -0.4612
vn 0.6038 -0.7612 -0.2366
vn 0.5513 -0.6950 -0.4615
vn 0.6039 -0.7613 -0.2361
vn 0.2665 -0.9341 -0.2377
vn 0.2433 -0.8528 -0.4622
vn 0.2666 -0.9343 -0.2367
vn -0.1112 -0.9646 -0.2392
vn -0.1015 -0.8804 -0.4632
vn -0.1112 -0.9649 -0.2380
vn -0.4717 -0.8482 -0.2409
vn -0.4304 -0.7740 -0.4645
vn -0.4718 -0.8485 -0.2395
vn -0.7601 -0.6029 -0.2424
vn -0.6933 -0.5500 -0.4657
vn -0.7603 -0.6031 -0.2412
vn -0.9326 -0.2661 -0.2437
vn -0.8505 -0.2426 -0.4667
vn -0.9329 -0.2662 -0.2427
vn -0.9633 0.1111 -0.2443
vn -0.8782 0.1012 -0.4674
vn -0.9634 0.1111 -0.2438
vn -0.7725 0.4296 -0.4676
vn -0.8475 0.4712 -0.2444
vn -0.5494 0.6926 -0.4674
vn -0.6026 0.7597 -0.2443
vn -0.6027 0.7598 -0.2438
vn -0.2426 0.8505 -0.4667
vn -0.2661 0.9326 -0.2437
vn -0.2662 0.9329 -0.2427
vn 0.1013 0.8791 -0.4657
vn 0.1111 0.9638 -0.2424
vn 0.1014 0.8791 -0.4657
vn 0.1111 0.9641 -0.2412
vn 0.4304 0.7740 -0.4644
vn 0.4717 0.8482 -0.2409
vn 0.4718 0.8485 -0.2395
vn 0.6943 0.5508 -0.4632
vn 0.7607 0.6034 -0.2392
vn 0.7609 0.6036 -0.2380
vn -0.0991 0.0551 -0.9935
vn -0.6946 0.7193 -0.0046
vn -0.6935 0.7205 -0.0051
vn -0.6933 0.7207 -0.0052
vn 0.0170 0.9999 -0.0023
vn 0.0178 0.9998 -0.0025
vn 0.0180 0.9998 -0.0026
vn -0.6958 0.7182 -0.0048
vn -0.6948 0.7192 -0.0046
vn 0.0169 0.9999 -0.0023
vn -0.1127 0.0130 -0.9935
vn 0.8216 -0.5700 0.0048
vn 0.8206 -0.5714 0.0053
vn 0.8218 -0.5698 0.0048
vn -0.2116 -0.9774 0.0014
vn -0.2121 -0.9773 0.0016
vn -0.2115 -0.9774 0.0014
vn 0.8226 -0.5686 0.0050
vn -0.2111 -0.9775 0.0015
vn -0.1090 -0.0311 -0.9936
vn -0.9998 0.0174 -0.0043
vn -0.9998 0.0189 -0.0047
vn -0.9998 0.0192 -0.0048
vn -0.9999 0.0159 -0.0044
vn -0.9998 0.0172 -0.0042
vn -0.0887 -0.0704 -0.9936
vn -0.9303 -0.3668 -0.0031
vn -0.9307 -0.3657 -0.0034
vn -0.9308 -0.3656 -0.0035
vn -0.9299 -0.3678 -0.0032
vn -0.9303 -0.3669 -0.0030
vn -0.0550 -0.0989 -0.9936
vn 0.9840 0.1781 0.0037
vn 0.9842 0.1768 0.0042
vn 0.9840 0.1783 0.0037
vn 0.9838 0.1794 0.0039
vn -0.0129 -0.1123 -0.9936
vn -0.7189 -0.6951 -0.0014
vn -0.7193 -0.6947 -0.0016
vn -0.7186 -0.6954 -0.0014
vn 0.9779 -0.2089 0.0051
vn 0.9780 -0.2086 0.0051
vn 0.0310 -0.1086 -0.9936
vn 0.8408 0.5413 0.0023
vn 0.8413 0.5406 0.0025
vn 0.8407 0.5414 0.0023
vn -0.9184 0.3956 -0.0053
vn 0.8404 0.5420 0.0024
vn 0.5436 -0.8393 0.0047
vn 0.5439 -0.8392 0.0048
vn 0.0702 -0.0885 -0.9936
vn -0.3979 -0.9174 0.0005
vn -0.3977 -0.9175 0.0005
vn -0.3691 0.9294 -0.0041
vn -0.3679 0.9299 -0.0039
vn -0.3980 -0.9174 0.0005
vn -0.6971 0.7170 -0.0051
vn -0.6959 0.7182 -0.0048
vn 0.0987 -0.0549 -0.9936
vn 0.5694 0.8221 0.0005
vn 0.5695 0.8220 0.0005
vn 0.5693 0.8221 0.0005
vn 0.8236 -0.5672 0.0053
vn 0.8237 -0.5669 0.0053
vn 0.5692 0.8222 0.0005
vn -0.9999 0.0143 -0.0047
vn 0.1122 -0.0129 -0.9936
vn -0.0162 -0.9999 0.0023
vn -0.0154 -0.9999 0.0025
vn -0.0153 -0.9999 0.0026
vn -0.9295 -0.3688 -0.0034
vn 0.1117 -0.0129 0.9937
vn -0.0170 -0.9999 0.0024
vn -0.0163 -0.9999 0.0023
vn 0.9835 0.1807 0.0041
vn 0.9835 0.1810 0.0041
vn 0.2111 0.9775 -0.0014
vn 0.2106 0.9776 -0.0016
vn 0.2112 0.9775 -0.0014
vn -0.7182 -0.6958 -0.0015
vn -0.7186 -0.6954 -0.0015
vn 0.0982 -0.0546 0.9937
vn 0.2116 0.9774 -0.0014
vn 0.2116 0.9774 -0.0015
vn 0.8399 0.5427 0.0025
vn 0.8398 0.5428 0.0025
vn 0.3680 -0.9298 0.0037
vn 0.3692 -0.9293 0.0042
vn 0.3694 -0.9293 0.0042
vn -0.3982 -0.9173 0.0005
vn 0.0699 -0.0881 0.9937
vn 0.3667 -0.9303 0.0039
vn 0.3678 -0.9299 0.0037
vn 0.5691 0.8223 0.0005
vn 0.5690 0.8223 0.0005
vn -0.1794 0.9838 -0.0031
vn -0.1804 0.9836 -0.0034
vn -0.1792 0.9838 -0.0030
vn -0.0178 -0.9998 0.0025
vn 0.0308 -0.1080 0.9937
vn -0.1783 0.9840 -0.0032
vn 0.2121 0.9772 -0.0015
vn 0.2122 0.9772 -0.0016
vn 0.6959 -0.7181 0.0046
vn 0.6971 -0.7170 0.0051
vn 0.6973 -0.7168 0.0052
vn 0.3655 -0.9308 0.0041
vn -0.0129 -0.1115 0.9937
vn 0.6947 -0.7193 0.0048
vn 0.6957 -0.7183 0.0046
vn -0.1772 0.9842 -0.0034
vn -0.1770 0.9842 -0.0034
vn -0.5424 0.8401 -0.0043
vn -0.5436 0.8393 -0.0047
vn -0.5422 0.8403 -0.0042
vn 0.6935 -0.7205 0.0051
vn -0.0545 -0.0980 0.9937
vn -0.5411 0.8409 -0.0044
vn -0.5411 0.8410 -0.0044
vn -0.5398 0.8418 -0.0047
vn -0.5396 0.8419 -0.0047
vn 0.9178 -0.3971 0.0048
vn 0.9184 -0.3956 0.0054
vn 0.9185 -0.3953 0.0054
vn 0.9171 -0.3987 0.0050
vn 0.9164 -0.4003 0.0053
vn -0.0878 -0.0696 0.9937
vn 0.9177 -0.3974 0.0048
vn -0.8217 0.5699 -0.0050
vn -0.8206 0.5714 -0.0053
vn -0.8205 0.5716 -0.0053
vn -0.8226 0.5685 -0.0048
vn -0.8236 0.5671 -0.0054
vn -0.8225 0.5687 -0.0048
vn 0.9998 -0.0189 0.0047
vn -0.1077 -0.0307 0.9937
vn -0.8216 0.5700 -0.0050
vn -0.9769 0.2138 -0.0051
vn -0.9768 0.2140 -0.0051
vn 0.1770 -0.9842 0.0034
vn 0.5395 -0.8420 0.0048
vn -0.8398 -0.5428 -0.0025
vn 0.9768 -0.2141 0.0052
vn 0.0152 0.9999 -0.0025
vn -0.9835 -0.1810 -0.0042
vn -0.9780 0.2086 -0.0052
vn 0.9308 0.3656 0.0034
vn 0.8205 -0.5717 0.0054
vn -0.2121 -0.9772 0.0016
vn 0.9843 0.1766 0.0042
vn 0.8413 0.5405 0.0026
vn -0.9185 0.3953 -0.0054
vn -0.3694 0.9293 -0.0042
vn -0.6973 0.7168 -0.0052
vn -0.9999 0.0141 -0.0047
vn -0.9294 -0.3690 -0.0034
vn 0.2105 0.9776 -0.0016
vn -0.7182 -0.6959 -0.0016
vn -0.1806 0.9835 -0.0035
vn -0.0180 -0.9998 0.0025
vn 0.3652 -0.9309 0.0041
vn -0.5438 0.8392 -0.0048
vn 0.6933 -0.7207 0.0051
vn 0.9162 -0.4006 0.0053
vn -0.8238 0.5669 -0.0054
vn 0.9998 -0.0191 0.0047
vt 0.463198 0.188097
vt 0.370971 0.188097
vt 0.463198 0.172459
vt 0.463198 0.203734
vt 0.370971 0.172460
vt 0.370971 0.203734
vt 0.463198 0.156822
vt 0.463198 0.219372
vt 0.370971 0.156822
vt 0.370971 0.219372
vt 0.463198 0.235009
vt 0.370971 0.235009
vt 0.463198 0.141185
vt 0.370971 0.141185
vt 0.463198 0.250647
vt 0.370971 0.250647
vt 0.463198 0.125547
vt 0.370971 0.125547
vt 0.463198 0.109910
vt 0.463198 0.266284
vt 0.370971 0.109910
vt 0.370971 0.266284
vt 0.463198 0.281921
vt 0.463197 0.094272
vt 0.370971 0.094272
vt 0.370971 0.281921
vt 0.463198 0.078635
vt 0.370971 0.297559
vt 0.370971 0.078635
vt 0.463198 0.297559
vt 0.463197 0.062998
vt 0.370971 0.062998
vt 0.463198 0.313196
vt 0.370971 0.313196
vt 0.463198 0.328834
vt 0.463197 0.047360
vt 0.370971 0.047360
vt 0.370971 0.328834
vt 0.463198 0.344471
vt 0.370971 0.344471
vt 0.463197 0.031723
vt 0.370971 0.547757
vt 0.370971 0.532120
vt 0.463197 0.532120
vt 0.463197 0.516482
vt 0.463198 0.360108
vt 0.370971 0.516482
vt 0.370971 0.360108
vt 0.463197 0.500845
vt 0.463198 0.375746
vt 0.370971 0.375746
vt 0.370971 0.500845
vt 0.463198 0.391383
vt 0.463198 0.485208
vt 0.370971 0.391383
vt 0.370971 0.485208
vt 0.463198 0.407021
vt 0.463198 0.469570
vt 0.370971 0.407021
vt 0.370971 0.469570
vt 0.463198 0.422658
vt 0.463198 0.453933
vt 0.370971 0.453933
vt 0.370971 0.422658
vt 0.463198 0.438295
vt 0.370971 0.438295
vt 0.053261 0.802122
vt 0.035664 0.793556
vt 0.055556 0.793556
vt 0.037959 0.859227
vt 0.018438 0.857847
vt 0.024708 0.851577
vt 0.017057 0.823024
vt 0.008492 0.840620
vt 0.008492 0.820729
vt 0.074163 0.838325
vt 0.072783 0.857847
vt 0.066512 0.851576
vt 0.072783 0.803502
vt 0.066512 0.809773
vt 0.017057 0.838325
vt 0.759651 0.236742
vt 0.751085 0.219145
vt 0.759651 0.221440
vt 0.055556 0.867793
vt 0.053261 0.859227
vt 0.074163 0.823024
vt 0.082729 0.820729
vt 0.024708 0.809773
vt 0.037959 0.802122
vt 0.035664 0.867793
vt 0.082729 0.840620
vt 0.915727 0.083729
vt 0.938390 0.068427
vt 0.938390 0.083729
vt 0.915727 0.114331
vt 0.938390 0.099030
vt 0.938390 0.114331
vt 0.915727 0.144934
vt 0.938390 0.129633
vt 0.938390 0.144934
vt 0.385927 0.944544
vt 0.411633 0.913230
vt 0.411633 0.944544
vt 0.915727 0.175537
vt 0.938390 0.160235
vt 0.938390 0.175537
vt 0.915727 0.206139
vt 0.938390 0.190838
vt 0.938390 0.206139
vt 0.915727 0.236742
vt 0.938390 0.221440
vt 0.938390 0.236742
vt 0.392729 0.626002
vt 0.367023 0.587929
vt 0.392729 0.587929
vt 0.392739 0.626370
vt 0.367033 0.588297
vt 0.392739 0.588297
vt 0.392570 0.626370
vt 0.366864 0.588297
vt 0.392570 0.588297
vt 0.392065 0.586984
vt 0.366359 0.625057
vt 0.366358 0.586984
vt 0.392475 0.625222
vt 0.366769 0.587149
vt 0.392475 0.587149
vt 0.098480 0.984914
vt 0.128781 0.934861
vt 0.131181 0.983294
vt 0.324552 0.774464
vt 0.350258 0.659558
vt 0.350258 0.774464
vt 0.325226 0.775777
vt 0.350932 0.660871
vt 0.350932 0.775777
vt 0.411623 0.944176
vt 0.385917 0.912862
vt 0.411623 0.912862
vt 0.367033 0.731655
vt 0.367033 0.626370
vt 0.385758 0.944544
vt 0.411464 0.913230
vt 0.411464 0.944544
vt 0.385663 0.943396
vt 0.411369 0.912082
vt 0.411369 0.943396
vt 0.350258 0.928233
vt 0.324552 0.887298
vt 0.350258 0.887298
vt 0.325226 0.929546
vt 0.350932 0.888611
vt 0.350932 0.929546
vt 0.308861 0.730507
vt 0.324962 0.659723
vt 0.324962 0.774630
vt 0.203015 0.712239
vt 0.172547 0.742163
vt 0.169824 0.687207
vt 0.206741 0.688296
vt 0.167800 0.646359
vt 0.366769 0.730507
vt 0.392475 0.730507
vt 0.089444 0.802547
vt 0.096080 0.936481
vt 0.173330 0.559910
vt 0.134555 0.601420
vt 0.143669 0.554187
vt 0.137123 0.688827
vt 0.135099 0.647979
vt 0.350668 0.659723
vt 0.366769 0.625222
vt 0.375723 0.796911
vt 0.350668 0.774630
vt 0.375723 0.734902
vt 0.299907 0.796911
vt 0.324962 0.817830
vt 0.367023 0.731287
vt 0.392729 0.731287
vt 0.379575 0.815542
vt 0.405282 0.802674
vt 0.405282 0.815542
vt 0.352735 0.927365
vt 0.327029 0.886430
vt 0.352735 0.886430
vt 0.350668 0.849941
vt 0.350668 0.817830
vt 0.309115 0.731287
vt 0.325216 0.660503
vt 0.325216 0.775409
vt 0.282497 0.890651
vt 0.325216 0.850721
vt 0.325216 0.888243
vt 0.393641 0.890651
vt 0.350922 0.850721
vt 0.393641 0.836793
vt 0.375977 0.797691
vt 0.350922 0.775409
vt 0.375977 0.735682
vt 0.405536 0.816322
vt 0.379829 0.803453
vt 0.405536 0.803453
vt 0.350922 0.660503
vt 0.325216 0.929178
vt 0.350922 0.888243
vt 0.350922 0.929178
vt 0.350922 0.818610
vt 0.379839 0.816690
vt 0.405545 0.803821
vt 0.405545 0.816690
vt 0.325226 0.851088
vt 0.350932 0.818978
vt 0.350932 0.851088
vt 0.375987 0.798059
vt 0.375987 0.736050
vt 0.392739 0.731655
vt 0.366864 0.731655
vt 0.392570 0.731655
vt 0.300171 0.798059
vt 0.325226 0.818978
vt 0.308957 0.731655
vt 0.325057 0.660871
vt 0.325057 0.775777
vt 0.300003 0.798059
vt 0.325057 0.818978
vt 0.350764 0.660871
vt 0.366864 0.626370
vt 0.375818 0.798059
vt 0.350764 0.775777
vt 0.375818 0.736050
vt 0.379671 0.816690
vt 0.405377 0.803821
vt 0.405377 0.816690
vt 0.350764 0.929546
vt 0.325057 0.888611
vt 0.350764 0.888611
vt 0.350764 0.851089
vt 0.350764 0.818978
vt 0.308451 0.730342
vt 0.324552 0.659558
vt 0.299497 0.796746
vt 0.324552 0.817665
vt 0.324552 0.849775
vt 0.350258 0.817665
vt 0.350258 0.849775
vt 0.392065 0.730342
vt 0.392065 0.625057
vt 0.385253 0.943231
vt 0.410959 0.911917
vt 0.410959 0.943231
vt 0.404872 0.815377
vt 0.379166 0.802508
vt 0.404872 0.802508
vt 0.851024 0.083729
vt 0.915727 0.068427
vt 0.052560 0.968036
vt 0.067012 0.952734
vt 0.067012 0.968036
vt 0.851024 0.099030
vt 0.915727 0.099030
vt 0.052560 0.983337
vt 0.067012 0.983337
vt 0.851024 0.114331
vt 0.948007 0.533596
vt 0.557964 0.479113
vt 0.948007 0.479114
vt 0.851024 0.129633
vt 0.915727 0.129633
vt 0.021310 0.952709
vt 0.035762 0.937407
vt 0.035762 0.952709
vt 0.851024 0.144934
vt 0.021310 0.968010
vt 0.035762 0.968010
vt 0.851024 0.160235
vt 0.915727 0.160235
vt 0.021310 0.983311
vt 0.035762 0.983311
vt 0.851024 0.175537
vt 0.488059 0.282086
vt 0.520375 0.063579
vt 0.520375 0.282086
vt 0.915727 0.190838
vt 0.051522 0.897372
vt 0.066823 0.882920
vt 0.066823 0.897372
vt 0.851024 0.206139
vt 0.036221 0.897372
vt 0.051522 0.882920
vt 0.851024 0.221440
vt 0.915727 0.221440
vt 0.020919 0.882920
vt 0.020919 0.897372
vt 0.851024 0.236742
vt 0.589753 0.276734
vt 0.620275 0.058228
vt 0.620275 0.276734
vt 0.851024 0.068427
vt 0.915727 0.053126
vt 0.836572 0.068427
vt 0.851024 0.053126
vt 0.526915 0.058228
vt 0.494599 0.027706
vt 0.526916 0.027706
vt 0.557964 0.309259
vt 0.503482 0.366945
vt 0.503482 0.309259
vt 0.488059 0.033057
vt 0.520375 0.033058
vt 0.557437 0.058228
vt 0.589753 0.058228
vt 0.583213 0.282086
vt 0.613735 0.063579
vt 0.613735 0.282086
vt 0.526915 0.276734
vt 0.494599 0.058228
vt 0.948007 0.421428
vt 0.557964 0.421427
vt 0.557437 0.276734
vt 0.557964 0.366945
vt 0.948007 0.366945
vt 0.948007 0.309259
vt 0.550897 0.063579
vt 0.550897 0.282086
vt 0.583213 0.063579
vt 0.209319 0.591439
vt 0.163364 0.604294
vt 0.379575 0.802674
vt 0.393387 0.889871
vt 0.393387 0.836013
vt 0.296055 0.815542
vt 0.324962 0.849941
vt 0.282243 0.889871
vt 0.324962 0.887463
vt 0.379829 0.816322
vt 0.296309 0.816322
vt 0.325216 0.818610
vt 0.300161 0.797691
vt 0.296319 0.816690
vt 0.282507 0.891019
vt 0.325226 0.888611
vt 0.379839 0.803821
vt 0.393651 0.891019
vt 0.393651 0.837161
vt 0.379671 0.803821
vt 0.393483 0.891019
vt 0.393483 0.837161
vt 0.296150 0.816690
vt 0.325057 0.851089
vt 0.282338 0.891019
vt 0.295645 0.815377
vt 0.281833 0.889706
vt 0.139846 0.743783
vt 0.147088 0.889956
vt 0.759651 0.083729
vt 0.836572 0.083729
vt 0.759651 0.099030
vt 0.836572 0.099030
vt 0.759651 0.114331
vt 0.836572 0.114331
vt 0.759651 0.129633
vt 0.836572 0.129633
vt 0.759651 0.144934
vt 0.836572 0.144934
vt 0.759651 0.160235
vt 0.836572 0.160235
vt 0.759651 0.175536
vt 0.836572 0.175537
vt 0.836572 0.190838
vt 0.759651 0.206139
vt 0.836572 0.206139
vt 0.836572 0.221441
vt 0.836572 0.236742
vt 0.759651 0.068427
vt 0.836573 0.053126
vt 0.904258 0.728522
vt 0.918833 0.703896
vt 0.913384 0.731290
vt 0.674265 0.605589
vt 0.686645 0.579788
vt 0.692694 0.587160
vt 0.894285 0.752601
vt 0.902695 0.757096
vt 0.709869 0.564270
vt 0.714364 0.572680
vt 0.879805 0.774271
vt 0.887177 0.780320
vt 0.735674 0.553581
vt 0.738442 0.562707
vt 0.861377 0.792700
vt 0.867426 0.800071
vt 0.764004 0.557622
vt 0.763069 0.548132
vt 0.714364 0.807179
vt 0.735675 0.826278
vt 0.709869 0.815589
vt 0.839707 0.807179
vt 0.844202 0.815589
vt 0.791001 0.548132
vt 0.790067 0.557622
vt 0.692694 0.792700
vt 0.686645 0.800071
vt 0.815628 0.817153
vt 0.818396 0.826278
vt 0.818396 0.553581
vt 0.815628 0.562706
vt 0.666894 0.780321
vt 0.674265 0.774271
vt 0.790066 0.822237
vt 0.791001 0.831727
vt 0.844202 0.564270
vt 0.839706 0.572680
vt 0.651376 0.757096
vt 0.659786 0.752601
vt 0.764004 0.822237
vt 0.763070 0.831727
vt 0.867426 0.579788
vt 0.861377 0.587160
vt 0.640687 0.731291
vt 0.649812 0.728523
vt 0.738443 0.817153
vt 0.879805 0.605589
vt 0.887177 0.599539
vt 0.635238 0.703896
vt 0.644728 0.702961
vt 0.894285 0.627259
vt 0.902695 0.622764
vt 0.635238 0.675964
vt 0.644728 0.676899
vt 0.904258 0.651337
vt 0.913384 0.648569
vt 0.640687 0.648569
vt 0.649812 0.651337
vt 0.909343 0.676899
vt 0.918833 0.675964
vt 0.651376 0.622764
vt 0.659786 0.627259
vt 0.909343 0.702961
vt 0.666894 0.599539
vt 0.838989 0.809207
vt 0.866361 0.801933
vt 0.843243 0.817380
vt 0.814910 0.819181
vt 0.817556 0.828020
vt 0.790287 0.833444
vt 0.789349 0.824265
vt 0.762483 0.833444
vt 0.763286 0.824265
vt 0.735214 0.828020
vt 0.737725 0.819181
vt 0.709527 0.817380
vt 0.713646 0.809207
vt 0.686409 0.801933
vt 0.691976 0.794728
vt 0.666749 0.782273
vt 0.673547 0.776299
vt 0.651302 0.759155
vt 0.659068 0.754629
vt 0.640662 0.733468
vt 0.649094 0.730550
vt 0.635238 0.706199
vt 0.644010 0.704989
vt 0.635238 0.678395
vt 0.644010 0.678926
vt 0.640662 0.651126
vt 0.649094 0.653365
vt 0.651302 0.625439
vt 0.659068 0.629286
vt 0.666749 0.602321
vt 0.673547 0.607616
vt 0.686409 0.582661
vt 0.691976 0.589188
vt 0.709527 0.567214
vt 0.713646 0.574708
vt 0.735214 0.556574
vt 0.737725 0.564735
vt 0.762483 0.551150
vt 0.763286 0.559650
vt 0.789349 0.559650
vt 0.790287 0.551150
vt 0.814910 0.564735
vt 0.817556 0.556574
vt 0.838989 0.574708
vt 0.843243 0.567214
vt 0.860659 0.589188
vt 0.866361 0.582661
vt 0.879088 0.607616
vt 0.886021 0.602321
vt 0.893567 0.629287
vt 0.901468 0.625439
vt 0.903541 0.653365
vt 0.912108 0.651126
vt 0.908625 0.678927
vt 0.917532 0.678395
vt 0.908625 0.704989
vt 0.917532 0.706199
vt 0.903541 0.730551
vt 0.912108 0.733468
vt 0.893567 0.754629
vt 0.901468 0.759155
vt 0.879087 0.776299
vt 0.886021 0.782273
vt 0.860659 0.794728
vt 0.220160 0.554180
vt 0.099658 0.565221
vt 0.106630 0.529090
vt 0.350668 0.928398
vt 0.385663 0.912082
vt 0.324962 0.928398
vt 0.289967 0.912082
vt 0.195810 0.797276
vt 0.179790 0.888336
vt 0.385917 0.944176
vt 0.290221 0.912862
vt 0.385927 0.913230
vt 0.290231 0.913230
vt 0.385758 0.913230
vt 0.325057 0.929546
vt 0.290063 0.913230
vt 0.324552 0.928233
vt 0.289557 0.911916
vt 0.385253 0.911917
vt 0.077776 0.797520
vt 0.106569 0.717018
vt 0.110477 0.795900
vt 0.419094 0.836013
vt 0.401429 0.734902
vt 0.419347 0.836793
vt 0.401683 0.735682
vt 0.419357 0.891019
vt 0.401693 0.736050
vt 0.419189 0.837161
vt 0.401525 0.798059
vt 0.392977 0.835848
vt 0.418684 0.889706
vt 0.392977 0.889706
vt 0.375313 0.734737
vt 0.401019 0.796746
vt 0.375313 0.796746
vt 0.069997 0.559498
vt 0.076970 0.523366
vt 0.367023 0.626002
vt 0.081512 0.599051
vt 0.082293 0.665881
vt 0.100494 0.693560
vt 0.101305 0.709930
vt 0.122145 0.800926
vt 0.309125 0.731655
vt 0.325226 0.660871
vt 0.050395 0.666254
vt 0.049614 0.599424
vt 0.068604 0.711550
vt 0.379166 0.815377
vt 0.366359 0.730342
vt 0.751085 0.239037
vt 0.018437 0.803502
vt 0.308861 0.625222
vt 0.206923 0.791121
vt 0.207553 0.704666
vt 0.299907 0.734902
vt 0.327029 0.927365
vt 0.309116 0.626002
vt 0.282497 0.836793
vt 0.300171 0.736050
vt 0.308957 0.626370
vt 0.300002 0.736050
vt 0.308451 0.625057
vt 0.299497 0.734737
vt 0.052560 0.952734
vt 0.557964 0.533595
vt 0.021310 0.937407
vt 0.488059 0.063579
vt 0.851024 0.190838
vt 0.036221 0.882920
vt 0.494599 0.276734
vt 0.220160 0.653917
vt 0.350668 0.887463
vt 0.296055 0.802674
vt 0.282243 0.836013
vt 0.296309 0.803453
vt 0.300161 0.735682
vt 0.296319 0.803821
vt 0.282507 0.837160
vt 0.296150 0.803821
vt 0.282338 0.837161
vt 0.295645 0.802508
vt 0.281833 0.835848
vt 0.759651 0.190838
vt 0.759651 0.053126
vt 0.289967 0.943396
vt 0.202446 0.931211
vt 0.290221 0.944176
vt 0.290231 0.944544
vt 0.290063 0.944544
vt 0.289557 0.943231
vt 0.073868 0.718638
vt 0.419094 0.889871
vt 0.401429 0.796911
vt 0.419347 0.890651
vt 0.401683 0.797691
vt 0.419357 0.837161
vt 0.401693 0.798059
vt 0.419189 0.891019
vt 0.401525 0.736050
vt 0.418684 0.835848
vt 0.401019 0.734737
vt 0.309125 0.626370
vt 0.067793 0.695180
vt 0.228492 0.766132
vt 0.243272 0.773513
vt 0.228492 0.773513
vt 0.956618 0.068427
vt 0.956618 0.083729
vt 0.956618 0.099030
vt 0.956618 0.114331
vt 0.956618 0.129633
vt 0.956618 0.144934
vt 0.956618 0.160235
vt 0.956618 0.175537
vt 0.956618 0.190838
vt 0.956618 0.206139
vt 0.956618 0.221440
vt 0.956618 0.236742
vt 0.956618 0.053126
vt 0.256616 0.587695
vt 0.249486 0.570483
vt 0.260306 0.581303
vt 0.262738 0.562833
vt 0.266698 0.577613
vt 0.278039 0.562833
vt 0.274079 0.577613
vt 0.280471 0.581303
vt 0.291290 0.570483
vt 0.298941 0.583735
vt 0.284161 0.587695
vt 0.284161 0.595076
vt 0.298941 0.599036
vt 0.291290 0.612287
vt 0.280471 0.601468
vt 0.274079 0.605158
vt 0.278039 0.619938
vt 0.262738 0.619938
vt 0.266698 0.605158
vt 0.249486 0.612287
vt 0.260306 0.601468
vt 0.241836 0.599036
vt 0.256616 0.595076
vt 0.241836 0.583735
vt 0.150003 0.911632
vt 0.173858 0.918024
vt 0.156395 0.935487
vt 0.228492 0.788274
vt 0.243272 0.795655
vt 0.228492 0.795655
vt 0.228492 0.736609
vt 0.243272 0.743989
vt 0.228492 0.743989
vt 0.228492 0.721847
vt 0.243272 0.729228
vt 0.228492 0.729228
vt 0.228492 0.758751
vt 0.243272 0.766132
vt 0.243272 0.780893
vt 0.243272 0.788274
vt 0.243272 0.736609
vt 0.228492 0.803036
vt 0.243272 0.810416
vt 0.228492 0.810416
vt 0.228492 0.751370
vt 0.243272 0.758751
vt 0.228492 0.780893
vt 0.243272 0.803036
vt 0.243272 0.751370
vt 0.709475 0.020228
vt 0.751086 0.000337
vt 0.751086 0.020228
vt 0.709475 0.239037
vt 0.709475 0.219145
vt 0.751085 0.199254
vt 0.709475 0.199253
vt 0.751085 0.179362
vt 0.709475 0.159470
vt 0.751085 0.159470
vt 0.751085 0.139578
vt 0.709475 0.139578
vt 0.751085 0.119687
vt 0.709475 0.119687
vt 0.751085 0.099795
vt 0.709475 0.099795
vt 0.751085 0.079903
vt 0.709475 0.079903
vt 0.751085 0.060012
vt 0.662410 0.266209
vt 0.645184 0.201918
vt 0.709475 0.060012
vt 0.751085 0.040120
vt 0.709475 0.040120
vt 0.938390 0.053126
vt 0.150003 0.931796
vt 0.146312 0.925404
vt 0.146312 0.918024
vt 0.156395 0.907941
vt 0.163775 0.907941
vt 0.170167 0.911632
vt 0.173858 0.925404
vt 0.170167 0.931796
vt 0.163775 0.935487
vt 0.243272 0.721847
vt 0.709475 0.000336
vt 0.709475 0.179362
vt 0.699529 0.256264
vt 0.682302 0.266209
vt 0.645184 0.256264
vt 0.635238 0.239037
vt 0.635238 0.219145
vt 0.662410 0.191973
vt 0.682302 0.191973
vt 0.699529 0.201918
vt 0.049333 0.393103
vt 0.056719 0.367919
vt 0.057243 0.393467
vt 0.049014 0.367742
vt 0.058216 0.341468
vt 0.050214 0.341489
vt 0.056363 0.315434
vt 0.048549 0.315527
vt 0.056812 0.288256
vt 0.048704 0.288517
vt 0.053956 0.261559
vt 0.046032 0.261886
vt 0.053463 0.233539
vt 0.045241 0.234071
vt 0.049528 0.206077
vt 0.041484 0.206725
vt 0.047846 0.177070
vt 0.039481 0.178037
vt 0.042244 0.148682
vt 0.034042 0.149940
vt 0.038224 0.118329
vt 0.029619 0.120286
vt 0.028899 0.088586
vt 0.020130 0.091446
vt 0.018582 0.057989
vt 0.180339 0.484432
vt 0.200389 0.463003
vt 0.186607 0.488547
vt 0.199605 0.432092
vt 0.192339 0.459952
vt 0.206428 0.405494
vt 0.207244 0.434157
vt 0.209195 0.377809
vt 0.214289 0.406953
vt 0.213208 0.351192
vt 0.216807 0.378743
vt 0.214126 0.323709
vt 0.221057 0.351885
vt 0.216784 0.297118
vt 0.221776 0.324113
vt 0.216582 0.269747
vt 0.224696 0.297386
vt 0.218218 0.243158
vt 0.224315 0.269797
vt 0.216997 0.215890
vt 0.226228 0.243098
vt 0.217544 0.189326
vt 0.224825 0.215629
vt 0.215034 0.162241
vt 0.225652 0.188924
vt 0.213874 0.135800
vt 0.222937 0.161574
vt 0.208829 0.109207
vt 0.222050 0.134794
vt 0.203469 0.083531
vt 0.216702 0.107579
vt 0.191969 0.059762
vt 0.211380 0.080836
vt 0.038478 0.467473
vt 0.033685 0.493445
vt 0.026911 0.489005
vt 0.051199 0.444065
vt 0.046291 0.470494
vt 0.044019 0.442955
vt 0.053886 0.419402
vt 0.046359 0.418638
vt 0.167973 0.137966
vt 0.160215 0.105757
vt 0.169987 0.106548
vt 0.340828 0.188084
vt 0.330506 0.216454
vt 0.331876 0.187947
vt 0.169529 0.167784
vt 0.158204 0.137724
vt 0.339704 0.216743
vt 0.331817 0.245671
vt 0.168727 0.198273
vt 0.160191 0.167626
vt 0.340723 0.245998
vt 0.329767 0.274029
vt 0.170397 0.227292
vt 0.159283 0.198221
vt 0.338930 0.274543
vt 0.330324 0.303213
vt 0.169276 0.256968
vt 0.161321 0.227102
vt 0.339206 0.303762
vt 0.327577 0.331501
vt 0.165183 0.423701
vt 0.158650 0.395956
vt 0.167011 0.396460
vt 0.170358 0.285248
vt 0.160090 0.256773
vt 0.336719 0.332214
vt 0.327561 0.360707
vt 0.167260 0.449749
vt 0.156610 0.423578
vt 0.168619 0.314106
vt 0.161530 0.284878
vt 0.333693 0.389740
vt 0.336426 0.361379
vt 0.172467 0.476584
vt 0.158775 0.450670
vt 0.169061 0.341645
vt 0.159683 0.313716
vt 0.333784 0.418815
vt 0.324539 0.389054
vt 0.179868 0.501131
vt 0.164290 0.478478
vt 0.166835 0.369685
vt 0.160476 0.341108
vt 0.332774 0.447174
vt 0.324877 0.418477
vt 0.345704 0.039273
vt 0.332481 0.068820
vt 0.335382 0.037141
vt 0.158135 0.369184
vt 0.337202 0.475910
vt 0.323464 0.447492
vt 0.342453 0.069975
vt 0.329673 0.099297
vt 0.345704 0.502226
vt 0.328339 0.477886
vt 0.339303 0.099868
vt 0.331184 0.129587
vt 0.171549 0.075379
vt 0.169558 0.040345
vt 0.179868 0.044214
vt 0.340279 0.129776
vt 0.329987 0.158530
vt 0.160811 0.073588
vt 0.339275 0.158705
vt 0.122208 0.205692
vt 0.123136 0.223048
vt 0.124394 0.319278
vt 0.124473 0.335667
vt 0.094039 0.345321
vt 0.091575 0.336125
vt 0.124016 0.263348
vt 0.124518 0.280135
vt 0.090791 0.373249
vt 0.063041 0.365019
vt 0.093187 0.364097
vt 0.063050 0.344329
vt 0.025431 0.058675
vt 0.034882 0.082805
vt 0.124579 0.492912
vt 0.085944 0.477883
vt 0.120880 0.479912
vt 0.153167 0.366055
vt 0.153654 0.344209
vt 0.284971 0.491514
vt 0.338011 0.505703
vt 0.287163 0.521942
vt 0.116481 0.077424
vt 0.117514 0.099246
vt 0.119269 0.145264
vt 0.120497 0.163674
vt 0.093423 0.310040
vt 0.121824 0.309192
vt 0.080586 0.488869
vt 0.051830 0.469042
vt 0.288529 0.380899
vt 0.289873 0.363722
vt 0.284891 0.441480
vt 0.286154 0.422659
vt 0.091310 0.319398
vt 0.062713 0.312212
vt 0.044384 0.120545
vt 0.048767 0.144216
vt 0.293958 0.267009
vt 0.294468 0.250204
vt 0.291912 0.323620
vt 0.292899 0.306779
vt 0.122046 0.446629
vt 0.088026 0.455485
vt 0.086741 0.445265
vt 0.154532 0.310599
vt 0.154589 0.288215
vt 0.091636 0.235013
vt 0.088395 0.225482
vt 0.056788 0.448240
vt 0.127463 0.519765
vt 0.290543 0.092519
vt 0.289969 0.072326
vt 0.293109 0.153048
vt 0.292641 0.135540
vt 0.294368 0.210380
vt 0.294372 0.193449
vt 0.123454 0.374054
vt 0.123234 0.390341
vt 0.058784 0.236201
vt 0.121990 0.429225
vt 0.053480 0.179609
vt 0.056025 0.202191
vt 0.250092 0.064169
vt 0.286956 0.059755
vt 0.154724 0.253691
vt 0.154260 0.230697
vt 0.087978 0.427577
vt 0.088710 0.197639
vt 0.119002 0.195084
vt 0.249599 0.076052
vt 0.215524 0.076103
vt 0.090475 0.389861
vt 0.260283 0.193386
vt 0.260363 0.210602
vt 0.257423 0.136875
vt 0.258379 0.154564
vt 0.252556 0.095964
vt 0.073669 0.514976
vt 0.087042 0.207742
vt 0.060377 0.258030
vt 0.290913 0.015179
vt 0.242449 0.037870
vt 0.233582 0.024876
vt 0.153709 0.195132
vt 0.152942 0.171416
vt 0.151679 0.420572
vt 0.206209 0.055415
vt 0.198494 0.055508
vt 0.151994 0.398978
vt 0.120788 0.400249
vt 0.061882 0.291009
vt 0.259016 0.304525
vt 0.257893 0.321723
vt 0.260625 0.248994
vt 0.260078 0.266126
vt 0.259234 0.126821
vt 0.289845 0.124798
vt 0.152470 0.134410
vt 0.152454 0.109459
vt 0.226673 0.131285
vt 0.249583 0.418440
vt 0.246670 0.437584
vt 0.255515 0.360497
vt 0.253752 0.378056
vt 0.156992 0.476279
vt 0.256458 0.106076
vt 0.154813 0.069077
vt 0.160326 0.042484
vt 0.084004 0.167127
vt 0.081912 0.148324
vt 0.076492 0.104098
vt 0.072573 0.082226
vt 0.228403 0.513091
vt 0.237048 0.485294
vt 0.154006 0.454103
vt 0.119490 0.457566
vt 0.223724 0.109676
vt 0.325461 0.064592
vt 0.262623 0.183804
vt 0.291940 0.183036
vt 0.320481 0.475142
vt 0.318195 0.450976
vt 0.328964 0.039509
vt 0.286007 0.032051
vt 0.230527 0.185808
vt 0.324007 0.126238
vt 0.261221 0.164157
vt 0.319072 0.391933
vt 0.090849 0.281573
vt 0.090055 0.264429
vt 0.324113 0.102592
vt 0.288101 0.104167
vt 0.229639 0.164336
vt 0.122432 0.290433
vt 0.121263 0.233731
vt 0.121125 0.253054
vt 0.118734 0.174918
vt 0.115433 0.111831
vt 0.115812 0.133974
vt 0.114624 0.033729
vt 0.113107 0.063815
vt 0.281567 0.453098
vt 0.281768 0.477292
vt 0.284511 0.411384
vt 0.285166 0.391303
vt 0.322123 0.334359
vt 0.288321 0.353069
vt 0.288744 0.333824
vt 0.324378 0.277004
vt 0.291124 0.296305
vt 0.291055 0.277240
vt 0.325185 0.219577
vt 0.292381 0.239804
vt 0.291744 0.220726
vt 0.324675 0.161791
vt 0.290718 0.163688
vt 0.119608 0.418936
vt 0.122168 0.345666
vt 0.121138 0.364064
vt 0.061812 0.396549
vt 0.090939 0.418227
vt 0.060365 0.416966
vt 0.092547 0.399152
vt 0.262736 0.220137
vt 0.231244 0.240199
vt 0.231384 0.218722
vt 0.263338 0.239578
vt 0.262125 0.275717
vt 0.229832 0.294663
vt 0.230768 0.273137
vt 0.262067 0.295184
vt 0.259650 0.331438
vt 0.226341 0.349346
vt 0.228128 0.327705
vt 0.258942 0.351124
vt 0.255193 0.388103
vt 0.219866 0.404702
vt 0.223033 0.382717
vt 0.253669 0.408668
vt 0.213167 0.439072
vt 0.243700 0.473532
vt 0.206531 0.461756
vt 0.247497 0.448884
vt 0.072950 0.069125
vt 0.066559 0.039417
vt 0.083272 0.137458
vt 0.081278 0.114892
vt 0.087754 0.177017
vt 0.091945 0.254751
vt 0.093689 0.290894
vt 0.056664 0.025195
vt 0.119881 0.015179
vt 0.317968 0.414800
vt 0.320769 0.356954
vt 0.323472 0.299592
vt 0.324868 0.242232
vt 0.324821 0.184658
vt 0.009813 0.061933
vt 0.172648 0.504207
s 1
g off
g LlantaTraseraIzquierda.001_SpacialRoverExploreralumGray
usemtl SpacialRoverExploreralumGray
f 57/1/1 25/2/1 56/3/2
f 25/2/1 57/1/1 58/4/3
f 25/2/1 24/5/2 56/3/2
f 58/4/3 26/6/3 25/2/1
f 24/5/2 55/7/4 56/3/2
f 58/4/3 59/8/5 26/6/3
f 24/5/2 23/9/4 55/7/4
f 59/8/5 27/10/5 26/6/3
f 59/8/5 60/11/6 27/10/5
f 60/11/6 28/12/6 27/10/5
f 23/9/4 54/13/7 55/7/4
f 54/13/7 23/9/4 22/14/7
f 60/11/6 61/15/8 28/12/6
f 61/15/8 29/16/8 28/12/6
f 54/13/7 22/14/7 53/17/9
f 22/14/7 21/18/9 53/17/9
f 21/18/9 52/19/10 53/17/9
f 61/15/8 62/20/11 29/16/8
f 21/18/9 20/21/10 52/19/10
f 62/20/11 30/22/11 29/16/8
f 62/20/11 63/23/12 30/22/11
f 52/19/10 20/21/10 51/24/13
f 20/21/10 19/25/13 51/24/13
f 30/22/11 63/23/12 31/26/12
f 19/25/13 50/27/14 51/24/13
f 31/26/12 63/23/12 32/28/15
f 19/25/13 18/29/14 50/27/14
f 32/28/15 63/23/12 64/30/15
f 18/29/14 49/31/16 50/27/14
f 49/31/16 18/29/14 17/32/16
f 32/28/15 64/30/15 33/33/17
f 33/33/17 1/34/17 32/28/15
f 33/33/17 34/35/18 1/34/17
f 49/31/16 17/32/16 48/36/19
f 48/36/19 17/32/16 16/37/19
f 1/34/17 34/35/18 2/38/18
f 2/38/18 34/35/18 35/39/20
f 2/38/18 35/39/20 3/40/20
f 48/36/19 16/37/19 47/41/21
f 16/42/19 15/43/21 47/44/21
f 15/43/21 46/45/22 47/44/21
f 3/40/20 35/39/20 36/46/23
f 15/43/21 14/47/22 46/45/22
f 3/40/20 36/46/23 4/48/23
f 46/45/22 14/47/22 45/49/24
f 4/48/23 36/46/23 37/50/25
f 4/48/23 37/50/25 5/51/25
f 45/49/24 14/47/22 13/52/24
f 5/51/25 37/50/25 38/53/26
f 45/49/24 13/52/24 44/54/27
f 5/51/25 38/53/26 6/55/26
f 44/54/27 13/52/24 12/56/27
f 6/55/26 38/53/26 39/57/28
f 44/54/27 12/56/27 43/58/29
f 6/55/26 39/57/28 7/59/28
f 43/58/29 12/56/27 11/60/29
f 7/59/28 39/57/28 40/61/30
f 43/58/29 11/60/29 42/62/31
f 42/62/31 11/60/29 10/63/31
f 7/59/28 40/61/30 8/64/30
f 42/62/31 10/63/31 41/65/32
f 8/64/30 40/61/30 41/65/32
f 41/65/32 10/63/31 9/66/32
f 8/64/30 41/65/32 9/66/32
s 2
f 493/67/33 516/68/34 517/69/33
f 499/70/35 524/71/36 500/72/36
f 490/73/37 503/74/38 514/75/37
f 496/76/39 521/77/40 497/78/40
f 493/67/33 518/79/41 494/80/41
f 489/81/38 524/71/36 503/74/38
f 490/82/37 515/83/42 491/84/42
f 497/78/40 522/85/43 498/86/43
f 495/87/44 518/79/41 519/88/44
f 491/89/42 516/68/34 492/90/34
f 498/86/43 523/91/35 499/70/35
f 495/87/44 520/92/39 496/76/39
s 3
f 163/93/45 141/94/46 164/95/45
f 159/96/47 162/97/48 160/98/47
f 155/99/49 158/100/50 156/101/49
s 4
f 159/102/51 619/103/52 157/104/51
s 3
f 151/105/53 154/106/54 152/107/53
f 147/108/55 150/109/56 148/110/55
f 143/111/57 146/112/58 144/113/57
s 5
f 185/114/59 188/115/60 186/116/60
s 6
f 181/117/61 184/118/62 182/119/62
s 7
f 177/120/63 180/121/64 178/122/64
s 8
f 174/123/65 175/124/8 176/125/65
s 9
f 169/126/66 172/127/67 170/128/67
s 10
f 165/129/68 167/130/69 168/131/68
s 8
f 483/132/70 176/133/65 486/134/70
s 6
f 467/135/71 184/136/62 470/137/71
s 11
f 161/138/72 608/139/73 611/140/73
s 12
f 615/141/74 184/136/74 183/142/74
s 13
f 155/143/75 627/144/76 153/145/75
s 14
f 147/146/77 601/147/78 145/148/77
s 8
f 152/149/79 482/150/80 487/151/80
s 6
f 158/152/81 471/153/82 160/154/81
s 15
f 604/155/74 170/156/74 455/157/74
s 16
f 591/158/83 441/159/83 442/160/84
f 590/161/84 442/160/84 443/162/84
s 14
f 597/163/85 169/126/86 604/164/85
s 17
f 592/165/87 167/130/88 166/166/88
s 10
f 141/167/89 447/168/90 144/169/89
f 443/162/91 445/170/92 448/171/91
s 18
f 597/163/93 172/172/93 171/173/93
f 598/174/93 452/175/93 597/176/93
s 15
f 603/177/74 455/157/74 456/178/74
s 11
f 605/179/94 185/114/95 610/180/94
s 14
f 599/181/96 603/182/97 602/183/96
s 9
f 455/157/98 172/172/67 452/175/98
f 148/184/99 454/185/100 449/186/100
f 450/187/101 456/178/102 451/188/102
s 19
f 610/189/9 186/190/9 463/191/9
f 611/192/9 461/193/9 462/194/9
s 20
f 608/195/25 458/196/25 607/197/25
f 606/198/25 460/199/25 605/200/25
s 11
f 612/201/103 606/202/104 609/203/104
s 5
f 463/191/105 188/204/60 460/199/105
f 162/205/106 457/206/107 164/207/106
f 461/193/108 459/208/109 458/196/108
s 4
f 613/209/110 617/210/111 620/211/110
s 6
f 465/212/112 469/213/113 472/214/112
s 12
f 616/215/74 470/137/74 615/216/74
s 4
f 615/141/114 181/117/115 618/217/114
s 13
f 621/218/116 177/120/117 626/219/116
s 21
f 617/220/93 467/135/93 468/221/93
s 22
f 626/222/118 178/223/118 479/224/119
f 625/225/119 479/224/119 480/226/119
s 23
f 621/218/84 180/227/84 179/228/84
f 622/229/83 476/230/84 621/231/84
s 13
f 623/232/120 625/233/121 628/234/122
s 7
f 479/224/123 180/227/64 476/230/123
f 156/235/124 478/236/125 473/237/125
f 474/238/126 480/226/127 475/239/127
s 24
f 632/240/25 174/241/25 483/132/25
f 631/242/25 483/132/25 484/243/25
s 8
f 481/244/128 485/245/129 488/246/128
s 25
f 632/247/130 175/124/131 173/248/131
f 151/249/132 629/250/133 149/251/132
f 630/252/134 636/253/135 631/254/135
s 3
f 300/255/136 142/256/46 163/93/45
f 299/257/136 277/258/32 300/259/136
f 298/260/137 163/93/45 161/261/48
f 297/262/137 300/259/136 298/263/137
f 296/264/138 161/261/48 159/96/47
s 26
f 287/265/66 306/266/66 288/267/66
s 3
f 294/268/139 159/96/47 157/269/140
f 293/270/139 296/271/138 294/272/139
f 292/273/141 157/269/140 155/99/49
f 291/274/141 294/272/139 292/275/141
f 290/276/142 155/99/49 153/277/54
f 289/278/142 292/275/141 290/279/142
f 288/280/143 153/277/54 151/105/53
s 27
f 281/281/144 301/282/144 279/283/144
s 3
f 149/284/56 288/280/143 151/105/53
f 286/285/145 287/286/143 288/287/143
f 284/288/17 149/284/56 147/108/55
f 284/289/17 285/290/145 286/285/145
f 282/291/146 147/108/55 145/292/58
f 281/293/146 284/289/17 282/294/146
f 280/295/147 145/292/58 143/111/57
s 28
f 298/296/148 311/297/148 297/298/148
s 3
f 277/299/32 143/300/57 142/256/46
f 278/301/32 280/302/147 277/299/32
s 29
f 309/303/83 312/304/83 310/305/83
s 30
f 305/306/93 308/307/93 306/308/93
s 31
f 301/282/25 304/309/25 302/310/25
s 32
f 298/296/149 310/311/149 312/312/149
s 33
f 282/313/8 303/314/8 281/315/8
s 34
f 295/316/144 311/317/144 309/303/144
s 35
f 290/318/149 306/266/149 308/319/149
s 36
f 295/316/63 310/311/63 296/320/63
s 37
f 290/318/61 307/321/61 289/322/61
s 38
f 289/322/144 305/306/144 287/323/144
s 39
f 279/283/24 302/324/24 280/325/24
s 40
f 280/325/149 304/326/149 282/313/149
s 16
f 589/327/83 443/162/84 444/328/83
s 18
f 599/181/93 451/188/93 598/329/93
f 600/330/93 450/187/93 599/331/93
s 15
f 602/332/74 456/178/74 453/333/74
f 601/334/74 453/333/74 454/335/74
s 20
f 607/336/25 459/208/25 606/202/25
s 19
f 612/337/9 464/338/9 461/193/9
f 609/339/9 463/191/9 464/338/9
s 21
f 620/340/93 468/221/93 465/212/93
f 619/341/93 465/212/93 466/342/93
s 12
f 613/209/74 469/213/74 616/343/74
f 614/344/74 472/214/74 613/345/74
s 23
f 623/232/83 475/239/83 622/346/83
f 624/347/84 474/238/83 623/348/83
s 22
f 628/349/119 480/226/119 477/350/119
f 627/351/118 477/350/119 478/236/118
s 24
f 630/352/25 484/243/25 481/244/25
f 629/353/150 481/244/25 482/150/25
s 10
f 443/162/91 447/168/90 444/328/90
f 446/354/151 442/160/92 441/159/151
s 9
f 450/187/101 454/335/100 453/333/101
f 452/175/98 456/178/102 455/157/98
s 5
f 458/196/108 462/194/107 461/193/108
f 460/199/105 464/338/109 463/191/105
s 6
f 472/214/112 466/342/82 465/212/112
f 470/137/71 468/221/113 467/135/71
s 7
f 474/238/126 478/236/125 477/350/126
f 479/224/123 475/239/127 480/226/127
s 8
f 488/246/128 482/150/80 481/244/128
f 486/134/70 484/243/152 483/132/70
s 10
f 441/159/151 168/355/68 446/354/151
s 3
f 500/356/136 278/301/32 299/357/136
f 499/358/153 299/357/136 297/359/137
f 498/360/16 297/359/137 295/361/138
f 497/362/139 295/361/138 293/363/139
f 496/364/141 293/363/139 291/365/141
f 495/366/1 291/365/141 289/367/142
f 494/368/154 289/367/142 287/369/143
f 285/370/145 494/368/154 287/369/143
f 492/371/17 285/370/145 283/372/17
f 491/84/155 283/372/17 281/373/146
f 490/82/156 281/373/146 279/374/147
f 489/375/32 279/376/147 278/301/32
s 41
f 9/377/149 527/378/149 556/379/149
f 23/380/149 555/381/149 22/382/149
f 8/383/149 556/379/149 554/384/149
f 22/382/149 553/385/149 21/386/149
f 7/387/149 554/384/149 552/388/149
f 21/386/149 551/389/149 20/390/149
f 6/391/149 552/388/149 550/392/149
f 19/393/149 551/389/149 549/394/149
f 32/395/149 537/396/149 548/397/149
f 5/398/149 550/392/149 547/399/149
f 19/393/149 546/400/149 18/401/149
f 31/402/149 548/397/149 545/403/149
f 4/404/149 547/399/149 544/405/149
f 18/401/149 543/406/149 17/407/149
f 31/402/149 542/408/149 30/409/149
f 3/410/149 544/405/149 541/411/149
f 17/407/149 540/412/149 16/413/149
f 30/409/149 539/414/149 29/415/149
f 2/416/149 541/411/149 538/417/149
f 16/413/149 536/418/149 15/419/149
f 29/415/149 535/420/149 28/421/149
f 2/416/149 537/396/149 1/422/149
f 14/423/149 536/418/149 534/424/149
f 28/421/149 533/425/149 27/426/149
f 13/427/149 534/424/149 532/428/149
f 27/426/149 531/429/149 26/430/149
f 12/431/149 532/428/149 530/432/149
f 26/430/149 529/433/149 25/434/149
f 11/435/149 530/432/149 528/436/149
f 25/434/149 526/437/149 24/438/149
f 10/439/149 528/436/149 527/378/149
f 24/438/149 525/440/149 23/380/149
s 42
f 34/441/144 588/442/144 557/443/144
f 35/444/144 557/443/144 558/445/144
f 35/444/144 559/446/144 36/447/144
f 36/447/144 560/448/144 37/449/144
f 37/449/144 561/450/144 38/451/144
f 38/451/144 562/452/144 39/453/144
f 39/453/144 563/454/144 40/455/144
f 40/455/144 564/456/144 41/457/144
f 41/457/144 565/458/144 42/459/144
f 42/459/144 566/460/144 43/461/144
f 43/461/144 567/462/144 44/463/144
f 44/463/144 568/464/144 45/465/144
f 45/465/144 569/466/144 46/467/144
f 46/467/144 570/468/144 47/469/144
f 47/469/144 571/470/144 48/471/144
f 48/471/144 572/472/144 49/473/144
f 49/473/144 573/474/144 50/475/144
f 50/475/144 574/476/144 51/477/144
f 51/477/144 575/478/144 52/479/144
f 53/480/144 575/478/144 576/481/144
f 54/482/144 576/481/144 577/483/144
f 55/484/144 577/483/144 578/485/144
f 56/486/144 578/485/144 579/487/144
f 57/488/144 579/487/144 580/489/144
f 58/490/144 580/489/144 581/491/144
f 59/492/144 581/491/144 582/493/144
f 60/494/144 582/493/144 583/495/144
f 61/496/144 583/495/144 584/497/144
f 62/498/144 584/497/144 585/499/144
f 63/500/144 585/499/144 586/501/144
f 64/502/144 586/501/144 587/503/144
f 33/504/144 587/503/144 588/442/144
s 16
f 589/327/83 141/167/83 142/505/83
s 43
f 144/169/119 594/506/119 143/507/119
s 18
f 148/508/93 600/509/93 147/146/93
s 15
f 146/510/74 601/511/74 454/335/74
s 16
f 592/512/83 165/513/84 441/159/83
s 20
f 164/207/25 608/139/25 163/514/25
s 19
f 162/205/9 611/515/9 462/194/9
s 12
f 160/154/74 614/516/74 159/102/74
s 21
f 158/152/93 619/517/93 466/342/93
s 23
f 156/235/83 624/518/84 155/143/83
s 22
f 154/519/118 627/520/118 478/236/118
s 24
f 150/521/150 629/522/150 482/150/25
s 44
f 152/149/9 634/523/9 151/249/9
s 17
f 592/524/87 596/525/157 595/526/87
s 14
f 602/527/96 600/330/78 599/331/96
f 604/528/85 598/174/97 597/176/85
s 11
f 612/529/103 608/195/73 607/197/103
f 610/530/94 606/198/104 605/200/94
s 4
f 613/345/110 619/531/52 614/344/52
f 618/532/114 616/215/111 615/216/114
s 13
f 628/533/122 624/347/76 623/348/120
f 621/231/116 625/534/121 622/229/158
s 25
f 633/535/134 629/536/133 634/537/133
f 635/538/130 631/539/135 636/540/135
s 17
f 143/507/159 589/541/160 142/542/159
s 20
f 605/179/25 188/204/150 187/543/150
s 43
f 594/544/119 448/171/118 593/545/118
f 593/546/118 445/170/118 596/547/118
f 596/525/118 446/354/119 595/526/119
f 595/548/119 168/355/118 167/130/118
s 21
f 618/549/93 182/550/93 467/135/93
s 17
f 594/544/160 590/551/161 589/552/160
f 591/553/157 593/546/161 596/547/157
s 44
f 634/537/9 488/246/9 633/535/162
f 633/554/162 485/245/9 636/253/9
f 636/540/9 486/134/9 635/538/9
f 635/555/9 176/133/9 175/124/9
s 2
f 493/67/33 492/90/34 516/68/34
f 499/70/35 523/91/35 524/71/36
f 490/73/37 489/81/38 503/74/38
f 496/76/39 520/92/39 521/77/40
f 493/67/33 517/69/33 518/79/41
f 489/81/38 500/72/36 524/71/36
f 490/82/37 514/556/37 515/83/42
f 497/78/40 521/77/40 522/85/43
f 495/87/44 494/80/41 518/79/41
f 491/89/42 515/557/42 516/68/34
f 498/86/43 522/85/43 523/91/35
f 495/87/44 519/88/44 520/92/39
s 3
f 163/93/45 142/256/46 141/94/46
f 159/96/47 161/261/48 162/97/48
f 155/99/49 157/269/140 158/100/50
s 4
f 159/102/51 614/516/52 619/103/52
s 3
f 151/105/53 153/277/54 154/106/54
f 147/108/55 149/284/56 150/109/56
f 143/111/57 145/292/58 146/112/58
s 5
f 185/114/59 187/543/59 188/115/60
s 6
f 181/117/61 183/142/61 184/118/62
s 7
f 177/120/63 179/228/63 180/121/64
s 8
f 174/123/65 173/248/8 175/124/8
s 9
f 169/126/66 171/173/66 172/127/67
s 10
f 165/129/68 166/166/69 167/130/69
s 8
f 483/132/70 174/241/65 176/133/65
s 6
f 467/135/71 182/550/62 184/136/62
s 11
f 161/138/72 163/514/72 608/139/73
s 12
f 615/141/74 470/137/74 184/136/74
s 13
f 155/143/75 624/518/76 627/144/76
s 14
f 147/146/77 600/509/78 601/147/78
s 8
f 152/149/79 150/521/79 482/150/80
s 6
f 158/152/81 466/342/82 471/153/82
s 15
f 604/155/74 169/558/74 170/156/74
s 16
f 591/158/83 592/559/83 441/159/83
f 590/161/84 591/560/83 442/160/84
s 14
f 597/163/85 171/173/86 169/126/86
s 17
f 592/165/87 595/548/87 167/130/88
s 10
f 141/167/89 444/328/90 447/168/90
f 443/162/91 442/160/92 445/170/92
s 18
f 597/163/93 452/175/93 172/172/93
f 598/174/93 451/188/93 452/175/93
s 15
f 603/177/74 604/561/74 455/157/74
s 11
f 605/179/94 187/543/95 185/114/95
s 14
f 599/181/96 598/329/97 603/182/97
s 9
f 455/157/98 170/156/67 172/172/67
f 148/184/99 146/562/99 454/185/100
f 450/187/101 453/333/101 456/178/102
s 19
f 610/189/9 185/563/9 186/190/9
f 611/192/9 612/564/9 461/193/9
s 20
f 608/195/25 457/206/25 458/196/25
f 606/198/25 459/208/25 460/199/25
s 11
f 612/201/103 607/336/103 606/202/104
s 5
f 463/191/105 186/190/60 188/204/60
f 162/205/106 462/194/107 457/206/107
f 461/193/108 464/338/109 459/208/109
s 4
f 613/209/110 616/343/111 617/210/111
s 6
f 465/212/112 468/221/113 469/213/113
s 12
f 616/215/74 469/213/74 470/137/74
s 4
f 615/141/114 183/142/115 181/117/115
s 13
f 621/218/116 179/228/117 177/120/117
s 21
f 617/220/93 618/565/93 467/135/93
s 22
f 626/222/118 177/566/118 178/223/118
f 625/225/119 626/567/118 479/224/119
s 23
f 621/218/84 476/230/84 180/227/84
f 622/229/83 475/239/83 476/230/84
s 13
f 623/232/120 622/346/158 625/233/121
s 7
f 479/224/123 178/223/64 180/227/64
f 156/235/124 154/519/124 478/236/125
f 474/238/126 477/350/126 480/226/127
s 24
f 632/240/25 173/568/25 174/241/25
f 631/242/25 632/569/25 483/132/25
s 8
f 481/244/128 484/243/152 485/245/129
s 25
f 632/247/130 635/555/130 175/124/131
f 151/249/132 634/523/133 629/250/133
f 630/252/134 633/554/134 636/253/135
s 3
f 300/255/136 277/299/32 142/256/46
f 299/257/136 278/570/32 277/258/32
f 298/260/137 300/255/136 163/93/45
f 297/262/137 299/257/136 300/259/136
f 296/264/138 298/260/137 161/261/48
s 26
f 287/265/66 305/571/66 306/266/66
s 3
f 294/268/139 296/264/138 159/96/47
f 293/270/139 295/572/138 296/271/138
f 292/273/141 294/268/139 157/269/140
f 291/274/141 293/270/139 294/272/139
f 290/276/142 292/273/141 155/99/49
f 289/278/142 291/274/141 292/275/141
f 288/280/143 290/276/142 153/277/54
s 27
f 281/281/144 303/573/144 301/282/144
s 3
f 149/284/56 286/574/145 288/280/143
f 286/285/145 285/290/145 287/286/143
f 284/288/17 286/574/145 149/284/56
f 284/289/17 283/575/17 285/290/145
f 282/291/146 284/288/17 147/108/55
f 281/293/146 283/575/17 284/289/17
f 280/295/147 282/291/146 145/292/58
s 28
f 298/296/148 312/312/148 311/297/148
s 3
f 277/299/32 280/302/147 143/300/57
f 278/301/32 279/376/147 280/302/147
s 29
f 309/303/83 311/317/83 312/304/83
s 30
f 305/306/93 307/321/93 308/307/93
s 31
f 301/282/25 303/573/25 304/309/25
s 32
f 298/296/149 296/320/149 310/311/149
s 33
f 282/313/8 304/326/8 303/314/8
s 34
f 295/316/144 297/576/144 311/317/144
s 35
f 290/318/149 288/267/149 306/266/149
s 36
f 295/316/63 309/303/63 310/311/63
s 37
f 290/318/61 308/319/61 307/321/61
s 38
f 289/322/144 307/321/144 305/306/144
s 39
f 279/283/24 301/282/24 302/324/24
s 40
f 280/325/149 302/324/149 304/326/149
s 16
f 589/327/83 590/577/84 443/162/84
s 18
f 599/181/93 450/187/93 451/188/93
f 600/330/93 449/578/93 450/187/93
s 15
f 602/332/74 603/579/74 456/178/74
f 601/334/74 602/580/74 453/333/74
s 20
f 607/336/25 458/196/25 459/208/25
s 19
f 612/337/9 609/581/9 464/338/9
f 609/339/9 610/582/9 463/191/9
s 21
f 620/340/93 617/583/93 468/221/93
f 619/341/93 620/584/93 465/212/93
s 12
f 613/209/74 472/214/74 469/213/74
f 614/344/74 471/153/74 472/214/74
s 23
f 623/232/83 474/238/83 475/239/83
f 624/347/84 473/237/84 474/238/83
s 22
f 628/349/119 625/585/119 480/226/119
f 627/351/118 628/586/119 477/350/119
s 24
f 630/352/25 631/587/25 484/243/25
f 629/353/150 630/588/25 481/244/25
s 10
f 443/162/91 448/171/91 447/168/90
f 446/354/151 445/170/92 442/160/92
s 9
f 450/187/101 449/578/100 454/335/100
f 452/175/98 451/188/102 456/178/102
s 5
f 458/196/108 457/206/107 462/194/107
f 460/199/105 459/208/109 464/338/109
s 6
f 472/214/112 471/153/82 466/342/82
f 470/137/71 469/213/113 468/221/113
s 7
f 474/238/126 473/237/125 478/236/125
f 479/224/123 476/230/123 475/239/127
s 8
f 488/246/128 487/151/80 482/150/80
f 486/134/70 485/245/129 484/243/152
s 10
f 441/159/151 165/513/68 168/355/68
s 3
f 500/356/136 489/375/32 278/301/32
f 499/358/153 500/356/136 299/357/136
f 498/360/16 499/358/153 297/359/137
f 497/362/139 498/360/16 295/361/138
f 496/364/141 497/362/139 293/363/139
f 495/366/1 496/364/141 291/365/141
f 494/368/154 495/366/1 289/367/142
f 285/370/145 493/589/145 494/368/154
f 492/371/17 493/589/145 285/370/145
f 491/84/155 492/371/17 283/372/17
f 490/82/156 491/84/155 281/373/146
f 489/375/32 490/590/156 279/376/147
s 41
f 9/377/149 10/439/149 527/378/149
f 23/380/149 525/440/149 555/381/149
f 8/383/149 9/377/149 556/379/149
f 22/382/149 555/381/149 553/385/149
f 7/387/149 8/383/149 554/384/149
f 21/386/149 553/385/149 551/389/149
f 6/391/149 7/387/149 552/388/149
f 19/393/149 20/390/149 551/389/149
f 32/395/149 1/422/149 537/396/149
f 5/398/149 6/391/149 550/392/149
f 19/393/149 549/394/149 546/400/149
f 31/402/149 32/395/149 548/397/149
f 4/404/149 5/398/149 547/399/149
f 18/401/149 546/400/149 543/406/149
f 31/402/149 545/403/149 542/408/149
f 3/410/149 4/404/149 544/405/149
f 17/407/149 543/406/149 540/412/149
f 30/409/149 542/408/149 539/414/149
f 2/416/149 3/410/149 541/411/149
f 16/413/149 540/412/149 536/418/149
f 29/415/149 539/414/149 535/420/149
f 2/416/149 538/417/149 537/396/149
f 14/423/149 15/419/149 536/418/149
f 28/421/149 535/420/149 533/425/149
f 13/427/149 14/423/149 534/424/149
f 27/426/149 533/425/149 531/429/149
f 12/431/149 13/427/149 532/428/149
f 26/430/149 531/429/149 529/433/149
f 11/435/149 12/431/149 530/432/149
f 25/434/149 529/433/149 526/437/149
f 10/439/149 11/435/149 528/436/149
f 24/438/149 526/437/149 525/440/149
s 42
f 34/441/144 33/504/144 588/442/144
f 35/444/144 34/441/144 557/443/144
f 35/444/144 558/445/144 559/446/144
f 36/447/144 559/446/144 560/448/144
f 37/449/144 560/448/144 561/450/144
f 38/451/144 561/450/144 562/452/144
f 39/453/144 562/452/144 563/454/144
f 40/455/144 563/454/144 564/456/144
f 41/457/144 564/456/144 565/458/144
f 42/459/144 565/458/144 566/460/144
f 43/461/144 566/460/144 567/462/144
f 44/463/144 567/462/144 568/464/144
f 45/465/144 568/464/144 569/466/144
f 46/467/144 569/466/144 570/468/144
f 47/469/144 570/468/144 571/470/144
f 48/471/144 571/470/144 572/472/144
f 49/473/144 572/472/144 573/474/144
f 50/475/144 573/474/144 574/476/144
f 51/477/144 574/476/144 575/478/144
f 53/480/144 52/479/144 575/478/144
f 54/482/144 53/480/144 576/481/144
f 55/484/144 54/482/144 577/483/144
f 56/486/144 55/484/144 578/485/144
f 57/488/144 56/486/144 579/487/144
f 58/490/144 57/488/144 580/489/144
f 59/492/144 58/490/144 581/491/144
f 60/494/144 59/492/144 582/493/144
f 61/496/144 60/494/144 583/495/144
f 62/498/144 61/496/144 584/497/144
f 63/500/144 62/498/144 585/499/144
f 64/502/144 63/500/144 586/501/144
f 33/504/144 64/502/144 587/503/144
s 16
f 589/327/83 444/328/83 141/167/83
s 43
f 144/169/119 447/168/118 594/506/119
s 18
f 148/508/93 449/578/93 600/509/93
s 15
f 146/510/74 145/591/74 601/511/74
s 16
f 592/512/83 166/592/84 165/513/84
s 20
f 164/207/25 457/206/25 608/139/25
s 19
f 162/205/9 161/593/9 611/515/9
s 12
f 160/154/74 471/153/74 614/516/74
s 21
f 158/152/93 157/594/93 619/517/93
s 23
f 156/235/83 473/237/84 624/518/84
s 22
f 154/519/118 153/595/118 627/520/118
s 24
f 150/521/150 149/596/150 629/522/150
s 44
f 152/149/9 487/151/9 634/523/9
s 17
f 592/524/87 591/597/157 596/525/157
s 14
f 602/527/96 601/598/78 600/330/78
f 604/528/85 603/599/97 598/174/97
s 11
f 612/529/103 611/600/73 608/195/73
f 610/530/94 609/601/104 606/198/104
s 4
f 613/345/110 620/602/110 619/531/52
f 618/532/114 617/603/111 616/215/111
s 13
f 628/533/122 627/604/76 624/347/76
f 621/231/116 626/605/116 625/534/121
s 25
f 633/535/134 630/606/134 629/536/133
f 635/538/130 632/607/130 631/539/135
s 17
f 143/507/159 594/506/160 589/541/160
s 20
f 605/179/25 460/199/25 188/204/150
s 43
f 594/544/119 447/168/118 448/171/118
f 593/546/118 448/171/118 445/170/118
f 596/525/118 445/170/118 446/354/119
f 595/548/119 446/354/119 168/355/118
s 21
f 618/549/93 181/608/93 182/550/93
s 17
f 594/544/160 593/545/161 590/551/161
f 591/553/157 590/609/161 593/546/161
s 44
f 634/537/9 487/151/9 488/246/9
f 633/554/162 488/246/9 485/245/9
f 636/540/9 485/245/9 486/134/9
f 635/555/9 486/134/9 176/133/9
s 45
g LlantaTraseraIzquierda.001_SpacialRoverExploreralumGrayDeep
usemtl SpacialRoverExploreralumGrayDeep
f 136/610/163 207/611/32 135/612/32
s 3
f 164/95/45 189/613/32 200/614/136
f 199/615/164 164/95/45 200/614/136
f 160/98/47 199/615/164 198/616/16
f 158/100/50 198/616/16 197/617/139
f 156/101/49 197/617/139 196/618/141
f 154/106/54 196/618/141 195/619/1
f 152/107/53 195/619/1 194/620/154
f 193/621/145 152/107/53 194/620/154
f 192/622/17 150/109/56 193/621/145
f 146/112/58 192/622/17 191/623/155
f 144/113/57 191/623/155 190/624/156
f 141/94/46 190/625/156 189/613/32
s 46
f 129/626/149 190/627/149 130/628/149
f 130/628/149 191/629/149 131/630/149
f 131/630/149 192/631/149 132/632/149
f 133/633/149 192/631/149 193/634/149
f 133/633/149 194/635/149 134/636/149
f 135/637/149 194/635/149 195/638/149
f 135/637/149 196/639/149 136/640/149
f 137/641/149 196/639/149 197/642/149
f 137/641/149 198/643/149 138/644/149
f 138/644/149 199/645/149 139/646/149
f 139/646/149 200/647/149 140/648/149
f 129/626/149 200/647/149 189/649/149
s 47
f 204/650/149 208/651/149 212/652/149
s 45
f 133/653/153 204/654/16 132/655/16
f 140/656/154 211/657/145 139/658/145
f 130/659/141 201/660/1 129/661/1
f 137/662/155 208/663/163 136/610/163
f 133/653/153 206/664/136 205/665/164
f 129/661/1 212/666/154 140/656/154
f 131/667/139 202/668/165 130/669/141
f 138/670/17 209/671/155 137/662/155
f 135/612/32 206/664/136 134/672/136
f 132/655/16 203/673/139 131/667/139
f 139/658/145 210/674/17 138/670/17
s 48
f 502/675/32 514/676/156 503/677/32
f 501/678/156 515/83/155 514/556/156
f 504/679/155 516/680/17 515/83/155
f 505/681/17 517/682/145 516/680/17
f 517/682/145 507/683/154 518/684/154
f 507/683/154 519/685/1 518/684/154
f 508/686/1 520/687/141 519/685/1
f 509/688/165 521/689/139 520/687/141
f 510/690/139 522/691/16 521/689/139
f 511/692/16 523/693/164 522/691/16
s 49
f 512/694/144 508/695/144 504/679/144
s 48
f 512/696/164 524/697/136 523/693/164
f 513/698/136 503/677/32 524/697/136
s 45
f 136/610/163 208/663/163 207/611/32
s 3
f 164/95/45 141/94/46 189/613/32
f 199/615/164 162/97/48 164/95/45
f 160/98/47 162/97/48 199/615/164
f 158/100/50 160/98/47 198/616/16
f 156/101/49 158/100/50 197/617/139
f 154/106/54 156/101/49 196/618/141
f 152/107/53 154/106/54 195/619/1
f 193/621/145 150/109/56 152/107/53
f 192/622/17 148/110/55 150/109/56
f 146/112/58 148/110/55 192/622/17
f 144/113/57 146/112/58 191/623/155
f 141/94/46 144/699/57 190/625/156
s 46
f 129/626/149 189/649/149 190/627/149
f 130/628/149 190/627/149 191/629/149
f 131/630/149 191/629/149 192/631/149
f 133/633/149 132/632/149 192/631/149
f 133/633/149 193/634/149 194/635/149
f 135/637/149 134/636/149 194/635/149
f 135/637/149 195/638/149 196/639/149
f 137/641/149 136/640/149 196/639/149
f 137/641/149 197/642/149 198/643/149
f 138/644/149 198/643/149 199/645/149
f 139/646/149 199/645/149 200/647/149
f 129/626/149 140/648/149 200/647/149
s 47
f 212/652/149 201/700/149 202/701/149
f 202/701/149 203/702/149 204/650/149
f 204/650/149 205/703/149 206/704/149
f 206/704/149 207/705/149 208/651/149
f 208/651/149 209/706/149 210/707/149
f 210/707/149 211/708/149 212/652/149
f 212/652/149 202/701/149 204/650/149
f 204/650/149 206/704/149 208/651/149
f 208/651/149 210/707/149 212/652/149
s 45
f 133/653/153 205/665/164 204/654/16
f 140/656/154 212/666/154 211/657/145
f 130/659/141 202/709/165 201/660/1
f 137/662/155 209/671/155 208/663/163
f 133/653/153 134/672/136 206/664/136
f 129/661/1 201/660/1 212/666/154
f 131/667/139 203/673/139 202/668/165
f 138/670/17 210/674/17 209/671/155
f 135/612/32 207/611/32 206/664/136
f 132/655/16 204/654/16 203/673/139
f 139/658/145 211/657/145 210/674/17
s 48
f 502/675/32 501/710/156 514/676/156
f 501/678/156 504/679/155 515/83/155
f 504/679/155 505/681/17 516/680/17
f 505/681/17 506/711/145 517/682/145
f 517/682/145 506/711/145 507/683/154
f 507/683/154 508/686/1 519/685/1
f 508/686/1 509/688/165 520/687/141
f 509/688/165 510/690/139 521/689/139
f 510/690/139 511/692/16 522/691/16
f 511/692/16 512/696/164 523/693/164
s 49
f 504/679/144 501/678/144 502/712/144
f 502/712/144 513/713/144 512/694/144
f 512/694/144 511/714/144 510/715/144
f 510/715/144 509/716/144 508/695/144
f 508/695/144 507/717/144 506/718/144
f 506/718/144 505/719/144 504/679/144
f 504/679/144 502/712/144 512/694/144
f 512/694/144 510/715/144 508/695/144
f 508/695/144 506/718/144 504/679/144
s 48
f 512/696/164 513/698/136 524/697/136
f 513/698/136 502/675/32 503/677/32
s 42
g LlantaTraseraIzquierda.001_SpacialRoverExplorerwheels
usemtl SpacialRoverExplorerwheels
f 588/720/144 96/721/166 66/722/167
f 587/723/144 95/724/168 96/721/166
f 586/725/144 94/726/169 95/724/168
f 585/727/144 93/728/170 94/726/169
f 584/729/144 92/730/171 93/728/170
f 583/731/144 91/732/172 92/730/171
f 582/733/144 90/734/173 91/732/172
f 581/735/144 89/736/174 90/734/173
f 580/737/144 88/738/175 89/736/174
f 579/739/144 87/740/175 88/738/175
f 578/741/144 86/742/176 87/740/175
f 577/743/144 85/744/176 86/742/176
f 576/745/144 84/746/177 85/747/176
f 574/748/144 84/746/177 575/749/144
f 573/750/144 83/751/177 574/748/144
f 572/752/144 82/753/178 573/750/144
f 571/754/144 81/755/178 572/752/144
f 570/756/144 80/757/179 571/754/144
f 569/758/144 79/759/180 570/756/144
f 568/760/144 78/761/181 569/758/144
f 567/762/144 77/763/182 568/760/144
f 566/764/144 76/765/183 567/762/144
f 565/766/144 75/767/183 566/764/144
f 564/768/144 74/769/184 565/766/144
f 563/770/144 73/771/185 564/768/144
f 562/772/144 72/773/186 563/770/144
f 561/774/144 71/775/187 562/772/144
f 560/776/144 70/777/188 561/774/144
f 559/778/144 69/779/188 560/780/144
f 559/778/144 67/781/189 68/782/189
f 558/783/144 65/784/167 67/781/189
f 557/785/144 66/722/167 65/784/167
s 41
f 526/786/149 119/787/190 525/788/149
f 527/789/149 107/790/191 106/791/192
f 529/792/149 120/793/190 526/786/149
f 528/794/149 108/795/193 107/790/191
f 531/796/149 121/797/194 529/792/149
f 530/798/149 109/799/195 108/795/193
f 533/800/149 122/801/196 531/796/149
f 532/802/149 110/803/195 109/799/195
f 535/804/149 123/805/197 533/800/149
f 534/806/149 111/807/198 110/803/195
f 538/808/149 97/809/199 537/810/149
f 539/811/149 124/812/200 535/804/149
f 536/813/149 112/814/198 111/807/198
f 541/815/149 98/816/201 538/808/149
f 542/817/149 125/818/202 539/811/149
f 543/819/149 112/814/198 540/820/149
f 544/821/149 99/822/203 541/815/149
f 545/823/149 126/824/204 542/817/149
f 546/825/149 113/826/205 543/819/149
f 547/827/149 100/828/203 544/821/149
f 548/829/149 127/830/206 545/823/149
f 549/831/149 114/832/207 546/825/149
f 547/833/149 102/834/208 101/835/208
f 537/810/149 128/836/206 548/829/149
f 551/837/149 115/838/209 549/831/149
f 550/839/149 103/840/210 102/834/208
f 553/841/149 116/842/209 551/837/149
f 552/843/149 104/844/210 103/840/210
f 555/845/149 117/846/211 553/847/149
f 554/848/149 105/849/192 104/844/210
f 525/788/149 118/850/212 555/845/149
f 556/851/149 106/791/192 105/849/192
s 50
f 214/852/213 123/805/214 216/853/215
s 51
f 218/854/216 127/830/217 220/855/218
s 52
f 220/855/219 412/856/220 219/857/221
s 53
f 224/858/222 125/818/223 222/859/224
s 54
f 271/860/225 314/861/226 438/862/227
s 52
f 219/857/221 313/863/228 95/724/229
s 42
f 86/742/176 323/864/230 324/865/231
s 55
f 270/866/232 437/867/233 405/868/232
s 41
f 127/830/206 375/869/234 376/870/234
s 56
f 238/871/235 117/872/236 232/873/237
s 57
f 234/874/238 119/787/239 228/875/240
s 58
f 230/876/241 121/797/242 226/877/243
s 59
f 218/854/244 411/878/245 379/879/244
s 55
f 269/880/233 342/881/246 437/867/233
s 60
f 112/814/247 240/882/248 246/883/249
s 61
f 114/832/250 236/884/251 242/885/252
s 59
f 217/886/253 316/887/254 411/878/245
s 42
f 88/738/175 321/888/255 322/889/255
s 62
f 108/795/256 248/890/257 254/891/258
s 63
f 110/803/259 244/892/260 250/893/261
s 64
f 268/894/262 436/895/263 267/896/264
s 41
f 125/818/202 373/897/265 374/898/266
s 65
f 216/853/267 410/899/268 215/900/269
s 64
f 267/896/264 341/901/270 67/781/270
s 66
f 100/828/271 264/902/272 270/866/273
s 67
f 102/834/274 260/903/275 266/904/276
s 68
f 104/844/277 256/905/278 262/906/279
s 69
f 106/791/280 252/907/281 258/908/282
s 70
f 272/909/283 97/809/284 274/910/285
s 65
f 215/900/269 317/911/286 91/732/287
s 71
f 276/912/288 99/822/289 268/894/290
s 42
f 90/734/173 319/913/291 320/914/291
s 72
f 266/904/292 435/915/293 403/916/292
s 41
f 123/805/197 371/917/294 372/918/294
s 71
f 65/784/295 267/896/296 67/781/295
f 275/919/297 268/894/290 267/896/296
s 73
f 214/852/298 409/920/299 377/921/298
s 72
f 265/922/300 340/923/301 435/915/293
s 70
f 96/721/302 273/924/303 66/722/302
f 271/860/304 274/910/285 273/924/303
s 69
f 257/925/305 75/767/306 74/769/306
f 258/908/282 251/926/307 257/925/305
s 68
f 261/927/308 73/771/309 72/773/309
f 262/906/279 255/928/310 261/927/308
s 67
f 265/922/311 71/775/312 70/777/312
f 266/904/276 259/929/313 265/922/311
s 66
f 269/880/314 69/779/315 68/782/315
f 270/866/273 263/930/316 269/880/314
s 73
f 213/931/317 320/914/318 409/920/299
s 42
f 92/730/171 317/911/319 318/932/319
s 74
f 264/933/320 434/934/321 263/935/322
s 41
f 121/797/194 369/936/323 370/937/323
s 75
f 276/912/324 345/938/325 98/816/326
s 74
f 263/935/322 339/939/327 69/940/328
s 76
f 274/910/329 346/941/330 407/942/329
s 42
f 94/726/169 315/943/331 316/887/331
s 63
f 249/944/332 79/759/333 78/761/334
f 250/893/261 243/945/335 249/944/332
s 62
f 253/946/336 77/763/337 76/765/337
f 254/891/258 247/947/338 253/946/336
s 77
f 262/906/339 433/948/340 401/949/341
s 41
f 119/787/190 367/950/342 368/951/342
s 54
f 272/909/343 375/869/344 128/836/345
s 77
f 261/927/346 338/952/347 433/948/340
s 61
f 241/953/348 83/751/349 82/753/349
f 242/885/252 235/954/350 241/953/348
s 60
f 245/955/351 81/755/352 80/757/352
f 246/883/249 239/956/353 245/955/351
s 55
f 270/866/232 347/957/354 100/828/354
s 42
f 96/721/166 313/863/355 314/861/355
s 78
f 260/903/356 432/958/357 259/929/358
s 41
f 117/846/211 365/959/359 366/960/359
s 58
f 88/738/360 225/961/361 89/736/360
f 229/962/362 226/877/243 225/961/361
s 57
f 86/742/363 227/963/364 87/740/363
f 233/964/365 228/875/240 227/963/364
s 56
f 84/746/366 231/965/367 85/747/366
f 237/966/368 232/873/237 231/965/367
s 64
f 268/894/262 348/967/369 404/968/262
s 78
f 259/929/358 337/969/370 71/775/371
s 72
f 266/904/292 349/970/372 102/834/373
s 79
f 258/908/374 431/971/375 399/972/374
s 41
f 115/838/209 363/973/376 364/974/376
s 74
f 264/933/320 350/975/377 402/976/320
s 79
f 257/925/378 336/977/379 431/971/375
s 77
f 262/906/339 351/978/380 104/844/381
s 80
f 256/905/382 430/979/383 255/928/384
s 41
f 114/832/207 362/980/385 113/826/205
s 53
f 92/730/386 221/981/387 93/728/386
f 223/982/388 222/859/224 221/981/387
s 78
f 260/903/356 352/983/389 400/984/356
s 80
f 255/928/384 335/985/390 73/771/391
s 51
f 94/726/392 219/857/393 95/724/392
f 217/886/394 220/855/218 219/857/393
s 50
f 90/734/395 215/900/396 91/732/395
f 213/931/397 216/853/215 215/900/396
s 81
f 381/986/398 373/897/399 379/879/400
s 82
f 378/987/401 371/917/402 382/988/403
s 83
f 383/989/404 369/936/405 377/921/406
s 84
f 384/990/407 367/950/408 385/991/409
s 85
f 386/992/410 365/959/411 387/993/412
s 86
f 388/994/413 363/973/414 389/995/413
s 87
f 362/980/415 391/996/416 390/997/417
s 88
f 360/998/418 393/999/419 392/1000/420
s 89
f 358/1001/421 395/1002/422 394/1003/423
s 90
f 356/1004/424 397/1005/425 396/1006/426
s 91
f 354/1007/427 399/972/428 398/1008/429
s 92
f 352/983/430 401/949/431 400/984/432
s 93
f 350/975/433 403/916/434 402/976/435
s 94
f 348/967/436 405/868/437 404/968/437
s 95
f 407/942/438 345/938/439 408/1009/440
s 96
f 380/1010/441 375/869/442 406/1011/443
f 313/863/444 438/862/445 314/861/444
f 412/856/446 406/1011/443 438/862/445
s 95
f 343/1012/447 440/1013/448 344/1014/447
f 439/1015/449 408/1009/440 440/1013/448
s 94
f 436/895/450 342/881/451 341/901/451
f 404/968/437 437/867/450 436/895/450
s 93
f 434/934/452 340/923/453 339/939/453
f 402/976/435 435/915/454 434/934/452
s 92
f 432/958/455 338/952/456 337/969/456
f 400/984/432 433/948/457 432/958/455
s 91
f 430/979/458 336/977/459 335/985/459
f 398/1008/429 431/971/460 430/979/458
s 90
f 428/1016/461 334/1017/462 333/1018/462
f 396/1006/426 429/1019/463 428/1016/461
s 89
f 426/1020/464 332/1021/465 331/1022/465
f 394/1003/423 427/1023/466 426/1020/464
s 88
f 424/1024/467 330/1025/468 329/1026/468
f 392/1000/420 425/1027/469 424/1024/467
s 87
f 422/1028/470 328/1029/471 327/1030/471
f 390/997/417 423/1031/472 422/1028/470
s 86
f 325/1032/473 421/1033/474 326/1034/473
f 388/994/413 421/1033/474 420/1035/474
s 85
f 323/864/475 419/1036/476 324/865/475
f 418/1037/477 387/993/412 419/1036/476
s 84
f 321/888/478 417/1038/479 322/889/478
f 416/1039/480 385/991/409 417/1038/479
s 83
f 319/913/481 409/920/482 320/914/483
f 415/1040/484 377/921/406 409/920/482
s 82
f 317/911/485 414/1041/486 318/932/485
f 410/899/487 382/988/403 414/1041/486
s 81
f 315/943/488 411/878/489 316/887/488
f 413/1042/490 379/879/400 411/878/489
s 54
f 272/909/343 438/862/227 406/1011/343
s 42
f 83/751/177 326/1034/491 84/746/177
s 97
f 221/981/492 315/943/493 93/728/494
s 76
f 273/924/495 343/1012/496 66/722/497
s 97
f 222/859/498 413/1042/499 221/981/492
s 76
f 274/910/329 439/1015/500 273/924/495
s 42
f 81/755/178 328/1029/501 82/753/178
s 98
f 223/982/502 318/932/503 414/1041/504
s 75
f 275/919/505 344/1014/506 440/1013/507
s 98
f 224/858/508 414/1041/504 382/988/508
s 75
f 276/912/324 440/1013/507 408/1009/509
s 42
f 79/759/180 330/1025/510 80/757/179
s 99
f 225/961/511 319/913/512 89/736/513
f 226/877/514 415/1040/515 225/961/511
s 42
f 77/763/182 332/1021/516 78/761/181
s 100
f 227/963/517 321/888/518 87/740/519
f 228/875/520 416/1039/521 227/963/517
s 42
f 75/767/183 334/1017/522 76/765/183
s 101
f 229/962/523 322/889/524 417/1038/525
f 230/876/526 417/1038/525 385/991/526
s 42
f 73/771/185 336/977/527 74/769/184
s 102
f 231/1043/528 323/864/529 85/744/529
f 232/1044/530 418/1037/528 231/1043/528
s 73
f 214/852/298 369/936/531 122/801/532
s 42
f 71/775/187 338/952/533 72/773/186
s 103
f 233/964/534 324/865/535 419/1036/536
s 65
f 216/853/267 372/918/537 378/987/267
s 103
f 234/874/538 419/1036/536 387/993/538
s 59
f 218/854/244 373/897/539 126/824/540
s 42
f 69/940/188 340/923/541 70/777/188
s 104
f 235/954/542 325/1032/543 83/751/543
s 52
f 220/855/219 376/870/544 380/1010/545
s 104
f 236/884/546 420/1035/542 235/954/542
s 97
f 222/859/498 374/898/547 381/986/548
s 42
f 68/782/189 341/901/549 342/881/549
s 105
f 237/966/550 326/1034/551 421/1033/552
s 98
f 224/858/508 371/917/553 124/812/554
s 105
f 238/871/555 421/1033/552 389/995/555
s 99
f 226/877/514 370/937/556 383/989/514
s 42
f 65/784/167 343/1012/557 344/1014/557
s 106
f 239/956/558 327/1030/559 81/755/560
s 100
f 228/875/520 368/951/561 384/990/520
s 41
f 97/809/199 345/938/562 346/941/562
s 106
f 240/882/563 422/1028/564 239/956/558
s 101
f 230/876/526 367/950/565 120/793/566
s 107
f 241/953/567 328/1029/568 423/1031/569
s 102
f 232/1044/530 366/960/570 386/992/571
s 41
f 100/828/203 348/967/572 99/822/203
s 107
f 242/885/573 423/1031/569 391/996/574
s 103
f 234/874/538 365/959/575 118/850/576
s 108
f 243/945/577 329/1026/578 79/759/579
s 104
f 236/884/546 364/974/580 388/994/546
s 41
f 102/834/208 350/975/581 101/835/208
s 108
f 244/892/582 424/1024/583 243/945/577
s 105
f 238/871/555 363/973/584 116/842/585
s 109
f 245/955/586 330/1025/587 425/1027/588
s 106
f 240/882/563 362/980/589 390/997/563
s 41
f 104/844/210 352/983/590 103/840/210
s 109
f 246/883/591 425/1027/588 393/999/591
s 107
f 242/885/573 361/1045/592 114/832/593
s 110
f 247/947/594 331/1022/595 77/763/596
s 108
f 244/892/582 360/998/597 392/1000/582
s 41
f 106/791/192 354/1007/598 105/849/192
s 110
f 248/890/599 426/1020/600 247/947/594
s 109
f 246/883/591 359/1046/601 112/814/602
s 111
f 249/944/603 332/1021/604 427/1023/605
s 110
f 248/890/599 358/1001/606 394/1003/599
s 41
f 108/795/193 356/1004/607 107/790/191
s 111
f 250/893/608 427/1023/605 395/1002/609
f 250/893/608 357/1047/610 110/803/611
s 112
f 251/926/612 333/1018/613 75/767/614
f 252/907/615 356/1004/616 396/1006/615
s 41
f 110/803/195 358/1001/617 109/799/195
s 112
f 252/907/615 428/1016/618 251/926/612
s 113
f 254/891/619 355/1048/620 108/795/621
f 253/946/622 334/1017/623 429/1019/624
s 80
f 256/905/382 354/1007/625 398/1008/382
s 41
f 112/814/198 360/998/626 111/807/198
s 113
f 254/891/619 429/1019/624 397/1005/627
s 79
f 258/908/374 353/1049/628 106/791/629
s 42
f 588/720/144 587/723/144 96/721/166
f 587/723/144 586/725/144 95/724/168
f 586/725/144 585/727/144 94/726/169
f 585/727/144 584/729/144 93/728/170
f 584/729/144 583/731/144 92/730/171
f 583/731/144 582/733/144 91/732/172
f 582/733/144 581/735/144 90/734/173
f 581/735/144 580/737/144 89/736/174
f 580/737/144 579/739/144 88/738/175
f 579/739/144 578/741/144 87/740/175
f 578/741/144 577/743/144 86/742/176
f 577/743/144 576/1050/144 85/744/176
f 576/745/144 575/749/144 84/746/177
f 574/748/144 83/751/177 84/746/177
f 573/750/144 82/753/178 83/751/177
f 572/752/144 81/755/178 82/753/178
f 571/754/144 80/757/179 81/755/178
f 570/756/144 79/759/180 80/757/179
f 569/758/144 78/761/181 79/759/180
f 568/760/144 77/763/182 78/761/181
f 567/762/144 76/765/183 77/763/182
f 566/764/144 75/767/183 76/765/183
f 565/766/144 74/769/184 75/767/183
f 564/768/144 73/771/185 74/769/184
f 563/770/144 72/773/186 73/771/185
f 562/772/144 71/775/187 72/773/186
f 561/774/144 70/777/188 71/775/187
f 560/776/144 69/940/188 70/777/188
f 559/778/144 68/782/189 69/779/188
f 559/778/144 558/783/144 67/781/189
f 558/783/144 557/785/144 65/784/167
f 557/785/144 588/720/144 66/722/167
s 41
f 526/786/149 120/793/190 119/787/190
f 527/789/149 528/794/149 107/790/191
f 529/792/149 121/797/194 120/793/190
f 528/794/149 530/798/149 108/795/193
f 531/796/149 122/801/196 121/797/194
f 530/798/149 532/802/149 109/799/195
f 533/800/149 123/805/197 122/801/196
f 532/802/149 534/806/149 110/803/195
f 535/804/149 124/812/200 123/805/197
f 534/806/149 536/813/149 111/807/198
f 538/808/149 98/816/201 97/809/199
f 539/811/149 125/818/202 124/812/200
f 536/813/149 540/820/149 112/814/198
f 541/815/149 99/822/203 98/816/201
f 542/817/149 126/824/204 125/818/202
f 543/819/149 113/826/205 112/814/198
f 544/821/149 100/828/203 99/822/203
f 545/823/149 127/830/206 126/824/204
f 546/825/149 114/832/207 113/826/205
f 547/827/149 101/1051/208 100/828/203
f 548/829/149 128/836/206 127/830/206
f 549/831/149 115/838/209 114/832/207
f 547/833/149 550/839/149 102/834/208
f 537/810/149 97/809/199 128/836/206
f 551/837/149 116/842/209 115/838/209
f 550/839/149 552/843/149 103/840/210
f 553/841/149 117/872/211 116/842/209
f 552/843/149 554/848/149 104/844/210
f 555/845/149 118/850/212 117/846/211
f 554/848/149 556/851/149 105/849/192
f 525/788/149 119/787/190 118/850/212
f 556/851/149 527/789/149 106/791/192
s 50
f 214/852/213 122/801/214 123/805/214
s 51
f 218/854/216 126/824/217 127/830/217
s 52
f 220/855/219 380/1010/545 412/856/220
s 53
f 224/858/222 124/812/223 125/818/223
s 54
f 271/860/225 96/721/630 314/861/226
s 52
f 219/857/221 412/856/220 313/863/228
s 42
f 86/742/176 85/744/176 323/864/230
s 55
f 270/866/232 269/880/233 437/867/233
s 41
f 127/830/206 128/836/206 375/869/234
s 56
f 238/871/235 116/842/236 117/872/236
s 57
f 234/874/238 118/850/239 119/787/239
s 58
f 230/876/241 120/793/242 121/797/242
s 59
f 218/854/244 217/886/253 411/878/245
s 55
f 269/880/233 68/782/246 342/881/246
s 60
f 112/814/247 113/826/247 240/882/248
s 61
f 114/832/250 115/838/250 236/884/251
s 59
f 217/886/253 94/726/631 316/887/254
s 42
f 88/738/175 87/740/175 321/888/255
s 62
f 108/795/256 109/799/256 248/890/257
s 63
f 110/803/259 111/807/259 244/892/260
s 64
f 268/894/262 404/968/262 436/895/263
s 41
f 125/818/202 126/824/204 373/897/265
s 65
f 216/853/267 378/987/267 410/899/268
s 64
f 267/896/264 436/895/263 341/901/270
s 66
f 100/828/271 101/1051/271 264/902/272
s 67
f 102/834/274 103/840/274 260/903/275
s 68
f 104/844/277 105/849/277 256/905/278
s 69
f 106/791/280 107/790/280 252/907/281
s 70
f 272/909/283 128/836/284 97/809/284
s 65
f 215/900/269 410/899/268 317/911/286
s 71
f 276/912/288 98/816/289 99/822/289
s 42
f 90/734/173 89/736/174 319/913/291
s 72
f 266/904/292 265/922/300 435/915/293
s 41
f 123/805/197 124/812/200 371/917/294
s 71
f 65/784/295 275/919/297 267/896/296
f 275/919/297 276/912/288 268/894/290
s 73
f 214/852/298 213/931/317 409/920/299
s 72
f 265/922/300 70/777/632 340/923/301
s 70
f 96/721/302 271/860/304 273/924/303
f 271/860/304 272/909/283 274/910/285
s 69
f 257/925/305 251/926/307 75/767/306
f 258/908/282 252/907/281 251/926/307
s 68
f 261/927/308 255/928/310 73/771/309
f 262/906/279 256/905/278 255/928/310
s 67
f 265/922/311 259/929/313 71/775/312
f 266/904/276 260/903/275 259/929/313
s 66
f 269/880/314 263/930/316 69/779/315
f 270/866/273 264/902/272 263/930/316
s 73
f 213/931/317 90/734/633 320/914/318
s 42
f 92/730/171 91/732/172 317/911/319
s 74
f 264/933/320 402/976/320 434/934/321
s 41
f 121/797/194 122/801/196 369/936/323
s 75
f 276/912/324 408/1009/509 345/938/325
s 74
f 263/935/322 434/934/321 339/939/327
s 76
f 274/910/329 97/809/634 346/941/330
s 42
f 94/726/169 93/728/170 315/943/331
s 63
f 249/944/332 243/945/335 79/759/333
f 250/893/261 244/892/260 243/945/335
s 62
f 253/946/336 247/947/338 77/763/337
f 254/891/258 248/890/257 247/947/338
s 77
f 262/906/339 261/927/346 433/948/340
s 41
f 119/787/190 120/793/190 367/950/342
s 54
f 272/909/343 406/1011/343 375/869/344
s 77
f 261/927/346 72/773/635 338/952/347
s 61
f 241/953/348 235/954/350 83/751/349
f 242/885/252 236/884/251 235/954/350
s 60
f 245/955/351 239/956/353 81/755/352
f 246/883/249 240/882/248 239/956/353
s 55
f 270/866/232 405/868/232 347/957/354
s 42
f 96/721/166 95/724/168 313/863/355
s 78
f 260/903/356 400/984/356 432/958/357
s 41
f 117/846/211 118/850/212 365/959/359
s 58
f 88/738/360 229/962/362 225/961/361
f 229/962/362 230/876/241 226/877/243
s 57
f 86/742/363 233/964/365 227/963/364
f 233/964/365 234/874/238 228/875/240
s 56
f 84/746/366 237/966/368 231/965/367
f 237/966/368 238/871/235 232/873/237
s 64
f 268/894/262 99/822/369 348/967/369
s 78
f 259/929/358 432/958/357 337/969/370
s 72
f 266/904/292 403/916/292 349/970/372
s 79
f 258/908/374 257/925/378 431/971/375
s 41
f 115/838/209 116/842/209 363/973/376
s 74
f 264/933/320 101/835/377 350/975/377
s 79
f 257/925/378 74/769/636 336/977/379
s 77
f 262/906/339 401/949/341 351/978/380
s 80
f 256/905/382 398/1008/382 430/979/383
s 41
f 114/832/207 361/1045/385 362/980/385
s 53
f 92/730/386 223/982/388 221/981/387
f 223/982/388 224/858/222 222/859/224
s 78
f 260/903/356 103/840/637 352/983/389
s 80
f 255/928/384 430/979/383 335/985/390
s 51
f 94/726/392 217/886/394 219/857/393
f 217/886/394 218/854/216 220/855/218
s 50
f 90/734/395 213/931/397 215/900/396
f 213/931/397 214/852/213 216/853/215
s 81
f 381/986/398 374/898/399 373/897/399
s 82
f 378/987/401 372/918/402 371/917/402
s 83
f 383/989/404 370/937/405 369/936/405
s 84
f 384/990/407 368/951/408 367/950/408
s 85
f 386/992/410 366/960/411 365/959/411
s 86
f 388/994/413 364/974/414 363/973/414
s 87
f 362/980/415 361/1045/415 391/996/416
s 88
f 360/998/418 359/1046/418 393/999/419
s 89
f 358/1001/421 357/1047/421 395/1002/422
s 90
f 356/1004/424 355/1048/424 397/1005/425
s 91
f 354/1007/427 353/1049/427 399/972/428
s 92
f 352/983/430 351/978/430 401/949/431
s 93
f 350/975/433 349/970/433 403/916/434
s 94
f 348/967/436 347/957/436 405/868/437
s 95
f 407/942/438 346/941/439 345/938/439
s 96
f 380/1010/441 376/870/442 375/869/442
f 313/863/444 412/856/446 438/862/445
f 412/856/446 380/1010/441 406/1011/443
s 95
f 343/1012/447 439/1015/449 440/1013/448
f 439/1015/449 407/942/438 408/1009/440
s 94
f 436/895/450 437/867/450 342/881/451
f 404/968/437 405/868/437 437/867/450
s 93
f 434/934/452 435/915/454 340/923/453
f 402/976/435 403/916/434 435/915/454
s 92
f 432/958/455 433/948/457 338/952/456
f 400/984/432 401/949/431 433/948/457
s 91
f 430/979/458 431/971/460 336/977/459
f 398/1008/429 399/972/428 431/971/460
s 90
f 428/1016/461 429/1019/463 334/1017/462
f 396/1006/426 397/1005/425 429/1019/463
s 89
f 426/1020/464 427/1023/466 332/1021/465
f 394/1003/423 395/1002/422 427/1023/466
s 88
f 424/1024/467 425/1027/469 330/1025/468
f 392/1000/420 393/999/419 425/1027/469
s 87
f 422/1028/470 423/1031/472 328/1029/471
f 390/997/417 391/996/416 423/1031/472
s 86
f 325/1032/473 420/1035/474 421/1033/474
f 388/994/413 389/995/413 421/1033/474
s 85
f 323/864/475 418/1037/477 419/1036/476
f 418/1037/477 386/992/410 387/993/412
s 84
f 321/888/478 416/1039/480 417/1038/479
f 416/1039/480 384/990/407 385/991/409
s 83
f 319/913/481 415/1040/484 409/920/482
f 415/1040/484 383/989/404 377/921/406
s 82
f 317/911/485 410/899/487 414/1041/486
f 410/899/487 378/987/401 382/988/403
s 81
f 315/943/488 413/1042/490 411/878/489
f 413/1042/490 381/986/398 379/879/400
s 54
f 272/909/343 271/860/225 438/862/227
s 42
f 83/751/177 325/1032/491 326/1034/491
s 97
f 221/981/492 413/1042/499 315/943/493
s 76
f 273/924/495 439/1015/500 343/1012/496
s 97
f 222/859/498 381/986/548 413/1042/499
s 76
f 274/910/329 407/942/329 439/1015/500
s 42
f 81/755/178 327/1030/501 328/1029/501
s 98
f 223/982/502 92/730/638 318/932/503
s 75
f 275/919/505 65/784/639 344/1014/506
s 98
f 224/858/508 223/982/502 414/1041/504
s 75
f 276/912/324 275/919/505 440/1013/507
s 42
f 79/759/180 329/1026/510 330/1025/510
s 99
f 225/961/511 415/1040/515 319/913/512
f 226/877/514 383/989/514 415/1040/515
s 42
f 77/763/182 331/1022/516 332/1021/516
s 100
f 227/963/517 416/1039/521 321/888/518
f 228/875/520 384/990/520 416/1039/521
s 42
f 75/767/183 333/1018/522 334/1017/522
s 101
f 229/962/523 88/738/640 322/889/524
f 230/876/526 229/962/523 417/1038/525
s 42
f 73/771/185 335/985/527 336/977/527
s 102
f 231/1043/528 418/1037/528 323/864/529
f 232/1044/530 386/992/571 418/1037/528
s 73
f 214/852/298 377/921/298 369/936/531
s 42
f 71/775/187 337/969/533 338/952/533
s 103
f 233/964/534 86/742/641 324/865/535
s 65
f 216/853/267 123/805/642 372/918/537
s 103
f 234/874/538 233/964/534 419/1036/536
s 59
f 218/854/244 379/879/244 373/897/539
s 42
f 69/940/188 339/939/541 340/923/541
s 104
f 235/954/542 420/1035/542 325/1032/543
s 52
f 220/855/219 127/830/643 376/870/544
s 104
f 236/884/546 388/994/546 420/1035/542
s 97
f 222/859/498 125/818/644 374/898/547
s 42
f 68/782/189 67/781/189 341/901/549
s 105
f 237/966/550 84/746/551 326/1034/551
s 98
f 224/858/508 382/988/508 371/917/553
s 105
f 238/871/555 237/966/550 421/1033/552
s 99
f 226/877/514 121/797/645 370/937/556
s 42
f 65/784/167 66/722/167 343/1012/557
s 106
f 239/956/558 422/1028/564 327/1030/559
s 100
f 228/875/520 119/787/646 368/951/561
s 41
f 97/809/199 98/816/201 345/938/562
s 106
f 240/882/563 390/997/563 422/1028/564
s 101
f 230/876/526 385/991/526 367/950/565
s 107
f 241/953/567 82/753/647 328/1029/568
s 102
f 232/1044/530 117/846/648 366/960/570
s 41
f 100/828/203 347/957/572 348/967/572
s 107
f 242/885/573 241/953/567 423/1031/569
s 103
f 234/874/538 387/993/538 365/959/575
s 108
f 243/945/577 424/1024/583 329/1026/578
s 104
f 236/884/546 115/838/580 364/974/580
s 41
f 102/834/208 349/970/581 350/975/581
s 108
f 244/892/582 392/1000/582 424/1024/583
s 105
f 238/871/555 389/995/555 363/973/584
s 109
f 245/955/586 80/757/649 330/1025/587
s 106
f 240/882/563 113/826/650 362/980/589
s 41
f 104/844/210 351/978/590 352/983/590
s 109
f 246/883/591 245/955/586 425/1027/588
s 107
f 242/885/573 391/996/574 361/1045/592
s 110
f 247/947/594 426/1020/600 331/1022/595
s 108
f 244/892/582 111/807/651 360/998/597
s 41
f 106/791/192 353/1049/598 354/1007/598
s 110
f 248/890/599 394/1003/599 426/1020/600
s 109
f 246/883/591 393/999/591 359/1046/601
s 111
f 249/944/603 78/761/652 332/1021/604
s 110
f 248/890/599 109/799/653 358/1001/606
s 41
f 108/795/193 355/1048/607 356/1004/607
s 111
f 250/893/608 249/944/603 427/1023/605
f 250/893/608 395/1002/609 357/1047/610
s 112
f 251/926/612 428/1016/618 333/1018/613
f 252/907/615 107/790/654 356/1004/616
s 41
f 110/803/195 357/1047/617 358/1001/617
s 112
f 252/907/615 396/1006/615 428/1016/618
s 113
f 254/891/619 397/1005/627 355/1048/620
f 253/946/622 76/765/655 334/1017/623
s 80
f 256/905/382 105/849/656 354/1007/625
s 41
f 112/814/198 359/1046/626 360/998/626
s 113
f 254/891/619 253/946/622 429/1019/624
s 79
f 258/908/374 399/972/374 353/1049/628
