# Blender 5.2.2 LTS
# www.blender.org
mtllib RoverCuerpo.mtl
g Cube_Cube
v -1.000000 1.000000 1.000000
v -1.000000 -1.000000 1.000000
v -1.000000 1.000000 -1.000000
v -1.000000 -1.000000 -1.000000
v 1.000000 1.000000 1.000000
v 1.000000 -1.000000 1.000000
v 1.000000 1.000000 -1.000000
v 1.000000 -1.000000 -1.000000
vn -0.0000 1.0000 -0.0000
vn -0.0000 -0.0000 -1.0000
vn 1.0000 -0.0000 -0.0000
vn -0.0000 -1.0000 -0.0000
vn -1.0000 -0.0000 -0.0000
vn -0.0000 -0.0000 1.0000
vt 0.875000 0.500000
vt 0.625000 0.750000
vt 0.625000 0.500000
vt 0.375000 1.000000
vt 0.375000 0.750000
vt 0.625000 0.000000
vt 0.375000 0.250000
vt 0.375000 0.000000
vt 0.375000 0.500000
vt 0.125000 0.750000
vt 0.125000 0.500000
vt 0.625000 0.250000
vt 0.875000 0.750000
vt 0.625000 1.000000
s 0
g off
g Cube_Material
usemtl Material
f 5/1/1 3/2/1 1/3/1
f 3/2/2 8/4/2 4/5/2
f 7/6/3 6/7/3 8/8/3
f 2/9/4 8/10/4 6/11/4
f 1/3/5 4/5/5 2/9/5
f 5/12/6 2/9/6 6/7/6
f 5/1/1 7/13/1 3/2/1
f 3/2/2 7/14/2 8/4/2
f 7/6/3 5/12/3 6/7/3
f 2/9/4 4/5/4 8/10/4
f 1/3/5 3/2/5 4/5/5
f 5/12/6 1/3/6 2/9/6
g RoverCuerpo_RoverCuerpo
v -3.099643 0.636302 -0.183460
v -3.099643 0.563647 -0.407066
v -3.099643 0.328533 -0.407066
v -3.099643 0.255879 -0.183460
v -3.099643 0.630751 -0.305263
v -3.099643 0.446090 -0.439427
v -3.099643 0.560217 -0.088181
v -3.099643 0.261430 -0.305263
v -3.099643 0.446090 -0.045263
v -3.099643 0.331965 -0.088181
v -3.099628 0.718093 -0.156884
v -2.899761 0.718093 -0.156884
v -3.099628 0.614197 -0.476642
v -2.899761 0.614197 -0.476642
v -2.899761 0.446090 0.040737
v -3.099628 0.446090 0.040737
v -3.099628 0.609292 -0.020636
v -3.099628 0.277984 -0.476642
v -3.099628 0.182026 -0.331063
v -3.099628 0.174089 -0.156884
v -3.099628 0.282890 -0.020636
v -3.099628 0.446090 -0.522918
v -3.099628 0.710156 -0.331063
v -2.899761 0.277984 -0.476642
v -2.899761 0.174089 -0.156884
v -2.899761 0.710156 -0.331063
v -2.899761 0.446090 -0.522918
v -2.899761 0.609292 -0.020636
v -2.899761 0.182026 -0.331063
v -2.899761 0.282890 -0.020636
v -3.134776 0.522628 -0.074045
v -3.159893 0.560217 -0.088181
v -3.119552 0.446090 -0.045263
v -3.119552 0.446091 -0.045263
v -3.134776 0.369556 -0.418358
v -3.162185 0.328533 -0.407066
v -3.119552 0.446090 -0.439427
v -3.119552 0.446091 -0.439427
v -3.134776 0.522628 -0.418358
v -3.162185 0.563647 -0.407066
v -3.242844 0.261430 -0.305263
v -3.178131 0.304670 -0.370863
v -3.270338 0.636302 -0.183460
v -3.243015 0.630867 -0.176654
v -3.178131 0.587513 -0.122362
v -3.243015 0.630867 -0.302727
v -3.242842 0.630751 -0.305263
v -3.178131 0.304670 -0.122361
v -3.159893 0.331965 -0.088181
v -3.243015 0.261316 -0.176652
v -3.270344 0.255879 -0.183460
v -3.178131 0.587513 -0.370861
v -3.243015 0.261316 -0.302753
v -3.134776 0.369556 -0.074045
v -3.119552 0.446091 0.012377
v -3.119552 0.446091 -0.507623
v -3.134776 0.522628 0.012377
v -3.134776 0.522628 -0.507623
v -3.178131 0.587513 0.012377
v -3.178131 0.587513 -0.507623
v -3.243015 0.630867 0.012377
v -3.243015 0.630867 -0.507623
v -3.319552 0.646092 0.012377
v -3.319552 0.646092 -0.507623
v -3.396089 0.630867 0.012377
v -3.396089 0.630867 -0.507623
v -3.460973 0.587513 0.012377
v -3.460973 0.587513 -0.507623
v -3.504328 0.522628 0.012377
v -3.504328 0.522628 -0.507623
v -3.519552 0.446091 0.012377
v -3.519552 0.446091 -0.507623
v -3.504328 0.369556 0.012377
v -3.504328 0.369556 -0.507623
v -3.460973 0.304670 0.012377
v -3.460973 0.304670 -0.507623
v -3.396089 0.261315 0.012377
v -3.396089 0.261315 -0.507623
v -3.319552 0.246091 0.012377
v -3.319552 0.246091 -0.507623
v -3.243015 0.261316 0.012377
v -3.243015 0.261316 -0.507623
v -3.178131 0.304670 0.012377
v -3.178131 0.304670 -0.507623
v -3.134776 0.369556 0.012377
v -3.134776 0.369556 -0.507623
v -0.965542 1.369261 -0.245263
v -1.005306 1.369261 -0.176389
v -1.084836 1.234262 -0.176389
v -1.084836 1.369261 -0.176389
v -1.124601 1.369261 -0.245263
v -1.084836 1.234262 -0.314138
v -1.084836 1.369261 -0.314138
v -1.005306 1.234262 -0.314138
v -1.005306 1.369261 -0.314138
v -1.124601 1.234262 -0.245263
v -0.965542 1.234262 -0.245263
v -1.005306 1.234262 -0.176389
v -0.959514 1.075690 -0.321548
v -1.021785 1.075690 -0.357500
v -1.068357 1.075690 -0.357500
v -1.130628 1.075690 -0.321548
v -1.153914 1.075690 -0.281215
v -1.153914 1.075690 -0.209311
v -1.130628 1.075690 -0.168979
v -1.068357 1.075690 -0.133026
v -0.936228 1.075690 -0.209311
v -0.936228 1.075690 -0.281215
v -1.021785 1.075690 -0.133026
v -0.959514 1.075690 -0.168979
v -1.021785 0.616490 -0.357500
v -0.959514 0.616490 -0.321548
v -1.130628 0.616490 -0.321548
v -1.068357 0.616490 -0.357500
v -1.153914 0.616490 -0.209311
v -1.153914 0.616490 -0.281215
v -1.068357 0.616490 -0.133026
v -1.130628 0.616490 -0.168979
v -0.959514 0.616490 -0.168979
v -1.021785 0.616490 -0.133026
v -0.936228 0.616490 -0.281215
v -0.936228 0.616490 -0.209311
v -0.956920 0.374550 -0.954611
v -1.026972 0.334106 -0.954611
v -1.063170 0.334106 -0.954611
v -1.133222 0.374550 -0.954611
v -1.151320 0.405898 -0.954611
v -1.151320 0.486787 -0.954611
v -1.133222 0.518134 -0.954611
v -1.063170 0.558580 -0.954611
v -0.938822 0.486787 -0.954611
v -0.938822 0.405898 -0.954611
v -1.026972 0.558580 -0.954611
v -0.956920 0.518134 -0.954611
v -1.026972 0.334106 -0.395411
v -0.956920 0.374550 -0.395411
v -1.133222 0.374550 -0.395411
v -1.063170 0.334106 -0.395411
v -1.151320 0.486787 -0.395411
v -1.151320 0.405898 -0.395411
v -1.063170 0.558580 -0.395411
v -1.133222 0.518134 -0.395411
v -0.956920 0.518134 -0.395411
v -1.026972 0.558580 -0.395411
v -0.938822 0.405898 -0.395411
v -0.938822 0.486787 -0.395411
v -1.019891 1.075690 -0.321791
v -0.991386 1.075690 -0.305333
v -1.098756 1.075690 -0.305333
v -1.070251 1.075690 -0.321791
v -1.123935 1.075690 -0.228806
v -1.123935 1.075690 -0.261721
v -1.070251 1.075690 -0.168736
v -1.098756 1.075690 -0.185194
v -0.991386 1.075690 -0.185194
v -1.019891 1.075690 -0.168736
v -0.966207 1.075690 -0.261721
v -0.966207 1.075690 -0.228806
v -1.098756 1.225690 -0.185194
v -1.070251 1.225690 -0.168736
v -1.084854 1.234226 -0.176358
v -1.070251 1.225690 -0.321791
v -1.098756 1.225690 -0.305333
v -1.084853 1.234226 -0.314169
v -0.991386 1.225690 -0.305333
v -1.019891 1.225690 -0.321791
v -1.005288 1.234226 -0.314169
v -0.966207 1.225690 -0.228806
v -0.966207 1.225690 -0.261721
v -0.965506 1.234226 -0.245263
v -1.123935 1.225690 -0.261721
v -1.123935 1.225690 -0.228806
v -1.124637 1.234226 -0.245263
v -1.019891 1.225690 -0.168736
v -0.991386 1.225690 -0.185194
v -1.005288 1.234226 -0.176358
v -0.972368 0.473472 -1.354611
v -0.972368 0.419213 -1.354611
v -1.032214 0.522869 -1.354611
v -0.985225 0.495740 -1.354611
v -1.032214 0.369815 -0.954611
v -0.985225 0.396945 -0.954611
v -1.104917 0.396945 -0.954611
v -1.057927 0.369815 -0.954611
v -1.117774 0.473472 -0.954611
v -1.117774 0.419213 -0.954611
v -1.057928 0.522869 -0.954611
v -1.104918 0.495740 -0.954611
v -0.985225 0.495740 -0.954611
v -1.032214 0.522869 -0.954611
v -0.972368 0.419213 -0.954611
v -0.972368 0.473472 -0.954611
v -1.104918 0.495740 -1.354611
v -1.057928 0.522869 -1.354611
v -1.117774 0.419213 -1.354611
v -1.117774 0.473472 -1.354611
v -1.057927 0.369815 -1.354611
v -1.104917 0.396945 -1.354611
v -0.985225 0.396945 -1.354611
v -1.032214 0.369815 -1.354611
v -0.350662 0.310412 -0.379573
v -0.350662 0.360282 -0.415806
v -0.350662 0.531900 -0.415806
v -0.350662 0.581770 -0.379573
v -0.350662 0.634803 -0.216354
v -0.350662 0.615754 -0.157728
v -0.350662 0.476913 -0.056854
v -0.350662 0.415269 -0.056854
v -0.350662 0.276427 -0.157728
v -0.350662 0.257378 -0.216355
v -0.350662 0.612629 -0.332757
v -0.350662 0.632251 -0.272368
v -0.350662 0.414342 -0.430687
v -0.350662 0.477840 -0.430687
v -0.350662 0.580765 -0.113913
v -0.350662 0.529395 -0.076590
v -0.350662 0.362786 -0.076590
v -0.350662 0.311416 -0.113913
v -0.350662 0.259931 -0.272368
v -0.350662 0.279553 -0.332757
v -2.899745 0.581770 -0.379573
v -2.899745 0.531900 -0.415806
v -2.899745 0.615754 -0.157728
v -2.899745 0.634803 -0.216354
v -2.899745 0.360282 -0.415806
v -2.899745 0.310412 -0.379573
v -2.899745 0.257378 -0.216355
v -2.899745 0.276427 -0.157728
v -2.899745 0.632251 -0.272368
v -2.899745 0.612629 -0.332757
v -2.899745 0.477840 -0.430687
v -2.899745 0.414342 -0.430687
v -2.899745 0.529395 -0.076590
v -2.899745 0.580765 -0.113913
v -2.899745 0.279553 -0.332757
v -2.899745 0.259931 -0.272368
v -2.899745 0.311416 -0.113913
v -2.899745 0.362786 -0.076590
v -2.899745 0.415269 -0.056854
v -2.899745 0.476914 -0.056854
v -0.445070 0.272252 -0.317268
v -0.445070 0.257930 -0.245263
v -0.445070 0.619927 -0.173257
v -0.445070 0.634248 -0.245263
v -0.445070 0.272252 -0.173257
v -0.445070 0.619927 -0.317268
v -0.445070 0.313040 -0.112213
v -0.445070 0.579139 -0.378312
v -0.445070 0.374085 -0.071425
v -0.445070 0.518095 -0.419100
v -0.445070 0.446089 -0.057103
v -0.445070 0.446089 -0.433423
v -0.445070 0.374085 -0.419100
v -0.445070 0.518095 -0.071425
v -0.445070 0.313040 -0.378312
v -0.445070 0.579138 -0.112213
v -0.160069 0.339188 -0.503344
v -0.160069 0.446089 -0.524608
v -0.160069 0.248562 -0.442790
v -0.160069 0.188007 -0.352163
v -0.160069 0.166743 -0.245262
v -0.160069 0.188007 -0.138361
v -0.160069 0.248562 -0.047734
v -0.160069 0.339188 0.012821
v -0.160069 0.446089 0.034085
v -0.160069 0.552991 0.012821
v -0.160069 0.643617 -0.047734
v -0.160069 0.704172 -0.138361
v -0.160069 0.725435 -0.245261
v -0.160069 0.704172 -0.352163
v -0.160069 0.643617 -0.442790
v -0.160069 0.552991 -0.503344
v -0.445069 0.239224 -0.330949
v -0.445069 0.652956 -0.159576
v -0.445069 0.446089 -0.469173
v -0.445069 0.222179 -0.245263
v -0.445069 0.670000 -0.245263
v -0.445069 0.239224 -0.159576
v -0.445069 0.652956 -0.330949
v -0.445069 0.287760 -0.086934
v -0.445069 0.604418 -0.403591
v -0.445069 0.360403 -0.038396
v -0.445069 0.531776 -0.452129
v -0.445069 0.446089 -0.021352
v -0.445069 0.360403 -0.452129
v -0.445069 0.531776 -0.038396
v -0.445069 0.287760 -0.403591
v -0.445069 0.604418 -0.086934
v -0.160069 0.360403 -0.452129
v -0.160069 0.446089 -0.469173
v -0.160069 0.287760 -0.403591
v -0.160069 0.239224 -0.330949
v -0.160069 0.222179 -0.245263
v -0.160069 0.239224 -0.159576
v -0.160069 0.287760 -0.086934
v -0.160069 0.360403 -0.038396
v -0.160069 0.446089 -0.021352
v -0.160069 0.531776 -0.038396
v -0.160069 0.604418 -0.086934
v -0.160069 0.652956 -0.159576
v -0.160069 0.670000 -0.245263
v -0.160069 0.652956 -0.330949
v -0.160069 0.604418 -0.403591
v -0.160069 0.531776 -0.452129
v 0.294044 0.565323 -1.045262
v 0.332786 0.446089 -1.045262
v 0.192617 0.639014 -1.045262
v 0.067247 0.639014 -1.045262
v -0.034180 0.565323 -1.045262
v -0.072922 0.446089 -1.045262
v -0.034180 0.326854 -1.045262
v 0.067247 0.253163 -1.045262
v 0.192617 0.253163 -1.045263
v 0.294044 0.326854 -1.045262
v 0.294044 0.565323 -1.245262
v 0.332786 0.446089 -1.245262
v 0.161173 0.639014 -1.213818
v 0.098691 0.639014 -1.213818
v -0.034180 0.565323 -1.245262
v -0.072922 0.446089 -1.245262
v -0.034180 0.326854 -1.245262
v 0.067247 0.253163 -1.245262
v 0.192617 0.253163 -1.245262
v 0.294044 0.326854 -1.245262
v -0.111698 0.327999 0.003522
v -0.096592 0.281509 -0.028111
v -0.059082 0.254255 -0.047734
v -0.115773 0.340540 0.012821
v -0.111698 0.564180 -0.494045
v -0.096593 0.610667 -0.462413
v -0.059079 0.637923 -0.442790
v -0.115772 0.551639 -0.503344
v -0.148952 0.442657 0.033334
v -0.150068 0.446089 0.034084
v -0.150068 0.446089 0.034085
v -0.119777 0.352862 -0.506064
v -0.150068 0.446089 -0.524608
v -0.150068 0.446089 -0.524608
v -0.115773 0.340540 -0.503344
v -0.148952 0.449523 -0.523858
v -0.119776 0.539316 0.015541
v -0.115772 0.551639 0.012821
v -0.084391 0.272644 -0.457338
v -0.096592 0.281509 -0.463510
v -0.059082 0.254255 -0.442790
v -0.096593 0.610667 -0.027012
v -0.084389 0.619536 -0.033185
v -0.059079 0.637923 -0.047734
v -0.016893 0.223603 -0.393355
v 0.014410 0.200861 -0.352163
v -0.016891 0.668575 -0.097167
v 0.014413 0.691319 -0.138361
v 0.025342 0.192918 -0.308185
v 0.039469 0.182654 -0.245262
v 0.025345 0.699260 -0.182338
v 0.039472 0.709525 -0.245261
v 0.028919 0.190319 -0.202497
v 0.014410 0.200860 -0.138361
v 0.028922 0.701860 -0.288025
v 0.014413 0.691319 -0.352163
v -0.030022 0.233142 -0.085149
v -0.030018 0.659037 -0.405373
v 0.409932 0.446089 0.368071
v 0.409932 0.446089 -0.858596
v 0.356457 0.610667 -0.858596
v 0.356457 0.610667 0.368071
v 0.216457 0.712384 -0.858596
v 0.216457 0.712384 0.368071
v 0.043407 0.712384 -0.858596
v 0.043407 0.712384 0.368071
v -0.096593 0.610667 -0.858596
v -0.096593 0.610667 0.368071
v -0.150068 0.446089 -0.858596
v -0.150068 0.446089 0.368071
v -0.096592 0.281509 -0.858596
v -0.096592 0.281509 0.368071
v 0.043407 0.179793 -0.858596
v 0.043407 0.179793 0.368071
v 0.216457 0.179793 -0.858596
v 0.216457 0.179793 0.368071
v 0.356457 0.281509 -0.858596
v 0.356457 0.281509 0.368071
v 0.161173 0.639014 -1.176706
v 0.098691 0.639014 -1.176706
v 0.192617 0.639014 -1.245262
v 0.067247 0.639014 -1.245262
v 0.067247 0.639014 -1.145262
v 0.192617 0.639014 -1.145262
v 0.154925 1.139014 -1.210107
v 0.104939 1.139014 -1.210107
v 0.104939 1.139014 -1.180417
v 0.154925 1.139014 -1.180417
v 0.597645 0.744285 -0.957581
v 0.597645 0.638334 -1.103263
v 0.597645 0.713252 -1.060594
v 0.597645 0.258235 -1.103263
v 0.597645 0.152284 -0.957581
v 0.597645 0.183316 -1.060594
v 0.597645 0.638334 0.612737
v 0.597645 0.744285 0.467055
v 0.597645 0.713252 0.570068
v 0.597645 0.152284 0.467055
v 0.597645 0.258235 0.612737
v 0.597645 0.183316 0.570068
v 1.197645 0.638334 -1.103263
v 1.197645 0.744284 -0.957581
v 1.197645 0.713252 -1.060594
v 1.197645 0.152284 -0.957581
v 1.197645 0.258235 -1.103263
v 1.197645 0.183316 -1.060594
v 1.197645 0.744284 0.467055
v 1.197645 0.638334 0.612737
v 1.197645 0.713252 0.570068
v 1.197645 0.258235 0.612737
v 1.197645 0.152284 0.467055
v 1.197645 0.183316 0.570068
v 1.477644 0.418285 0.387646
v 1.477644 0.484739 0.369840
v 1.477644 0.533386 0.321192
v 1.477644 0.551193 0.254737
v 1.477644 0.533386 0.188282
v 1.477644 0.484739 0.139634
v 1.477644 0.418285 0.121828
v 1.477644 0.351831 0.139634
v 1.477644 0.303182 0.188283
v 1.477644 0.285375 0.254737
v 1.477644 0.303182 0.321192
v 1.477644 0.351831 0.369840
v 1.297644 0.418285 0.436737
v 1.297644 0.509285 0.412354
v 1.297644 0.575901 0.345737
v 1.297644 0.600285 0.254737
v 1.297644 0.575901 0.163737
v 1.297644 0.509285 0.097120
v 1.297644 0.418285 0.072737
v 1.297644 0.327284 0.097120
v 1.297644 0.260668 0.163737
v 1.297644 0.236284 0.254737
v 1.297644 0.260668 0.345737
v 1.297644 0.327284 0.412354
v 1.197644 0.418285 0.473137
v 1.197644 0.527485 0.443877
v 1.297644 0.527485 0.443877
v 1.197644 0.607424 0.363937
v 1.297644 0.607424 0.363937
v 1.197644 0.636685 0.254737
v 1.297644 0.636685 0.254737
v 1.197644 0.607424 0.145537
v 1.297644 0.607424 0.145537
v 1.197644 0.527485 0.065597
v 1.297644 0.527485 0.065597
v 1.197644 0.418285 0.036337
v 1.297644 0.418285 0.036337
v 1.197644 0.309084 0.065597
v 1.297644 0.309084 0.065597
v 1.197644 0.229143 0.145537
v 1.297644 0.229146 0.145537
v 1.197644 0.199885 0.254737
v 1.297644 0.199885 0.254737
v 1.197644 0.229143 0.363937
v 1.297644 0.229146 0.363937
v 1.197644 0.309084 0.443877
v 1.297644 0.309084 0.443877
v 1.297644 0.418285 0.473137
v 0.777645 0.212285 0.770737
v 1.017645 0.212285 0.770737
v 0.777645 0.452285 0.610737
v 0.777645 0.212285 0.610737
v 1.017645 0.452285 0.610737
v 1.017645 0.212285 0.610737
v 0.777645 0.332285 0.770737
v 1.017645 0.332285 0.770737
v 1.017645 0.332285 0.610737
v 0.777645 0.332285 0.610737
v 1.197645 0.568285 -0.845263
v 1.197645 0.328285 -0.845263
v 1.197645 0.568285 -0.045263
v 1.197645 0.328285 -0.045263
v 1.297645 0.496744 -0.773722
v 1.297645 0.399826 -0.773722
v 1.297645 0.496744 -0.116804
v 1.297645 0.399826 -0.116804
v 1.477644 0.509285 0.412354
v 1.477644 0.418285 0.436737
v 1.477644 0.575901 0.345737
v 1.477644 0.600285 0.254737
v 1.477644 0.575901 0.163737
v 1.477644 0.509285 0.097120
v 1.477644 0.418285 0.072737
v 1.477644 0.327285 0.097120
v 1.477644 0.260668 0.163737
v 1.477644 0.236284 0.254737
v 1.477644 0.260668 0.345737
v 1.477644 0.327285 0.412354
v 1.377645 0.484739 0.369840
v 1.377645 0.418285 0.387646
v 1.377645 0.533386 0.321192
v 1.377645 0.551193 0.254737
v 1.377645 0.533386 0.188282
v 1.377645 0.484739 0.139634
v 1.377645 0.418285 0.121828
v 1.377645 0.351831 0.139634
v 1.377645 0.303182 0.188283
v 1.377645 0.285375 0.254737
v 1.377645 0.303182 0.321192
v 1.377645 0.351831 0.369840
v 1.297645 0.496744 -0.445263
v 1.297645 0.399826 -0.445263
v 1.297645 0.328285 -0.045263
v 1.297645 0.568285 -0.045263
v 1.297645 0.568285 -0.445263
v 1.297645 0.328285 -0.445263
v 1.297645 0.328285 -0.845263
v 1.297645 0.568285 -0.845263
v 1.297645 0.399826 -0.281033
v 1.297645 0.496744 -0.281033
v 1.297645 0.496744 -0.609492
v 1.297645 0.399826 -0.609492
v 1.227644 0.419210 -0.149650
v 1.227644 0.477360 -0.149650
v 1.227644 0.477360 -0.248188
v 1.227644 0.419210 -0.642338
v 1.227644 0.419210 -0.740876
v 1.227644 0.477360 -0.740876
v 1.227644 0.419210 -0.248188
v 1.227644 0.477360 -0.642338
v 0.147645 0.163284 0.368071
v 0.147645 0.163284 -0.858596
v 0.312224 0.216758 -0.858596
v 0.312224 0.216758 0.368071
v 0.413940 0.356759 -0.858596
v 0.413940 0.356759 0.368071
v 0.413940 0.529808 -0.858596
v 0.413940 0.529808 0.368071
v 0.312224 0.669808 -0.858596
v 0.312224 0.669808 0.368071
v 0.147645 0.723283 -0.858596
v 0.147645 0.723283 0.368071
v -0.016935 0.669808 -0.858596
v -0.016935 0.669808 0.368071
v -0.118651 0.529808 -0.858596
v -0.118651 0.529808 0.368071
v -0.118651 0.356759 -0.858596
v -0.118651 0.356759 0.368071
v -0.016935 0.216758 -0.858596
v -0.016935 0.216758 0.368071
v 0.147645 0.135284 0.554738
v 0.328682 0.194106 0.554738
v 0.266879 0.279171 -1.045262
v 0.147645 0.240430 -1.045262
v 0.147645 0.135284 -0.858596
v 0.328682 0.194106 0.368071
v 0.440570 0.348106 0.554738
v 0.340570 0.380598 -1.045262
v 0.440570 0.348106 0.368071
v 0.440570 0.538460 0.554738
v 0.340570 0.505969 -1.045262
v 0.440570 0.538460 0.368071
v 0.328682 0.692461 0.554738
v 0.266879 0.607396 -1.045262
v 0.328682 0.692461 0.368071
v 0.147645 0.751284 0.554738
v 0.147645 0.646137 -1.045262
v 0.147645 0.751284 0.368071
v -0.033393 0.692461 0.554738
v 0.028410 0.607396 -1.045262
v -0.033393 0.692461 0.368071
v -0.145281 0.538460 0.554738
v -0.045281 0.505969 -1.045262
v -0.145281 0.538460 0.368071
v -0.145281 0.348106 0.554738
v -0.045281 0.380598 -1.045263
v -0.145281 0.348106 0.368071
v -0.033393 0.194106 0.554738
v 0.028410 0.279172 -1.045262
v -0.033393 0.194106 0.368071
v 0.147645 0.135284 0.368071
v 0.328682 0.194106 -0.858596
v 0.440570 0.348106 -0.858596
v 0.440570 0.538460 -0.858596
v 0.328682 0.692461 -0.858596
v 0.147645 0.751284 -0.858596
v -0.033393 0.692461 -0.858596
v -0.145281 0.538460 -0.858596
v -0.145281 0.348106 -0.858596
v -0.033393 0.194106 -0.858596
v 0.328682 0.194106 -1.045262
v 0.147645 0.135284 -1.045262
v 0.440570 0.348106 -1.045262
v 0.440570 0.538460 -1.045262
v 0.328682 0.692461 -1.045262
v 0.147645 0.751284 -1.045262
v -0.033393 0.692461 -1.045262
v -0.145281 0.538460 -1.045263
v -0.145281 0.348106 -1.045263
v -0.033393 0.194106 -1.045262
v 0.597715 0.194106 0.368071
v 0.597715 0.194106 0.554738
v 0.597715 0.348106 0.554738
v 0.597715 0.348106 -1.045262
v 0.597715 0.194106 -1.045262
v 0.597715 0.348106 0.368071
v 0.597715 0.538460 0.368071
v 0.597715 0.538460 0.554738
v 0.597715 0.692461 0.554738
v 0.597715 0.692461 -1.045262
v 0.597715 0.538460 -1.045262
v 0.597715 0.692461 0.368071
v 0.597715 0.194106 -0.858596
v 0.597715 0.348106 -0.858596
v 0.597715 0.538460 -0.858596
v 0.597715 0.692461 -0.858596
v 1.940448 0.340670 -0.415105
v 1.940448 0.340670 -0.585105
v 1.853846 0.290670 -0.415105
v 1.853846 0.290670 -0.585105
v 1.853846 0.190670 -0.415105
v 1.853846 0.190670 -0.585105
v 1.940448 0.140670 -0.415105
v 1.940448 0.140670 -0.585105
v 2.027050 0.190670 -0.415105
v 2.027050 0.190670 -0.585105
v 2.027050 0.290670 -0.415105
v 2.027050 0.290670 -0.585105
v 1.940448 0.370670 -0.416105
v 1.827865 0.305670 -0.416105
v 1.827865 0.175670 -0.416105
v 1.940448 0.110670 -0.416105
v 2.053031 0.175670 -0.416105
v 2.053031 0.305670 -0.416105
v 1.940448 0.370670 -0.274105
v 1.827865 0.305670 -0.274105
v 1.827865 0.175670 -0.274105
v 1.940448 0.110670 -0.274105
v 2.053031 0.175670 -0.274105
v 2.053031 0.305670 -0.274105
v 2.105448 0.120670 -0.445105
v 2.105448 0.120670 -0.245105
v 1.775448 0.120670 -0.445105
v 1.775448 0.120670 -0.245105
v 1.827863 0.120670 -0.245105
v 2.053034 0.120670 -0.245105
v 2.053034 0.120670 -0.445105
v 1.827863 0.120670 -0.445105
v 2.105448 0.287739 -0.445105
v 2.105448 0.340670 -0.392173
v 2.105448 0.314204 -0.438013
v 2.105448 0.333579 -0.418639
v 2.105448 0.340670 -0.298036
v 2.105448 0.287739 -0.245105
v 2.105448 0.333579 -0.271571
v 2.105448 0.314204 -0.252196
v 1.775448 0.340670 -0.392173
v 1.775448 0.287739 -0.445105
v 1.775448 0.333579 -0.418639
v 1.775448 0.314204 -0.438013
v 1.775448 0.287739 -0.245105
v 1.775448 0.340670 -0.298036
v 1.775448 0.314204 -0.252196
v 1.775448 0.333579 -0.271571
v 2.053034 0.287739 -0.245105
v 2.053034 0.340670 -0.298036
v 2.053034 0.314204 -0.252196
v 2.053034 0.333579 -0.271571
v 1.827863 0.340670 -0.298036
v 1.827863 0.287739 -0.245105
v 1.827863 0.333579 -0.271571
v 1.827863 0.314204 -0.252196
v 1.827863 0.287739 -0.445105
v 1.827863 0.340670 -0.392173
v 1.827863 0.314204 -0.438013
v 1.827863 0.333579 -0.418639
v 2.053034 0.340670 -0.392173
v 2.053034 0.287739 -0.445105
v 2.053034 0.333579 -0.418639
v 2.053034 0.314204 -0.438013
v 1.770448 0.120670 -0.245105
v 1.770448 0.120670 -0.445105
v 2.110447 0.120670 -0.245105
v 2.110447 0.120670 -0.445105
v 1.800448 0.060670 -0.275105
v 1.800448 0.060670 -0.415105
v 2.080448 0.060670 -0.415105
v 2.080448 0.060670 -0.275105
v 1.770448 0.060670 -0.245105
v 1.770448 0.060670 -0.445105
v 2.110447 0.060670 -0.445105
v 2.110447 0.060670 -0.245105
v 1.800448 -0.089330 -0.275105
v 1.800448 -0.089330 -0.415105
v 2.080448 -0.089330 -0.415105
v 2.080448 -0.089330 -0.275105
v 2.053788 -0.113909 0.781999
v 1.907109 -0.113909 0.781999
v 1.799229 -0.113909 0.737314
v 1.695511 -0.113909 0.633596
v 1.650826 -0.113909 0.525716
v 1.650826 -0.113909 0.379038
v 1.695511 -0.113909 0.271158
v 1.799229 -0.113909 0.167440
v 1.907109 -0.113909 0.122755
v 2.053788 -0.113909 0.122755
v 2.161667 -0.113909 0.167440
v 2.265385 -0.113909 0.271158
v 2.310070 -0.113909 0.379038
v 2.310070 -0.113909 0.525716
v 2.265385 -0.113909 0.633596
v 2.161667 -0.113909 0.737314
v 1.695511 0.606093 0.633596
v 1.799229 0.606093 0.737314
v 1.907109 0.606093 0.781999
v 2.053788 0.606093 0.781999
v 1.650826 0.606093 0.379038
v 1.650826 0.606093 0.525716
v 1.799229 0.606093 0.167440
v 1.695511 0.606093 0.271158
v 2.053788 0.606093 0.122755
v 1.907109 0.606093 0.122755
v 2.265385 0.606093 0.271158
v 2.161667 0.606093 0.167440
v 2.310070 0.606093 0.525716
v 2.310070 0.606093 0.379038
v 2.161667 0.606093 0.737314
v 2.265385 0.606093 0.633596
v 1.932759 1.106093 0.522025
v 1.910799 1.106093 0.500066
v 1.995976 1.106093 0.535347
v 1.964921 1.106093 0.535347
v 1.897478 1.106093 0.467905
v 1.897478 1.106093 0.436849
v 1.910799 1.106093 0.404688
v 1.932759 1.106093 0.382728
v 1.964921 1.106093 0.369407
v 1.995976 1.106093 0.369407
v 2.028137 1.106093 0.382728
v 2.050097 1.106093 0.404688
v 2.063418 1.106093 0.436849
v 2.063418 1.106093 0.467905
v 2.050097 1.106093 0.500066
v 2.028137 1.106093 0.522025
v 1.910799 3.106092 0.500068
v 1.932759 3.106092 0.522027
v 1.964921 3.106092 0.535349
v 1.995976 3.106092 0.535349
v 1.897478 3.106092 0.436851
v 1.897478 3.106092 0.467907
v 1.932759 3.106092 0.382730
v 1.910799 3.106092 0.404690
v 1.995976 3.106092 0.369409
v 1.964921 3.106092 0.369409
v 2.050097 3.106092 0.404690
v 2.028137 3.106092 0.382730
v 2.063418 3.106092 0.467907
v 2.063418 3.106092 0.436851
v 2.028137 3.106092 0.522027
v 2.050097 3.106092 0.500068
v 2.016081 0.606093 0.635259
v 1.944816 0.606093 0.635259
v 1.876328 0.606093 0.606890
v 1.825935 0.606093 0.556498
v 1.797566 0.606093 0.488010
v 1.797566 0.606093 0.416744
v 1.825935 0.606093 0.348256
v 1.876328 0.606093 0.297864
v 1.944816 0.606093 0.269495
v 2.016081 0.606093 0.269495
v 2.084569 0.606093 0.297864
v 2.134961 0.606093 0.348256
v 2.163330 0.606093 0.416744
v 2.163330 0.606093 0.488010
v 2.134961 0.606093 0.556498
v 2.084569 0.606093 0.606890
v 1.825935 1.106093 0.556498
v 1.876328 1.106093 0.606890
v 1.944816 1.106093 0.635259
v 2.016081 1.106093 0.635259
v 1.797566 1.106093 0.416744
v 1.797566 1.106093 0.488010
v 1.876328 1.106093 0.297864
v 1.825935 1.106093 0.348256
v 2.016081 1.106093 0.269495
v 1.944816 1.106093 0.269495
v 2.134961 1.106093 0.348256
v 2.084569 1.106093 0.297864
v 2.163330 1.106093 0.488010
v 2.163330 1.106093 0.416744
v 2.084569 1.106093 0.606890
v 2.134961 1.106093 0.556498
v 2.726305 -0.399425 2.754737
v 2.726305 -0.399425 2.254737
v 0.326306 -1.279427 2.754737
v 0.326306 -1.279427 2.254737
v 0.326306 -0.399425 2.254737
v 0.326306 -0.399425 2.754737
v -0.379550 -0.699427 2.754737
v -0.379550 -0.699427 2.254737
v -0.379550 -1.279427 2.254737
v -0.379550 -1.279427 2.754737
v -1.839550 -1.279427 2.254737
v -1.839550 -0.684427 2.254737
v -1.839550 -0.684427 2.754737
v -1.839550 -1.279427 2.754737
v -3.939551 -0.684427 2.254737
v -3.939551 -1.279427 2.254737
v -3.939551 -0.684427 2.754737
v -3.939551 -1.279427 2.754737
v -3.289550 -1.279427 2.254737
v -3.289550 -0.684427 2.254737
v -3.939551 -0.684427 3.654737
v -3.739550 -0.684427 3.854737
v -3.880972 -0.684427 3.796158
v -3.739550 -1.279427 3.854737
v -3.939551 -1.279427 3.654737
v -3.880972 -1.279427 3.796158
v -3.489550 -1.279427 3.854737
v -3.348129 -1.279427 3.796158
v -3.489550 -0.684427 3.854737
v -3.348129 -0.684427 3.796158
v -3.289550 -0.484425 2.754737
v -3.939551 -0.484425 2.754737
v -3.880972 -0.484427 3.796158
v -3.939551 -0.484427 3.654737
v -3.739550 -0.484427 3.854737
v -3.348129 -0.484427 3.796158
v -3.489550 -0.484427 3.854737
v -3.289550 -0.484427 3.654737
v 1.977760 -0.847964 3.663738
v 1.977760 -0.847964 2.963737
v 1.902760 -0.868058 3.663738
v 1.902760 -0.868058 2.963737
v 1.847856 -0.922962 3.663738
v 1.847856 -0.922962 2.963737
v 1.827760 -0.997962 3.663738
v 1.827760 -0.997962 2.963737
v 1.847856 -1.072963 3.663738
v 1.847856 -1.072963 2.963737
v 1.902760 -1.127867 3.663738
v 1.902760 -1.127867 2.963737
v 1.977760 -1.147963 3.663738
v 1.977760 -1.147963 2.963737
v 2.052760 -1.127867 3.663738
v 2.052760 -1.127867 2.963737
v 2.107664 -1.072963 3.663738
v 2.107664 -1.072963 2.963737
v 2.127760 -0.997962 3.663738
v 2.127760 -0.997962 2.963737
v 2.107664 -0.922962 3.663738
v 2.107664 -0.922962 2.963737
v 2.052760 -0.868058 3.663738
v 2.052760 -0.868058 2.963737
v 2.726305 -0.699427 3.054737
v 0.326306 -0.699427 3.054737
v 0.326306 -1.279427 3.054737
v 2.726305 -1.108724 2.254737
v 2.555603 -1.279427 2.254737
v 2.726305 -1.108724 2.754737
v 2.555603 -1.279427 2.754737
v 2.555603 -1.279427 3.054737
v 2.726305 -1.108724 3.054737
v 0.977759 -0.847965 3.663737
v 0.977759 -0.847965 2.963736
v 0.902760 -0.868060 3.663737
v 0.902760 -0.868060 2.963736
v 0.847856 -0.922964 3.663737
v 0.847856 -0.922964 2.963736
v 0.827759 -0.997965 3.663737
v 0.827759 -0.997965 2.963736
v 0.847856 -1.072963 3.663737
v 0.847856 -1.072963 2.963736
v 0.902760 -1.127867 3.663737
v 0.902760 -1.127867 2.963736
v 0.977759 -1.147963 3.663737
v 0.977759 -1.147963 2.963736
v 1.052760 -1.127867 3.663737
v 1.052760 -1.127867 2.963736
v 1.107663 -1.072963 3.663737
v 1.107663 -1.072963 2.963736
v 1.127759 -0.997965 3.663737
v 1.127759 -0.997965 2.963736
v 1.107663 -0.922964 3.663737
v 1.107663 -0.922964 2.963736
v 1.052760 -0.868060 3.663737
v 1.052760 -0.868060 2.963736
v -3.289550 -0.684427 2.754737
v -3.289550 -1.279427 2.754737
v -3.289550 -1.279427 3.654737
v -3.289550 -0.684427 3.654737
v -3.289550 -1.060946 3.174737
v -3.289550 -1.159426 3.273217
v -3.289550 -1.130584 3.203581
v -3.289550 -0.804426 3.273217
v -3.289550 -0.902909 3.174737
v -3.289550 -0.833271 3.203581
v -3.289550 -1.159426 3.436256
v -3.289550 -1.060946 3.534737
v -3.289550 -1.130584 3.505893
v -3.289550 -0.902909 3.534737
v -3.289550 -0.804426 3.436256
v -3.289550 -0.833271 3.505893
v -2.389550 -0.902909 3.174737
v -2.389550 -0.804426 3.273217
v -2.389550 -0.833271 3.203581
v -2.389550 -1.159426 3.273217
v -2.389550 -1.060946 3.174737
v -2.389550 -1.130584 3.203581
v -2.389550 -1.060946 3.534737
v -2.389550 -1.159426 3.436256
v -2.389550 -1.130584 3.505893
v -2.389550 -0.804426 3.436256
v -2.389550 -0.902909 3.534737
v -2.389550 -0.833271 3.505893
v -3.689550 -1.579427 2.754737
v -3.689550 -1.579427 2.254737
v -3.289550 -1.579427 2.754737
v -3.289550 -1.579427 2.254737
v 2.726305 -0.399425 -1.845263
v 2.726305 -0.399425 -1.345263
v 0.326306 -1.279426 -1.845263
v 0.326306 -1.279426 -1.345263
v 0.326306 -0.399425 -1.345263
v 0.326306 -0.399425 -1.845263
v -0.379550 -0.699426 -1.845263
v -0.379550 -0.699426 -1.345263
v -0.379550 -1.279426 -1.345263
v -0.379550 -1.279426 -1.845263
v -1.839550 -1.279426 -1.345263
v -1.839550 -0.684426 -1.345263
v -1.839550 -0.684426 -1.845263
v -1.839550 -1.279426 -1.845263
v -3.939551 -0.684426 -1.345263
v -3.939551 -1.279426 -1.345263
v -3.939551 -0.684426 -1.845263
v -3.939551 -1.279426 -1.845263
v -3.289550 -1.279426 -1.345263
v -3.289550 -0.684426 -1.345263
v -3.939551 -0.684426 -2.745263
v -3.739550 -0.684426 -2.945263
v -3.880972 -0.684426 -2.886684
v -3.739550 -1.279426 -2.945263
v -3.939551 -1.279426 -2.745263
v -3.880972 -1.279426 -2.886684
v -3.489550 -1.279426 -2.945263
v -3.348129 -1.279426 -2.886684
v -3.489550 -0.684426 -2.945263
v -3.348129 -0.684426 -2.886684
v -3.289550 -0.484425 -1.845263
v -3.939551 -0.484425 -1.845263
v -3.880972 -0.484425 -2.886684
v -3.939551 -0.484425 -2.745263
v -3.739550 -0.484425 -2.945263
v -3.348129 -0.484425 -2.886684
v -3.489550 -0.484425 -2.945263
v -3.289550 -0.484425 -2.745263
v 1.977760 -0.847962 -2.754263
v 1.977760 -0.847962 -2.054262
v 1.902760 -0.868058 -2.754263
v 1.902760 -0.868058 -2.054262
v 1.847856 -0.922962 -2.754263
v 1.847856 -0.922962 -2.054262
v 1.827760 -0.997962 -2.754263
v 1.827760 -0.997962 -2.054262
v 1.847856 -1.072962 -2.754263
v 1.847856 -1.072962 -2.054262
v 1.902760 -1.127866 -2.754263
v 1.902760 -1.127866 -2.054262
v 1.977760 -1.147962 -2.754263
v 1.977760 -1.147962 -2.054262
v 2.052760 -1.127866 -2.754263
v 2.052760 -1.127866 -2.054262
v 2.107664 -1.072962 -2.754263
v 2.107664 -1.072962 -2.054262
v 2.127760 -0.997962 -2.754263
v 2.127760 -0.997962 -2.054262
v 2.107664 -0.922962 -2.754263
v 2.107664 -0.922962 -2.054262
v 2.052760 -0.868058 -2.754263
v 2.052760 -0.868058 -2.054262
v 2.726305 -0.699426 -2.145263
v 0.326306 -0.699426 -2.145263
v 0.326306 -1.279426 -2.145263
v 2.726305 -1.108723 -1.345263
v 2.555603 -1.279426 -1.345263
v 2.726305 -1.108723 -1.845263
v 2.555603 -1.279426 -1.845263
v 2.555603 -1.279426 -2.145263
v 2.726305 -1.108723 -2.145263
v 0.977759 -0.847963 -2.754263
v 0.977759 -0.847963 -2.054262
v 0.902760 -0.868059 -2.754263
v 0.902760 -0.868059 -2.054262
v 0.847856 -0.922963 -2.754263
v 0.847856 -0.922963 -2.054262
v 0.827759 -0.997963 -2.754263
v 0.827759 -0.997963 -2.054262
v 0.847856 -1.072963 -2.754263
v 0.847856 -1.072963 -2.054262
v 0.902760 -1.127867 -2.754263
v 0.902760 -1.127867 -2.054262
v 0.977759 -1.147962 -2.754263
v 0.977759 -1.147962 -2.054262
v 1.052760 -1.127867 -2.754263
v 1.052760 -1.127867 -2.054262
v 1.107663 -1.072963 -2.754263
v 1.107663 -1.072963 -2.054262
v 1.127759 -0.997963 -2.754263
v 1.127759 -0.997963 -2.054262
v 1.107663 -0.922963 -2.754263
v 1.107663 -0.922963 -2.054262
v 1.052760 -0.868059 -2.754263
v 1.052760 -0.868059 -2.054262
v -3.289550 -0.684426 -1.845263
v -3.289550 -1.279426 -1.845263
v -3.289550 -1.279426 -2.745263
v -3.289550 -0.684426 -2.745263
v -3.289550 -1.060945 -2.265263
v -3.289550 -1.159426 -2.363743
v -3.289550 -1.130582 -2.294107
v -3.289550 -0.804426 -2.363743
v -3.289550 -0.902907 -2.265263
v -3.289550 -0.833270 -2.294107
v -3.289550 -1.159426 -2.526782
v -3.289550 -1.060945 -2.625263
v -3.289550 -1.130582 -2.596419
v -3.289550 -0.902907 -2.625263
v -3.289550 -0.804426 -2.526782
v -3.289550 -0.833270 -2.596419
v -2.389550 -0.902907 -2.265263
v -2.389550 -0.804426 -2.363743
v -2.389550 -0.833270 -2.294107
v -2.389550 -1.159426 -2.363743
v -2.389550 -1.060945 -2.265263
v -2.389550 -1.130582 -2.294107
v -2.389550 -1.060945 -2.625263
v -2.389550 -1.159426 -2.526782
v -2.389550 -1.130582 -2.596419
v -2.389550 -0.804426 -2.526782
v -2.389550 -0.902907 -2.625263
v -2.389550 -0.833270 -2.596419
v -3.689550 -1.579426 -1.845263
v -3.689550 -1.579426 -1.345263
v -3.289550 -1.579426 -1.845263
v -3.289550 -1.579426 -1.345263
v 1.799528 0.308130 -1.135105
v 1.938554 0.314882 -1.135105
v 2.079379 0.311360 -1.135105
v 1.802805 0.160383 -1.135105
v 1.943040 0.167195 -1.135105
v 2.079379 0.163561 -1.135105
v 1.777249 0.122174 -1.135105
v 1.772334 0.343778 -1.135105
v 1.938332 0.351840 -1.135105
v 1.943247 0.130234 -1.135105
v 2.105770 0.347653 -1.135105
v 2.105770 0.125903 -1.135105
v 1.802805 0.160383 -1.025105
v 1.799528 0.308130 -1.025105
v 1.938554 0.314882 -1.025105
v 1.943040 0.167195 -1.025105
v 2.079379 0.311360 -1.025105
v 2.079379 0.163561 -1.025105
v 1.991546 0.336247 -1.925923
v 1.889354 0.336247 -1.925923
v 1.826227 0.336420 -1.913367
v 1.731814 0.336964 -1.874262
v 1.678297 0.337462 -1.838505
v 1.606037 0.338464 -1.766247
v 1.570277 0.339208 -1.712733
v 1.531171 0.340520 -1.618324
v 1.518614 0.341397 -1.555200
v 1.518614 0.342817 -1.453015
v 1.531171 0.343693 -1.389889
v 1.563095 0.344857 -1.291464
v 1.613218 0.345899 -1.182440
v 1.687077 0.345375 -1.135105
v 2.193823 0.346835 -1.135105
v 2.267682 0.345899 -1.182440
v 2.317805 0.344857 -1.291464
v 2.349730 0.343693 -1.389889
v 2.362287 0.342817 -1.453015
v 2.362287 0.341397 -1.555200
v 2.349730 0.340520 -1.618324
v 2.310623 0.339208 -1.712733
v 2.274863 0.338464 -1.766247
v 2.202603 0.337462 -1.838505
v 2.149086 0.336964 -1.874262
v 2.054674 0.336420 -1.913367
v 1.731814 0.115215 -1.872690
v 1.826227 0.114671 -1.911795
v 1.889354 0.114496 -1.924351
v 1.991546 0.114496 -1.924351
v 1.606037 0.116716 -1.764677
v 1.678297 0.115710 -1.836933
v 1.531171 0.118771 -1.616754
v 1.570277 0.117459 -1.711161
v 1.518614 0.121068 -1.451443
v 1.518614 0.119648 -1.553628
v 1.563235 0.123110 -1.289956
v 1.531171 0.121945 -1.388317
v 1.687077 0.123714 -1.135105
v 1.613079 0.124147 -1.182375
v 2.267821 0.124147 -1.182375
v 2.193823 0.125086 -1.135105
v 2.349730 0.121945 -1.388317
v 2.317666 0.123110 -1.289956
v 2.362287 0.119648 -1.553628
v 2.362287 0.121068 -1.451443
v 2.310623 0.117459 -1.711161
v 2.349730 0.118771 -1.616754
v 2.202603 0.115710 -1.836933
v 2.274863 0.116716 -1.764676
v 2.054674 0.114671 -1.911795
v 2.149086 0.115215 -1.872690
v 1.961197 0.185745 -1.025105
v 1.919699 0.185745 -1.025105
v 1.919699 0.185745 -0.585105
v 1.961197 0.185745 -0.585105
v 1.894623 0.203963 -1.025105
v 1.881799 0.243431 -1.025105
v 1.881799 0.243431 -0.585105
v 1.894623 0.203963 -0.585105
v 1.891377 0.272909 -1.025105
v 1.924950 0.297301 -1.025105
v 1.924950 0.297301 -0.585105
v 1.891377 0.272909 -0.585105
v 1.955945 0.297301 -1.025105
v 1.989518 0.272909 -1.025105
v 1.989518 0.272909 -0.585105
v 1.955945 0.297301 -0.585105
v 1.999096 0.243431 -1.025105
v 1.986273 0.203963 -1.025105
v 1.986273 0.203963 -0.585105
v 1.999096 0.243431 -0.585105
v -0.736899 -0.090425 1.014737
v -0.728847 -0.090425 1.454737
v -0.791498 0.159575 1.454737
v -0.791498 0.159575 1.014737
v -1.924550 0.159575 1.014737
v -1.999550 -0.090425 1.014737
v -1.999550 -0.090425 1.454737
v -1.929550 0.159575 1.454737
v -1.679550 -0.090425 1.454737
v -1.599550 -0.090425 1.014737
v -1.674550 0.159575 1.014737
v -1.679550 0.159575 1.454737
v -1.599550 -0.090425 -1.345263
v -1.674550 0.159575 -1.345263
v -1.924550 0.159575 -1.345263
v -1.999550 -0.090425 -1.345263
v -1.599550 -0.490426 -1.345263
v -1.999550 -0.490426 -1.345263
v -1.988865 -0.054810 -1.636826
v -1.999550 -0.147208 -1.665503
v -1.599550 -0.147208 -1.665503
v -1.610235 -0.054810 -1.636826
v -1.999550 -0.193142 -1.649517
v -1.999550 -0.288738 -1.583843
v -1.599550 -0.288738 -1.583843
v -1.599550 -0.193142 -1.649517
v 3.863612 -1.049668 1.754737
v 3.863612 -1.049668 0.454737
v 4.751497 0.013106 0.454737
v 4.751497 0.013106 1.754737
v 4.400556 0.202399 1.483900
v 4.266730 0.274585 1.701912
v 4.194102 0.313760 1.754737
v 3.623942 0.617481 0.605890
v 4.447550 0.177054 1.226737
v 4.400556 0.202399 0.969574
v 4.066446 0.382617 0.605890
v 3.830194 0.510049 0.554737
v 4.266730 0.274585 0.751561
v 3.485775 -0.784722 1.226737
v 3.443252 -0.754904 0.969574
v 3.443252 -0.754904 1.483900
v 3.256437 -0.623905 1.754737
v 3.322156 -0.669989 1.701912
v 3.322156 -0.669989 0.751561
v 2.927145 -0.392999 0.554737
v 3.140924 -0.542905 0.605890
v 2.743367 -0.263094 0.605890
v 4.453284 0.172747 0.454737
v 4.453284 0.172747 -1.145263
v 3.507612 -0.799668 -1.145263
v 3.507612 -0.799668 0.454737
v 4.453284 0.172747 -0.195263
v 3.507612 -0.799668 -0.195263
v 4.768353 -0.036406 -0.195263
v 4.768353 -0.036406 -1.145263
v 3.822680 -1.008822 -1.145263
v 3.822680 -1.008822 -0.195263
v 3.654713 0.604459 0.454737
v 3.654713 0.604459 -1.145263
v 2.742812 -0.263668 -1.145263
v 2.742812 -0.263668 0.454737
v 2.742812 -0.263668 -0.195263
v 3.654713 0.604459 -0.195263
v -0.184052 -0.088908 -0.647623
v -0.184052 -0.088908 0.152377
v -0.415052 -0.088908 -0.647623
v -0.415052 -0.088908 0.152377
v -0.184052 0.345280 -0.488637
v -0.184052 0.202716 -0.346073
v -0.184052 0.259819 -0.431534
v -0.184052 0.182664 -0.245265
v -0.184052 0.202716 -0.144457
v -0.184052 0.345280 -0.001893
v -0.184052 0.259819 -0.058996
v -0.415052 0.202716 -0.144457
v -0.415052 0.259819 -0.058996
v -0.415052 0.345280 -0.001893
v -0.415052 0.345280 -0.488637
v -0.415052 0.259819 -0.431534
v -0.415052 0.182664 -0.245265
v -0.415052 0.202716 -0.346073
v -3.586065 -1.689668 1.654737
v -4.619552 -0.089669 2.254737
v -3.586065 -1.689668 0.454737
v -4.619552 -0.089669 0.454737
v -2.539550 -1.689668 1.654737
v -1.059550 -1.689668 1.654737
v 0.020450 -1.689668 1.654737
v 1.900450 -1.689668 1.654737
v 2.500450 -0.089669 2.254737
v 0.020450 -0.089669 2.254737
v -1.059550 -0.089669 2.254737
v -2.539550 -0.089669 2.254737
v 2.500450 -0.089669 0.454737
v 0.020450 -0.089669 0.454737
v -1.059550 -0.089669 0.454737
v -2.539550 -0.089669 0.454737
v 1.900450 -1.689668 0.454737
v -3.579550 -0.089669 2.254737
v -3.579550 -0.089669 0.454737
v 3.222836 -1.642486 2.104737
v 3.880450 -1.049669 2.254737
v 3.503749 -1.549400 2.104737
v 3.880450 -1.049668 0.454737
v 3.222836 -1.642485 0.454737
v 3.503749 -1.549399 0.454737
v -3.586065 -1.689668 -0.745263
v -4.619552 -0.089669 -1.345263
v -2.539550 -1.689668 -0.745263
v -1.059550 -1.689668 -0.745263
v 0.020450 -1.689668 -0.745263
v 1.900450 -1.689668 -0.745263
v 2.500450 -0.089669 -1.345263
v 0.020450 -0.089669 -1.345263
v -1.059550 -0.089669 -1.345263
v -2.539550 -0.089669 -1.345263
v -3.579550 -0.089669 -1.345263
v 3.222836 -1.642485 -1.195263
v 3.880450 -1.049668 -1.345263
v 3.503749 -1.549399 -1.195263
v -4.619552 -1.072668 0.054737
v -4.619552 -1.306668 0.054737
v -4.619552 -1.072669 2.054737
v -4.619552 -1.306669 2.054737
v -5.119552 -1.137286 0.119355
v -5.119552 -1.242049 0.119355
v -5.119552 -1.072669 2.054737
v -5.119552 -1.306669 2.054737
v -5.119552 -1.242049 0.990119
v -5.119552 -1.137286 0.990119
v -5.119552 -1.306668 1.054737
v -5.119552 -1.306668 0.054737
v -5.119552 -1.072668 0.054737
v -5.119552 -1.072668 1.054737
v -4.919550 -1.242049 0.990119
v -4.919550 -1.242049 0.119355
v -4.919550 -1.137286 0.119355
v -4.919550 -1.137286 0.990119
v 3.646135 -1.502218 2.254737
v 3.080450 -1.689668 2.254737
v 3.080450 -1.689668 0.454737
v 3.646135 -1.502217 0.454737
v 3.646135 -1.502217 -1.345263
v 3.080450 -1.689668 -1.345263
v 3.535204 -1.644324 2.104737
v 3.254291 -1.737410 2.104737
v 3.254291 -1.737409 0.454737
v 3.535204 -1.644323 0.454737
v 3.535204 -1.644323 -1.195263
v 3.254291 -1.737409 -1.195263
v -4.619552 -1.689668 0.454737
v -4.619552 -1.689668 2.254737
v -3.579550 -1.689668 2.254737
v -2.539550 -1.689668 2.254737
v -1.059550 -1.689668 2.254737
v 0.020450 -1.689668 2.254737
v 2.500450 -1.689668 2.254737
v 2.500450 -1.689668 0.454737
v -4.619552 -1.689668 -1.345263
v -3.579550 -1.689668 -1.345263
v -2.539550 -1.689668 -1.345263
v -1.059550 -1.689668 -1.345263
v 0.020450 -1.689668 -1.345263
v 2.500450 -1.689668 -1.345263
v -3.586065 -1.489668 0.454737
v -3.586065 -1.489668 1.654737
v -2.539550 -1.489668 1.654737
v -1.059550 -1.489668 1.654737
v 0.020450 -1.489668 1.654737
v 1.900450 -1.489668 1.654737
v 1.900450 -1.489668 0.454737
v -3.586065 -1.489668 -0.745263
v -2.539550 -1.489668 -0.745263
v -1.059550 -1.489668 -0.745263
v 0.020450 -1.489668 -0.745263
v 1.900450 -1.489668 -0.745263
v 1.260450 -1.689668 2.254737
v 1.260450 -0.089669 2.254737
v 1.260450 -0.089669 0.454737
v 1.260450 -1.689668 -1.345263
v 1.260450 -0.089669 -1.345263
v 0.960450 -1.689668 1.654737
v 0.960450 -1.689668 -0.745263
v 0.960450 -1.489668 1.654737
v 0.960450 -1.489668 -0.745263
v 1.260450 -0.389667 0.454737
v 0.020450 -0.389667 0.454737
v 1.260450 -0.389667 -1.345263
v 0.020450 -0.389667 -1.345263
v -4.619554 -0.913908 -1.047623
v -4.619554 -0.913908 -0.647623
v -4.728674 -1.993908 -1.002879
v -4.664295 -1.993908 -0.938502
v -4.664295 -1.993908 -0.756745
v -4.728674 -1.993908 -0.692367
v -4.974809 -1.993908 -0.938502
v -4.910431 -1.993908 -1.002879
v -4.910431 -1.993908 -0.692367
v -4.974809 -1.993908 -0.756745
v -4.619554 -1.615908 -0.957035
v -4.710140 -1.615908 -1.047623
v -4.619554 -1.525320 -1.047623
v -4.710140 -1.615908 -0.647623
v -4.619554 -1.615908 -0.738211
v -4.619554 -1.525320 -0.647623
v -5.019552 -1.615908 -0.738211
v -4.928965 -1.615908 -0.647623
v -5.019552 -1.525320 -0.647623
v -4.928965 -1.615908 -1.047623
v -5.019552 -1.615908 -0.957035
v -5.019552 -1.525320 -1.047623
v -5.019552 -1.147490 -0.975499
v -5.019552 -1.147490 -0.719747
v -5.019552 -0.913908 -0.647623
v -5.019552 -0.913908 -1.047623
v -5.019552 -1.219614 -1.047623
v -5.019552 -1.219614 -0.647623
v -5.219551 -0.986031 -0.719747
v -5.219551 -0.986031 -0.975499
v -5.119553 -0.986031 -0.719747
v -5.119553 -0.986031 -0.975499
v 3.880450 -1.049668 -0.445263
v 3.646135 -1.502217 -0.445263
v 4.060754 -1.571394 -0.574470
v 4.060754 -1.571394 -1.216056
v 4.176252 -1.348324 -0.574470
v 4.176252 -1.348324 -1.216056
v -0.415052 0.341091 0.152377
v -0.415052 0.341091 -0.647623
v -0.184052 0.341091 0.152377
v -0.184052 0.341091 -0.647623
v -5.192690 -1.147490 -0.975499
v -5.219551 -1.147490 -0.948638
v -5.219551 -1.120629 -0.975499
v -5.219551 -1.147490 -0.746608
v -5.192690 -1.147490 -0.719747
v -5.219551 -1.120629 -0.719747
v -5.146413 -1.147490 -0.719747
v -5.119553 -1.147490 -0.746608
v -5.092691 -1.147490 -0.719747
v -5.119553 -1.120629 -0.719747
v -5.119553 -1.147490 -0.948638
v -5.146413 -1.147490 -0.975499
v -5.119553 -1.120629 -0.975499
v -5.092691 -1.147490 -0.975499
v -5.192690 -1.847490 -0.719747
v -5.219551 -1.847490 -0.746608
v -5.219551 -1.847490 -0.948638
v -5.192690 -1.847490 -0.975499
v -5.119553 -1.847490 -0.746608
v -5.146413 -1.847490 -0.719747
v -5.146413 -1.847490 -0.975499
v -5.119553 -1.847490 -0.948638
v -4.710140 -1.993908 -0.647623
v -4.619554 -1.993908 -0.738211
v -5.019552 -1.993908 -0.738211
v -4.928965 -1.993908 -0.647623
v -4.928965 -1.993908 -1.047623
v -5.019552 -1.993908 -0.957035
v -4.619554 -1.993908 -0.957035
v -4.710140 -1.993908 -1.047623
v -4.728674 -1.933908 -0.692367
v -4.664295 -1.933908 -0.756745
v -4.974809 -1.933908 -0.756745
v -4.910431 -1.933908 -0.692367
v -4.910431 -1.933908 -1.002879
v -4.974809 -1.933908 -0.938502
v -4.664295 -1.933908 -0.938502
v -4.728674 -1.933908 -1.002879
v 4.001346 -1.686133 -0.445263
v 4.001346 -1.686133 -1.345263
v 4.235661 -1.233585 -0.445263
v 4.235661 -1.233585 -1.345263
v 3.971951 -1.525415 -0.574470
v 3.971951 -1.525415 -1.216056
v 4.087450 -1.302345 -0.574470
v 4.087450 -1.302345 -1.216056
v 3.031690 -0.108020 0.943956
v 2.996335 -0.072664 0.962124
v 3.774152 0.705154 0.962124
v 3.809508 0.669798 0.943956
v 2.962550 -0.038879 0.941350
v 2.950373 -0.026702 0.893956
v 3.728191 0.751116 0.893956
v 3.740367 0.738939 0.941350
v 2.980227 -0.056556 0.809517
v 3.015583 -0.091913 0.791350
v 3.793400 0.685906 0.791350
v 3.758044 0.721262 0.809517
v 3.049367 -0.125696 0.812124
v 3.061544 -0.137873 0.859518
v 3.839362 0.639945 0.859518
v 3.827185 0.652121 0.812124
v -3.121553 0.446092 -0.668824
v -3.121553 0.446092 0.273576
v -3.136625 0.370321 -0.668824
v -3.136625 0.370321 0.273576
v -3.179546 0.306085 -0.668824
v -3.179546 0.306085 0.273576
v -3.243781 0.258140 -0.668824
v -3.243781 0.258140 0.273576
v -3.319553 0.238140 -0.668824
v -3.319553 0.258140 0.273576
v -3.395324 0.258140 -0.668824
v -3.395324 0.258140 0.273576
v -3.459560 0.306085 -0.668824
v -3.459560 0.306085 0.273576
v -3.502481 0.370321 -0.668824
v -3.502481 0.370321 0.273576
v -3.517553 0.446092 -0.668824
v -3.517553 0.446092 0.273576
v -3.502481 0.521863 -0.668824
v -3.502481 0.521863 0.273576
v -3.459560 0.586099 -0.668824
v -3.459560 0.586099 0.273576
v -3.395324 0.629019 -0.668824
v -3.395324 0.629019 0.273576
v -3.319553 0.644092 -0.668824
v -3.319553 0.644092 0.273576
v -3.243781 0.629019 -0.668824
v -3.243781 0.629019 0.273576
v -3.179546 0.586099 -0.668824
v -3.179546 0.586099 0.273576
v -3.136625 0.521863 -0.668824
v -3.136625 0.521863 0.273576
v -3.121553 0.446092 -0.507623
v -3.121553 0.446092 0.012377
v -3.136625 0.370321 0.012377
v -3.136625 0.370321 -0.507623
v -3.179546 0.306085 -0.507623
v -3.179546 0.306085 0.012377
v -3.243781 0.258140 -0.507623
v -3.243781 0.258140 0.012377
v -3.319553 0.238140 -0.507623
v -3.319553 0.258140 0.012377
v -3.395324 0.258140 -0.507623
v -3.395324 0.258140 0.012377
v -3.459560 0.306085 -0.507623
v -3.459560 0.306085 0.012377
v -3.502481 0.370321 0.012377
v -3.502481 0.370321 -0.507623
v -3.517553 0.446092 0.012377
v -3.517553 0.446092 -0.507623
v -3.502481 0.521863 0.012377
v -3.502481 0.521863 -0.507623
v -3.459560 0.586099 0.012377
v -3.459560 0.586099 -0.507623
v -3.395324 0.629019 -0.507623
v -3.395324 0.629019 0.012377
v -3.319553 0.644092 -0.507623
v -3.319553 0.644092 0.012377
v -3.243781 0.629019 -0.507623
v -3.243781 0.629019 0.012377
v -3.179546 0.586099 -0.507623
v -3.179546 0.586099 0.012377
v -3.136625 0.521863 -0.507623
v -3.136625 0.521863 0.012377
v -3.243781 -0.091861 0.273576
v -3.319553 -0.091861 0.273576
v -3.395324 -0.091861 0.273576
v -3.243781 -0.091861 0.012377
v -3.319553 -0.091861 0.012377
v -3.395324 -0.091861 0.012377
v -3.173466 -0.091510 -0.668824
v -3.240239 -0.091510 -0.668824
v -3.319004 -0.091510 -0.668824
v -3.397768 -0.091510 -0.668824
v -3.464541 -0.091510 -0.668824
v -3.509157 -0.091510 -0.668824
v -3.319004 -0.091510 -0.507623
v -3.397768 -0.091510 -0.507623
v -3.240239 -0.091510 -0.507623
v -3.464541 -0.091510 -0.507623
v -3.509157 -0.091510 -0.507623
v -3.173466 -0.091510 -0.507623
v -4.095325 -0.091861 0.012377
v -4.095325 -0.091861 0.273576
v -4.095325 0.258140 0.012377
v -4.095325 0.258140 0.273576
v -2.448303 0.441182 0.373576
v -2.448303 0.516954 0.373576
v -2.448303 0.441182 0.112377
v -2.448303 0.516954 0.112377
v -2.743781 0.258140 0.273576
v -2.743781 0.258140 0.012377
v -2.743781 -0.091861 0.273576
v -2.743781 -0.091861 0.012377
v -3.019552 -0.093910 -0.907623
v -3.019552 0.706092 -0.907623
v -3.019552 -0.093910 -0.667623
v -3.019552 0.706092 -0.667623
v -3.819552 -0.093910 -0.907623
v -3.819552 0.706092 -0.907623
v -3.819552 -0.093910 -0.667623
v -3.819552 0.706092 -0.667623
v -2.275426 -0.087509 0.420099
v -2.363678 -0.087509 0.420099
v -2.363678 0.639691 0.420099
v -2.275426 0.639691 0.420099
v -2.414018 -0.087509 0.399247
v -2.476422 -0.087509 0.336844
v -2.476422 0.639691 0.336844
v -2.414018 0.639691 0.399247
v -2.497274 -0.087509 0.286503
v -2.497274 -0.087509 0.198251
v -2.497274 0.639691 0.198251
v -2.497274 0.639691 0.286503
v -2.476422 -0.087509 0.147910
v -2.414018 -0.087509 0.085506
v -2.414018 0.639691 0.085506
v -2.476422 0.639691 0.147910
v -2.363678 -0.087509 0.064654
v -2.275426 -0.087509 0.064654
v -2.275426 0.639691 0.064654
v -2.363678 0.639691 0.064654
v -2.225085 -0.087509 0.085506
v -2.162681 -0.087509 0.147910
v -2.162681 0.639691 0.147910
v -2.225085 0.639691 0.085506
v -2.141829 -0.087509 0.198251
v -2.141829 -0.087509 0.286503
v -2.141829 0.639691 0.286503
v -2.141829 0.639691 0.198251
v -2.162681 -0.087509 0.336844
v -2.225085 -0.087509 0.399247
v -2.225085 0.639691 0.399247
v -2.162681 0.639691 0.336844
v 4.440133 0.655011 -0.385810
v 4.539043 0.597936 -0.462114
v 4.605135 0.559800 -0.576311
v 4.628343 0.546408 -0.711016
v 4.605135 0.559800 -0.845720
v 4.539043 0.597936 -0.959917
v 4.440133 0.655011 -1.036221
v 4.323459 0.722336 -1.063016
v 4.206786 0.789661 -1.036221
v 4.107873 0.846735 -0.959917
v 4.041785 0.884872 -0.845720
v 4.018577 0.898262 -0.711016
v 4.041785 0.884872 -0.576311
v 4.107873 0.846735 -0.462114
v 4.206786 0.789661 -0.385810
v 4.323459 0.722336 -0.359016
v 4.561084 0.864618 -0.385810
v 4.659994 0.807544 -0.462114
v 4.726085 0.769407 -0.576311
v 4.749293 0.756016 -0.711016
v 4.726085 0.769407 -0.845720
v 4.659994 0.807544 -0.959917
v 4.561084 0.864618 -1.036221
v 4.444410 0.931943 -1.063016
v 4.327734 0.999267 -1.036220
v 4.228825 1.056342 -0.959917
v 4.162734 1.094478 -0.845720
v 4.139527 1.107870 -0.711016
v 4.162734 1.094478 -0.576311
v 4.228825 1.056342 -0.462114
v 4.327734 0.999267 -0.385810
v 4.444410 0.931943 -0.359016
v 4.544980 0.861211 -0.415374
v 4.634898 0.809324 -0.484742
v 4.694980 0.774656 -0.588557
v 4.716079 0.762480 -0.711016
v 4.694980 0.774656 -0.833474
v 4.634898 0.809324 -0.937290
v 4.544980 0.861211 -1.006657
v 4.438911 0.922415 -1.031016
v 4.332844 0.983618 -1.006656
v 4.242926 1.035505 -0.937290
v 4.182844 1.070174 -0.833474
v 4.161746 1.082349 -0.711016
v 4.182844 1.070174 -0.588556
v 4.242926 1.035505 -0.484742
v 4.332844 0.983618 -0.415374
v 4.438911 0.922415 -0.391016
v 4.301568 0.733538 -0.452848
v 4.768775 1.494071 -0.391015
v 4.258890 0.758161 -0.459121
v 4.662708 1.555275 -0.415372
v 4.572790 1.607162 -0.484741
v 4.512707 1.641831 -0.588556
v 4.104321 0.847355 -0.745977
v 4.491609 1.654004 -0.711016
v 4.112812 0.842457 -0.777511
v 4.512707 1.641831 -0.833474
v 4.572790 1.607162 -0.937290
v 4.662708 1.555275 -1.006656
v 4.344138 0.708969 -0.969183
v 4.768775 1.494071 -1.031016
v 4.386817 0.684347 -0.962910
v 4.874842 1.432867 -1.006656
v 4.964761 1.380982 -0.937290
v 5.024844 1.346312 -0.833474
v 4.541384 0.595154 -0.676054
v 5.045941 1.334138 -0.711016
v 4.532896 0.600051 -0.644520
v 5.024844 1.346312 -0.588556
v 4.964761 1.380982 -0.484742
v 4.874842 1.432867 -0.415372
v 4.301568 0.733538 -0.424659
v 4.244290 0.766584 -0.433077
v 4.066169 0.869365 -0.745977
v 4.077563 0.862793 -0.788299
v 4.344138 0.708969 -0.997372
v 4.401417 0.675923 -0.988954
v 4.579536 0.573142 -0.676054
v 4.568144 0.579715 -0.633732
v 4.091834 0.370116 -0.424659
v 4.034554 0.403162 -0.433077
v 3.856434 0.505944 -0.745977
v 3.867828 0.499371 -0.788299
v 4.134404 0.345546 -0.997372
v 4.191682 0.312502 -0.988954
v 4.369802 0.209720 -0.676054
v 4.358407 0.216293 -0.633732
v 4.091834 0.370116 -0.452848
v 4.049155 0.394739 -0.459121
v 3.894587 0.483934 -0.745977
v 3.903076 0.479035 -0.777511
v 4.134404 0.345546 -0.969183
v 4.177082 0.320925 -0.962910
v 4.331649 0.231731 -0.676054
v 4.323160 0.236630 -0.644520
v 2.694125 -0.032219 1.101824
v 3.708374 1.122370 1.078413
v 2.744014 -0.082107 0.947179
v 3.769940 1.060805 0.887575
v 2.831952 -0.170046 0.831306
v 3.878459 0.952285 0.744583
v 2.944552 -0.282646 0.771846
v 4.017412 0.813334 0.671205
v 3.064669 -0.402763 0.777849
v 4.165643 0.665102 0.678614
v 3.174019 -0.512113 0.848403
v 4.300585 0.530159 0.765681
v 3.255954 -0.594048 0.972767
v 4.401697 0.429048 0.919151
v 3.297999 -0.636093 1.132006
v 4.453582 0.377163 1.115659
v 3.293754 -0.631848 1.301879
v 4.448343 0.382402 1.325290
v 3.243865 -0.581958 1.456523
v 4.386778 0.443968 1.516127
v 3.155926 -0.494019 1.572396
v 4.278258 0.552487 1.659120
v 3.043328 -0.381421 1.631857
v 4.139306 0.691439 1.732497
v 2.923209 -0.261303 1.625853
v 3.991075 0.839670 1.725088
v 2.813859 -0.151954 1.555299
v 3.856132 0.974612 1.638022
v 2.731925 -0.070019 1.430936
v 3.755021 1.075724 1.484552
v 2.689879 -0.027973 1.271696
v 3.703135 1.127609 1.288043
v 2.817551 0.108418 0.887575
v 2.755986 0.169982 1.078413
v 2.623955 0.037952 1.078413
v 2.685521 -0.023614 0.887575
v 2.794040 -0.132133 0.744583
v 2.932992 -0.271086 0.671205
v 3.081223 -0.419317 0.678614
v 3.216166 -0.554260 0.765681
v 3.317277 -0.655371 0.919151
v 3.369162 -0.707256 1.115659
v 3.363924 -0.702018 1.325290
v 3.302358 -0.640452 1.516127
v 3.193839 -0.531933 1.659120
v 3.054886 -0.392980 1.732497
v 2.906655 -0.244749 1.725088
v 2.771713 -0.109806 1.638022
v 2.670602 -0.008695 1.484552
v 2.618716 0.043190 1.288043
v 2.482534 -0.103470 1.078413
v 2.544099 -0.165036 0.887575
v 2.939802 -0.560738 0.678614
v 3.074745 -0.695681 0.765681
v 3.222502 -0.843439 1.325290
v 3.160937 -0.781873 1.516127
v 2.765234 -0.386171 1.725088
v 2.630291 -0.251228 1.638022
v 2.552703 -0.173640 1.101824
v 2.602593 -0.223529 0.947179
v 2.923248 -0.544184 0.777849
v 3.032598 -0.653535 0.848403
v 3.152333 -0.773269 1.301879
v 3.102443 -0.723379 1.456523
v 2.781788 -0.402725 1.625853
v 2.672438 -0.293375 1.555299
v 2.926071 -0.000103 0.744583
v 3.065023 -0.139055 0.671205
v 3.213254 -0.287287 0.678614
v 3.325870 -0.399902 1.659120
v 3.434389 -0.508421 1.516127
v 3.348197 -0.422230 0.765681
v 3.449308 -0.523340 0.919151
v 2.750747 0.175222 1.288043
v 2.802633 0.123335 1.484552
v 2.903743 0.022225 1.638022
v 3.186918 -0.260949 1.732497
v 3.038686 -0.112718 1.725088
v 3.495955 -0.569987 1.325290
v 3.501194 -0.575225 1.115659
v 3.532039 0.946035 1.078413
v 3.593604 0.884470 0.887575
v 3.702124 0.775950 0.744583
v 3.841076 0.636997 0.671205
v 3.989307 0.488765 0.678614
v 4.101923 0.376151 1.659120
v 4.210442 0.267633 1.516127
v 4.124249 0.353824 0.765681
v 4.225361 0.252712 0.919151
v 3.526800 0.951274 1.288043
v 3.578685 0.899388 1.484552
v 3.679797 0.798277 1.638022
v 3.962970 0.515104 1.732497
v 3.814739 0.663335 1.725088
v 4.272007 0.206066 1.325290
v 4.277246 0.200828 1.115659
v 3.834552 0.643522 1.158318
v 3.058499 -0.132531 1.158318
v 2.710749 0.215221 1.513499
v 3.486802 0.991272 1.513499
v 3.500135 0.977938 1.033795
v 2.724082 0.201885 1.033795
v 3.889220 -0.187199 1.115659
v 3.883981 -0.181960 1.325290
v 4.083233 0.006814 1.115659
v 4.077994 0.012054 1.325290
v 3.601281 0.100740 0.678614
v 3.736224 -0.034202 0.765681
v 3.795294 0.294753 0.678614
v 3.930236 0.159811 0.765681
v 4.030553 -0.328532 1.122723
v 4.025314 -0.323293 1.332353
v 4.224566 -0.134519 1.122723
v 4.219326 -0.129280 1.332353
v 3.794924 -0.092903 0.583723
v 3.659981 0.042040 0.496657
v 3.853995 0.236054 0.496657
v 3.988937 0.101111 0.583723
v 3.859549 1.273545 1.078413
v 3.921114 1.211980 0.887575
v 4.029634 1.103460 0.744583
v 4.168586 0.964507 0.671205
v 4.316817 0.816278 0.678614
v 4.451760 0.681335 0.765681
v 4.552871 0.580223 0.919151
v 4.604756 0.528338 1.115659
v 4.599518 0.533576 1.325289
v 4.537951 0.595142 1.516127
v 4.429433 0.703661 1.659119
v 4.290480 0.842613 1.732497
v 4.142249 0.990844 1.725089
v 4.007307 1.125787 1.638022
v 3.970450 1.106574 1.404737
v 3.970450 1.150509 1.298671
v 3.970450 1.162644 1.582081
v 3.855142 1.277951 1.254737
v 3.970450 1.162644 1.293645
v 3.876520 1.256574 1.254737
v 3.743723 1.106574 1.404737
v 3.785871 1.106574 1.484552
v 3.731647 1.150509 1.298671
v 3.751692 1.176166 1.288043
v 3.970450 1.106574 1.624633
v 3.833765 1.256574 1.254737
v 1.447174 -1.524312 3.654196
v 1.447174 -1.524312 3.254196
v 1.075266 -1.420455 3.654196
v 1.171311 -1.519732 3.654196
v 1.179287 -1.035460 3.654196
v 1.080053 -1.130140 3.654196
v 1.171311 -1.519732 3.254196
v 1.075266 -1.420455 3.254196
v 1.080053 -1.130140 3.254196
v 1.179287 -1.035460 3.254196
v 1.730372 -1.052269 3.654196
v 1.903353 -1.095886 3.654196
v 1.730372 -1.052269 3.254196
v 1.903353 -1.095886 3.254196
v 1.516134 -1.533185 3.263277
v 1.516134 -1.533185 3.663277
v 1.889715 -1.435516 3.263277
v 1.792035 -1.533185 3.263277
v 1.792098 -1.048847 3.263277
v 1.889747 -1.145159 3.263277
v 1.792035 -1.533185 3.663277
v 1.889715 -1.435516 3.663277
v 1.889747 -1.145159 3.663277
v 1.792098 -1.048847 3.663277
v 1.240811 -1.056507 3.263278
v 1.067129 -1.097245 3.263278
v 1.240811 -1.056507 3.663278
v 1.067130 -1.097245 3.663278
v -3.949768 -0.041374 3.314437
v -3.369297 -0.041374 3.314437
v -3.947077 -0.041377 3.726445
v -3.366606 -0.041377 3.726445
v -3.369297 -0.291910 3.314437
v -3.849768 -0.291910 3.314437
v -3.366606 -0.291913 3.726445
v -3.847077 -0.291913 3.726445
v -3.642261 -0.291910 3.409518
v -3.712261 -0.291910 3.479518
v -3.492663 -0.291910 3.479518
v -3.562663 -0.291910 3.409518
v -3.712261 -0.291910 3.549356
v -3.642261 -0.291912 3.619356
v -3.562663 -0.291912 3.619356
v -3.492663 -0.291910 3.549356
v -3.562663 -0.691911 3.409518
v -3.492663 -0.691911 3.479518
v -3.712261 -0.691911 3.479518
v -3.642261 -0.691911 3.409518
v -3.492663 -0.691911 3.549356
v -3.562663 -0.691911 3.619356
v -3.642261 -0.691911 3.619356
v -3.712261 -0.691911 3.549356
v -3.984565 -0.396642 3.227087
v -3.984565 0.003358 3.227087
v -3.984565 -0.396645 3.726556
v -3.984565 -0.396645 3.813906
v -3.984565 0.003356 3.726556
v -3.984565 0.003356 3.813906
v -3.984565 0.003358 3.314437
v -3.984565 -0.396642 3.314437
v -3.284565 -0.336643 3.227087
v -3.344565 -0.396642 3.227087
v -3.302139 -0.379068 3.227087
v -3.344565 0.003358 3.227087
v -3.284565 -0.056642 3.227087
v -3.302139 -0.014214 3.227087
v -3.284565 -0.336645 3.726556
v -3.344565 -0.396645 3.726556
v -3.302139 -0.379070 3.726556
v -3.344565 -0.396645 3.813906
v -3.284565 -0.336645 3.813906
v -3.302139 -0.379070 3.813906
v -3.344565 0.003356 3.726556
v -3.284565 -0.056643 3.726556
v -3.302139 -0.014216 3.726556
v -3.284565 -0.056643 3.813906
v -3.344565 0.003356 3.813906
v -3.302139 -0.014216 3.813906
v -3.284565 -0.056642 3.314437
v -3.344565 0.003358 3.314437
v -3.302139 -0.014214 3.314437
v -3.344565 -0.396642 3.314437
v -3.284565 -0.336643 3.314437
v -3.302139 -0.379068 3.314437
v -3.344565 -0.196642 3.314437
v -3.344565 -0.196642 3.227087
v -3.344565 -0.196644 3.726556
v -3.344565 -0.196644 3.813906
v 1.439385 -1.533185 -2.353804
v 1.439385 -1.533185 -2.753804
v 1.065804 -1.435514 -2.353804
v 1.163484 -1.533184 -2.353804
v 1.163421 -1.048846 -2.353804
v 1.065772 -1.145158 -2.353804
v 1.163484 -1.533184 -2.753804
v 1.065804 -1.435514 -2.753804
v 1.065772 -1.145158 -2.753804
v 1.163421 -1.048846 -2.753804
v 1.714709 -1.056505 -2.353804
v 1.888390 -1.097245 -2.353804
v 1.714708 -1.056505 -2.753804
v 1.888390 -1.097245 -2.753804
v 1.516134 -1.533185 -2.744723
v 1.516134 -1.533185 -2.344722
v 1.889715 -1.435514 -2.744723
v 1.792035 -1.533184 -2.744723
v 1.792098 -1.048846 -2.744723
v 1.889747 -1.145158 -2.744723
v 1.792035 -1.533184 -2.344722
v 1.889715 -1.435514 -2.344722
v 1.889747 -1.145158 -2.344722
v 1.792098 -1.048846 -2.344722
v 1.240811 -1.056505 -2.744722
v 1.067129 -1.097245 -2.744722
v 1.240811 -1.056505 -2.344722
v 1.067130 -1.097245 -2.344722
v -3.949766 -0.041374 -2.804963
v -3.369295 -0.041374 -2.804963
v -3.947075 -0.041374 -2.392955
v -3.366604 -0.041374 -2.392955
v -3.369295 -0.291910 -2.804963
v -3.849767 -0.291910 -2.804963
v -3.366604 -0.291910 -2.392955
v -3.847075 -0.291910 -2.392955
v -3.642259 -0.291910 -2.709882
v -3.712259 -0.291910 -2.639882
v -3.492661 -0.291910 -2.639882
v -3.562661 -0.291910 -2.709882
v -3.712259 -0.291910 -2.570044
v -3.642259 -0.291910 -2.500044
v -3.562661 -0.291910 -2.500044
v -3.492661 -0.291910 -2.570044
v -3.562661 -0.691910 -2.709882
v -3.492661 -0.691910 -2.639882
v -3.712259 -0.691910 -2.639882
v -3.642259 -0.691910 -2.709882
v -3.492661 -0.691910 -2.570044
v -3.562661 -0.691910 -2.500044
v -3.642259 -0.691910 -2.500044
v -3.712259 -0.691910 -2.570044
v -3.984563 -0.396642 -2.892313
v -3.984563 0.003358 -2.892313
v -3.984563 -0.396642 -2.392844
v -3.984563 -0.396642 -2.305494
v -3.984563 0.003358 -2.392844
v -3.984563 0.003358 -2.305494
v -3.984563 0.003358 -2.804963
v -3.984563 -0.396642 -2.804963
v -3.284563 -0.336642 -2.892313
v -3.344563 -0.396642 -2.892313
v -3.302137 -0.379067 -2.892313
v -3.344563 0.003358 -2.892313
v -3.284563 -0.056642 -2.892313
v -3.302137 -0.014214 -2.892313
v -3.284563 -0.336643 -2.392844
v -3.344563 -0.396642 -2.392844
v -3.302137 -0.379068 -2.392844
v -3.344563 -0.396642 -2.305494
v -3.284563 -0.336643 -2.305494
v -3.302137 -0.379068 -2.305494
v -3.344563 0.003358 -2.392844
v -3.284563 -0.056642 -2.392844
v -3.302137 -0.014214 -2.392844
v -3.284563 -0.056642 -2.305494
v -3.344563 0.003358 -2.305494
v -3.302137 -0.014214 -2.305494
v -3.284563 -0.056642 -2.804963
v -3.344563 0.003358 -2.804963
v -3.302137 -0.014214 -2.804963
v -3.344563 -0.396642 -2.804963
v -3.284563 -0.336642 -2.804963
v -3.302137 -0.379067 -2.804963
v -3.344563 -0.196641 -2.804963
v -3.344563 -0.196641 -2.892313
v -3.344563 -0.196642 -2.392844
v -3.344563 -0.196642 -2.305494
vn -0.7071 -0.0000 0.7071
vn -0.9659 -0.0000 0.2588
vn 0.2588 -0.0000 0.9659
vn -0.2588 -0.0000 0.9659
vn 0.9659 -0.0000 0.2588
vn 0.7071 -0.0000 0.7071
vn -0.9659 -0.0000 -0.2588
vn -0.7071 -0.0000 -0.7071
vn -0.0000 0.7230 -0.6908
vn -0.0000 0.9011 -0.4336
vn -0.0000 0.4336 -0.9011
vn -0.0000 0.1339 -0.9910
vn -0.0000 -0.4742 0.8804
vn -0.0000 -0.1789 0.9839
vn 0.7071 -0.0000 -0.7071
vn 0.9659 -0.0000 -0.2588
vn -0.2588 -0.0000 -0.9659
vn 0.2588 -0.0000 -0.9659
vn -0.0000 0.3520 0.9360
vn -0.0000 0.5878 0.8090
vn -0.0000 0.3480 0.9375
vn -0.0000 0.1789 0.9839
vn -0.0000 0.4742 0.8804
vn -0.0000 -0.9011 -0.4336
vn -0.0000 -0.7230 -0.6908
vn -0.0000 0.8804 0.4742
vn -0.0000 0.6908 0.7230
vn -0.0000 0.9839 -0.1789
vn -0.0000 0.9910 0.1339
vn -0.0000 -0.6908 0.7230
vn -0.0000 -0.8804 0.4742
vn -0.0000 -0.9910 0.1339
vn -0.0000 -0.9839 -0.1789
vn -0.0000 -0.0000 -1.0000
vn -0.0000 -0.2654 -0.9641
vn -0.0000 0.2654 -0.9641
vn -0.0175 -0.0262 -0.9995
vn 0.0966 0.0575 -0.9937
vn -0.0000 -0.9511 -0.3090
vn -0.0000 -0.8349 -0.5503
vn -0.0000 0.7814 0.6240
vn -0.0000 0.9990 -0.0455
vn 0.0001 0.9733 -0.2297
vn 0.0001 0.9990 -0.0456
vn -0.0000 -0.7814 0.6240
vn -0.0000 0.9511 -0.3090
vn -0.0000 0.8349 -0.5504
vn -0.0000 -0.9990 -0.0455
vn -0.0001 -0.9990 -0.0454
vn -0.0000 -0.9733 -0.2296
vn -0.0000 -0.5878 0.8090
vn -0.0000 -0.3520 0.9360
vn -0.7071 0.7071 -0.0000
vn -0.9659 0.2588 -0.0000
vn 0.2588 0.9659 -0.0000
vn -0.2588 0.9659 -0.0000
vn 0.9659 0.2588 -0.0000
vn 0.7071 0.7071 -0.0000
vn -0.9659 -0.2588 -0.0000
vn -0.7071 -0.7071 -0.0000
vn 0.7071 -0.7071 -0.0000
vn 0.9659 -0.2588 -0.0000
vn -0.2588 -0.9659 -0.0000
vn 0.2588 -0.9659 -0.0000
vn -0.0000 1.0000 -0.0000
vn -0.0000 -0.4336 -0.9011
vn -0.0000 -0.1339 -0.9910
vn -1.0000 -0.0000 -0.0000
vn -0.0000 -0.9239 -0.3827
vn -0.0000 -1.0000 -0.0000
vn 0.0398 -0.7106 0.7025
vn 0.0313 -0.5553 0.8311
vn 0.0716 -0.5712 0.8177
vn -0.0000 0.9239 0.3827
vn -0.0000 -0.9239 0.3827
vn -0.0000 0.9239 -0.3827
vn -0.0000 -0.7071 0.7071
vn -0.0000 0.7071 -0.7071
vn -0.0000 -0.3827 0.9239
vn -0.0000 0.3827 -0.9239
vn -0.0000 -0.0000 1.0000
vn -0.0000 -0.3827 -0.9239
vn -0.0000 0.3827 0.9239
vn -0.0000 -0.7071 -0.7071
vn -0.0000 0.7071 0.7071
vn 0.0459 0.7135 -0.6992
vn 0.0313 0.5553 -0.8311
vn 0.0716 0.5712 -0.8177
vn 0.0026 -0.0015 1.0000
vn 0.0042 -0.2007 0.9797
vn -0.0000 -0.2161 0.9764
vn 0.0094 -0.3876 -0.9218
vn 0.0024 0.0010 -1.0000
vn -0.0000 -0.1706 -0.9853
vn 0.0024 0.0026 -1.0000
vn 0.0267 0.4176 -0.9082
vn 0.0041 0.2007 -0.9796
vn -0.1863 0.2685 0.9451
vn 0.0071 0.4150 0.9098
vn 0.0380 -0.7157 -0.6974
vn 0.0128 -0.4200 -0.9074
vn 0.0169 -0.5555 -0.8314
vn 0.0354 0.7130 0.7003
vn 0.0196 0.5707 0.8210
vn 0.0404 0.7748 0.6309
vn 0.0243 -0.8623 -0.5059
vn 0.0623 -0.9453 -0.3203
vn 0.0625 0.9250 0.3748
vn 0.0561 0.8436 0.5340
vn 0.0697 -0.9236 -0.3771
vn 0.0692 -0.9808 -0.1822
vn 0.0760 -0.9971 0.0048
vn 0.0771 0.9970 -0.0018
vn 0.0697 0.9461 0.3164
vn 0.0749 0.9796 0.1867
vn 0.0779 -0.9970 -0.0016
vn 0.0798 -0.9791 0.1870
vn 0.0738 -0.9436 0.3227
vn 0.0705 0.9236 -0.3769
vn 0.0795 0.9968 -0.0073
vn 0.0761 0.9790 -0.1890
vn 0.0660 -0.9242 0.3761
vn 0.0672 -0.8359 0.5447
vn 0.0562 -0.7755 0.6289
vn 0.0696 0.9453 -0.3186
vn 0.0584 0.8351 -0.5470
vn 0.5878 -0.8090 -0.0000
vn -0.9511 -0.3090 -0.0000
vn 0.9511 -0.3090 -0.0000
vn -0.5878 -0.8090 -0.0000
vn -0.5878 0.8090 -0.0000
vn 0.9511 0.3090 -0.0000
vn -0.9511 0.3090 -0.0000
vn 0.5878 0.8090 -0.0000
vn -0.0000 -0.2560 -0.9667
vn -0.0000 0.2560 -0.9667
vn 1.0000 -0.0000 -0.0000
vn -0.0000 -0.9893 0.1458
vn -0.0000 -0.9893 -0.1458
vn -0.0000 0.2560 0.9667
vn -0.0000 -0.2560 0.9667
vn -0.0000 0.9893 0.1458
vn -0.0000 0.9575 0.2884
vn -0.0000 0.4949 0.8689
vn -0.0000 -0.9575 0.2884
vn -0.0000 -0.4949 0.8690
vn -0.0000 0.9893 -0.1458
vn -0.0000 0.9575 -0.2884
vn -0.0000 0.4949 -0.8689
vn -0.0000 -0.9575 -0.2884
vn -0.0000 -0.4949 -0.8690
vn -0.0000 0.5000 0.8660
vn -0.0000 0.8660 0.5000
vn -0.0000 0.8660 -0.5000
vn -0.0000 0.5000 -0.8660
vn -0.0000 -0.5000 -0.8660
vn -0.0000 -0.8660 -0.5000
vn -0.0000 -0.8660 0.5000
vn -0.0000 -0.5000 0.8660
vn -0.0000 0.8000 0.6000
vn 0.0289 0.0167 -0.9994
vn 0.0289 -0.0167 -0.9994
vn -0.0000 0.0333 -0.9994
vn -0.0000 -0.0333 -0.9994
vn -0.0289 0.0167 -0.9994
vn -0.5000 0.8660 -0.0000
vn -0.5000 -0.8660 -0.0000
vn 0.5000 0.8660 -0.0000
vn 0.5000 -0.8660 -0.0000
vn -0.0289 -0.0167 -0.9994
vn -0.5556 -0.0000 -0.8315
vn -0.1951 -0.0000 -0.9808
vn -0.8315 -0.0000 0.5556
vn -0.9808 -0.0000 0.1951
vn -0.9808 -0.0000 -0.1951
vn -0.8315 -0.0000 -0.5556
vn 0.9808 -0.0000 0.1951
vn 0.8315 -0.0000 0.5556
vn 0.1951 -0.0000 -0.9808
vn 0.5556 -0.0000 -0.8315
vn 0.5556 -0.0000 0.8315
vn 0.1951 -0.0000 0.9808
vn 0.8315 -0.0000 -0.5556
vn 0.9808 -0.0000 -0.1951
vn -0.1951 -0.0000 0.9808
vn -0.5556 -0.0000 0.8315
vn -0.3912 0.9203 -0.0000
vn 0.0103 0.9999 -0.0000
vn 0.0051 1.0000 -0.0000
vn -0.7682 -0.6402 -0.0000
vn -0.9239 -0.0000 0.3827
vn -0.3827 -0.0000 0.9239
vn 0.3827 -0.0000 0.9239
vn 0.9239 -0.0000 0.3827
vn -0.9239 -0.0000 -0.3827
vn -0.3827 -0.0000 -0.9239
vn 0.3827 -0.0000 -0.9239
vn 0.9239 -0.0000 -0.3827
vn 0.7674 -0.6411 -0.0000
vn 0.4731 0.8810 -0.0014
vn 0.4747 0.8801 -0.0000
vn 0.5019 0.8650 -0.0000
vn 0.4756 0.8797 -0.0000
vn 0.1589 -0.1589 0.9744
vn 0.0270 -0.0270 0.9993
vn -0.0176 0.0176 0.9997
vn -0.2576 0.2576 0.9313
vn -0.2926 0.2926 0.9104
vn -0.4924 0.4924 0.7177
vn -0.5131 0.5131 0.6881
vn -0.6511 0.6511 0.3902
vn -0.6572 0.6572 0.3691
vn -0.6572 0.6572 -0.3691
vn -0.6511 0.6511 -0.3902
vn -0.5131 0.5131 -0.6881
vn -0.4924 0.4924 -0.7177
vn -0.3929 0.3929 -0.8315
vn 0.5531 0.8331 -0.0000
vn 0.5148 0.8573 -0.0000
vn 0.7169 -0.6972 -0.0000
vn 0.4745 0.8803 -0.0017
vn 0.4716 0.8818 0.0067
vn -0.6790 0.7106 -0.1845
vn -0.6976 0.7164 -0.0078
vn -0.7071 0.7071 -0.0001
vn 0.2992 0.9542 -0.0000
vn 0.1593 -0.9872 -0.0000
vn 0.8880 -0.4598 -0.0000
vn 0.5711 0.8209 -0.0000
vn -0.0000 -1.0000 0.0001
vn -0.0000 1.0000 -0.0001
vn 0.5350 0.8449 -0.0000
vn 0.4598 0.8880 -0.0000
vn 0.5165 0.8563 -0.0000
vn 0.3145 -0.9492 -0.0000
vn 0.5774 -0.5773 -0.5773
vn 0.5774 -0.5773 0.5773
vn -0.5774 -0.5774 0.5773
vn -0.5774 -0.5774 -0.5773
vn -0.4598 -0.8880 -0.0000
vn 0.9239 -0.3827 -0.0000
vn 0.9808 -0.1951 -0.0000
vn 0.7253 -0.6884 -0.0000
vn 0.9591 -0.2830 -0.0000
vn 0.5982 -0.8014 -0.0000
vn -0.5981 -0.8014 -0.0000
vn -0.7253 -0.6884 -0.0000
vn -0.9239 -0.3827 -0.0000
vn -0.9959 -0.0908 -0.0000
vn -0.9239 0.3827 -0.0000
vn -0.3827 0.9239 -0.0000
vn 0.3827 0.9239 -0.0000
vn -0.0480 -0.0095 0.9988
vn 0.8315 0.5556 -0.0000
vn 0.9239 0.3827 -0.0000
vn -0.0073 -1.0000 -0.0000
vn 0.9999 0.0153 -0.0000
vn -0.0564 -0.0105 0.9984
vn -0.1467 -0.0020 0.9892
vn 0.0566 0.0105 -0.9983
vn 0.1467 0.0020 -0.9892
vn 0.1469 -0.0000 -0.9891
vn 0.0071 1.0000 -0.0000
vn -0.9999 0.0145 -0.0000
vn 0.4748 0.8801 -0.0007
vn 0.4736 0.8807 0.0003
vn 0.4757 0.8796 -0.0040
vn 0.4766 0.8791 -0.0021
vn 0.4655 0.8849 0.0185
vn -0.6895 0.7243 -0.0000
vn -0.3315 0.1913 0.9239
vn -0.6125 0.3534 0.7071
vn -0.8002 0.4617 0.3827
vn -0.8661 0.4998 -0.0000
vn -0.8002 0.4617 -0.3827
vn -0.6125 0.3534 -0.7071
vn -0.3315 0.1913 -0.9239
vn 0.3315 -0.1913 -0.9239
vn 0.6125 -0.3534 -0.7071
vn 0.8002 -0.4617 -0.3827
vn 0.8661 -0.4998 -0.0000
vn 0.8002 -0.4617 0.3827
vn 0.6125 -0.3534 0.7071
vn 0.4998 0.8661 -0.0000
vn 0.3315 -0.1913 0.9239
vn -0.4998 -0.8661 -0.0000
vn -0.6882 0.6882 -0.2296
vn -0.5737 0.5737 -0.5846
vn -0.3718 0.3718 -0.8506
vn -0.1134 0.1134 -0.9871
vn 0.1624 -0.1624 -0.9733
vn 0.2075 -0.2075 -0.9560
vn 0.4134 -0.4133 -0.8113
vn 0.4134 -0.4134 -0.8113
vn 0.6014 -0.6014 -0.5259
vn 0.6980 -0.6980 -0.1603
vn 0.3718 -0.3718 0.8506
vn 0.1134 -0.1134 0.9871
vn -0.6980 0.6980 0.1603
vn -0.6014 0.6014 0.5259
vn -0.3546 0.3546 0.8652
vn 0.5737 -0.5737 0.5846
vn 0.6882 -0.6882 0.2296
vn -0.1624 0.1624 0.9733
vn -0.4134 0.4134 0.8113
vn 0.6760 -0.6760 0.2935
vn -0.3745 0.3745 0.8482
vn -0.2075 0.2075 0.9560
vn 0.5998 -0.5998 0.5296
vn -0.5998 0.5998 -0.5296
vn -0.6760 0.6760 -0.2935
vn 0.3745 -0.3745 -0.8482
vn 0.6889 -0.6889 -0.2253
vn 0.4504 -0.4504 -0.7709
vn 0.0250 -0.0250 -0.9994
vn 0.1003 -0.1694 -0.9804
vn 0.7067 -0.7067 0.0353
vn 0.2935 -0.2935 -0.9098
vn 0.6433 -0.6433 0.4151
vn -0.0250 0.0250 0.9994
vn -0.2223 0.3096 -0.9245
vn -0.6433 0.6433 -0.4151
vn -0.6624 0.6624 0.3498
vn -0.5173 0.5173 0.6817
vn -0.7071 0.7071 0.0054
vn -0.7067 0.7067 -0.0353
vn -0.0000 0.9808 0.1951
vn -0.0000 0.2903 0.9569
vn -0.0000 0.2900 0.9570
vn -0.0000 0.9716 0.2366
vn -0.0000 0.6566 0.7543
vn -0.0000 0.3451 0.9386
vn -0.0000 -0.9508 -0.3098
vn -0.0000 -0.6566 0.7543
vn 0.0267 -0.4176 0.9082
vn 0.0118 -0.3859 0.9225
vn 0.0118 0.3859 -0.9225
vn 0.0445 0.7885 -0.6134
vn -0.0000 0.0276 0.9996
vn 0.0032 -0.2042 -0.9789
vn -0.0000 0.0684 -0.9977
vn 0.0118 0.3859 0.9225
vn 0.0277 -0.5792 -0.8147
vn 0.0437 -0.7758 -0.6295
vn -0.5877 0.8091 0.0011
vn -0.6863 0.7209 -0.0970
vn 0.0480 0.0095 -0.9988
vn 0.9594 -0.2822 -0.0000
vn -0.0566 -0.0105 0.9983
vn -0.1469 -0.0000 0.9891
vn -0.9959 -0.0901 -0.0000
vn 0.8002 -0.4618 0.3827
vn 0.4998 0.8662 -0.0000
vn -0.4999 -0.8661 -0.0000
vn -0.4998 -0.8662 -0.0000
vn 0.4478 -0.0756 0.8909
vn 0.1004 -0.1004 -0.9899
vn 0.2080 -0.2080 -0.9558
vn -0.5803 0.5803 0.5715
vn -0.5173 0.5174 0.6817
vn -0.0001 0.3828 0.9238
vn -0.0166 -0.9999 -0.0000
vn -0.6903 0.7235 -0.0000
vn -0.7187 -0.6953 -0.0000
vn -0.9999 0.0165 -0.0000
vn 0.2445 0.9697 -0.0000
vn 0.1383 0.9904 -0.0000
vn 0.0305 0.9995 -0.0000
vn 0.6846 -0.7289 -0.0000
vn 0.7022 0.7120 -0.0000
vn 1.0000 -0.0001 -0.0000
vn -0.2284 0.9736 -0.0000
vn -0.1218 0.9926 -0.0000
vn -0.0139 0.9999 -0.0000
vn -0.6966 -0.7175 -0.0000
vn -0.7022 0.7120 -0.0000
vn -1.0000 -0.0001 -0.0000
vn 0.2284 0.9736 -0.0000
vn 0.1218 0.9925 -0.0000
vn 0.0139 0.9999 -0.0000
vn 0.6966 -0.7175 -0.0000
vn -0.1218 0.9925 -0.0000
vn -0.3827 -0.9239 -0.0000
vn 0.3827 -0.9239 -0.0000
vn 0.3090 -0.9511 -0.0000
vn 0.1564 -0.9877 -0.0000
vn 0.1564 0.9877 -0.0000
vn 0.3090 0.9511 -0.0000
vn -0.3090 0.9511 -0.0000
vn -0.8090 0.5878 -0.0000
vn -0.8090 -0.5878 -0.0000
vn -0.3090 -0.9511 -0.0000
vn 0.2902 -0.0068 -0.9569
vn 0.0981 -0.0071 -0.9952
vn 0.2904 -0.0068 -0.9569
vn -0.7732 -0.0045 -0.6341
vn -0.8818 -0.0033 -0.4717
vn -0.8821 -0.0033 -0.4711
vn -0.9571 -0.0021 -0.2899
vn -0.9951 -0.0007 -0.0984
vn -0.9952 -0.0007 -0.0976
vn -0.9951 0.0007 0.0984
vn -0.9675 0.0018 0.2527
vn -0.9676 0.0015 0.2526
vn -0.9313 0.0013 0.3643
vn -0.7537 0.0010 0.6572
vn -0.7543 0.0007 0.6565
vn -0.2785 -0.0000 0.9604
vn -0.2832 0.0002 0.9591
vn 0.2793 -0.0000 0.9602
vn 0.7546 0.0012 0.6562
vn 0.9313 0.0013 0.3643
vn 0.7532 0.0004 0.6578
vn 0.9675 0.0018 0.2527
vn 0.9951 0.0007 0.0984
vn 0.9676 0.0015 0.2526
vn 0.9951 -0.0007 -0.0984
vn 0.9571 -0.0021 -0.2899
vn 0.9952 -0.0007 -0.0976
vn 0.8817 -0.0033 -0.4717
vn 0.7732 -0.0045 -0.6341
vn 0.8821 -0.0033 -0.4711
vn 0.6342 -0.0055 -0.7732
vn 0.4716 -0.0063 -0.8818
vn 0.6346 -0.0055 -0.7728
vn 0.0017 -0.9999 0.0122
vn -0.0039 -0.9997 0.0254
vn -0.0021 -0.9999 0.0114
vn -0.4716 -0.0063 -0.8818
vn -0.6342 -0.0055 -0.7732
vn -0.6346 -0.0055 -0.7728
vn -0.0981 -0.0071 -0.9952
vn -0.2902 -0.0068 -0.9569
vn -0.2904 -0.0068 -0.9569
vn 0.0980 -0.0071 -0.9952
vn -0.4712 -0.0063 -0.8820
vn -0.7728 -0.0045 -0.6346
vn -0.9568 -0.0021 -0.2907
vn -0.9952 0.0007 0.0976
vn -0.9308 0.0021 0.3655
vn 0.2824 0.0002 0.9593
vn 0.9308 0.0022 0.3655
vn 0.9952 0.0007 0.0976
vn 0.9568 -0.0021 -0.2907
vn 0.7728 -0.0045 -0.6346
vn 0.4712 -0.0063 -0.8820
vn 0.0025 0.9999 -0.0104
vn 0.0006 0.9999 -0.0147
vn -0.0001 0.9999 -0.0133
vn 0.9492 0.3146 -0.0000
vn -0.9492 -0.3146 -0.0000
vn 0.1556 -0.9878 -0.0000
vn 0.1556 0.9878 -0.0000
vn -0.0000 -0.9999 0.0140
vn -0.0001 -0.9999 0.0137
vn -0.0000 -0.9999 0.0139
vn -0.0002 -0.9999 0.0141
vn -0.0001 -0.9999 0.0139
vn 0.0038 -0.9999 0.0137
vn 0.0161 -0.9997 0.0171
vn 0.0039 -0.9999 0.0147
vn -0.0093 -0.9999 0.0053
vn 0.0072 -0.9992 0.0400
vn 0.0001 -0.9999 0.0139
vn -0.0038 -0.9999 0.0137
vn -0.0147 -0.9998 0.0152
vn -0.0161 -0.9997 0.0171
vn -0.0171 -0.9997 0.0176
vn -0.0171 -0.9997 0.0175
vn -0.0980 -0.0071 -0.9952
vn -0.0000 0.9999 -0.0139
vn -0.0000 0.9999 -0.0138
vn -0.0001 0.9999 -0.0140
vn 0.0001 0.9999 -0.0136
vn 0.0001 0.9999 -0.0137
vn 0.0008 0.9999 -0.0134
vn 0.0038 0.9999 -0.0137
vn 0.0163 0.9997 -0.0171
vn 0.0187 0.9997 -0.0182
vn -0.0054 1.0000 0.0024
vn 0.0021 0.9995 -0.0327
vn -0.0000 0.9999 -0.0140
vn 0.0001 0.9999 -0.0140
vn -0.0024 0.9999 -0.0129
vn -0.0099 0.9998 -0.0147
vn -0.0001 0.9999 -0.0139
vn -0.0168 0.9997 -0.0173
vn 0.0093 0.9999 -0.0053
vn 1.0000 -0.0000 -0.0065
vn -0.9287 -0.3707 0.0061
vn 0.9744 -0.0112 -0.2245
vn -0.9744 -0.0112 0.2245
vn -0.2928 -0.0112 0.9561
vn 0.6816 -0.0112 0.7316
vn -0.0000 0.6660 0.7460
vn -0.0000 0.6692 0.7431
vn 0.0028 0.6623 0.7493
vn -0.6461 0.6659 -0.3730
vn -0.6476 0.6663 -0.3697
vn -0.6496 0.6667 -0.3654
vn -0.6461 0.6659 0.3730
vn -0.6472 0.6660 0.3709
vn -0.6449 0.6676 0.3720
vn 0.6460 0.6660 0.3730
vn 0.6472 0.6640 0.3746
vn 0.6528 0.6720 0.3498
vn 0.6460 0.6660 -0.3730
vn 0.6436 0.6648 -0.3792
vn 0.6427 0.6690 -0.3734
vn -0.0000 0.6660 -0.7460
vn -0.0000 0.6593 -0.7519
vn -0.0014 0.6612 -0.7502
vn -1.0000 0.0001 -0.0001
vn -1.0000 0.0002 -0.0001
vn -1.0000 -0.0001 -0.0001
vn -1.0000 -0.0002 -0.0001
vn 1.0000 -0.0001 -0.0001
vn 1.0000 -0.0002 -0.0001
vn -1.0000 0.0002 0.0001
vn -1.0000 0.0001 0.0001
vn -1.0000 -0.0000 0.0002
vn 1.0000 0.0002 -0.0001
vn 1.0000 0.0002 -0.0000
vn -1.0000 -0.0000 -0.0002
vn 1.0000 -0.0002 -0.0000
vn -1.0000 -0.0002 0.0001
vn -1.0000 -0.0001 0.0001
vn 1.0000 -0.0002 0.0001
vn 1.0000 -0.0000 0.0002
vn 1.0000 0.0002 0.0001
vn 1.0000 0.0001 0.0002
vn -0.6816 -0.0112 -0.7316
vn 0.8660 -0.0000 -0.5000
vn -0.8660 -0.0000 -0.5000
vn -0.8660 -0.0000 0.5000
vn 0.8660 -0.0000 0.5000
vn 0.2928 -0.0112 -0.9561
vn -0.6816 -0.0112 0.7316
vn -0.4983 -0.0819 0.8631
vn -0.2928 -0.0112 -0.9561
vn -0.4983 -0.0818 -0.8631
vn 0.6816 -0.0112 -0.7316
vn 0.4983 -0.0818 -0.8631
vn 0.9744 -0.0112 0.2245
vn 0.9966 -0.0819 -0.0000
vn -0.9744 -0.0112 -0.2245
vn -0.9966 -0.0819 -0.0000
vn 0.2928 -0.0112 0.9561
vn 0.4983 -0.0818 0.8631
vn 1.0000 -0.0001 0.0001
vn 1.0000 -0.0001 0.0002
vn 1.0000 -0.0000 -0.0002
vn 1.0000 0.0001 -0.0001
vn 1.0000 0.0001 -0.0002
vn 1.0000 0.0001 0.0001
vn 1.0000 -0.0001 -0.0002
vn -0.0000 0.0074 1.0000
vn -0.9999 0.0125 -0.0000
vn 0.9999 0.0125 -0.0000
vn -0.0000 0.0074 -1.0000
vn -0.0266 -0.9996 -0.0000
vn 0.0109 -0.9999 -0.0000
vn 0.0485 -0.9988 -0.0000
vn -0.9998 -0.0222 -0.0000
vn -0.0118 0.9999 -0.0000
vn 0.0250 0.9997 -0.0000
vn -0.0485 0.9988 -0.0000
vn -0.9612 0.2757 -0.0037
vn -0.9587 0.2843 -0.0036
vn -0.9630 0.2696 -0.0000
vn -0.0000 -0.7637 -0.6456
vn 0.0001 -0.6715 -0.7410
vn -0.9985 0.0532 -0.0094
vn -0.9811 0.1934 -0.0014
vn -0.9848 0.1733 -0.0149
vn 0.9811 0.1934 -0.0014
vn 0.9985 0.0532 -0.0094
vn -0.9578 0.2873 -0.0054
vn 0.9578 0.2873 -0.0000
vn -0.9578 0.2873 -0.0000
vn -0.0000 -0.3287 -0.9444
vn -0.0000 -0.4515 -0.8923
vn 0.9747 0.2234 -0.0060
vn 0.9724 0.2331 -0.0118
vn 0.9699 0.2430 -0.0177
vn -0.0000 0.2964 -0.9551
vn -0.0000 -0.6709 -0.7415
vn -0.0000 0.8057 -0.5924
vn 0.9848 0.1733 -0.0149
vn 0.7328 0.6690 0.1244
vn 0.6717 0.7042 0.2299
vn 0.7542 0.6566 -0.0000
vn 0.7328 0.6690 -0.1244
vn 0.6717 0.7042 -0.2299
vn 0.4726 0.8191 -0.3251
vn 0.3649 0.8813 -0.3003
vn 0.5804 0.7569 -0.3003
vn 0.2735 0.9340 -0.2299
vn -0.8002 0.4618 -0.3827
vn -0.8002 0.4618 0.3827
vn 0.2125 0.9692 -0.1244
vn 0.1910 0.9816 -0.0000
vn 0.2125 0.9692 0.1244
vn 0.2735 0.9340 0.2299
vn 0.3649 0.8813 0.3003
vn 0.4726 0.8191 0.3251
vn 0.5804 0.7569 0.3003
vn -0.8271 0.4773 -0.2968
vn 0.8271 -0.4773 0.2968
vn -0.1094 0.0631 0.9920
vn -0.4997 -0.8662 -0.0000
vn 0.2219 -0.1281 -0.9666
vn 0.1094 -0.0631 -0.9920
vn -0.2219 0.1281 0.9666
vn -0.7271 0.4196 -0.5433
vn -0.7271 0.4196 -0.5434
vn 0.7271 -0.4196 0.5433
vn 0.8002 -0.4618 -0.3827
vn 0.0042 0.6602 0.7511
vn -0.0000 0.6660 0.7459
vn -0.0000 0.6710 0.7415
vn -0.6513 0.6671 -0.3615
vn -0.6460 0.6660 -0.3730
vn -0.6484 0.6666 -0.3678
vn -0.6442 0.6685 0.3716
vn -0.6460 0.6660 0.3730
vn -0.6478 0.6660 0.3697
vn 0.6562 0.6748 0.3378
vn 0.6478 0.6629 0.3754
vn 0.6408 0.6705 -0.3738
vn 0.6422 0.6643 -0.3824
vn -0.0022 0.6588 -0.7523
vn -0.0000 0.6660 -0.7459
vn -0.0000 0.6557 -0.7550
vn 0.9770 0.2134 -0.0000
vn 0.2669 -0.9637 -0.0000
vn 0.2669 0.9637 -0.0000
vn 0.4248 -0.0000 -0.9053
vn 0.4248 -0.0000 0.9053
vn -0.5773 -0.5774 -0.5773
vn -0.5774 -0.5773 0.5774
vn -0.0007 -0.7071 0.7071
vn -0.5773 -0.5774 -0.5774
vn 0.6325 -0.6325 0.4472
vn 0.2819 -0.2819 -0.9171
vn 0.2820 -0.2820 -0.9171
vn -0.6325 0.6325 -0.4472
vn -0.2819 0.2819 0.9171
vn 0.2415 -0.2415 0.9399
vn -0.6646 0.6646 0.3415
vn -0.2415 0.2415 -0.9399
vn 0.6646 -0.6646 -0.3415
vn 0.0008 -0.7071 0.7071
vn -0.5773 -0.5774 0.5774
vn 0.5774 -0.5774 -0.5773
vn -0.0000 0.9659 0.2588
vn -0.0000 0.2588 0.9659
vn -0.0000 0.9659 -0.2588
vn -0.0000 0.2588 -0.9659
vn -0.0000 0.9997 -0.0263
vn -0.0000 0.5556 -0.8315
vn -0.0000 0.5556 0.8315
vn -0.0000 0.9996 0.0271
vn -0.2935 0.2935 0.9098
vn -0.7066 0.7066 -0.0393
vn 0.1800 -0.1800 -0.9670
vn 0.7268 0.6566 -0.2018
vn 0.7208 0.6856 -0.1015
vt 0.392537 0.758622
vt 0.291720 0.768847
vt 0.291720 0.758622
vt 0.392537 0.732610
vt 0.291720 0.742835
vt 0.291720 0.732610
vt 0.291720 0.862667
vt 0.392537 0.872892
vt 0.291720 0.872892
vt 0.392537 0.784633
vt 0.291720 0.794858
vt 0.291720 0.784633
vt 0.004109 0.663742
vt 0.493790 0.674512
vt 0.004109 0.674513
vt 0.004109 0.651898
vt 0.493789 0.641126
vt 0.493789 0.651898
vt 0.004109 0.537759
vt 0.493789 0.526988
vt 0.493789 0.537760
vt 0.392537 0.836656
vt 0.291720 0.846881
vt 0.291720 0.836656
vt 0.392537 0.810645
vt 0.291720 0.820869
vt 0.291720 0.810645
vt 0.301302 0.471804
vt 0.277569 0.472260
vt 0.301228 0.467929
vt 0.493790 0.515146
vt 0.004109 0.504372
vt 0.493790 0.504375
vt 0.004109 0.595542
vt 0.493789 0.606314
vt 0.004109 0.606313
vt 0.004109 0.481403
vt 0.493790 0.492177
vt 0.004109 0.492174
vt 0.004109 0.686711
vt 0.493790 0.697482
vt 0.004109 0.697482
vt 0.004109 0.549958
vt 0.493789 0.560730
vt 0.004109 0.560729
vt 0.004109 0.572572
vt 0.493789 0.583344
vt 0.004109 0.583344
vt 0.420326 0.471597
vt 0.396522 0.471638
vt 0.404816 0.464764
vt 0.444129 0.471970
vt 0.420320 0.467710
vt 0.420388 0.467710
vt 0.372717 0.471679
vt 0.388029 0.456329
vt 0.396500 0.459428
vt 0.253836 0.472716
vt 0.254995 0.444777
vt 0.491733 0.472716
vt 0.468369 0.444389
vt 0.468865 0.444363
vt 0.348912 0.471721
vt 0.333620 0.456424
vt 0.347162 0.443733
vt 0.467931 0.472343
vt 0.444320 0.459761
vt 0.452834 0.456781
vt 0.372177 0.443689
vt 0.372668 0.443722
vt 0.325107 0.471763
vt 0.301295 0.467917
vt 0.317254 0.464917
vt 0.165313 0.795121
vt 0.288084 0.787174
vt 0.288084 0.795121
vt 0.165313 0.820827
vt 0.288084 0.812880
vt 0.288084 0.820827
vt 0.288084 0.846533
vt 0.165313 0.838586
vt 0.288084 0.838586
vt 0.165313 0.769414
vt 0.288084 0.761467
vt 0.288084 0.769415
vt 0.165313 0.872239
vt 0.288084 0.864292
vt 0.288084 0.872239
vt 0.165313 0.743708
vt 0.288084 0.735761
vt 0.288084 0.743708
vt 0.392537 0.820869
vt 0.392537 0.768847
vt 0.392537 0.846881
vt 0.392537 0.862667
vt 0.392537 0.794858
vt 0.392537 0.742835
vt 0.291720 0.716824
vt 0.392537 0.716824
vt 0.288084 0.718002
vt 0.165313 0.735761
vt 0.165313 0.718002
vt 0.165313 0.787173
vt 0.165313 0.864292
vt 0.165313 0.846533
vt 0.165313 0.761467
vt 0.165313 0.812880
vt 0.186087 0.946254
vt 0.195229 0.940309
vt 0.202907 0.953608
vt 0.252466 0.946254
vt 0.243325 0.940309
vt 0.252466 0.924328
vt 0.241683 0.945015
vt 0.246393 0.958634
vt 0.237762 0.951806
vt 0.192634 0.914851
vt 0.213994 0.902519
vt 0.215593 0.913407
vt 0.251912 0.949076
vt 0.251912 0.924410
vt 0.004109 0.709326
vt 0.004109 0.618157
vt 0.004109 0.515144
vt 0.004109 0.526988
vt 0.493789 0.628928
vt 0.004109 0.641127
vt 0.004109 0.628928
vt 0.186087 0.924328
vt 0.193188 0.912029
vt 0.202907 0.916974
vt 0.235647 0.953608
vt 0.226377 0.969515
vt 0.226955 0.958626
vt 0.245366 0.958552
vt 0.226377 0.901067
vt 0.245366 0.912029
vt 0.235647 0.916974
vt 0.243325 0.930273
vt 0.226955 0.911955
vt 0.211599 0.958626
vt 0.211599 0.911955
vt 0.212176 0.969515
vt 0.212176 0.901067
vt 0.193188 0.958552
vt 0.195229 0.930273
vt 0.225032 0.970967
vt 0.225032 0.902519
vt 0.246393 0.914851
vt 0.237762 0.921680
vt 0.241682 0.928470
vt 0.223434 0.960078
vt 0.223434 0.913407
vt 0.213994 0.970967
vt 0.215593 0.960078
vt 0.201264 0.921680
vt 0.201264 0.951806
vt 0.192634 0.958634
vt 0.197344 0.928470
vt 0.197344 0.945015
vt 0.187115 0.924410
vt 0.187115 0.949075
vt 0.493790 0.663740
vt 0.493789 0.595542
vt 0.493790 0.481405
vt 0.493790 0.686710
vt 0.493789 0.549958
vt 0.493789 0.572572
vt 0.493790 0.709324
vt 0.493789 0.618156
vt 0.155895 0.173063
vt 0.160594 0.183837
vt 0.155895 0.182902
vt 0.126244 0.153251
vt 0.137017 0.148552
vt 0.136083 0.153251
vt 0.152130 0.191992
vt 0.156113 0.194654
vt 0.106431 0.173063
vt 0.101732 0.183837
vt 0.101732 0.172128
vt 0.117154 0.198949
vt 0.125309 0.207413
vt 0.114492 0.202933
vt 0.110196 0.163973
vt 0.106213 0.161311
vt 0.145172 0.157016
vt 0.156113 0.161311
vt 0.152130 0.163973
vt 0.145172 0.198949
vt 0.147834 0.202933
vt 0.147834 0.153032
vt 0.117154 0.157016
vt 0.114492 0.153032
vt 0.110196 0.191992
vt 0.106213 0.194654
vt 0.137017 0.207413
vt 0.136083 0.202714
vt 0.160594 0.172128
vt 0.125309 0.148552
vt 0.106431 0.182902
vt 0.126244 0.202714
vt 0.065109 0.422735
vt 0.005089 0.404337
vt 0.065109 0.404337
vt 0.069165 0.223033
vt 0.078882 0.228850
vt 0.076601 0.237444
vt 0.065109 0.275545
vt 0.005089 0.257147
vt 0.065109 0.257147
vt 0.005089 0.385938
vt 0.065109 0.385938
vt 0.005089 0.238748
vt 0.065109 0.238748
vt 0.005089 0.367539
vt 0.065109 0.367539
vt 0.065109 0.220349
vt 0.005089 0.220349
vt 0.005089 0.349140
vt 0.065109 0.349140
vt 0.005089 0.201950
vt 0.065109 0.201950
vt 0.005089 0.330742
vt 0.065109 0.330742
vt 0.065109 0.183551
vt 0.005089 0.165153
vt 0.065109 0.165153
vt 0.005089 0.183551
vt 0.065109 0.312343
vt 0.005089 0.312343
vt 0.065109 0.146754
vt 0.005089 0.146754
vt 0.005089 0.293944
vt 0.065109 0.293944
vt 0.005089 0.441134
vt 0.005089 0.422736
vt 0.005089 0.275545
vt 0.092451 0.231988
vt 0.105912 0.228122
vt 0.098203 0.235831
vt 0.102069 0.222370
vt 0.115985 0.223949
vt 0.114636 0.217164
vt 0.126888 0.223949
vt 0.128238 0.217164
vt 0.136961 0.228122
vt 0.140805 0.222370
vt 0.144671 0.235831
vt 0.150423 0.231988
vt 0.148843 0.245904
vt 0.155629 0.244555
vt 0.148843 0.256807
vt 0.150423 0.270724
vt 0.155629 0.258157
vt 0.140805 0.280342
vt 0.144671 0.266880
vt 0.128238 0.285548
vt 0.136961 0.274590
vt 0.114636 0.285548
vt 0.126888 0.278762
vt 0.102069 0.280342
vt 0.115985 0.278762
vt 0.092451 0.270724
vt 0.105912 0.274590
vt 0.087245 0.258157
vt 0.098203 0.266880
vt 0.087245 0.244555
vt 0.094030 0.256807
vt 0.094030 0.245904
vt 0.072517 0.356599
vt 0.082846 0.361387
vt 0.081476 0.370220
vt 0.069343 0.256321
vt 0.071036 0.255772
vt 0.070870 0.256310
vt 0.077810 0.406516
vt 0.076216 0.389861
vt 0.077744 0.389714
vt 0.081111 0.372670
vt 0.077851 0.389132
vt 0.075382 0.270976
vt 0.075977 0.272919
vt 0.079480 0.423165
vt 0.084560 0.405666
vt 0.088581 0.416250
vt 0.069082 0.289787
vt 0.078861 0.283868
vt 0.084598 0.289151
vt 0.072759 0.156585
vt 0.093745 0.167033
vt 0.097844 0.174628
vt 0.069244 0.306520
vt 0.091168 0.298013
vt 0.071168 0.173154
vt 0.099039 0.181551
vt 0.100535 0.191410
vt 0.069844 0.323242
vt 0.096069 0.305172
vt 0.097997 0.311967
vt 0.070012 0.189758
vt 0.098664 0.197976
vt 0.096049 0.207804
vt 0.070961 0.339938
vt 0.100535 0.321666
vt 0.099359 0.328428
vt 0.069370 0.206390
vt 0.089136 0.217216
vt 0.084596 0.223706
vt 0.097784 0.338530
vt 0.091868 0.348671
vt 0.196142 0.175568
vt 0.164234 0.155566
vt 0.196143 0.155566
vt 0.114432 0.319400
vt 0.164234 0.355584
vt 0.133454 0.377947
vt 0.196143 0.235573
vt 0.164234 0.215571
vt 0.196143 0.215571
vt 0.196143 0.295579
vt 0.180188 0.275577
vt 0.196143 0.275577
vt 0.196143 0.355584
vt 0.164234 0.335582
vt 0.196143 0.335582
vt 0.196143 0.195570
vt 0.164234 0.195570
vt 0.196143 0.255575
vt 0.164234 0.255575
vt 0.196143 0.315581
vt 0.164234 0.315581
vt 0.164234 0.175568
vt 0.164234 0.235573
vt 0.180188 0.295579
vt 0.200912 0.003544
vt 0.181279 0.142712
vt 0.181279 0.003544
vt 0.024216 0.142712
vt 0.004584 0.003544
vt 0.024216 0.003544
vt 0.043849 0.142712
vt 0.043849 0.003544
vt 0.063482 0.142712
vt 0.063482 0.003544
vt 0.083115 0.142712
vt 0.083115 0.003544
vt 0.102748 0.142712
vt 0.102748 0.003544
vt 0.122381 0.142712
vt 0.122381 0.003544
vt 0.142013 0.142712
vt 0.142013 0.003544
vt 0.161646 0.142712
vt 0.161646 0.003544
vt 0.164234 0.275577
vt 0.164234 0.295579
vt 0.169251 0.290562
vt 0.169251 0.280593
vt 0.175172 0.280593
vt 0.175172 0.290562
vt 0.665727 0.005684
vt 0.611350 0.091520
vt 0.611350 0.005684
vt 0.918102 0.331582
vt 0.678715 0.342299
vt 0.693452 0.262047
vt 0.897260 0.091520
vt 0.693452 0.005684
vt 0.897260 0.005684
vt 0.672611 0.106677
vt 0.911997 0.095960
vt 0.897260 0.176212
vt 0.979363 0.091520
vt 0.924986 0.005684
vt 0.979363 0.005684
vt 0.912652 0.262047
vt 0.897260 0.262047
vt 0.991697 0.091520
vt 0.991697 0.005684
vt 0.912652 0.091520
vt 0.912652 0.005684
vt 0.924986 0.091520
vt 0.678061 0.176211
vt 0.693452 0.176211
vt 0.599016 0.005684
vt 0.599016 0.091520
vt 0.678061 0.091520
vt 0.678061 0.005684
vt 0.258875 0.357840
vt 0.285331 0.408386
vt 0.258875 0.408386
vt 0.285331 0.357840
vt 0.311786 0.408386
vt 0.311786 0.357840
vt 0.338242 0.408386
vt 0.338242 0.357840
vt 0.364697 0.408386
vt 0.364697 0.357840
vt 0.391153 0.408386
vt 0.391153 0.357840
vt 0.417608 0.408386
vt 0.444064 0.357840
vt 0.444064 0.408386
vt 0.470519 0.357840
vt 0.470519 0.408386
vt 0.496975 0.408386
vt 0.523431 0.357839
vt 0.523431 0.408386
vt 0.924365 0.100143
vt 0.955999 0.121907
vt 0.924365 0.121907
vt 0.205964 0.357839
vt 0.232419 0.408386
vt 0.205964 0.408386
vt 0.232420 0.357840
vt 0.883271 0.568775
vt 0.921231 0.492855
vt 0.921231 0.568775
vt 0.883271 0.492855
vt 0.921231 0.442241
vt 0.883271 0.619389
vt 0.921231 0.619389
vt 0.832657 0.568775
vt 0.832657 0.492855
vt 0.984498 0.492855
vt 0.959192 0.442241
vt 0.959192 0.619389
vt 0.589823 0.263610
vt 0.559994 0.263709
vt 0.570975 0.252729
vt 0.615606 0.278610
vt 0.585804 0.278610
vt 0.630434 0.252728
vt 0.611586 0.263610
vt 0.656316 0.237900
vt 0.641415 0.263709
vt 0.641316 0.212117
vt 0.641316 0.233880
vt 0.630434 0.193269
vt 0.656316 0.208098
vt 0.615605 0.167388
vt 0.641415 0.182288
vt 0.589823 0.182388
vt 0.611586 0.182388
vt 0.570975 0.193269
vt 0.585803 0.167388
vt 0.545093 0.208098
vt 0.559994 0.182289
vt 0.560093 0.212117
vt 0.545093 0.237900
vt 0.560093 0.233881
vt 0.924365 0.143670
vt 0.955999 0.165434
vt 0.924365 0.165434
vt 0.924365 0.296015
vt 0.955999 0.317778
vt 0.924365 0.317778
vt 0.924365 0.230724
vt 0.955999 0.252488
vt 0.924365 0.252488
vt 0.955999 0.143670
vt 0.955999 0.187197
vt 0.924365 0.187197
vt 0.955999 0.339542
vt 0.924365 0.339542
vt 0.955999 0.274251
vt 0.924365 0.274251
vt 0.955998 0.208961
vt 0.924365 0.208961
vt 0.955999 0.361305
vt 0.924365 0.361305
vt 0.955999 0.296015
vt 0.955998 0.230724
vt 0.541738 0.087194
vt 0.588977 0.039021
vt 0.588977 0.087194
vt 0.541738 0.039021
vt 0.588977 -0.000747
vt 0.541572 0.087669
vt 0.588812 0.039497
vt 0.588812 0.087669
vt 0.541572 0.127438
vt 0.541572 0.039497
vt 0.588812 -0.000272
vt 0.541738 0.126962
vt 0.466339 0.122937
vt 0.408615 0.105003
vt 0.421944 0.097306
vt 0.524066 0.105004
vt 0.466340 0.138329
vt 0.408617 0.038349
vt 0.421947 0.046045
vt 0.510736 0.097309
vt 0.524066 0.038350
vt 0.315163 0.413381
vt 0.242367 0.346737
vt 0.315163 0.346737
vt 0.315163 0.146804
vt 0.242367 0.080160
vt 0.315163 0.080160
vt 0.315163 0.280093
vt 0.242367 0.213449
vt 0.315163 0.213449
vt 0.315163 0.013516
vt 0.242367 0.013516
vt 0.242367 0.280093
vt 0.242367 0.146804
vt 0.466342 0.020415
vt 0.466342 0.005023
vt 0.468574 0.380887
vt 0.395853 0.506845
vt 0.323131 0.380887
vt 0.510737 0.046047
vt 0.486496 0.626068
vt 0.480132 0.990685
vt 0.480132 0.626068
vt 0.511954 0.626046
vt 0.505589 0.990662
vt 0.505589 0.626045
vt 0.499225 0.626057
vt 0.492861 0.990673
vt 0.492861 0.626056
vt 0.448311 0.626102
vt 0.441946 0.990718
vt 0.441946 0.626102
vt 0.473768 0.626079
vt 0.467403 0.990696
vt 0.467403 0.626079
vt 0.435582 0.626113
vt 0.429218 0.990730
vt 0.429218 0.626113
vt 0.564851 0.531597
vt 0.586265 0.498749
vt 0.619113 0.520163
vt 0.461039 0.626091
vt 0.454675 0.990707
vt 0.454675 0.626090
vt 0.486496 0.990685
vt 0.422853 0.626124
vt 0.410125 0.626136
vt 0.416489 0.990741
vt 0.410125 0.990752
vt 0.448311 0.990719
vt 0.473768 0.990696
vt 0.416489 0.626124
vt 0.915487 0.899106
vt 0.892992 0.933611
vt 0.892992 0.899106
vt 0.627008 0.983904
vt 0.643537 0.961354
vt 0.643537 0.983904
vt 0.853659 0.756442
vt 0.886387 0.610523
vt 0.886387 0.756442
vt 0.627008 0.812597
vt 0.599461 0.944825
vt 0.599461 0.812597
vt 0.599461 0.983904
vt 0.993561 0.963618
vt 0.937487 0.992622
vt 0.908483 0.963618
vt 0.853659 0.802644
vt 0.886387 0.802644
vt 0.937487 0.895376
vt 0.892992 0.833419
vt 0.915487 0.833419
vt 0.993561 0.754224
vt 0.936037 0.754224
vt 0.853659 0.898209
vt 0.886387 0.898209
vt 0.827353 0.685157
vt 0.800838 0.705866
vt 0.800838 0.685157
vt 0.827352 0.653605
vt 0.685377 0.368814
vt 0.710421 0.336258
vt 0.710421 0.368814
vt 0.915487 0.768185
vt 0.936037 0.614039
vt 0.993561 0.614039
vt 0.853659 0.993119
vt 0.723619 0.653605
vt 0.736877 0.642999
vt 0.736877 0.653605
vt 0.745612 0.716520
vt 0.742506 0.695763
vt 0.753112 0.685157
vt 0.723619 0.685157
vt 0.736877 0.685157
vt 0.744994 0.653605
vt 0.753112 0.653605
vt 0.744994 0.685157
vt 0.715502 0.653605
vt 0.715502 0.685157
vt 0.707385 0.653605
vt 0.800838 0.653605
vt 0.772599 0.339192
vt 0.775533 0.358797
vt 0.765516 0.368814
vt 0.744994 0.642999
vt 0.720438 0.368814
vt 0.715502 0.642999
vt 0.753112 0.642999
vt 0.659658 0.653605
vt 0.707385 0.642999
vt 0.723619 0.642999
vt 0.800838 0.642999
vt 0.650383 0.944825
vt 0.627008 0.944825
vt 0.906023 0.756442
vt 0.682339 0.812597
vt 0.672934 0.944825
vt 0.599461 0.997205
vt 0.627008 0.997205
vt 0.643537 0.997205
vt 0.659658 0.685157
vt 0.827353 0.727077
vt 0.827353 0.705866
vt 0.784929 0.727077
vt 0.800838 0.727077
vt 0.800838 0.742986
vt 0.827353 0.742986
vt 0.892034 0.768185
vt 0.914528 0.802690
vt 0.892034 0.802690
vt 0.654861 0.984488
vt 0.638333 0.961938
vt 0.654861 0.945409
vt 0.852935 0.610850
vt 0.885662 0.756769
vt 0.852935 0.756769
vt 0.682409 0.945409
vt 0.654861 0.813180
vt 0.682409 0.813180
vt 0.682409 0.984488
vt 0.937269 0.613896
vt 0.993343 0.642900
vt 0.908266 0.642900
vt 0.885662 0.802971
vt 0.852935 0.802971
vt 0.937269 0.711142
vt 0.993343 0.711142
vt 0.892034 0.868377
vt 0.914528 0.868377
vt 0.993343 0.852294
vt 0.935819 0.852294
vt 0.885662 0.898535
vt 0.852935 0.898535
vt 0.780109 0.836908
vt 0.800818 0.810393
vt 0.800818 0.836908
vt 0.832370 0.810393
vt 0.710536 0.368483
vt 0.685492 0.335927
vt 0.710536 0.335927
vt 0.914528 0.933611
vt 0.935819 0.992479
vt 0.885662 0.993445
vt 0.842976 0.900869
vt 0.832370 0.914127
vt 0.832370 0.900869
vt 0.790212 0.895240
vt 0.769455 0.892134
vt 0.766349 0.836908
vt 0.800818 0.914127
vt 0.832370 0.892752
vt 0.800818 0.884634
vt 0.832370 0.884634
vt 0.800818 0.892752
vt 0.832370 0.922244
vt 0.832370 0.930361
vt 0.800817 0.922244
vt 0.832370 0.836908
vt 0.775648 0.345944
vt 0.772714 0.365549
vt 0.720553 0.368483
vt 0.842976 0.892752
vt 0.720553 0.335927
vt 0.842976 0.922244
vt 0.842976 0.884634
vt 0.842976 0.930361
vt 0.832370 0.978088
vt 0.842976 0.914127
vt 0.842976 0.836908
vt 0.631486 0.945409
vt 0.833298 0.756769
vt 0.599531 0.936004
vt 0.599531 0.813180
vt 0.682409 0.997789
vt 0.654861 0.997789
vt 0.638333 0.984488
vt 0.638333 0.997789
vt 0.800817 0.978088
vt 0.758897 0.810393
vt 0.758897 0.836908
vt 0.758897 0.852817
vt 0.793366 0.852817
vt 0.742988 0.836908
vt 0.742988 0.810393
vt 0.391310 0.910403
vt 0.354254 0.987590
vt 0.346175 0.907063
vt 0.470647 0.909563
vt 0.392204 0.994918
vt 0.837308 0.139058
vt 0.800775 0.057390
vt 0.837308 0.001534
vt 0.892731 0.669393
vt 0.813291 0.722828
vt 0.807900 0.659726
vt 0.908246 0.926509
vt 0.972668 0.988069
vt 0.908246 0.988069
vt 0.604479 0.528444
vt 0.695349 0.540291
vt 0.600238 0.545692
vt 0.693094 0.560009
vt 0.595616 0.565545
vt 0.691351 0.579698
vt 0.591867 0.585348
vt 0.690555 0.599334
vt 0.589730 0.605059
vt 0.690995 0.618899
vt 0.589699 0.624651
vt 0.591948 0.644114
vt 0.692773 0.638388
vt 0.596303 0.663456
vt 0.695787 0.657807
vt 0.598466 0.670437
vt 0.697223 0.664829
vt 0.972668 0.900864
vt 0.972668 0.926509
vt 0.491709 0.989673
vt 0.471541 0.994078
vt 0.122729 0.877190
vt 0.166807 0.785207
vt 0.166807 0.877190
vt 0.864167 0.926509
vt 0.864167 0.988069
vt 0.033102 0.872462
vt 0.097524 0.780480
vt 0.097524 0.872462
vt 0.122729 0.785207
vt 0.007897 0.785207
vt 0.007897 0.877190
vt 0.478816 0.715652
vt 0.627495 0.697245
vt 0.627445 0.715285
vt 0.296707 0.149042
vt 0.383974 0.092318
vt 0.383974 0.149042
vt 0.296707 0.092318
vt 0.198531 0.005051
vt 0.296707 0.005051
vt 0.296707 0.205765
vt 0.198531 0.149042
vt 0.296707 0.286488
vt 0.198531 0.205765
vt 0.296707 0.345393
vt 0.198531 0.286488
vt 0.296707 0.480657
vt 0.198531 0.413025
vt 0.296707 0.413025
vt 0.383974 0.480657
vt 0.482150 0.512292
vt 0.383974 0.512292
vt 0.383974 0.345393
vt 0.383974 0.413025
vt 0.383974 0.286488
vt 0.383974 0.205766
vt 0.198531 0.092318
vt 0.198531 0.600142
vt 0.296707 0.572346
vt 0.296707 0.600142
vt 0.349067 0.555925
vt 0.198531 0.480657
vt 0.013088 0.092318
vt 0.100356 0.149042
vt 0.013088 0.149042
vt 0.980486 0.820928
vt 0.994048 0.902303
vt 0.980486 0.902303
vt 0.100356 0.092318
vt 0.100356 0.005051
vt 0.100356 0.205765
vt 0.100356 0.286488
vt 0.100356 0.345393
vt 0.100355 0.480657
vt 0.100355 0.413025
vt 0.580325 0.480657
vt 0.580325 0.512292
vt 0.013088 0.413025
vt 0.056721 0.412263
vt 0.013088 0.286488
vt 0.013088 0.345393
vt 0.013088 0.205765
vt 0.837625 0.500712
vt 0.799650 0.415268
vt 0.837625 0.415268
vt 0.023312 0.543145
vt 0.013088 0.512292
vt 0.149443 0.572346
vt 0.100355 0.572346
vt 0.198531 0.632645
vt 0.100355 0.632645
vt 0.416699 0.148686
vt 0.482150 0.092318
vt 0.482150 0.148686
vt 0.416699 0.205766
vt 0.416699 0.286488
vt 0.416699 0.345393
vt 0.416699 0.447932
vt 0.416699 0.396663
vt 0.482150 0.480657
vt 0.547600 0.148686
vt 0.580325 0.092318
vt 0.547600 0.205766
vt 0.580325 0.149042
vt 0.580325 0.205766
vt 0.580325 0.286488
vt 0.547600 0.286488
vt 0.580325 0.345393
vt 0.547600 0.345393
vt 0.547600 0.396663
vt 0.580325 0.413025
vt 0.547600 0.447932
vt 0.482150 0.447932
vt 0.433026 0.213139
vt 0.481851 0.213139
vt 0.530677 0.251385
vt 0.994048 0.983678
vt 0.980486 0.983678
vt 0.424889 0.393792
vt 0.433027 0.436372
vt 0.424889 0.436372
vt 0.538814 0.436372
vt 0.530676 0.393792
vt 0.538814 0.393792
vt 0.424889 0.333574
vt 0.433026 0.393792
vt 0.530676 0.333574
vt 0.538814 0.333574
vt 0.424889 0.289632
vt 0.433026 0.333574
vt 0.530677 0.289632
vt 0.538814 0.289632
vt 0.424889 0.213139
vt 0.433026 0.251385
vt 0.424889 0.251385
vt 0.538814 0.251385
vt 0.481851 0.205002
vt 0.433026 0.205002
vt 0.530677 0.205002
vt 0.530677 0.213139
vt 0.538814 0.213139
vt 0.433026 0.289632
vt 0.433026 0.436372
vt 0.013088 0.480657
vt 0.198531 0.345393
vt 0.100356 0.361756
vt 0.198531 0.396663
vt 0.424802 0.886410
vt 0.464277 0.886410
vt 0.455337 0.895350
vt 0.503752 0.856240
vt 0.494812 0.895350
vt 0.385326 0.886410
vt 0.424802 0.826071
vt 0.415862 0.895350
vt 0.464277 0.786596
vt 0.503752 0.826071
vt 0.464277 0.826071
vt 0.345851 0.886410
vt 0.376386 0.895350
vt 0.662199 0.966832
vt 0.680356 0.966832
vt 0.671278 0.982557
vt 0.613029 0.966832
vt 0.631186 0.966832
vt 0.622107 0.982557
vt 0.563858 0.966832
vt 0.582015 0.966833
vt 0.572937 0.982557
vt 0.514688 0.966833
vt 0.532845 0.966832
vt 0.523766 0.982557
vt 0.464277 0.856240
vt 0.345851 0.856240
vt 0.385326 0.826071
vt 0.815814 0.940444
vt 0.763091 0.961059
vt 0.763091 0.940444
vt 0.810277 0.994344
vt 0.763091 0.988807
vt 0.815814 0.961059
vt 0.768317 0.219865
vt 0.744250 0.213401
vt 0.750715 0.158314
vt 0.742476 0.988807
vt 0.757553 0.994344
vt 0.777890 0.418041
vt 0.754042 0.427535
vt 0.754042 0.418041
vt 0.149443 0.600142
vt 0.790157 0.367800
vt 0.741775 0.405775
vt 0.741775 0.367800
vt 0.741775 0.548181
vt 0.790157 0.510206
vt 0.790157 0.548181
vt 0.694306 0.415268
vt 0.732282 0.500712
vt 0.694306 0.500712
vt 0.836429 0.988806
vt 0.821351 0.994344
vt 0.051925 0.701531
vt 0.069241 0.708806
vt 0.062141 0.711747
vt 0.062141 0.740588
vt 0.054866 0.757903
vt 0.051925 0.750803
vt 0.012868 0.740588
vt 0.020143 0.757903
vt 0.005768 0.743529
vt 0.023084 0.701531
vt 0.005768 0.708805
vt 0.020143 0.694431
vt 0.054866 0.694431
vt 0.069241 0.743529
vt 0.023084 0.750803
vt 0.012868 0.711746
vt 0.744548 0.488445
vt 0.732282 0.415268
vt 0.744548 0.427535
vt 0.787384 0.488445
vt 0.799650 0.500712
vt 0.790157 0.405775
vt 0.777890 0.497939
vt 0.741775 0.510206
vt 0.754042 0.497939
vt 0.754042 0.488445
vt 0.777890 0.488445
vt 0.777890 0.427535
vt 0.787384 0.427535
vt 0.085764 0.014738
vt 0.076632 0.047932
vt 0.054516 0.039971
vt 0.888628 0.532791
vt 0.905351 0.476252
vt 0.905351 0.532791
vt 0.345735 0.676943
vt 0.361767 0.642446
vt 0.362175 0.676748
vt 0.871906 0.476252
vt 0.888628 0.476252
vt 0.378614 0.676552
vt 0.378206 0.642250
vt 0.854555 0.532791
vt 0.871906 0.532791
vt 0.184358 0.688194
vt 0.099498 0.679872
vt 0.197782 0.678703
vt 0.533212 0.193759
vt 0.523167 0.161026
vt 0.533212 0.161026
vt 0.376586 0.582683
vt 0.460879 0.569833
vt 0.461137 0.579324
vt 0.523167 0.193759
vt 0.513485 0.161026
vt 0.170689 0.718359
vt 0.100123 0.703568
vt 0.174518 0.702128
vt 0.213813 0.644205
vt 0.214221 0.678507
vt 0.503804 0.161026
vt 0.494123 0.193759
vt 0.494123 0.161026
vt 0.230253 0.644010
vt 0.230661 0.678312
vt 0.484441 0.161026
vt 0.246692 0.643814
vt 0.247100 0.678117
vt 0.484441 0.193759
vt 0.474760 0.161026
vt 0.263539 0.677921
vt 0.263131 0.643619
vt 0.474760 0.193759
vt 0.465078 0.161026
vt 0.279571 0.643423
vt 0.279978 0.677725
vt 0.455397 0.193759
vt 0.455397 0.161026
vt 0.296010 0.643228
vt 0.296418 0.677530
vt 0.445715 0.193759
vt 0.312857 0.677334
vt 0.312449 0.643032
vt 0.020014 0.685762
vt 0.019128 0.634840
vt 0.062707 0.643508
vt 0.436034 0.161026
vt 0.445715 0.161026
vt 0.329296 0.677139
vt 0.328888 0.642837
vt 0.595360 0.341931
vt 0.623385 0.411622
vt 0.595352 0.415782
vt 0.345327 0.642641
vt 0.243926 0.686624
vt 0.245496 0.746192
vt 0.317020 0.584303
vt 0.011122 0.614799
vt 0.054702 0.571220
vt 0.063370 0.614799
vt 0.387157 0.596071
vt 0.461523 0.593529
vt 0.391850 0.612074
vt 0.461979 0.610284
vt 0.463229 0.675546
vt 0.101006 0.737080
vt 0.100564 0.720324
vt 0.099748 0.689363
vt 0.388034 0.628308
vt 0.462820 0.641244
vt 0.462434 0.627039
vt 0.175368 0.734366
vt 0.101380 0.751284
vt 0.513486 0.193759
vt 0.503804 0.193759
vt 0.587131 0.415722
vt 0.587148 0.340253
vt 0.623393 0.337771
vt 0.631606 0.411563
vt 0.659652 0.340169
vt 0.631606 0.336094
vt 0.099090 0.645569
vt 0.197374 0.644401
vt 0.133057 0.903186
vt 0.153401 0.987274
vt 0.133057 0.987274
vt 0.010995 0.987274
vt 0.010995 0.903186
vt 0.795126 0.030185
vt 0.779041 0.007122
vt 0.770311 0.001534
vt 0.801525 0.139058
vt 0.795126 0.084595
vt 0.705491 0.139058
vt 0.726571 0.128479
vt 0.754968 0.123068
vt 0.779041 0.107658
vt 0.701970 0.123065
vt 0.900025 0.605386
vt 0.815194 0.595718
vt 0.530677 0.436372
vt 0.155728 0.259891
vt 0.011634 0.287151
vt 0.011635 0.259891
vt 0.155728 0.287150
vt 0.011635 0.314410
vt 0.155728 0.314410
vt 0.011635 0.341669
vt 0.155728 0.368929
vt 0.011635 0.368929
vt 0.011635 0.396188
vt 0.155728 0.423447
vt 0.011635 0.423447
vt 0.155728 0.450707
vt 0.011635 0.450707
vt 0.155728 0.014557
vt 0.011635 0.041816
vt 0.011635 0.014556
vt 0.155728 0.041816
vt 0.011635 0.069076
vt 0.155728 0.096335
vt 0.011635 0.096335
vt 0.011635 0.123594
vt 0.155728 0.123594
vt 0.011635 0.150854
vt 0.155728 0.150854
vt 0.011634 0.178113
vt 0.155728 0.205372
vt 0.011635 0.205372
vt 0.120784 0.707421
vt 0.075041 0.775880
vt 0.006583 0.730138
vt 0.011634 0.232632
vt 0.054419 0.596423
vt 0.063324 0.641192
vt 0.018555 0.650097
vt 0.645962 0.300180
vt 0.677706 0.273478
vt 0.677706 0.300180
vt 0.677706 0.246777
vt 0.645962 0.220075
vt 0.677706 0.220075
vt 0.645961 0.193374
vt 0.677706 0.193374
vt 0.645961 0.620598
vt 0.677706 0.593896
vt 0.677706 0.620598
vt 0.645962 0.593896
vt 0.677706 0.567195
vt 0.841181 0.540493
vt 0.817412 0.567195
vt 0.817412 0.540493
vt 0.677706 0.460389
vt 0.645962 0.433687
vt 0.677706 0.433687
vt 0.645962 0.567195
vt 0.645962 0.540493
vt 0.645962 0.326881
vt 0.677706 0.326881
vt 0.444899 0.504076
vt 0.509510 0.491224
vt 0.522362 0.555835
vt 0.645962 0.273478
vt 0.645962 0.246777
vt 0.444899 0.555835
vt 0.451694 0.577752
vt 0.435834 0.561892
vt 0.427251 0.541170
vt 0.437943 0.539043
vt 0.427251 0.518741
vt 0.437943 0.520868
vt 0.457751 0.491224
vt 0.435834 0.498019
vt 0.451694 0.482159
vt 0.472416 0.473576
vt 0.474543 0.484268
vt 0.492718 0.484268
vt 0.494845 0.473576
vt 0.531427 0.498019
vt 0.522362 0.504076
vt 0.529317 0.520868
vt 0.540010 0.518741
vt 0.529317 0.539043
vt 0.540010 0.541170
vt 0.509510 0.568687
vt 0.531427 0.561892
vt 0.515567 0.577752
vt 0.492718 0.575642
vt 0.494845 0.586335
vt 0.472416 0.586335
vt 0.474543 0.575642
vt 0.677706 0.353583
vt 0.677706 0.380284
vt 0.645962 0.353583
vt 0.677706 0.487090
vt 0.645962 0.513792
vt 0.645962 0.487090
vt 0.645962 0.406986
vt 0.677706 0.406986
vt 0.645962 0.380284
vt 0.645962 0.460389
vt 0.677706 0.513792
vt 0.677706 0.540493
vt 0.841181 0.513792
vt 0.817412 0.513792
vt 0.841181 0.460389
vt 0.817412 0.487090
vt 0.817412 0.460389
vt 0.841181 0.380284
vt 0.817413 0.406986
vt 0.817412 0.380284
vt 0.841181 0.433687
vt 0.841181 0.406986
vt 0.841181 0.487090
vt 0.817412 0.353583
vt 0.841181 0.353583
vt 0.817412 0.326881
vt 0.841181 0.326881
vt 0.841181 0.273478
vt 0.817412 0.246777
vt 0.841181 0.246777
vt 0.817412 0.300180
vt 0.841181 0.300180
vt 0.817412 0.433687
vt 0.817412 0.593896
vt 0.841181 0.567195
vt 0.841181 0.593896
vt 0.817412 0.620598
vt 0.841181 0.620598
vt 0.841181 0.220075
vt 0.817412 0.193374
vt 0.841181 0.193374
vt 0.817412 0.220075
vt 0.817412 0.273478
vt 0.712632 0.540493
vt 0.747559 0.513792
vt 0.712632 0.513792
vt 0.747559 0.593896
vt 0.847814 0.400649
vt 0.878367 0.358739
vt 0.878364 0.400651
vt 0.878368 0.328188
vt 0.910408 0.358741
vt 0.712632 0.593896
vt 0.910406 0.400653
vt 0.909701 0.402017
vt 0.877662 0.360103
vt 0.909704 0.360105
vt 0.940252 0.402019
vt 0.940254 0.360107
vt 0.877658 0.432566
vt 0.909699 0.432568
vt 0.940957 0.400654
vt 0.940959 0.358742
vt 0.878363 0.431201
vt 0.910405 0.431203
vt 0.909705 0.329554
vt 0.877664 0.329552
vt 0.847111 0.360101
vt 0.877659 0.402015
vt 0.847109 0.402013
vt 0.579990 0.333555
vt 0.600674 0.346618
vt 0.597961 0.365454
vt 0.645962 0.342738
vt 0.645962 0.328325
vt 0.645962 0.377955
vt 0.645962 0.322639
vt 0.536160 0.045764
vt 0.538589 0.051381
vt 0.542852 0.045764
vt 0.528086 0.040549
vt 0.527436 0.041199
vt 0.528737 0.041199
vt 0.532932 0.044427
vt 0.541557 0.044058
vt 0.536160 0.052664
vt 0.532666 0.045764
vt 0.532666 0.053031
vt 0.532267 0.045764
vt 0.529173 0.049924
vt 0.634037 0.381913
vt 0.638059 0.391624
vt 0.638059 0.420462
vt 0.627024 0.447104
vt 0.606632 0.467496
vt 0.579990 0.478531
vt 0.551152 0.478531
vt 0.524510 0.467496
vt 0.504119 0.447104
vt 0.493083 0.420462
vt 0.493083 0.391624
vt 0.504119 0.364982
vt 0.524510 0.344590
vt 0.551152 0.333555
vt 0.602400 0.342837
vt 0.277344 0.460533
vt 0.285254 0.465272
vt 0.435931 0.464981
vt 0.268761 0.457147
vt 0.253197 0.439491
vt 0.492255 0.439395
vt 0.325086 0.460000
vt 0.348854 0.438394
vt 0.075984 0.239829
vt 0.069218 0.239677
vt 0.065109 0.441134
vt 0.074331 0.373234
vt 0.088016 0.355640
vt 0.070878 0.256337
vt 0.083763 0.403796
vt 0.077741 0.389688
vt 0.069175 0.273054
vt 0.090610 0.417712
vt 0.094841 0.420899
vt 0.080726 0.285536
vt 0.088173 0.157580
vt 0.114432 0.371766
vt 0.102675 0.355584
vt 0.102675 0.335582
vt 0.133455 0.313220
vt 0.152477 0.319400
vt 0.152477 0.371766
vt 0.200912 0.142712
vt 0.004584 0.142712
vt 0.665727 0.091520
vt 0.911997 0.266487
vt 0.918102 0.277205
vt 0.911997 0.342299
vt 0.897260 0.346739
vt 0.693452 0.346739
vt 0.672611 0.331581
vt 0.672611 0.277204
vt 0.678715 0.266487
vt 0.693452 0.091520
vt 0.678715 0.171772
vt 0.672611 0.161054
vt 0.678715 0.095960
vt 0.918102 0.106677
vt 0.918102 0.161054
vt 0.911997 0.171772
vt 0.912652 0.176212
vt 0.678061 0.262047
vt 0.417608 0.357840
vt 0.496975 0.357839
vt 0.955999 0.100143
vt 0.883271 0.442241
vt 0.984499 0.568775
vt 0.541738 -0.000747
vt 0.588812 0.127438
vt 0.541572 -0.000272
vt 0.588977 0.126962
vt 0.242367 0.413381
vt 0.395853 0.338902
vt 0.468574 0.464859
vt 0.323131 0.464859
vt 0.511954 0.990662
vt 0.499225 0.990674
vt 0.435582 0.990730
vt 0.619113 0.531597
vt 0.615209 0.541022
vt 0.607124 0.549107
vt 0.597699 0.553011
vt 0.586265 0.553011
vt 0.576840 0.549107
vt 0.568755 0.541022
vt 0.564851 0.520163
vt 0.568755 0.510739
vt 0.576840 0.502653
vt 0.597699 0.498749
vt 0.607123 0.502653
vt 0.615209 0.510738
vt 0.461039 0.990707
vt 0.422853 0.990741
vt 0.915487 0.933611
vt 0.853659 0.610523
vt 0.993561 0.992622
vt 0.993561 0.895376
vt 0.685377 0.336258
vt 0.892992 0.768185
vt 0.886387 0.993119
vt 0.800838 0.719626
vt 0.753112 0.719626
vt 0.742506 0.709020
vt 0.745612 0.688263
vt 0.707385 0.685157
vt 0.720438 0.336258
vt 0.765516 0.336258
vt 0.775533 0.346275
vt 0.772599 0.365880
vt 0.659658 0.642999
vt 0.650383 0.812597
vt 0.906023 0.610523
vt 0.682339 0.935421
vt 0.784929 0.692608
vt 0.914528 0.768185
vt 0.885662 0.610850
vt 0.993343 0.613896
vt 0.780109 0.810393
vt 0.685492 0.368483
vt 0.892034 0.933611
vt 0.993343 0.992479
vt 0.852935 0.993445
vt 0.797711 0.892134
vt 0.776954 0.895240
vt 0.766348 0.884634
vt 0.800818 0.900869
vt 0.800817 0.930361
vt 0.765631 0.335927
vt 0.772714 0.338861
vt 0.775648 0.358466
vt 0.765631 0.368483
vt 0.842976 0.978088
vt 0.631486 0.813180
vt 0.833298 0.610850
vt 0.608936 0.945409
vt 0.905016 0.729715
vt 0.697223 0.523178
vt 0.908246 0.900864
vt 0.497078 0.907063
vt 0.033102 0.780480
vt 0.477228 0.697245
vt 0.198531 0.572346
vt 0.373750 0.543145
vt 0.994048 0.820928
vt 0.012362 0.371406
vt 0.055995 0.370644
vt 0.047995 0.555925
vt 0.100355 0.600142
vt 0.296707 0.632645
vt 0.530676 0.436372
vt 0.198531 0.361756
vt 0.100355 0.396662
vt 0.433742 0.895350
vt 0.473217 0.895350
vt 0.503752 0.886410
vt 0.394266 0.895350
vt 0.503752 0.786596
vt 0.354791 0.895350
vt 0.345851 0.826071
vt 0.815814 0.988806
vt 0.768628 0.994344
vt 0.768317 0.158314
vt 0.750715 0.219865
vt 0.744250 0.164779
vt 0.748013 0.994344
vt 0.742476 0.961059
vt 0.836429 0.961059
vt 0.830891 0.994344
vt 0.054516 0.016412
vt 0.063649 0.006777
vt 0.076632 0.006081
vt 0.085764 0.038297
vt 0.063649 0.048628
vt 0.854555 0.476252
vt 0.362673 0.573925
vt 0.465078 0.193759
vt 0.067399 0.654834
vt 0.067399 0.667093
vt 0.062707 0.678419
vt 0.054039 0.687088
vt 0.042713 0.691779
vt 0.030011 0.692442
vt 0.010017 0.679082
vt 0.005768 0.667093
vt 0.042713 0.630148
vt 0.054039 0.634840
vt 0.030454 0.630148
vt 0.005768 0.654834
vt 0.010460 0.643508
vt 0.436034 0.193759
vt 0.232071 0.755683
vt 0.216037 0.759314
vt 0.199833 0.756532
vt 0.185928 0.747762
vt 0.213816 0.675072
vt 0.230020 0.677853
vt 0.253416 0.700048
vt 0.257048 0.716083
vt 0.254266 0.732286
vt 0.364790 0.651752
vt 0.348758 0.655397
vt 0.332552 0.652629
vt 0.318639 0.643870
vt 0.309137 0.630453
vt 0.305493 0.614422
vt 0.308261 0.598216
vt 0.330436 0.574801
vt 0.346468 0.571157
vt 0.031117 0.628159
vt 0.019791 0.623468
vt 0.006431 0.603473
vt 0.005768 0.590771
vt 0.012448 0.580774
vt 0.019128 0.570777
vt 0.031117 0.566529
vt 0.043376 0.628159
vt 0.054702 0.623468
vt 0.068061 0.591214
vt 0.068061 0.603473
vt 0.063370 0.579889
vt 0.043376 0.566529
vt 0.659652 0.415638
vt 0.153401 0.903186
vt 0.820185 0.551924
vt 0.905016 0.561591
vt 0.155728 0.341669
vt 0.155728 0.396188
vt 0.155728 0.069076
vt 0.155728 0.178113
vt 0.006583 0.707421
vt 0.015276 0.686435
vt 0.031339 0.670372
vt 0.052325 0.661679
vt 0.075042 0.661679
vt 0.096028 0.670372
vt 0.112091 0.686434
vt 0.120784 0.730138
vt 0.112091 0.751125
vt 0.096028 0.767187
vt 0.052325 0.775880
vt 0.031338 0.767187
vt 0.015276 0.751124
vt 0.155728 0.232632
vt 0.009649 0.641192
vt 0.004830 0.629557
vt 0.004830 0.616963
vt 0.009649 0.605328
vt 0.018554 0.596423
vt 0.030190 0.591603
vt 0.042783 0.591603
vt 0.063324 0.605328
vt 0.068143 0.616963
vt 0.068143 0.629557
vt 0.054419 0.650097
vt 0.042783 0.654917
vt 0.030190 0.654917
vt 0.457751 0.568687
vt 0.515567 0.482159
vt 0.747559 0.540493
vt 0.747559 0.620598
vt 0.847816 0.358737
vt 0.910410 0.328190
vt 0.712632 0.620598
vt 0.645962 0.370551
vt 0.532779 0.044058
vt 0.531821 0.052421
vt 0.529173 0.048623
vt 0.489863 0.632665
vt 0.457290 0.585440
vt 0.489863 0.585440
vt 0.556644 0.632665
vt 0.540452 0.585440
vt 0.556644 0.585440
vt 0.506172 0.632665
vt 0.540452 0.632665
vt 0.506172 0.585440
vt 0.545275 0.644195
vt 0.590017 0.689389
vt 0.545755 0.678472
vt 0.383404 0.632665
vt 0.362342 0.585440
vt 0.383404 0.585440
vt 0.621737 0.632665
vt 0.590017 0.528716
vt 0.621737 0.585440
vt 0.545755 0.539634
vt 0.557446 0.528264
vt 0.545275 0.573910
vt 0.557446 0.689842
vt 0.457290 0.632665
vt 0.362342 0.632665
vt 0.642307 0.580916
vt 0.642307 0.637190
vt 0.121108 0.926152
vt 0.006943 0.943285
vt 0.006943 0.926152
vt 0.121108 0.960418
vt 0.006943 0.960418
vt 0.006943 0.977551
vt 0.121108 0.977550
vt 0.006943 0.994683
vt 0.121108 0.720560
vt 0.006943 0.737692
vt 0.006943 0.720560
vt 0.121108 0.737693
vt 0.006943 0.754825
vt 0.121108 0.754825
vt 0.006943 0.771958
vt 0.121108 0.771958
vt 0.006943 0.789090
vt 0.121108 0.789091
vt 0.006943 0.806223
vt 0.121108 0.806223
vt 0.006943 0.823356
vt 0.121108 0.823356
vt 0.006943 0.840489
vt 0.121108 0.840489
vt 0.006943 0.857621
vt 0.121108 0.857621
vt 0.006943 0.874754
vt 0.121108 0.874754
vt 0.006943 0.891887
vt 0.121108 0.891887
vt 0.006943 0.909020
vt 0.121108 0.909020
vt 0.661280 0.239191
vt 0.673515 0.203130
vt 0.673515 0.242469
vt 0.555326 0.267580
vt 0.580438 0.296206
vt 0.546370 0.276536
vt 0.644890 0.178018
vt 0.661280 0.206408
vt 0.616499 0.161627
vt 0.653846 0.169062
vt 0.583717 0.161626
vt 0.619778 0.149392
vt 0.546371 0.169061
vt 0.580439 0.149392
vt 0.992853 0.453888
vt 0.964383 0.421702
vt 0.992853 0.421702
vt 0.964383 0.486074
vt 0.992853 0.486075
vt 0.964383 0.132027
vt 0.992853 0.099840
vt 0.992853 0.132027
vt 0.992853 0.164213
vt 0.992853 0.196399
vt 0.964383 0.164213
vt 0.964383 0.228585
vt 0.992853 0.228585
vt 0.964383 0.260771
vt 0.992853 0.260771
vt 0.964383 0.292957
vt 0.992853 0.292957
vt 0.964383 0.325144
vt 0.992853 0.325144
vt 0.964383 0.357330
vt 0.992853 0.357330
vt 0.964383 0.389516
vt 0.992853 0.389516
vt 0.526701 0.242468
vt 0.538935 0.239190
vt 0.653845 0.276537
vt 0.644889 0.267581
vt 0.526701 0.203129
vt 0.538936 0.206407
vt 0.616498 0.283972
vt 0.619777 0.296206
vt 0.555327 0.178017
vt 0.583716 0.283971
vt 0.482416 0.200277
vt 0.436433 0.207016
vt 0.438622 0.200277
vt 0.402573 0.091427
vt 0.435813 0.058946
vt 0.438003 0.065686
vt 0.403193 0.091236
vt 0.382574 0.132886
vt 0.397460 0.087071
vt 0.438002 0.200468
vt 0.483985 0.207207
vt 0.435813 0.207207
vt 0.531378 0.132886
vt 0.523578 0.087071
vt 0.538464 0.132886
vt 0.517226 0.091427
vt 0.537844 0.133077
vt 0.530758 0.133077
vt 0.397460 0.178701
vt 0.403193 0.174536
vt 0.389040 0.133077
vt 0.396840 0.087262
vt 0.438622 0.065495
vt 0.436433 0.058756
vt 0.481796 0.200468
vt 0.522958 0.178892
vt 0.523578 0.178701
vt 0.517845 0.174536
vt 0.481796 0.065686
vt 0.522958 0.087262
vt 0.389660 0.132886
vt 0.396840 0.178892
vt 0.381954 0.133077
vt 0.482416 0.065495
vt 0.484606 0.058756
vt 0.517225 0.174727
vt 0.484605 0.207016
vt 0.483986 0.058946
vt 0.402573 0.174727
vt 0.517846 0.091236
vt 0.637868 0.373338
vt 0.594512 0.415854
vt 0.594512 0.373338
vt 0.272507 0.058756
vt 0.233535 0.018988
vt 0.272507 0.018988
vt 0.272507 0.058678
vt 0.233535 0.018909
vt 0.272507 0.018909
vt 0.898000 0.415854
vt 0.854645 0.373338
vt 0.898000 0.373338
vt 0.854645 0.415854
vt 0.811289 0.373338
vt 0.811289 0.415854
vt 0.767934 0.373339
vt 0.767934 0.415854
vt 0.724578 0.373339
vt 0.681223 0.415854
vt 0.681223 0.373338
vt 0.637868 0.415854
vt 0.320680 0.058756
vt 0.320680 0.207016
vt 0.233535 0.178701
vt 0.808881 0.415431
vt 0.852567 0.372591
vt 0.852567 0.415431
vt 0.765195 0.372591
vt 0.765195 0.415431
vt 0.721509 0.372591
vt 0.721509 0.415431
vt 0.677823 0.372591
vt 0.677823 0.415431
vt 0.634137 0.372591
vt 0.634137 0.415431
vt 0.590451 0.372591
vt 0.590451 0.415431
vt 0.896253 0.372591
vt 0.957996 0.415431
vt 0.896253 0.415431
vt 0.338125 0.102633
vt 0.374538 0.132808
vt 0.347929 0.132808
vt 0.320680 0.058678
vt 0.359652 0.086993
vt 0.312457 0.083985
vt 0.255062 0.102633
vt 0.280730 0.083985
vt 0.245258 0.132808
vt 0.233535 0.086993
vt 0.255062 0.162982
vt 0.218648 0.132808
vt 0.280730 0.181631
vt 0.233535 0.178623
vt 0.320680 0.206938
vt 0.272507 0.206938
vt 0.312457 0.181631
vt 0.359652 0.178623
vt 0.338125 0.162982
vt 0.522958 0.019178
vt 0.959276 0.415854
vt 0.528708 0.372591
vt 0.359652 0.018909
vt 0.397460 0.018988
vt 0.436433 0.018988
vt 0.396840 0.019178
vt 0.435813 0.019178
vt 0.523578 0.018988
vt 0.533237 0.373338
vt 0.359652 0.018988
vt 0.359652 0.087071
vt 0.541312 0.703998
vt 0.530876 0.774385
vt 0.530876 0.703998
vt 0.582248 0.703998
vt 0.571812 0.774385
vt 0.571812 0.703998
vt 0.623184 0.703998
vt 0.612748 0.774385
vt 0.612748 0.703998
vt 0.664120 0.703998
vt 0.653684 0.774385
vt 0.653684 0.703998
vt 0.328154 0.784583
vt 0.324808 0.792661
vt 0.296653 0.787126
vt 0.643652 0.703998
vt 0.633216 0.774385
vt 0.633216 0.703998
vt 0.684588 0.703998
vt 0.674152 0.774385
vt 0.674152 0.703998
vt 0.602716 0.703998
vt 0.592280 0.774385
vt 0.592280 0.703998
vt 0.561780 0.703998
vt 0.551344 0.774385
vt 0.551344 0.703998
vt 0.541312 0.774385
vt 0.582248 0.774385
vt 0.623184 0.774385
vt 0.520844 0.703998
vt 0.664120 0.774385
vt 0.337627 0.746152
vt 0.343163 0.774306
vt 0.319090 0.753830
vt 0.335085 0.777652
vt 0.304332 0.768588
vt 0.399473 0.787126
vt 0.371318 0.792661
vt 0.367972 0.784583
vt 0.367972 0.810540
vt 0.371318 0.802462
vt 0.399473 0.807997
vt 0.324808 0.802462
vt 0.328154 0.810540
vt 0.296653 0.807997
vt 0.391794 0.768588
vt 0.361042 0.777652
vt 0.352964 0.774306
vt 0.319090 0.841293
vt 0.304332 0.826534
vt 0.335084 0.817470
vt 0.377036 0.753830
vt 0.358499 0.746152
vt 0.337627 0.848971
vt 0.343163 0.820816
vt 0.352964 0.820816
vt 0.358499 0.848971
vt 0.361042 0.817470
vt 0.377036 0.841293
vt 0.391794 0.826534
vt 0.697059 0.724178
vt 0.703175 0.779316
vt 0.697059 0.779316
vt 0.703175 0.724178
vt 0.709291 0.779316
vt 0.709291 0.724178
vt 0.715407 0.779316
vt 0.715407 0.724178
vt 0.721523 0.779316
vt 0.721523 0.724178
vt 0.727639 0.779316
vt 0.727639 0.724178
vt 0.733755 0.779316
vt 0.733755 0.724178
vt 0.739871 0.779316
vt 0.739871 0.724178
vt 0.745987 0.779316
vt 0.745987 0.724178
vt 0.752103 0.779316
vt 0.752103 0.724178
vt 0.758219 0.779316
vt 0.758219 0.724178
vt 0.764335 0.779316
vt 0.690943 0.724178
vt 0.690943 0.779316
vt 0.705414 0.793787
vt 0.685646 0.799084
vt 0.696945 0.724178
vt 0.703062 0.779316
vt 0.696946 0.779316
vt 0.703061 0.724178
vt 0.709178 0.779316
vt 0.709177 0.724178
vt 0.715294 0.779316
vt 0.715294 0.724178
vt 0.721410 0.779316
vt 0.721410 0.724178
vt 0.727526 0.779316
vt 0.727526 0.724178
vt 0.733642 0.779316
vt 0.733642 0.724178
vt 0.739758 0.779316
vt 0.739758 0.724178
vt 0.745874 0.779316
vt 0.745874 0.724178
vt 0.751990 0.779316
vt 0.751990 0.724178
vt 0.758106 0.779316
vt 0.758106 0.724178
vt 0.764222 0.779316
vt 0.690829 0.724178
vt 0.690830 0.779316
vt 0.705300 0.793787
vt 0.685533 0.799084
vt 0.779634 0.944371
vt 0.712017 0.932122
vt 0.779634 0.932122
vt 0.685346 0.978896
vt 0.704618 0.971497
vt 0.712017 0.978896
vt 0.779634 0.920796
vt 0.712017 0.908923
vt 0.779634 0.908923
vt 0.779634 0.991145
vt 0.779634 0.978896
vt 0.779634 0.967570
vt 0.712017 0.955697
vt 0.779634 0.955697
vt 0.779634 0.973233
vt 0.712017 0.973233
vt 0.712017 0.950034
vt 0.712017 0.944371
vt 0.779634 0.950034
vt 0.712017 0.926459
vt 0.712017 0.920796
vt 0.779634 0.926459
vt 0.779634 0.897597
vt 0.712017 0.903260
vt 0.712017 0.897597
vt 0.779634 0.903260
vt 0.751619 0.779437
vt 0.757735 0.724299
vt 0.757735 0.779437
vt 0.745503 0.779437
vt 0.751619 0.724299
vt 0.739387 0.779437
vt 0.745503 0.724299
vt 0.733271 0.779437
vt 0.739387 0.724299
vt 0.727155 0.779437
vt 0.733271 0.724299
vt 0.721039 0.779437
vt 0.727155 0.724299
vt 0.714923 0.779437
vt 0.721039 0.724299
vt 0.708807 0.779437
vt 0.714923 0.724299
vt 0.702691 0.779437
vt 0.708807 0.724299
vt 0.696575 0.779437
vt 0.702691 0.724299
vt 0.690459 0.779437
vt 0.696575 0.724299
vt 0.763851 0.724299
vt 0.763851 0.779437
vt 0.749381 0.793908
vt 0.752438 0.782495
vt 0.772206 0.787792
vt 0.751505 0.779437
vt 0.757621 0.724299
vt 0.757622 0.779437
vt 0.745389 0.779437
vt 0.751505 0.724299
vt 0.739273 0.779437
vt 0.745389 0.724299
vt 0.733157 0.779437
vt 0.739273 0.724299
vt 0.727041 0.779437
vt 0.733157 0.724299
vt 0.720925 0.779437
vt 0.727041 0.724299
vt 0.714809 0.779437
vt 0.720925 0.724299
vt 0.708693 0.779437
vt 0.714809 0.724299
vt 0.702577 0.779437
vt 0.708693 0.724299
vt 0.696461 0.779437
vt 0.702577 0.724299
vt 0.690345 0.779437
vt 0.696461 0.724299
vt 0.763737 0.724299
vt 0.763738 0.779437
vt 0.749267 0.793908
vt 0.752325 0.782495
vt 0.772092 0.787792
vt 0.711618 0.959159
vt 0.779235 0.946910
vt 0.779235 0.959159
vt 0.684946 0.912385
vt 0.711618 0.912385
vt 0.704219 0.919784
vt 0.711618 0.982359
vt 0.779235 0.970485
vt 0.779235 0.982358
vt 0.779235 0.900136
vt 0.779235 0.912385
vt 0.711618 0.935584
vt 0.779235 0.923711
vt 0.779235 0.935585
vt 0.779235 0.918048
vt 0.711618 0.918048
vt 0.711618 0.941247
vt 0.711618 0.946910
vt 0.779235 0.941247
vt 0.711618 0.964822
vt 0.711618 0.970485
vt 0.779235 0.964822
vt 0.711618 0.988021
vt 0.779235 0.993684
vt 0.711618 0.993684
vt 0.779235 0.988021
vt 0.764335 0.724178
vt 0.702356 0.782374
vt 0.705414 0.787671
vt 0.702356 0.799084
vt 0.697059 0.802142
vt 0.690943 0.802142
vt 0.682588 0.793787
vt 0.682588 0.787671
vt 0.685646 0.782375
vt 0.764222 0.724178
vt 0.702242 0.782374
vt 0.705300 0.787671
vt 0.702242 0.799084
vt 0.696946 0.802142
vt 0.690830 0.802142
vt 0.682475 0.793787
vt 0.682475 0.787671
vt 0.685533 0.782375
vt 0.685346 0.991145
vt 0.687513 0.973664
vt 0.692745 0.971497
vt 0.709850 0.973664
vt 0.712017 0.991145
vt 0.709850 0.996377
vt 0.704618 0.998544
vt 0.692745 0.998544
vt 0.687513 0.996377
vt 0.712017 0.967570
vt 0.690459 0.724299
vt 0.769148 0.782495
vt 0.772206 0.793908
vt 0.757735 0.802263
vt 0.769148 0.799205
vt 0.763851 0.802263
vt 0.752439 0.799205
vt 0.749380 0.787792
vt 0.690345 0.724299
vt 0.769034 0.782495
vt 0.772092 0.793908
vt 0.757622 0.802263
vt 0.769034 0.799205
vt 0.763738 0.802263
vt 0.752325 0.799205
vt 0.749267 0.787792
vt 0.687113 0.917617
vt 0.692345 0.919784
vt 0.684946 0.900136
vt 0.687113 0.894904
vt 0.692345 0.892737
vt 0.704219 0.892737
vt 0.711618 0.900136
vt 0.709450 0.894904
vt 0.709450 0.917617
vt 0.711618 0.923711
vt 0.948019 0.228502
vt 0.985539 0.217620
vt 0.985550 0.228514
vt 0.985746 0.143946
vt 0.948279 0.133040
vt 0.985811 0.133052
vt 0.985925 0.115756
vt 0.948469 0.104850
vt 0.986001 0.104862
vt 0.986124 0.087566
vt 0.948669 0.076660
vt 0.986200 0.076672
vt 0.986284 0.059159
vt 0.948804 0.039082
vt 0.986334 0.038849
vt 0.948644 0.024222
vt 0.985805 0.009575
vt 0.986159 0.024003
vt 0.948805 0.408606
vt 0.986292 0.393944
vt 0.986334 0.408848
vt 0.948699 0.378840
vt 0.986192 0.358787
vt 0.986230 0.379096
vt 0.948587 0.341262
vt 0.986049 0.330379
vt 0.986119 0.341273
vt 0.948405 0.313072
vt 0.985867 0.302189
vt 0.985937 0.313083
vt 0.948232 0.284882
vt 0.985706 0.273999
vt 0.985764 0.284893
vt 0.948096 0.256692
vt 0.985590 0.245810
vt 0.985628 0.256703
vt 0.768998 0.109947
vt 0.884175 0.013099
vt 0.933585 0.109997
vt 0.985613 0.172135
vt 0.948126 0.161230
vt 0.985657 0.161242
vt 0.985544 0.200325
vt 0.948031 0.189419
vt 0.985562 0.189431
vt 0.717778 0.061312
vt 0.734477 0.017107
vt 0.757271 0.035365
vt 0.948008 0.217609
vt 0.948081 0.172124
vt 0.948214 0.143934
vt 0.948393 0.115745
vt 0.948592 0.087555
vt 0.948753 0.059150
vt 0.948762 0.393702
vt 0.948661 0.358772
vt 0.948518 0.330367
vt 0.948336 0.302177
vt 0.948174 0.273988
vt 0.948058 0.245798
vt 0.772731 0.043641
vt 0.914422 0.021679
vt 0.901367 0.153609
vt 0.581573 0.040485
vt 0.447303 0.048622
vt 0.447303 0.040485
vt 0.447304 0.072704
vt 0.313035 0.048622
vt 0.589710 0.048622
vt 0.581573 0.072704
vt 0.581573 0.048622
vt 0.313035 0.040485
vt 0.304897 0.048622
vt 0.313035 0.072704
vt 0.304897 0.072704
vt 0.447304 0.080841
vt 0.581573 0.080841
vt 0.313035 0.080841
vt 0.634152 0.094807
vt 0.598550 0.087100
vt 0.634152 0.087100
vt 0.634152 0.036240
vt 0.696322 0.102514
vt 0.660721 0.173718
vt 0.660721 0.102514
vt 0.660721 0.094807
vt 0.660721 0.087100
vt 0.696322 0.094807
vt 0.634152 0.102515
vt 0.598550 0.094807
vt 0.634152 0.173718
vt 0.598550 0.173718
vt 0.598550 0.102514
vt 0.634152 0.200287
vt 0.931302 0.536102
vt 0.995310 0.472094
vt 0.995310 0.536102
vt 0.598550 0.009672
vt 0.634152 0.009672
vt 0.660721 0.036240
vt 0.696322 0.036240
vt 0.696322 0.087100
vt 0.931302 0.555304
vt 0.995310 0.555304
vt 0.931302 0.472094
vt 0.995310 0.452891
vt 0.931302 0.619313
vt 0.995310 0.619313
vt 0.912100 0.555304
vt 0.912100 0.619313
vt 0.121108 0.943285
vt 0.121108 0.994683
vt 0.964383 0.453888
vt 0.964382 0.099841
vt 0.964383 0.196399
vt 0.233535 0.087071
vt 0.724578 0.415854
vt 0.218648 0.132886
vt 0.374539 0.132886
vt 0.359652 0.178701
vt 0.272507 0.207016
vt 0.808881 0.372591
vt 0.957996 0.372591
vt 0.483986 0.019178
vt 0.959276 0.373338
vt 0.528708 0.415431
vt 0.320680 0.018909
vt 0.484606 0.018988
vt 0.533237 0.415854
vt 0.320680 0.018988
vt 0.643652 0.774385
vt 0.684588 0.774385
vt 0.602716 0.774385
vt 0.561780 0.774385
vt 0.520844 0.774385
vt 0.948294 0.008962
vt 0.903989 0.154262
vt 0.893226 0.161449
vt 0.874240 0.169307
vt 0.861547 0.171828
vt 0.840999 0.171821
vt 0.828307 0.169293
vt 0.809326 0.161424
vt 0.798568 0.154230
vt 0.784043 0.139696
vt 0.776856 0.128933
vt 0.766477 0.097252
vt 0.766482 0.076704
vt 0.769010 0.064011
vt 0.775460 0.044234
vt 0.785484 0.022603
vt 0.800364 0.013099
vt 0.818069 0.013100
vt 0.850759 0.013102
vt 0.918522 0.139737
vt 0.925716 0.128978
vt 0.936122 0.076756
vt 0.936114 0.097304
vt 0.927176 0.044276
vt 0.933601 0.064061
vt 0.902308 0.013114
vt 0.917178 0.022633
vt 0.948013 0.200313
vt 0.757271 0.048480
vt 0.746950 0.062685
vt 0.734477 0.066738
vt 0.710069 0.050702
vt 0.710069 0.033143
vt 0.717778 0.022533
vt 0.746950 0.021160
vt 0.871627 0.168672
vt 0.858935 0.171200
vt 0.838388 0.171206
vt 0.825694 0.168685
vt 0.806708 0.160828
vt 0.795946 0.153641
vt 0.781412 0.139115
vt 0.774219 0.128357
vt 0.766349 0.109375
vt 0.763820 0.096682
vt 0.763813 0.076134
vt 0.766334 0.063440
vt 0.782785 0.021708
vt 0.797627 0.012177
vt 0.814772 0.012162
vt 0.848188 0.012165
vt 0.881865 0.012163
vt 0.890608 0.160803
vt 0.923079 0.128312
vt 0.915892 0.139075
vt 0.933458 0.096632
vt 0.930936 0.109326
vt 0.930925 0.063390
vt 0.933453 0.076084
vt 0.924503 0.043600
vt 0.899570 0.012162
vt 0.589710 0.072704
vt 0.598550 0.036240
vt 0.696322 0.173718
vt 0.598550 0.200286
vt 0.931302 0.452891
vt 0.984733 0.357220
vt 0.961131 0.475824
vt 0.961131 0.357220
vt 0.616959 0.323785
vt 0.553909 0.274002
vt 0.638455 0.290060
vt 0.735649 0.249787
vt 0.703948 0.185710
vt 0.755537 0.218417
vt 0.684060 0.217080
vt 0.668548 0.356492
vt 0.690044 0.322768
vt 0.828763 0.357220
vt 0.808055 0.475824
vt 0.808055 0.357220
vt 0.704386 0.019305
vt 0.725304 0.082156
vt 0.659530 0.105997
vt 0.931778 0.357220
vt 0.911070 0.475824
vt 0.911070 0.357220
vt 0.881717 0.357220
vt 0.881717 0.475824
vt 0.858115 0.475824
vt 0.828762 0.475824
vt 0.778702 0.357220
vt 0.778702 0.475824
vt 0.858116 0.357220
vt 0.997191 0.332046
vt 0.780315 0.302446
vt 0.997191 0.302446
vt 0.780315 0.234672
vt 0.997191 0.137298
vt 0.780315 0.137298
vt 0.780315 0.069524
vt 0.996757 0.332673
vt 0.779881 0.303073
vt 0.996758 0.303073
vt 0.996758 0.167525
vt 0.779881 0.137925
vt 0.996758 0.137925
vt 0.997191 0.166898
vt 0.654309 0.137298
vt 0.749192 0.166898
vt 0.654309 0.166898
vt 0.653875 0.167525
vt 0.748758 0.137925
vt 0.748758 0.167525
vt 0.764320 0.332673
vt 0.748758 0.303073
vt 0.764320 0.303073
vt 0.749192 0.302446
vt 0.764754 0.332046
vt 0.749192 0.332046
vt 0.764754 0.302446
vt 0.780315 0.332046
vt 0.764320 0.167525
vt 0.764320 0.137925
vt 0.779881 0.167525
vt 0.780315 0.166898
vt 0.764754 0.137298
vt 0.764754 0.166898
vt 0.749192 0.137298
vt 0.779881 0.070151
vt 0.779881 0.332673
vt 0.765504 0.173480
vt 0.779881 0.235299
vt 0.779881 0.002377
vt 0.765504 0.008333
vt 0.765504 0.297118
vt 0.759549 0.282741
vt 0.759549 0.187857
vt 0.759549 0.022710
vt 0.759549 0.117593
vt 0.765504 0.131970
vt 0.780315 0.001750
vt 0.765938 0.007705
vt 0.759983 0.022082
vt 0.765938 0.131343
vt 0.759983 0.116966
vt 0.765938 0.172853
vt 0.759983 0.187230
vt 0.765938 0.296490
vt 0.759983 0.282114
vt 0.740296 0.392630
vt 0.710143 0.414319
vt 0.630014 0.416402
vt 0.578425 0.383695
vt 0.610616 0.382179
vt 0.607502 0.367837
vt 0.613886 0.357912
vt 0.628228 0.354798
vt 0.636936 0.360398
vt 0.619324 0.387780
vt 0.640050 0.374741
vt 0.633666 0.384666
vt 0.997191 0.001750
vt 0.653875 0.137925
vt 0.748758 0.332673
vt 0.996758 0.002377
vt 0.984733 0.475824
vt 0.546978 0.310493
vt 0.638612 0.085079
vt 0.638612 0.043146
vt 0.662453 0.019305
vt 0.725304 0.040223
vt 0.701463 0.105997
vt 0.931778 0.475824
vt 0.396920 0.828353
vt 0.442660 0.843709
vt 0.396920 0.843709
vt 0.396920 0.752175
vt 0.442660 0.767531
vt 0.396920 0.767531
vt 0.396920 0.726782
vt 0.442660 0.742139
vt 0.396920 0.742138
vt 0.396920 0.853746
vt 0.442660 0.869102
vt 0.396920 0.869102
vt 0.357783 0.927167
vt 0.354196 0.948810
vt 0.353965 0.924203
vt 0.314094 0.917876
vt 0.334093 0.911652
vt 0.313270 0.922945
vt 0.338830 0.909901
vt 0.354042 0.924157
vt 0.334094 0.911744
vt 0.353705 0.954167
vt 0.330732 0.959224
vt 0.354100 0.948786
vt 0.325726 0.960657
vt 0.311569 0.945697
vt 0.330739 0.959126
vt 0.307924 0.942370
vt 0.313190 0.922899
vt 0.311649 0.945655
vt 0.356001 0.904757
vt 0.334660 0.881718
vt 0.366213 0.891970
vt 0.367875 0.947889
vt 0.361330 0.978604
vt 0.352588 0.965340
vt 0.160064 0.952397
vt 0.181894 0.953211
vt 0.181940 0.982506
vt 0.311311 0.902721
vt 0.282805 0.915898
vt 0.302306 0.889058
vt 0.295565 0.944594
vt 0.297675 0.921490
vt 0.213954 0.896348
vt 0.221620 0.876991
vt 0.227493 0.896965
vt 0.383191 0.920473
vt 0.383191 0.953649
vt 0.188929 0.962894
vt 0.199520 0.971351
vt 0.238876 0.900664
vt 0.330523 0.972510
vt 0.329778 0.988856
vt 0.299289 0.975777
vt 0.309201 0.963363
vt 0.210519 0.976069
vt 0.279788 0.948937
vt 0.223663 0.976668
vt 0.216143 0.997178
vt 0.276062 0.957682
vt 0.254248 0.956508
vt 0.258880 0.944192
vt 0.367875 0.924689
vt 0.249158 0.908874
vt 0.257015 0.888491
vt 0.311312 0.902721
vt 0.333937 0.897588
vt 0.276062 0.920465
vt 0.157783 0.800077
vt 0.127310 0.826661
vt 0.127310 0.800077
vt 0.157783 0.826661
vt 0.127310 0.853245
vt 0.127310 0.879828
vt 0.157783 0.906412
vt 0.127310 0.906412
vt 0.157783 0.853245
vt 0.127310 0.959579
vt 0.157783 0.932995
vt 0.157783 0.959579
vt 0.127310 0.932995
vt 0.157783 0.720327
vt 0.127310 0.746910
vt 0.127310 0.720327
vt 0.127310 0.986163
vt 0.157783 0.746910
vt 0.127310 0.773494
vt 0.157783 0.773494
vt 0.392349 0.955643
vt 0.489927 0.961916
vt 0.392349 0.961916
vt 0.352036 0.920215
vt 0.337707 0.958613
vt 0.311618 0.927005
vt 0.392349 0.936135
vt 0.489927 0.942407
vt 0.392349 0.942407
vt 0.392349 0.916626
vt 0.489927 0.922899
vt 0.392349 0.922898
vt 0.392349 0.877609
vt 0.489927 0.883881
vt 0.392349 0.883881
vt 0.396920 0.777568
vt 0.442660 0.792924
vt 0.396920 0.792924
vt 0.488860 0.768378
vt 0.447695 0.744128
vt 0.488860 0.744128
vt 0.333755 0.912079
vt 0.354757 0.948455
vt 0.312753 0.948455
vt 0.488860 0.816880
vt 0.447695 0.792629
vt 0.488860 0.792629
vt 0.488860 0.865382
vt 0.447695 0.841131
vt 0.488860 0.841131
vt 0.447695 0.768378
vt 0.447695 0.816880
vt 0.488861 0.719877
vt 0.447695 0.719877
vt 0.396920 0.802960
vt 0.442660 0.818316
vt 0.396920 0.818316
vt 0.392349 0.975152
vt 0.489927 0.981424
vt 0.392349 0.981424
vt 0.353117 0.919356
vt 0.309403 0.926019
vt 0.312213 0.950554
vt 0.335686 0.961422
vt 0.329395 0.910035
vt 0.357783 0.944913
vt 0.442659 0.853746
vt 0.442660 0.716746
vt 0.442660 0.726782
vt 0.392349 0.994660
vt 0.392349 0.897117
vt 0.489927 0.897117
vt 0.489927 0.955643
vt 0.489927 0.903390
vt 0.489927 0.916626
vt 0.392349 0.903390
vt 0.235046 0.972970
vt 0.251538 0.985677
vt 0.163449 0.915334
vt 0.184261 0.915920
vt 0.179491 0.928606
vt 0.185325 0.885225
vt 0.191296 0.906238
vt 0.258880 0.932224
vt 0.255283 0.919157
vt 0.246362 0.965511
vt 0.202282 0.898996
vt 0.178402 0.940525
vt 0.200033 0.417325
vt 0.100760 0.406160
vt 0.200033 0.404920
vt 0.100760 0.416084
vt 0.094866 0.406160
vt 0.100643 0.400267
vt 0.199887 0.397553
vt 0.199393 0.385157
vt 0.099896 0.384466
vt 0.198953 0.377802
vt 0.100248 0.390350
vt 0.094866 0.416084
vt 0.610720 0.186725
vt 0.627684 0.250032
vt 0.564377 0.233069
vt 0.573143 0.161190
vt 0.521605 0.203915
vt 0.521647 0.162115
vt 0.425837 0.203103
vt 0.416027 0.273165
vt 0.415744 0.188816
vt 0.467257 0.301399
vt 0.520982 0.316425
vt 0.457280 0.315395
vt 0.468519 0.160713
vt 0.521631 0.148121
vt 0.574808 0.300607
vt 0.520799 0.302255
vt 0.583270 0.146995
vt 0.615594 0.202863
vt 0.625621 0.272811
vt 0.615594 0.259021
vt 0.573798 0.259021
vt 0.520622 0.260287
vt 0.467696 0.202963
vt 0.467885 0.259199
vt 0.426026 0.259339
vt 0.573798 0.202863
vt 0.688532 0.034593
vt 0.539593 0.045084
vt 0.539593 0.034593
vt 0.688532 0.108209
vt 0.539593 0.118701
vt 0.539593 0.108209
vt 0.688532 0.010054
vt 0.539593 0.020546
vt 0.539593 0.010054
vt 0.688531 0.083670
vt 0.539593 0.094162
vt 0.539593 0.083670
vt 0.688532 0.059131
vt 0.539593 0.069623
vt 0.539593 0.059131
vt 0.688532 0.045084
vt 0.688532 0.069623
vt 0.688532 0.094162
vt 0.539593 0.132748
vt 0.688532 0.118701
vt 0.688532 0.132748
vt 0.688532 0.020546
vt 0.458500 0.146404
vt 0.584985 0.314418
vt 0.625621 0.188555
vt 0.868433 0.032759
vt 0.841675 0.078905
vt 0.841327 0.032964
vt 0.894515 0.032750
vt 0.868945 0.078731
vt 0.862554 0.423086
vt 0.904203 0.390277
vt 0.904339 0.422911
vt 0.894504 0.006665
vt 0.861118 0.006680
vt 0.987189 0.032699
vt 0.987174 0.006611
vt 0.987217 0.078616
vt 0.902909 0.104757
vt 0.895066 0.078673
vt 0.862346 0.373255
vt 0.833911 0.354661
vt 0.863420 0.363144
vt 0.937697 0.378333
vt 0.904152 0.378161
vt 0.904131 0.373080
vt 0.869980 0.325312
vt 0.842747 0.325428
vt 0.922331 0.078559
vt 0.896096 0.325202
vt 0.845834 0.337975
vt 0.936463 0.387179
vt 0.862367 0.378336
vt 0.986393 0.104705
vt 0.830531 0.396243
vt 0.862418 0.390451
vt 0.936136 0.395802
vt 0.902972 0.362979
vt 0.932409 0.354249
vt 0.920347 0.337664
vt 0.830133 0.387623
vt 0.828825 0.378788
vt 0.835935 0.900096
vt 0.851803 0.934003
vt 0.835935 0.934003
vt 0.835935 0.832284
vt 0.851803 0.900096
vt 0.835935 0.730565
vt 0.851803 0.764471
vt 0.835935 0.764471
vt 0.802028 0.900096
vt 0.851803 0.832284
vt 0.885709 0.764471
vt 0.967356 0.253568
vt 0.990412 0.153185
vt 0.990412 0.253568
vt 0.847421 0.827902
vt 0.847421 0.768853
vt 0.840316 0.768853
vt 0.840316 0.827902
vt 0.955278 0.153185
vt 0.932222 0.253568
vt 0.932222 0.153185
vt 0.967356 0.153185
vt 0.955278 0.130129
vt 0.967356 0.130129
vt 0.955278 0.253568
vt 0.967356 0.276625
vt 0.955278 0.276625
vt 0.711370 0.966832
vt 0.680356 0.913259
vt 0.711370 0.913259
vt 0.582015 0.913259
vt 0.613029 0.913259
vt 0.532845 0.913259
vt 0.563858 0.913259
vt 0.608893 0.496238
vt 0.625841 0.499721
vt 0.619108 0.506454
vt 0.514688 0.913259
vt 0.662199 0.913259
vt 0.631186 0.913259
vt 0.625841 0.450449
vt 0.664898 0.460664
vt 0.654682 0.499721
vt 0.674419 0.489506
vt 0.674419 0.460664
vt 0.606104 0.460664
vt 0.615625 0.489506
vt 0.606104 0.489506
vt 0.661415 0.506454
vt 0.664898 0.489506
vt 0.671630 0.496238
vt 0.619109 0.443717
vt 0.615625 0.460664
vt 0.608893 0.453932
vt 0.654682 0.440928
vt 0.625841 0.440928
vt 0.625841 0.509242
vt 0.654682 0.509242
vt 0.671630 0.453932
vt 0.654682 0.450449
vt 0.661415 0.443717
vt 0.123374 0.554135
vt 0.138090 0.534367
vt 0.128508 0.557555
vt 0.107348 0.570198
vt 0.110801 0.575329
vt 0.086391 0.578927
vt 0.087620 0.584992
vt 0.063692 0.578969
vt 0.062504 0.585043
vt 0.026661 0.554280
vt 0.011920 0.534526
vt 0.017987 0.533314
vt 0.039290 0.575467
vt 0.042714 0.570314
vt 0.011948 0.509416
vt 0.018021 0.510607
vt 0.021523 0.557726
vt 0.155963 0.254439
vt 0.208798 0.224453
vt 0.208798 0.254439
vt 0.155963 0.284424
vt 0.208798 0.284424
vt 0.208798 0.314409
vt 0.208798 0.344395
vt 0.155963 0.314409
vt 0.208798 0.374380
vt 0.155963 0.344395
vt 0.155963 0.404366
vt 0.208798 0.404365
vt 0.208797 0.434351
vt 0.208798 0.464336
vt 0.155963 0.434351
vt 0.208798 0.494321
vt 0.155963 0.464336
vt 0.208798 0.044542
vt 0.155964 0.014556
vt 0.208798 0.014557
vt 0.155964 0.074527
vt 0.208798 0.074527
vt 0.208798 0.104512
vt 0.208798 0.134498
vt 0.155963 0.104512
vt 0.155963 0.164483
vt 0.208798 0.164483
vt 0.155963 0.194468
vt 0.208798 0.194468
vt 0.155963 0.224454
vt 0.021458 0.486175
vt 0.026626 0.489589
vt 0.042641 0.473479
vt 0.039176 0.468320
vt 0.062408 0.458662
vt 0.063615 0.464739
vt 0.086313 0.464721
vt 0.087528 0.458652
vt 0.107281 0.473405
vt 0.110729 0.468265
vt 0.123330 0.489462
vt 0.128484 0.486032
vt 0.132017 0.510445
vt 0.138090 0.509247
vt 0.132023 0.533156
vt 0.069332 0.787158
vt 0.096752 0.958924
vt 0.069332 0.958924
vt 0.095074 0.784054
vt 0.067654 0.955821
vt 0.067654 0.784055
vt 0.045291 0.787158
vt 0.008491 0.958924
vt 0.008491 0.787158
vt 0.044847 0.784209
vt 0.008047 0.955975
vt 0.008047 0.784209
vt 0.090959 0.982868
vt 0.120349 0.955975
vt 0.113170 0.992068
vt 0.095074 0.955820
vt 0.111936 0.991913
vt 0.089725 0.982714
vt 0.090525 0.987198
vt 0.119915 0.960305
vt 0.112735 0.996398
vt 0.113614 0.995017
vt 0.091403 0.985817
vt 0.119115 0.784054
vt 0.096752 0.787158
vt 0.120793 0.958924
vt 0.043613 0.784055
vt 0.043613 0.955821
vt 0.007613 0.788539
vt 0.044413 0.960305
vt 0.007613 0.960305
vt 0.045291 0.958924
vt 0.068888 0.784209
vt 0.096308 0.955975
vt 0.068888 0.955975
vt 0.095874 0.788539
vt 0.068454 0.960305
vt 0.068454 0.788540
vt 0.044848 0.955975
vt 0.119914 0.788540
vt 0.095874 0.960305
vt 0.006813 0.784055
vt 0.006813 0.955820
vt 0.120349 0.784210
vt 0.096308 0.784210
vt 0.044413 0.788540
vt 0.155963 0.374380
vt 0.155963 0.494321
vt 0.155964 0.044542
vt 0.155963 0.134498
vt 0.119115 0.955820
vt 0.120793 0.787158
vt 0.442660 0.828353
vt 0.442660 0.752175
vt 0.354100 0.948784
vt 0.157783 0.879828
vt 0.157783 0.986163
vt 0.315538 0.920215
vt 0.329867 0.911942
vt 0.337707 0.911943
vt 0.355956 0.927005
vt 0.355956 0.943550
vt 0.352036 0.950341
vt 0.329867 0.958613
vt 0.315538 0.950341
vt 0.311618 0.943550
vt 0.489927 0.936135
vt 0.489927 0.877609
vt 0.442660 0.777568
vt 0.312753 0.924205
vt 0.354757 0.924205
vt 0.333755 0.960581
vt 0.447695 0.865382
vt 0.442660 0.802960
vt 0.489927 0.975152
vt 0.396920 0.716746
vt 0.489927 0.994660
vt 0.564377 0.213482
vt 0.574170 0.196519
vt 0.591133 0.186725
vt 0.627684 0.196518
vt 0.637477 0.213481
vt 0.637477 0.233069
vt 0.610721 0.259825
vt 0.591134 0.259825
vt 0.574170 0.250032
vt 0.923361 0.325089
vt 0.851803 0.730565
vt 0.802028 0.764471
vt 0.885709 0.900096
vt 0.223514 0.259927
vt 0.249137 0.321423
vt 0.223514 0.321423
vt 0.707610 0.535890
vt 0.779524 0.496134
vt 0.797502 0.535890
vt 0.454123 0.321423
vt 0.479746 0.259927
vt 0.479746 0.321423
vt 0.351630 0.321423
vt 0.454123 0.347046
vt 0.249137 0.234304
vt 0.454123 0.259927
vt 0.351630 0.259927
vt 0.351630 0.278258
vt 0.393711 0.303092
vt 0.351630 0.303092
vt 0.267468 0.303092
vt 0.249137 0.259927
vt 0.267468 0.278258
vt 0.309549 0.303092
vt 0.393711 0.278258
vt 0.435792 0.278258
vt 0.435792 0.303092
vt 0.309549 0.278258
vt 0.725589 0.464304
vt 0.725589 0.496134
vt 0.797502 0.424548
vt 0.707610 0.424548
vt 0.781373 0.495759
vt 0.727437 0.463930
vt 0.781373 0.463930
vt 0.823696 0.453320
vt 0.799351 0.424173
vt 0.709459 0.424173
vt 0.709459 0.535515
vt 0.799351 0.535515
vt 0.683265 0.506743
vt 0.821847 0.506743
vt 0.779524 0.464304
vt 0.821847 0.453695
vt 0.685114 0.453320
vt 0.727437 0.495759
vt 0.685114 0.506368
vt 0.315299 0.269840
vt 0.402449 0.218575
vt 0.402449 0.269840
vt 0.315299 0.218575
vt 0.402449 0.167310
vt 0.315299 0.167310
vt 0.402448 0.116046
vt 0.315299 0.116046
vt 0.402448 0.064781
vt 0.466641 0.019616
vt 0.511038 0.096513
vt 0.422245 0.096513
vt 0.315299 0.064781
vt 0.402448 0.013516
vt 0.315299 0.321104
vt 0.402449 0.321104
vt 0.422245 0.045248
vt 0.511038 0.045248
vt 0.466641 0.122145
vt 0.315299 0.013516
vt 0.182229 0.989027
vt 0.192835 0.828601
vt 0.192835 0.989027
vt 0.256549 0.989027
vt 0.267154 0.828601
vt 0.267155 0.989027
vt 0.275861 0.989027
vt 0.322162 0.828601
vt 0.322162 0.989027
vt 0.328318 0.811839
vt 0.269704 0.822445
vt 0.201541 0.989027
vt 0.247842 0.828601
vt 0.247843 0.989027
vt 0.271508 0.996567
vt 0.173523 0.989027
vt 0.177877 0.996567
vt 0.197188 0.996567
vt 0.252196 0.996567
vt 0.243490 0.996567
vt 0.275861 0.828601
vt 0.173523 0.828601
vt 0.201541 0.828601
vt 0.771602 0.765619
vt 0.789014 0.562724
vt 0.789014 0.765620
vt 0.752691 0.562724
vt 0.762300 0.765620
vt 0.752691 0.765620
vt 0.725465 0.562724
vt 0.742878 0.765620
vt 0.725465 0.765620
vt 0.015916 0.060143
vt 0.025049 0.027927
vt 0.047165 0.038258
vt 0.706554 0.562724
vt 0.716164 0.765619
vt 0.706554 0.765620
vt 0.798827 0.765619
vt 0.716164 0.562724
vt 0.742878 0.562724
vt 0.762300 0.562724
vt 0.771601 0.562724
vt 0.472590 0.536835
vt 0.561354 0.530184
vt 0.561354 0.536835
vt 0.472590 0.623951
vt 0.561354 0.617300
vt 0.561354 0.623951
vt 0.472590 0.606528
vt 0.561354 0.599877
vt 0.561354 0.606528
vt 0.472590 0.589105
vt 0.561354 0.582454
vt 0.561354 0.589105
vt 0.472590 0.571681
vt 0.561354 0.565030
vt 0.561354 0.571681
vt 0.472590 0.554258
vt 0.561354 0.547607
vt 0.561354 0.554258
vt 0.472590 0.641374
vt 0.561354 0.634724
vt 0.561354 0.641374
vt 0.929062 0.632286
vt 0.986275 0.646491
vt 0.972070 0.703704
vt 0.472590 0.658798
vt 0.561354 0.652147
vt 0.561354 0.658798
vt 0.472590 0.669570
vt 0.561354 0.669570
vt 0.472590 0.652147
vt 0.472590 0.634724
vt 0.472590 0.617300
vt 0.472590 0.599877
vt 0.472590 0.582454
vt 0.472590 0.565030
vt 0.472590 0.547607
vt 0.249137 0.347046
vt 0.454123 0.234304
vt 0.823696 0.506368
vt 0.683265 0.453695
vt 0.182229 0.828601
vt 0.256549 0.828601
vt 0.269704 0.811839
vt 0.275861 0.805683
vt 0.322162 0.805683
vt 0.328318 0.822445
vt 0.205894 0.996567
vt 0.047165 0.061817
vt 0.038033 0.070473
vt 0.025050 0.069778
vt 0.015916 0.036584
vt 0.038032 0.028623
vt 0.798827 0.562724
vt 0.472590 0.530184
vt 0.960611 0.708450
vt 0.940521 0.708450
vt 0.929062 0.703704
vt 0.914857 0.689499
vt 0.910111 0.678039
vt 0.910111 0.657950
vt 0.914857 0.646491
vt 0.940521 0.627539
vt 0.960611 0.627539
vt 0.972070 0.632286
vt 0.991022 0.657950
vt 0.991022 0.678039
vt 0.986275 0.689499
vt 0.247664 0.864747
vt 0.273802 0.817802
vt 0.273802 0.864747
vt 0.373539 0.905738
vt 0.277338 0.892540
vt 0.300198 0.879342
vt 0.272497 0.776353
vt 0.246358 0.693038
vt 0.272497 0.693038
vt 0.247664 0.905738
vt 0.147927 0.905738
vt 0.221267 0.879342
vt 0.273802 0.989052
vt 0.247664 0.989052
vt 0.285695 0.882420
vt 0.368697 0.892082
vt 0.372234 0.988595
vt 0.246358 0.905280
vt 0.272497 0.988595
vt 0.246358 0.988595
vt 0.246358 0.864289
vt 0.272497 0.817344
vt 0.272497 0.864289
vt 0.173017 0.878884
vt 0.146621 0.988595
vt 0.246358 0.877953
vt 0.272497 0.891616
vt 0.246358 0.891616
vt 0.272497 0.905280
vt 0.247664 0.817802
vt 0.273802 0.804138
vt 0.247664 0.804138
vt 0.273802 0.790475
vt 0.247663 0.790475
vt 0.273802 0.776811
vt 0.247664 0.878410
vt 0.273802 0.878410
vt 0.247664 0.892074
vt 0.273802 0.892074
vt 0.246358 0.817344
vt 0.272497 0.803680
vt 0.246358 0.803680
vt 0.272497 0.790017
vt 0.246358 0.790017
vt 0.247663 0.693496
vt 0.273802 0.693496
vt 0.288910 0.539023
vt 0.369697 0.514787
vt 0.369697 0.539023
vt 0.288910 0.676361
vt 0.264674 0.539023
vt 0.369697 0.676361
vt 0.288910 0.700597
vt 0.393933 0.676361
vt 0.199014 0.867087
vt 0.231329 0.806766
vt 0.231329 0.867087
vt 0.183886 0.539023
vt 0.252556 0.551141
vt 0.196005 0.551141
vt 0.264674 0.676361
vt 0.252556 0.664243
vt 0.196005 0.664243
vt 0.183886 0.676361
vt 0.199014 0.806766
vt 0.138693 0.776605
vt 0.199014 0.776605
vt 0.199014 0.716285
vt 0.231329 0.686124
vt 0.231329 0.716285
vt 0.231329 0.776605
vt 0.147927 0.989052
vt 0.151463 0.892540
vt 0.161125 0.882878
vt 0.174323 0.879342
vt 0.234465 0.882878
vt 0.244127 0.892540
vt 0.247663 0.776811
vt 0.369697 0.700597
vt 0.520802 0.837074
vt 0.591752 0.825568
vt 0.591752 0.837074
vt 0.520802 0.966877
vt 0.591752 0.955370
vt 0.591752 0.966877
vt 0.520802 0.940916
vt 0.591752 0.929410
vt 0.591752 0.940916
vt 0.520802 0.914956
vt 0.591752 0.903449
vt 0.591752 0.914956
vt 0.520802 0.888995
vt 0.591752 0.877489
vt 0.591752 0.888995
vt 0.520802 0.863035
vt 0.591752 0.851528
vt 0.591752 0.863035
vt 0.520802 0.992837
vt 0.591752 0.981331
vt 0.591752 0.992837
vt 0.520802 0.811114
vt 0.591752 0.799607
vt 0.591752 0.811114
vt 0.611820 0.681751
vt 0.591571 0.690139
vt 0.584494 0.662596
vt 0.612132 0.634957
vt 0.631288 0.662284
vt 0.606807 0.647812
vt 0.612132 0.621581
vt 0.606807 0.608726
vt 0.631288 0.594254
vt 0.520802 0.825568
vt 0.591752 0.785153
vt 0.520802 0.799607
vt 0.520802 0.785153
vt 0.520802 0.981331
vt 0.520802 0.955370
vt 0.520802 0.929410
vt 0.520802 0.903449
vt 0.520802 0.877489
vt 0.520802 0.851528
vt 0.611820 0.574787
vt 0.597349 0.599267
vt 0.584494 0.593942
vt 0.639675 0.614503
vt 0.524323 0.662284
vt 0.543479 0.634957
vt 0.548804 0.647812
vt 0.543479 0.621581
vt 0.515936 0.614503
vt 0.639675 0.642035
vt 0.543791 0.574787
vt 0.564040 0.566399
vt 0.571117 0.593942
vt 0.543791 0.681751
vt 0.558262 0.657271
vt 0.571117 0.662596
vt 0.597349 0.657271
vt 0.591571 0.566399
vt 0.564040 0.690139
vt 0.558262 0.599267
vt 0.548804 0.608726
vt 0.524323 0.594254
vt 0.515936 0.642035
vt 0.796681 0.310266
vt 0.824878 0.362752
vt 0.796681 0.362752
vt 0.995218 0.379673
vt 0.964763 0.348182
vt 0.966857 0.337654
vt 0.824878 0.196739
vt 0.796681 0.144252
vt 0.824878 0.144252
vt 0.796681 0.196739
vt 0.824878 0.216152
vt 0.796681 0.216152
vt 0.796681 0.241244
vt 0.824878 0.253790
vt 0.796681 0.253790
vt 0.824878 0.266336
vt 0.796681 0.266336
vt 0.824878 0.278882
vt 0.796681 0.278882
vt 0.824878 0.291428
vt 0.796681 0.291428
vt 0.796681 0.228698
vt 0.824878 0.228698
vt 0.824878 0.241244
vt 0.994173 0.378343
vt 0.963718 0.347345
vt 0.965812 0.336817
vt 0.824878 0.310265
vt 0.938621 0.324429
vt 0.887703 0.271026
vt 0.938621 0.271026
vt 0.938724 0.201870
vt 0.887806 0.175912
vt 0.938724 0.175913
vt 0.887703 0.245068
vt 0.938621 0.245068
vt 0.937785 0.269082
vt 0.886867 0.322485
vt 0.886868 0.269082
vt 0.861888 0.316488
vt 0.887347 0.268149
vt 0.887347 0.321553
vt 0.862347 0.276167
vt 0.887806 0.324506
vt 0.862347 0.319442
vt 0.861408 0.274146
vt 0.861408 0.317421
vt 0.862244 0.276090
vt 0.887703 0.324429
vt 0.862244 0.319364
vt 0.938621 0.201793
vt 0.887703 0.175835
vt 0.938621 0.175835
vt 0.938265 0.242192
vt 0.887347 0.198917
vt 0.938265 0.198917
vt 0.937785 0.199849
vt 0.886868 0.243124
vt 0.886867 0.199849
vt 0.938265 0.172959
vt 0.887347 0.172959
vt 0.937785 0.243124
vt 0.887347 0.242192
vt 0.886867 0.173891
vt 0.937785 0.173891
vt 0.887806 0.245145
vt 0.887806 0.201870
vt 0.938265 0.268149
vt 0.887703 0.201793
vt 0.938724 0.324506
vt 0.887806 0.271103
vt 0.938724 0.271103
vt 0.938724 0.245145
vt 0.901023 0.438538
vt 0.951318 0.486863
vt 0.850729 0.438538
vt 0.742233 0.325376
vt 0.685726 0.223914
vt 0.752503 0.256767
vt 0.682785 0.240865
vt 0.768386 0.162380
vt 0.751905 0.234954
vt 0.951318 0.531686
vt 0.850729 0.575686
vt 0.850729 0.531686
vt 0.850729 0.603182
vt 0.951317 0.575686
vt 0.951318 0.603182
vt 0.850729 0.486863
vt 0.741263 0.327008
vt 0.704299 0.299921
vt 0.735256 0.165719
vt 0.800384 0.199424
vt 0.347143 0.879342
vt 0.360341 0.882878
vt 0.370002 0.892540
vt 0.373539 0.989052
vt 0.273802 0.905738
vt 0.287000 0.882878
vt 0.246358 0.776353
vt 0.276033 0.892082
vt 0.298893 0.878884
vt 0.345838 0.878884
vt 0.359036 0.882420
vt 0.372234 0.905280
vt 0.146621 0.905280
vt 0.150158 0.892082
vt 0.159819 0.882420
vt 0.219962 0.878884
vt 0.233160 0.882420
vt 0.242822 0.892082
vt 0.272497 0.877953
vt 0.288910 0.514787
vt 0.393933 0.539023
vt 0.138693 0.806766
vt 0.199014 0.686124
vt 0.958800 0.318202
vt 0.949875 0.312239
vt 0.950313 0.296128
vt 0.995218 0.296128
vt 0.950313 0.379673
vt 0.949875 0.363070
vt 0.958800 0.357107
vt 0.964763 0.327127
vt 0.957755 0.317365
vt 0.948830 0.311401
vt 0.949267 0.294798
vt 0.994173 0.294798
vt 0.949267 0.378343
vt 0.948830 0.362233
vt 0.957755 0.356269
vt 0.963718 0.326290
vt 0.937785 0.322485
vt 0.861888 0.273214
vt 0.938265 0.321553
vt 0.951318 0.438538
vt 0.875876 0.438538
vt 0.804666 0.318135
vt 0.774170 0.327965
vt 0.713717 0.310762
vt 0.692966 0.286348
vt 0.683136 0.255851
vt 0.700339 0.195399
vt 0.687668 0.272533
vt 0.690391 0.209740
vt 0.709331 0.183894
vt 0.736719 0.167264
vt 0.799512 0.169987
vt 0.803794 0.288698
s 1
g off
g RoverCuerpo_SpacialRoverExploreralumWhite
usemtl SpacialRoverExploreralumWhite
f 113/15/7 123/16/8 126/17/7
f 117/18/9 125/19/10 128/20/9
f 130/21/11 118/22/12 127/23/12
f 111/24/13 121/25/14 124/26/13
s 2
f 212/27/15 238/28/16 219/29/16
f 211/30/17 239/31/18 230/32/17
f 225/33/19 247/34/20 246/35/19
s 1
f 107/36/21 129/37/22 120/38/21
f 109/39/23 119/40/24 122/41/23
s 3
f 17/42/25 15/43/26 42/44/27
s 2
f 248/45/28 224/46/29 241/47/29
f 228/48/30 234/49/31 209/50/31
f 214/51/32 242/52/33 223/53/33
f 220/54/34 232/55/35 213/56/35
f 226/57/36 236/58/37 217/59/37
f 218/60/38 244/61/39 227/62/39
s 4
f 14/63/40 11/64/41 43/65/41
f 10/66/42 45/67/43 46/68/44
s 5
f 16/69/45 50/70/46 44/71/46
s 3
f 15/43/26 9/72/47 52/73/47
s 6
f 9/74/48 55/75/49 54/76/50
s 7
f 12/77/51 56/78/51 58/79/51
s 6
f 13/80/52 48/81/53 60/82/53
s 5
f 12/77/54 61/83/55 49/84/56
s 7
f 18/85/57 41/86/58 62/87/58
s 8
f 137/88/59 147/89/60 150/90/59
f 141/91/61 149/92/62 152/93/61
f 154/94/63 142/95/64 151/96/64
f 135/97/65 145/98/66 148/99/65
f 131/100/67 153/101/68 144/102/67
f 133/103/69 143/104/70 146/105/69
s 1
f 120/38/21 108/106/24 107/36/21
f 124/26/13 112/107/8 111/24/13
f 130/21/11 116/108/22 115/109/11
f 122/41/23 110/110/14 109/39/23
f 126/17/7 114/111/10 113/15/7
f 117/18/9 127/112/12 118/113/12
s 8
f 144/114/67 132/115/70 131/116/67
f 148/99/65 136/117/60 135/97/65
f 154/94/63 140/118/68 139/119/63
f 146/105/69 134/120/66 133/103/69
f 150/90/59 138/121/62 137/88/59
f 152/93/61 142/95/64 141/91/61
s 9
f 115/122/71 166/123/71 163/124/71
f 112/125/71 159/126/71 111/127/71
s 10
f 193/128/40 137/129/40 196/130/40
f 131/131/40 132/132/40 189/133/40
f 137/129/40 193/128/40 136/134/40
f 136/134/40 193/128/40 135/135/40
s 2
f 232/55/35 214/136/32 213/56/35
f 234/49/31 210/137/72 209/50/31
f 236/58/37 218/60/38 217/59/37
f 246/35/19 226/57/36 225/33/19
f 242/52/33 224/46/29 223/53/33
f 244/61/39 228/48/30 227/62/39
f 230/32/17 212/27/15 211/30/17
f 238/28/16 220/54/34 219/29/16
f 215/138/28 247/34/20 216/139/20
f 240/140/73 222/141/18 221/142/73
f 210/137/72 240/140/73 221/142/73
s 9
f 116/143/71 107/144/71 156/145/71
f 159/126/71 112/125/71 162/146/71
f 114/147/71 161/148/71 113/149/71
f 109/150/71 110/151/71 157/152/71
f 157/152/71 110/151/71 160/153/71
f 110/151/71 111/127/71 160/153/71
f 112/125/71 113/149/71 162/146/71
f 109/150/71 157/152/71 158/154/71
f 164/155/71 161/148/71 114/147/71
f 109/150/71 158/154/71 155/156/71
f 164/155/71 114/147/71 117/157/71
f 108/158/71 109/150/71 155/156/71
f 107/144/71 108/158/71 155/156/71
f 164/155/71 117/157/71 118/159/71
f 107/144/71 155/156/71 156/145/71
f 163/124/71 164/155/71 118/159/71
f 165/160/71 116/143/71 156/145/71
f 118/159/71 115/122/71 163/124/71
f 166/123/71 116/143/71 165/160/71
f 161/148/71 162/146/71 113/149/71
s 10
f 196/130/40 137/129/40 138/161/40
s 9
f 116/143/71 166/123/71 115/122/71
f 111/127/71 159/126/71 160/153/71
s 10
f 133/162/40 134/163/40 191/164/40
f 191/164/40 134/163/40 194/165/40
f 134/163/40 135/135/40 194/165/40
f 195/166/40 196/130/40 138/161/40
f 133/162/40 191/164/40 192/167/40
f 195/166/40 138/161/40 141/168/40
f 132/132/40 133/162/40 192/167/40
f 198/169/40 195/166/40 141/168/40
f 132/132/40 192/167/40 189/133/40
f 190/170/40 131/131/40 189/133/40
f 197/171/40 198/169/40 141/168/40
f 197/171/40 141/168/40 142/172/40
f 131/131/40 190/170/40 199/173/40
f 200/174/40 197/171/40 142/172/40
f 200/174/40 140/175/40 199/173/40
f 140/175/40 131/131/40 199/173/40
f 200/174/40 142/172/40 139/176/40
f 140/175/40 200/174/40 139/176/40
f 135/135/40 193/128/40 194/165/40
s 2
f 212/27/15 229/177/15 238/28/16
f 211/30/17 222/141/18 239/31/18
f 225/33/19 216/139/20 247/34/20
f 248/45/28 215/138/28 224/46/29
f 228/48/30 243/178/30 234/49/31
f 214/51/32 231/179/32 242/52/33
f 220/54/34 237/180/34 232/55/35
f 226/57/36 245/181/36 236/58/37
f 218/60/38 235/182/38 244/61/39
f 232/55/35 231/183/32 214/136/32
f 234/49/31 233/184/72 210/137/72
f 236/58/37 235/182/38 218/60/38
f 246/35/19 245/181/36 226/57/36
f 242/52/33 241/47/29 224/46/29
f 244/61/39 243/178/30 228/48/30
f 230/32/17 229/177/15 212/27/15
f 238/28/16 237/180/34 220/54/34
f 215/138/28 248/45/28 247/34/20
f 240/140/73 239/31/18 222/141/18
f 210/137/72 233/184/72 240/140/73
s 11
f 263/185/74 281/186/74 249/187/74
f 256/188/74 291/189/74 258/190/74
f 250/191/74 281/186/74 284/192/74
f 251/193/74 296/194/74 282/195/74
f 259/196/74 290/197/74 292/198/74
f 252/199/74 282/195/74 285/200/74
f 260/201/74 293/202/74 261/203/74
f 253/204/74 284/192/74 286/205/74
f 258/190/74 283/206/74 260/201/74
f 254/207/74 285/200/74 287/208/74
f 262/209/74 292/198/74 294/210/74
f 253/204/74 288/211/74 255/212/74
f 261/203/74 295/213/74 263/185/74
f 254/207/74 289/214/74 256/188/74
f 264/215/74 294/210/74 296/194/74
f 257/216/74 288/211/74 290/197/74
s 12
f 281/217/75 301/218/76 284/219/76
s 13
f 271/220/77 334/221/78 333/222/79
s 12
f 282/223/80 309/224/71 285/225/71
f 284/219/76 302/226/81 286/227/81
f 285/225/71 310/228/82 287/229/82
f 286/227/81 303/230/83 288/231/83
f 289/232/84 310/228/82 311/233/84
f 288/231/83 304/234/85 290/235/85
f 289/232/84 312/236/86 291/237/86
f 290/235/85 305/238/87 292/239/87
f 283/240/40 297/241/88 293/242/88
f 291/237/86 298/243/40 283/240/40
f 294/244/89 305/238/87 306/245/89
f 295/246/90 297/241/88 299/247/90
f 294/244/89 307/248/91 296/249/91
f 281/217/75 299/250/90 300/251/75
f 296/249/91 308/252/80 282/223/80
s 14
f 266/253/74 297/254/74 298/255/74
f 265/256/74 299/257/74 297/254/74
f 267/258/74 300/259/74 299/257/74
f 268/260/74 301/261/74 300/259/74
f 269/262/74 302/263/74 301/261/74
f 270/264/74 303/265/74 302/263/74
f 271/266/74 304/267/74 303/265/74
f 273/268/74 304/267/74 272/269/74
f 274/270/74 305/271/74 273/268/74
f 275/272/74 306/273/74 274/270/74
f 276/274/74 307/275/74 275/272/74
f 277/276/74 308/277/74 276/274/74
f 278/278/74 309/279/74 277/276/74
f 279/280/74 310/281/74 278/278/74
f 280/282/74 311/283/74 279/280/74
f 280/282/74 298/255/74 312/284/74
s 13
f 279/285/92 338/286/93 337/287/94
f 273/288/95 341/289/96 342/290/97
f 265/291/98 266/292/99 345/293/100
f 266/292/101 340/294/102 348/295/103
f 273/288/95 349/296/104 350/297/105
f 267/298/106 347/299/107 352/300/108
f 275/301/109 354/302/110 356/303/111
f 267/304/106 357/305/112 358/306/113
f 276/307/114 356/303/111 359/308/115
f 268/309/116 361/310/117 362/311/118
f 277/312/119 360/313/120 363/314/121
f 269/315/122 365/316/123 366/317/124
f 278/318/125 364/319/126 367/320/127
f 270/321/128 369/322/129 335/323/130
f 279/285/92 368/324/131 370/325/132
s 15
f 321/326/133 332/327/133 322/328/133
s 16
f 394/329/40 332/330/40 330/331/40
s 17
f 318/332/134 329/333/134 319/334/134
s 18
f 315/335/71 395/336/71 316/337/71
s 19
f 322/338/135 324/339/135 314/340/135
s 20
f 320/341/136 329/333/136 330/342/136
s 21
f 317/343/137 395/336/137 327/344/137
s 22
f 313/345/138 324/339/138 323/346/138
s 23
f 321/326/76 330/342/76 331/347/76
s 24
f 317/343/139 328/348/139 318/332/139
s 25
f 313/345/140 396/349/140 315/335/140
s 26
f 390/350/135 372/351/135 371/352/135
s 27
f 387/353/133 390/354/133 388/355/133
s 28
f 385/356/76 388/355/76 386/357/76
s 29
f 383/358/136 386/357/136 384/359/136
s 30
f 381/360/134 384/359/134 382/361/134
s 31
f 379/362/139 382/361/139 380/363/139
s 32
f 377/364/137 380/363/137 378/365/137
s 33
f 375/366/71 378/365/71 376/367/71
s 34
f 373/368/140 376/367/140 374/369/140
s 35
f 372/351/138 374/369/138 371/352/138
s 21
f 327/344/137 395/336/137 394/370/137
s 36
f 396/349/140 323/346/140 393/371/140
s 37
f 325/372/71 394/370/71 326/373/71
f 326/373/71 395/336/71 392/374/71
f 391/375/71 393/371/71 325/372/71
f 392/374/71 396/349/71 391/375/71
s 38
f 417/376/141 402/377/142 413/378/142
s 39
f 422/379/143 418/380/143 414/381/143
s 40
f 410/382/144 416/383/145 423/384/144
s 41
f 404/385/74 412/386/74 408/387/74
s 42
f 407/388/146 422/389/147 420/390/146
s 43
f 408/387/148 421/391/149 419/392/148
s 42
f 409/393/150 420/390/146 421/394/150
s 40
f 423/384/144 412/395/151 410/382/144
s 42
f 424/396/152 411/397/147 412/395/152
s 43
f 414/381/153 403/398/154 401/399/153
s 38
f 415/400/155 402/377/142 403/401/155
s 40
f 416/383/145 406/402/156 418/403/156
s 38
f 406/402/157 417/376/141 418/403/157
s 43
f 419/392/148 401/399/153 408/387/148
s 44
f 492/404/87 438/405/158 437/406/87
f 491/407/158 439/408/159 438/405/158
f 493/409/159 440/410/71 439/408/159
f 494/411/71 441/412/160 440/410/71
f 495/413/160 442/414/161 441/412/160
f 496/415/161 443/416/40 442/414/161
f 443/416/40 498/417/162 444/418/162
f 444/418/162 499/419/163 445/420/163
f 499/419/163 446/421/76 445/420/163
f 446/421/76 501/422/164 447/423/164
s 45
f 435/424/160 514/425/161 436/426/161
s 44
f 501/427/164 448/428/165 447/429/164
f 502/430/165 437/406/87 448/428/165
s 46
f 473/431/87 480/432/87 479/433/87
s 47
f 474/434/143 481/435/143 480/432/143
s 48
f 476/436/74 479/433/74 482/437/74
s 49
f 474/434/76 476/438/76 478/439/76
s 50
f 477/440/166 479/433/166 480/432/166
s 47
f 477/441/143 480/432/143 481/435/143
s 48
f 479/433/74 475/442/74 482/437/74
s 51
f 426/443/143 492/444/143 425/445/143
f 426/443/143 493/446/143 491/447/143
f 428/448/143 493/446/143 427/449/143
f 428/448/143 495/450/143 494/451/143
f 430/452/143 495/450/143 429/453/143
f 431/454/143 496/455/143 430/452/143
f 431/454/143 498/456/143 497/457/143
f 433/458/143 498/456/143 432/459/143
f 434/460/143 499/461/143 433/458/143
f 434/460/143 501/462/143 500/463/143
f 435/464/143 502/465/143 501/462/143
f 425/445/143 502/465/143 436/466/143
s 45
f 425/467/40 503/468/162 426/469/162
f 432/470/158 511/471/159 433/472/159
f 429/473/164 508/474/165 430/475/165
f 436/426/161 504/476/40 425/467/40
f 426/469/162 505/477/163 427/478/163
f 433/472/159 512/479/71 434/480/71
f 430/475/165 509/481/87 431/482/87
f 427/478/163 506/483/76 428/484/76
f 434/480/71 513/485/160 435/486/160
f 431/482/87 510/487/158 432/470/158
f 428/484/76 507/488/164 429/473/164
s 52
f 597/489/143 588/490/143 587/491/143
s 53
f 598/492/76 619/493/76 588/490/76
s 54
f 563/494/143 564/495/143 561/496/143
s 55
f 561/496/71 610/497/71 563/494/71
s 56
f 566/498/76 612/499/76 564/495/76
s 57
f 587/491/71 608/500/71 597/489/71
s 58
f 625/501/167 634/502/168 623/503/168
f 625/501/167 636/504/169 635/505/167
f 623/503/168 633/506/170 621/507/170
f 627/508/169 637/509/171 636/504/169
s 59
f 638/510/143 643/511/143 637/512/143
s 60
f 634/513/172 639/514/172 633/515/172
s 61
f 636/516/173 641/517/173 635/518/173
s 62
f 638/519/174 639/514/174 644/520/174
s 63
f 637/512/175 642/521/175 636/516/175
s 64
f 635/518/74 640/522/74 634/513/74
s 58
f 631/523/176 633/506/170 638/524/176
s 65
f 640/525/87 642/526/87 644/527/87
s 58
f 631/523/176 637/509/171 629/528/171
s 66
f 740/529/177 758/530/178 741/531/178
f 734/532/179 754/533/180 737/534/180
f 738/535/181 756/536/182 739/537/182
f 746/538/183 764/539/184 747/540/184
f 742/541/185 760/542/186 743/543/186
f 748/544/187 752/545/188 735/546/188
s 67
f 762/547/71 758/548/71 754/549/71
s 66
f 744/550/189 762/551/190 745/552/190
f 754/533/180 738/535/181 737/534/180
f 740/529/177 756/536/182 755/553/177
f 752/545/188 736/554/191 735/546/188
f 734/555/179 750/556/192 749/557/179
f 764/539/184 748/544/187 747/540/184
f 760/542/186 744/550/189 743/543/186
f 746/538/183 762/551/190 761/558/183
f 742/541/185 758/530/178 757/559/185
f 736/554/191 750/556/192 733/560/192
s 68
f 803/561/193 801/562/193 804/563/193
s 69
f 864/564/143 859/565/143 867/566/143
s 70
f 800/567/76 865/568/76 799/569/76
s 71
f 802/570/71 798/571/71 801/572/71
s 72
f 798/571/143 864/564/143 862/573/143
s 73
f 799/574/74 860/575/74 802/576/74
s 70
f 805/577/76 799/569/76 806/578/76
s 74
f 803/579/87 799/574/87 802/576/87
s 75
f 803/561/194 808/580/195 809/581/195
s 74
f 810/582/87 803/579/87 809/583/87
s 70
f 807/584/76 806/578/76 810/585/76
s 76
f 812/586/196 920/587/196 814/588/196
s 77
f 814/588/74 811/589/74 812/586/74
s 75
f 816/590/71 813/591/71 892/592/71
f 808/580/195 892/593/71 809/581/195
s 74
f 810/582/87 892/594/87 893/595/87
s 70
f 810/585/76 815/596/76 807/584/76
s 78
f 825/597/87 831/598/87 818/599/87
s 79
f 824/600/76 820/601/76 821/602/76
s 78
f 823/603/87 818/599/87 820/604/87
s 80
f 821/602/197 819/605/197 817/606/197
s 81
f 822/607/198 818/599/198 819/605/198
s 82
f 823/603/199 826/608/199 825/597/199
s 83
f 824/609/200 895/610/200 826/608/200
s 77
f 814/588/74 817/606/74 813/611/74
s 84
f 829/612/71 833/613/71 834/614/71
s 81
f 818/599/198 829/615/198 819/605/198
s 85
f 813/591/40 827/616/40 892/592/40
s 83
f 895/610/200 832/617/200 826/608/200
s 80
f 819/605/197 830/618/197 817/606/197
s 86
f 892/619/143 834/620/143 895/610/143
s 82
f 826/608/199 833/621/199 825/597/199
s 77
f 817/606/74 828/622/74 813/611/74
s 87
f 802/570/91 859/623/91 797/624/91
s 70
f 865/568/76 861/625/76 799/569/76
s 88
f 861/626/87 867/627/87 859/623/87
s 89
f 863/628/67 864/564/67 865/629/67
f 865/629/67 867/566/67 866/630/67
s 86
f 895/610/143 893/631/143 892/619/143
s 90
f 923/632/76 920/587/76 921/633/76
s 91
f 893/634/87 920/587/87 922/635/87
s 92
f 893/636/143 923/632/143 815/637/143
s 93
f 928/638/193 930/639/193 931/640/193
s 94
f 991/641/143 986/642/143 924/643/143
s 95
f 992/644/76 927/645/76 926/646/76
s 96
f 925/647/71 929/648/71 928/649/71
s 94
f 991/641/143 925/647/143 989/650/143
s 97
f 987/651/74 926/652/74 929/653/74
s 95
f 926/646/76 932/654/76 933/655/76
s 98
f 930/656/40 926/652/40 933/657/40
s 99
f 935/658/195 930/639/194 936/659/195
s 98
f 930/656/40 937/660/40 936/661/40
s 95
f 933/655/76 934/662/76 937/663/76
s 100
f 1047/664/196 939/665/196 941/666/196
s 101
f 938/667/74 941/666/74 939/665/74
s 99
f 940/668/71 943/669/71 1019/670/71
f 1019/671/71 935/658/195 936/659/195
s 98
f 937/660/40 1019/672/40 936/661/40
s 95
f 942/673/76 937/663/76 934/662/76
s 102
f 958/674/40 952/675/40 945/676/40
s 103
f 947/677/76 951/678/76 1020/679/76
s 102
f 950/680/40 945/676/40 952/675/40
s 104
f 946/681/201 948/682/201 944/683/201
s 105
f 945/676/202 949/684/202 946/681/202
s 106
f 953/685/203 950/680/203 952/675/203
s 107
f 1022/686/204 951/687/204 953/685/204
s 108
f 944/683/74 941/666/74 940/688/74
s 109
f 960/689/71 956/690/71 955/691/71
s 105
f 956/692/202 945/676/202 946/681/202
s 110
f 954/693/87 940/668/87 1019/670/87
s 107
f 959/694/204 1022/686/204 953/685/204
s 104
f 957/695/201 946/681/201 944/683/201
s 111
f 961/696/143 1019/697/143 1022/686/143
s 106
f 960/698/203 953/685/203 952/675/203
s 108
f 955/699/74 944/683/74 940/688/74
s 112
f 986/700/84 929/648/84 924/643/84
s 95
f 988/701/76 992/644/76 926/646/76
s 113
f 986/700/40 993/702/40 988/703/40
s 114
f 991/641/67 990/704/67 992/705/67
f 994/706/67 992/705/67 993/707/67
s 111
f 1020/708/143 1022/686/143 1019/697/143
s 115
f 1050/709/76 1047/664/76 1049/710/76
s 116
f 1020/711/40 1047/664/40 941/712/40
s 117
f 1050/709/143 1020/713/143 942/714/143
s 118
f 1167/715/87 1173/716/87 1183/717/87
s 119
f 1168/718/205 1170/719/205 1167/715/205
s 120
f 1169/720/206 1175/721/207 1170/722/207
s 121
f 1200/723/40 1191/724/40 1201/725/40
s 120
f 1193/726/208 1200/727/209 1204/728/209
s 122
f 1174/729/210 1186/730/211 1178/731/212
f 1178/731/212 1187/732/213 1177/733/214
f 1177/733/214 1185/734/215 1179/735/216
f 1181/736/217 1179/735/216 1185/734/215
f 1176/737/218 1180/738/59 1175/739/59
f 1171/740/219 1180/738/59 1182/741/220
f 1172/742/221 1182/741/220 1184/743/222
f 1173/744/223 1184/743/222 1183/745/223
s 120
f 1193/726/208 1196/746/224 1190/747/225
s 123
f 1168/718/40 1189/748/40 1169/749/40
s 124
f 1194/750/226 1189/751/226 1192/752/226
s 120
f 1189/753/227 1204/728/209 1199/754/228
s 125
f 1197/755/226 1195/756/226 1198/757/226
s 126
f 1193/758/87 1198/757/87 1195/756/87
s 121
f 1190/759/40 1197/755/40 1191/760/40
s 127
f 1174/761/229 1202/762/230 1188/763/231
s 128
f 1240/764/87 1293/765/87 1294/766/87
s 129
f 1224/767/74 1292/768/74 1293/769/74
s 130
f 1234/770/71 1241/771/71 1240/764/71
f 1233/772/71 1238/773/71 1234/770/71
f 1232/774/71 1237/775/71 1233/772/71
f 1231/776/232 1320/777/71 1319/778/71
s 131
f 1298/779/76 1282/780/233 1281/781/233
s 128
f 1319/778/87 1297/782/87 1318/783/87
f 1232/774/87 1296/784/87 1297/782/87
f 1233/772/87 1295/785/87 1296/784/87
s 130
f 1240/764/71 1226/786/71 1224/767/71
s 128
f 1234/770/87 1294/766/87 1295/785/87
s 132
f 1283/787/234 1243/788/234 1280/789/234
s 128
f 1281/781/87 1243/790/87 1231/776/87
s 130
f 1243/788/235 1235/791/232 1231/776/232
s 133
f 1300/792/40 1258/793/40 1301/794/40
s 134
f 1248/795/143 1306/796/143 1225/797/143
s 129
f 1292/768/74 1249/798/74 1300/799/74
s 130
f 1241/771/71 1257/800/71 1258/793/71
f 1238/773/71 1256/801/71 1257/800/71
f 1237/775/71 1255/802/71 1256/801/71
f 1320/777/71 1254/803/232 1322/804/71
s 131
f 1282/780/233 1305/805/76 1285/806/233
s 0
f 1321/807/236 1329/808/76 1322/804/237
s 133
f 1303/809/40 1255/802/40 1304/810/40
f 1302/811/40 1256/801/40 1303/809/40
s 130
f 1226/786/71 1258/793/71 1249/798/71
s 133
f 1301/794/40 1257/800/40 1302/811/40
s 130
f 1363/812/238 1414/813/239 1260/814/240
s 136
f 1254/803/40 1284/815/40 1285/816/40
s 130
f 1235/791/232 1363/817/238 1260/818/240
s 131
f 1283/787/241 1282/819/233 1285/820/233
f 1223/821/76 1292/822/76 1225/823/76
f 1227/824/76 1294/766/76 1223/821/76
f 1228/825/76 1295/785/76 1227/824/76
f 1229/826/76 1296/784/76 1228/825/76
f 1230/827/76 1318/783/76 1323/828/76
f 1230/827/76 1299/829/76 1298/779/76
f 1223/821/76 1294/766/76 1293/765/76
f 1248/830/76 1292/822/76 1300/831/76
f 1250/832/76 1301/833/76 1302/834/76
f 1250/832/76 1303/835/76 1251/836/76
f 1251/836/76 1304/837/76 1252/838/76
f 1324/839/76 1304/837/76 1321/840/76
f 1253/841/76 1299/829/76 1239/842/76
f 1248/830/76 1300/831/76 1301/833/76
s 137
f 1317/843/76 1312/844/76 1325/845/76
s 138
f 1225/797/143 1307/846/143 1223/847/143
s 139
f 1250/848/87 1313/849/87 1248/850/87
s 140
f 1223/851/40 1308/852/40 1227/853/40
s 141
f 1251/854/87 1314/855/87 1250/848/87
s 140
f 1227/853/40 1309/856/40 1228/857/40
s 141
f 1252/858/87 1315/859/87 1251/854/87
s 142
f 1228/857/40 1310/860/40 1229/861/40
s 141
f 1253/862/87 1326/863/87 1324/864/87
s 142
f 1229/861/40 1325/845/40 1323/865/40
s 143
f 1239/866/74 1317/843/74 1253/867/74
f 1230/868/74 1312/844/74 1239/866/74
s 142
f 1323/865/40 1311/869/40 1230/870/40
s 141
f 1324/864/87 1316/871/87 1252/858/87
s 144
f 1316/871/76 1310/860/76 1313/872/76
s 131
f 1253/841/76 1321/840/76 1305/805/76
f 1323/828/76 1297/782/76 1229/826/76
s 136
f 1321/807/40 1254/803/40 1305/873/40
s 145
f 1236/874/143 1330/875/143 1255/802/143
s 128
f 1231/776/87 1318/783/87 1298/779/87
s 146
f 1322/804/74 1327/876/74 1320/777/74
s 130
f 1232/774/71 1320/777/71 1236/874/71
s 147
f 1346/877/87 1349/878/87 1348/879/87
s 148
f 1349/878/74 1357/880/74 1351/881/74
s 149
f 1343/882/143 1332/883/143 1345/884/143
s 150
f 1332/885/71 1356/886/71 1355/887/71
s 151
f 1352/888/40 1343/882/40 1342/889/40
s 152
f 1341/890/242 1342/891/242 1343/892/242
s 153
f 1344/893/243 1345/894/243 1346/895/243
s 154
f 1347/896/244 1348/897/244 1349/898/244
s 155
f 1350/899/245 1351/900/245 1352/901/245
s 147
f 1358/902/87 1332/883/87 1355/887/87
s 151
f 1357/903/40 1331/904/40 1343/882/40
s 148
f 1357/880/74 1355/887/74 1356/886/74
s 156
f 1362/905/71 1359/906/71 1361/907/71
s 157
f 1374/908/74 1378/909/74 1360/910/74
s 158
f 1354/911/76 1380/912/76 1386/913/76
s 159
f 1382/914/87 1359/906/87 1377/915/87
s 160
f 1368/916/87 1416/917/87 1366/918/87
s 132
f 1363/817/234 1283/787/234 1364/919/234
s 136
f 1260/920/40 1412/921/40 1284/922/40
s 161
f 1364/923/87 1413/924/87 1363/925/87
s 162
f 1284/926/246 1411/927/246 1364/928/246
s 163
f 1385/929/40 1373/930/40 1360/910/40
s 164
f 1335/931/76 1395/932/76 1336/933/76
f 1339/934/76 1397/935/76 1340/936/76
f 1338/937/76 1400/938/76 1399/939/76
f 1334/940/76 1402/941/76 1401/942/76
f 1334/940/76 1396/943/76 1335/931/76
f 1336/933/76 1398/944/76 1339/934/76
f 1340/936/76 1400/938/76 1337/945/76
f 1333/946/76 1399/939/76 1402/941/76
s 165
f 1365/947/234 1412/948/234 1366/949/234
f 1367/950/234 1414/813/234 1413/951/234
f 1368/916/234 1412/921/234 1414/952/234
f 1367/953/234 1411/954/234 1365/955/234
s 166
f 1366/949/239 1415/956/239 1365/947/239
s 167
f 1367/953/40 1415/956/40 1417/957/40
s 168
f 1367/950/246 1418/958/246 1368/959/246
s 169
f 1424/960/66 1428/961/66 1432/962/66
s 170
f 1438/963/247 1468/964/248 1436/965/248
s 171
f 1435/966/143 1470/967/247 1437/968/247
s 170
f 1438/963/247 1472/969/249 1469/970/247
s 171
f 1439/971/250 1470/967/247 1471/972/250
s 170
f 1442/973/251 1472/969/249 1440/974/249
s 172
f 1447/975/40 1510/976/40 1449/977/40
s 173
f 1446/978/252 1480/979/253 1478/980/252
s 174
f 1479/981/87 1515/982/87 1514/983/87
s 173
f 1448/984/253 1481/985/254 1480/979/253
s 172
f 1443/986/40 1508/987/40 1445/988/40
s 171
f 1449/977/255 1484/989/74 1451/990/74
s 173
f 1483/991/74 1454/992/256 1485/993/256
s 171
f 1451/990/74 1486/994/256 1453/995/256
s 173
f 1454/992/256 1487/996/59 1485/993/256
s 171
f 1453/995/256 1488/997/59 1455/998/59
s 173
f 1456/999/59 1490/1000/257 1487/996/59
s 171
f 1457/1001/257 1488/997/59 1489/1002/257
s 173
f 1458/1003/257 1492/1004/71 1490/1000/257
s 171
f 1457/1001/257 1491/1005/71 1459/1006/71
s 173
f 1492/1004/71 1462/1007/258 1494/1008/258
s 171
f 1459/1006/71 1493/1009/258 1461/1010/258
s 173
f 1464/1011/64 1494/1008/258 1462/1007/258
s 171
f 1463/1012/64 1493/1009/258 1495/1013/64
s 175
f 1444/1014/87 1466/1015/259 1458/1016/87
s 173
f 1464/1011/64 1498/1017/260 1496/1018/64
s 171
f 1465/1019/261 1495/1013/64 1497/1020/261
s 176
f 1436/1021/262 1523/1022/262 1521/1023/262
s 171
f 1435/966/143 1497/1020/261 1467/1024/143
s 172
f 1447/975/40 1455/1025/40 1463/1026/40
s 174
f 1488/1027/87 1479/981/87 1471/972/87
s 177
f 1469/1028/40 1483/1029/40 1492/1030/40
s 174
f 1477/1031/87 1514/983/87 1512/1032/87
f 1475/1033/87 1512/1032/87 1511/1034/87
s 171
f 1471/972/250 1505/1035/263 1439/971/250
s 172
f 1443/986/40 1506/1036/40 1507/1037/40
f 1445/988/40 1509/1038/40 1447/975/40
s 174
f 1473/1039/87 1516/1040/87 1471/972/87
f 1475/1033/87 1513/1041/87 1473/1039/87
s 172
f 1441/1042/40 1505/1043/40 1506/1036/40
s 173
f 1483/991/74 1450/1044/254 1452/1045/74
s 175
f 1436/1021/264 1522/1046/265 1466/1047/259
s 177
f 1468/1048/266 1524/1049/267 1523/1022/268
s 178
f 1466/1050/269 1524/1049/269 1498/1051/269
s 171
f 1449/977/255 1515/1052/270 1482/1053/255
s 179
f 1328/1054/40 1320/1055/40 1327/1056/40
s 180
f 1328/1054/71 1329/1057/71 1330/1058/71
s 120
f 1171/1059/207 1172/1060/207 1170/722/207
f 1172/1060/207 1173/1061/207 1170/722/207
f 1189/1062/227 1176/1063/271 1169/720/206
f 1176/1063/271 1175/721/207 1169/720/206
f 1199/1064/228 1178/1065/272 1189/1062/227
f 1177/1066/273 1179/1067/274 1189/1062/227
f 1179/1067/274 1176/1063/271 1189/1062/227
f 1178/1065/272 1177/1066/273 1189/1062/227
f 1199/1064/228 1174/1068/275 1178/1065/272
f 1175/721/207 1171/1059/207 1170/722/207
s 127
f 1204/1069/276 1201/725/276 1203/1070/276
s 137
f 1316/871/76 1326/863/76 1325/845/76
s 144
f 1310/860/76 1307/1071/76 1313/872/76
s 137
f 1316/871/76 1325/845/76 1310/860/76
s 181
f 1618/1072/87 1615/1073/277 1616/1074/87
f 1620/1075/277 1614/1076/278 1615/1073/277
f 1621/1077/278 1613/1078/279 1614/1076/278
f 1613/1078/279 1624/1079/280 1612/1080/280
f 1624/1079/280 1611/1081/281 1612/1080/280
f 1611/1081/281 1627/1082/282 1610/1083/282
f 1610/1083/282 1628/1084/283 1609/1085/283
f 1628/1086/283 1608/1087/40 1609/1088/283
f 1630/1089/40 1607/1090/284 1608/1087/40
f 1607/1090/284 1633/1091/285 1606/1092/285
f 1633/1091/285 1605/1093/286 1606/1092/285
f 1634/1094/286 1604/1095/287 1605/1093/286
f 1636/1096/287 1603/1097/288 1604/1095/287
f 1603/1097/288 1639/1098/289 1602/1099/289
s 182
f 1633/1100/290 1627/1101/290 1621/1102/290
s 181
f 1639/1098/289 1601/1103/291 1602/1099/289
f 1601/1103/291 1618/1072/87 1616/1074/87
s 183
f 1578/1104/292 1574/1105/292 1570/1106/292
s 184
f 1666/1107/293 1746/1108/294 1745/1109/293
f 1747/1110/295 1672/1111/296 1748/1112/296
f 1748/1112/296 1674/1113/297 1749/1114/298
f 1674/1115/297 1752/1116/299 1749/1117/298
f 1676/1118/300 1753/1119/301 1752/1116/299
f 1706/1120/302 1737/1121/301 1744/1122/302
f 1750/1123/303 1688/1124/304 1757/1125/304
f 1678/1126/301 1790/1127/302 1680/1127/302
f 1696/1128/305 1745/1109/293 1754/1129/305
s 185
f 1675/1130/66 1683/1131/66 1691/1132/66
s 184
f 1747/1110/295 1668/1133/294 1670/1134/295
s 185
f 1669/1135/66 1700/1136/66 1701/1137/66
f 1669/1135/66 1702/1138/66 1671/1139/66
f 1671/1139/66 1703/1140/66 1673/1141/66
f 1677/1142/66 1704/1143/66 1705/1144/66
f 1677/1142/66 1706/1145/66 1679/1146/66
f 1681/1147/66 1706/1145/66 1707/1148/66
f 1683/1131/66 1709/1149/66 1685/1150/66
f 1687/1151/66 1709/1149/66 1710/1152/66
f 1689/1153/66 1710/1152/66 1711/1154/66
f 1693/1155/66 1712/1156/66 1713/1157/66
f 1695/1158/66 1713/1157/66 1714/1159/66
f 1695/1158/66 1699/1160/66 1665/1161/66
s 184
f 1755/1162/306 1696/1128/305 1754/1129/305
f 1756/1163/307 1694/1164/306 1755/1162/306
f 1751/1165/308 1682/1166/309 1684/1167/308
f 1757/1125/304 1690/1168/310 1758/1169/310
f 1756/1163/307 1690/1168/310 1692/1170/311
f 1750/1123/303 1684/1167/308 1686/1171/303
f 1759/1172/309 1680/1127/302 1682/1166/309
f 1753/1119/301 1680/1127/302 1760/1173/302
f 1707/1174/312 1744/1122/302 1743/1175/309
f 1709/1176/303 1735/1177/308 1734/1178/303
f 1712/1179/313 1742/1180/310 1740/1181/307
f 1710/1182/304 1742/1180/310 1711/1183/314
f 1708/1184/315 1743/1175/309 1735/1177/308
f 1712/1179/313 1739/1185/306 1713/1186/306
f 1713/1186/306 1738/1187/305 1714/1188/305
f 1700/1189/316 1731/1190/295 1701/1191/295
f 1714/1188/305 1698/1192/293 1699/1193/317
f 1709/1176/303 1741/1194/304 1710/1182/304
f 1736/1195/300 1705/1196/301 1704/1197/318
f 1733/1198/298 1704/1197/318 1703/1199/298
f 1702/1200/296 1733/1201/298 1703/1202/298
f 1701/1191/295 1732/1203/296 1702/1200/296
f 1699/1193/317 1697/1204/294 1700/1189/316
f 1744/1122/302 1753/1119/301 1769/1205/319
f 1744/1122/302 1768/1206/312 1743/1175/309
f 1735/1177/308 1750/1123/303 1734/1178/303
f 1742/1180/310 1756/1163/307 1740/1181/307
f 1741/1194/304 1758/1169/310 1742/1180/310
f 1735/1177/308 1768/1206/312 1770/1207/312
f 1734/1178/303 1757/1125/304 1741/1194/304
f 1752/1116/299 1737/1121/301 1772/1208/320
f 1733/1198/298 1772/1208/320 1736/1195/300
s 186
f 1767/1209/321 1777/1210/321 1775/1211/321
s 184
f 1769/1205/319 1759/1172/309 1770/1207/312
s 187
f 1769/1212/64 1778/1213/64 1777/1210/64
s 184
f 1774/1214/322 1749/1117/298 1752/1116/299
s 188
f 1775/1211/323 1778/1213/323 1776/1215/323
s 189
f 1779/1216/324 1781/1217/324 1782/1218/324
s 190
f 1772/1219/325 1782/1218/325 1774/1220/325
s 191
f 1771/1221/66 1779/1216/66 1772/1222/66
s 192
f 1768/1223/326 1778/1213/326 1770/1224/326
s 193
f 1767/1225/66 1776/1215/66 1768/1226/66
s 194
f 1774/1227/64 1781/1217/64 1773/1228/64
s 195
f 1773/1229/327 1780/1230/328 1771/1231/328
s 196
f 1783/1232/64 1802/1233/64 1801/1234/64
s 184
f 1686/1171/303 1794/1124/304 1688/1124/304
f 1696/1128/305 1803/1235/329 1805/1236/329
f 1674/1113/297 1786/1111/296 1787/1113/297
f 1680/1127/302 1791/1166/309 1682/1166/309
f 1690/1168/310 1794/1124/304 1795/1168/310
f 1668/1133/294 1783/1107/293 1784/1133/294
f 1674/1115/297 1788/1118/300 1676/1118/300
f 1684/1167/308 1791/1166/309 1792/1167/308
f 1692/1170/311 1795/1168/310 1796/1170/311
f 1668/1133/294 1785/1134/295 1670/1134/295
f 1678/1126/301 1788/1118/300 1789/1126/301
f 1684/1167/308 1793/1171/303 1686/1171/303
f 1692/1170/311 1796/1170/311 1807/1237/330
f 1666/1107/293 1806/1128/331 1808/1238/332
f 1670/1134/295 1786/1111/296 1672/1111/296
s 197
f 1797/1239/333 1804/1240/71 1807/1241/71
s 198
f 1800/1242/87 1808/1243/334 1802/1244/335
s 199
f 1798/1245/74 1807/1241/74 1799/1246/74
s 197
f 1803/1247/336 1798/1248/80 1805/1249/80
s 198
f 1805/1249/89 1801/1250/89 1808/1251/334
s 196
f 1801/1234/64 1799/1252/64 1796/1253/64
f 1796/1253/64 1795/1254/64 1801/1234/64
f 1795/1254/64 1794/1255/64 1801/1234/64
f 1794/1255/64 1793/1256/64 1801/1234/64
f 1793/1256/64 1792/1257/64 1801/1234/64
f 1792/1257/64 1791/1258/64 1801/1234/64
f 1791/1258/64 1790/1259/64 1801/1234/64
f 1790/1259/64 1789/1260/64 1801/1234/64
f 1789/1260/64 1788/1261/64 1801/1234/64
f 1788/1261/64 1787/1262/64 1801/1234/64
f 1787/1262/64 1786/1263/64 1801/1234/64
f 1786/1263/64 1785/1264/64 1801/1234/64
f 1785/1264/64 1784/1265/64 1801/1234/64
f 1784/1265/64 1783/1232/64 1801/1234/64
f 1783/1232/64 1800/1266/64 1802/1233/64
s 1
f 113/15/7 112/107/8 123/16/8
f 117/18/9 114/111/10 125/19/10
f 130/21/11 115/109/11 118/22/12
f 111/24/13 110/110/14 121/25/14
f 107/36/21 116/108/22 129/37/22
f 109/39/23 108/106/24 119/40/24
s 3
f 15/43/26 40/1267/337 39/1268/25
f 42/44/27 41/86/338 17/42/25
f 15/43/26 39/1268/25 42/44/27
s 4
f 43/65/41 45/67/43 14/63/40
f 11/64/41 44/71/41 43/65/41
f 47/1269/42 48/81/42 10/66/42
f 10/66/42 14/63/40 45/67/43
f 46/68/44 47/1269/42 10/66/42
s 200
f 44/71/46 11/64/46 16/69/339
s 5
f 16/69/45 49/84/56 50/70/46
s 3
f 53/1270/47 40/1267/337 15/43/26
f 9/72/47 51/1271/47 52/73/47
f 52/73/47 53/1270/47 15/43/26
s 6
f 54/76/50 51/1272/48 9/74/48
f 9/74/48 13/80/52 55/75/49
s 7
f 12/77/51 18/85/57 57/1273/340
f 12/77/51 57/1273/340 56/78/51
f 58/79/51 59/1274/51 12/77/51
s 6
f 60/82/53 55/75/49 13/80/52
f 13/80/52 10/66/53 48/81/53
s 5
f 49/84/56 16/69/45 12/77/54
f 12/77/54 59/1274/54 61/83/55
s 7
f 62/87/58 57/1273/340 18/85/57
f 18/85/57 17/42/58 41/86/58
s 8
f 137/88/59 136/117/60 147/89/60
f 141/91/61 138/121/62 149/92/62
f 154/94/63 139/119/63 142/95/64
f 135/97/65 134/120/66 145/98/66
f 131/100/67 140/118/68 153/101/68
f 133/103/69 132/115/70 143/104/70
s 1
f 120/38/21 119/40/24 108/106/24
f 124/26/13 123/16/8 112/107/8
f 130/21/11 129/37/22 116/108/22
f 122/41/23 121/25/14 110/110/14
f 126/17/7 125/19/10 114/111/10
f 117/18/9 128/20/9 127/112/12
s 8
f 144/114/67 143/104/70 132/115/70
f 148/99/65 147/89/60 136/117/60
f 154/94/63 153/101/68 140/118/68
f 146/105/69 145/98/66 134/120/66
f 150/90/59 149/92/62 138/121/62
f 152/93/61 151/96/64 142/95/64
s 11
f 263/185/74 295/213/74 281/186/74
f 256/188/74 289/214/74 291/189/74
f 250/191/74 249/187/74 281/186/74
f 251/193/74 264/215/74 296/194/74
f 259/196/74 257/216/74 290/197/74
f 252/199/74 251/193/74 282/195/74
f 260/201/74 283/206/74 293/202/74
f 253/204/74 250/191/74 284/192/74
f 258/190/74 291/189/74 283/206/74
f 254/207/74 252/199/74 285/200/74
f 262/209/74 259/196/74 292/198/74
f 253/204/74 286/205/74 288/211/74
f 261/203/74 293/202/74 295/213/74
f 254/207/74 287/208/74 289/214/74
f 264/215/74 262/209/74 294/210/74
f 257/216/74 255/212/74 288/211/74
s 12
f 281/217/75 300/251/75 301/218/76
s 13
f 336/1275/341 272/1276/342 271/220/77
f 271/220/77 335/323/130 334/221/78
f 333/222/79 336/1275/341 271/220/77
s 12
f 282/223/80 308/252/80 309/224/71
f 284/219/76 301/218/76 302/226/81
f 285/225/71 309/224/71 310/228/82
f 286/227/81 302/226/81 303/230/83
f 289/232/84 287/229/82 310/228/82
f 288/231/83 303/230/83 304/234/85
f 289/232/84 311/233/84 312/236/86
f 290/235/85 304/234/85 305/238/87
f 283/240/40 298/243/40 297/241/88
f 291/237/86 312/236/86 298/243/40
f 294/244/89 292/239/87 305/238/87
f 295/246/90 293/242/88 297/241/88
f 294/244/89 306/245/89 307/248/91
f 281/217/75 295/1277/90 299/250/90
f 296/249/91 307/248/91 308/252/80
s 14
f 266/253/74 265/256/74 297/254/74
f 265/256/74 267/258/74 299/257/74
f 267/258/74 268/260/74 300/259/74
f 268/260/74 269/262/74 301/261/74
f 269/262/74 270/264/74 302/263/74
f 270/264/74 271/266/74 303/265/74
f 271/266/74 272/269/74 304/267/74
f 273/268/74 305/271/74 304/267/74
f 274/270/74 306/273/74 305/271/74
f 275/272/74 307/275/74 306/273/74
f 276/274/74 308/277/74 307/275/74
f 277/276/74 309/279/74 308/277/74
f 278/278/74 310/281/74 309/279/74
f 279/280/74 311/283/74 310/281/74
f 280/282/74 312/284/74 311/283/74
f 280/282/74 266/253/74 298/255/74
s 13
f 340/294/102 280/1278/343 279/285/92
f 279/285/92 339/1279/344 338/286/93
f 337/287/94 340/294/102 279/285/92
f 273/288/95 272/1276/342 336/1275/341
f 273/288/95 336/1275/341 341/289/96
f 342/290/97 343/1280/345 273/288/95
f 344/1281/346 347/299/107 265/291/98
s 0
f 266/292/143 346/1282/87 345/293/74
s 13
f 345/293/100 344/1281/346 265/291/98
f 348/295/103 346/1282/347 266/292/101
f 266/292/101 280/1278/343 340/294/102
f 350/297/105 274/1283/348 273/288/95
f 273/288/95 343/1280/345 349/296/104
f 351/1284/349 353/1285/350 267/298/106
f 267/298/106 265/291/98 347/299/107
f 352/300/108 351/1284/349 267/298/106
f 275/301/109 274/1283/348 350/297/105
f 354/302/110 355/1286/351 356/303/111
f 275/301/109 350/297/105 354/302/110
f 358/306/113 268/309/116 267/304/106
f 267/304/106 353/1287/350 357/305/112
f 359/308/115 360/313/120 276/307/114
f 276/307/114 275/301/109 356/303/111
f 362/311/118 269/315/122 268/309/116
f 268/309/116 358/306/113 361/310/117
f 363/314/121 364/319/126 277/312/119
f 277/312/119 276/307/114 360/313/120
f 366/317/124 270/321/128 269/315/122
f 269/315/122 362/311/118 365/316/123
f 367/320/127 368/324/131 278/318/125
f 278/318/125 277/312/119 364/319/126
f 335/323/130 271/220/77 270/321/128
f 270/321/128 366/317/124 369/322/129
f 370/325/132 339/1279/344 279/285/92
f 279/285/92 278/318/125 368/324/131
s 202
f 321/326/133 331/347/133 332/327/133
s 16
f 330/331/40 329/1288/40 328/1289/40
f 328/1289/40 327/1290/40 394/329/40
f 394/329/40 393/1291/40 323/1292/40
f 323/1292/40 324/339/40 332/330/40
f 332/330/40 331/1293/40 330/331/40
f 330/331/40 328/1289/40 394/329/40
f 394/329/40 323/1292/40 332/330/40
s 203
f 318/332/134 328/348/134 329/333/134
s 37
f 315/335/71 396/349/71 395/336/71
s 204
f 322/338/135 332/330/135 324/339/135
s 20
f 320/341/136 319/334/136 329/333/136
s 21
f 317/343/137 316/337/137 395/336/137
s 22
f 313/345/138 314/340/138 324/339/138
s 23
f 321/326/76 320/341/76 330/342/76
s 205
f 317/343/139 327/344/139 328/348/139
s 36
f 313/345/140 323/346/140 396/349/140
s 206
f 390/350/135 389/1294/135 372/351/135
s 27
f 387/353/133 389/1295/133 390/354/133
s 28
f 385/356/76 387/353/76 388/355/76
s 29
f 383/358/136 385/356/136 386/357/136
s 30
f 381/360/134 383/358/134 384/359/134
s 31
f 379/362/139 381/360/139 382/361/139
s 32
f 377/364/137 379/362/137 380/363/137
s 33
f 375/366/71 377/364/71 378/365/71
s 34
f 373/368/140 375/366/140 376/367/140
s 35
f 372/351/138 373/368/138 374/369/138
s 37
f 325/372/71 393/371/71 394/370/71
f 326/373/71 394/370/71 395/336/71
f 391/375/71 396/349/71 393/371/71
f 392/374/71 395/336/71 396/349/71
s 38
f 417/376/141 404/1296/141 402/377/142
s 39
f 414/381/143 419/392/143 421/1297/143
f 421/1297/143 420/1298/143 422/379/143
f 422/379/143 424/1299/143 423/1300/143
f 423/1300/143 416/1301/143 418/380/143
f 418/380/143 417/1302/143 413/1303/143
f 413/1303/143 415/1304/143 414/381/143
f 414/381/143 421/1297/143 422/379/143
f 422/379/143 423/1300/143 418/380/143
f 418/380/143 413/1303/143 414/381/143
s 40
f 410/382/144 405/1305/145 416/383/145
s 41
f 408/387/74 401/399/74 403/1306/74
f 403/1306/74 402/1307/74 404/385/74
f 404/385/74 406/1308/74 405/1305/74
f 405/1305/74 410/382/74 412/386/74
f 412/386/74 411/1309/74 407/1310/74
f 407/1310/74 409/1311/74 408/387/74
f 408/387/74 403/1306/74 404/385/74
f 404/385/74 405/1305/74 412/386/74
f 412/386/74 407/1310/74 408/387/74
s 42
f 407/388/146 411/397/147 422/389/147
s 43
f 408/387/148 409/1312/149 421/391/149
s 42
f 409/393/150 407/388/146 420/390/146
s 40
f 423/384/144 424/396/151 412/395/151
s 42
f 424/396/152 422/389/147 411/397/147
s 43
f 414/381/153 415/1313/154 403/398/154
s 38
f 415/400/155 413/378/142 402/377/142
s 40
f 416/383/145 405/1305/145 406/402/156
s 38
f 406/402/157 404/1296/141 417/376/141
s 43
f 419/392/148 414/381/153 401/399/153
s 44
f 492/404/87 491/407/158 438/405/158
f 491/407/158 493/409/159 439/408/159
f 493/409/159 494/411/71 440/410/71
f 494/411/71 495/413/160 441/412/160
f 495/413/160 496/415/161 442/414/161
f 496/415/161 497/1314/40 443/416/40
f 443/416/40 497/1314/40 498/417/162
f 444/418/162 498/417/162 499/419/163
f 499/419/163 500/1315/76 446/421/76
f 446/421/76 500/1315/76 501/422/164
s 45
f 435/424/160 513/1316/160 514/425/161
s 44
f 501/427/164 502/430/165 448/428/165
f 502/430/165 492/404/87 437/406/87
s 46
f 473/431/87 474/434/87 480/432/87
s 47
f 474/434/143 478/1317/143 481/435/143
s 207
f 476/436/74 473/431/74 479/433/74
s 49
f 474/434/76 473/431/76 476/438/76
s 50
f 477/440/166 475/1318/166 479/433/166
s 51
f 426/443/143 491/447/143 492/444/143
f 426/443/143 427/449/143 493/446/143
f 428/448/143 494/451/143 493/446/143
f 428/448/143 429/453/143 495/450/143
f 430/452/143 496/455/143 495/450/143
f 431/454/143 497/457/143 496/455/143
f 431/454/143 432/459/143 498/456/143
f 433/458/143 499/461/143 498/456/143
f 434/460/143 500/463/143 499/461/143
f 434/460/143 435/464/143 501/462/143
f 435/464/143 436/466/143 502/465/143
f 425/445/143 492/444/143 502/465/143
s 45
f 425/467/40 504/476/40 503/468/162
f 432/470/158 510/487/158 511/471/159
f 429/473/164 507/488/164 508/474/165
f 436/426/161 514/425/161 504/476/40
f 426/469/162 503/468/162 505/477/163
f 433/472/159 511/471/159 512/479/71
f 430/475/165 508/474/165 509/481/87
f 427/478/163 505/477/163 506/483/76
f 434/480/71 512/479/71 513/485/160
f 431/482/87 509/481/87 510/487/158
f 428/484/76 506/483/76 507/488/164
s 52
f 597/489/143 598/492/143 588/490/143
s 208
f 598/492/76 615/1319/76 619/493/76
s 54
f 563/494/143 566/498/143 564/495/143
s 209
f 561/496/71 607/1320/71 610/497/71
s 210
f 566/498/76 611/1321/76 612/499/76
s 211
f 587/491/71 618/1322/71 608/500/71
s 58
f 625/501/167 635/505/167 634/502/168
f 625/501/167 627/508/169 636/504/169
f 623/503/168 634/502/168 633/506/170
f 627/508/169 629/528/171 637/509/171
s 59
f 638/510/143 644/1323/143 643/511/143
s 60
f 634/513/172 640/522/172 639/514/172
s 61
f 636/516/173 642/521/173 641/517/173
s 62
f 638/519/174 633/515/174 639/514/174
s 63
f 637/512/175 643/511/175 642/521/175
s 64
f 635/518/74 641/517/74 640/522/74
s 58
f 631/523/176 621/507/170 633/506/170
s 65
f 644/527/87 639/1324/87 640/525/87
f 640/525/87 641/1325/87 642/526/87
f 642/526/87 643/1326/87 644/527/87
s 58
f 631/523/176 638/524/176 637/509/171
s 66
f 740/529/177 755/553/177 758/530/178
f 734/532/179 749/1327/179 754/533/180
f 738/535/181 753/1328/181 756/536/182
f 746/538/183 761/558/183 764/539/184
f 742/541/185 757/559/185 760/542/186
f 748/544/187 763/1329/187 752/545/188
s 67
f 754/549/71 749/1330/71 750/1331/71
f 750/1331/71 751/1332/71 752/1333/71
f 752/1333/71 763/1334/71 764/1335/71
f 764/1335/71 761/1336/71 762/547/71
f 762/547/71 759/1337/71 760/1338/71
f 760/1338/71 757/1339/71 758/548/71
f 758/548/71 755/1340/71 756/1341/71
f 756/1341/71 753/1342/71 754/549/71
f 754/549/71 750/1331/71 752/1333/71
f 752/1333/71 764/1335/71 762/547/71
f 762/547/71 760/1338/71 758/548/71
f 758/548/71 756/1341/71 754/549/71
f 754/549/71 752/1333/71 762/547/71
s 66
f 744/550/189 759/1343/189 762/551/190
f 754/533/180 753/1328/181 738/535/181
f 740/529/177 739/537/182 756/536/182
f 752/545/188 751/1344/191 736/554/191
f 734/555/179 733/560/192 750/556/192
f 764/539/184 763/1329/187 748/544/187
f 760/542/186 759/1343/189 744/550/189
f 746/538/183 745/552/190 762/551/190
f 742/541/185 741/531/178 758/530/178
f 736/554/191 751/1344/191 750/556/192
s 68
f 803/561/193 802/1345/193 801/562/193
s 69
f 864/564/143 797/624/143 859/565/143
s 70
f 800/567/76 863/1346/76 865/568/76
s 71
f 802/570/71 797/624/71 798/571/71
s 69
f 798/571/143 797/624/143 864/564/143
s 73
f 799/574/74 861/1347/74 860/575/74
s 70
f 805/577/76 800/567/76 799/569/76
s 74
f 803/579/87 806/1348/87 799/574/87
s 75
f 803/561/194 804/563/194 808/580/195
s 74
f 810/582/87 806/1348/87 803/579/87
s 70
f 807/584/76 805/577/76 806/578/76
s 76
f 812/586/196 921/633/196 920/587/196
s 77
f 814/588/74 813/611/74 811/589/74
s 75
f 816/590/71 811/1349/71 813/591/71
f 808/580/195 816/1350/71 892/593/71
s 74
f 810/582/87 809/583/87 892/594/87
s 70
f 810/585/76 893/1351/76 815/596/76
s 78
f 825/597/87 833/621/87 831/598/87
s 79
f 821/602/76 814/588/76 893/1352/76
f 893/1352/76 894/1353/76 824/600/76
f 824/600/76 823/1354/76 820/601/76
f 820/601/76 822/1355/76 821/602/76
f 821/602/76 893/1352/76 824/600/76
s 78
f 823/603/87 825/597/87 818/599/87
s 80
f 821/602/197 822/607/197 819/605/197
s 81
f 822/607/198 820/604/198 818/599/198
s 82
f 823/603/199 824/609/199 826/608/199
s 83
f 824/609/200 894/1356/200 895/610/200
s 77
f 814/588/74 821/602/74 817/606/74
s 84
f 834/614/71 827/616/71 828/1357/71
f 828/1357/71 830/1358/71 829/612/71
f 829/612/71 831/1359/71 833/613/71
f 833/613/71 832/1360/71 834/614/71
f 834/614/71 828/1357/71 829/612/71
s 81
f 818/599/198 831/598/198 829/615/198
s 85
f 813/591/40 828/1357/40 827/616/40
s 83
f 895/610/200 834/620/200 832/617/200
s 80
f 819/605/197 829/615/197 830/618/197
s 86
f 892/619/143 827/1361/143 834/620/143
s 82
f 826/608/199 832/617/199 833/621/199
s 77
f 817/606/74 830/618/74 828/622/74
s 87
f 802/570/91 860/1362/91 859/623/91
s 70
f 865/568/76 866/1363/76 861/625/76
s 88
f 859/623/87 860/1362/87 861/626/87
f 861/626/87 866/1364/87 867/627/87
s 89
f 863/628/67 862/573/67 864/564/67
f 865/629/67 864/564/67 867/566/67
s 86
f 895/610/143 894/1356/143 893/631/143
s 212
f 923/632/76 922/635/76 920/587/76
s 91
f 893/634/87 814/1365/87 920/587/87
s 92
f 893/636/143 922/635/143 923/632/143
s 213
f 928/638/193 929/1366/193 930/639/193
s 94
f 991/641/143 994/706/143 986/642/143
s 95
f 992/644/76 990/1367/76 927/645/76
s 214
f 925/647/71 924/643/71 929/648/71
s 94
f 991/641/143 924/643/143 925/647/143
s 97
f 987/651/74 988/1368/74 926/652/74
s 95
f 926/646/76 927/645/76 932/654/76
s 98
f 930/656/40 929/653/40 926/652/40
s 99
f 935/658/195 931/640/194 930/639/194
s 98
f 930/656/40 933/657/40 937/660/40
s 95
f 933/655/76 932/654/76 934/662/76
s 215
f 1047/664/196 1048/1369/196 939/665/196
s 108
f 938/667/74 940/688/74 941/666/74
s 99
f 940/668/71 938/1370/71 943/669/71
f 1019/671/71 943/1371/71 935/658/195
s 98
f 937/660/40 1020/1372/40 1019/672/40
s 216
f 942/673/76 1020/1373/76 937/663/76
s 102
f 958/674/40 960/698/40 952/675/40
s 103
f 1020/679/76 941/666/76 948/682/76
f 948/682/76 949/1374/76 947/677/76
f 947/677/76 950/1375/76 951/678/76
f 951/678/76 1021/1376/76 1020/679/76
f 1020/679/76 948/682/76 947/677/76
s 102
f 950/680/40 947/1377/40 945/676/40
s 104
f 946/681/201 949/684/201 948/682/201
s 105
f 945/676/202 947/1377/202 949/684/202
s 106
f 953/685/203 951/687/203 950/680/203
s 107
f 1022/686/204 1021/1378/204 951/687/204
s 108
f 944/683/74 948/682/74 941/666/74
s 109
f 955/691/71 954/693/71 961/1379/71
f 961/1379/71 959/1380/71 960/689/71
f 960/689/71 958/1381/71 956/690/71
f 956/690/71 957/1382/71 955/691/71
f 955/691/71 961/1379/71 960/689/71
s 105
f 956/692/202 958/674/202 945/676/202
s 110
f 954/693/87 955/691/87 940/668/87
s 107
f 959/694/204 961/696/204 1022/686/204
s 104
f 957/695/201 956/692/201 946/681/201
s 111
f 961/696/143 954/1383/143 1019/697/143
s 106
f 960/698/203 959/694/203 953/685/203
s 108
f 955/699/74 957/695/74 944/683/74
s 112
f 986/700/84 987/1384/84 929/648/84
s 95
f 988/701/76 993/1385/76 992/644/76
s 113
f 988/703/40 987/1384/40 986/700/40
f 986/700/40 994/1386/40 993/702/40
s 217
f 991/641/67 989/650/67 990/704/67
s 114
f 994/706/67 991/641/67 992/705/67
s 111
f 1020/708/143 1021/1378/143 1022/686/143
s 115
f 1050/709/76 1048/1369/76 1047/664/76
s 116
f 1020/711/40 1049/710/40 1047/664/40
s 218
f 1050/709/143 1049/710/143 1020/713/143
s 219
f 1167/715/87 1170/719/87 1173/716/87
s 220
f 1168/718/205 1169/749/205 1170/719/205
s 121
f 1200/723/40 1190/1387/40 1191/724/40
s 120
f 1193/726/208 1190/747/225 1200/727/209
s 122
f 1174/729/210 1188/1388/210 1186/730/211
f 1178/731/212 1186/730/211 1187/732/213
f 1177/733/214 1187/732/213 1185/734/215
f 1181/736/217 1176/737/218 1179/735/216
f 1176/737/218 1181/736/217 1180/738/59
f 1171/740/219 1175/739/59 1180/738/59
f 1172/742/221 1171/740/219 1182/741/220
f 1173/744/223 1172/742/221 1184/743/222
s 120
f 1193/726/208 1195/1389/224 1196/746/224
s 123
f 1168/718/40 1192/1390/40 1189/748/40
s 221
f 1194/750/226 1193/758/226 1189/751/226
s 120
f 1189/753/227 1193/726/208 1204/728/209
s 222
f 1197/755/226 1196/1391/226 1195/756/226
s 223
f 1193/758/87 1194/750/87 1198/757/87
s 121
f 1190/759/40 1196/1391/40 1197/755/40
s 127
f 1174/761/229 1199/1392/352 1202/762/230
s 128
f 1240/764/87 1224/767/87 1293/765/87
s 129
f 1224/767/74 1226/786/74 1292/768/74
s 130
f 1234/770/71 1238/773/71 1241/771/71
f 1233/772/71 1237/775/71 1238/773/71
f 1232/774/71 1236/874/71 1237/775/71
f 1231/776/232 1235/791/232 1320/777/71
s 131
f 1298/779/76 1299/829/76 1282/780/233
s 128
f 1319/778/87 1232/774/87 1297/782/87
f 1232/774/87 1233/772/87 1296/784/87
f 1233/772/87 1234/770/87 1295/785/87
s 130
f 1240/764/71 1241/771/71 1226/786/71
s 128
f 1234/770/87 1240/764/87 1294/766/87
s 132
f 1283/787/234 1245/1393/234 1243/788/234
s 128
f 1231/776/87 1298/779/87 1281/781/87
f 1281/781/87 1280/1394/87 1243/790/87
s 130
f 1243/788/235 1245/1393/235 1235/791/232
s 133
f 1300/792/40 1249/798/40 1258/793/40
s 134
f 1248/795/143 1313/1395/143 1306/796/143
s 129
f 1292/768/74 1226/786/74 1249/798/74
s 130
f 1241/771/71 1238/773/71 1257/800/71
f 1238/773/71 1237/775/71 1256/801/71
f 1237/775/71 1236/874/71 1255/802/71
f 1320/777/71 1235/791/232 1254/803/232
s 131
f 1282/780/233 1299/829/76 1305/805/76
s 224
f 1321/807/40 1304/1396/40 1330/1397/40
s 225
f 1321/807/40 1330/1397/40 1329/808/87
s 133
f 1303/809/40 1256/801/40 1255/802/40
f 1302/811/40 1257/800/40 1256/801/40
s 130
f 1226/786/71 1241/771/71 1258/793/71
s 133
f 1301/794/40 1258/793/40 1257/800/40
s 130
f 1363/812/238 1413/951/239 1414/813/239
s 136
f 1285/816/40 1305/873/40 1254/803/40
f 1254/803/40 1260/1398/40 1284/815/40
s 130
f 1260/818/240 1254/803/232 1235/791/232
f 1235/791/232 1245/1393/235 1363/817/238
s 131
f 1285/820/233 1284/1399/241 1364/919/241
f 1283/787/241 1280/789/241 1281/1400/233
f 1285/820/233 1364/919/241 1283/787/241
f 1283/787/241 1281/1400/233 1282/819/233
f 1223/821/76 1293/765/76 1292/822/76
f 1227/824/76 1295/785/76 1294/766/76
f 1228/825/76 1296/784/76 1295/785/76
f 1229/826/76 1297/782/76 1296/784/76
f 1230/827/76 1298/779/76 1318/783/76
f 1230/827/76 1239/842/76 1299/829/76
f 1248/830/76 1225/823/76 1292/822/76
f 1250/832/76 1248/830/76 1301/833/76
f 1250/832/76 1302/834/76 1303/835/76
f 1251/836/76 1303/835/76 1304/837/76
f 1324/839/76 1252/838/76 1304/837/76
f 1253/841/76 1305/805/76 1299/829/76
s 137
f 1325/845/76 1326/863/76 1317/843/76
f 1312/844/76 1311/869/76 1325/845/76
s 134
f 1225/797/143 1306/796/143 1307/846/143
s 141
f 1250/848/87 1314/855/87 1313/849/87
s 140
f 1223/851/40 1307/1401/40 1308/852/40
s 141
f 1251/854/87 1315/859/87 1314/855/87
s 140
f 1227/853/40 1308/852/40 1309/856/40
s 141
f 1252/858/87 1316/871/87 1315/859/87
s 140
f 1228/857/40 1309/856/40 1310/860/40
s 141
f 1253/862/87 1317/843/87 1326/863/87
s 142
f 1229/861/40 1310/860/40 1325/845/40
s 143
f 1239/866/74 1312/844/74 1317/843/74
f 1230/868/74 1311/869/74 1312/844/74
s 142
f 1323/865/40 1325/845/40 1311/869/40
s 141
f 1324/864/87 1326/863/87 1316/871/87
s 131
f 1253/841/76 1324/839/76 1321/840/76
f 1323/828/76 1318/783/76 1297/782/76
s 136
f 1321/807/40 1322/804/40 1254/803/40
s 145
f 1236/874/143 1328/1402/143 1330/875/143
s 128
f 1231/776/87 1319/778/87 1318/783/87
s 146
f 1322/804/74 1329/1403/74 1327/876/74
s 130
f 1232/774/71 1319/778/71 1320/777/71
s 147
f 1348/879/87 1344/1404/87 1346/877/87
f 1346/877/87 1358/902/87 1349/878/87
s 148
f 1351/881/74 1347/1405/74 1349/878/74
f 1349/878/74 1358/902/74 1357/880/74
f 1357/880/74 1352/1406/74 1351/881/74
s 149
f 1345/884/143 1341/1407/143 1343/882/143
f 1343/882/143 1331/904/143 1332/883/143
f 1332/883/143 1346/877/143 1345/884/143
s 150
f 1332/885/71 1331/1408/71 1356/886/71
s 151
f 1342/889/40 1350/1409/40 1352/888/40
f 1352/888/40 1357/903/40 1343/882/40
s 147
f 1358/902/87 1346/877/87 1332/883/87
s 151
f 1357/903/40 1356/1410/40 1331/904/40
s 148
f 1357/880/74 1358/902/74 1355/887/74
s 226
f 1362/905/71 1360/910/71 1359/906/71
s 157
f 1360/910/74 1375/1411/74 1374/908/74
f 1374/908/74 1376/1412/74 1378/909/74
f 1378/909/74 1359/906/74 1360/910/74
s 158
f 1386/913/76 1353/1413/76 1354/911/76
f 1354/911/76 1381/1414/76 1380/912/76
f 1380/912/76 1383/1415/76 1386/913/76
s 159
f 1377/915/87 1379/1416/87 1382/914/87
f 1382/914/87 1361/1417/87 1359/906/87
f 1359/906/87 1378/909/87 1377/915/87
s 160
f 1368/916/87 1418/958/87 1416/917/87
s 132
f 1363/817/234 1245/1393/234 1283/787/234
s 136
f 1260/920/40 1414/952/40 1412/921/40
s 161
f 1364/923/87 1411/954/87 1413/924/87
s 162
f 1284/926/246 1412/948/246 1411/927/246
s 227
f 1360/910/40 1362/1418/40 1385/929/40
s 163
f 1385/929/40 1384/1419/40 1373/930/40
f 1373/930/40 1375/1411/40 1360/910/40
s 164
f 1335/931/76 1396/943/76 1395/932/76
f 1339/934/76 1398/944/76 1397/935/76
f 1338/937/76 1337/945/76 1400/938/76
f 1334/940/76 1333/946/76 1402/941/76
f 1334/940/76 1401/942/76 1396/943/76
f 1336/933/76 1395/932/76 1398/944/76
f 1340/936/76 1397/935/76 1400/938/76
f 1333/946/76 1338/937/76 1399/939/76
s 165
f 1365/947/234 1411/927/234 1412/948/234
f 1367/950/234 1368/959/234 1414/813/234
f 1368/916/234 1366/918/234 1412/921/234
f 1367/953/234 1413/924/234 1411/954/234
s 166
f 1366/949/239 1416/917/239 1415/956/239
s 167
f 1367/953/40 1365/955/40 1415/956/40
s 168
f 1367/950/246 1417/957/246 1418/958/246
s 169
f 1432/962/66 1419/1420/66 1420/1421/66
f 1420/1421/66 1423/1422/66 1424/960/66
f 1424/960/66 1427/1423/66 1428/961/66
f 1428/961/66 1431/1424/66 1432/962/66
f 1432/962/66 1420/1421/66 1424/960/66
s 170
f 1438/963/247 1469/970/247 1468/964/248
s 171
f 1435/966/143 1467/1024/143 1470/967/247
s 170
f 1438/963/247 1440/974/249 1472/969/249
s 171
f 1439/971/250 1437/968/247 1470/967/247
s 170
f 1442/973/251 1474/1425/251 1472/969/249
s 172
f 1447/975/40 1509/1038/40 1510/976/40
s 173
f 1446/978/252 1448/984/253 1480/979/253
s 174
f 1479/981/87 1482/1426/87 1515/982/87
s 173
f 1448/984/253 1450/1044/254 1481/985/254
s 172
f 1443/986/40 1507/1037/40 1508/987/40
s 171
f 1449/977/255 1482/1053/255 1484/989/74
s 173
f 1483/991/74 1452/1045/74 1454/992/256
s 171
f 1451/990/74 1484/989/74 1486/994/256
s 173
f 1454/992/256 1456/999/59 1487/996/59
s 171
f 1453/995/256 1486/994/256 1488/997/59
s 173
f 1456/999/59 1458/1003/257 1490/1000/257
s 171
f 1457/1001/257 1455/998/59 1488/997/59
s 173
f 1458/1003/257 1460/1427/71 1492/1004/71
s 171
f 1457/1001/257 1489/1002/257 1491/1005/71
s 173
f 1492/1004/71 1460/1427/71 1462/1007/258
s 171
f 1459/1006/71 1491/1005/71 1493/1009/258
s 173
f 1464/1011/64 1496/1018/64 1494/1008/258
s 171
f 1463/1012/64 1461/1010/258 1493/1009/258
s 175
f 1458/1016/87 1456/1428/87 1454/1429/87
f 1454/1429/87 1452/1430/87 1450/1431/87
f 1450/1431/87 1448/1432/87 1446/1433/87
f 1444/1014/87 1442/1434/87 1440/1435/87
f 1450/1431/87 1446/1433/87 1444/1014/87
f 1458/1016/87 1454/1429/87 1450/1431/87
f 1462/1436/87 1460/1437/87 1458/1016/87
f 1466/1015/259 1464/1438/87 1462/1436/87
f 1438/1439/87 1436/1440/264 1466/1015/259
f 1444/1014/87 1440/1435/87 1438/1439/87
f 1458/1016/87 1450/1431/87 1444/1014/87
f 1466/1015/259 1462/1436/87 1458/1016/87
f 1444/1014/87 1438/1439/87 1466/1015/259
s 173
f 1464/1011/64 1466/1441/260 1498/1017/260
s 171
f 1465/1019/261 1463/1012/64 1495/1013/64
s 176
f 1436/1021/262 1468/1048/262 1523/1022/262
s 171
f 1435/966/143 1465/1019/261 1497/1020/261
s 172
f 1463/1026/40 1465/1442/40 1435/1443/40
f 1435/1443/40 1437/1444/40 1439/1445/40
f 1439/1445/40 1441/1042/40 1443/986/40
f 1443/986/40 1445/988/40 1447/975/40
f 1447/975/40 1449/977/40 1451/1446/40
f 1451/1446/40 1453/1447/40 1455/1025/40
f 1455/1025/40 1457/1448/40 1459/1449/40
f 1459/1449/40 1461/1450/40 1463/1026/40
f 1463/1026/40 1435/1443/40 1439/1445/40
f 1439/1445/40 1443/986/40 1447/975/40
f 1447/975/40 1451/1446/40 1455/1025/40
f 1455/1025/40 1459/1449/40 1463/1026/40
f 1463/1026/40 1439/1445/40 1447/975/40
s 174
f 1471/972/87 1470/1451/87 1467/1452/87
f 1467/1452/87 1497/1453/87 1495/1454/87
f 1495/1454/87 1493/1455/87 1491/1456/87
f 1491/1456/87 1489/1457/87 1488/1027/87
f 1488/1027/87 1486/1458/87 1484/1459/87
f 1484/1459/87 1482/1426/87 1479/981/87
f 1479/981/87 1477/1031/87 1475/1033/87
f 1475/1033/87 1473/1039/87 1471/972/87
f 1471/972/87 1467/1452/87 1495/1454/87
f 1495/1454/87 1491/1456/87 1488/1027/87
f 1488/1027/87 1484/1459/87 1479/981/87
f 1479/981/87 1475/1033/87 1471/972/87
f 1471/972/87 1495/1454/87 1488/1027/87
s 177
f 1498/1460/353 1468/1461/266 1469/1028/40
f 1469/1028/40 1472/1462/40 1474/1463/40
f 1476/1464/40 1478/1465/40 1480/1466/40
f 1469/1028/40 1474/1463/40 1476/1464/40
f 1496/1467/40 1498/1460/353 1469/1028/40
f 1492/1030/40 1494/1468/40 1496/1467/40
f 1487/1469/40 1490/1470/40 1492/1030/40
f 1483/1029/40 1485/1471/40 1487/1469/40
f 1480/1466/40 1481/1472/40 1483/1029/40
f 1469/1028/40 1476/1464/40 1480/1466/40
f 1492/1030/40 1496/1467/40 1469/1028/40
f 1483/1029/40 1487/1469/40 1492/1030/40
f 1469/1028/40 1480/1466/40 1483/1029/40
s 174
f 1477/1031/87 1479/981/87 1514/983/87
f 1475/1033/87 1477/1031/87 1512/1032/87
s 228
f 1471/972/354 1516/1040/263 1505/1035/263
s 172
f 1443/986/40 1441/1042/40 1506/1036/40
f 1445/988/40 1508/987/40 1509/1038/40
s 174
f 1473/1039/87 1513/1041/87 1516/1040/87
f 1475/1033/87 1511/1034/87 1513/1041/87
s 172
f 1441/1042/40 1439/1445/40 1505/1043/40
s 173
f 1483/991/74 1481/985/254 1450/1044/254
s 229
f 1436/1021/355 1521/1023/356 1522/1046/265
s 177
f 1468/1048/266 1498/1051/353 1524/1049/267
s 230
f 1466/1050/269 1522/1473/269 1524/1049/269
s 231
f 1449/977/357 1510/976/270 1515/1052/270
s 179
f 1328/1054/40 1236/1474/40 1320/1055/40
s 180
f 1328/1054/71 1327/1056/71 1329/1057/71
s 127
f 1203/1070/276 1202/1475/230 1199/1476/352
f 1204/1069/276 1200/723/276 1201/725/276
f 1203/1070/276 1199/1476/352 1204/1069/276
s 181
f 1618/1072/87 1620/1075/277 1615/1073/277
f 1620/1075/277 1621/1077/278 1614/1076/278
f 1621/1077/278 1622/1477/279 1613/1078/279
f 1613/1078/279 1622/1477/279 1624/1079/280
f 1624/1079/280 1626/1478/281 1611/1081/281
f 1611/1081/281 1626/1478/281 1627/1082/282
f 1610/1083/282 1627/1082/282 1628/1084/283
f 1628/1086/283 1630/1089/40 1608/1087/40
f 1630/1089/40 1632/1479/284 1607/1090/284
f 1607/1090/284 1632/1479/284 1633/1091/285
f 1633/1091/285 1634/1094/286 1605/1093/286
f 1634/1094/286 1636/1096/287 1604/1095/287
f 1636/1096/287 1638/1480/358 1603/1097/288
f 1603/1097/288 1638/1480/358 1639/1098/289
s 182
f 1621/1102/290 1620/1481/290 1618/1482/290
f 1618/1482/290 1640/1483/290 1639/1484/290
f 1639/1484/290 1638/1485/290 1636/1486/290
f 1636/1486/290 1634/1487/290 1633/1100/290
f 1633/1100/290 1632/1488/290 1630/1489/290
f 1630/1489/290 1628/1490/290 1627/1101/290
f 1627/1101/290 1626/1491/290 1624/1492/359
f 1624/1492/359 1622/1493/290 1621/1102/290
f 1621/1102/290 1618/1482/290 1639/1484/290
f 1639/1484/290 1636/1486/290 1633/1100/290
f 1633/1100/290 1630/1489/290 1627/1101/290
f 1627/1101/290 1624/1492/359 1621/1102/290
f 1621/1102/290 1639/1484/290 1633/1100/290
s 181
f 1639/1098/289 1640/1494/291 1601/1103/291
f 1601/1103/291 1640/1494/291 1618/1072/87
s 183
f 1570/1106/292 1569/1495/292 1584/1496/292
f 1584/1496/292 1583/1497/292 1582/1498/292
f 1582/1498/292 1581/1499/292 1580/1500/292
f 1580/1500/292 1579/1501/360 1578/1104/292
f 1578/1104/292 1577/1502/292 1576/1503/292
f 1576/1503/292 1575/1504/292 1574/1105/292
f 1574/1105/292 1573/1505/361 1572/1506/361
f 1572/1506/361 1571/1507/361 1570/1106/292
f 1570/1106/292 1584/1496/292 1582/1498/292
f 1582/1498/292 1580/1500/292 1578/1104/292
f 1578/1104/292 1576/1503/292 1574/1105/292
f 1574/1105/292 1572/1506/361 1570/1106/292
f 1570/1106/292 1582/1498/292 1578/1104/292
s 184
f 1666/1107/293 1668/1133/294 1746/1108/294
f 1747/1110/295 1670/1134/295 1672/1111/296
f 1748/1112/296 1672/1111/296 1674/1113/297
f 1674/1115/297 1676/1118/300 1752/1116/299
f 1676/1118/300 1678/1126/301 1753/1119/301
f 1706/1120/302 1705/1196/301 1737/1121/301
f 1750/1123/303 1686/1171/303 1688/1124/304
f 1678/1126/301 1789/1126/301 1790/1127/302
f 1696/1128/305 1666/1107/293 1745/1109/293
s 185
f 1691/1132/66 1693/1155/66 1695/1158/66
f 1695/1158/66 1665/1161/66 1667/1508/66
f 1667/1508/66 1669/1135/66 1671/1139/66
f 1671/1139/66 1673/1141/66 1675/1130/66
f 1675/1130/66 1677/1142/66 1679/1146/66
f 1679/1146/66 1681/1147/66 1683/1131/66
f 1683/1131/66 1685/1150/66 1687/1151/66
f 1687/1151/66 1689/1153/66 1691/1132/66
f 1691/1132/66 1695/1158/66 1667/1508/66
f 1667/1508/66 1671/1139/66 1675/1130/66
f 1675/1130/66 1679/1146/66 1683/1131/66
f 1683/1131/66 1687/1151/66 1691/1132/66
f 1691/1132/66 1667/1508/66 1675/1130/66
s 184
f 1747/1110/295 1746/1108/294 1668/1133/294
s 185
f 1669/1135/66 1667/1508/66 1700/1136/66
f 1669/1135/66 1701/1137/66 1702/1138/66
f 1671/1139/66 1702/1138/66 1703/1140/66
f 1677/1142/66 1675/1130/66 1704/1143/66
f 1677/1142/66 1705/1144/66 1706/1145/66
f 1681/1147/66 1679/1146/66 1706/1145/66
f 1683/1131/66 1708/1509/66 1709/1149/66
f 1687/1151/66 1685/1150/66 1709/1149/66
f 1689/1153/66 1687/1151/66 1710/1152/66
f 1693/1155/66 1691/1132/66 1712/1156/66
f 1695/1158/66 1693/1155/66 1713/1157/66
f 1695/1158/66 1714/1159/66 1699/1160/66
s 184
f 1755/1162/306 1694/1164/306 1696/1128/305
f 1756/1163/307 1692/1170/311 1694/1164/306
f 1751/1165/308 1759/1172/309 1682/1166/309
f 1757/1125/304 1688/1124/304 1690/1168/310
f 1756/1163/307 1758/1169/310 1690/1168/310
f 1750/1123/303 1751/1165/308 1684/1167/308
f 1759/1172/309 1760/1173/302 1680/1127/302
f 1753/1119/301 1678/1126/301 1680/1127/302
f 1707/1174/312 1706/1120/302 1744/1122/302
f 1709/1176/303 1708/1184/315 1735/1177/308
f 1712/1179/313 1711/1183/314 1742/1180/310
f 1710/1182/304 1741/1194/304 1742/1180/310
f 1708/1184/315 1707/1174/312 1743/1175/309
f 1712/1179/313 1740/1181/307 1739/1185/306
f 1713/1186/306 1739/1185/306 1738/1187/305
f 1700/1189/316 1697/1204/294 1731/1190/295
f 1714/1188/305 1738/1187/305 1698/1192/293
f 1709/1176/303 1734/1178/303 1741/1194/304
f 1736/1195/300 1737/1121/301 1705/1196/301
f 1733/1198/298 1736/1195/300 1704/1197/318
f 1702/1200/296 1732/1203/296 1733/1201/298
f 1701/1191/295 1731/1190/295 1732/1203/296
f 1699/1193/317 1698/1192/293 1697/1204/294
f 1769/1205/319 1767/1510/362 1744/1122/302
f 1744/1122/302 1737/1121/301 1753/1119/301
f 1753/1119/301 1760/1173/302 1769/1205/319
f 1744/1122/302 1767/1510/362 1768/1206/312
f 1735/1177/308 1751/1165/308 1750/1123/303
f 1742/1180/310 1758/1169/310 1756/1163/307
f 1741/1194/304 1757/1125/304 1758/1169/310
f 1759/1172/309 1751/1165/308 1735/1177/308
f 1735/1177/308 1743/1175/309 1768/1206/312
f 1770/1207/312 1759/1172/309 1735/1177/308
f 1734/1178/303 1750/1123/303 1757/1125/304
f 1772/1208/320 1774/1214/322 1752/1116/299
f 1752/1116/299 1753/1119/301 1737/1121/301
f 1737/1121/301 1736/1195/300 1772/1208/320
f 1733/1198/298 1771/1511/324 1772/1208/320
s 186
f 1767/1209/321 1769/1512/321 1777/1210/321
s 184
f 1769/1205/319 1760/1173/302 1759/1172/309
s 187
f 1769/1212/64 1770/1513/64 1778/1213/64
s 232
f 1774/1214/363 1773/1514/324 1749/1117/364
s 188
f 1775/1211/323 1777/1210/323 1778/1213/323
s 189
f 1779/1216/324 1780/1230/324 1781/1217/324
s 190
f 1772/1219/325 1779/1216/325 1782/1218/325
s 191
f 1771/1221/66 1780/1230/66 1779/1216/66
s 192
f 1768/1223/326 1776/1215/326 1778/1213/326
s 193
f 1767/1225/66 1775/1211/66 1776/1215/66
s 194
f 1774/1227/64 1782/1218/64 1781/1217/64
s 195
f 1773/1229/327 1781/1217/328 1780/1230/328
s 184
f 1686/1171/303 1793/1171/303 1794/1124/304
f 1694/1164/306 1804/1164/365 1803/1235/329
f 1805/1236/329 1806/1128/331 1696/1128/305
f 1696/1128/305 1694/1164/306 1803/1235/329
f 1674/1113/297 1672/1111/296 1786/1111/296
f 1680/1127/302 1790/1127/302 1791/1166/309
f 1690/1168/310 1688/1124/304 1794/1124/304
f 1668/1133/294 1666/1107/293 1783/1107/293
f 1674/1115/297 1787/1115/297 1788/1118/300
f 1684/1167/308 1682/1166/309 1791/1166/309
f 1692/1170/311 1690/1168/310 1795/1168/310
f 1668/1133/294 1784/1133/294 1785/1134/295
f 1678/1126/301 1676/1118/300 1788/1118/300
f 1684/1167/308 1792/1167/308 1793/1171/303
f 1804/1164/365 1694/1164/306 1692/1170/311
f 1796/1170/311 1799/1515/366 1807/1237/330
f 1807/1237/330 1804/1164/365 1692/1170/311
f 1800/1238/332 1783/1107/293 1666/1107/293
f 1666/1107/293 1696/1128/305 1806/1128/331
f 1808/1238/332 1800/1238/332 1666/1107/293
f 1670/1134/295 1785/1134/295 1786/1111/296
s 197
f 1797/1239/333 1803/1247/336 1804/1240/71
s 199
f 1799/1246/74 1801/1516/74 1798/1245/74
f 1798/1245/74 1797/1239/74 1807/1241/74
s 197
f 1803/1247/336 1797/1239/333 1798/1248/80
s 198
f 1808/1251/334 1806/1517/367 1805/1249/89
f 1805/1249/89 1798/1248/89 1801/1250/89
f 1801/1250/89 1802/1518/335 1808/1251/334
s 233
f 1815/1519/368 1809/1520/368 1812/1521/368
s 234
f 1818/1522/369 1814/1523/369 1813/1524/369
s 235
f 1812/1521/370 1816/1525/370 1815/1519/370
s 236
f 1817/1526/371 1811/1527/371 1814/1523/371
s 237
f 1817/1528/40 1810/1529/40 1816/1530/40
s 238
f 1822/1531/372 1819/1532/373 1820/1533/372
f 1813/1524/374 1821/1534/373 1818/1522/374
s 239
f 1809/1520/375 1822/1531/375 1820/1533/375
s 240
f 1809/1535/87 1819/1536/87 1813/1524/87
f 1809/1535/87 1811/1537/87 1812/1538/87
f 1814/1539/87 1809/1535/87 1813/1524/87
f 1811/1537/87 1809/1535/87 1814/1539/87
s 237
f 1816/1530/40 1810/1529/40 1815/1540/40
f 1810/1529/40 1817/1528/40 1818/1522/40
f 1821/1534/40 1810/1529/40 1818/1522/40
s 233
f 1815/1519/368 1810/1541/368 1809/1520/368
s 234
f 1818/1522/369 1817/1526/369 1814/1523/369
s 235
f 1812/1521/370 1811/1527/370 1816/1525/370
s 236
f 1817/1526/371 1816/1525/371 1811/1527/371
s 238
f 1822/1531/372 1821/1542/373 1819/1532/373
f 1813/1524/374 1819/1536/373 1821/1534/373
s 239
f 1809/1520/375 1810/1541/375 1822/1531/375
s 240
f 1809/1535/87 1820/1543/87 1819/1536/87
s 237
f 1821/1534/40 1822/1544/40 1810/1529/40
s 241
f 1829/1519/76 1823/1520/76 1826/1521/76
s 242
f 1832/1522/376 1828/1523/376 1827/1524/376
s 243
f 1826/1521/67 1830/1525/67 1829/1519/67
s 244
f 1831/1526/377 1825/1527/377 1828/1523/377
s 245
f 1831/1528/87 1824/1529/87 1830/1530/87
s 246
f 1836/1531/378 1833/1532/379 1834/1533/378
f 1827/1524/380 1835/1534/379 1832/1522/380
s 247
f 1823/1520/381 1836/1531/381 1834/1533/381
s 248
f 1823/1535/40 1833/1536/40 1827/1524/40
f 1823/1535/40 1825/1537/40 1826/1538/40
f 1828/1539/40 1823/1535/40 1827/1524/40
f 1825/1537/40 1823/1535/40 1828/1539/40
s 245
f 1830/1530/87 1824/1529/87 1829/1540/87
f 1824/1529/87 1831/1528/87 1832/1522/87
f 1835/1534/87 1824/1529/87 1832/1522/87
s 241
f 1829/1519/76 1824/1541/76 1823/1520/76
s 242
f 1832/1522/376 1831/1526/376 1828/1523/376
s 243
f 1826/1521/67 1825/1527/67 1830/1525/67
s 244
f 1831/1526/377 1830/1525/377 1825/1527/377
s 246
f 1836/1531/378 1835/1542/379 1833/1532/379
f 1827/1524/380 1833/1536/379 1835/1534/379
s 247
f 1823/1520/381 1824/1541/381 1836/1531/381
s 248
f 1823/1535/40 1834/1543/40 1833/1536/40
s 245
f 1835/1534/87 1836/1544/87 1824/1529/87
s 249
f 1903/1519/76 1897/1520/76 1900/1521/76
s 250
f 1906/1522/382 1902/1523/382 1901/1524/382
s 251
f 1900/1521/66 1904/1525/66 1903/1519/66
s 252
f 1905/1526/383 1899/1527/383 1902/1523/383
s 253
f 1905/1528/40 1898/1529/40 1904/1530/40
s 254
f 1910/1531/384 1907/1532/385 1908/1533/384
f 1901/1524/386 1909/1534/385 1906/1522/386
s 255
f 1897/1520/387 1910/1531/387 1908/1533/387
s 256
f 1897/1535/87 1907/1536/87 1901/1524/87
f 1897/1535/87 1899/1537/87 1900/1538/87
f 1902/1539/87 1897/1535/87 1901/1524/87
f 1899/1537/87 1897/1535/87 1902/1539/87
s 253
f 1904/1530/40 1898/1529/40 1903/1540/40
f 1898/1529/40 1905/1528/40 1906/1522/40
f 1909/1534/40 1898/1529/40 1906/1522/40
s 249
f 1903/1519/76 1898/1541/76 1897/1520/76
s 250
f 1906/1522/382 1905/1526/382 1902/1523/382
s 251
f 1900/1521/66 1899/1527/66 1904/1525/66
s 252
f 1905/1526/383 1904/1525/383 1899/1527/383
s 254
f 1910/1531/384 1909/1542/385 1907/1532/385
f 1901/1524/386 1907/1536/385 1909/1534/385
s 255
f 1897/1520/387 1898/1541/387 1910/1531/387
s 256
f 1897/1535/87 1908/1543/87 1907/1536/87
s 253
f 1909/1534/40 1910/1544/40 1898/1529/40
s 257
f 1917/1519/76 1911/1520/76 1914/1521/76
s 258
f 1920/1522/376 1916/1523/376 1915/1524/376
s 259
f 1914/1521/67 1918/1525/67 1917/1519/67
s 260
f 1919/1526/377 1913/1527/377 1916/1523/377
s 261
f 1919/1528/87 1912/1529/87 1918/1530/87
s 262
f 1924/1531/378 1921/1532/388 1922/1533/378
f 1915/1524/380 1923/1534/388 1920/1522/380
s 263
f 1911/1520/381 1924/1531/381 1922/1533/381
s 264
f 1911/1535/40 1921/1536/40 1915/1524/40
f 1911/1535/40 1913/1537/40 1914/1538/40
f 1916/1539/40 1911/1535/40 1915/1524/40
f 1913/1537/40 1911/1535/40 1916/1539/40
s 261
f 1918/1530/87 1912/1529/87 1917/1540/87
f 1912/1529/87 1919/1528/87 1920/1522/87
f 1923/1534/87 1912/1529/87 1920/1522/87
s 257
f 1917/1519/76 1912/1541/76 1911/1520/76
s 258
f 1920/1522/376 1919/1526/376 1916/1523/376
s 259
f 1914/1521/67 1913/1527/67 1918/1525/67
s 260
f 1919/1526/377 1918/1525/377 1913/1527/377
s 262
f 1924/1531/378 1923/1542/388 1921/1532/388
f 1915/1524/380 1921/1536/388 1923/1534/388
s 263
f 1911/1520/381 1912/1541/381 1924/1531/381
s 264
f 1911/1535/40 1922/1543/40 1921/1536/40
s 261
f 1923/1534/87 1924/1544/87 1912/1529/87
s 265
g RoverCuerpo_SpacialRoverExploreralumGray
usemtl SpacialRoverExploreralumGray
f 64/1545/143 65/1546/261 63/1547/143
f 65/1546/261 68/1548/64 67/1549/64
f 68/1548/64 69/1550/258 67/1549/64
f 70/1551/258 71/1552/71 69/1550/258
f 72/1553/71 73/1554/257 71/1555/71
f 74/1556/257 75/1557/59 73/1554/257
f 76/1558/59 77/1559/256 75/1557/59
f 78/1560/256 79/1561/74 77/1559/256
f 80/1562/74 81/1563/254 79/1561/74
f 82/1564/254 83/1565/66 81/1563/254
f 84/1566/66 85/1567/389 83/1565/66
f 86/1568/389 87/1569/76 85/1567/389
f 88/1570/76 89/1571/390 87/1569/76
f 90/1572/390 91/1573/67 89/1571/390
f 92/1574/67 93/1575/247 91/1573/67
f 94/1576/247 63/1547/143 93/1575/247
s 266
f 440/1577/143 457/1578/143 455/1579/143
f 448/1580/143 472/1581/143 471/1582/143
f 442/1583/143 457/1578/143 441/1584/143
f 443/1585/143 459/1586/143 442/1583/143
f 444/1587/143 461/1588/143 443/1585/143
f 444/1587/143 465/1589/143 463/1590/143
s 267
f 470/1591/165 472/1592/87 449/1593/87
f 469/1594/164 470/1591/165 468/1595/164
f 467/1596/76 468/1597/164 466/1598/76
f 464/1599/163 467/1596/76 466/1598/76
f 462/1600/162 465/1601/163 464/1599/163
f 461/1602/40 462/1600/162 460/1603/40
f 459/1604/161 460/1603/40 458/1605/161
f 457/1606/160 458/1605/161 456/1607/160
f 455/1608/71 456/1607/160 454/1609/71
f 453/1610/159 454/1609/71 452/1611/159
f 451/1612/158 452/1611/159 450/1613/158
f 449/1593/87 451/1612/158 450/1613/158
s 266
f 448/1580/143 469/1614/143 447/1615/143
f 440/1577/143 453/1616/143 439/1617/143
f 447/1615/143 467/1618/143 446/1619/143
f 438/1620/143 453/1616/143 451/1621/143
f 445/1622/143 467/1618/143 465/1589/143
f 437/1623/143 451/1621/143 472/1581/143
s 268
f 549/1624/87 593/1625/87 551/1626/87
s 269
f 544/1627/40 566/1628/40 542/1629/40
s 268
f 537/1630/87 559/1631/87 586/1632/87
s 269
f 550/1633/40 581/1634/40 578/1635/40
s 268
f 545/1636/87 589/1637/87 590/1638/87
s 269
f 538/1639/40 585/1640/40 535/1641/40
s 268
f 551/1626/87 594/1642/87 553/1643/87
s 269
f 546/1644/40 569/1645/40 544/1627/40
s 268
f 539/1646/87 586/1632/87 587/1647/87
s 269
f 552/1648/40 584/1649/40 581/1634/40
s 268
f 545/1636/87 591/1650/87 547/1651/87
s 269
f 540/1652/40 560/1653/40 538/1639/40
s 268
f 536/1654/87 594/1642/87 559/1631/87
s 269
f 546/1644/40 575/1655/40 572/1656/40
s 268
f 541/1657/87 587/1647/87 588/1658/87
s 269
f 535/1641/40 584/1649/40 554/1659/40
s 268
f 547/1651/87 592/1660/87 549/1624/87
s 269
f 542/1629/40 563/1661/40 540/1652/40
f 548/1662/40 578/1635/40 575/1655/40
s 268
f 543/1663/87 588/1658/87 589/1637/87
s 270
f 559/1664/391 595/1665/392 586/1666/392
s 271
f 561/1667/87 606/1668/87 607/1669/87
s 272
f 598/1670/40 614/1671/40 615/1672/40
s 273
f 599/1673/393 590/1674/394 589/1675/393
s 274
f 600/1676/395 591/1677/395 590/1674/395
s 275
f 601/1678/396 592/1679/396 591/1677/396
s 276
f 602/1680/74 593/1681/74 592/1679/74
s 277
f 593/1681/397 604/1682/397 594/1683/397
s 278
f 594/1683/398 596/1684/398 559/1664/398
s 271
f 564/1685/87 576/1686/87 582/1687/87
s 279
f 582/1688/398 585/1689/398 555/1690/398
s 280
f 581/1691/397 582/1688/397 579/1692/397
s 281
f 578/1693/74 579/1692/74 576/1694/74
s 282
f 575/1695/396 576/1694/396 573/1696/396
s 283
f 572/1697/395 573/1696/395 570/1698/395
s 284
f 569/1699/393 570/1698/394 567/1700/393
s 285
f 560/1701/392 606/1702/76 556/1703/392
f 585/1689/391 556/1703/392 555/1690/391
s 272
f 557/1704/40 596/1705/40 558/1706/40
f 557/1704/40 597/1707/40 595/1708/40
f 562/1709/40 598/1670/40 597/1707/40
f 568/1710/40 598/1670/40 565/1711/40
f 571/1712/40 599/1713/40 568/1710/40
f 574/1714/40 600/1715/40 571/1712/40
f 577/1716/40 601/1717/40 574/1714/40
f 577/1716/40 603/1718/40 602/1719/40
f 580/1720/40 604/1721/40 603/1718/40
f 558/1706/40 604/1721/40 583/1722/40
s 269
f 563/1661/40 605/1723/40 560/1653/40
s 273
f 589/1675/393 614/1724/71 599/1673/393
s 284
f 567/1700/393 616/1725/71 569/1699/393
s 272
f 597/1707/40 609/1726/40 595/1708/40
s 268
f 587/1647/87 617/1727/87 618/1728/87
s 269
f 566/1628/40 616/1729/40 611/1730/40
s 268
f 588/1658/87 620/1731/87 589/1637/87
s 270
f 595/1665/392 617/1732/76 586/1666/392
s 271
f 564/1685/87 613/1733/87 567/1734/87
s 286
f 766/1735/191 782/1736/192 767/1737/192
f 778/1738/183 796/1739/184 779/1740/184
f 774/1741/185 792/1742/186 775/1743/186
f 770/1744/181 788/1745/182 771/1746/182
s 287
f 735/1747/71 736/1748/71 783/1749/71
s 286
f 772/1750/177 790/1751/178 773/1752/178
f 768/1753/179 786/1754/180 769/1755/180
f 776/1756/189 794/1757/190 777/1758/190
f 780/1759/187 784/1760/188 765/1761/188
f 796/1739/184 780/1759/187 779/1740/184
f 766/1735/191 784/1760/188 783/1762/191
f 792/1742/186 776/1756/189 775/1743/186
f 778/1738/183 794/1757/190 793/1763/183
f 788/1745/182 772/1750/177 771/1746/182
f 774/1741/185 790/1751/178 789/1764/185
f 782/1736/192 768/1765/179 767/1737/192
f 770/1744/181 786/1754/180 785/1766/181
s 287
f 796/1767/71 747/1768/71 795/1769/71
f 747/1768/71 748/1770/71 795/1769/71
f 795/1769/71 735/1747/71 784/1771/71
f 792/1772/71 743/1773/71 744/1774/71
f 741/1775/71 742/1776/71 789/1777/71
f 792/1772/71 742/1776/71 743/1773/71
f 733/1778/71 734/1779/71 782/1780/71
f 742/1776/71 792/1772/71 789/1777/71
f 736/1748/71 782/1780/71 783/1749/71
f 791/1781/71 744/1774/71 745/1782/71
f 747/1768/71 796/1767/71 746/1783/71
f 786/1784/71 781/1785/71 737/1786/71
f 794/1787/71 746/1783/71 793/1788/71
f 737/1786/71 785/1789/71 786/1784/71
f 738/1790/71 785/1789/71 737/1786/71
f 794/1787/71 745/1782/71 746/1783/71
f 739/1791/71 788/1792/71 738/1790/71
f 794/1787/71 791/1781/71 745/1782/71
f 734/1779/71 781/1785/71 782/1780/71
f 781/1785/71 734/1779/71 737/1786/71
f 791/1781/71 792/1772/71 744/1774/71
f 740/1793/71 787/1794/71 739/1791/71
f 787/1794/71 788/1792/71 739/1791/71
f 741/1775/71 787/1794/71 740/1793/71
f 748/1770/71 735/1747/71 795/1769/71
f 796/1767/71 793/1788/71 746/1783/71
f 741/1775/71 789/1777/71 790/1795/71
f 788/1792/71 785/1789/71 738/1790/71
f 735/1747/71 783/1749/71 784/1771/71
f 787/1794/71 741/1775/71 790/1795/71
f 782/1780/71 736/1748/71 733/1778/71
s 288
f 836/1796/62 837/1797/62 835/1798/62
s 289
f 838/1799/59 839/1800/59 837/1797/59
s 290
f 840/1801/60 841/1802/60 839/1800/60
s 291
f 842/1803/65 843/1804/65 841/1802/65
s 292
f 844/1805/66 845/1806/66 843/1804/66
s 293
f 846/1807/69 847/1808/69 845/1806/69
s 294
f 848/1809/70 849/1810/70 847/1808/70
s 295
f 850/1811/67 851/1812/67 849/1810/67
s 296
f 852/1813/68 853/1814/68 851/1812/68
s 297
f 854/1815/63 855/1816/63 853/1814/63
s 298
f 856/1817/64 857/1818/64 855/1816/64
s 299
f 858/1819/61 835/1798/61 857/1820/61
s 300
f 841/1821/87 849/1822/87 857/1820/87
s 301
f 869/1823/62 870/1824/62 868/1825/62
s 302
f 871/1826/59 872/1827/59 870/1824/59
s 303
f 873/1828/60 874/1829/60 872/1827/60
s 304
f 875/1830/65 876/1831/65 874/1829/65
s 305
f 877/1832/66 878/1833/66 876/1831/66
s 306
f 879/1834/69 880/1835/69 878/1833/69
s 307
f 881/1836/70 882/1837/70 880/1835/70
s 308
f 883/1838/67 884/1839/67 882/1837/67
s 309
f 885/1840/68 886/1841/68 884/1839/68
s 310
f 887/1842/63 888/1843/63 886/1841/63
s 311
f 889/1844/64 890/1845/64 888/1843/64
s 312
f 891/1846/61 868/1825/61 890/1847/61
s 313
f 874/1848/87 882/1849/87 890/1847/87
s 314
f 897/1850/76 915/1851/76 902/1852/76
s 315
f 911/1853/143 908/1854/143 909/1855/143
s 316
f 903/1856/87 918/1857/87 905/1858/87
s 317
f 906/1859/71 909/1855/71 899/1860/71
s 318
f 900/1861/40 912/1862/40 896/1863/40
s 319
f 909/1855/82 901/1864/82 899/1860/82
s 320
f 910/1865/86 900/1861/86 901/1864/86
s 321
f 897/1850/75 913/1866/75 911/1867/75
s 322
f 898/1868/88 912/1862/88 913/1866/88
s 323
f 903/1856/85 916/1869/85 914/1870/85
s 324
f 904/1871/81 915/1851/81 916/1869/81
s 325
f 906/1872/80 919/1873/80 917/1874/80
s 326
f 907/1875/89 918/1857/89 919/1873/89
s 327
f 964/1876/62 963/1877/62 962/1878/62
s 328
f 966/1879/59 965/1880/59 964/1876/59
s 329
f 968/1881/60 967/1882/60 966/1879/60
s 330
f 970/1883/65 969/1884/65 968/1881/65
s 331
f 972/1885/66 971/1886/66 970/1883/66
s 332
f 974/1887/69 973/1888/69 972/1885/69
s 333
f 976/1889/70 975/1890/70 974/1887/70
s 334
f 978/1891/67 977/1892/67 976/1889/67
s 335
f 980/1893/68 979/1894/68 978/1891/68
s 336
f 982/1895/63 981/1896/63 980/1893/63
s 337
f 984/1897/64 983/1898/64 982/1895/64
s 338
f 962/1878/61 985/1899/61 984/1900/61
s 339
f 968/1901/40 964/1902/40 980/1903/40
s 340
f 997/1904/62 996/1905/62 995/1906/62
s 341
f 999/1907/59 998/1908/59 997/1904/59
s 342
f 1001/1909/60 1000/1910/60 999/1907/60
s 343
f 1003/1911/65 1002/1912/65 1001/1909/65
s 344
f 1005/1913/66 1004/1914/66 1003/1911/66
s 345
f 1007/1915/69 1006/1916/69 1005/1913/69
s 346
f 1009/1917/70 1008/1918/70 1007/1915/70
s 347
f 1011/1919/67 1010/1920/67 1009/1917/67
s 348
f 1013/1921/68 1012/1922/68 1011/1919/68
s 349
f 1015/1923/63 1014/1924/63 1013/1921/63
s 350
f 1017/1925/64 1016/1926/64 1015/1923/64
s 351
f 995/1906/61 1018/1927/61 1017/1928/61
s 352
f 1001/1929/40 997/1930/40 1013/1931/40
s 353
f 1042/1932/76 1024/1933/76 1029/1934/76
s 354
f 1038/1935/143 1036/1936/143 1035/1937/143
s 355
f 1045/1938/40 1030/1939/40 1032/1940/40
s 356
f 1036/1936/71 1033/1941/71 1026/1942/71
s 357
f 1039/1943/87 1027/1944/87 1023/1945/87
s 358
f 1028/1946/80 1036/1936/80 1026/1942/80
s 359
f 1027/1944/89 1037/1947/89 1028/1946/89
s 360
f 1040/1948/81 1024/1933/81 1038/1949/81
s 361
f 1039/1943/85 1025/1950/85 1040/1948/85
s 362
f 1043/1951/88 1030/1939/88 1041/1952/88
s 363
f 1042/1932/75 1031/1953/75 1043/1951/75
s 364
f 1046/1954/82 1033/1955/82 1044/1956/82
s 365
f 1045/1938/86 1034/1957/86 1046/1954/86
s 288
f 836/1796/62 838/1799/62 837/1797/62
s 289
f 838/1799/59 840/1801/59 839/1800/59
s 290
f 840/1801/60 842/1803/60 841/1802/60
s 291
f 842/1803/65 844/1805/65 843/1804/65
s 292
f 844/1805/66 846/1807/66 845/1806/66
s 293
f 846/1807/69 848/1809/69 847/1808/69
s 294
f 848/1809/70 850/1811/70 849/1810/70
s 295
f 850/1811/67 852/1813/67 851/1812/67
s 296
f 852/1813/68 854/1815/68 853/1814/68
s 297
f 854/1815/63 856/1817/63 855/1816/63
s 298
f 856/1817/64 858/1958/64 857/1818/64
s 299
f 858/1819/61 836/1796/61 835/1798/61
s 300
f 857/1820/87 835/1798/87 837/1959/87
f 837/1959/87 839/1960/87 841/1821/87
f 841/1821/87 843/1961/87 845/1962/87
f 845/1962/87 847/1963/87 849/1822/87
f 849/1822/87 851/1964/87 853/1965/87
f 853/1965/87 855/1966/87 849/1822/87
f 855/1966/87 857/1820/87 849/1822/87
f 857/1820/87 837/1959/87 841/1821/87
f 841/1821/87 845/1962/87 849/1822/87
s 301
f 869/1823/62 871/1826/62 870/1824/62
s 302
f 871/1826/59 873/1828/59 872/1827/59
s 303
f 873/1828/60 875/1830/60 874/1829/60
s 304
f 875/1830/65 877/1832/65 876/1831/65
s 305
f 877/1832/66 879/1834/66 878/1833/66
s 306
f 879/1834/69 881/1836/69 880/1835/69
s 307
f 881/1836/70 883/1838/70 882/1837/70
s 308
f 883/1838/67 885/1840/67 884/1839/67
s 309
f 885/1840/68 887/1842/68 886/1841/68
s 310
f 887/1842/63 889/1844/63 888/1843/63
s 311
f 889/1844/64 891/1967/64 890/1845/64
s 312
f 891/1846/61 869/1823/61 868/1825/61
s 313
f 890/1847/87 868/1825/87 870/1968/87
f 870/1968/87 872/1969/87 874/1848/87
f 874/1848/87 876/1970/87 878/1971/87
f 878/1971/87 880/1972/87 882/1849/87
f 882/1849/87 884/1973/87 886/1974/87
f 886/1974/87 888/1975/87 882/1849/87
f 888/1975/87 890/1847/87 882/1849/87
f 890/1847/87 870/1968/87 874/1848/87
f 874/1848/87 878/1971/87 882/1849/87
s 366
f 897/1850/76 911/1867/76 915/1851/76
s 315
f 915/1976/143 911/1853/143 909/1855/143
f 911/1853/143 913/1977/143 912/1978/143
f 908/1854/143 911/1853/143 912/1978/143
f 908/1854/143 910/1979/143 909/1855/143
f 909/1855/143 917/1980/143 915/1976/143
f 917/1980/143 919/1981/143 918/1982/143
f 915/1976/143 917/1980/143 914/1983/143
f 918/1982/143 914/1983/143 917/1980/143
f 914/1983/143 916/1984/143 915/1976/143
s 367
f 903/1856/87 914/1870/87 918/1857/87
s 368
f 906/1859/71 917/1980/71 909/1855/71
s 369
f 900/1861/40 908/1985/40 912/1862/40
s 319
f 909/1855/82 910/1865/82 901/1864/82
s 320
f 910/1865/86 908/1985/86 900/1861/86
s 321
f 897/1850/75 898/1868/75 913/1866/75
s 322
f 898/1868/88 896/1863/88 912/1862/88
s 323
f 903/1856/85 904/1871/85 916/1869/85
s 324
f 904/1871/81 902/1852/81 915/1851/81
s 325
f 906/1872/80 907/1875/80 919/1873/80
s 326
f 907/1875/89 905/1858/89 918/1857/89
s 370
f 964/1876/62 965/1880/62 963/1877/62
s 371
f 966/1879/59 967/1882/59 965/1880/59
s 372
f 968/1881/60 969/1884/60 967/1882/60
s 373
f 970/1883/65 971/1886/65 969/1884/65
s 374
f 972/1885/66 973/1888/66 971/1886/66
s 375
f 974/1887/69 975/1890/69 973/1888/69
s 376
f 976/1889/70 977/1892/70 975/1890/70
s 377
f 978/1891/67 979/1894/67 977/1892/67
s 378
f 980/1893/68 981/1896/68 979/1894/68
s 379
f 982/1895/63 983/1898/63 981/1896/63
s 380
f 984/1897/64 985/1986/64 983/1898/64
s 381
f 962/1878/61 963/1877/61 985/1899/61
s 339
f 964/1902/40 962/1878/40 984/1900/40
f 984/1900/40 982/1987/40 964/1902/40
f 982/1987/40 980/1903/40 964/1902/40
f 980/1903/40 978/1988/40 972/1989/40
f 978/1988/40 976/1990/40 972/1989/40
f 976/1990/40 974/1991/40 972/1989/40
f 972/1989/40 970/1992/40 968/1901/40
f 968/1901/40 966/1993/40 964/1902/40
f 972/1989/40 968/1901/40 980/1903/40
s 382
f 997/1904/62 998/1908/62 996/1905/62
s 383
f 999/1907/59 1000/1910/59 998/1908/59
s 384
f 1001/1909/60 1002/1912/60 1000/1910/60
s 385
f 1003/1911/65 1004/1914/65 1002/1912/65
s 386
f 1005/1913/66 1006/1916/66 1004/1914/66
s 387
f 1007/1915/69 1008/1918/69 1006/1916/69
s 388
f 1009/1917/70 1010/1920/70 1008/1918/70
s 389
f 1011/1919/67 1012/1922/67 1010/1920/67
s 390
f 1013/1921/68 1014/1924/68 1012/1922/68
s 391
f 1015/1923/63 1016/1926/63 1014/1924/63
s 392
f 1017/1925/64 1018/1994/64 1016/1926/64
s 393
f 995/1906/61 996/1905/61 1018/1927/61
s 352
f 997/1930/40 995/1906/40 1017/1928/40
f 1017/1928/40 1015/1995/40 997/1930/40
f 1015/1995/40 1013/1931/40 997/1930/40
f 1013/1931/40 1011/1996/40 1005/1997/40
f 1011/1996/40 1009/1998/40 1005/1997/40
f 1009/1998/40 1007/1999/40 1005/1997/40
f 1005/1997/40 1003/2000/40 1001/1929/40
f 1001/1929/40 999/2001/40 997/1930/40
f 1005/1997/40 1001/1929/40 1013/1931/40
s 353
f 1042/1932/76 1038/1949/76 1024/1933/76
s 354
f 1040/2002/143 1038/1935/143 1039/2003/143
f 1038/1935/143 1042/2004/143 1036/1936/143
f 1042/2004/143 1043/2005/143 1041/2006/143
f 1041/2006/143 1045/2007/143 1044/2008/143
f 1045/2007/143 1046/2009/143 1044/2008/143
f 1044/2008/143 1036/1936/143 1042/2004/143
f 1041/2006/143 1044/2008/143 1042/2004/143
f 1036/1936/143 1037/2010/143 1035/1937/143
f 1035/1937/143 1039/2003/143 1038/1935/143
s 355
f 1045/1938/40 1041/1952/40 1030/1939/40
s 356
f 1036/1936/71 1044/2008/71 1033/1941/71
s 357
f 1039/1943/87 1035/2011/87 1027/1944/87
s 394
f 1028/1946/80 1037/1947/80 1036/1936/80
s 395
f 1027/1944/89 1035/2011/89 1037/1947/89
s 396
f 1040/1948/81 1025/1950/81 1024/1933/81
s 397
f 1039/1943/85 1023/1945/85 1025/1950/85
s 398
f 1043/1951/88 1031/1953/88 1030/1939/88
s 399
f 1042/1932/75 1029/1934/75 1031/1953/75
s 400
f 1046/1954/82 1034/1957/82 1033/1955/82
s 401
f 1045/1938/86 1032/1940/86 1034/1957/86
s 402
f 1119/2012/399 1069/2013/400 1094/2014/401
f 1074/2015/402 1102/2016/403 1075/2017/404
f 1076/2018/405 1104/2019/406 1077/2020/407
f 1078/2021/408 1106/2022/409 1079/2023/410
f 1080/2024/411 1108/2025/412 1081/2026/413
f 1107/2027/414 1058/2028/87 1082/2029/415
f 1062/2030/87 1083/2031/416 1061/2032/87
f 1109/2033/417 1085/2034/418 1084/2035/419
f 1111/2036/420 1087/2037/421 1086/2038/422
f 1113/2039/423 1089/2040/424 1088/2041/425
f 1115/2042/426 1091/2043/427 1090/2044/428
f 1117/2045/429 1093/2046/430 1092/2047/431
s 403
f 1116/2048/432 1057/2049/433 1101/2050/434
s 402
f 1072/2051/435 1100/2052/436 1073/2053/437
f 1070/2054/438 1096/2055/439 1071/2056/440
s 404
f 1124/2057/87 1136/2058/87 1132/2059/87
s 402
f 1098/2060/441 1070/2054/438 1069/2013/400
f 1095/2061/442 1071/2056/440 1096/2055/439
f 1099/2062/443 1073/2053/437 1100/2052/436
f 1101/2063/444 1075/2017/404 1102/2016/403
f 1103/2064/445 1077/2020/407 1104/2019/406
f 1105/2065/446 1079/2023/410 1106/2022/409
f 1082/2029/415 1108/2025/412 1107/2027/414
f 1084/2035/419 1110/2066/447 1109/2033/417
f 1086/2038/422 1112/2067/448 1111/2036/420
f 1088/2041/425 1114/2068/449 1113/2039/423
f 1090/2044/428 1116/2069/450 1115/2042/426
f 1092/2047/431 1118/2070/451 1117/2045/429
f 1094/2014/401 1120/2071/452 1119/2012/399
s 405
f 1080/2072/453 1084/2073/454 1092/2074/455
s 406
f 1244/2075/456 1289/2076/456 1247/2077/456
s 407
f 1289/2076/241 1288/2078/241 1290/2079/241
s 408
f 1244/2080/87 1287/2081/87 1286/2082/87
s 406
f 1247/2077/456 1290/2079/456 1261/2083/456
s 409
f 1261/2084/40 1291/2085/40 1259/2086/40
s 410
f 1246/2087/457 1287/2081/457 1242/2088/457
f 1259/2089/457 1288/2078/457 1246/2087/457
s 175
f 1444/2090/87 1499/2091/87 1442/2092/87
f 1499/2091/87 1525/2093/87 1442/2092/87
s 177
f 1504/2094/40 1519/2095/40 1478/2096/40
f 1476/2097/40 1504/2094/40 1478/2096/40
f 1474/2098/40 1503/2099/40 1476/2097/40
s 175
f 1446/2100/87 1500/2101/87 1444/2090/87
s 411
f 1478/2096/71 1520/2102/71 1446/2100/71
s 175
f 1446/2100/87 1518/2103/87 1501/2104/87
s 412
f 1519/2105/74 1518/2103/74 1520/2102/74
s 413
f 1532/2106/87 1535/2107/87 1531/2108/87
s 414
f 1525/2093/143 1528/2109/143 1526/2110/143
s 415
f 1442/2092/71 1526/2111/71 1474/2098/71
s 177
f 1474/2098/40 1528/2112/40 1502/2113/40
s 416
f 1530/2114/143 1531/2108/143 1529/2115/143
s 417
f 1536/2116/74 1533/2117/74 1535/2107/74
s 418
f 1534/2118/40 1529/2115/40 1533/2119/40
s 419
f 1532/2120/71 1534/2118/71 1536/2121/71
s 265
f 64/1545/143 66/2122/261 65/1546/261
f 65/1546/261 66/2122/261 68/1548/64
f 68/1548/64 70/1551/258 69/1550/258
f 70/1551/258 72/2123/71 71/1552/71
f 72/1553/71 74/1556/257 73/1554/257
f 74/1556/257 76/1558/59 75/1557/59
f 76/1558/59 78/1560/256 77/1559/256
f 78/1560/256 80/1562/74 79/1561/74
f 80/1562/74 82/1564/254 81/1563/254
f 82/1564/254 84/1566/66 83/1565/66
f 84/1566/66 86/1568/389 85/1567/389
f 86/1568/389 88/1570/76 87/1569/76
f 88/1570/76 90/1572/390 89/1571/390
f 90/1572/390 92/1574/67 91/1573/67
f 92/1574/67 94/1576/247 93/1575/247
f 94/1576/247 64/1545/143 63/1547/143
s 266
f 440/1577/143 441/1584/143 457/1578/143
f 448/1580/143 437/1623/143 472/1581/143
f 442/1583/143 459/1586/143 457/1578/143
f 443/1585/143 461/1588/143 459/1586/143
f 444/1587/143 463/1590/143 461/1588/143
f 444/1587/143 445/1622/143 465/1589/143
s 267
f 470/1591/165 471/2124/165 472/1592/87
f 469/1594/164 471/2124/165 470/1591/165
f 467/1596/76 469/2125/164 468/1597/164
f 464/1599/163 465/1601/163 467/1596/76
f 462/1600/162 463/2126/162 465/1601/163
f 461/1602/40 463/2126/162 462/1600/162
f 459/1604/161 461/1602/40 460/1603/40
f 457/1606/160 459/1604/161 458/1605/161
f 455/1608/71 457/1606/160 456/1607/160
f 453/1610/159 455/1608/71 454/1609/71
f 451/1612/158 453/1610/159 452/1611/159
f 449/1593/87 472/1592/87 451/1612/158
s 266
f 448/1580/143 471/1582/143 469/1614/143
f 440/1577/143 455/1579/143 453/1616/143
f 447/1615/143 469/1614/143 467/1618/143
f 438/1620/143 439/1617/143 453/1616/143
f 445/1622/143 446/1619/143 467/1618/143
f 437/1623/143 438/1620/143 451/1621/143
s 268
f 549/1624/87 592/1660/87 593/1625/87
s 269
f 544/1627/40 569/1645/40 566/1628/40
s 268
f 537/1630/87 536/1654/87 559/1631/87
s 269
f 550/1633/40 552/1648/40 581/1634/40
s 268
f 545/1636/87 543/1663/87 589/1637/87
s 269
f 538/1639/40 560/1653/40 585/1640/40
s 268
f 551/1626/87 593/1625/87 594/1642/87
s 269
f 546/1644/40 572/1656/40 569/1645/40
s 268
f 539/1646/87 537/1630/87 586/1632/87
s 269
f 552/1648/40 554/1659/40 584/1649/40
s 268
f 545/1636/87 590/1638/87 591/1650/87
s 269
f 540/1652/40 563/1661/40 560/1653/40
s 268
f 536/1654/87 553/1643/87 594/1642/87
s 269
f 546/1644/40 548/1662/40 575/1655/40
s 268
f 541/1657/87 539/1646/87 587/1647/87
s 269
f 535/1641/40 585/1640/40 584/1649/40
s 268
f 547/1651/87 591/1650/87 592/1660/87
s 269
f 542/1629/40 566/1628/40 563/1661/40
f 548/1662/40 550/1633/40 578/1635/40
s 268
f 543/1663/87 541/1657/87 588/1658/87
s 270
f 559/1664/391 596/1684/391 595/1665/392
s 271
f 561/1667/87 556/2127/87 606/1668/87
s 272
f 598/1670/40 599/1713/40 614/1671/40
s 273
f 599/1673/393 600/1676/394 590/1674/394
s 274
f 600/1676/395 601/1678/395 591/1677/395
s 275
f 601/1678/396 602/1680/396 592/1679/396
s 276
f 602/1680/74 603/2128/74 593/1681/74
s 277
f 593/1681/397 603/2128/397 604/1682/397
s 278
f 594/1683/398 604/1682/398 596/1684/398
s 271
f 582/1687/87 555/2129/87 556/2127/87
f 556/2127/87 561/1667/87 564/1685/87
f 564/1685/87 567/1734/87 570/2130/87
f 570/2130/87 573/2131/87 576/1686/87
f 576/1686/87 579/2132/87 582/1687/87
f 582/1687/87 556/2127/87 564/1685/87
f 564/1685/87 570/2130/87 576/1686/87
s 279
f 582/1688/398 584/2133/398 585/1689/398
s 280
f 581/1691/397 584/2133/397 582/1688/397
s 281
f 578/1693/74 581/1691/74 579/1692/74
s 282
f 575/1695/396 578/1693/396 576/1694/396
s 283
f 572/1697/395 575/1695/395 573/1696/395
s 284
f 569/1699/393 572/1697/394 570/1698/394
s 420
f 560/1701/458 605/2134/76 606/1702/76
s 285
f 585/1689/391 560/1701/392 556/1703/392
s 272
f 557/1704/40 595/1708/40 596/1705/40
f 557/1704/40 562/1709/40 597/1707/40
f 562/1709/40 565/1711/40 598/1670/40
f 568/1710/40 599/1713/40 598/1670/40
f 571/1712/40 600/1715/40 599/1713/40
f 574/1714/40 601/1717/40 600/1715/40
f 577/1716/40 602/1719/40 601/1717/40
f 577/1716/40 580/1720/40 603/1718/40
f 580/1720/40 583/1722/40 604/1721/40
f 558/1706/40 596/1705/40 604/1721/40
s 421
f 563/1661/40 610/2135/40 605/1723/40
s 422
f 589/1675/459 620/2136/71 614/1724/71
s 423
f 567/1700/459 613/2137/71 616/1725/71
s 424
f 597/1707/40 608/2138/40 609/1726/40
s 268
f 587/1647/87 586/1632/87 617/1727/87
s 269
f 566/1628/40 569/1645/40 616/1729/40
s 425
f 588/1658/87 619/2139/87 620/1731/87
s 426
f 595/1665/458 609/2140/76 617/1732/76
s 427
f 564/1685/87 612/2141/87 613/1733/87
s 286
f 766/1735/191 783/1762/191 782/1736/192
f 778/1738/183 793/1763/183 796/1739/184
f 774/1741/185 789/1764/185 792/1742/186
f 770/1744/181 785/1766/181 788/1745/182
f 772/1750/177 787/2142/177 790/1751/178
f 768/1753/179 781/2143/179 786/1754/180
f 776/1756/189 791/2144/189 794/1757/190
f 780/1759/187 795/2145/187 784/1760/188
f 796/1739/184 795/2145/187 780/1759/187
f 766/1735/191 765/1761/188 784/1760/188
f 792/1742/186 791/2144/189 776/1756/189
f 778/1738/183 777/1758/190 794/1757/190
f 788/1745/182 787/2142/177 772/1750/177
f 774/1741/185 773/1752/178 790/1751/178
f 782/1736/192 781/2146/179 768/1765/179
f 770/1744/181 769/1755/180 786/1754/180
s 402
f 1119/2012/399 1098/2060/441 1069/2013/400
f 1074/2015/402 1099/2062/443 1102/2016/403
f 1076/2018/405 1101/2063/444 1104/2019/406
f 1078/2021/408 1103/2064/445 1106/2022/409
f 1080/2024/411 1105/2065/446 1108/2025/412
f 1107/2027/414 1057/2147/87 1058/2028/87
f 1062/2030/87 1110/2066/447 1083/2031/416
f 1109/2033/417 1112/2067/448 1085/2034/418
f 1111/2036/420 1114/2068/449 1087/2037/421
f 1113/2039/423 1116/2069/450 1089/2040/424
f 1115/2042/426 1118/2070/451 1091/2043/427
f 1117/2045/429 1120/2071/452 1093/2046/430
s 403
f 1100/2148/460 1095/2149/461 1096/2150/462
f 1096/2150/462 1097/2151/462 1098/2152/462
f 1098/2152/462 1119/2153/462 1120/2154/462
f 1120/2154/462 1117/2155/463 1118/2156/462
f 1118/2156/462 1115/2157/464 1116/2048/432
f 1116/2048/432 1113/2158/462 1114/2159/465
f 1114/2159/465 1111/2160/466 1112/2161/467
f 1112/2161/467 1109/2162/468 1110/2163/468
f 1062/2164/469 1060/2165/87 1057/2049/433
f 1112/2161/467 1110/2163/468 1062/2164/469
f 1116/2048/432 1114/2159/465 1112/2161/467
f 1120/2154/462 1118/2156/462 1116/2048/432
f 1096/2150/462 1098/2152/462 1120/2154/462
f 1099/2166/462 1100/2148/460 1096/2150/462
f 1101/2050/434 1102/2167/470 1099/2166/462
f 1103/2168/471 1104/2169/462 1101/2050/434
f 1105/2170/472 1106/2171/473 1103/2168/471
f 1107/2172/474 1108/2173/475 1105/2170/472
f 1112/2161/467 1062/2164/469 1057/2049/433
f 1057/2049/433 1107/2172/474 1105/2170/472
f 1105/2170/472 1103/2168/471 1101/2050/434
f 1101/2050/434 1099/2166/462 1096/2150/462
f 1096/2150/462 1120/2154/462 1116/2048/432
f 1116/2048/432 1112/2161/467 1057/2049/433
f 1057/2049/433 1105/2170/472 1101/2050/434
f 1101/2050/434 1096/2150/462 1116/2048/432
s 402
f 1072/2051/435 1095/2061/442 1100/2052/436
f 1070/2054/438 1097/2174/476 1096/2055/439
s 404
f 1132/2059/87 1127/2175/87 1128/2176/87
f 1128/2176/87 1123/2177/87 1124/2057/87
f 1124/2057/87 1139/2178/87 1140/2179/87
f 1140/2179/87 1135/2180/87 1136/2058/87
f 1136/2058/87 1131/2181/87 1132/2059/87
f 1132/2059/87 1128/2176/87 1124/2057/87
f 1124/2057/87 1140/2179/87 1136/2058/87
s 402
f 1098/2060/441 1097/2174/476 1070/2054/438
f 1095/2061/442 1072/2051/435 1071/2056/440
f 1099/2062/443 1074/2015/402 1073/2053/437
f 1101/2063/444 1076/2018/405 1075/2017/404
f 1103/2064/445 1078/2021/408 1077/2020/407
f 1105/2065/446 1080/2024/411 1079/2023/410
f 1082/2029/415 1081/2026/413 1108/2025/412
f 1084/2035/419 1083/2031/416 1110/2066/447
f 1086/2038/422 1085/2034/418 1112/2067/448
f 1088/2041/425 1087/2037/421 1114/2068/449
f 1090/2044/428 1089/2040/424 1116/2069/450
f 1092/2047/431 1091/2043/427 1118/2070/451
f 1094/2014/401 1093/2046/430 1120/2071/452
s 405
f 1094/2182/477 1069/2183/478 1070/2184/477
f 1070/2184/477 1071/2185/479 1072/2186/480
f 1072/2186/480 1073/2187/481 1074/2188/477
f 1074/2188/477 1075/2189/477 1076/2190/482
f 1076/2190/482 1077/2191/477 1078/2192/483
f 1078/2192/483 1079/2193/484 1080/2072/453
f 1080/2072/453 1081/2194/485 1082/2195/485
f 1058/2196/486 1059/2197/40 1061/2198/487
f 1080/2072/453 1082/2195/485 1058/2196/486
f 1076/2190/482 1078/2192/483 1080/2072/453
f 1072/2186/480 1074/2188/477 1076/2190/482
f 1094/2182/477 1070/2184/477 1072/2186/480
f 1092/2074/455 1093/2199/488 1094/2182/477
f 1090/2200/477 1091/2201/489 1092/2074/455
f 1088/2202/490 1089/2203/477 1090/2200/477
f 1086/2204/491 1087/2205/492 1088/2202/490
f 1084/2073/454 1085/2206/493 1086/2204/491
f 1061/2198/487 1083/2207/494 1084/2073/454
f 1080/2072/453 1058/2196/486 1061/2198/487
f 1072/2186/480 1076/2190/482 1080/2072/453
f 1092/2074/455 1094/2182/477 1072/2186/480
f 1088/2202/490 1090/2200/477 1092/2074/455
f 1084/2073/454 1086/2204/491 1088/2202/490
f 1080/2072/453 1061/2198/487 1084/2073/454
f 1092/2074/455 1072/2186/480 1080/2072/453
f 1084/2073/454 1088/2202/490 1092/2074/455
s 428
f 1244/2075/456 1286/2082/456 1289/2076/456
s 407
f 1289/2076/241 1286/2082/241 1287/2081/241
f 1288/2078/241 1291/2085/241 1290/2079/241
f 1289/2076/241 1287/2081/241 1288/2078/241
s 408
f 1244/2080/87 1242/2208/87 1287/2081/87
s 406
f 1247/2077/456 1289/2076/456 1290/2079/456
s 429
f 1261/2084/40 1290/2079/40 1291/2085/40
s 410
f 1246/2087/457 1288/2078/457 1287/2081/457
s 430
f 1259/2089/457 1291/2085/457 1288/2078/457
s 175
f 1444/2090/87 1500/2101/87 1499/2091/87
f 1499/2091/87 1527/2209/87 1525/2093/87
s 177
f 1504/2094/40 1517/2210/40 1519/2095/40
f 1476/2097/40 1503/2099/40 1504/2094/40
f 1474/2098/40 1502/2113/40 1503/2099/40
s 175
f 1446/2100/87 1501/2104/87 1500/2101/87
s 411
f 1478/2096/71 1519/2095/71 1520/2102/71
s 175
f 1446/2100/87 1520/2102/87 1518/2103/87
s 431
f 1519/2105/74 1517/2211/74 1518/2103/74
s 413
f 1532/2106/87 1536/2116/87 1535/2107/87
s 432
f 1525/2093/143 1527/2209/143 1528/2109/143
s 415
f 1442/2092/71 1525/2093/71 1526/2111/71
s 177
f 1474/2098/40 1526/2111/40 1528/2112/40
s 416
f 1530/2114/143 1532/2106/143 1531/2108/143
s 417
f 1536/2116/74 1534/2212/74 1533/2117/74
s 418
f 1534/2118/40 1530/2114/40 1529/2115/40
s 419
f 1532/2120/71 1530/2114/71 1534/2118/71
s 433
f 1850/2213/87 1858/2214/87 1851/2215/87
s 434
f 1844/2216/87 1840/2217/87 1839/2218/87
s 435
f 1838/2219/495 1843/2220/495 1841/2221/495
s 436
f 1838/2219/71 1839/2218/71 1840/2222/71
s 437
f 1842/2223/496 1839/2218/496 1837/2224/496
s 438
f 1846/2225/74 1860/2226/74 1849/2227/74
s 439
f 1854/2228/76 1858/2229/76 1860/2230/76
s 440
f 1852/2231/143 1854/2232/143 1847/2233/143
s 441
f 1858/2214/12 1852/2231/12 1851/2215/12
s 442
f 1848/2234/21 1854/2232/21 1853/2235/21
s 443
f 1846/2225/14 1856/2236/14 1855/2237/14
s 444
f 1850/2238/7 1860/2226/7 1859/2239/7
s 445
f 1848/2234/40 1856/2236/40 1845/2240/40
s 446
f 1863/2241/76 1878/2242/76 1864/2243/76
s 447
f 1864/2243/87 1878/2242/87 1896/2244/87
s 448
f 1865/2245/40 1881/2246/40 1895/2247/40
s 449
f 1861/2248/76 1890/2249/76 1868/2250/76
s 450
f 1867/2251/71 1872/2252/71 1862/2253/71
s 451
f 1866/2254/71 1881/2246/71 1865/2245/71
s 452
f 1875/2255/143 1884/2256/143 1879/2257/143
s 453
f 1891/2258/143 1873/2259/143 1887/2260/143
s 454
f 1871/2261/247 1891/2262/247 1892/2263/247
s 455
f 1879/2264/247 1877/2265/247 1875/2266/247
s 456
f 1880/2267/390 1876/2268/390 1877/2265/390
s 457
f 1873/2259/261 1889/2269/261 1887/2260/261
s 458
f 1874/2270/258 1888/2271/258 1889/2269/258
s 459
f 1885/2272/258 1883/2273/258 1881/2246/258
s 460
f 1886/2274/261 1882/2275/261 1883/2273/261
s 461
f 1862/2253/40 1872/2252/40 1894/2276/40
s 462
f 1870/2277/390 1892/2263/390 1890/2249/390
s 463
f 1889/2278/87 1888/2271/87 1893/2279/87
s 461
f 1870/2280/40 1894/2276/40 1871/2281/40
s 463
f 1893/2279/87 1867/2251/87 1868/2250/87
f 1893/2279/87 1890/2249/87 1892/2282/87
f 1891/2283/87 1887/2284/87 1893/2279/87
f 1892/2282/87 1891/2283/87 1893/2279/87
f 1893/2279/87 1887/2284/87 1889/2278/87
s 461
f 1871/2281/40 1894/2276/40 1869/2285/40
f 1873/2286/40 1894/2276/40 1874/2287/40
f 1869/2285/40 1894/2276/40 1873/2286/40
f 1874/2287/40 1894/2276/40 1872/2252/40
s 448
f 1876/2288/40 1895/2247/40 1877/2289/40
f 1877/2289/40 1895/2247/40 1875/2290/40
f 1883/2291/40 1895/2247/40 1881/2246/40
f 1875/2290/40 1895/2247/40 1882/2292/40
f 1882/2292/40 1895/2247/40 1883/2291/40
s 447
f 1885/2272/87 1896/2244/87 1886/2293/87
f 1886/2293/87 1896/2244/87 1884/2294/87
f 1880/2295/87 1896/2244/87 1878/2242/87
f 1884/2294/87 1896/2244/87 1879/2296/87
f 1879/2296/87 1896/2244/87 1880/2295/87
s 464
f 1842/2223/40 1838/2297/40 1841/2298/40
s 465
f 1841/2299/76 1843/2300/76 1852/2301/76
f 1852/2301/76 1843/2300/76 1851/2302/76
f 1844/2216/76 1850/2303/76 1843/2300/76
f 1850/2303/76 1844/2216/76 1849/2304/76
f 1849/2304/76 1844/2216/76 1842/2223/76
f 1846/2305/76 1849/2304/76 1842/2223/76
f 1841/2299/76 1852/2301/76 1847/2306/76
f 1845/2307/76 1846/2305/76 1842/2223/76
f 1841/2299/76 1847/2306/76 1848/2308/76
f 1841/2299/76 1848/2308/76 1845/2307/76
f 1841/2299/76 1845/2307/76 1842/2223/76
f 1850/2303/76 1851/2302/76 1843/2300/76
s 466
f 1863/2241/76 1876/2268/76 1878/2242/76
s 447
f 1885/2272/87 1866/2254/87 1896/2244/87
f 1866/2254/87 1864/2243/87 1896/2244/87
s 448
f 1876/2288/40 1863/2309/40 1895/2247/40
f 1863/2309/40 1865/2245/40 1895/2247/40
s 467
f 1861/2248/76 1870/2277/76 1890/2249/76
s 468
f 1867/2251/71 1888/2271/71 1872/2252/71
s 469
f 1866/2254/71 1885/2272/71 1881/2246/71
s 452
f 1875/2255/143 1882/2275/143 1884/2256/143
s 453
f 1891/2258/143 1869/2310/143 1873/2259/143
s 454
f 1871/2261/247 1869/2311/247 1891/2262/247
s 455
f 1879/2264/247 1880/2267/247 1877/2265/247
s 456
f 1880/2267/390 1878/2242/390 1876/2268/390
s 457
f 1873/2259/261 1874/2270/261 1889/2269/261
s 458
f 1874/2270/258 1872/2252/258 1888/2271/258
s 459
f 1885/2272/258 1886/2274/258 1883/2273/258
s 460
f 1886/2274/261 1884/2256/261 1882/2275/261
s 461
f 1870/2280/40 1861/2312/40 1894/2276/40
f 1861/2312/40 1862/2253/40 1894/2276/40
s 462
f 1870/2277/390 1871/2261/390 1892/2263/390
s 463
f 1868/2250/87 1890/2249/87 1893/2279/87
f 1893/2279/87 1888/2271/87 1867/2251/87
s 433
f 1850/2213/87 1859/2313/87 1858/2214/87
s 434
f 1844/2216/87 1843/2314/87 1840/2217/87
s 435
f 1838/2219/495 1840/2222/495 1843/2220/495
s 436
f 1838/2219/71 1837/2224/71 1839/2218/71
s 437
f 1842/2223/496 1844/2216/496 1839/2218/496
s 438
f 1846/2225/74 1855/2237/74 1860/2226/74
s 439
f 1860/2230/76 1855/2315/76 1856/2316/76
f 1856/2316/76 1853/2317/76 1854/2228/76
f 1854/2228/76 1857/2318/76 1858/2229/76
f 1858/2229/76 1859/2319/76 1860/2230/76
f 1860/2230/76 1856/2316/76 1854/2228/76
s 440
f 1852/2231/143 1857/2320/143 1854/2232/143
s 441
f 1858/2214/12 1857/2320/12 1852/2231/12
s 442
f 1848/2234/21 1847/2233/21 1854/2232/21
s 443
f 1846/2225/14 1845/2240/14 1856/2236/14
s 444
f 1850/2238/7 1849/2227/7 1860/2226/7
s 445
f 1848/2234/40 1853/2235/40 1856/2236/40
s 464
f 1842/2223/40 1837/2224/40 1838/2297/40
s 470
f 1938/2213/87 1946/2214/87 1939/2215/87
s 471
f 1932/2216/87 1928/2217/87 1927/2218/87
s 472
f 1926/2219/495 1931/2220/495 1929/2221/495
s 473
f 1926/2219/71 1927/2218/71 1928/2222/71
s 474
f 1930/2223/496 1927/2218/496 1925/2224/496
s 475
f 1934/2225/74 1948/2226/74 1937/2227/74
s 476
f 1942/2228/76 1946/2229/76 1948/2230/76
s 477
f 1940/2231/143 1942/2232/143 1935/2233/143
s 478
f 1946/2214/12 1940/2231/12 1939/2215/12
s 479
f 1936/2234/21 1942/2232/21 1941/2235/21
s 480
f 1934/2225/14 1944/2236/14 1943/2237/14
s 481
f 1938/2238/7 1948/2226/7 1947/2239/7
s 482
f 1936/2234/40 1944/2236/40 1933/2240/40
s 483
f 1951/2241/76 1966/2242/76 1952/2243/76
s 484
f 1952/2243/87 1966/2242/87 1984/2244/87
s 485
f 1953/2245/40 1969/2246/40 1983/2247/40
s 486
f 1949/2248/76 1978/2249/76 1956/2250/76
s 487
f 1955/2251/71 1960/2252/71 1950/2253/71
s 488
f 1954/2254/71 1969/2246/71 1953/2245/71
s 489
f 1963/2255/143 1972/2256/143 1967/2257/143
s 490
f 1979/2258/143 1961/2259/143 1975/2260/143
s 491
f 1959/2261/247 1979/2262/247 1980/2263/247
s 492
f 1967/2264/247 1965/2265/247 1963/2266/247
s 493
f 1968/2267/390 1964/2268/390 1965/2265/390
s 494
f 1961/2259/261 1977/2269/261 1975/2260/261
s 495
f 1962/2270/258 1976/2271/258 1977/2269/258
s 496
f 1973/2272/258 1971/2273/258 1969/2246/258
s 497
f 1974/2274/261 1970/2275/261 1971/2273/261
s 498
f 1950/2253/40 1960/2252/40 1982/2276/40
s 499
f 1958/2277/390 1980/2263/390 1978/2249/390
s 500
f 1977/2278/87 1976/2271/87 1981/2279/87
s 498
f 1958/2280/40 1982/2276/40 1959/2281/40
s 500
f 1981/2279/87 1955/2251/87 1956/2250/87
f 1981/2279/87 1978/2249/87 1980/2282/87
f 1979/2283/87 1975/2284/87 1981/2279/87
f 1980/2282/87 1979/2283/87 1981/2279/87
f 1981/2279/87 1975/2284/87 1977/2278/87
s 498
f 1959/2281/40 1982/2276/40 1957/2285/40
f 1961/2286/40 1982/2276/40 1962/2287/40
f 1957/2285/40 1982/2276/40 1961/2286/40
f 1962/2287/40 1982/2276/40 1960/2252/40
s 485
f 1964/2288/40 1983/2247/40 1965/2289/40
f 1965/2289/40 1983/2247/40 1963/2290/40
f 1971/2291/40 1983/2247/40 1969/2246/40
f 1963/2290/40 1983/2247/40 1970/2292/40
f 1970/2292/40 1983/2247/40 1971/2291/40
s 484
f 1973/2272/87 1984/2244/87 1974/2293/87
f 1974/2293/87 1984/2244/87 1972/2294/87
f 1968/2295/87 1984/2244/87 1966/2242/87
f 1972/2294/87 1984/2244/87 1967/2296/87
f 1967/2296/87 1984/2244/87 1968/2295/87
s 501
f 1930/2223/40 1926/2297/40 1929/2298/40
s 502
f 1929/2299/76 1931/2300/76 1940/2301/76
f 1940/2301/76 1931/2300/76 1939/2302/76
f 1932/2216/76 1938/2303/76 1931/2300/76
f 1938/2303/76 1932/2216/76 1937/2304/76
f 1937/2304/76 1932/2216/76 1930/2223/76
f 1934/2305/76 1937/2304/76 1930/2223/76
f 1929/2299/76 1940/2301/76 1935/2306/76
f 1933/2307/76 1934/2305/76 1930/2223/76
f 1929/2299/76 1935/2306/76 1936/2308/76
f 1929/2299/76 1936/2308/76 1933/2307/76
f 1929/2299/76 1933/2307/76 1930/2223/76
f 1938/2303/76 1939/2302/76 1931/2300/76
s 503
f 1951/2241/76 1964/2268/76 1966/2242/76
s 484
f 1973/2272/87 1954/2254/87 1984/2244/87
f 1954/2254/87 1952/2243/87 1984/2244/87
s 485
f 1964/2288/40 1951/2309/40 1983/2247/40
f 1951/2309/40 1953/2245/40 1983/2247/40
s 504
f 1949/2248/76 1958/2277/76 1978/2249/76
s 505
f 1955/2251/71 1976/2271/71 1960/2252/71
s 506
f 1954/2254/71 1973/2272/71 1969/2246/71
s 489
f 1963/2255/143 1970/2275/143 1972/2256/143
s 490
f 1979/2258/143 1957/2310/143 1961/2259/143
s 491
f 1959/2261/247 1957/2311/247 1979/2262/247
s 492
f 1967/2264/247 1968/2267/247 1965/2265/247
s 493
f 1968/2267/390 1966/2242/390 1964/2268/390
s 494
f 1961/2259/261 1962/2270/261 1977/2269/261
s 495
f 1962/2270/258 1960/2252/258 1976/2271/258
s 496
f 1973/2272/258 1974/2274/258 1971/2273/258
s 497
f 1974/2274/261 1972/2256/261 1970/2275/261
s 498
f 1958/2280/40 1949/2312/40 1982/2276/40
f 1949/2312/40 1950/2253/40 1982/2276/40
s 499
f 1958/2277/390 1959/2261/390 1980/2263/390
s 500
f 1956/2250/87 1978/2249/87 1981/2279/87
f 1981/2279/87 1976/2271/87 1955/2251/87
s 470
f 1938/2213/87 1947/2313/87 1946/2214/87
s 471
f 1932/2216/87 1931/2314/87 1928/2217/87
s 472
f 1926/2219/495 1928/2222/495 1931/2220/495
s 473
f 1926/2219/71 1925/2224/71 1927/2218/71
s 474
f 1930/2223/496 1932/2216/496 1927/2218/496
s 475
f 1934/2225/74 1943/2237/74 1948/2226/74
s 476
f 1948/2230/76 1943/2315/76 1944/2316/76
f 1944/2316/76 1941/2317/76 1942/2228/76
f 1942/2228/76 1945/2318/76 1946/2229/76
f 1946/2229/76 1947/2319/76 1948/2230/76
f 1948/2230/76 1944/2316/76 1942/2228/76
s 477
f 1940/2231/143 1945/2320/143 1942/2232/143
s 478
f 1946/2214/12 1945/2320/12 1940/2231/12
s 479
f 1936/2234/21 1935/2233/21 1942/2232/21
s 480
f 1934/2225/14 1933/2240/14 1944/2236/14
s 481
f 1938/2238/7 1937/2227/7 1948/2226/7
s 482
f 1936/2234/40 1941/2235/40 1944/2236/40
s 501
f 1930/2223/40 1925/2224/40 1926/2297/40
s 507
g RoverCuerpo_SpacialRoverExploreralumBlack
usemtl SpacialRoverExploreralumBlack
f 156/2321/21 177/2322/497 165/2323/22
f 162/2324/7 180/2325/498 159/2326/8
f 164/2327/9 168/2328/499 161/2329/10
f 166/2330/11 183/2331/500 163/2332/12
s 508
f 168/2333/501 184/2334/502 97/2335/503
s 509
f 171/2336/504 181/2337/505 100/2338/506
s 510
f 180/2339/507 169/2340/508 104/2341/509
s 511
f 183/2342/510 178/2343/511 106/2344/512
s 512
f 177/2345/513 175/2346/514 105/2347/515
s 513
f 174/2348/516 172/2349/517 102/2350/518
s 514
f 10/2351/519 31/2352/520 21/2353/519
f 11/2354/521 27/2355/522 16/2356/522
s 515
f 32/2357/523 234/2358/523 37/2359/524
s 514
f 9/2360/525 25/2361/526 19/2362/525
f 17/2363/527 25/2361/526 15/2364/526
s 515
f 238/2365/528 34/2366/528 237/2367/529
s 514
f 11/2354/521 30/2368/530 26/2369/521
s 515
f 37/2359/524 243/2370/524 244/2371/531
f 237/2367/529 34/2366/528 232/2372/529
s 514
f 12/2373/532 27/2355/522 28/2374/532
f 12/2373/532 29/2375/533 18/2376/533
s 515
f 37/2359/524 244/2371/531 235/2377/531
s 514
f 17/2363/527 29/2375/533 24/2378/527
s 515
f 235/2377/531 236/2379/534 33/2380/534
f 23/2381/535 247/2382/535 248/2383/535
s 514
f 10/2351/519 30/2368/530 14/2384/530
s 515
f 231/2385/536 232/2372/529 20/2386/536
f 37/2359/524 235/2377/531 33/2380/534
s 514
f 9/2387/525 31/2352/520 13/2388/520
s 515
f 20/2386/536 36/2389/537 231/2385/536
s 516
f 35/2390/40 26/2391/41 30/2392/40
s 517
f 32/2393/46 27/2394/45 26/2391/46
s 518
f 28/2395/51 38/2396/57 29/2397/57
s 517
f 37/2398/45 28/2395/54 27/2394/45
s 519
f 25/2399/26 23/2400/25 36/2401/26
s 518
f 29/2397/57 23/2400/58 24/2402/58
s 520
f 20/2403/48 31/2404/52 19/2405/48
s 519
f 36/2401/26 19/2406/47 25/2399/26
s 520
f 34/2407/52 21/2408/53 31/2404/52
s 516
f 22/2409/42 30/2392/40 21/2408/42
s 521
f 194/2410/65 206/2411/66 191/2412/66
s 522
f 204/2413/40 188/2414/40 208/2415/40
s 521
f 196/2416/59 204/2417/60 193/2418/60
f 198/2419/61 202/2420/62 195/2421/62
f 190/2422/67 186/2423/68 199/2424/68
s 507
f 160/2425/13 171/2426/538 157/2427/14
s 523
f 102/2428/539 95/2429/539 105/2430/539
s 524
f 99/2431/71 96/2432/71 103/2433/71
s 525
f 104/2434/540 101/2435/540 100/2436/540
s 526
f 106/2437/87 98/2438/87 97/2439/87
s 527
f 100/2436/40 103/2440/40 102/2428/40
s 528
f 97/2439/541 99/2441/541 104/2434/541
s 529
f 106/2442/542 95/2429/542 96/2443/542
s 507
f 158/2444/23 174/2445/543 155/2446/24
s 521
f 192/2447/69 208/2448/70 189/2449/70
s 507
f 167/2450/544 168/2333/499 169/2340/545
f 170/2451/546 171/2336/538 172/2349/547
f 173/2452/548 174/2348/543 175/2346/549
f 176/2453/550 177/2345/497 178/2343/551
f 179/2454/552 180/2339/498 181/2337/553
f 182/2455/554 183/2342/500 184/2334/555
f 166/2330/11 177/2322/497 176/2456/550
f 164/2327/9 183/2457/500 182/2458/554
f 168/2328/499 162/2324/7 161/2329/10
f 171/2426/538 158/2444/23 157/2427/14
f 174/2445/543 156/2321/21 155/2446/24
f 180/2325/498 160/2425/13 159/2326/8
s 521
f 202/2420/62 196/2416/59 195/2421/62
f 206/2411/66 192/2447/69 191/2412/66
f 208/2448/70 190/2459/67 189/2449/70
f 200/2460/63 186/2423/68 185/2461/63
f 193/2418/60 203/2462/65 194/2410/65
f 198/2419/61 188/2463/64 187/2464/61
f 197/2465/64 185/2461/63 188/2463/64
s 515
f 245/2466/556 38/2467/557 236/2379/534
f 35/2468/558 239/2469/558 240/2470/558
f 35/2468/558 22/2471/559 230/2472/560
f 241/2473/537 242/2474/561 36/2389/537
f 248/2383/535 241/2473/537 36/2389/537
f 36/2389/537 23/2381/535 248/2383/535
f 245/2466/556 246/2475/557 38/2467/557
f 246/2475/557 247/2382/535 38/2467/557
f 36/2389/537 242/2474/561 231/2385/536
f 38/2467/557 247/2382/535 23/2381/535
f 238/2365/528 229/2476/559 34/2366/528
f 35/2468/558 240/2470/558 233/2477/562
f 234/2358/523 243/2370/524 37/2359/524
f 32/2357/523 233/2477/562 234/2358/523
f 230/2472/560 22/2471/559 229/2476/559
f 32/2357/523 35/2468/558 233/2477/562
f 239/2469/558 35/2468/558 230/2472/560
f 38/2467/557 33/2380/534 236/2379/534
f 232/2372/529 34/2366/528 20/2386/536
f 229/2476/559 22/2471/559 34/2366/528
s 530
f 391/2478/563 399/2479/563 392/2480/563
s 531
f 400/2481/71 398/2482/71 399/2479/71
s 532
f 392/2480/564 398/2483/564 326/2484/564
s 533
f 325/2485/565 400/2486/565 391/2487/565
s 534
f 326/2484/566 397/2488/566 325/2485/566
s 530
f 391/2478/563 400/2481/563 399/2479/563
s 531
f 400/2481/71 397/2489/71 398/2482/71
s 532
f 392/2480/564 399/2479/564 398/2483/564
s 533
f 325/2485/565 397/2488/565 400/2486/565
s 534
f 326/2484/566 398/2483/566 397/2488/566
s 535
f 513/2490/143 509/2491/143 505/2492/143
s 536
f 1056/2493/567 1066/2494/568 1055/2495/568
s 402
f 1054/2496/87 1058/2497/87 1057/2498/87
f 1051/2499/87 1059/2500/87 1058/2501/87
f 1054/2502/87 1060/2503/87 1055/2495/87
f 1053/2504/87 1059/2500/87 1052/2505/87
f 1056/2493/87 1060/2503/87 1062/2506/87
f 1056/2507/87 1061/2508/87 1053/2509/87
s 537
f 1066/2494/87 1067/2510/87 1065/2511/87
s 536
f 1055/2495/568 1063/2512/569 1054/2502/569
s 538
f 1054/2496/570 1064/2513/570 1051/2514/570
s 539
f 1053/2509/143 1068/2515/143 1056/2507/143
s 540
f 1052/2505/571 1067/2510/572 1053/2504/572
f 1051/2499/573 1065/2511/571 1052/2505/571
s 541
f 1139/2516/133 1121/2517/133 1138/2518/133
s 542
f 1131/2519/71 1133/2520/71 1130/2521/71
s 543
f 1135/2522/138 1137/2523/138 1134/2524/138
s 544
f 1127/2525/139 1129/2526/139 1126/2527/139
s 545
f 1123/2528/136 1125/2529/136 1122/2530/136
s 546
f 1124/2531/76 1122/2530/76 1121/2517/76
s 547
f 1126/2527/134 1128/2532/134 1127/2525/134
s 548
f 1130/2521/137 1132/2533/137 1131/2519/137
s 549
f 1134/2534/140 1136/2535/140 1135/2536/140
s 550
f 1138/2518/135 1140/2537/135 1139/2516/135
s 536
f 1056/2493/567 1068/2515/567 1066/2494/568
s 402
f 1054/2496/87 1051/2514/87 1058/2497/87
f 1051/2499/87 1052/2505/87 1059/2500/87
f 1054/2502/87 1057/2538/87 1060/2503/87
f 1053/2504/87 1061/2539/87 1059/2500/87
f 1056/2493/87 1055/2495/87 1060/2503/87
f 1056/2507/87 1062/2540/87 1061/2508/87
s 537
f 1065/2511/87 1064/2513/87 1066/2494/87
f 1064/2513/87 1063/2512/87 1066/2494/87
f 1066/2494/87 1068/2515/87 1067/2510/87
s 536
f 1055/2495/568 1066/2494/568 1063/2512/569
s 538
f 1054/2496/570 1063/2512/570 1064/2513/570
s 539
f 1053/2509/143 1067/2510/143 1068/2515/143
s 540
f 1052/2505/571 1065/2511/571 1067/2510/572
f 1051/2499/573 1064/2513/573 1065/2511/571
s 541
f 1139/2516/133 1124/2531/133 1121/2517/133
s 542
f 1131/2519/71 1136/2535/71 1133/2520/71
s 543
f 1135/2522/138 1140/2537/138 1137/2523/138
s 544
f 1127/2525/139 1132/2533/139 1129/2526/139
s 545
f 1123/2528/136 1128/2532/136 1125/2529/136
s 546
f 1124/2531/76 1123/2528/76 1122/2530/76
s 547
f 1126/2527/134 1125/2529/134 1128/2532/134
s 548
f 1130/2521/137 1129/2526/137 1132/2533/137
s 549
f 1134/2534/140 1133/2520/140 1136/2535/140
s 550
f 1138/2518/135 1137/2523/135 1140/2537/135
s 551
f 1148/2541/574 1146/2542/575 1147/2543/576
s 552
f 1152/2544/71 1145/2545/71 1148/2541/71
s 553
f 1158/2546/577 1165/2547/578 1157/2548/577
s 554
f 1149/2549/87 1148/2541/87 1147/2550/87
f 1143/2551/87 1149/2549/87 1142/2552/87
s 555
f 1144/2553/40 1150/2554/40 1151/2555/40
s 552
f 1143/2551/71 1151/2555/71 1152/2544/71
s 551
f 1160/2556/579 1156/2557/580 1159/2558/581
s 556
f 1153/2559/582 1166/2560/143 1161/2561/583
s 552
f 1151/2555/71 1155/2562/71 1145/2545/71
s 551
f 1145/2545/584 1156/2563/580 1146/2542/575
s 556
f 1150/2564/585 1154/2565/585 1151/2555/585
s 551
f 1155/2562/586 1159/2558/581 1156/2566/580
s 556
f 1153/2567/582 1165/2547/143 1166/2560/143
s 557
f 1161/2561/587 1163/2568/588 1160/2556/587
s 558
f 1141/2569/589 1143/2551/590 1142/2552/591
s 551
f 1158/2546/74 1156/2570/580 1164/2571/74
s 556
f 1157/2548/143 1165/2547/143 1153/2572/582
s 559
f 1159/2558/592 1161/2561/592 1160/2556/592
s 557
f 1166/2560/588 1164/2571/593 1163/2568/588
s 560
f 1159/2558/594 1154/2565/594 1162/2573/594
s 556
f 1161/2561/583 1162/2573/595 1153/2574/582
f 1154/2565/585 1153/2575/582 1162/2573/595
s 551
f 1164/2571/74 1156/2576/580 1163/2568/74
f 1160/2556/579 1163/2568/74 1156/2577/580
s 561
f 1268/2578/87 1265/2579/87 1264/2580/87
s 562
f 1275/2581/74 1269/2582/74 1268/2578/74
s 563
f 1262/2583/40 1273/2584/40 1274/2585/40
s 564
f 1264/2586/71 1274/2585/71 1275/2581/71
s 565
f 1272/2587/76 1263/2588/76 1269/2582/76
s 566
f 1278/2589/76 1271/2590/76 1266/2591/76
s 562
f 1273/2584/74 1270/2592/74 1267/2593/74
f 1274/2585/74 1267/2593/74 1266/2594/74
f 1275/2581/74 1266/2594/74 1271/2595/74
f 1272/2587/74 1271/2595/74 1270/2592/74
s 567
f 1276/2596/71 1267/2597/71 1270/2598/71
s 568
f 1279/2599/40 1270/2600/40 1271/2601/40
s 569
f 1277/2602/87 1266/2603/87 1267/2604/87
s 151
f 1350/2605/40 1402/2606/40 1399/2607/40
s 147
f 1344/893/87 1398/2608/87 1395/2609/87
s 148
f 1347/896/74 1400/2610/74 1397/2611/74
s 570
f 1336/2612/14 1404/2613/14 1335/2614/14
s 571
f 1395/2609/12 1345/894/12 1344/893/12
s 572
f 1397/2611/7 1348/897/7 1347/896/7
s 573
f 1399/2615/14 1351/900/14 1350/899/14
s 574
f 1342/891/21 1401/2616/21 1402/2606/21
s 149
f 1341/890/143 1396/2617/143 1401/2616/143
s 575
f 1405/2618/76 1407/2619/76 1409/2620/76
s 576
f 1333/2621/87 1407/2619/87 1338/2622/87
s 577
f 1339/2623/40 1403/2624/40 1336/2625/40
s 578
f 1334/2626/7 1410/2627/7 1333/2628/7
s 579
f 1340/2629/21 1406/2630/21 1339/2631/21
s 580
f 1337/2632/143 1405/2618/143 1340/2633/143
s 581
f 1335/2634/74 1409/2620/74 1334/2635/74
s 582
f 1338/2636/12 1408/2637/12 1337/2638/12
s 583
f 1418/958/234 1415/956/234 1416/917/234
s 584
f 1611/2639/596 1594/2640/597 1595/2641/596
f 1612/2642/598 1595/2641/596 1596/2643/598
f 1613/2644/599 1596/2643/598 1597/2645/599
f 1614/2646/600 1597/2645/599 1598/2647/600
f 1616/2648/601 1585/2649/602 1601/2650/602
f 1614/2646/600 1599/2651/603 1615/2652/603
f 1601/2650/602 1586/2653/604 1602/2654/604
f 1616/2648/601 1599/2651/603 1600/2655/601
s 585
f 1585/2656/291 1584/2657/87 1569/2658/291
f 1586/2659/289 1569/2658/291 1570/2660/289
f 1571/2661/288 1586/2659/289 1570/2660/289
f 1572/2662/287 1587/2663/288 1571/2661/288
f 1573/2664/286 1588/2665/287 1572/2662/287
f 1590/2666/285 1573/2664/286 1574/2667/285
f 1575/2668/284 1590/2666/285 1574/2667/285
f 1576/2669/40 1591/2670/284 1575/2668/284
f 1577/2671/283 1592/2672/40 1576/2669/40
f 1578/2673/282 1593/2674/283 1577/2675/283
f 1595/2676/605 1578/2673/282 1579/2677/281
f 1580/2678/280 1595/2676/605 1579/2677/281
f 1581/2679/606 1596/2680/280 1580/2678/280
f 1598/2681/278 1581/2679/606 1582/2682/278
f 1599/2683/277 1582/2682/278 1583/2684/277
f 1600/2685/87 1583/2684/277 1584/2657/87
s 584
f 1602/2654/604 1587/2686/607 1603/2687/607
f 1604/2688/608 1587/2686/607 1588/2689/608
f 1604/2688/608 1589/2690/609 1605/2691/609
f 1606/2692/610 1589/2690/609 1590/2693/610
f 1607/2694/611 1590/2693/610 1591/2695/611
f 1608/2696/612 1591/2695/611 1592/2697/612
f 1609/2698/613 1592/2697/612 1593/2699/613
f 1610/2700/597 1593/2699/613 1594/2640/597
s 586
f 1637/2701/614 1663/2702/614 1664/2703/614
s 587
f 1623/2704/615 1660/2705/615 1625/2706/615
s 588
f 1648/2707/615 1655/2708/615 1647/2709/615
s 589
f 1642/2710/616 1649/2711/616 1641/2712/616
s 590
f 1658/2713/617 1649/2714/617 1650/2715/617
s 591
f 1659/2716/617 1652/2717/617 1660/2718/617
s 592
f 1662/2719/617 1653/2720/617 1654/2721/617
s 593
f 1663/2702/617 1656/2722/617 1664/2723/361
s 594
f 1643/2724/87 1659/2716/87 1623/2704/87
s 595
f 1635/2725/40 1655/2726/40 1663/2702/40
s 596
f 1644/2727/618 1660/2705/618 1652/2728/618
s 597
f 1645/2729/619 1654/2730/619 1653/2731/619
s 598
f 1637/2701/620 1656/2732/620 1648/2707/620
s 599
f 1619/2733/619 1657/2734/619 1658/2735/619
s 600
f 1629/2736/616 1662/2737/616 1631/2738/616
s 601
f 1642/2710/621 1658/2735/622 1650/2739/622
s 602
f 1645/2740/280 1661/2741/280 1629/2736/280
s 603
f 1643/2742/614 1652/2728/614 1651/2743/614
s 604
f 1641/2744/287 1657/2734/287 1617/2745/287
s 605
f 1631/2738/623 1654/2730/623 1646/2746/623
s 584
f 1611/2639/596 1610/2700/597 1594/2640/597
f 1612/2642/598 1611/2639/596 1595/2641/596
f 1613/2644/599 1612/2642/598 1596/2643/598
f 1614/2646/600 1613/2644/599 1597/2645/599
f 1616/2648/601 1600/2655/601 1585/2649/602
f 1614/2646/600 1598/2647/600 1599/2651/603
f 1601/2650/602 1585/2649/602 1586/2653/604
f 1616/2648/601 1615/2652/603 1599/2651/603
s 585
f 1585/2656/291 1600/2685/87 1584/2657/87
f 1586/2659/289 1585/2656/291 1569/2658/291
f 1571/2661/288 1587/2663/288 1586/2659/289
f 1572/2662/287 1588/2665/287 1587/2663/288
f 1573/2664/286 1589/2747/624 1588/2665/287
f 1590/2666/285 1589/2747/624 1573/2664/286
f 1575/2668/284 1591/2670/284 1590/2666/285
f 1576/2669/40 1592/2672/40 1591/2670/284
f 1577/2671/283 1593/2748/283 1592/2672/40
f 1578/2673/282 1594/2749/282 1593/2674/283
f 1595/2676/605 1594/2749/282 1578/2673/282
f 1580/2678/280 1596/2680/280 1595/2676/605
f 1581/2679/606 1597/2750/606 1596/2680/280
f 1598/2681/278 1597/2750/606 1581/2679/606
f 1599/2683/277 1598/2681/278 1582/2682/278
f 1600/2685/87 1599/2683/277 1583/2684/277
s 584
f 1602/2654/604 1586/2653/604 1587/2686/607
f 1604/2688/608 1603/2687/607 1587/2686/607
f 1604/2688/608 1588/2689/608 1589/2690/609
f 1606/2692/610 1605/2691/609 1589/2690/609
f 1607/2694/611 1606/2692/610 1590/2693/610
f 1608/2696/612 1607/2694/611 1591/2695/611
f 1609/2698/613 1608/2696/612 1592/2697/612
f 1610/2700/597 1609/2698/613 1593/2699/613
s 586
f 1637/2701/614 1635/2725/614 1663/2702/614
s 606
f 1623/2704/615 1659/2716/615 1660/2705/615
s 607
f 1648/2707/615 1656/2732/615 1655/2708/615
s 608
f 1642/2710/616 1650/2739/616 1649/2711/616
s 590
f 1658/2713/617 1657/2734/617 1649/2714/617
s 591
f 1659/2716/617 1651/2751/617 1652/2717/617
s 592
f 1662/2719/617 1661/2741/617 1653/2720/617
s 593
f 1663/2702/617 1655/2726/617 1656/2722/617
s 609
f 1643/2724/87 1651/2751/87 1659/2716/87
s 595
f 1635/2725/40 1647/2752/40 1655/2726/40
s 596
f 1644/2727/618 1625/2706/618 1660/2705/618
s 597
f 1645/2729/619 1646/2746/619 1654/2730/619
s 610
f 1637/2701/620 1664/2703/620 1656/2732/620
s 599
f 1619/2733/619 1617/2745/619 1657/2734/619
s 611
f 1629/2736/616 1661/2741/616 1662/2737/616
s 601
f 1642/2710/621 1619/2733/621 1658/2735/622
s 612
f 1645/2740/280 1653/2720/280 1661/2741/280
s 603
f 1643/2742/614 1644/2727/614 1652/2728/614
s 613
f 1641/2744/287 1649/2714/287 1657/2734/287
s 614
f 1631/2738/623 1662/2737/623 1654/2730/623
s 507
f 156/2321/21 173/2753/548 177/2322/497
f 162/2324/7 167/2754/544 180/2325/498
f 164/2327/9 182/2458/554 168/2328/499
f 166/2330/11 176/2456/550 183/2331/500
s 508
f 97/2335/503 169/2340/625 168/2333/501
f 168/2333/501 182/2455/626 184/2334/502
f 184/2334/502 106/2755/627 97/2335/503
s 509
f 100/2338/506 172/2349/628 171/2336/504
f 171/2336/504 179/2454/629 181/2337/505
f 181/2337/505 104/2341/630 100/2338/506
s 510
f 104/2341/509 181/2337/631 180/2339/507
f 180/2339/507 167/2450/632 169/2340/508
f 169/2340/508 97/2335/633 104/2341/509
s 511
f 106/2344/512 184/2334/634 183/2342/510
f 183/2342/510 176/2453/510 178/2343/511
f 178/2343/511 105/2347/635 106/2344/512
s 512
f 105/2347/515 178/2343/636 177/2345/513
f 177/2345/513 173/2452/513 175/2346/514
f 175/2346/514 102/2350/637 105/2347/515
s 513
f 102/2350/518 175/2346/638 174/2348/516
f 174/2348/516 170/2451/639 172/2349/517
f 172/2349/517 100/2338/640 102/2350/518
s 514
f 10/2351/519 13/2388/520 31/2352/520
f 11/2354/521 26/2369/521 27/2355/522
f 9/2360/525 15/2364/526 25/2361/526
f 17/2363/527 24/2378/527 25/2361/526
f 11/2354/521 14/2384/530 30/2368/530
f 12/2373/532 16/2356/522 27/2355/522
f 12/2373/532 28/2374/532 29/2375/533
f 17/2363/527 18/2376/533 29/2375/533
f 10/2351/519 21/2353/519 30/2368/530
f 9/2387/525 19/2362/525 31/2352/520
s 516
f 35/2390/40 32/2393/41 26/2391/41
s 517
f 32/2393/46 37/2398/45 27/2394/45
s 518
f 28/2395/51 33/2756/51 38/2396/57
s 517
f 37/2398/45 33/2756/54 28/2395/54
s 519
f 25/2399/26 24/2402/25 23/2400/25
s 518
f 29/2397/57 38/2396/57 23/2400/58
s 520
f 20/2403/48 34/2407/52 31/2404/52
s 519
f 36/2401/26 20/2757/47 19/2406/47
s 520
f 34/2407/52 22/2409/53 21/2408/53
s 516
f 22/2409/42 35/2390/40 30/2392/40
s 521
f 194/2410/65 203/2462/65 206/2411/66
s 522
f 208/2415/40 205/2758/40 206/2759/40
f 206/2759/40 203/2760/40 204/2413/40
f 204/2413/40 201/2761/40 202/2762/40
f 202/2762/40 187/2763/40 188/2414/40
f 188/2414/40 185/2764/40 186/2765/40
f 186/2765/40 207/2766/40 208/2415/40
f 208/2415/40 206/2759/40 204/2413/40
f 204/2413/40 202/2762/40 188/2414/40
f 188/2414/40 186/2765/40 208/2415/40
s 521
f 196/2416/59 201/2767/59 204/2417/60
f 198/2419/61 187/2464/61 202/2420/62
f 190/2422/67 207/2768/67 186/2423/68
s 507
f 160/2425/13 179/2769/552 171/2426/538
s 523
f 102/2428/539 103/2440/539 95/2429/539
s 524
f 103/2433/71 101/2770/71 99/2431/71
f 99/2431/71 98/2771/71 96/2432/71
f 96/2432/71 95/2772/71 103/2433/71
s 525
f 104/2434/540 99/2441/540 101/2435/540
s 526
f 106/2437/87 96/2773/87 98/2438/87
s 527
f 100/2436/40 101/2435/40 103/2440/40
s 528
f 97/2439/541 98/2438/541 99/2441/541
s 529
f 106/2442/542 105/2430/542 95/2429/542
s 507
f 158/2444/23 170/2774/546 174/2445/543
s 521
f 192/2447/69 205/2775/69 208/2448/70
s 507
f 166/2330/11 165/2323/22 177/2322/497
f 164/2327/9 163/2776/12 183/2457/500
f 168/2328/499 167/2754/544 162/2324/7
f 171/2426/538 170/2774/546 158/2444/23
f 174/2445/543 173/2753/548 156/2321/21
f 180/2325/498 179/2769/552 160/2425/13
s 521
f 202/2420/62 201/2767/59 196/2416/59
f 206/2411/66 205/2775/69 192/2447/69
f 208/2448/70 207/2777/67 190/2459/67
f 200/2460/63 199/2424/68 186/2423/68
f 193/2418/60 204/2417/60 203/2462/65
f 198/2419/61 197/2465/64 188/2463/64
f 197/2465/64 200/2460/63 185/2461/63
s 535
f 505/2492/143 503/2778/143 504/2779/143
f 504/2779/143 514/2780/143 513/2490/143
f 513/2490/143 512/2781/143 511/2782/143
f 511/2782/143 510/2783/143 509/2491/143
f 509/2491/143 508/2784/143 507/2785/143
f 507/2785/143 506/2786/143 505/2492/143
f 505/2492/143 504/2779/143 513/2490/143
f 513/2490/143 511/2782/143 509/2491/143
f 509/2491/143 507/2785/143 505/2492/143
s 551
f 1148/2541/574 1145/2545/584 1146/2542/575
s 552
f 1152/2544/71 1151/2555/71 1145/2545/71
s 557
f 1158/2546/577 1164/2571/593 1165/2547/593
s 554
f 1149/2549/87 1152/2544/87 1148/2541/87
f 1143/2551/87 1152/2544/87 1149/2549/87
s 615
f 1144/2553/40 1141/2569/40 1150/2554/40
s 552
f 1143/2551/71 1144/2553/71 1151/2555/71
f 1151/2555/71 1154/2565/71 1155/2562/71
s 551
f 1145/2545/584 1155/2562/586 1156/2563/580
s 556
f 1150/2564/585 1153/2787/582 1154/2565/585
s 557
f 1161/2561/587 1166/2560/588 1163/2568/588
s 616
f 1141/2569/589 1144/2553/641 1143/2551/590
s 559
f 1159/2558/592 1162/2573/592 1161/2561/592
s 557
f 1166/2560/588 1165/2547/593 1164/2571/593
s 560
f 1159/2558/594 1155/2562/594 1154/2565/594
s 561
f 1268/2578/87 1269/2582/87 1265/2579/87
s 562
f 1275/2581/74 1272/2587/74 1269/2582/74
s 563
f 1262/2583/40 1263/2788/40 1273/2584/40
s 564
f 1275/2581/71 1268/2578/71 1264/2586/71
f 1264/2586/71 1262/2789/71 1274/2585/71
s 565
f 1272/2587/76 1273/2584/76 1263/2588/76
f 1263/2588/76 1265/2790/76 1269/2582/76
s 566
f 1278/2589/76 1279/2599/76 1271/2590/76
s 562
f 1273/2584/74 1272/2587/74 1270/2592/74
f 1274/2585/74 1273/2584/74 1267/2593/74
f 1275/2581/74 1274/2585/74 1266/2594/74
f 1272/2587/74 1275/2581/74 1271/2595/74
s 567
f 1276/2596/71 1277/2602/71 1267/2597/71
s 568
f 1279/2599/40 1276/2596/40 1270/2600/40
s 569
f 1277/2602/87 1278/2589/87 1266/2603/87
s 151
f 1350/2605/40 1342/891/40 1402/2606/40
s 147
f 1344/893/87 1348/897/87 1398/2608/87
s 148
f 1347/896/74 1351/900/74 1400/2610/74
s 570
f 1336/2612/14 1403/2624/14 1404/2613/14
s 571
f 1395/2609/12 1396/2617/12 1345/894/12
s 572
f 1397/2611/7 1398/2608/7 1348/897/7
s 573
f 1399/2615/14 1400/2610/14 1351/900/14
s 574
f 1342/891/21 1341/890/21 1401/2616/21
s 149
f 1341/890/143 1345/894/143 1396/2617/143
s 575
f 1409/2620/76 1404/2613/76 1403/2624/76
f 1403/2624/76 1406/2630/76 1405/2618/76
f 1405/2618/76 1408/2637/76 1407/2619/76
f 1407/2619/76 1410/2627/76 1409/2620/76
f 1409/2620/76 1403/2624/76 1405/2618/76
s 576
f 1333/2621/87 1410/2627/87 1407/2619/87
s 577
f 1339/2623/40 1406/2630/40 1403/2624/40
s 578
f 1334/2626/7 1409/2620/7 1410/2627/7
s 579
f 1340/2629/21 1405/2618/21 1406/2630/21
s 580
f 1337/2632/143 1408/2637/143 1405/2618/143
s 581
f 1335/2634/74 1404/2613/74 1409/2620/74
s 582
f 1338/2636/12 1407/2619/12 1408/2637/12
s 583
f 1418/958/234 1417/957/234 1415/956/234
s 617
g RoverCuerpo_SpacialRoverExploreralumOrange
usemtl SpacialRoverExploreralumOrange
f 486/2791/87 518/2792/87 485/2793/87
s 618
f 489/2794/642 529/2795/642 524/2796/642
s 619
f 522/2797/40 484/2798/40 483/2799/40
s 620
f 518/2792/71 519/2800/71 483/2801/71
s 621
f 486/2802/76 521/2803/76 520/2804/76
s 622
f 516/2805/143 525/2806/143 515/2807/143
f 489/2808/143 517/2809/143 490/2810/143
f 524/2811/143 519/2800/143 518/2792/143
f 526/2812/143 520/2804/143 521/2803/143
f 488/2813/143 522/2797/143 487/2814/143
f 525/2806/143 522/2797/143 519/2800/143
f 523/2815/143 517/2809/143 520/2804/143
s 623
f 527/2816/143 529/2795/143 528/2817/143
s 622
f 523/2815/143 515/2807/143 524/2811/143
s 624
f 523/2818/643 527/2816/643 490/2819/643
s 625
f 530/2820/143 532/2821/143 534/2822/143
s 626
f 525/2823/644 530/2820/644 534/2822/644
s 627
f 525/2824/642 532/2821/642 487/2825/642
s 628
f 488/2826/643 530/2820/643 526/2827/643
s 629
f 489/2828/644 527/2816/644 528/2817/644
s 630
f 524/2829/645 533/2830/645 523/2831/645
s 631
f 487/2832/645 531/2833/645 488/2834/645
s 632
f 622/2835/172 623/2836/172 621/2837/172
s 633
f 624/2838/74 625/2839/74 623/2836/74
s 634
f 626/2840/173 627/2841/173 625/2839/173
s 635
f 628/2842/175 629/2843/175 627/2841/175
s 636
f 622/2844/40 630/2845/40 626/2846/40
s 637
f 630/2847/143 631/2848/143 629/2843/143
s 638
f 632/2849/174 621/2837/174 631/2850/174
s 632
f 622/2835/172 624/2838/172 623/2836/172
s 633
f 624/2838/74 626/2840/74 625/2839/74
s 634
f 626/2840/173 628/2842/173 627/2841/173
s 635
f 628/2842/175 630/2847/175 629/2843/175
s 636
f 626/2846/40 624/2851/40 622/2844/40
f 622/2844/40 632/2852/40 630/2845/40
f 630/2845/40 628/2853/40 626/2846/40
s 637
f 630/2847/143 632/2854/143 631/2848/143
s 638
f 632/2849/174 622/2835/174 621/2837/174
s 159
f 1377/2855/87 1392/2856/87 1379/2857/87
s 163
f 1384/2858/40 1390/2859/40 1373/2860/40
s 157
f 1374/2861/74 1388/2862/74 1376/2863/74
s 639
f 1392/2864/76 1388/2862/76 1390/2865/76
s 640
f 1380/2866/143 1394/2867/143 1383/2868/143
s 641
f 1373/2860/646 1374/2861/646 1375/2869/646
s 642
f 1376/2870/647 1377/2855/647 1378/2871/647
s 643
f 1380/2866/648 1382/2872/648 1379/2857/243
s 644
f 1383/2868/90 1385/2873/90 1386/2874/649
s 645
f 1394/2867/21 1384/2858/21 1383/2868/21
s 646
f 1374/2861/14 1390/2859/14 1389/2875/14
s 647
f 1388/2876/7 1377/2855/7 1376/2870/7
s 648
f 1380/2866/12 1392/2856/12 1391/2877/12
s 649
f 1432/2878/650 1422/2879/650 1419/2880/650
s 650
f 1429/2881/651 1431/2882/652 1428/2883/652
s 651
f 1425/2884/653 1427/2885/653 1424/2886/653
s 652
f 1422/2887/64 1434/2888/64 1430/2889/64
s 653
f 1421/2890/654 1423/2891/654 1420/2892/654
s 654
f 1422/2879/655 1420/2893/655 1419/2880/655
s 655
f 1425/2884/656 1423/2891/656 1426/2894/656
s 656
f 1428/2883/657 1430/2895/657 1429/2881/657
s 657
f 1432/2878/658 1434/2896/658 1433/2897/658
s 658
f 1567/2898/187 1537/2899/188 1566/2900/187
f 1547/2901/181 1549/2902/182 1546/2903/181
f 1551/2904/177 1553/2905/178 1550/2906/177
f 1555/2907/185 1557/2908/186 1554/2909/185
f 1559/2910/189 1561/2911/190 1558/2912/189
f 1563/2913/183 1565/2914/184 1562/2915/183
f 1543/2916/179 1545/2917/180 1542/2918/179
s 659
f 1564/2919/71 1556/2920/71 1548/2921/71
s 658
f 1539/2922/191 1541/2923/192 1538/2924/191
f 1540/2925/188 1538/2924/191 1537/2926/188
f 1542/2918/179 1544/2927/192 1543/2916/179
f 1546/2903/181 1548/2928/180 1547/2901/181
f 1550/2906/177 1552/2929/182 1551/2904/177
f 1554/2909/185 1556/2930/178 1555/2907/185
f 1558/2912/189 1560/2931/186 1559/2910/189
f 1562/2915/183 1564/2932/190 1563/2913/183
f 1566/2900/187 1568/2933/184 1567/2898/187
s 660
f 486/2791/87 517/2809/87 518/2792/87
s 618
f 489/2794/642 528/2817/642 529/2795/642
s 619
f 522/2797/40 521/2803/40 484/2798/40
s 620
f 483/2801/71 485/2934/71 518/2792/71
f 519/2800/71 522/2797/71 483/2801/71
s 621
f 520/2804/76 517/2809/76 486/2802/76
f 486/2802/76 484/2935/76 521/2803/76
s 622
f 516/2805/143 526/2812/143 525/2806/143
f 489/2808/143 518/2792/143 517/2809/143
f 518/2792/143 489/2808/143 524/2811/143
f 524/2811/143 515/2807/143 519/2800/143
f 521/2803/143 488/2813/143 526/2812/143
f 526/2812/143 516/2805/143 520/2804/143
f 488/2813/143 521/2803/143 522/2797/143
f 519/2800/143 515/2807/143 525/2806/143
f 525/2806/143 487/2814/143 522/2797/143
f 520/2804/143 516/2805/143 523/2815/143
f 523/2815/143 490/2810/143 517/2809/143
s 623
f 527/2816/143 533/2830/143 529/2795/143
s 622
f 523/2815/143 516/2805/143 515/2807/143
s 624
f 523/2818/643 533/2830/643 527/2816/643
s 625
f 530/2820/143 531/2833/143 532/2821/143
s 626
f 525/2823/644 526/2936/644 530/2820/644
s 627
f 525/2824/642 534/2822/642 532/2821/642
s 628
f 488/2826/643 531/2833/643 530/2820/643
s 629
f 489/2828/644 490/2937/644 527/2816/644
s 630
f 524/2829/645 529/2795/645 533/2830/645
s 631
f 487/2832/645 532/2821/645 531/2833/645
s 159
f 1377/2855/87 1387/2938/87 1392/2856/87
s 163
f 1384/2858/40 1393/2939/40 1390/2859/40
s 157
f 1374/2861/74 1389/2875/74 1388/2862/74
s 639
f 1390/2865/76 1393/2940/76 1394/2941/76
f 1394/2941/76 1391/2942/76 1392/2864/76
f 1392/2864/76 1387/2943/76 1388/2862/76
f 1388/2862/76 1389/2875/76 1390/2865/76
f 1390/2865/76 1394/2941/76 1392/2864/76
s 640
f 1380/2866/143 1391/2877/143 1394/2867/143
s 661
f 1380/2866/659 1381/2944/660 1382/2872/659
s 644
f 1383/2868/90 1384/2858/661 1385/2873/90
s 645
f 1394/2867/21 1393/2939/21 1384/2858/21
s 646
f 1374/2861/14 1373/2860/14 1390/2859/14
s 647
f 1388/2876/7 1387/2938/7 1377/2855/7
s 648
f 1380/2866/12 1379/2857/12 1392/2856/12
s 649
f 1432/2878/650 1433/2897/650 1422/2879/650
s 650
f 1429/2881/651 1434/2896/651 1431/2882/652
s 651
f 1425/2884/653 1430/2895/653 1427/2885/653
s 652
f 1430/2889/64 1425/2945/64 1426/2946/64
f 1426/2946/64 1421/2947/64 1422/2887/64
f 1422/2887/64 1433/2948/64 1434/2888/64
f 1434/2888/64 1429/2949/64 1430/2889/64
f 1430/2889/64 1426/2946/64 1422/2887/64
s 653
f 1421/2890/654 1426/2894/654 1423/2891/654
s 654
f 1422/2879/655 1421/2950/655 1420/2893/655
s 655
f 1425/2884/656 1424/2886/656 1423/2891/656
s 656
f 1428/2883/657 1427/2885/657 1430/2895/657
s 657
f 1432/2878/658 1431/2882/658 1434/2896/658
s 658
f 1567/2898/187 1540/2951/188 1537/2899/188
f 1547/2901/181 1552/2929/182 1549/2902/182
f 1551/2904/177 1556/2930/178 1553/2905/178
f 1555/2907/185 1560/2931/186 1557/2908/186
f 1559/2910/189 1564/2932/190 1561/2911/190
f 1563/2913/183 1568/2933/184 1565/2914/184
f 1543/2916/179 1548/2928/180 1545/2917/180
s 659
f 1548/2921/71 1543/2952/71 1544/2953/71
f 1544/2953/71 1539/2954/71 1540/2955/71
f 1540/2955/71 1567/2956/71 1568/2957/71
f 1568/2957/71 1563/2958/71 1564/2919/71
f 1564/2919/71 1559/2959/71 1560/2960/71
f 1560/2960/71 1555/2961/71 1556/2920/71
f 1556/2920/71 1551/2962/71 1552/2963/71
f 1552/2963/71 1547/2964/71 1548/2921/71
f 1548/2921/71 1544/2953/71 1540/2955/71
f 1540/2955/71 1568/2957/71 1564/2919/71
f 1564/2919/71 1560/2960/71 1556/2920/71
f 1556/2920/71 1552/2963/71 1548/2921/71
f 1548/2921/71 1540/2955/71 1564/2919/71
s 658
f 1539/2922/191 1544/2927/192 1541/2923/192
f 1540/2925/188 1539/2922/191 1538/2924/191
f 1542/2918/179 1541/2923/192 1544/2927/192
f 1546/2903/181 1545/2917/180 1548/2928/180
f 1550/2906/177 1549/2902/182 1552/2929/182
f 1554/2909/185 1553/2905/178 1556/2930/178
f 1558/2912/189 1557/2908/186 1560/2931/186
f 1562/2915/183 1561/2911/190 1564/2932/190
f 1566/2900/187 1565/2914/184 1568/2933/184
s 662
g RoverCuerpo_SpacialRoverExploreralumGrayDeep
usemtl SpacialRoverExploreralumGrayDeep
f 657/2965/71 681/2966/71 670/2967/71
s 663
f 682/2968/74 671/2969/74 670/2970/74
s 664
f 662/2971/40 652/2972/40 647/2973/40
s 665
f 658/2974/143 653/2975/143 657/2976/143
s 666
f 658/2974/87 650/2977/87 646/2978/87
s 667
f 668/2979/74 664/2980/74 647/2981/74
s 668
f 674/2982/87 648/2983/87 649/2984/87
s 669
f 673/2985/71 661/2986/71 666/2987/71
s 670
f 678/2988/143 674/2982/143 652/2989/143
s 671
f 666/2987/662 675/2990/662 673/2985/662
s 672
f 675/2990/91 667/2991/91 676/2992/91
s 673
f 676/2992/663 665/2993/663 674/2982/663
s 674
f 654/2994/664 683/2995/664 681/2966/664
s 675
f 656/2996/84 684/2997/84 683/2995/84
s 676
f 655/2998/665 682/2999/665 684/2997/665
s 677
f 670/2967/662 659/3000/662 657/2965/662
s 678
f 672/3001/91 660/3002/91 659/3000/91
s 679
f 671/3003/663 658/2974/663 660/3002/663
s 680
f 678/3004/664 663/3005/664 661/2986/664
s 681
f 680/3006/84 664/3007/84 663/3005/84
s 682
f 679/3008/665 662/2971/665 664/3007/665
s 683
f 682/2999/40 645/3009/40 651/3010/40
s 684
f 686/3011/74 693/3012/74 685/3013/74
s 685
f 688/3014/40 694/3015/40 686/3011/40
s 686
f 687/3016/143 695/3017/143 688/3014/143
s 687
f 685/3013/87 696/3018/87 687/3016/87
s 688
f 685/3013/71 688/3014/71 686/3011/71
s 689
f 699/3019/40 690/3020/40 691/3021/40
s 690
f 693/3022/76 690/3023/76 689/3024/76
f 690/3023/76 695/3025/76 691/3026/76
f 695/3025/76 692/3027/76 691/3026/76
f 696/3028/76 689/3024/76 692/3027/76
s 691
f 698/3029/76 700/3030/76 697/3031/76
s 692
f 700/3032/143 691/3033/143 692/3034/143
s 693
f 698/3029/74 689/3035/74 690/3020/74
s 694
f 697/3031/87 692/3034/87 689/3035/87
s 665
f 646/2978/143 645/3036/143 653/2975/143
f 653/2975/143 655/3037/143 656/3038/143
f 656/3038/143 654/3039/143 653/2975/143
f 654/3039/143 657/2976/143 653/2975/143
f 657/2976/143 659/3040/143 660/3041/143
f 660/3041/143 658/2974/143 657/2976/143
f 658/2974/143 646/2978/143 653/2975/143
s 675
f 656/2996/84 655/2998/84 684/2997/84
s 676
f 655/2998/665 653/3042/665 682/2999/665
s 683
f 682/2999/40 653/3042/40 645/3009/40
s 685
f 688/3014/40 695/3025/40 694/3015/40
s 686
f 687/3016/143 696/3043/143 695/3017/143
s 688
f 685/3013/71 687/3016/71 688/3014/71
s 695
f 731/3044/187 701/3045/188 716/3046/187
f 721/3047/181 707/3048/182 706/3049/181
f 723/3050/177 709/3051/178 708/3052/177
f 725/3053/185 711/3054/186 710/3055/185
f 727/3056/189 713/3057/190 712/3058/189
f 729/3059/183 715/3060/184 714/3061/183
f 717/3062/179 705/3063/180 704/3064/179
f 719/3065/191 703/3066/192 702/3067/191
s 696
f 732/3068/71 729/3069/71 778/3070/71
f 765/3071/71 731/3072/71 780/3073/71
f 766/3074/71 767/3075/71 718/3076/71
s 695
f 720/3077/188 702/3067/191 701/3045/188
f 704/3078/179 718/3079/192 717/3080/179
f 706/3049/181 722/3081/180 721/3047/181
f 708/3052/177 724/3082/182 723/3050/177
f 710/3055/185 726/3083/178 725/3053/185
f 712/3058/189 728/3084/186 727/3056/189
f 714/3061/183 730/3085/190 729/3059/183
f 716/3046/187 732/3086/184 731/3044/187
s 696
f 717/3087/71 768/3088/71 769/3089/71
f 718/3076/71 719/3090/71 766/3074/71
f 767/3075/71 768/3088/71 718/3076/71
f 728/3091/71 774/3092/71 775/3093/71
f 773/3094/71 774/3092/71 726/3095/71
f 731/3072/71 765/3071/71 720/3096/71
f 724/3097/71 721/3098/71 770/3099/71
f 727/3100/71 776/3101/71 777/3102/71
f 779/3103/71 780/3073/71 731/3072/71
f 722/3104/71 717/3087/71 769/3089/71
f 779/3103/71 732/3068/71 778/3070/71
f 730/3105/71 778/3070/71 729/3069/71
f 769/3089/71 721/3098/71 722/3104/71
f 770/3099/71 721/3098/71 769/3089/71
f 730/3105/71 777/3102/71 778/3070/71
f 771/3106/71 724/3097/71 770/3099/71
f 730/3105/71 727/3100/71 777/3102/71
f 728/3091/71 775/3093/71 776/3101/71
f 766/3074/71 719/3090/71 720/3096/71
f 772/3107/71 723/3108/71 771/3106/71
f 727/3100/71 728/3091/71 776/3101/71
f 768/3088/71 717/3087/71 718/3076/71
f 773/3094/71 723/3108/71 772/3107/71
f 732/3068/71 779/3103/71 731/3072/71
f 728/3091/71 725/3109/71 774/3092/71
f 774/3092/71 725/3109/71 726/3095/71
f 723/3108/71 724/3097/71 771/3106/71
f 723/3108/71 773/3094/71 726/3095/71
f 765/3071/71 766/3074/71 720/3096/71
s 697
f 1371/3110/87 1208/3111/87 1206/3112/87
s 698
f 1205/3113/143 1210/3114/143 1212/3115/143
s 699
f 1370/3116/40 1205/3117/40 1207/3118/40
s 700
f 1372/3119/666 1219/3120/666 1209/3121/666
s 701
f 1210/3122/80 1221/3123/71 1212/3124/71
f 1212/3124/71 1216/3125/82 1213/3126/82
f 1213/3126/82 1217/3127/84 1215/3128/84
f 1215/3128/84 1218/3129/667 1214/3130/667
f 1211/3131/91 1219/3120/668 1220/3132/91
f 1211/3131/91 1222/3133/80 1210/3122/80
s 702
f 1278/2589/74 1276/2596/74 1279/2599/74
s 703
f 1208/3134/74 1216/3135/74 1221/3136/74
s 704
f 1369/3137/669 1214/3130/669 1218/3129/669
s 184
f 1712/3138/313 1721/3139/670 1711/3140/314
s 705
f 1675/3141/308 1718/3142/308 1704/3143/308
s 706
f 1711/3140/309 1729/3144/309 1689/3145/309
s 184
f 1707/3146/312 1720/3147/325 1719/3148/325
s 707
f 1724/3149/66 1715/3150/66 1716/3151/66
s 708
f 1725/3152/66 1718/3153/66 1726/3154/66
s 709
f 1727/3155/66 1720/3147/66 1728/3156/66
s 710
f 1729/3157/66 1722/3158/66 1730/3159/66
s 711
f 1691/3160/294 1722/3161/294 1712/3162/294
s 712
f 1665/3163/325 1724/3164/325 1667/3165/325
s 713
f 1683/3166/328 1727/3167/328 1728/3168/328
s 714
f 1700/3169/300 1724/3164/300 1716/3170/300
s 715
f 1707/3146/297 1727/3167/297 1681/3171/297
s 716
f 1665/3163/310 1715/3150/310 1723/3172/310
s 717
f 1683/3166/311 1720/3173/311 1708/3174/311
s 718
f 1675/3141/670 1725/3175/670 1726/3176/670
s 184
f 1699/3177/317 1716/3151/328 1715/3150/328
s 719
f 1691/3160/324 1729/3144/324 1730/3178/324
s 184
f 1704/3179/318 1717/3180/324 1703/3181/298
s 720
f 1673/3182/293 1717/3180/293 1725/3175/293
s 721
f 1771/3183/328 1762/3184/328 1749/3185/328
s 722
f 1731/3186/64 1739/3187/64 1762/3188/64
s 723
f 1754/3189/66 1748/3190/66 1761/3191/66
s 724
f 1766/3192/671 1764/3193/671 1765/3194/671
s 184
f 1756/3195/307 1763/3196/670 1740/3197/307
s 725
f 1762/3184/672 1765/3194/672 1761/3198/672
s 726
f 1761/3191/64 1764/3199/64 1756/3200/64
s 727
f 1762/3188/66 1763/3201/66 1766/3202/66
s 662
f 657/2965/71 654/2994/71 681/2966/71
s 663
f 670/2970/74 681/3203/74 683/3204/74
f 683/3204/74 684/3205/74 682/2968/74
s 728
f 682/2968/74 651/3206/74 650/2977/74
s 663
f 650/2977/74 669/3207/74 671/2969/74
f 671/2969/74 672/3208/74 670/2970/74
f 670/2970/74 683/3204/74 682/2968/74
f 682/2968/74 650/2977/74 671/2969/74
s 664
f 662/2971/40 677/3209/40 652/2972/40
s 666
f 658/2974/87 669/3207/87 650/2977/87
s 667
f 647/2981/74 648/2983/74 665/2993/74
f 665/2993/74 667/3210/74 668/2979/74
f 668/2979/74 666/3211/74 661/3212/74
f 661/3212/74 663/3213/74 664/2980/74
f 664/2980/74 662/3214/74 647/2981/74
f 647/2981/74 665/2993/74 668/2979/74
f 668/2979/74 661/3212/74 664/2980/74
s 668
f 674/2982/87 665/2993/87 648/2983/87
s 669
f 673/2985/71 678/3004/71 661/2986/71
s 670
f 652/2989/143 677/3215/143 679/3216/143
f 679/3216/143 680/3217/143 678/2988/143
f 678/2988/143 673/3218/143 675/3219/143
f 675/3219/143 676/3220/143 674/2982/143
s 729
f 674/2982/143 649/2984/143 652/2989/143
s 670
f 652/2989/143 679/3216/143 678/2988/143
f 678/2988/143 675/3219/143 674/2982/143
s 671
f 666/2987/662 668/3221/662 675/2990/662
s 672
f 675/2990/91 668/3221/91 667/2991/91
s 673
f 676/2992/663 667/2991/663 665/2993/663
s 674
f 654/2994/664 656/2996/664 683/2995/664
s 677
f 670/2967/662 672/3001/662 659/3000/662
s 678
f 672/3001/91 671/3003/91 660/3002/91
s 679
f 671/3003/663 669/3207/663 658/2974/663
s 680
f 678/3004/664 680/3006/664 663/3005/664
s 681
f 680/3006/84 679/3008/84 664/3007/84
s 682
f 679/3008/665 677/3209/665 662/2971/665
s 684
f 686/3011/74 694/3222/74 693/3012/74
s 687
f 685/3013/87 693/3223/87 696/3018/87
s 689
f 699/3019/40 698/3029/40 690/3020/40
s 690
f 693/3022/76 694/3015/76 690/3023/76
f 690/3023/76 694/3015/76 695/3025/76
f 695/3025/76 696/3028/76 692/3027/76
f 696/3028/76 693/3022/76 689/3024/76
s 691
f 698/3029/76 699/3224/76 700/3030/76
s 692
f 700/3032/143 699/3225/143 691/3033/143
s 693
f 698/3029/74 697/3031/74 689/3035/74
s 694
f 697/3031/87 700/3032/87 692/3034/87
s 695
f 731/3044/187 720/3077/188 701/3045/188
f 721/3047/181 724/3082/182 707/3048/182
f 723/3050/177 726/3083/178 709/3051/178
f 725/3053/185 728/3084/186 711/3054/186
f 727/3056/189 730/3085/190 713/3057/190
f 729/3059/183 732/3086/184 715/3060/184
f 717/3062/179 722/3081/180 705/3063/180
f 719/3065/191 718/3079/192 703/3066/192
f 720/3077/188 719/3065/191 702/3067/191
f 704/3078/179 703/3066/192 718/3079/192
f 706/3049/181 705/3063/180 722/3081/180
f 708/3052/177 707/3048/182 724/3082/182
f 710/3055/185 709/3051/178 726/3083/178
f 712/3058/189 711/3054/186 728/3084/186
f 714/3061/183 713/3057/190 730/3085/190
f 716/3046/187 715/3060/184 732/3086/184
s 697
f 1371/3110/87 1369/3137/87 1208/3111/87
s 698
f 1215/3226/143 1214/3227/143 1371/3228/143
s 730
f 1371/3228/143 1206/3229/143 1205/3113/143
s 698
f 1205/3113/143 1372/3230/143 1209/3231/143
f 1205/3113/143 1209/3231/143 1211/3232/143
f 1213/3233/143 1215/3226/143 1371/3228/143
f 1213/3233/143 1371/3228/143 1205/3113/143
f 1205/3113/143 1211/3232/143 1210/3114/143
f 1212/3115/143 1213/3233/143 1205/3113/143
s 699
f 1370/3116/40 1372/3119/40 1205/3117/40
s 700
f 1372/3119/666 1370/3116/666 1219/3120/666
s 701
f 1210/3122/80 1222/3133/80 1221/3123/71
f 1212/3124/71 1221/3123/71 1216/3125/82
f 1213/3126/82 1216/3125/82 1217/3127/84
f 1215/3128/84 1217/3127/84 1218/3129/667
f 1211/3131/91 1209/3121/668 1219/3120/668
f 1211/3131/91 1220/3132/91 1222/3133/80
s 702
f 1278/2589/74 1277/2602/74 1276/2596/74
s 703
f 1220/3234/74 1219/3235/74 1370/3236/74
s 731
f 1370/3236/74 1207/3237/74 1208/3134/74
s 703
f 1208/3134/74 1369/3238/74 1218/3239/74
f 1208/3134/74 1218/3239/74 1217/3240/74
f 1222/3241/74 1220/3234/74 1370/3236/74
f 1222/3241/74 1370/3236/74 1208/3134/74
f 1208/3134/74 1217/3240/74 1216/3135/74
f 1221/3136/74 1222/3241/74 1208/3134/74
s 704
f 1369/3137/669 1371/3110/669 1214/3130/669
s 184
f 1712/3138/313 1722/3158/670 1721/3139/670
s 705
f 1675/3141/308 1726/3176/308 1718/3142/308
s 706
f 1711/3140/309 1721/3139/309 1729/3144/309
s 184
f 1707/3146/312 1708/3242/315 1720/3147/325
s 707
f 1724/3149/66 1723/3243/66 1715/3150/66
s 708
f 1725/3152/66 1717/3180/66 1718/3153/66
s 709
f 1727/3155/66 1719/3148/66 1720/3147/66
s 710
f 1729/3157/66 1721/3139/66 1722/3158/66
s 711
f 1691/3160/294 1730/3178/294 1722/3161/294
s 712
f 1665/3163/325 1723/3172/325 1724/3164/325
s 713
f 1683/3166/328 1681/3171/328 1727/3167/328
s 714
f 1700/3169/300 1667/3165/300 1724/3164/300
s 715
f 1707/3146/297 1719/3148/297 1727/3167/297
s 716
f 1665/3163/310 1699/3177/310 1715/3150/310
s 717
f 1683/3166/311 1728/3168/311 1720/3173/311
s 718
f 1675/3141/670 1673/3182/670 1725/3175/670
s 184
f 1699/3177/317 1700/3244/316 1716/3151/328
s 719
f 1691/3160/324 1689/3145/324 1729/3144/324
s 184
f 1704/3179/318 1718/3153/324 1717/3180/324
s 720
f 1673/3182/293 1703/3181/293 1717/3180/293
s 721
f 1771/3183/328 1733/3245/328 1762/3184/328
f 1762/3184/328 1761/3198/328 1749/3185/328
s 732
f 1749/3185/673 1773/3246/674 1771/3183/64
s 722
f 1733/3247/64 1732/3248/64 1731/3186/64
f 1731/3186/64 1697/3249/64 1698/3250/64
f 1698/3250/64 1738/3251/64 1739/3187/64
f 1739/3187/64 1740/3252/64 1762/3188/64
f 1762/3188/64 1733/3247/64 1731/3186/64
f 1731/3186/64 1698/3250/64 1739/3187/64
s 723
f 1756/3200/66 1755/3253/66 1754/3189/66
f 1754/3189/66 1745/3254/66 1746/3255/66
f 1746/3255/66 1747/3256/66 1748/3190/66
f 1748/3190/66 1749/3257/66 1761/3191/66
f 1761/3191/66 1756/3200/66 1754/3189/66
f 1754/3189/66 1746/3255/66 1748/3190/66
s 724
f 1766/3192/671 1763/3196/671 1764/3193/671
s 184
f 1756/3195/307 1764/3193/670 1763/3196/670
s 725
f 1762/3184/672 1766/3192/672 1765/3194/672
s 726
f 1761/3191/64 1765/3258/64 1764/3199/64
s 727
f 1762/3188/66 1740/3252/66 1763/3201/66
